{
"type": "FeatureCollection",
"crs": { "type": "name", "properties": { "name": "urn:ogc:def:crs:OGC:1.3:CRS84" } },
"features": [
{ "type": "Feature", "properties": { "value": 255.0 }, "geometry": { "type": "Polygon", "coordinates": [ [ [ -115.2727335, 36.2142926999 ], [ -115.2726228, 36.2142926999 ], [ -115.2726228, 36.214289999899997 ], [ -115.2726147, 36.214289999899997 ], [ -115.2726147, 36.214287299900001 ], [ -115.272612, 36.214287299900001 ], [ -115.272612, 36.214281899900001 ], [ -115.2726147, 36.214281899900001 ], [ -115.2726147, 36.214279199899998 ], [ -115.2726228, 36.214279199899998 ], [ -115.2726228, 36.214276499900002 ], [ -115.2726255, 36.214276499900002 ], [ -115.2726255, 36.214273799899999 ], [ -115.2726228, 36.214273799899999 ], [ -115.2726228, 36.214271099900003 ], [ -115.2726255, 36.214271099900003 ], [ -115.2726255, 36.214265699899997 ], [ -115.2726282, 36.214265699899997 ], [ -115.2726282, 36.214262999900001 ], [ -115.2726309, 36.214262999900001 ], [ -115.2726309, 36.214260299899998 ], [ -115.2726336, 36.214260299899998 ], [ -115.2726336, 36.214257599900002 ], [ -115.2726363, 36.214257599900002 ], [ -115.2726363, 36.214254899899998 ], [ -115.2726444, 36.214254899899998 ], [ -115.2726444, 36.214246799899996 ], [ -115.2726471, 36.214246799899996 ], [ -115.2726471, 36.2142440999 ], [ -115.2726498, 36.2142440999 ], [ -115.2726498, 36.214241399899997 ], [ -115.2726579, 36.214241399899997 ], [ -115.2726579, 36.214238699900001 ], [ -115.2726606, 36.214238699900001 ], [ -115.2726606, 36.214235999899998 ], [ -115.2726795, 36.214235999899998 ], [ -115.2726795, 36.214238699900001 ], [ -115.2726822, 36.214238699900001 ], [ -115.2726822, 36.214241399899997 ], [ -115.2726849, 36.214241399899997 ], [ -115.2726849, 36.2142440999 ], [ -115.2726876, 36.2142440999 ], [ -115.2726876, 36.214246799899996 ], [ -115.272693, 36.214246799899996 ], [ -115.272693, 36.214249499899999 ], [ -115.2726957, 36.214249499899999 ], [ -115.2726957, 36.214252199900002 ], [ -115.2727011, 36.214252199900002 ], [ -115.2727011, 36.214257599900002 ], [ -115.2727038, 36.214257599900002 ], [ -115.2727038, 36.214260299899998 ], [ -115.2727065, 36.214260299899998 ], [ -115.2727065, 36.214262999900001 ], [ -115.2727092, 36.214262999900001 ], [ -115.2727092, 36.214265699899997 ], [ -115.2727119, 36.214265699899997 ], [ -115.2727119, 36.2142683999 ], [ -115.2727146, 36.2142683999 ], [ -115.2727146, 36.214271099900003 ], [ -115.2727173, 36.214271099900003 ], [ -115.2727173, 36.214276499900002 ], [ -115.2727227, 36.214276499900002 ], [ -115.2727227, 36.214279199899998 ], [ -115.2727254, 36.214279199899998 ], [ -115.2727254, 36.214281899900001 ], [ -115.2727281, 36.214281899900001 ], [ -115.2727281, 36.214284599899997 ], [ -115.2727308, 36.214284599899997 ], [ -115.2727308, 36.214289999899997 ], [ -115.2727335, 36.214289999899997 ], [ -115.2727335, 36.2142926999 ] ] ] } },
{ "type": "Feature", "properties": { "value": 255.0 }, "geometry": { "type": "Polygon", "coordinates": [ [ [ -115.2725229, 36.2142926999 ], [ -115.2724176, 36.2142926999 ], [ -115.2724176, 36.214173899899997 ], [ -115.2724257, 36.214173899899997 ], [ -115.2724257, 36.214165799900002 ], [ -115.272423, 36.214165799900002 ], [ -115.272423, 36.2141522999 ], [ -115.2724257, 36.2141522999 ], [ -115.2724257, 36.214146899900001 ], [ -115.2724284, 36.214146899900001 ], [ -115.2724284, 36.214144199899998 ], [ -115.2724311, 36.214144199899998 ], [ -115.2724311, 36.214138799899999 ], [ -115.2724338, 36.214138799899999 ], [ -115.2724338, 36.214136099900003 ], [ -115.2724365, 36.214136099900003 ], [ -115.2724365, 36.2141333999 ], [ -115.2724392, 36.2141333999 ], [ -115.2724392, 36.214130699899997 ], [ -115.2724419, 36.214130699899997 ], [ -115.2724419, 36.214127999900001 ], [ -115.2724446, 36.214127999900001 ], [ -115.2724446, 36.214125299899997 ], [ -115.2724473, 36.214125299899997 ], [ -115.2724473, 36.214119899899998 ], [ -115.27245, 36.214119899899998 ], [ -115.27245, 36.214117199900002 ], [ -115.2724527, 36.214117199900002 ], [ -115.2724527, 36.214114499899999 ], [ -115.2724554, 36.214114499899999 ], [ -115.2724554, 36.214111799899996 ], [ -115.2724581, 36.214111799899996 ], [ -115.2724581, 36.2141090999 ], [ -115.2724608, 36.2141090999 ], [ -115.2724608, 36.214106399899997 ], [ -115.2724689, 36.214106399899997 ], [ -115.2724689, 36.2141090999 ], [ -115.2724797, 36.2141090999 ], [ -115.2724797, 36.214111799899996 ], [ -115.2724851, 36.214111799899996 ], [ -115.2724851, 36.214114499899999 ], [ -115.2724905, 36.214114499899999 ], [ -115.2724905, 36.214117199900002 ], [ -115.2724959, 36.214117199900002 ], [ -115.2724959, 36.214119899899998 ], [ -115.2725013, 36.214119899899998 ], [ -115.2725013, 36.214122599900001 ], [ -115.2725067, 36.214122599900001 ], [ -115.2725067, 36.214125299899997 ], [ -115.2725094, 36.214125299899997 ], [ -115.2725094, 36.2141333999 ], [ -115.2725067, 36.2141333999 ], [ -115.2725067, 36.214138799899999 ], [ -115.272504, 36.214138799899999 ], [ -115.272504, 36.214141499900002 ], [ -115.2725013, 36.214141499900002 ], [ -115.2725013, 36.214144199899998 ], [ -115.2724986, 36.214144199899998 ], [ -115.2724986, 36.214149599899997 ], [ -115.2724959, 36.214149599899997 ], [ -115.2724959, 36.2141522999 ], [ -115.2724932, 36.2141522999 ], [ -115.2724932, 36.214154999899996 ], [ -115.2724905, 36.214154999899996 ], [ -115.2724905, 36.214160399900003 ], [ -115.2724878, 36.214160399900003 ], [ -115.2724878, 36.214163099899999 ], [ -115.2724851, 36.214163099899999 ], [ -115.2724851, 36.214171199900001 ], [ -115.2724878, 36.214171199900001 ], [ -115.2724878, 36.214173899899997 ], [ -115.2724905, 36.214173899899997 ], [ -115.2724905, 36.2141765999 ], [ -115.2724986, 36.2141765999 ], [ -115.2724986, 36.214179299899996 ], [ -115.2725067, 36.214179299899996 ], [ -115.2725067, 36.214181999899999 ], [ -115.2725175, 36.214181999899999 ], [ -115.2725175, 36.214184699900002 ], [ -115.2725202, 36.214184699900002 ], [ -115.2725202, 36.214187399899998 ], [ -115.2725229, 36.214187399899998 ], [ -115.2725229, 36.214190099900001 ], [ -115.2725256, 36.214190099900001 ], [ -115.2725256, 36.214192799899998 ], [ -115.2725283, 36.214192799899998 ], [ -115.2725283, 36.214195499900001 ], [ -115.2725337, 36.214195499900001 ], [ -115.2725337, 36.214198199899997 ], [ -115.2725364, 36.214198199899997 ], [ -115.2725364, 36.2142008999 ], [ -115.2725391, 36.2142008999 ], [ -115.2725391, 36.214206299899999 ], [ -115.2725418, 36.214206299899999 ], [ -115.2725418, 36.214214399900001 ], [ -115.2725391, 36.214214399900001 ], [ -115.2725391, 36.214217099899997 ], [ -115.2725364, 36.214217099899997 ], [ -115.2725364, 36.214222499899996 ], [ -115.2725337, 36.214222499899996 ], [ -115.2725337, 36.2142251999 ], [ -115.272531, 36.2142251999 ], [ -115.272531, 36.214230599899999 ], [ -115.2725283, 36.214230599899999 ], [ -115.2725283, 36.214238699900001 ], [ -115.2725256, 36.214238699900001 ], [ -115.2725256, 36.214241399899997 ], [ -115.2725229, 36.214241399899997 ], [ -115.2725229, 36.214246799899996 ], [ -115.2725202, 36.214246799899996 ], [ -115.2725202, 36.214252199900002 ], [ -115.2725175, 36.214252199900002 ], [ -115.2725175, 36.214254899899998 ], [ -115.2725148, 36.214254899899998 ], [ -115.2725148, 36.214257599900002 ], [ -115.2725121, 36.214257599900002 ], [ -115.2725121, 36.214262999900001 ], [ -115.2725094, 36.214262999900001 ], [ -115.2725094, 36.214265699899997 ], [ -115.2725121, 36.214265699899997 ], [ -115.2725121, 36.2142683999 ], [ -115.2725148, 36.2142683999 ], [ -115.2725148, 36.214271099900003 ], [ -115.2725175, 36.214271099900003 ], [ -115.2725175, 36.214276499900002 ], [ -115.2725202, 36.214276499900002 ], [ -115.2725202, 36.214279199899998 ], [ -115.2725256, 36.214279199899998 ], [ -115.2725256, 36.214284599899997 ], [ -115.2725283, 36.214284599899997 ], [ -115.2725283, 36.214287299900001 ], [ -115.2725256, 36.214287299900001 ], [ -115.2725256, 36.214289999899997 ], [ -115.2725229, 36.214289999899997 ], [ -115.2725229, 36.2142926999 ] ] ] } },
{ "type": "Feature", "properties": { "value": 255.0 }, "geometry": { "type": "Polygon", "coordinates": [ [ [ -115.2740943, 36.214252199900002 ], [ -115.2740889, 36.214252199900002 ], [ -115.2740889, 36.214249499899999 ], [ -115.2740835, 36.214249499899999 ], [ -115.2740835, 36.214246799899996 ], [ -115.2740781, 36.214246799899996 ], [ -115.2740781, 36.2142440999 ], [ -115.2740754, 36.2142440999 ], [ -115.2740754, 36.214241399899997 ], [ -115.27407, 36.214241399899997 ], [ -115.27407, 36.214238699900001 ], [ -115.2740646, 36.214238699900001 ], [ -115.2740646, 36.214235999899998 ], [ -115.2740592, 36.214235999899998 ], [ -115.2740592, 36.214233299900002 ], [ -115.2740565, 36.214233299900002 ], [ -115.2740565, 36.214230599899999 ], [ -115.2740511, 36.214230599899999 ], [ -115.2740511, 36.214227899900003 ], [ -115.2740457, 36.214227899900003 ], [ -115.2740457, 36.2142251999 ], [ -115.2740403, 36.2142251999 ], [ -115.2740403, 36.214222499899996 ], [ -115.2740349, 36.214222499899996 ], [ -115.2740349, 36.2142197999 ], [ -115.2740268, 36.2142197999 ], [ -115.2740268, 36.214217099899997 ], [ -115.2740214, 36.214217099899997 ], [ -115.2740214, 36.214214399900001 ], [ -115.274016, 36.214214399900001 ], [ -115.274016, 36.214211699899998 ], [ -115.2740106, 36.214211699899998 ], [ -115.2740106, 36.214208999900002 ], [ -115.2740052, 36.214208999900002 ], [ -115.2740052, 36.214206299899999 ], [ -115.2739998, 36.214206299899999 ], [ -115.2739998, 36.214203599900003 ], [ -115.2739944, 36.214203599900003 ], [ -115.2739944, 36.214198199899997 ], [ -115.2739917, 36.214198199899997 ], [ -115.2739917, 36.214195499900001 ], [ -115.273989, 36.214195499900001 ], [ -115.273989, 36.214192799899998 ], [ -115.2739836, 36.214192799899998 ], [ -115.2739836, 36.214190099900001 ], [ -115.2739809, 36.214190099900001 ], [ -115.2739809, 36.214187399899998 ], [ -115.2739782, 36.214187399899998 ], [ -115.2739782, 36.214181999899999 ], [ -115.2739755, 36.214181999899999 ], [ -115.2739755, 36.214171199900001 ], [ -115.2739728, 36.214171199900001 ], [ -115.2739728, 36.214154999899996 ], [ -115.2739701, 36.214154999899996 ], [ -115.2739701, 36.214149599899997 ], [ -115.2739674, 36.214149599899997 ], [ -115.2739674, 36.214146899900001 ], [ -115.273962, 36.214146899900001 ], [ -115.273962, 36.214141499900002 ], [ -115.2739593, 36.214141499900002 ], [ -115.2739593, 36.214136099900003 ], [ -115.2739566, 36.214136099900003 ], [ -115.2739566, 36.2141333999 ], [ -115.2739512, 36.2141333999 ], [ -115.2739512, 36.214117199900002 ], [ -115.2739485, 36.214117199900002 ], [ -115.2739485, 36.214103699900001 ], [ -115.2739512, 36.214103699900001 ], [ -115.2739512, 36.214095599899998 ], [ -115.2739539, 36.214095599899998 ], [ -115.2739539, 36.214090199899999 ], [ -115.2739566, 36.214090199899999 ], [ -115.2739566, 36.214087499899996 ], [ -115.2739593, 36.214087499899996 ], [ -115.2739593, 36.2140847999 ], [ -115.273962, 36.2140847999 ], [ -115.273962, 36.214079399900001 ], [ -115.2739647, 36.214079399900001 ], [ -115.2739647, 36.214076699899998 ], [ -115.2739674, 36.214076699899998 ], [ -115.2739674, 36.214073999900002 ], [ -115.2739701, 36.214073999900002 ], [ -115.2739701, 36.214071299899999 ], [ -115.2739728, 36.214071299899999 ], [ -115.2739728, 36.214068599900003 ], [ -115.2739755, 36.214068599900003 ], [ -115.2739755, 36.2140658999 ], [ -115.2739782, 36.2140658999 ], [ -115.2739782, 36.214063199899996 ], [ -115.2739809, 36.214063199899996 ], [ -115.2739809, 36.2140604999 ], [ -115.2739836, 36.2140604999 ], [ -115.2739836, 36.214057799899997 ], [ -115.2739863, 36.214057799899997 ], [ -115.2739863, 36.214055099900001 ], [ -115.273989, 36.214055099900001 ], [ -115.273989, 36.214052399899998 ], [ -115.2739944, 36.214052399899998 ], [ -115.2739944, 36.214049699900002 ], [ -115.2739971, 36.214049699900002 ], [ -115.2739971, 36.214046999899999 ], [ -115.2739998, 36.214046999899999 ], [ -115.2739998, 36.214044299899996 ], [ -115.2740025, 36.214044299899996 ], [ -115.2740025, 36.2140415999 ], [ -115.2740052, 36.2140415999 ], [ -115.2740052, 36.214038899899997 ], [ -115.2740079, 36.214038899899997 ], [ -115.2740079, 36.214036199900001 ], [ -115.2740106, 36.214036199900001 ], [ -115.2740106, 36.214033499899998 ], [ -115.2740133, 36.214033499899998 ], [ -115.2740133, 36.214030799900002 ], [ -115.2740241, 36.214030799900002 ], [ -115.2740241, 36.214033499899998 ], [ -115.2740295, 36.214033499899998 ], [ -115.2740295, 36.214036199900001 ], [ -115.2740349, 36.214036199900001 ], [ -115.2740349, 36.214038899899997 ], [ -115.274043, 36.214038899899997 ], [ -115.274043, 36.2140415999 ], [ -115.2740484, 36.2140415999 ], [ -115.2740484, 36.214044299899996 ], [ -115.2740511, 36.214044299899996 ], [ -115.2740511, 36.214046999899999 ], [ -115.2740538, 36.214046999899999 ], [ -115.2740538, 36.214049699900002 ], [ -115.2740592, 36.214049699900002 ], [ -115.2740592, 36.214052399899998 ], [ -115.2740619, 36.214052399899998 ], [ -115.2740619, 36.214055099900001 ], [ -115.2740646, 36.214055099900001 ], [ -115.2740646, 36.214057799899997 ], [ -115.27407, 36.214057799899997 ], [ -115.27407, 36.2140604999 ], [ -115.2740727, 36.2140604999 ], [ -115.2740727, 36.214071299899999 ], [ -115.2740754, 36.214071299899999 ], [ -115.2740754, 36.214073999900002 ], [ -115.2740781, 36.214073999900002 ], [ -115.2740781, 36.214076699899998 ], [ -115.2740808, 36.214076699899998 ], [ -115.2740808, 36.214079399900001 ], [ -115.2740862, 36.214079399900001 ], [ -115.2740862, 36.214082099899997 ], [ -115.2740916, 36.214082099899997 ], [ -115.2740916, 36.2140847999 ], [ -115.2740943, 36.2140847999 ], [ -115.2740943, 36.214087499899996 ], [ -115.2740997, 36.214087499899996 ], [ -115.2740997, 36.214090199899999 ], [ -115.2741024, 36.214090199899999 ], [ -115.2741024, 36.214092899900002 ], [ -115.2741078, 36.214092899900002 ], [ -115.2741078, 36.214095599899998 ], [ -115.2741132, 36.214095599899998 ], [ -115.2741132, 36.214098299900002 ], [ -115.2741186, 36.214098299900002 ], [ -115.2741186, 36.214100999899998 ], [ -115.2741213, 36.214100999899998 ], [ -115.2741213, 36.214103699900001 ], [ -115.274124, 36.214103699900001 ], [ -115.274124, 36.214106399899997 ], [ -115.2741267, 36.214106399899997 ], [ -115.2741267, 36.214111799899996 ], [ -115.2741321, 36.214111799899996 ], [ -115.2741321, 36.214114499899999 ], [ -115.2741348, 36.214114499899999 ], [ -115.2741348, 36.214117199900002 ], [ -115.2741402, 36.214117199900002 ], [ -115.2741402, 36.214119899899998 ], [ -115.2741456, 36.214119899899998 ], [ -115.2741456, 36.214122599900001 ], [ -115.274151, 36.214122599900001 ], [ -115.274151, 36.214125299899997 ], [ -115.2741537, 36.214125299899997 ], [ -115.2741537, 36.214127999900001 ], [ -115.2741591, 36.214127999900001 ], [ -115.2741591, 36.214130699899997 ], [ -115.2741645, 36.214130699899997 ], [ -115.2741645, 36.2141333999 ], [ -115.2741672, 36.2141333999 ], [ -115.2741672, 36.214136099900003 ], [ -115.2741699, 36.214136099900003 ], [ -115.2741699, 36.214138799899999 ], [ -115.2741726, 36.214138799899999 ], [ -115.2741726, 36.2141522999 ], [ -115.2741699, 36.2141522999 ], [ -115.2741699, 36.214154999899996 ], [ -115.2741672, 36.214154999899996 ], [ -115.2741672, 36.214157699899999 ], [ -115.2741699, 36.214157699899999 ], [ -115.2741699, 36.214163099899999 ], [ -115.2741672, 36.214163099899999 ], [ -115.2741672, 36.214168499899998 ], [ -115.2741645, 36.214168499899998 ], [ -115.2741645, 36.214171199900001 ], [ -115.2741618, 36.214171199900001 ], [ -115.2741618, 36.2141765999 ], [ -115.2741591, 36.2141765999 ], [ -115.2741591, 36.214181999899999 ], [ -115.2741564, 36.214181999899999 ], [ -115.2741564, 36.214184699900002 ], [ -115.2741537, 36.214184699900002 ], [ -115.2741537, 36.214187399899998 ], [ -115.274151, 36.214187399899998 ], [ -115.274151, 36.214190099900001 ], [ -115.2741483, 36.214190099900001 ], [ -115.2741483, 36.214195499900001 ], [ -115.2741456, 36.214195499900001 ], [ -115.2741456, 36.214203599900003 ], [ -115.2741429, 36.214203599900003 ], [ -115.2741429, 36.214206299899999 ], [ -115.2741402, 36.214206299899999 ], [ -115.2741402, 36.214208999900002 ], [ -115.2741375, 36.214208999900002 ], [ -115.2741375, 36.214211699899998 ], [ -115.2741321, 36.214211699899998 ], [ -115.2741321, 36.214214399900001 ], [ -115.2741267, 36.214214399900001 ], [ -115.2741267, 36.214217099899997 ], [ -115.2741213, 36.214217099899997 ], [ -115.2741213, 36.2142197999 ], [ -115.2741186, 36.2142197999 ], [ -115.2741186, 36.214222499899996 ], [ -115.2741159, 36.214222499899996 ], [ -115.2741159, 36.2142251999 ], [ -115.2741132, 36.2142251999 ], [ -115.2741132, 36.214230599899999 ], [ -115.2741105, 36.214230599899999 ], [ -115.2741105, 36.214233299900002 ], [ -115.2741078, 36.214233299900002 ], [ -115.2741078, 36.214238699900001 ], [ -115.2741051, 36.214238699900001 ], [ -115.2741051, 36.2142440999 ], [ -115.2741024, 36.2142440999 ], [ -115.2741024, 36.214246799899996 ], [ -115.2740997, 36.214246799899996 ], [ -115.2740997, 36.214249499899999 ], [ -115.2740943, 36.214249499899999 ], [ -115.2740943, 36.214252199900002 ] ] ] } },
{ "type": "Feature", "properties": { "value": 255.0 }, "geometry": { "type": "Polygon", "coordinates": [ [ [ -115.2738783, 36.214130699899997 ], [ -115.2738675, 36.214130699899997 ], [ -115.2738675, 36.214127999900001 ], [ -115.2738621, 36.214127999900001 ], [ -115.2738621, 36.214125299899997 ], [ -115.2738567, 36.214125299899997 ], [ -115.2738567, 36.214122599900001 ], [ -115.273854, 36.214122599900001 ], [ -115.273854, 36.214119899899998 ], [ -115.2738513, 36.214119899899998 ], [ -115.2738513, 36.214117199900002 ], [ -115.2738432, 36.214117199900002 ], [ -115.2738432, 36.214119899899998 ], [ -115.2738405, 36.214119899899998 ], [ -115.2738405, 36.214117199900002 ], [ -115.273827, 36.214117199900002 ], [ -115.273827, 36.214119899899998 ], [ -115.2738135, 36.214119899899998 ], [ -115.2738135, 36.214117199900002 ], [ -115.2738054, 36.214117199900002 ], [ -115.2738054, 36.214114499899999 ], [ -115.2738, 36.214114499899999 ], [ -115.2738, 36.214111799899996 ], [ -115.2737946, 36.214111799899996 ], [ -115.2737946, 36.2141090999 ], [ -115.2737919, 36.2141090999 ], [ -115.2737919, 36.214106399899997 ], [ -115.2737892, 36.214106399899997 ], [ -115.2737892, 36.214103699900001 ], [ -115.2737865, 36.214103699900001 ], [ -115.2737865, 36.214100999899998 ], [ -115.2737838, 36.214100999899998 ], [ -115.2737838, 36.214098299900002 ], [ -115.2737784, 36.214098299900002 ], [ -115.2737784, 36.214095599899998 ], [ -115.2737757, 36.214095599899998 ], [ -115.2737757, 36.214092899900002 ], [ -115.273773, 36.214092899900002 ], [ -115.273773, 36.214090199899999 ], [ -115.2737703, 36.214090199899999 ], [ -115.2737703, 36.2140847999 ], [ -115.2737676, 36.2140847999 ], [ -115.2737676, 36.214076699899998 ], [ -115.2737649, 36.214076699899998 ], [ -115.2737649, 36.214073999900002 ], [ -115.2737622, 36.214073999900002 ], [ -115.2737622, 36.214071299899999 ], [ -115.2737595, 36.214071299899999 ], [ -115.2737595, 36.214068599900003 ], [ -115.2737568, 36.214068599900003 ], [ -115.2737568, 36.2140658999 ], [ -115.2737541, 36.2140658999 ], [ -115.2737541, 36.2140604999 ], [ -115.2737514, 36.2140604999 ], [ -115.2737514, 36.214055099900001 ], [ -115.2737487, 36.214055099900001 ], [ -115.2737487, 36.214049699900002 ], [ -115.273746, 36.214049699900002 ], [ -115.273746, 36.214046999899999 ], [ -115.2737487, 36.214046999899999 ], [ -115.2737487, 36.2140415999 ], [ -115.273746, 36.2140415999 ], [ -115.273746, 36.214033499899998 ], [ -115.2737433, 36.214033499899998 ], [ -115.2737433, 36.214030799900002 ], [ -115.2737379, 36.214030799900002 ], [ -115.2737379, 36.214028099899998 ], [ -115.2737298, 36.214028099899998 ], [ -115.2737298, 36.214025399900002 ], [ -115.2737271, 36.214025399900002 ], [ -115.2737271, 36.214019999899996 ], [ -115.2737244, 36.214019999899996 ], [ -115.2737244, 36.214001099900003 ], [ -115.2737271, 36.214001099900003 ], [ -115.2737271, 36.213998399899999 ], [ -115.2737298, 36.213998399899999 ], [ -115.2737298, 36.2139929999 ], [ -115.2737325, 36.2139929999 ], [ -115.2737325, 36.213990299899997 ], [ -115.2737379, 36.213990299899997 ], [ -115.2737379, 36.213987599900001 ], [ -115.2737406, 36.213987599900001 ], [ -115.2737406, 36.213982199900002 ], [ -115.2737433, 36.213982199900002 ], [ -115.2737433, 36.213976799899996 ], [ -115.273746, 36.213976799899996 ], [ -115.273746, 36.2139740999 ], [ -115.2737487, 36.2139740999 ], [ -115.2737487, 36.213965999899997 ], [ -115.2737514, 36.213965999899997 ], [ -115.2737514, 36.213963299900001 ], [ -115.2737541, 36.213963299900001 ], [ -115.2737541, 36.213960599899998 ], [ -115.2737676, 36.213960599899998 ], [ -115.2737676, 36.213963299900001 ], [ -115.2737757, 36.213963299900001 ], [ -115.2737757, 36.213965999899997 ], [ -115.2737811, 36.213965999899997 ], [ -115.2737811, 36.213968699900001 ], [ -115.2737892, 36.213968699900001 ], [ -115.2737892, 36.213971399899997 ], [ -115.2738, 36.213971399899997 ], [ -115.2738, 36.2139740999 ], [ -115.2738027, 36.2139740999 ], [ -115.2738027, 36.213976799899996 ], [ -115.2738108, 36.213976799899996 ], [ -115.2738108, 36.213979499899999 ], [ -115.2738162, 36.213979499899999 ], [ -115.2738162, 36.213982199900002 ], [ -115.2738297, 36.213982199900002 ], [ -115.2738297, 36.213979499899999 ], [ -115.2738351, 36.213979499899999 ], [ -115.2738351, 36.213982199900002 ], [ -115.2738459, 36.213982199900002 ], [ -115.2738459, 36.213979499899999 ], [ -115.2738513, 36.213979499899999 ], [ -115.2738513, 36.213982199900002 ], [ -115.2738567, 36.213982199900002 ], [ -115.2738567, 36.213984899899998 ], [ -115.2738675, 36.213984899899998 ], [ -115.2738675, 36.213976799899996 ], [ -115.2738702, 36.213976799899996 ], [ -115.2738702, 36.2139740999 ], [ -115.2738729, 36.2139740999 ], [ -115.2738729, 36.213971399899997 ], [ -115.2738783, 36.213971399899997 ], [ -115.2738783, 36.213968699900001 ], [ -115.2738891, 36.213968699900001 ], [ -115.2738891, 36.213971399899997 ], [ -115.2738945, 36.213971399899997 ], [ -115.2738945, 36.2139740999 ], [ -115.2738999, 36.2139740999 ], [ -115.2738999, 36.213976799899996 ], [ -115.2739053, 36.213976799899996 ], [ -115.2739053, 36.213979499899999 ], [ -115.2739107, 36.213979499899999 ], [ -115.2739107, 36.213982199900002 ], [ -115.2739134, 36.213982199900002 ], [ -115.2739134, 36.213984899899998 ], [ -115.2739188, 36.213984899899998 ], [ -115.2739188, 36.213987599900001 ], [ -115.2739242, 36.213987599900001 ], [ -115.2739242, 36.213990299899997 ], [ -115.2739269, 36.213990299899997 ], [ -115.2739269, 36.2139929999 ], [ -115.2739296, 36.2139929999 ], [ -115.2739296, 36.213995699899996 ], [ -115.2739323, 36.213995699899996 ], [ -115.2739323, 36.213998399899999 ], [ -115.273935, 36.213998399899999 ], [ -115.273935, 36.214003799899999 ], [ -115.2739377, 36.214003799899999 ], [ -115.2739377, 36.214006499900002 ], [ -115.2739404, 36.214006499900002 ], [ -115.2739404, 36.214009199899998 ], [ -115.2739458, 36.214009199899998 ], [ -115.2739458, 36.214011899900001 ], [ -115.2739485, 36.214011899900001 ], [ -115.2739485, 36.214014599899997 ], [ -115.2739512, 36.214014599899997 ], [ -115.2739512, 36.2140172999 ], [ -115.2739539, 36.2140172999 ], [ -115.2739539, 36.214019999899996 ], [ -115.2739566, 36.214019999899996 ], [ -115.2739566, 36.214022699899999 ], [ -115.2739593, 36.214022699899999 ], [ -115.2739593, 36.214028099899998 ], [ -115.2739566, 36.214028099899998 ], [ -115.2739566, 36.214030799900002 ], [ -115.2739539, 36.214030799900002 ], [ -115.2739539, 36.214033499899998 ], [ -115.2739512, 36.214033499899998 ], [ -115.2739512, 36.214036199900001 ], [ -115.2739485, 36.214036199900001 ], [ -115.2739485, 36.214038899899997 ], [ -115.2739458, 36.214038899899997 ], [ -115.2739458, 36.2140415999 ], [ -115.2739431, 36.2140415999 ], [ -115.2739431, 36.214044299899996 ], [ -115.2739404, 36.214044299899996 ], [ -115.2739404, 36.214049699900002 ], [ -115.2739377, 36.214049699900002 ], [ -115.2739377, 36.214052399899998 ], [ -115.273935, 36.214052399899998 ], [ -115.273935, 36.214055099900001 ], [ -115.2739323, 36.214055099900001 ], [ -115.2739323, 36.2140604999 ], [ -115.2739296, 36.2140604999 ], [ -115.2739296, 36.214063199899996 ], [ -115.2739269, 36.214063199899996 ], [ -115.2739269, 36.214068599900003 ], [ -115.2739242, 36.214068599900003 ], [ -115.2739242, 36.214073999900002 ], [ -115.2739215, 36.214073999900002 ], [ -115.2739215, 36.214076699899998 ], [ -115.2739188, 36.214076699899998 ], [ -115.2739188, 36.214079399900001 ], [ -115.2739161, 36.214079399900001 ], [ -115.2739161, 36.214082099899997 ], [ -115.2739134, 36.214082099899997 ], [ -115.2739134, 36.214087499899996 ], [ -115.2739107, 36.214087499899996 ], [ -115.2739107, 36.214090199899999 ], [ -115.273908, 36.214090199899999 ], [ -115.273908, 36.214095599899998 ], [ -115.2739053, 36.214095599899998 ], [ -115.2739053, 36.214098299900002 ], [ -115.2739026, 36.214098299900002 ], [ -115.2739026, 36.214100999899998 ], [ -115.2738972, 36.214100999899998 ], [ -115.2738972, 36.214103699900001 ], [ -115.2738945, 36.214103699900001 ], [ -115.2738945, 36.214106399899997 ], [ -115.2738918, 36.214106399899997 ], [ -115.2738918, 36.2141090999 ], [ -115.2738891, 36.2141090999 ], [ -115.2738891, 36.214117199900002 ], [ -115.2738864, 36.214117199900002 ], [ -115.2738864, 36.214122599900001 ], [ -115.2738837, 36.214122599900001 ], [ -115.2738837, 36.214127999900001 ], [ -115.2738783, 36.214127999900001 ], [ -115.2738783, 36.214130699899997 ] ] ] } },
{ "type": "Feature", "properties": { "value": 255.0 }, "geometry": { "type": "Polygon", "coordinates": [ [ [ -115.2734247, 36.213984899899998 ], [ -115.2734166, 36.213984899899998 ], [ -115.2734166, 36.213982199900002 ], [ -115.2734112, 36.213982199900002 ], [ -115.2734112, 36.213979499899999 ], [ -115.2734058, 36.213979499899999 ], [ -115.2734058, 36.213976799899996 ], [ -115.2734004, 36.213976799899996 ], [ -115.2734004, 36.2139740999 ], [ -115.273395, 36.2139740999 ], [ -115.273395, 36.213971399899997 ], [ -115.2733923, 36.213971399899997 ], [ -115.2733923, 36.213968699900001 ], [ -115.2733896, 36.213968699900001 ], [ -115.2733896, 36.213965999899997 ], [ -115.2733869, 36.213965999899997 ], [ -115.2733869, 36.213963299900001 ], [ -115.2733842, 36.213963299900001 ], [ -115.2733842, 36.213960599899998 ], [ -115.2733788, 36.213960599899998 ], [ -115.2733788, 36.213957899900002 ], [ -115.2733761, 36.213957899900002 ], [ -115.2733761, 36.213955199899999 ], [ -115.2733707, 36.213955199899999 ], [ -115.2733707, 36.2139497999 ], [ -115.2733734, 36.2139497999 ], [ -115.2733734, 36.213947099899997 ], [ -115.2733788, 36.213947099899997 ], [ -115.2733788, 36.213944399900001 ], [ -115.2733842, 36.213944399900001 ], [ -115.2733842, 36.213941699899998 ], [ -115.2733869, 36.213941699899998 ], [ -115.2733869, 36.213938999900002 ], [ -115.2733896, 36.213938999900002 ], [ -115.2733896, 36.213936299899999 ], [ -115.2733923, 36.213936299899999 ], [ -115.2733923, 36.213930899899999 ], [ -115.273395, 36.213930899899999 ], [ -115.273395, 36.213928199899996 ], [ -115.2733977, 36.213928199899996 ], [ -115.2733977, 36.2139254999 ], [ -115.2734004, 36.2139254999 ], [ -115.2734004, 36.213922799899997 ], [ -115.2734031, 36.213922799899997 ], [ -115.2734031, 36.213920099900001 ], [ -115.2734193, 36.213920099900001 ], [ -115.2734193, 36.213917399899998 ], [ -115.2734301, 36.213917399899998 ], [ -115.2734301, 36.213920099900001 ], [ -115.2734355, 36.213920099900001 ], [ -115.2734355, 36.213917399899998 ], [ -115.2734409, 36.213917399899998 ], [ -115.2734409, 36.213920099900001 ], [ -115.2734436, 36.213920099900001 ], [ -115.2734436, 36.213922799899997 ], [ -115.2734463, 36.213922799899997 ], [ -115.2734463, 36.2139254999 ], [ -115.273449, 36.2139254999 ], [ -115.273449, 36.213933599900002 ], [ -115.2734517, 36.213933599900002 ], [ -115.2734517, 36.213936299899999 ], [ -115.2734571, 36.213936299899999 ], [ -115.2734571, 36.213938999900002 ], [ -115.2734625, 36.213938999900002 ], [ -115.2734625, 36.213941699899998 ], [ -115.2734652, 36.213941699899998 ], [ -115.2734652, 36.213944399900001 ], [ -115.2734679, 36.213944399900001 ], [ -115.2734679, 36.213941699899998 ], [ -115.2734706, 36.213941699899998 ], [ -115.2734706, 36.213944399900001 ], [ -115.273476, 36.213944399900001 ], [ -115.273476, 36.213947099899997 ], [ -115.2734787, 36.213947099899997 ], [ -115.2734787, 36.213955199899999 ], [ -115.273476, 36.213955199899999 ], [ -115.273476, 36.213960599899998 ], [ -115.2734706, 36.213960599899998 ], [ -115.2734706, 36.213957899900002 ], [ -115.2734625, 36.213957899900002 ], [ -115.2734625, 36.213955199899999 ], [ -115.2734598, 36.213955199899999 ], [ -115.2734598, 36.213960599899998 ], [ -115.2734571, 36.213960599899998 ], [ -115.2734571, 36.213963299900001 ], [ -115.2734544, 36.213963299900001 ], [ -115.2734544, 36.213965999899997 ], [ -115.273449, 36.213965999899997 ], [ -115.273449, 36.213968699900001 ], [ -115.2734436, 36.213968699900001 ], [ -115.2734436, 36.213971399899997 ], [ -115.2734409, 36.213971399899997 ], [ -115.2734409, 36.2139740999 ], [ -115.2734355, 36.2139740999 ], [ -115.2734355, 36.213976799899996 ], [ -115.2734328, 36.213976799899996 ], [ -115.2734328, 36.213979499899999 ], [ -115.2734274, 36.213979499899999 ], [ -115.2734274, 36.213982199900002 ], [ -115.2734247, 36.213982199900002 ], [ -115.2734247, 36.213984899899998 ] ] ] } },
{ "type": "Feature", "properties": { "value": 255.0 }, "geometry": { "type": "Polygon", "coordinates": [ [ [ -115.2736407, 36.214028099899998 ], [ -115.2736191, 36.214028099899998 ], [ -115.2736191, 36.214025399900002 ], [ -115.2736137, 36.214025399900002 ], [ -115.2736137, 36.214022699899999 ], [ -115.273611, 36.214022699899999 ], [ -115.273611, 36.214019999899996 ], [ -115.2736029, 36.214019999899996 ], [ -115.2736029, 36.2140172999 ], [ -115.2736002, 36.2140172999 ], [ -115.2736002, 36.214014599899997 ], [ -115.2735975, 36.214014599899997 ], [ -115.2735975, 36.214009199899998 ], [ -115.2735948, 36.214009199899998 ], [ -115.2735948, 36.214003799899999 ], [ -115.2735921, 36.214003799899999 ], [ -115.2735921, 36.213998399899999 ], [ -115.2735867, 36.213998399899999 ], [ -115.2735867, 36.213995699899996 ], [ -115.273584, 36.213995699899996 ], [ -115.273584, 36.2139929999 ], [ -115.2735813, 36.2139929999 ], [ -115.2735813, 36.213990299899997 ], [ -115.2735759, 36.213990299899997 ], [ -115.2735759, 36.213987599900001 ], [ -115.2735732, 36.213987599900001 ], [ -115.2735732, 36.213984899899998 ], [ -115.2735678, 36.213984899899998 ], [ -115.2735678, 36.213982199900002 ], [ -115.2735651, 36.213982199900002 ], [ -115.2735651, 36.213979499899999 ], [ -115.2735597, 36.213979499899999 ], [ -115.2735597, 36.213976799899996 ], [ -115.273557, 36.213976799899996 ], [ -115.273557, 36.2139740999 ], [ -115.2735543, 36.2139740999 ], [ -115.2735543, 36.213971399899997 ], [ -115.2735516, 36.213971399899997 ], [ -115.2735516, 36.213968699900001 ], [ -115.2735489, 36.213968699900001 ], [ -115.2735489, 36.213965999899997 ], [ -115.2735435, 36.213965999899997 ], [ -115.2735435, 36.213963299900001 ], [ -115.2735381, 36.213963299900001 ], [ -115.2735381, 36.213960599899998 ], [ -115.2735273, 36.213960599899998 ], [ -115.2735273, 36.213963299900001 ], [ -115.2735219, 36.213963299900001 ], [ -115.2735219, 36.213960599899998 ], [ -115.2735138, 36.213960599899998 ], [ -115.2735138, 36.213957899900002 ], [ -115.2735111, 36.213957899900002 ], [ -115.2735111, 36.213955199899999 ], [ -115.2735057, 36.213955199899999 ], [ -115.2735057, 36.213952499899996 ], [ -115.2735003, 36.213952499899996 ], [ -115.2735003, 36.2139497999 ], [ -115.2734949, 36.2139497999 ], [ -115.2734949, 36.213947099899997 ], [ -115.2734895, 36.213947099899997 ], [ -115.2734895, 36.213944399900001 ], [ -115.2734868, 36.213944399900001 ], [ -115.2734868, 36.213938999900002 ], [ -115.2734841, 36.213938999900002 ], [ -115.2734841, 36.213933599900002 ], [ -115.2734814, 36.213933599900002 ], [ -115.2734814, 36.2139254999 ], [ -115.2734787, 36.2139254999 ], [ -115.2734787, 36.213914699900002 ], [ -115.273476, 36.213914699900002 ], [ -115.273476, 36.213903899899996 ], [ -115.2734814, 36.213903899899996 ], [ -115.2734814, 36.2139011999 ], [ -115.2734841, 36.2139011999 ], [ -115.2734841, 36.213895799900001 ], [ -115.2734868, 36.213895799900001 ], [ -115.2734868, 36.213893099899998 ], [ -115.2734895, 36.213893099899998 ], [ -115.2734895, 36.213890399900002 ], [ -115.2734922, 36.213890399900002 ], [ -115.2734922, 36.213887699899999 ], [ -115.2734949, 36.213887699899999 ], [ -115.2734949, 36.213884999899996 ], [ -115.2734976, 36.213884999899996 ], [ -115.2734976, 36.2138822999 ], [ -115.2735003, 36.2138822999 ], [ -115.2735003, 36.213876899900001 ], [ -115.273503, 36.213876899900001 ], [ -115.273503, 36.213871499900002 ], [ -115.2735003, 36.213871499900002 ], [ -115.2735003, 36.213866099900002 ], [ -115.2735057, 36.213866099900002 ], [ -115.2735057, 36.213863399899999 ], [ -115.2735165, 36.213863399899999 ], [ -115.2735165, 36.2138579999 ], [ -115.2735138, 36.2138579999 ], [ -115.2735138, 36.213855299899997 ], [ -115.2735219, 36.213855299899997 ], [ -115.2735219, 36.213852599900001 ], [ -115.2735246, 36.213852599900001 ], [ -115.2735246, 36.213849899899998 ], [ -115.2735327, 36.213849899899998 ], [ -115.2735327, 36.213847199900002 ], [ -115.2735408, 36.213847199900002 ], [ -115.2735408, 36.213844499899999 ], [ -115.2735543, 36.213844499899999 ], [ -115.2735543, 36.213841799899996 ], [ -115.2735624, 36.213841799899996 ], [ -115.2735624, 36.213839099899999 ], [ -115.2735705, 36.213839099899999 ], [ -115.2735705, 36.213836399899996 ], [ -115.273584, 36.213836399899996 ], [ -115.273584, 36.2138336999 ], [ -115.2736002, 36.2138336999 ], [ -115.2736002, 36.213836399899996 ], [ -115.2736191, 36.213836399899996 ], [ -115.2736191, 36.213839099899999 ], [ -115.2736245, 36.213839099899999 ], [ -115.2736245, 36.213836399899996 ], [ -115.2736272, 36.213836399899996 ], [ -115.2736272, 36.213839099899999 ], [ -115.2736353, 36.213839099899999 ], [ -115.2736353, 36.213841799899996 ], [ -115.2736407, 36.213841799899996 ], [ -115.2736407, 36.213849899899998 ], [ -115.2736434, 36.213849899899998 ], [ -115.2736434, 36.213852599900001 ], [ -115.2736461, 36.213852599900001 ], [ -115.2736461, 36.213855299899997 ], [ -115.2736542, 36.213855299899997 ], [ -115.2736542, 36.2138579999 ], [ -115.2736596, 36.2138579999 ], [ -115.2736596, 36.213860699899996 ], [ -115.273665, 36.213860699899996 ], [ -115.273665, 36.213863399899999 ], [ -115.2736677, 36.213863399899999 ], [ -115.2736677, 36.213866099900002 ], [ -115.2736731, 36.213866099900002 ], [ -115.2736731, 36.213868799899998 ], [ -115.2736758, 36.213868799899998 ], [ -115.2736758, 36.213871499900002 ], [ -115.2736785, 36.213871499900002 ], [ -115.2736785, 36.213874199899998 ], [ -115.2736812, 36.213874199899998 ], [ -115.2736812, 36.213876899900001 ], [ -115.2736839, 36.213876899900001 ], [ -115.2736839, 36.213879599899997 ], [ -115.2736866, 36.213879599899997 ], [ -115.2736866, 36.213884999899996 ], [ -115.2736839, 36.213884999899996 ], [ -115.2736839, 36.213890399900002 ], [ -115.2736812, 36.213890399900002 ], [ -115.2736812, 36.213895799900001 ], [ -115.2736785, 36.213895799900001 ], [ -115.2736785, 36.213898499899997 ], [ -115.2736731, 36.213898499899997 ], [ -115.2736731, 36.2139011999 ], [ -115.2736704, 36.2139011999 ], [ -115.2736704, 36.213903899899996 ], [ -115.2736677, 36.213903899899996 ], [ -115.2736677, 36.213909299899996 ], [ -115.273665, 36.213909299899996 ], [ -115.273665, 36.213911999899999 ], [ -115.2736677, 36.213911999899999 ], [ -115.2736677, 36.213920099900001 ], [ -115.2736731, 36.213920099900001 ], [ -115.2736731, 36.213922799899997 ], [ -115.2736785, 36.213922799899997 ], [ -115.2736785, 36.2139254999 ], [ -115.2736839, 36.2139254999 ], [ -115.2736839, 36.213928199899996 ], [ -115.2736893, 36.213928199899996 ], [ -115.2736893, 36.213930899899999 ], [ -115.273692, 36.213930899899999 ], [ -115.273692, 36.213933599900002 ], [ -115.2736947, 36.213933599900002 ], [ -115.2736947, 36.213936299899999 ], [ -115.2736974, 36.213936299899999 ], [ -115.2736974, 36.213938999900002 ], [ -115.2737001, 36.213938999900002 ], [ -115.2737001, 36.213941699899998 ], [ -115.2737055, 36.213941699899998 ], [ -115.2737055, 36.213955199899999 ], [ -115.2737028, 36.213955199899999 ], [ -115.2737028, 36.213957899900002 ], [ -115.2737055, 36.213957899900002 ], [ -115.2737055, 36.213960599899998 ], [ -115.2737028, 36.213960599899998 ], [ -115.2737028, 36.213968699900001 ], [ -115.2737001, 36.213968699900001 ], [ -115.2737001, 36.2139740999 ], [ -115.2736974, 36.2139740999 ], [ -115.2736974, 36.213979499899999 ], [ -115.2736947, 36.213979499899999 ], [ -115.2736947, 36.213982199900002 ], [ -115.273692, 36.213982199900002 ], [ -115.273692, 36.213987599900001 ], [ -115.2736893, 36.213987599900001 ], [ -115.2736893, 36.213990299899997 ], [ -115.2736866, 36.213990299899997 ], [ -115.2736866, 36.2139929999 ], [ -115.2736839, 36.2139929999 ], [ -115.2736839, 36.213995699899996 ], [ -115.2736812, 36.213995699899996 ], [ -115.2736812, 36.213998399899999 ], [ -115.2736785, 36.213998399899999 ], [ -115.2736785, 36.214001099900003 ], [ -115.2736758, 36.214001099900003 ], [ -115.2736758, 36.214003799899999 ], [ -115.2736731, 36.214003799899999 ], [ -115.2736731, 36.214006499900002 ], [ -115.2736704, 36.214006499900002 ], [ -115.2736704, 36.214009199899998 ], [ -115.273665, 36.214009199899998 ], [ -115.273665, 36.214011899900001 ], [ -115.2736596, 36.214011899900001 ], [ -115.2736596, 36.214014599899997 ], [ -115.2736569, 36.214014599899997 ], [ -115.2736569, 36.2140172999 ], [ -115.2736515, 36.2140172999 ], [ -115.2736515, 36.214019999899996 ], [ -115.2736488, 36.214019999899996 ], [ -115.2736488, 36.214022699899999 ], [ -115.2736461, 36.214022699899999 ], [ -115.2736461, 36.214025399900002 ], [ -115.2736407, 36.214025399900002 ], [ -115.2736407, 36.214028099899998 ] ] ] } },
{ "type": "Feature", "properties": { "value": 255.0 }, "geometry": { "type": "Polygon", "coordinates": [ [ [ -115.2741726, 36.213847199900002 ], [ -115.2741699, 36.213847199900002 ], [ -115.2741699, 36.213844499899999 ], [ -115.2741618, 36.213844499899999 ], [ -115.2741618, 36.213841799899996 ], [ -115.2741537, 36.213841799899996 ], [ -115.2741537, 36.213839099899999 ], [ -115.2741483, 36.213839099899999 ], [ -115.2741483, 36.213836399899996 ], [ -115.2741429, 36.213836399899996 ], [ -115.2741429, 36.213830999899997 ], [ -115.2741402, 36.213830999899997 ], [ -115.2741402, 36.213828299900001 ], [ -115.2741375, 36.213828299900001 ], [ -115.2741375, 36.213822899900002 ], [ -115.2741348, 36.213822899900002 ], [ -115.2741348, 36.213820199899999 ], [ -115.2741294, 36.213820199899999 ], [ -115.2741294, 36.213817499899996 ], [ -115.2741267, 36.213817499899996 ], [ -115.2741267, 36.2138147999 ], [ -115.2741213, 36.2138147999 ], [ -115.2741213, 36.213812099899997 ], [ -115.2741132, 36.213812099899997 ], [ -115.2741132, 36.213809399900001 ], [ -115.2741078, 36.213809399900001 ], [ -115.2741078, 36.213806699899997 ], [ -115.2741024, 36.213806699899997 ], [ -115.2741024, 36.213801299899998 ], [ -115.2740997, 36.213801299899998 ], [ -115.2740997, 36.2137904999 ], [ -115.274097, 36.2137904999 ], [ -115.274097, 36.213787799899997 ], [ -115.2740943, 36.213787799899997 ], [ -115.2740943, 36.213785099900001 ], [ -115.2740889, 36.213785099900001 ], [ -115.2740889, 36.213782399899998 ], [ -115.2740727, 36.213782399899998 ], [ -115.2740727, 36.213785099900001 ], [ -115.2740673, 36.213785099900001 ], [ -115.2740673, 36.213782399899998 ], [ -115.2740646, 36.213782399899998 ], [ -115.2740646, 36.213779699900002 ], [ -115.2740619, 36.213779699900002 ], [ -115.2740619, 36.213776999899999 ], [ -115.2740592, 36.213776999899999 ], [ -115.2740592, 36.213774299899995 ], [ -115.2740565, 36.213774299899995 ], [ -115.2740565, 36.213771599899999 ], [ -115.2740538, 36.213771599899999 ], [ -115.2740538, 36.213768899899996 ], [ -115.2740511, 36.213768899899996 ], [ -115.2740511, 36.213763499899997 ], [ -115.2740484, 36.213763499899997 ], [ -115.2740484, 36.2137472999 ], [ -115.2740511, 36.2137472999 ], [ -115.2740511, 36.213744599899997 ], [ -115.2740565, 36.213744599899997 ], [ -115.2740565, 36.2137418999 ], [ -115.2740592, 36.2137418999 ], [ -115.2740592, 36.213739199899997 ], [ -115.2740619, 36.213739199899997 ], [ -115.2740619, 36.213736499900001 ], [ -115.2740646, 36.213736499900001 ], [ -115.2740646, 36.213733799899998 ], [ -115.2740673, 36.213733799899998 ], [ -115.2740673, 36.213731099900002 ], [ -115.27407, 36.213731099900002 ], [ -115.27407, 36.213728399899999 ], [ -115.2740727, 36.213728399899999 ], [ -115.2740727, 36.213725699899996 ], [ -115.2740754, 36.213725699899996 ], [ -115.2740754, 36.2137229999 ], [ -115.2740808, 36.2137229999 ], [ -115.2740808, 36.213720299899997 ], [ -115.2740889, 36.213720299899997 ], [ -115.2740889, 36.213717599900001 ], [ -115.2740943, 36.213717599900001 ], [ -115.2740943, 36.213714899899998 ], [ -115.274097, 36.213714899899998 ], [ -115.274097, 36.213712199900002 ], [ -115.2741024, 36.213712199900002 ], [ -115.2741024, 36.213709499899998 ], [ -115.2741159, 36.213709499899998 ], [ -115.2741159, 36.213712199900002 ], [ -115.2741375, 36.213712199900002 ], [ -115.2741375, 36.213714899899998 ], [ -115.2741726, 36.213714899899998 ], [ -115.2741726, 36.213847199900002 ] ] ] } },
{ "type": "Feature", "properties": { "value": 255.0 }, "geometry": { "type": "Polygon", "coordinates": [ [ [ -115.2734247, 36.213825599899998 ], [ -115.2734112, 36.213825599899998 ], [ -115.2734112, 36.213822899900002 ], [ -115.2734085, 36.213822899900002 ], [ -115.2734085, 36.213820199899999 ], [ -115.2734058, 36.213820199899999 ], [ -115.2734058, 36.213817499899996 ], [ -115.2734031, 36.213817499899996 ], [ -115.2734031, 36.2138147999 ], [ -115.2734004, 36.2138147999 ], [ -115.2734004, 36.213812099899997 ], [ -115.2733977, 36.213812099899997 ], [ -115.2733977, 36.213806699899997 ], [ -115.273395, 36.213806699899997 ], [ -115.273395, 36.213803999900001 ], [ -115.2733923, 36.213803999900001 ], [ -115.2733923, 36.213801299899998 ], [ -115.2733896, 36.213801299899998 ], [ -115.2733896, 36.213798599900002 ], [ -115.2733815, 36.213798599900002 ], [ -115.2733815, 36.213795899899999 ], [ -115.273368, 36.213795899899999 ], [ -115.273368, 36.213793199899996 ], [ -115.2733599, 36.213793199899996 ], [ -115.2733599, 36.2137904999 ], [ -115.2733572, 36.2137904999 ], [ -115.2733572, 36.213787799899997 ], [ -115.2733545, 36.213787799899997 ], [ -115.2733545, 36.213785099900001 ], [ -115.2733518, 36.213785099900001 ], [ -115.2733518, 36.213779699900002 ], [ -115.2733491, 36.213779699900002 ], [ -115.2733491, 36.213776999899999 ], [ -115.2733464, 36.213776999899999 ], [ -115.2733464, 36.213774299899995 ], [ -115.273341, 36.213774299899995 ], [ -115.273341, 36.213771599899999 ], [ -115.2733383, 36.213771599899999 ], [ -115.2733383, 36.213768899899996 ], [ -115.2733356, 36.213768899899996 ], [ -115.2733356, 36.2137661999 ], [ -115.2733329, 36.2137661999 ], [ -115.2733329, 36.213758099899998 ], [ -115.2733302, 36.213758099899998 ], [ -115.2733302, 36.213755399900002 ], [ -115.2733275, 36.213755399900002 ], [ -115.2733275, 36.213749999899996 ], [ -115.2733248, 36.213749999899996 ], [ -115.2733248, 36.213739199899997 ], [ -115.2733275, 36.213739199899997 ], [ -115.2733275, 36.213733799899998 ], [ -115.2733302, 36.213733799899998 ], [ -115.2733302, 36.213731099900002 ], [ -115.2733356, 36.213731099900002 ], [ -115.2733356, 36.213725699899996 ], [ -115.2733383, 36.213725699899996 ], [ -115.2733383, 36.213720299899997 ], [ -115.273341, 36.213720299899997 ], [ -115.273341, 36.213717599900001 ], [ -115.2733437, 36.213717599900001 ], [ -115.2733437, 36.213704099899999 ], [ -115.273341, 36.213704099899999 ], [ -115.273341, 36.213685199899999 ], [ -115.2733437, 36.213685199899999 ], [ -115.2733437, 36.2136797999 ], [ -115.2733464, 36.2136797999 ], [ -115.2733464, 36.213677099899996 ], [ -115.2733491, 36.213677099899996 ], [ -115.2733491, 36.213671699899997 ], [ -115.2733518, 36.213671699899997 ], [ -115.2733518, 36.213666299899998 ], [ -115.2733545, 36.213666299899998 ], [ -115.2733545, 36.213663599900002 ], [ -115.2733599, 36.213663599900002 ], [ -115.2733599, 36.213660899899999 ], [ -115.2733653, 36.213660899899999 ], [ -115.2733653, 36.213658199899996 ], [ -115.273368, 36.213658199899996 ], [ -115.273368, 36.2136554999 ], [ -115.2733734, 36.2136554999 ], [ -115.2733734, 36.213652799899997 ], [ -115.2733815, 36.213652799899997 ], [ -115.2733815, 36.213650099900001 ], [ -115.2734004, 36.213650099900001 ], [ -115.2734004, 36.213652799899997 ], [ -115.2734031, 36.213652799899997 ], [ -115.2734031, 36.2136554999 ], [ -115.2734058, 36.2136554999 ], [ -115.2734058, 36.213658199899996 ], [ -115.2734085, 36.213658199899996 ], [ -115.2734085, 36.213660899899999 ], [ -115.2734139, 36.213660899899999 ], [ -115.2734139, 36.213663599900002 ], [ -115.2734166, 36.213663599900002 ], [ -115.2734166, 36.213671699899997 ], [ -115.2734193, 36.213671699899997 ], [ -115.2734193, 36.213677099899996 ], [ -115.273422, 36.213677099899996 ], [ -115.273422, 36.2136797999 ], [ -115.2734247, 36.2136797999 ], [ -115.2734247, 36.213682499899996 ], [ -115.2734274, 36.213682499899996 ], [ -115.2734274, 36.213685199899999 ], [ -115.2734301, 36.213685199899999 ], [ -115.2734301, 36.213687899900002 ], [ -115.2734328, 36.213687899900002 ], [ -115.2734328, 36.213690599899998 ], [ -115.2734355, 36.213690599899998 ], [ -115.2734355, 36.213693299900001 ], [ -115.2734382, 36.213693299900001 ], [ -115.2734382, 36.213695999899997 ], [ -115.2734409, 36.213695999899997 ], [ -115.2734409, 36.2136986999 ], [ -115.2734436, 36.2136986999 ], [ -115.2734436, 36.213701399899996 ], [ -115.2734463, 36.213701399899996 ], [ -115.2734463, 36.213704099899999 ], [ -115.273449, 36.213704099899999 ], [ -115.273449, 36.213706799899995 ], [ -115.2734517, 36.213706799899995 ], [ -115.2734517, 36.213709499899998 ], [ -115.2734544, 36.213709499899998 ], [ -115.2734544, 36.213712199900002 ], [ -115.2734571, 36.213712199900002 ], [ -115.2734571, 36.213714899899998 ], [ -115.2734598, 36.213714899899998 ], [ -115.2734598, 36.213717599900001 ], [ -115.2734652, 36.213717599900001 ], [ -115.2734652, 36.213720299899997 ], [ -115.2734868, 36.213720299899997 ], [ -115.2734868, 36.2137229999 ], [ -115.2734949, 36.2137229999 ], [ -115.2734949, 36.213725699899996 ], [ -115.2734976, 36.213725699899996 ], [ -115.2734976, 36.213728399899999 ], [ -115.2735003, 36.213728399899999 ], [ -115.2735003, 36.213733799899998 ], [ -115.273503, 36.213733799899998 ], [ -115.273503, 36.213736499900001 ], [ -115.2735057, 36.213736499900001 ], [ -115.2735057, 36.213739199899997 ], [ -115.2735084, 36.213739199899997 ], [ -115.2735084, 36.213744599899997 ], [ -115.2735111, 36.213744599899997 ], [ -115.2735111, 36.213749999899996 ], [ -115.2735138, 36.213749999899996 ], [ -115.2735138, 36.213758099899998 ], [ -115.2735165, 36.213758099899998 ], [ -115.2735165, 36.213763499899997 ], [ -115.2735138, 36.213763499899997 ], [ -115.2735138, 36.213771599899999 ], [ -115.2735111, 36.213771599899999 ], [ -115.2735111, 36.213782399899998 ], [ -115.2735138, 36.213782399899998 ], [ -115.2735138, 36.213787799899997 ], [ -115.2735111, 36.213787799899997 ], [ -115.2735111, 36.2137904999 ], [ -115.2735084, 36.2137904999 ], [ -115.2735084, 36.213798599900002 ], [ -115.2735057, 36.213798599900002 ], [ -115.2735057, 36.213801299899998 ], [ -115.273503, 36.213801299899998 ], [ -115.273503, 36.213803999900001 ], [ -115.2734976, 36.213803999900001 ], [ -115.2734976, 36.213806699899997 ], [ -115.2734652, 36.213806699899997 ], [ -115.2734652, 36.213809399900001 ], [ -115.2734625, 36.213809399900001 ], [ -115.2734625, 36.213812099899997 ], [ -115.2734598, 36.213812099899997 ], [ -115.2734598, 36.2138147999 ], [ -115.2734544, 36.2138147999 ], [ -115.2734544, 36.213817499899996 ], [ -115.2734517, 36.213817499899996 ], [ -115.2734517, 36.213820199899999 ], [ -115.2734463, 36.213820199899999 ], [ -115.2734463, 36.213822899900002 ], [ -115.2734247, 36.213822899900002 ], [ -115.2734247, 36.213825599899998 ] ] ] } },
{ "type": "Feature", "properties": { "value": 255.0 }, "geometry": { "type": "Polygon", "coordinates": [ [ [ -115.2740133, 36.2137472999 ], [ -115.2739971, 36.2137472999 ], [ -115.2739971, 36.213744599899997 ], [ -115.2739917, 36.213744599899997 ], [ -115.2739917, 36.2137418999 ], [ -115.273989, 36.2137418999 ], [ -115.273989, 36.213739199899997 ], [ -115.2739863, 36.213739199899997 ], [ -115.2739863, 36.213736499900001 ], [ -115.2739809, 36.213736499900001 ], [ -115.2739809, 36.213733799899998 ], [ -115.2739674, 36.213733799899998 ], [ -115.2739674, 36.213731099900002 ], [ -115.2739593, 36.213731099900002 ], [ -115.2739593, 36.213728399899999 ], [ -115.2739539, 36.213728399899999 ], [ -115.2739539, 36.213725699899996 ], [ -115.2739485, 36.213725699899996 ], [ -115.2739485, 36.2137229999 ], [ -115.2739431, 36.2137229999 ], [ -115.2739431, 36.213720299899997 ], [ -115.2739404, 36.213720299899997 ], [ -115.2739404, 36.213712199900002 ], [ -115.2739377, 36.213712199900002 ], [ -115.2739377, 36.213701399899996 ], [ -115.273935, 36.213701399899996 ], [ -115.273935, 36.2136986999 ], [ -115.2739296, 36.2136986999 ], [ -115.2739296, 36.213695999899997 ], [ -115.2739161, 36.213695999899997 ], [ -115.2739161, 36.2136986999 ], [ -115.273908, 36.2136986999 ], [ -115.273908, 36.213695999899997 ], [ -115.2739026, 36.213695999899997 ], [ -115.2739026, 36.213693299900001 ], [ -115.2738972, 36.213693299900001 ], [ -115.2738972, 36.213690599899998 ], [ -115.2738918, 36.213690599899998 ], [ -115.2738918, 36.213687899900002 ], [ -115.2738891, 36.213687899900002 ], [ -115.2738891, 36.213685199899999 ], [ -115.2738837, 36.213685199899999 ], [ -115.2738837, 36.213682499899996 ], [ -115.2738783, 36.213682499899996 ], [ -115.2738783, 36.2136797999 ], [ -115.2738756, 36.2136797999 ], [ -115.2738756, 36.213677099899996 ], [ -115.2738729, 36.213677099899996 ], [ -115.2738729, 36.2136743999 ], [ -115.2738675, 36.2136743999 ], [ -115.2738675, 36.213671699899997 ], [ -115.2738621, 36.213671699899997 ], [ -115.2738621, 36.213668999900001 ], [ -115.2738594, 36.213668999900001 ], [ -115.2738594, 36.213666299899998 ], [ -115.273854, 36.213666299899998 ], [ -115.273854, 36.213663599900002 ], [ -115.2738486, 36.213663599900002 ], [ -115.2738486, 36.213660899899999 ], [ -115.2738459, 36.213660899899999 ], [ -115.2738459, 36.213658199899996 ], [ -115.2738432, 36.213658199899996 ], [ -115.2738432, 36.2136554999 ], [ -115.2738405, 36.2136554999 ], [ -115.2738405, 36.213652799899997 ], [ -115.2738378, 36.213652799899997 ], [ -115.2738378, 36.213650099900001 ], [ -115.2738324, 36.213650099900001 ], [ -115.2738324, 36.213647399899997 ], [ -115.273827, 36.213647399899997 ], [ -115.273827, 36.213644699900001 ], [ -115.2738243, 36.213644699900001 ], [ -115.2738243, 36.213633899899996 ], [ -115.273827, 36.213633899899996 ], [ -115.273827, 36.2136311999 ], [ -115.2738297, 36.2136311999 ], [ -115.2738297, 36.213628499899997 ], [ -115.2738324, 36.213628499899997 ], [ -115.2738324, 36.213625799900001 ], [ -115.2738351, 36.213625799900001 ], [ -115.2738351, 36.213623099899998 ], [ -115.2738378, 36.213623099899998 ], [ -115.2738378, 36.213620399900002 ], [ -115.2738405, 36.213620399900002 ], [ -115.2738405, 36.213617699899999 ], [ -115.2738432, 36.213617699899999 ], [ -115.2738432, 36.213614999899995 ], [ -115.2738459, 36.213614999899995 ], [ -115.2738459, 36.213612299899999 ], [ -115.2738486, 36.213612299899999 ], [ -115.2738486, 36.213609599899996 ], [ -115.2738513, 36.213609599899996 ], [ -115.2738513, 36.2136068999 ], [ -115.273854, 36.2136068999 ], [ -115.273854, 36.213604199899997 ], [ -115.2738594, 36.213604199899997 ], [ -115.2738594, 36.213601499900001 ], [ -115.2738621, 36.213601499900001 ], [ -115.2738621, 36.213598799899998 ], [ -115.2738675, 36.213598799899998 ], [ -115.2738675, 36.213596099900002 ], [ -115.2738702, 36.213596099900002 ], [ -115.2738702, 36.213593399899999 ], [ -115.2738729, 36.213593399899999 ], [ -115.2738729, 36.213590699899996 ], [ -115.2738756, 36.213590699899996 ], [ -115.2738756, 36.2135879999 ], [ -115.2738837, 36.2135879999 ], [ -115.2738837, 36.213585299899997 ], [ -115.2738891, 36.213585299899997 ], [ -115.2738891, 36.2135879999 ], [ -115.2738999, 36.2135879999 ], [ -115.2738999, 36.213590699899996 ], [ -115.273908, 36.213590699899996 ], [ -115.273908, 36.2135879999 ], [ -115.2739107, 36.2135879999 ], [ -115.2739107, 36.213585299899997 ], [ -115.2739134, 36.213585299899997 ], [ -115.2739134, 36.213582599900001 ], [ -115.2739161, 36.213582599900001 ], [ -115.2739161, 36.213579899899997 ], [ -115.2739188, 36.213579899899997 ], [ -115.2739188, 36.213577199900001 ], [ -115.2739215, 36.213577199900001 ], [ -115.2739215, 36.213574499899998 ], [ -115.2739242, 36.213574499899998 ], [ -115.2739242, 36.213571799899995 ], [ -115.2739269, 36.213571799899995 ], [ -115.2739269, 36.213569099899999 ], [ -115.2739323, 36.213569099899999 ], [ -115.2739323, 36.2135636999 ], [ -115.273935, 36.2135636999 ], [ -115.273935, 36.213560999899997 ], [ -115.2739377, 36.213560999899997 ], [ -115.2739377, 36.213558299900001 ], [ -115.2739404, 36.213558299900001 ], [ -115.2739404, 36.213555599899998 ], [ -115.2739458, 36.213555599899998 ], [ -115.2739458, 36.213552899900002 ], [ -115.2739512, 36.213552899900002 ], [ -115.2739512, 36.213550199899998 ], [ -115.2739566, 36.213550199899998 ], [ -115.2739566, 36.213547499899995 ], [ -115.273962, 36.213547499899995 ], [ -115.273962, 36.213544799899999 ], [ -115.2739647, 36.213544799899999 ], [ -115.2739647, 36.213542099899996 ], [ -115.2739701, 36.213542099899996 ], [ -115.2739701, 36.2135393999 ], [ -115.2739728, 36.2135393999 ], [ -115.2739728, 36.213536699899997 ], [ -115.2739755, 36.213536699899997 ], [ -115.2739755, 36.213533999900001 ], [ -115.2739782, 36.213533999900001 ], [ -115.2739782, 36.213531299899998 ], [ -115.273989, 36.213531299899998 ], [ -115.273989, 36.213533999900001 ], [ -115.2739944, 36.213533999900001 ], [ -115.2739944, 36.213536699899997 ], [ -115.2739998, 36.213536699899997 ], [ -115.2739998, 36.2135393999 ], [ -115.2740052, 36.2135393999 ], [ -115.2740052, 36.213542099899996 ], [ -115.2740133, 36.213542099899996 ], [ -115.2740133, 36.213544799899999 ], [ -115.274016, 36.213544799899999 ], [ -115.274016, 36.213547499899995 ], [ -115.2740187, 36.213547499899995 ], [ -115.2740187, 36.213550199899998 ], [ -115.2740241, 36.213550199899998 ], [ -115.2740241, 36.213552899900002 ], [ -115.2740268, 36.213552899900002 ], [ -115.2740268, 36.213555599899998 ], [ -115.2740295, 36.213555599899998 ], [ -115.2740295, 36.213558299900001 ], [ -115.2740322, 36.213558299900001 ], [ -115.2740322, 36.2135636999 ], [ -115.2740349, 36.2135636999 ], [ -115.2740349, 36.213566399899996 ], [ -115.2740376, 36.213566399899996 ], [ -115.2740376, 36.213571799899995 ], [ -115.2740403, 36.213571799899995 ], [ -115.2740403, 36.213574499899998 ], [ -115.2740457, 36.213574499899998 ], [ -115.2740457, 36.213577199900001 ], [ -115.2740484, 36.213577199900001 ], [ -115.2740484, 36.213582599900001 ], [ -115.2740511, 36.213582599900001 ], [ -115.2740511, 36.213585299899997 ], [ -115.2740538, 36.213585299899997 ], [ -115.2740538, 36.2135879999 ], [ -115.2740565, 36.2135879999 ], [ -115.2740565, 36.213590699899996 ], [ -115.2740592, 36.213590699899996 ], [ -115.2740592, 36.213593399899999 ], [ -115.2740646, 36.213593399899999 ], [ -115.2740646, 36.213596099900002 ], [ -115.27407, 36.213596099900002 ], [ -115.27407, 36.213598799899998 ], [ -115.2740754, 36.213598799899998 ], [ -115.2740754, 36.213601499900001 ], [ -115.2740781, 36.213601499900001 ], [ -115.2740781, 36.213604199899997 ], [ -115.2740835, 36.213604199899997 ], [ -115.2740835, 36.2136068999 ], [ -115.2740889, 36.2136068999 ], [ -115.2740889, 36.213609599899996 ], [ -115.2740943, 36.213609599899996 ], [ -115.2740943, 36.213612299899999 ], [ -115.274097, 36.213612299899999 ], [ -115.274097, 36.213614999899995 ], [ -115.2740997, 36.213614999899995 ], [ -115.2740997, 36.213617699899999 ], [ -115.2741051, 36.213617699899999 ], [ -115.2741051, 36.213620399900002 ], [ -115.2741078, 36.213620399900002 ], [ -115.2741078, 36.213623099899998 ], [ -115.2741105, 36.213623099899998 ], [ -115.2741105, 36.2136311999 ], [ -115.2741132, 36.2136311999 ], [ -115.2741132, 36.213636599899999 ], [ -115.2741105, 36.213636599899999 ], [ -115.2741105, 36.213639299899995 ], [ -115.2741078, 36.213639299899995 ], [ -115.2741078, 36.213641999899998 ], [ -115.2741051, 36.213641999899998 ], [ -115.2741051, 36.213644699900001 ], [ -115.2741024, 36.213644699900001 ], [ -115.2741024, 36.213647399899997 ], [ -115.2740997, 36.213647399899997 ], [ -115.2740997, 36.213650099900001 ], [ -115.274097, 36.213650099900001 ], [ -115.274097, 36.213652799899997 ], [ -115.2740943, 36.213652799899997 ], [ -115.2740943, 36.213660899899999 ], [ -115.2740916, 36.213660899899999 ], [ -115.2740916, 36.213668999900001 ], [ -115.2740889, 36.213668999900001 ], [ -115.2740889, 36.213671699899997 ], [ -115.2740862, 36.213671699899997 ], [ -115.2740862, 36.2136743999 ], [ -115.2740835, 36.2136743999 ], [ -115.2740835, 36.2136797999 ], [ -115.2740808, 36.2136797999 ], [ -115.2740808, 36.213682499899996 ], [ -115.2740781, 36.213682499899996 ], [ -115.2740781, 36.213685199899999 ], [ -115.2740754, 36.213685199899999 ], [ -115.2740754, 36.213687899900002 ], [ -115.2740727, 36.213687899900002 ], [ -115.2740727, 36.213690599899998 ], [ -115.27407, 36.213690599899998 ], [ -115.27407, 36.213693299900001 ], [ -115.2740673, 36.213693299900001 ], [ -115.2740673, 36.213695999899997 ], [ -115.2740619, 36.213695999899997 ], [ -115.2740619, 36.2136986999 ], [ -115.2740592, 36.2136986999 ], [ -115.2740592, 36.213701399899996 ], [ -115.2740538, 36.213701399899996 ], [ -115.2740538, 36.213704099899999 ], [ -115.2740511, 36.213704099899999 ], [ -115.2740511, 36.213706799899995 ], [ -115.2740484, 36.213706799899995 ], [ -115.2740484, 36.213709499899998 ], [ -115.2740457, 36.213709499899998 ], [ -115.2740457, 36.213712199900002 ], [ -115.274043, 36.213712199900002 ], [ -115.274043, 36.213714899899998 ], [ -115.2740403, 36.213714899899998 ], [ -115.2740403, 36.213720299899997 ], [ -115.2740376, 36.213720299899997 ], [ -115.2740376, 36.213725699899996 ], [ -115.2740349, 36.213725699899996 ], [ -115.2740349, 36.213731099900002 ], [ -115.2740322, 36.213731099900002 ], [ -115.2740322, 36.213733799899998 ], [ -115.2740295, 36.213733799899998 ], [ -115.2740295, 36.213736499900001 ], [ -115.2740268, 36.213736499900001 ], [ -115.2740268, 36.213739199899997 ], [ -115.2740214, 36.213739199899997 ], [ -115.2740214, 36.2137418999 ], [ -115.2740187, 36.2137418999 ], [ -115.2740187, 36.213744599899997 ], [ -115.2740133, 36.213744599899997 ], [ -115.2740133, 36.2137472999 ] ] ] } },
{ "type": "Feature", "properties": { "value": 255.0 }, "geometry": { "type": "Polygon", "coordinates": [ [ [ -115.2731385, 36.213490799900001 ], [ -115.2731304, 36.213490799900001 ], [ -115.2731304, 36.213488099899998 ], [ -115.273125, 36.213488099899998 ], [ -115.273125, 36.213485399900001 ], [ -115.2731223, 36.213485399900001 ], [ -115.2731223, 36.213479999899995 ], [ -115.2731196, 36.213479999899995 ], [ -115.2731196, 36.213458399899999 ], [ -115.2731223, 36.213458399899999 ], [ -115.2731223, 36.213455699899995 ], [ -115.273125, 36.213455699899995 ], [ -115.273125, 36.213452999899999 ], [ -115.2731412, 36.213452999899999 ], [ -115.2731412, 36.213455699899995 ], [ -115.2731574, 36.213455699899995 ], [ -115.2731574, 36.213461099900002 ], [ -115.2731601, 36.213461099900002 ], [ -115.2731601, 36.213479999899995 ], [ -115.2731574, 36.213479999899995 ], [ -115.2731574, 36.213482699899998 ], [ -115.2731547, 36.213482699899998 ], [ -115.2731547, 36.213485399900001 ], [ -115.2731493, 36.213485399900001 ], [ -115.2731493, 36.213488099899998 ], [ -115.2731385, 36.213488099899998 ], [ -115.2731385, 36.213490799900001 ] ] ] } },
{ "type": "Feature", "properties": { "value": 255.0 }, "geometry": { "type": "Polygon", "coordinates": [ [ [ -115.2733302, 36.213633899899996 ], [ -115.2733221, 36.213633899899996 ], [ -115.2733221, 36.2136311999 ], [ -115.2733194, 36.2136311999 ], [ -115.2733194, 36.213628499899997 ], [ -115.2733167, 36.213628499899997 ], [ -115.2733167, 36.213625799900001 ], [ -115.273314, 36.213625799900001 ], [ -115.273314, 36.213620399900002 ], [ -115.2733113, 36.213620399900002 ], [ -115.2733113, 36.213617699899999 ], [ -115.2733086, 36.213617699899999 ], [ -115.2733086, 36.213612299899999 ], [ -115.2733059, 36.213612299899999 ], [ -115.2733059, 36.213609599899996 ], [ -115.2733032, 36.213609599899996 ], [ -115.2733032, 36.213604199899997 ], [ -115.2733005, 36.213604199899997 ], [ -115.2733005, 36.213601499900001 ], [ -115.2732978, 36.213601499900001 ], [ -115.2732978, 36.213598799899998 ], [ -115.2732924, 36.213598799899998 ], [ -115.2732924, 36.213596099900002 ], [ -115.2732789, 36.213596099900002 ], [ -115.2732789, 36.213593399899999 ], [ -115.2732762, 36.213593399899999 ], [ -115.2732762, 36.213590699899996 ], [ -115.2732735, 36.213590699899996 ], [ -115.2732735, 36.2135879999 ], [ -115.2732708, 36.2135879999 ], [ -115.2732708, 36.213585299899997 ], [ -115.2732681, 36.213585299899997 ], [ -115.2732681, 36.213582599900001 ], [ -115.2732654, 36.213582599900001 ], [ -115.2732654, 36.213574499899998 ], [ -115.2732627, 36.213574499899998 ], [ -115.2732627, 36.213566399899996 ], [ -115.27326, 36.213566399899996 ], [ -115.27326, 36.213560999899997 ], [ -115.2732573, 36.213560999899997 ], [ -115.2732573, 36.213555599899998 ], [ -115.2732546, 36.213555599899998 ], [ -115.2732546, 36.213550199899998 ], [ -115.2732519, 36.213550199899998 ], [ -115.2732519, 36.213547499899995 ], [ -115.2732492, 36.213547499899995 ], [ -115.2732492, 36.213544799899999 ], [ -115.2732465, 36.213544799899999 ], [ -115.2732465, 36.2135393999 ], [ -115.2732438, 36.2135393999 ], [ -115.2732438, 36.213531299899998 ], [ -115.2732411, 36.213531299899998 ], [ -115.2732411, 36.2135150999 ], [ -115.2732384, 36.2135150999 ], [ -115.2732384, 36.213512399899997 ], [ -115.2732357, 36.213512399899997 ], [ -115.2732357, 36.213509699900001 ], [ -115.273233, 36.213509699900001 ], [ -115.273233, 36.213506999899998 ], [ -115.2732303, 36.213506999899998 ], [ -115.2732303, 36.213493499899997 ], [ -115.273233, 36.213493499899997 ], [ -115.273233, 36.213490799900001 ], [ -115.2732411, 36.213490799900001 ], [ -115.2732411, 36.213488099899998 ], [ -115.2732465, 36.213488099899998 ], [ -115.2732465, 36.213485399900001 ], [ -115.2732546, 36.213485399900001 ], [ -115.2732546, 36.213482699899998 ], [ -115.27326, 36.213482699899998 ], [ -115.27326, 36.213479999899995 ], [ -115.2732708, 36.213479999899995 ], [ -115.2732708, 36.213477299899999 ], [ -115.2732762, 36.213477299899999 ], [ -115.2732762, 36.213474599899996 ], [ -115.2732816, 36.213474599899996 ], [ -115.2732816, 36.2134718999 ], [ -115.2732843, 36.2134718999 ], [ -115.2732843, 36.213469199899997 ], [ -115.2732897, 36.213469199899997 ], [ -115.2732897, 36.213452999899999 ], [ -115.2732924, 36.213452999899999 ], [ -115.2732924, 36.2134475999 ], [ -115.2732951, 36.2134475999 ], [ -115.2732951, 36.213444899899997 ], [ -115.2733005, 36.213444899899997 ], [ -115.2733005, 36.213442199900001 ], [ -115.2733032, 36.213442199900001 ], [ -115.2733032, 36.213439499899998 ], [ -115.2733086, 36.213439499899998 ], [ -115.2733086, 36.213436799899995 ], [ -115.273314, 36.213436799899995 ], [ -115.273314, 36.213434099899999 ], [ -115.2733194, 36.213434099899999 ], [ -115.2733194, 36.213431399899996 ], [ -115.2733248, 36.213431399899996 ], [ -115.2733248, 36.2134286999 ], [ -115.2733302, 36.2134286999 ], [ -115.2733302, 36.213425999899997 ], [ -115.2733356, 36.213425999899997 ], [ -115.2733356, 36.213423299900001 ], [ -115.2733437, 36.213423299900001 ], [ -115.2733437, 36.213420599899997 ], [ -115.2733491, 36.213420599899997 ], [ -115.2733491, 36.213417899900001 ], [ -115.273368, 36.213417899900001 ], [ -115.273368, 36.213420599899997 ], [ -115.2733707, 36.213420599899997 ], [ -115.2733707, 36.213423299900001 ], [ -115.2733734, 36.213423299900001 ], [ -115.2733734, 36.2134286999 ], [ -115.2733761, 36.2134286999 ], [ -115.2733761, 36.213431399899996 ], [ -115.2733788, 36.213431399899996 ], [ -115.2733788, 36.213436799899995 ], [ -115.2733815, 36.213436799899995 ], [ -115.2733815, 36.213439499899998 ], [ -115.2733842, 36.213439499899998 ], [ -115.2733842, 36.213444899899997 ], [ -115.2733869, 36.213444899899997 ], [ -115.2733869, 36.213450299899996 ], [ -115.2733896, 36.213450299899996 ], [ -115.2733896, 36.213455699899995 ], [ -115.2733923, 36.213455699899995 ], [ -115.2733923, 36.213458399899999 ], [ -115.273395, 36.213458399899999 ], [ -115.273395, 36.213461099900002 ], [ -115.2733977, 36.213461099900002 ], [ -115.2733977, 36.213466499900001 ], [ -115.2734004, 36.213466499900001 ], [ -115.2734004, 36.213469199899997 ], [ -115.2734031, 36.213469199899997 ], [ -115.2734031, 36.213474599899996 ], [ -115.2734058, 36.213474599899996 ], [ -115.2734058, 36.213477299899999 ], [ -115.2734085, 36.213477299899999 ], [ -115.2734085, 36.213482699899998 ], [ -115.2734112, 36.213482699899998 ], [ -115.2734112, 36.213488099899998 ], [ -115.2734139, 36.213488099899998 ], [ -115.2734139, 36.213493499899997 ], [ -115.2734166, 36.213493499899997 ], [ -115.2734166, 36.2134961999 ], [ -115.2734139, 36.2134961999 ], [ -115.2734139, 36.213501599899999 ], [ -115.2734112, 36.213501599899999 ], [ -115.2734112, 36.213509699900001 ], [ -115.2734085, 36.213509699900001 ], [ -115.2734085, 36.213512399899997 ], [ -115.2734058, 36.213512399899997 ], [ -115.2734058, 36.2135150999 ], [ -115.2734031, 36.2135150999 ], [ -115.2734031, 36.213517799899996 ], [ -115.2734004, 36.213517799899996 ], [ -115.2734004, 36.2135204999 ], [ -115.2733977, 36.2135204999 ], [ -115.2733977, 36.213523199899996 ], [ -115.2734004, 36.213523199899996 ], [ -115.2734004, 36.213525899899999 ], [ -115.2734031, 36.213525899899999 ], [ -115.2734031, 36.213528599900002 ], [ -115.2734139, 36.213528599900002 ], [ -115.2734139, 36.213525899899999 ], [ -115.2734193, 36.213525899899999 ], [ -115.2734193, 36.213528599900002 ], [ -115.2734247, 36.213528599900002 ], [ -115.2734247, 36.213531299899998 ], [ -115.2734274, 36.213531299899998 ], [ -115.2734274, 36.213533999900001 ], [ -115.2734301, 36.213533999900001 ], [ -115.2734301, 36.213536699899997 ], [ -115.2734328, 36.213536699899997 ], [ -115.2734328, 36.2135393999 ], [ -115.2734382, 36.2135393999 ], [ -115.2734382, 36.213542099899996 ], [ -115.2734409, 36.213542099899996 ], [ -115.2734409, 36.213544799899999 ], [ -115.2734436, 36.213544799899999 ], [ -115.2734436, 36.213566399899996 ], [ -115.2734463, 36.213566399899996 ], [ -115.2734463, 36.213574499899998 ], [ -115.273449, 36.213574499899998 ], [ -115.273449, 36.213579899899997 ], [ -115.2734517, 36.213579899899997 ], [ -115.2734517, 36.213585299899997 ], [ -115.2734544, 36.213585299899997 ], [ -115.2734544, 36.213590699899996 ], [ -115.2734517, 36.213590699899996 ], [ -115.2734517, 36.213593399899999 ], [ -115.273449, 36.213593399899999 ], [ -115.273449, 36.213596099900002 ], [ -115.2734463, 36.213596099900002 ], [ -115.2734463, 36.213598799899998 ], [ -115.2734409, 36.213598799899998 ], [ -115.2734409, 36.213601499900001 ], [ -115.2734382, 36.213601499900001 ], [ -115.2734382, 36.213604199899997 ], [ -115.2734301, 36.213604199899997 ], [ -115.2734301, 36.2136068999 ], [ -115.2734193, 36.2136068999 ], [ -115.2734193, 36.213609599899996 ], [ -115.2734004, 36.213609599899996 ], [ -115.2734004, 36.213612299899999 ], [ -115.2733842, 36.213612299899999 ], [ -115.2733842, 36.213614999899995 ], [ -115.2733761, 36.213614999899995 ], [ -115.2733761, 36.213617699899999 ], [ -115.2733707, 36.213617699899999 ], [ -115.2733707, 36.213620399900002 ], [ -115.273368, 36.213620399900002 ], [ -115.273368, 36.213623099899998 ], [ -115.2733626, 36.213623099899998 ], [ -115.2733626, 36.213625799900001 ], [ -115.2733572, 36.213625799900001 ], [ -115.2733572, 36.213628499899997 ], [ -115.273341, 36.213628499899997 ], [ -115.273341, 36.2136311999 ], [ -115.2733302, 36.2136311999 ], [ -115.2733302, 36.213633899899996 ] ] ] } },
{ "type": "Feature", "properties": { "value": 255.0 }, "geometry": { "type": "Polygon", "coordinates": [ [ [ -115.2737838, 36.213596099900002 ], [ -115.2737811, 36.213596099900002 ], [ -115.2737811, 36.213593399899999 ], [ -115.2737757, 36.213593399899999 ], [ -115.2737757, 36.213590699899996 ], [ -115.273773, 36.213590699899996 ], [ -115.273773, 36.2135879999 ], [ -115.2737703, 36.2135879999 ], [ -115.2737703, 36.213582599900001 ], [ -115.2737676, 36.213582599900001 ], [ -115.2737676, 36.213579899899997 ], [ -115.2737649, 36.213579899899997 ], [ -115.2737649, 36.213574499899998 ], [ -115.2737622, 36.213574499899998 ], [ -115.2737622, 36.213571799899995 ], [ -115.2737595, 36.213571799899995 ], [ -115.2737595, 36.213569099899999 ], [ -115.2737514, 36.213569099899999 ], [ -115.2737514, 36.213566399899996 ], [ -115.2737487, 36.213566399899996 ], [ -115.2737487, 36.2135636999 ], [ -115.273746, 36.2135636999 ], [ -115.273746, 36.213558299900001 ], [ -115.2737433, 36.213558299900001 ], [ -115.2737433, 36.213555599899998 ], [ -115.2737379, 36.213555599899998 ], [ -115.2737379, 36.213552899900002 ], [ -115.2737352, 36.213552899900002 ], [ -115.2737352, 36.213550199899998 ], [ -115.2737244, 36.213550199899998 ], [ -115.2737244, 36.213544799899999 ], [ -115.2737217, 36.213544799899999 ], [ -115.2737217, 36.213536699899997 ], [ -115.2737244, 36.213536699899997 ], [ -115.2737244, 36.213533999900001 ], [ -115.2737271, 36.213533999900001 ], [ -115.2737271, 36.213531299899998 ], [ -115.2737298, 36.213531299899998 ], [ -115.2737298, 36.213528599900002 ], [ -115.2737325, 36.213528599900002 ], [ -115.2737325, 36.213525899899999 ], [ -115.2737352, 36.213525899899999 ], [ -115.2737352, 36.213523199899996 ], [ -115.2737379, 36.213523199899996 ], [ -115.2737379, 36.2135204999 ], [ -115.2737406, 36.2135204999 ], [ -115.2737406, 36.2135150999 ], [ -115.2737433, 36.2135150999 ], [ -115.2737433, 36.213512399899997 ], [ -115.2737541, 36.213512399899997 ], [ -115.2737541, 36.213509699900001 ], [ -115.2737622, 36.213509699900001 ], [ -115.2737622, 36.213506999899998 ], [ -115.2737649, 36.213506999899998 ], [ -115.2737649, 36.213498899899996 ], [ -115.2737622, 36.213498899899996 ], [ -115.2737622, 36.213493499899997 ], [ -115.2737595, 36.213493499899997 ], [ -115.2737595, 36.213488099899998 ], [ -115.2737568, 36.213488099899998 ], [ -115.2737568, 36.213485399900001 ], [ -115.2737541, 36.213485399900001 ], [ -115.2737541, 36.213482699899998 ], [ -115.2737514, 36.213482699899998 ], [ -115.2737514, 36.213479999899995 ], [ -115.2737487, 36.213479999899995 ], [ -115.2737487, 36.213477299899999 ], [ -115.273746, 36.213477299899999 ], [ -115.273746, 36.213469199899997 ], [ -115.2737433, 36.213469199899997 ], [ -115.2737433, 36.213461099900002 ], [ -115.2737406, 36.213461099900002 ], [ -115.2737406, 36.213455699899995 ], [ -115.2737379, 36.213455699899995 ], [ -115.2737379, 36.213452999899999 ], [ -115.2737352, 36.213452999899999 ], [ -115.2737352, 36.2134475999 ], [ -115.2737325, 36.2134475999 ], [ -115.2737325, 36.213444899899997 ], [ -115.2737298, 36.213444899899997 ], [ -115.2737298, 36.213439499899998 ], [ -115.2737271, 36.213439499899998 ], [ -115.2737271, 36.213436799899995 ], [ -115.2737244, 36.213436799899995 ], [ -115.2737244, 36.213431399899996 ], [ -115.2737217, 36.213431399899996 ], [ -115.2737217, 36.213425999899997 ], [ -115.273719, 36.213425999899997 ], [ -115.273719, 36.213423299900001 ], [ -115.2737217, 36.213423299900001 ], [ -115.2737217, 36.213417899900001 ], [ -115.2737271, 36.213417899900001 ], [ -115.2737271, 36.213415199899998 ], [ -115.2737325, 36.213415199899998 ], [ -115.2737325, 36.213412499899995 ], [ -115.2737406, 36.213412499899995 ], [ -115.2737406, 36.213409799899999 ], [ -115.2737487, 36.213409799899999 ], [ -115.2737487, 36.213407099899996 ], [ -115.2737622, 36.213407099899996 ], [ -115.2737622, 36.2134043999 ], [ -115.2737676, 36.2134043999 ], [ -115.2737676, 36.213401699899997 ], [ -115.2737757, 36.213401699899997 ], [ -115.2737757, 36.213398999900001 ], [ -115.2737892, 36.213398999900001 ], [ -115.2737892, 36.213401699899997 ], [ -115.2737973, 36.213401699899997 ], [ -115.2737973, 36.2134043999 ], [ -115.2738, 36.2134043999 ], [ -115.2738, 36.213407099899996 ], [ -115.2738027, 36.213407099899996 ], [ -115.2738027, 36.213409799899999 ], [ -115.2738054, 36.213409799899999 ], [ -115.2738054, 36.213415199899998 ], [ -115.2738081, 36.213415199899998 ], [ -115.2738081, 36.213417899900001 ], [ -115.2738108, 36.213417899900001 ], [ -115.2738108, 36.213420599899997 ], [ -115.2738135, 36.213420599899997 ], [ -115.2738135, 36.213423299900001 ], [ -115.2738189, 36.213423299900001 ], [ -115.2738189, 36.2134286999 ], [ -115.273827, 36.2134286999 ], [ -115.273827, 36.213431399899996 ], [ -115.2738486, 36.213431399899996 ], [ -115.2738486, 36.213434099899999 ], [ -115.2738567, 36.213434099899999 ], [ -115.2738567, 36.213436799899995 ], [ -115.2738648, 36.213436799899995 ], [ -115.2738648, 36.213439499899998 ], [ -115.2738702, 36.213439499899998 ], [ -115.2738702, 36.213442199900001 ], [ -115.2738756, 36.213442199900001 ], [ -115.2738756, 36.213444899899997 ], [ -115.273881, 36.213444899899997 ], [ -115.273881, 36.2134475999 ], [ -115.2738837, 36.2134475999 ], [ -115.2738837, 36.213450299899996 ], [ -115.2738864, 36.213450299899996 ], [ -115.2738864, 36.213452999899999 ], [ -115.2738891, 36.213452999899999 ], [ -115.2738891, 36.213455699899995 ], [ -115.2738918, 36.213455699899995 ], [ -115.2738918, 36.213458399899999 ], [ -115.2738972, 36.213458399899999 ], [ -115.2738972, 36.213461099900002 ], [ -115.2738999, 36.213461099900002 ], [ -115.2738999, 36.213463799899998 ], [ -115.2739053, 36.213463799899998 ], [ -115.2739053, 36.213466499900001 ], [ -115.273908, 36.213466499900001 ], [ -115.273908, 36.213469199899997 ], [ -115.2739134, 36.213469199899997 ], [ -115.2739134, 36.2134718999 ], [ -115.2739161, 36.2134718999 ], [ -115.2739161, 36.213474599899996 ], [ -115.2739188, 36.213474599899996 ], [ -115.2739188, 36.213477299899999 ], [ -115.2739242, 36.213477299899999 ], [ -115.2739242, 36.213479999899995 ], [ -115.2739296, 36.213479999899995 ], [ -115.2739296, 36.213482699899998 ], [ -115.273935, 36.213482699899998 ], [ -115.273935, 36.213485399900001 ], [ -115.2739377, 36.213485399900001 ], [ -115.2739377, 36.213488099899998 ], [ -115.2739404, 36.213488099899998 ], [ -115.2739404, 36.213490799900001 ], [ -115.2739431, 36.213490799900001 ], [ -115.2739431, 36.213493499899997 ], [ -115.2739458, 36.213493499899997 ], [ -115.2739458, 36.2134961999 ], [ -115.2739485, 36.2134961999 ], [ -115.2739485, 36.213498899899996 ], [ -115.2739512, 36.213498899899996 ], [ -115.2739512, 36.213504299899995 ], [ -115.2739458, 36.213504299899995 ], [ -115.2739458, 36.213506999899998 ], [ -115.2739431, 36.213506999899998 ], [ -115.2739431, 36.213509699900001 ], [ -115.2739377, 36.213509699900001 ], [ -115.2739377, 36.213512399899997 ], [ -115.2739323, 36.213512399899997 ], [ -115.2739323, 36.2135150999 ], [ -115.2739296, 36.2135150999 ], [ -115.2739296, 36.213517799899996 ], [ -115.2739269, 36.213517799899996 ], [ -115.2739269, 36.2135204999 ], [ -115.2739242, 36.2135204999 ], [ -115.2739242, 36.213528599900002 ], [ -115.2739215, 36.213528599900002 ], [ -115.2739215, 36.213533999900001 ], [ -115.2739134, 36.213533999900001 ], [ -115.2739134, 36.213536699899997 ], [ -115.273908, 36.213536699899997 ], [ -115.273908, 36.2135393999 ], [ -115.2739026, 36.2135393999 ], [ -115.2739026, 36.213542099899996 ], [ -115.2738972, 36.213542099899996 ], [ -115.2738972, 36.213544799899999 ], [ -115.2738864, 36.213544799899999 ], [ -115.2738864, 36.213547499899995 ], [ -115.2738837, 36.213547499899995 ], [ -115.2738837, 36.213550199899998 ], [ -115.2738783, 36.213550199899998 ], [ -115.2738783, 36.213552899900002 ], [ -115.2738729, 36.213552899900002 ], [ -115.2738729, 36.213555599899998 ], [ -115.2738675, 36.213555599899998 ], [ -115.2738675, 36.213558299900001 ], [ -115.2738594, 36.213558299900001 ], [ -115.2738594, 36.213560999899997 ], [ -115.273854, 36.213560999899997 ], [ -115.273854, 36.2135636999 ], [ -115.2738459, 36.2135636999 ], [ -115.2738459, 36.213566399899996 ], [ -115.2738405, 36.213566399899996 ], [ -115.2738405, 36.213569099899999 ], [ -115.2738351, 36.213569099899999 ], [ -115.2738351, 36.213571799899995 ], [ -115.2738324, 36.213571799899995 ], [ -115.2738324, 36.213574499899998 ], [ -115.273827, 36.213574499899998 ], [ -115.273827, 36.213577199900001 ], [ -115.2738216, 36.213577199900001 ], [ -115.2738216, 36.213579899899997 ], [ -115.2738162, 36.213579899899997 ], [ -115.2738162, 36.213582599900001 ], [ -115.2738108, 36.213582599900001 ], [ -115.2738108, 36.213585299899997 ], [ -115.2738054, 36.213585299899997 ], [ -115.2738054, 36.2135879999 ], [ -115.2738, 36.2135879999 ], [ -115.2738, 36.213590699899996 ], [ -115.2737919, 36.213590699899996 ], [ -115.2737919, 36.213593399899999 ], [ -115.2737838, 36.213593399899999 ], [ -115.2737838, 36.213596099900002 ] ] ] } },
{ "type": "Feature", "properties": { "value": 255.0 }, "geometry": { "type": "Polygon", "coordinates": [ [ [ -115.2739809, 36.213293699899999 ], [ -115.2739647, 36.213293699899999 ], [ -115.2739647, 36.213290999899996 ], [ -115.2739566, 36.213290999899996 ], [ -115.2739566, 36.2132882999 ], [ -115.2739539, 36.2132882999 ], [ -115.2739539, 36.213285599899997 ], [ -115.2739512, 36.213285599899997 ], [ -115.2739512, 36.213274799899999 ], [ -115.2739539, 36.213274799899999 ], [ -115.2739539, 36.213266699899997 ], [ -115.2739755, 36.213266699899997 ], [ -115.2739755, 36.2132693999 ], [ -115.2739836, 36.2132693999 ], [ -115.2739836, 36.213272099899996 ], [ -115.2739863, 36.213272099899996 ], [ -115.2739863, 36.213274799899999 ], [ -115.273989, 36.213274799899999 ], [ -115.273989, 36.2132882999 ], [ -115.2739863, 36.2132882999 ], [ -115.2739863, 36.213290999899996 ], [ -115.2739809, 36.213290999899996 ], [ -115.2739809, 36.213293699899999 ] ] ] } },
{ "type": "Feature", "properties": { "value": 255.0 }, "geometry": { "type": "Polygon", "coordinates": [ [ [ -115.2731979, 36.2134475999 ], [ -115.2731871, 36.2134475999 ], [ -115.2731871, 36.213444899899997 ], [ -115.2731844, 36.213444899899997 ], [ -115.2731844, 36.213442199900001 ], [ -115.2731817, 36.213442199900001 ], [ -115.2731817, 36.213439499899998 ], [ -115.273179, 36.213439499899998 ], [ -115.273179, 36.213436799899995 ], [ -115.2731763, 36.213436799899995 ], [ -115.2731763, 36.213431399899996 ], [ -115.2731736, 36.213431399899996 ], [ -115.2731736, 36.2134286999 ], [ -115.2731709, 36.2134286999 ], [ -115.2731709, 36.213425999899997 ], [ -115.2731682, 36.213425999899997 ], [ -115.2731682, 36.213420599899997 ], [ -115.2731655, 36.213420599899997 ], [ -115.2731655, 36.213415199899998 ], [ -115.2731628, 36.213415199899998 ], [ -115.2731628, 36.213398999900001 ], [ -115.2731601, 36.213398999900001 ], [ -115.2731601, 36.213396299899998 ], [ -115.2731574, 36.213396299899998 ], [ -115.2731574, 36.213393599900002 ], [ -115.2731547, 36.213393599900002 ], [ -115.2731547, 36.213390899899998 ], [ -115.2731493, 36.213390899899998 ], [ -115.2731493, 36.213388199899995 ], [ -115.2731439, 36.213388199899995 ], [ -115.2731439, 36.213385499899999 ], [ -115.2731412, 36.213385499899999 ], [ -115.2731412, 36.213382799899996 ], [ -115.2731358, 36.213382799899996 ], [ -115.2731358, 36.2133800999 ], [ -115.2731331, 36.2133800999 ], [ -115.2731331, 36.213377399899997 ], [ -115.2731277, 36.213377399899997 ], [ -115.2731277, 36.213374699900001 ], [ -115.273125, 36.213374699900001 ], [ -115.273125, 36.213371999899998 ], [ -115.2731223, 36.213371999899998 ], [ -115.2731223, 36.213369299899995 ], [ -115.2731196, 36.213369299899995 ], [ -115.2731196, 36.213366599899999 ], [ -115.2731169, 36.213366599899999 ], [ -115.2731169, 36.213363899899996 ], [ -115.2731142, 36.213363899899996 ], [ -115.2731142, 36.2133611999 ], [ -115.2730926, 36.2133611999 ], [ -115.2730926, 36.213358499899996 ], [ -115.2730899, 36.213358499899996 ], [ -115.2730899, 36.213353099899997 ], [ -115.2730872, 36.213353099899997 ], [ -115.2730872, 36.213350399900001 ], [ -115.2730845, 36.213350399900001 ], [ -115.2730845, 36.213344999899995 ], [ -115.2730818, 36.213344999899995 ], [ -115.2730818, 36.213342299899999 ], [ -115.2730791, 36.213342299899999 ], [ -115.2730791, 36.213339599899996 ], [ -115.2730764, 36.213339599899996 ], [ -115.2730764, 36.213334199899997 ], [ -115.2730737, 36.213334199899997 ], [ -115.2730737, 36.213331499900001 ], [ -115.273071, 36.213331499900001 ], [ -115.273071, 36.213320699899995 ], [ -115.2730737, 36.213320699899995 ], [ -115.2730737, 36.213317999899999 ], [ -115.2730791, 36.213317999899999 ], [ -115.2730791, 36.213315299899996 ], [ -115.2730845, 36.213315299899996 ], [ -115.2730845, 36.2133125999 ], [ -115.2730872, 36.2133125999 ], [ -115.2730872, 36.213309899899997 ], [ -115.2730899, 36.213309899899997 ], [ -115.2730899, 36.213307199900001 ], [ -115.2730926, 36.213307199900001 ], [ -115.2730926, 36.213301799899995 ], [ -115.2730953, 36.213301799899995 ], [ -115.2730953, 36.213299099899999 ], [ -115.273098, 36.213299099899999 ], [ -115.273098, 36.213296399899995 ], [ -115.2731034, 36.213296399899995 ], [ -115.2731034, 36.213293699899999 ], [ -115.2731061, 36.213293699899999 ], [ -115.2731061, 36.213290999899996 ], [ -115.2731115, 36.213290999899996 ], [ -115.2731115, 36.2132882999 ], [ -115.2731169, 36.2132882999 ], [ -115.2731169, 36.213285599899997 ], [ -115.2731385, 36.213285599899997 ], [ -115.2731385, 36.213282899900001 ], [ -115.2731493, 36.213282899900001 ], [ -115.2731493, 36.213280199899998 ], [ -115.2731547, 36.213280199899998 ], [ -115.2731547, 36.213277499899995 ], [ -115.2731601, 36.213277499899995 ], [ -115.2731601, 36.213274799899999 ], [ -115.2731655, 36.213274799899999 ], [ -115.2731655, 36.213272099899996 ], [ -115.2731736, 36.213272099899996 ], [ -115.2731736, 36.2132693999 ], [ -115.273179, 36.2132693999 ], [ -115.273179, 36.213266699899997 ], [ -115.2731844, 36.213266699899997 ], [ -115.2731844, 36.213263999900001 ], [ -115.2731898, 36.213263999900001 ], [ -115.2731898, 36.213261299899997 ], [ -115.2731979, 36.213261299899997 ], [ -115.2731979, 36.213258599900001 ], [ -115.2732249, 36.213258599900001 ], [ -115.2732249, 36.213255899899998 ], [ -115.2732303, 36.213255899899998 ], [ -115.2732303, 36.213253199899995 ], [ -115.2732384, 36.213253199899995 ], [ -115.2732384, 36.213258599900001 ], [ -115.2732411, 36.213258599900001 ], [ -115.2732411, 36.213261299899997 ], [ -115.2732438, 36.213261299899997 ], [ -115.2732438, 36.213263999900001 ], [ -115.2732465, 36.213263999900001 ], [ -115.2732465, 36.213266699899997 ], [ -115.2732519, 36.213266699899997 ], [ -115.2732519, 36.2132693999 ], [ -115.2732546, 36.2132693999 ], [ -115.2732546, 36.213272099899996 ], [ -115.2732573, 36.213272099899996 ], [ -115.2732573, 36.213274799899999 ], [ -115.27326, 36.213274799899999 ], [ -115.27326, 36.213277499899995 ], [ -115.2732627, 36.213277499899995 ], [ -115.2732627, 36.213280199899998 ], [ -115.2732654, 36.213280199899998 ], [ -115.2732654, 36.213282899900001 ], [ -115.2732681, 36.213282899900001 ], [ -115.2732681, 36.213285599899997 ], [ -115.2732708, 36.213285599899997 ], [ -115.2732708, 36.2132882999 ], [ -115.2732735, 36.2132882999 ], [ -115.2732735, 36.213290999899996 ], [ -115.2732762, 36.213290999899996 ], [ -115.2732762, 36.213296399899995 ], [ -115.2732789, 36.213296399899995 ], [ -115.2732789, 36.213299099899999 ], [ -115.2732816, 36.213299099899999 ], [ -115.2732816, 36.213304499899998 ], [ -115.2732843, 36.213304499899998 ], [ -115.2732843, 36.213307199900001 ], [ -115.273287, 36.213307199900001 ], [ -115.273287, 36.213309899899997 ], [ -115.2732897, 36.213309899899997 ], [ -115.2732897, 36.2133125999 ], [ -115.2732924, 36.2133125999 ], [ -115.2732924, 36.213315299899996 ], [ -115.2732951, 36.213315299899996 ], [ -115.2732951, 36.213320699899995 ], [ -115.2732978, 36.213320699899995 ], [ -115.2732978, 36.213323399899998 ], [ -115.2733032, 36.213323399899998 ], [ -115.2733032, 36.213326099900002 ], [ -115.2733059, 36.213326099900002 ], [ -115.2733059, 36.213328799899998 ], [ -115.2733086, 36.213328799899998 ], [ -115.2733086, 36.213334199899997 ], [ -115.2733113, 36.213334199899997 ], [ -115.2733113, 36.213339599899996 ], [ -115.273314, 36.213339599899996 ], [ -115.273314, 36.213342299899999 ], [ -115.2733167, 36.213342299899999 ], [ -115.2733167, 36.213344999899995 ], [ -115.2733194, 36.213344999899995 ], [ -115.2733194, 36.213347699899998 ], [ -115.2733221, 36.213347699899998 ], [ -115.2733221, 36.213353099899997 ], [ -115.2733275, 36.213353099899997 ], [ -115.2733275, 36.2133557999 ], [ -115.2733302, 36.2133557999 ], [ -115.2733302, 36.213358499899996 ], [ -115.2733329, 36.213358499899996 ], [ -115.2733329, 36.2133611999 ], [ -115.2733356, 36.2133611999 ], [ -115.2733356, 36.213363899899996 ], [ -115.273341, 36.213363899899996 ], [ -115.273341, 36.213366599899999 ], [ -115.2733437, 36.213366599899999 ], [ -115.2733437, 36.213374699900001 ], [ -115.273341, 36.213374699900001 ], [ -115.273341, 36.2133800999 ], [ -115.2733356, 36.2133800999 ], [ -115.2733356, 36.213382799899996 ], [ -115.2733329, 36.213382799899996 ], [ -115.2733329, 36.213385499899999 ], [ -115.2733248, 36.213385499899999 ], [ -115.2733248, 36.213388199899995 ], [ -115.2733194, 36.213388199899995 ], [ -115.2733194, 36.213390899899998 ], [ -115.273314, 36.213390899899998 ], [ -115.273314, 36.213393599900002 ], [ -115.2733113, 36.213393599900002 ], [ -115.2733113, 36.213396299899998 ], [ -115.2733059, 36.213396299899998 ], [ -115.2733059, 36.213398999900001 ], [ -115.2732951, 36.213398999900001 ], [ -115.2732951, 36.213401699899997 ], [ -115.273287, 36.213401699899997 ], [ -115.273287, 36.2134043999 ], [ -115.2732789, 36.2134043999 ], [ -115.2732789, 36.213407099899996 ], [ -115.2732708, 36.213407099899996 ], [ -115.2732708, 36.213409799899999 ], [ -115.2732681, 36.213409799899999 ], [ -115.2732681, 36.213412499899995 ], [ -115.2732627, 36.213412499899995 ], [ -115.2732627, 36.213415199899998 ], [ -115.2732573, 36.213415199899998 ], [ -115.2732573, 36.213417899900001 ], [ -115.2732492, 36.213417899900001 ], [ -115.2732492, 36.213420599899997 ], [ -115.2732438, 36.213420599899997 ], [ -115.2732438, 36.213423299900001 ], [ -115.2732384, 36.213423299900001 ], [ -115.2732384, 36.213425999899997 ], [ -115.273233, 36.213425999899997 ], [ -115.273233, 36.2134286999 ], [ -115.2732276, 36.2134286999 ], [ -115.2732276, 36.213431399899996 ], [ -115.2732222, 36.213431399899996 ], [ -115.2732222, 36.213434099899999 ], [ -115.2732195, 36.213434099899999 ], [ -115.2732195, 36.213436799899995 ], [ -115.2732141, 36.213436799899995 ], [ -115.2732141, 36.213439499899998 ], [ -115.2732087, 36.213439499899998 ], [ -115.2732087, 36.213442199900001 ], [ -115.2732033, 36.213442199900001 ], [ -115.2732033, 36.213444899899997 ], [ -115.2731979, 36.213444899899997 ], [ -115.2731979, 36.2134475999 ] ] ] } },
{ "type": "Feature", "properties": { "value": 255.0 }, "geometry": { "type": "Polygon", "coordinates": [ [ [ -115.2737082, 36.213396299899998 ], [ -115.2736893, 36.213396299899998 ], [ -115.2736893, 36.213393599900002 ], [ -115.2736866, 36.213393599900002 ], [ -115.2736866, 36.213390899899998 ], [ -115.2736839, 36.213390899899998 ], [ -115.2736839, 36.213385499899999 ], [ -115.2736812, 36.213385499899999 ], [ -115.2736812, 36.213382799899996 ], [ -115.2736785, 36.213382799899996 ], [ -115.2736785, 36.213374699900001 ], [ -115.2736758, 36.213374699900001 ], [ -115.2736758, 36.213366599899999 ], [ -115.2736731, 36.213366599899999 ], [ -115.2736731, 36.213363899899996 ], [ -115.2736677, 36.213363899899996 ], [ -115.2736677, 36.2133611999 ], [ -115.2736623, 36.2133611999 ], [ -115.2736623, 36.213358499899996 ], [ -115.2736596, 36.213358499899996 ], [ -115.2736596, 36.2133557999 ], [ -115.2736569, 36.2133557999 ], [ -115.2736569, 36.213353099899997 ], [ -115.2736542, 36.213353099899997 ], [ -115.2736542, 36.213347699899998 ], [ -115.2736515, 36.213347699899998 ], [ -115.2736515, 36.213344999899995 ], [ -115.2736488, 36.213344999899995 ], [ -115.2736488, 36.213339599899996 ], [ -115.2736461, 36.213339599899996 ], [ -115.2736461, 36.2133368999 ], [ -115.2736434, 36.2133368999 ], [ -115.2736434, 36.213334199899997 ], [ -115.2736407, 36.213334199899997 ], [ -115.2736407, 36.213331499900001 ], [ -115.273638, 36.213331499900001 ], [ -115.273638, 36.213328799899998 ], [ -115.2736326, 36.213328799899998 ], [ -115.2736326, 36.213331499900001 ], [ -115.2736272, 36.213331499900001 ], [ -115.2736272, 36.213328799899998 ], [ -115.2736137, 36.213328799899998 ], [ -115.2736137, 36.213326099900002 ], [ -115.2736083, 36.213326099900002 ], [ -115.2736083, 36.213323399899998 ], [ -115.2736056, 36.213323399899998 ], [ -115.2736056, 36.213320699899995 ], [ -115.2736029, 36.213320699899995 ], [ -115.2736029, 36.213315299899996 ], [ -115.2736002, 36.213315299899996 ], [ -115.2736002, 36.2133125999 ], [ -115.2735975, 36.2133125999 ], [ -115.2735975, 36.213309899899997 ], [ -115.2735948, 36.213309899899997 ], [ -115.2735948, 36.213307199900001 ], [ -115.2735921, 36.213307199900001 ], [ -115.2735921, 36.213304499899998 ], [ -115.2735894, 36.213304499899998 ], [ -115.2735894, 36.213299099899999 ], [ -115.2735867, 36.213299099899999 ], [ -115.2735867, 36.213293699899999 ], [ -115.273584, 36.213293699899999 ], [ -115.273584, 36.213290999899996 ], [ -115.2735813, 36.213290999899996 ], [ -115.2735813, 36.213285599899997 ], [ -115.2735786, 36.213285599899997 ], [ -115.2735786, 36.213282899900001 ], [ -115.2735759, 36.213282899900001 ], [ -115.2735759, 36.213280199899998 ], [ -115.2735732, 36.213280199899998 ], [ -115.2735732, 36.213274799899999 ], [ -115.2735705, 36.213274799899999 ], [ -115.2735705, 36.2132693999 ], [ -115.2735678, 36.2132693999 ], [ -115.2735678, 36.213266699899997 ], [ -115.2735651, 36.213266699899997 ], [ -115.2735651, 36.213263999900001 ], [ -115.2735624, 36.213263999900001 ], [ -115.2735624, 36.213261299899997 ], [ -115.2735597, 36.213261299899997 ], [ -115.2735597, 36.213253199899995 ], [ -115.2735624, 36.213253199899995 ], [ -115.2735624, 36.213247799899996 ], [ -115.2735651, 36.213247799899996 ], [ -115.2735651, 36.2132450999 ], [ -115.2735705, 36.2132450999 ], [ -115.2735705, 36.213242399899997 ], [ -115.2735759, 36.213242399899997 ], [ -115.2735759, 36.213239699900001 ], [ -115.2735813, 36.213239699900001 ], [ -115.2735813, 36.213236999899998 ], [ -115.2735867, 36.213236999899998 ], [ -115.2735867, 36.213234299899995 ], [ -115.2735921, 36.213234299899995 ], [ -115.2735921, 36.213231599899999 ], [ -115.2735948, 36.213231599899999 ], [ -115.2735948, 36.213228899899995 ], [ -115.2736002, 36.213228899899995 ], [ -115.2736002, 36.213226199899999 ], [ -115.2736083, 36.213226199899999 ], [ -115.2736083, 36.213223499899996 ], [ -115.2736164, 36.213223499899996 ], [ -115.2736164, 36.2132207999 ], [ -115.2736245, 36.2132207999 ], [ -115.2736245, 36.213218099899997 ], [ -115.2736326, 36.213218099899997 ], [ -115.2736326, 36.213215399900001 ], [ -115.2736434, 36.213215399900001 ], [ -115.2736434, 36.213218099899997 ], [ -115.2736515, 36.213218099899997 ], [ -115.2736515, 36.213223499899996 ], [ -115.2736542, 36.213223499899996 ], [ -115.2736542, 36.213228899899995 ], [ -115.2736785, 36.213228899899995 ], [ -115.2736785, 36.213226199899999 ], [ -115.2737001, 36.213226199899999 ], [ -115.2737001, 36.213223499899996 ], [ -115.2737163, 36.213223499899996 ], [ -115.2737163, 36.2132207999 ], [ -115.273719, 36.2132207999 ], [ -115.273719, 36.213218099899997 ], [ -115.2737244, 36.213218099899997 ], [ -115.2737244, 36.213215399900001 ], [ -115.2737271, 36.213215399900001 ], [ -115.2737271, 36.213212699899998 ], [ -115.2737352, 36.213212699899998 ], [ -115.2737352, 36.213215399900001 ], [ -115.2737406, 36.213215399900001 ], [ -115.2737406, 36.213218099899997 ], [ -115.2737433, 36.213218099899997 ], [ -115.2737433, 36.2132207999 ], [ -115.273746, 36.2132207999 ], [ -115.273746, 36.213223499899996 ], [ -115.2737514, 36.213223499899996 ], [ -115.2737514, 36.213226199899999 ], [ -115.2737541, 36.213226199899999 ], [ -115.2737541, 36.213228899899995 ], [ -115.2737568, 36.213228899899995 ], [ -115.2737568, 36.213231599899999 ], [ -115.2737595, 36.213231599899999 ], [ -115.2737595, 36.213258599900001 ], [ -115.2737568, 36.213258599900001 ], [ -115.2737568, 36.213266699899997 ], [ -115.2737595, 36.213266699899997 ], [ -115.2737595, 36.213274799899999 ], [ -115.2737622, 36.213274799899999 ], [ -115.2737622, 36.213277499899995 ], [ -115.2737649, 36.213277499899995 ], [ -115.2737649, 36.213282899900001 ], [ -115.2737676, 36.213282899900001 ], [ -115.2737676, 36.213285599899997 ], [ -115.2737703, 36.213285599899997 ], [ -115.2737703, 36.213290999899996 ], [ -115.273773, 36.213290999899996 ], [ -115.273773, 36.213293699899999 ], [ -115.2737757, 36.213293699899999 ], [ -115.2737757, 36.213296399899995 ], [ -115.2737784, 36.213296399899995 ], [ -115.2737784, 36.213301799899995 ], [ -115.2737811, 36.213301799899995 ], [ -115.2737811, 36.213317999899999 ], [ -115.2737784, 36.213317999899999 ], [ -115.2737784, 36.213320699899995 ], [ -115.2737703, 36.213320699899995 ], [ -115.2737703, 36.213326099900002 ], [ -115.2737676, 36.213326099900002 ], [ -115.2737676, 36.213328799899998 ], [ -115.2737703, 36.213328799899998 ], [ -115.2737703, 36.2133368999 ], [ -115.273773, 36.2133368999 ], [ -115.273773, 36.213350399900001 ], [ -115.2737703, 36.213350399900001 ], [ -115.2737703, 36.213353099899997 ], [ -115.2737649, 36.213353099899997 ], [ -115.2737649, 36.2133557999 ], [ -115.2737595, 36.2133557999 ], [ -115.2737595, 36.213358499899996 ], [ -115.2737541, 36.213358499899996 ], [ -115.2737541, 36.2133611999 ], [ -115.2737487, 36.2133611999 ], [ -115.2737487, 36.213363899899996 ], [ -115.273746, 36.213363899899996 ], [ -115.273746, 36.213369299899995 ], [ -115.2737433, 36.213369299899995 ], [ -115.2737433, 36.213374699900001 ], [ -115.2737406, 36.213374699900001 ], [ -115.2737406, 36.2133800999 ], [ -115.2737352, 36.2133800999 ], [ -115.2737352, 36.213382799899996 ], [ -115.2737298, 36.213382799899996 ], [ -115.2737298, 36.213385499899999 ], [ -115.2737217, 36.213385499899999 ], [ -115.2737217, 36.213388199899995 ], [ -115.2737163, 36.213388199899995 ], [ -115.2737163, 36.213390899899998 ], [ -115.2737136, 36.213390899899998 ], [ -115.2737136, 36.213393599900002 ], [ -115.2737082, 36.213393599900002 ], [ -115.2737082, 36.213396299899998 ] ] ] } },
{ "type": "Feature", "properties": { "value": 255.0 }, "geometry": { "type": "Polygon", "coordinates": [ [ [ -115.2741402, 36.213339599899996 ], [ -115.2741267, 36.213339599899996 ], [ -115.2741267, 36.2133368999 ], [ -115.274124, 36.2133368999 ], [ -115.274124, 36.213334199899997 ], [ -115.2741213, 36.213334199899997 ], [ -115.2741213, 36.213331499900001 ], [ -115.274124, 36.213331499900001 ], [ -115.274124, 36.213317999899999 ], [ -115.2741213, 36.213317999899999 ], [ -115.2741213, 36.2133125999 ], [ -115.2741186, 36.2133125999 ], [ -115.2741186, 36.213309899899997 ], [ -115.2741159, 36.213309899899997 ], [ -115.2741159, 36.2133125999 ], [ -115.2740808, 36.2133125999 ], [ -115.2740808, 36.213309899899997 ], [ -115.2740781, 36.213309899899997 ], [ -115.2740781, 36.213307199900001 ], [ -115.2740754, 36.213307199900001 ], [ -115.2740754, 36.213304499899998 ], [ -115.2740727, 36.213304499899998 ], [ -115.2740727, 36.213301799899995 ], [ -115.27407, 36.213301799899995 ], [ -115.27407, 36.213293699899999 ], [ -115.2740673, 36.213293699899999 ], [ -115.2740673, 36.2132882999 ], [ -115.2740646, 36.2132882999 ], [ -115.2740646, 36.213280199899998 ], [ -115.2740619, 36.213280199899998 ], [ -115.2740619, 36.213274799899999 ], [ -115.2740592, 36.213274799899999 ], [ -115.2740592, 36.2132693999 ], [ -115.2740565, 36.2132693999 ], [ -115.2740565, 36.213261299899997 ], [ -115.2740592, 36.213261299899997 ], [ -115.2740592, 36.213253199899995 ], [ -115.2740565, 36.213253199899995 ], [ -115.2740565, 36.2132450999 ], [ -115.2740538, 36.2132450999 ], [ -115.2740538, 36.213239699900001 ], [ -115.2740511, 36.213239699900001 ], [ -115.2740511, 36.213231599899999 ], [ -115.2740484, 36.213231599899999 ], [ -115.2740484, 36.213223499899996 ], [ -115.2740511, 36.213223499899996 ], [ -115.2740511, 36.213218099899997 ], [ -115.2740538, 36.213218099899997 ], [ -115.2740538, 36.213215399900001 ], [ -115.2740565, 36.213215399900001 ], [ -115.2740565, 36.213212699899998 ], [ -115.2740592, 36.213212699899998 ], [ -115.2740592, 36.213209999899995 ], [ -115.2740646, 36.213209999899995 ], [ -115.2740646, 36.213207299899999 ], [ -115.27407, 36.213207299899999 ], [ -115.27407, 36.213204599899996 ], [ -115.2740727, 36.213204599899996 ], [ -115.2740727, 36.2132018999 ], [ -115.2740754, 36.2132018999 ], [ -115.2740754, 36.213193799899997 ], [ -115.2740727, 36.213193799899997 ], [ -115.2740727, 36.213188399899998 ], [ -115.27407, 36.213188399899998 ], [ -115.27407, 36.213182999899999 ], [ -115.2740673, 36.213182999899999 ], [ -115.2740673, 36.213180299899996 ], [ -115.2740646, 36.213180299899996 ], [ -115.2740646, 36.213174899899997 ], [ -115.2740673, 36.213174899899997 ], [ -115.2740673, 36.213169499899998 ], [ -115.27407, 36.213169499899998 ], [ -115.27407, 36.213166799899994 ], [ -115.2740754, 36.213166799899994 ], [ -115.2740754, 36.213164099899998 ], [ -115.2740781, 36.213164099899998 ], [ -115.2740781, 36.213161399899995 ], [ -115.2740862, 36.213161399899995 ], [ -115.2740862, 36.213158699899999 ], [ -115.274097, 36.213158699899999 ], [ -115.274097, 36.213155999899996 ], [ -115.2741078, 36.213155999899996 ], [ -115.2741078, 36.2131532999 ], [ -115.2741132, 36.2131532999 ], [ -115.2741132, 36.213150599899997 ], [ -115.2741159, 36.213150599899997 ], [ -115.2741159, 36.2131532999 ], [ -115.2741213, 36.2131532999 ], [ -115.2741213, 36.213155999899996 ], [ -115.274124, 36.213155999899996 ], [ -115.274124, 36.213158699899999 ], [ -115.2741267, 36.213158699899999 ], [ -115.2741267, 36.213161399899995 ], [ -115.2741294, 36.213161399899995 ], [ -115.2741294, 36.213166799899994 ], [ -115.2741321, 36.213166799899994 ], [ -115.2741321, 36.213169499899998 ], [ -115.2741375, 36.213169499899998 ], [ -115.2741375, 36.213172199900001 ], [ -115.2741402, 36.213172199900001 ], [ -115.2741402, 36.213174899899997 ], [ -115.2741429, 36.213174899899997 ], [ -115.2741429, 36.2131775999 ], [ -115.2741456, 36.2131775999 ], [ -115.2741456, 36.213180299899996 ], [ -115.2741483, 36.213180299899996 ], [ -115.2741483, 36.213182999899999 ], [ -115.2741537, 36.213182999899999 ], [ -115.2741537, 36.213185699899995 ], [ -115.2741564, 36.213185699899995 ], [ -115.2741564, 36.213188399899998 ], [ -115.2741618, 36.213188399899998 ], [ -115.2741618, 36.213191099900001 ], [ -115.2741591, 36.213191099900001 ], [ -115.2741591, 36.213193799899997 ], [ -115.2741618, 36.213193799899997 ], [ -115.2741618, 36.2131964999 ], [ -115.2741645, 36.2131964999 ], [ -115.2741645, 36.213199199899996 ], [ -115.2741726, 36.213199199899996 ], [ -115.2741726, 36.213331499900001 ], [ -115.2741672, 36.213331499900001 ], [ -115.2741672, 36.213334199899997 ], [ -115.2741564, 36.213334199899997 ], [ -115.2741564, 36.2133368999 ], [ -115.2741402, 36.2133368999 ], [ -115.2741402, 36.213339599899996 ] ] ] } },
{ "type": "Feature", "properties": { "value": 255.0 }, "geometry": { "type": "Polygon", "coordinates": [ [ [ -115.2730035, 36.213250499899999 ], [ -115.2729927, 36.213250499899999 ], [ -115.2729927, 36.213247799899996 ], [ -115.2729873, 36.213247799899996 ], [ -115.2729873, 36.2132450999 ], [ -115.2729657, 36.2132450999 ], [ -115.2729657, 36.213242399899997 ], [ -115.2729549, 36.213242399899997 ], [ -115.2729549, 36.213239699900001 ], [ -115.2729495, 36.213239699900001 ], [ -115.2729495, 36.213236999899998 ], [ -115.2729387, 36.213236999899998 ], [ -115.2729387, 36.213234299899995 ], [ -115.2729306, 36.213234299899995 ], [ -115.2729306, 36.213231599899999 ], [ -115.2729279, 36.213231599899999 ], [ -115.2729279, 36.213228899899995 ], [ -115.2729225, 36.213228899899995 ], [ -115.2729225, 36.213226199899999 ], [ -115.2729198, 36.213226199899999 ], [ -115.2729198, 36.213223499899996 ], [ -115.2729144, 36.213223499899996 ], [ -115.2729144, 36.2132207999 ], [ -115.2729117, 36.2132207999 ], [ -115.2729117, 36.213218099899997 ], [ -115.272909, 36.213218099899997 ], [ -115.272909, 36.213199199899996 ], [ -115.2729063, 36.213199199899996 ], [ -115.2729063, 36.213193799899997 ], [ -115.2729036, 36.213193799899997 ], [ -115.2729036, 36.213191099900001 ], [ -115.2729009, 36.213191099900001 ], [ -115.2729009, 36.213188399899998 ], [ -115.2728982, 36.213188399899998 ], [ -115.2728982, 36.213185699899995 ], [ -115.2728928, 36.213185699899995 ], [ -115.2728928, 36.213182999899999 ], [ -115.2728874, 36.213182999899999 ], [ -115.2728874, 36.213180299899996 ], [ -115.272882, 36.213180299899996 ], [ -115.272882, 36.2131775999 ], [ -115.2728793, 36.2131775999 ], [ -115.2728793, 36.213164099899998 ], [ -115.272882, 36.213164099899998 ], [ -115.272882, 36.213161399899995 ], [ -115.2728847, 36.213161399899995 ], [ -115.2728847, 36.213158699899999 ], [ -115.2728874, 36.213158699899999 ], [ -115.2728874, 36.2131532999 ], [ -115.2728901, 36.2131532999 ], [ -115.2728901, 36.213142499899995 ], [ -115.2728928, 36.213142499899995 ], [ -115.2728928, 36.213139799899999 ], [ -115.2728955, 36.213139799899999 ], [ -115.2728955, 36.213137099899996 ], [ -115.2728982, 36.213137099899996 ], [ -115.2728982, 36.213134399899999 ], [ -115.2729036, 36.213134399899999 ], [ -115.2729036, 36.213131699899996 ], [ -115.2729117, 36.213131699899996 ], [ -115.2729117, 36.2131289999 ], [ -115.2729144, 36.2131289999 ], [ -115.2729144, 36.213126299899997 ], [ -115.2729171, 36.213126299899997 ], [ -115.2729171, 36.213123599900001 ], [ -115.2729198, 36.213123599900001 ], [ -115.2729198, 36.213118199899995 ], [ -115.2729225, 36.213118199899995 ], [ -115.2729225, 36.2131100999 ], [ -115.2729252, 36.2131100999 ], [ -115.2729252, 36.213104699900001 ], [ -115.2729279, 36.213104699900001 ], [ -115.2729279, 36.213099299899994 ], [ -115.2729306, 36.213099299899994 ], [ -115.2729306, 36.213093899899995 ], [ -115.2729333, 36.213093899899995 ], [ -115.2729333, 36.2130857999 ], [ -115.272936, 36.2130857999 ], [ -115.272936, 36.213083099899997 ], [ -115.2729387, 36.213083099899997 ], [ -115.2729387, 36.213080399900001 ], [ -115.2729414, 36.213080399900001 ], [ -115.2729414, 36.213077699899998 ], [ -115.2729441, 36.213077699899998 ], [ -115.2729441, 36.213074999899995 ], [ -115.2729468, 36.213074999899995 ], [ -115.2729468, 36.213072299899999 ], [ -115.2729495, 36.213072299899999 ], [ -115.2729495, 36.213069599899995 ], [ -115.2729522, 36.213069599899995 ], [ -115.2729522, 36.213066899899999 ], [ -115.2729549, 36.213066899899999 ], [ -115.2729549, 36.213064199899996 ], [ -115.2729576, 36.213064199899996 ], [ -115.2729576, 36.2130614999 ], [ -115.2729603, 36.2130614999 ], [ -115.2729603, 36.213058799899997 ], [ -115.2729657, 36.213058799899997 ], [ -115.2729657, 36.213056099900001 ], [ -115.2729765, 36.213056099900001 ], [ -115.2729765, 36.213058799899997 ], [ -115.2729792, 36.213058799899997 ], [ -115.2729792, 36.2130614999 ], [ -115.2729846, 36.2130614999 ], [ -115.2729846, 36.213064199899996 ], [ -115.2729873, 36.213064199899996 ], [ -115.2729873, 36.213066899899999 ], [ -115.27299, 36.213066899899999 ], [ -115.27299, 36.213069599899995 ], [ -115.2729954, 36.213069599899995 ], [ -115.2729954, 36.213072299899999 ], [ -115.2730008, 36.213072299899999 ], [ -115.2730008, 36.213074999899995 ], [ -115.2730035, 36.213074999899995 ], [ -115.2730035, 36.213077699899998 ], [ -115.2730062, 36.213077699899998 ], [ -115.2730062, 36.213080399900001 ], [ -115.2730089, 36.213080399900001 ], [ -115.2730089, 36.213083099899997 ], [ -115.2730116, 36.213083099899997 ], [ -115.2730116, 36.2130857999 ], [ -115.2730143, 36.2130857999 ], [ -115.2730143, 36.213088499899996 ], [ -115.2730197, 36.213088499899996 ], [ -115.2730197, 36.213091199899999 ], [ -115.2730278, 36.213091199899999 ], [ -115.2730278, 36.213093899899995 ], [ -115.2730359, 36.213093899899995 ], [ -115.2730359, 36.213096599899998 ], [ -115.2730413, 36.213096599899998 ], [ -115.2730413, 36.213099299899994 ], [ -115.2730467, 36.213099299899994 ], [ -115.2730467, 36.213101999899997 ], [ -115.2730521, 36.213101999899997 ], [ -115.2730521, 36.213104699900001 ], [ -115.2730548, 36.213104699900001 ], [ -115.2730548, 36.213107399899997 ], [ -115.2730602, 36.213107399899997 ], [ -115.2730602, 36.2131100999 ], [ -115.2730629, 36.2131100999 ], [ -115.2730629, 36.213112799899996 ], [ -115.2730656, 36.213112799899996 ], [ -115.2730656, 36.213115499899999 ], [ -115.2730683, 36.213115499899999 ], [ -115.2730683, 36.213126299899997 ], [ -115.2730656, 36.213126299899997 ], [ -115.2730656, 36.213131699899996 ], [ -115.2730629, 36.213131699899996 ], [ -115.2730629, 36.213134399899999 ], [ -115.2730602, 36.213134399899999 ], [ -115.2730602, 36.213139799899999 ], [ -115.2730575, 36.213139799899999 ], [ -115.2730575, 36.213142499899995 ], [ -115.2730548, 36.213142499899995 ], [ -115.2730548, 36.213164099899998 ], [ -115.2730629, 36.213164099899998 ], [ -115.2730629, 36.213166799899994 ], [ -115.273071, 36.213166799899994 ], [ -115.273071, 36.213172199900001 ], [ -115.2730737, 36.213172199900001 ], [ -115.2730737, 36.2131775999 ], [ -115.2730764, 36.2131775999 ], [ -115.2730764, 36.213180299899996 ], [ -115.2730791, 36.213180299899996 ], [ -115.2730791, 36.213182999899999 ], [ -115.2730818, 36.213182999899999 ], [ -115.2730818, 36.213188399899998 ], [ -115.2730845, 36.213188399899998 ], [ -115.2730845, 36.2131964999 ], [ -115.2730872, 36.2131964999 ], [ -115.2730872, 36.2132207999 ], [ -115.2730845, 36.2132207999 ], [ -115.2730845, 36.213234299899995 ], [ -115.2730818, 36.213234299899995 ], [ -115.2730818, 36.213236999899998 ], [ -115.2730791, 36.213236999899998 ], [ -115.2730791, 36.213239699900001 ], [ -115.2730764, 36.213239699900001 ], [ -115.2730764, 36.213242399899997 ], [ -115.273071, 36.213242399899997 ], [ -115.273071, 36.2132450999 ], [ -115.2730683, 36.2132450999 ], [ -115.2730683, 36.213247799899996 ], [ -115.2730602, 36.213247799899996 ], [ -115.2730602, 36.2132450999 ], [ -115.2730548, 36.2132450999 ], [ -115.2730548, 36.213242399899997 ], [ -115.2730494, 36.213242399899997 ], [ -115.2730494, 36.213239699900001 ], [ -115.273044, 36.213239699900001 ], [ -115.273044, 36.213236999899998 ], [ -115.2730197, 36.213236999899998 ], [ -115.2730197, 36.213239699900001 ], [ -115.273017, 36.213239699900001 ], [ -115.273017, 36.213242399899997 ], [ -115.2730116, 36.213242399899997 ], [ -115.2730116, 36.2132450999 ], [ -115.2730062, 36.2132450999 ], [ -115.2730062, 36.213247799899996 ], [ -115.2730035, 36.213247799899996 ], [ -115.2730035, 36.213250499899999 ] ] ] } },
{ "type": "Feature", "properties": { "value": 255.0 }, "geometry": { "type": "Polygon", "coordinates": [ [ [ -115.2735516, 36.213212699899998 ], [ -115.2735435, 36.213212699899998 ], [ -115.2735435, 36.213209999899995 ], [ -115.2735381, 36.213209999899995 ], [ -115.2735381, 36.213207299899999 ], [ -115.2735354, 36.213207299899999 ], [ -115.2735354, 36.213204599899996 ], [ -115.2735327, 36.213204599899996 ], [ -115.2735327, 36.2132018999 ], [ -115.27353, 36.2132018999 ], [ -115.27353, 36.213199199899996 ], [ -115.2735273, 36.213199199899996 ], [ -115.2735273, 36.213193799899997 ], [ -115.2735246, 36.213193799899997 ], [ -115.2735246, 36.213191099900001 ], [ -115.2735192, 36.213191099900001 ], [ -115.2735192, 36.213188399899998 ], [ -115.2735111, 36.213188399899998 ], [ -115.2735111, 36.213185699899995 ], [ -115.2735084, 36.213185699899995 ], [ -115.2735084, 36.213182999899999 ], [ -115.2735057, 36.213182999899999 ], [ -115.2735057, 36.213180299899996 ], [ -115.273503, 36.213180299899996 ], [ -115.273503, 36.2131775999 ], [ -115.2735003, 36.2131775999 ], [ -115.2735003, 36.213174899899997 ], [ -115.2734976, 36.213174899899997 ], [ -115.2734976, 36.213172199900001 ], [ -115.2734949, 36.213172199900001 ], [ -115.2734949, 36.213169499899998 ], [ -115.2734922, 36.213169499899998 ], [ -115.2734922, 36.213166799899994 ], [ -115.2734895, 36.213166799899994 ], [ -115.2734895, 36.213164099899998 ], [ -115.2734868, 36.213164099899998 ], [ -115.2734868, 36.213158699899999 ], [ -115.2734841, 36.213158699899999 ], [ -115.2734841, 36.213150599899997 ], [ -115.2734868, 36.213150599899997 ], [ -115.2734868, 36.213142499899995 ], [ -115.2734895, 36.213142499899995 ], [ -115.2734895, 36.213139799899999 ], [ -115.2734922, 36.213139799899999 ], [ -115.2734922, 36.213137099899996 ], [ -115.2734976, 36.213137099899996 ], [ -115.2734976, 36.213134399899999 ], [ -115.273503, 36.213134399899999 ], [ -115.273503, 36.213131699899996 ], [ -115.2735111, 36.213131699899996 ], [ -115.2735111, 36.2131289999 ], [ -115.2735165, 36.2131289999 ], [ -115.2735165, 36.213120899899998 ], [ -115.2735138, 36.213120899899998 ], [ -115.2735138, 36.213118199899995 ], [ -115.2735111, 36.213118199899995 ], [ -115.2735111, 36.213112799899996 ], [ -115.2735084, 36.213112799899996 ], [ -115.2735084, 36.2131100999 ], [ -115.2735057, 36.2131100999 ], [ -115.2735057, 36.213107399899997 ], [ -115.273503, 36.213107399899997 ], [ -115.273503, 36.213104699900001 ], [ -115.2735003, 36.213104699900001 ], [ -115.2735003, 36.213101999899997 ], [ -115.2734976, 36.213101999899997 ], [ -115.2734976, 36.213099299899994 ], [ -115.2734949, 36.213099299899994 ], [ -115.2734949, 36.213096599899998 ], [ -115.2734922, 36.213096599899998 ], [ -115.2734922, 36.213093899899995 ], [ -115.2734895, 36.213093899899995 ], [ -115.2734895, 36.2130857999 ], [ -115.2734868, 36.2130857999 ], [ -115.2734868, 36.213080399900001 ], [ -115.2734841, 36.213080399900001 ], [ -115.2734841, 36.213077699899998 ], [ -115.2734814, 36.213077699899998 ], [ -115.2734814, 36.213072299899999 ], [ -115.2734787, 36.213072299899999 ], [ -115.2734787, 36.213069599899995 ], [ -115.273476, 36.213069599899995 ], [ -115.273476, 36.213066899899999 ], [ -115.2734733, 36.213066899899999 ], [ -115.2734733, 36.213064199899996 ], [ -115.2734706, 36.213064199899996 ], [ -115.2734706, 36.2130614999 ], [ -115.2734679, 36.2130614999 ], [ -115.2734679, 36.213058799899997 ], [ -115.2734652, 36.213058799899997 ], [ -115.2734652, 36.213047999899999 ], [ -115.2734679, 36.213047999899999 ], [ -115.2734679, 36.2130425999 ], [ -115.2734706, 36.2130425999 ], [ -115.2734706, 36.213039899899996 ], [ -115.2734733, 36.213039899899996 ], [ -115.2734733, 36.2130371999 ], [ -115.2734787, 36.2130371999 ], [ -115.2734787, 36.213034499899997 ], [ -115.2734841, 36.213034499899997 ], [ -115.2734841, 36.213031799899994 ], [ -115.2734922, 36.213031799899994 ], [ -115.2734922, 36.213029099899998 ], [ -115.2734976, 36.213029099899998 ], [ -115.2734976, 36.213026399899995 ], [ -115.2735003, 36.213026399899995 ], [ -115.2735003, 36.213023699899999 ], [ -115.2735165, 36.213023699899999 ], [ -115.2735165, 36.213026399899995 ], [ -115.2735219, 36.213026399899995 ], [ -115.2735219, 36.213029099899998 ], [ -115.2735246, 36.213029099899998 ], [ -115.2735246, 36.213031799899994 ], [ -115.27353, 36.213031799899994 ], [ -115.27353, 36.213034499899997 ], [ -115.2735597, 36.213034499899997 ], [ -115.2735597, 36.213031799899994 ], [ -115.2735759, 36.213031799899994 ], [ -115.2735759, 36.213034499899997 ], [ -115.2735813, 36.213034499899997 ], [ -115.2735813, 36.2130371999 ], [ -115.273584, 36.2130371999 ], [ -115.273584, 36.213039899899996 ], [ -115.2735867, 36.213039899899996 ], [ -115.2735867, 36.2130425999 ], [ -115.2735921, 36.2130425999 ], [ -115.2735921, 36.213045299899996 ], [ -115.2735948, 36.213045299899996 ], [ -115.2735948, 36.213047999899999 ], [ -115.2736002, 36.213047999899999 ], [ -115.2736002, 36.213050699899995 ], [ -115.273611, 36.213050699899995 ], [ -115.273611, 36.213053399899998 ], [ -115.2736191, 36.213053399899998 ], [ -115.2736191, 36.213056099900001 ], [ -115.2736245, 36.213056099900001 ], [ -115.2736245, 36.213058799899997 ], [ -115.2736272, 36.213058799899997 ], [ -115.2736272, 36.2130614999 ], [ -115.2736299, 36.2130614999 ], [ -115.2736299, 36.213064199899996 ], [ -115.2736353, 36.213064199899996 ], [ -115.2736353, 36.213066899899999 ], [ -115.2736407, 36.213066899899999 ], [ -115.2736407, 36.213069599899995 ], [ -115.2736434, 36.213069599899995 ], [ -115.2736434, 36.213072299899999 ], [ -115.2736461, 36.213072299899999 ], [ -115.2736461, 36.213074999899995 ], [ -115.2736515, 36.213074999899995 ], [ -115.2736515, 36.213077699899998 ], [ -115.2736542, 36.213077699899998 ], [ -115.2736542, 36.213080399900001 ], [ -115.2736569, 36.213080399900001 ], [ -115.2736569, 36.213083099899997 ], [ -115.2736596, 36.213083099899997 ], [ -115.2736596, 36.2130857999 ], [ -115.2736623, 36.2130857999 ], [ -115.2736623, 36.213088499899996 ], [ -115.273665, 36.213088499899996 ], [ -115.273665, 36.213093899899995 ], [ -115.2736677, 36.213093899899995 ], [ -115.2736677, 36.213107399899997 ], [ -115.2736704, 36.213107399899997 ], [ -115.2736704, 36.213115499899999 ], [ -115.2736731, 36.213115499899999 ], [ -115.2736731, 36.213120899899998 ], [ -115.2736758, 36.213120899899998 ], [ -115.2736758, 36.213126299899997 ], [ -115.2736785, 36.213126299899997 ], [ -115.2736785, 36.2131289999 ], [ -115.2736812, 36.2131289999 ], [ -115.2736812, 36.213139799899999 ], [ -115.2736758, 36.213139799899999 ], [ -115.2736758, 36.213142499899995 ], [ -115.2736677, 36.213142499899995 ], [ -115.2736677, 36.213145199899998 ], [ -115.273665, 36.213145199899998 ], [ -115.273665, 36.213147899900001 ], [ -115.2736623, 36.213147899900001 ], [ -115.2736623, 36.2131532999 ], [ -115.2736596, 36.2131532999 ], [ -115.2736596, 36.213155999899996 ], [ -115.2736542, 36.213155999899996 ], [ -115.2736542, 36.213158699899999 ], [ -115.2736515, 36.213158699899999 ], [ -115.2736515, 36.213155999899996 ], [ -115.2736434, 36.213155999899996 ], [ -115.2736434, 36.213158699899999 ], [ -115.273638, 36.213158699899999 ], [ -115.273638, 36.213161399899995 ], [ -115.2736353, 36.213161399899995 ], [ -115.2736353, 36.213164099899998 ], [ -115.2736299, 36.213164099899998 ], [ -115.2736299, 36.213166799899994 ], [ -115.2736272, 36.213166799899994 ], [ -115.2736272, 36.213169499899998 ], [ -115.2736191, 36.213169499899998 ], [ -115.2736191, 36.213172199900001 ], [ -115.2736164, 36.213172199900001 ], [ -115.2736164, 36.213174899899997 ], [ -115.273611, 36.213174899899997 ], [ -115.273611, 36.2131775999 ], [ -115.2736056, 36.2131775999 ], [ -115.2736056, 36.213180299899996 ], [ -115.2736029, 36.213180299899996 ], [ -115.2736029, 36.213182999899999 ], [ -115.2735975, 36.213182999899999 ], [ -115.2735975, 36.213185699899995 ], [ -115.2735921, 36.213185699899995 ], [ -115.2735921, 36.213188399899998 ], [ -115.2735894, 36.213188399899998 ], [ -115.2735894, 36.213191099900001 ], [ -115.273584, 36.213191099900001 ], [ -115.273584, 36.213193799899997 ], [ -115.2735813, 36.213193799899997 ], [ -115.2735813, 36.2131964999 ], [ -115.2735759, 36.2131964999 ], [ -115.2735759, 36.213199199899996 ], [ -115.2735732, 36.213199199899996 ], [ -115.2735732, 36.2132018999 ], [ -115.2735678, 36.2132018999 ], [ -115.2735678, 36.213204599899996 ], [ -115.2735624, 36.213204599899996 ], [ -115.2735624, 36.213207299899999 ], [ -115.273557, 36.213207299899999 ], [ -115.273557, 36.213209999899995 ], [ -115.2735516, 36.213209999899995 ], [ -115.2735516, 36.213212699899998 ] ] ] } },
{ "type": "Feature", "properties": { "value": 255.0 }, "geometry": { "type": "Polygon", "coordinates": [ [ [ -115.2728037, 36.213193799899997 ], [ -115.2727902, 36.213193799899997 ], [ -115.2727902, 36.213191099900001 ], [ -115.2727875, 36.213191099900001 ], [ -115.2727875, 36.213188399899998 ], [ -115.2727821, 36.213188399899998 ], [ -115.2727821, 36.213185699899995 ], [ -115.2727767, 36.213185699899995 ], [ -115.2727767, 36.213182999899999 ], [ -115.272774, 36.213182999899999 ], [ -115.272774, 36.213180299899996 ], [ -115.2727713, 36.213180299899996 ], [ -115.2727713, 36.2131775999 ], [ -115.2727686, 36.2131775999 ], [ -115.2727686, 36.213161399899995 ], [ -115.2727713, 36.213161399899995 ], [ -115.2727713, 36.213155999899996 ], [ -115.272774, 36.213155999899996 ], [ -115.272774, 36.213150599899997 ], [ -115.2727767, 36.213150599899997 ], [ -115.2727767, 36.213142499899995 ], [ -115.2727794, 36.213142499899995 ], [ -115.2727794, 36.213137099899996 ], [ -115.2727821, 36.213137099899996 ], [ -115.2727821, 36.213118199899995 ], [ -115.2727794, 36.213118199899995 ], [ -115.2727794, 36.213112799899996 ], [ -115.2727767, 36.213112799899996 ], [ -115.2727767, 36.2131100999 ], [ -115.2727632, 36.2131100999 ], [ -115.2727632, 36.213107399899997 ], [ -115.2727551, 36.213107399899997 ], [ -115.2727551, 36.213104699900001 ], [ -115.2727524, 36.213104699900001 ], [ -115.2727524, 36.213101999899997 ], [ -115.272747, 36.213101999899997 ], [ -115.272747, 36.213099299899994 ], [ -115.2727416, 36.213099299899994 ], [ -115.2727416, 36.213096599899998 ], [ -115.2727362, 36.213096599899998 ], [ -115.2727362, 36.213093899899995 ], [ -115.2727335, 36.213093899899995 ], [ -115.2727335, 36.213091199899999 ], [ -115.2727281, 36.213091199899999 ], [ -115.2727281, 36.213088499899996 ], [ -115.2727227, 36.213088499899996 ], [ -115.2727227, 36.2130857999 ], [ -115.27272, 36.2130857999 ], [ -115.27272, 36.213083099899997 ], [ -115.2727146, 36.213083099899997 ], [ -115.2727146, 36.213080399900001 ], [ -115.2727092, 36.213080399900001 ], [ -115.2727092, 36.213077699899998 ], [ -115.2727065, 36.213077699899998 ], [ -115.2727065, 36.213074999899995 ], [ -115.2727011, 36.213074999899995 ], [ -115.2727011, 36.213072299899999 ], [ -115.2726957, 36.213072299899999 ], [ -115.2726957, 36.213069599899995 ], [ -115.272693, 36.213069599899995 ], [ -115.272693, 36.213066899899999 ], [ -115.2726876, 36.213066899899999 ], [ -115.2726876, 36.213064199899996 ], [ -115.2726822, 36.213064199899996 ], [ -115.2726822, 36.2130614999 ], [ -115.2726768, 36.2130614999 ], [ -115.2726768, 36.213058799899997 ], [ -115.2726714, 36.213058799899997 ], [ -115.2726714, 36.213056099900001 ], [ -115.272666, 36.213056099900001 ], [ -115.272666, 36.213053399899998 ], [ -115.2726633, 36.213053399899998 ], [ -115.2726633, 36.213047999899999 ], [ -115.272666, 36.213047999899999 ], [ -115.272666, 36.213039899899996 ], [ -115.2726687, 36.213039899899996 ], [ -115.2726687, 36.213031799899994 ], [ -115.2726714, 36.213031799899994 ], [ -115.2726714, 36.213026399899995 ], [ -115.2726741, 36.213026399899995 ], [ -115.2726741, 36.213020999899996 ], [ -115.2726768, 36.213020999899996 ], [ -115.2726768, 36.2130182999 ], [ -115.2726822, 36.2130182999 ], [ -115.2726822, 36.213015599899997 ], [ -115.2726849, 36.213015599899997 ], [ -115.2726849, 36.213012899900001 ], [ -115.2726876, 36.213012899900001 ], [ -115.2726876, 36.213010199899998 ], [ -115.2726903, 36.213010199899998 ], [ -115.2726903, 36.213007499899994 ], [ -115.272693, 36.213007499899994 ], [ -115.272693, 36.213002099899995 ], [ -115.2726957, 36.213002099899995 ], [ -115.2726957, 36.212999399899999 ], [ -115.2726984, 36.212999399899999 ], [ -115.2726984, 36.212996699899996 ], [ -115.2727011, 36.212996699899996 ], [ -115.2727011, 36.2129939999 ], [ -115.2727038, 36.2129939999 ], [ -115.2727038, 36.212991299899997 ], [ -115.2727065, 36.212991299899997 ], [ -115.2727065, 36.212988599900001 ], [ -115.2727092, 36.212988599900001 ], [ -115.2727092, 36.212983199899995 ], [ -115.2727146, 36.212983199899995 ], [ -115.2727146, 36.212980499899999 ], [ -115.27272, 36.212980499899999 ], [ -115.27272, 36.212977799899996 ], [ -115.2727227, 36.212977799899996 ], [ -115.2727227, 36.2129750999 ], [ -115.2727254, 36.2129750999 ], [ -115.2727254, 36.212972399899996 ], [ -115.2727281, 36.212972399899996 ], [ -115.2727281, 36.2129696999 ], [ -115.2727335, 36.2129696999 ], [ -115.2727335, 36.212966999899997 ], [ -115.2727389, 36.212966999899997 ], [ -115.2727389, 36.212964299899994 ], [ -115.272747, 36.212964299899994 ], [ -115.272747, 36.212961599899998 ], [ -115.2727497, 36.212961599899998 ], [ -115.2727497, 36.212958899899995 ], [ -115.2727524, 36.212958899899995 ], [ -115.2727524, 36.212956199899999 ], [ -115.2727551, 36.212956199899999 ], [ -115.2727551, 36.2129507999 ], [ -115.2727632, 36.2129507999 ], [ -115.2727632, 36.212953499899996 ], [ -115.2727713, 36.212953499899996 ], [ -115.2727713, 36.212956199899999 ], [ -115.2727767, 36.212956199899999 ], [ -115.2727767, 36.212958899899995 ], [ -115.2727821, 36.212958899899995 ], [ -115.2727821, 36.212961599899998 ], [ -115.2727875, 36.212961599899998 ], [ -115.2727875, 36.212964299899994 ], [ -115.2727929, 36.212964299899994 ], [ -115.2727929, 36.212966999899997 ], [ -115.2728064, 36.212966999899997 ], [ -115.2728064, 36.2129696999 ], [ -115.2728118, 36.2129696999 ], [ -115.2728118, 36.212972399899996 ], [ -115.2728172, 36.212972399899996 ], [ -115.2728172, 36.2129750999 ], [ -115.2728226, 36.2129750999 ], [ -115.2728226, 36.212977799899996 ], [ -115.2728253, 36.212977799899996 ], [ -115.2728253, 36.212980499899999 ], [ -115.2728307, 36.212980499899999 ], [ -115.2728307, 36.212983199899995 ], [ -115.2728388, 36.212983199899995 ], [ -115.2728388, 36.212985899899998 ], [ -115.272855, 36.212985899899998 ], [ -115.272855, 36.212988599900001 ], [ -115.2728739, 36.212988599900001 ], [ -115.2728739, 36.212985899899998 ], [ -115.272882, 36.212985899899998 ], [ -115.272882, 36.212988599900001 ], [ -115.2728874, 36.212988599900001 ], [ -115.2728874, 36.212991299899997 ], [ -115.2728901, 36.212991299899997 ], [ -115.2728901, 36.2129939999 ], [ -115.2728955, 36.2129939999 ], [ -115.2728955, 36.212996699899996 ], [ -115.2729009, 36.212996699899996 ], [ -115.2729009, 36.212999399899999 ], [ -115.2729036, 36.212999399899999 ], [ -115.2729036, 36.213002099899995 ], [ -115.272909, 36.213002099899995 ], [ -115.272909, 36.213004799899998 ], [ -115.2729117, 36.213004799899998 ], [ -115.2729117, 36.213007499899994 ], [ -115.2729171, 36.213007499899994 ], [ -115.2729171, 36.213010199899998 ], [ -115.2729198, 36.213010199899998 ], [ -115.2729198, 36.213012899900001 ], [ -115.2729225, 36.213012899900001 ], [ -115.2729225, 36.213015599899997 ], [ -115.2729252, 36.213015599899997 ], [ -115.2729252, 36.2130182999 ], [ -115.2729279, 36.2130182999 ], [ -115.2729279, 36.213026399899995 ], [ -115.2729252, 36.213026399899995 ], [ -115.2729252, 36.213031799899994 ], [ -115.2729225, 36.213031799899994 ], [ -115.2729225, 36.213034499899997 ], [ -115.2729198, 36.213034499899997 ], [ -115.2729198, 36.2130371999 ], [ -115.2729171, 36.2130371999 ], [ -115.2729171, 36.2130425999 ], [ -115.2729144, 36.2130425999 ], [ -115.2729144, 36.213045299899996 ], [ -115.2729117, 36.213045299899996 ], [ -115.2729117, 36.213047999899999 ], [ -115.272909, 36.213047999899999 ], [ -115.272909, 36.213050699899995 ], [ -115.2729063, 36.213050699899995 ], [ -115.2729063, 36.213056099900001 ], [ -115.2729036, 36.213056099900001 ], [ -115.2729036, 36.213058799899997 ], [ -115.2729009, 36.213058799899997 ], [ -115.2729009, 36.2130614999 ], [ -115.2728982, 36.2130614999 ], [ -115.2728982, 36.213064199899996 ], [ -115.2728955, 36.213064199899996 ], [ -115.2728955, 36.213066899899999 ], [ -115.2728928, 36.213066899899999 ], [ -115.2728928, 36.213069599899995 ], [ -115.2728901, 36.213069599899995 ], [ -115.2728901, 36.213074999899995 ], [ -115.2728874, 36.213074999899995 ], [ -115.2728874, 36.213077699899998 ], [ -115.2728847, 36.213077699899998 ], [ -115.2728847, 36.213080399900001 ], [ -115.272882, 36.213080399900001 ], [ -115.272882, 36.213083099899997 ], [ -115.2728793, 36.213083099899997 ], [ -115.2728793, 36.2130857999 ], [ -115.2728766, 36.2130857999 ], [ -115.2728766, 36.213091199899999 ], [ -115.2728739, 36.213091199899999 ], [ -115.2728739, 36.213096599899998 ], [ -115.2728712, 36.213096599899998 ], [ -115.2728712, 36.213099299899994 ], [ -115.2728685, 36.213099299899994 ], [ -115.2728685, 36.213104699900001 ], [ -115.2728658, 36.213104699900001 ], [ -115.2728658, 36.2131100999 ], [ -115.2728631, 36.2131100999 ], [ -115.2728631, 36.213112799899996 ], [ -115.2728604, 36.213112799899996 ], [ -115.2728604, 36.213115499899999 ], [ -115.2728577, 36.213115499899999 ], [ -115.2728577, 36.213118199899995 ], [ -115.272855, 36.213118199899995 ], [ -115.272855, 36.213120899899998 ], [ -115.2728523, 36.213120899899998 ], [ -115.2728523, 36.213123599900001 ], [ -115.2728496, 36.213123599900001 ], [ -115.2728496, 36.2131289999 ], [ -115.2728469, 36.2131289999 ], [ -115.2728469, 36.213134399899999 ], [ -115.2728442, 36.213134399899999 ], [ -115.2728442, 36.213137099899996 ], [ -115.2728415, 36.213137099899996 ], [ -115.2728415, 36.213139799899999 ], [ -115.2728388, 36.213139799899999 ], [ -115.2728388, 36.213142499899995 ], [ -115.2728307, 36.213142499899995 ], [ -115.2728307, 36.213145199899998 ], [ -115.2728253, 36.213145199899998 ], [ -115.2728253, 36.213142499899995 ], [ -115.2728145, 36.213142499899995 ], [ -115.2728145, 36.213145199899998 ], [ -115.2728118, 36.213145199899998 ], [ -115.2728118, 36.213147899900001 ], [ -115.2728091, 36.213147899900001 ], [ -115.2728091, 36.2131532999 ], [ -115.2728118, 36.2131532999 ], [ -115.2728118, 36.213155999899996 ], [ -115.2728145, 36.213155999899996 ], [ -115.2728145, 36.213158699899999 ], [ -115.2728172, 36.213158699899999 ], [ -115.2728172, 36.213161399899995 ], [ -115.2728199, 36.213161399899995 ], [ -115.2728199, 36.213164099899998 ], [ -115.2728226, 36.213164099899998 ], [ -115.2728226, 36.213172199900001 ], [ -115.2728199, 36.213172199900001 ], [ -115.2728199, 36.2131775999 ], [ -115.2728172, 36.2131775999 ], [ -115.2728172, 36.213180299899996 ], [ -115.2728145, 36.213180299899996 ], [ -115.2728145, 36.213182999899999 ], [ -115.2728118, 36.213182999899999 ], [ -115.2728118, 36.213185699899995 ], [ -115.2728091, 36.213185699899995 ], [ -115.2728091, 36.213188399899998 ], [ -115.2728064, 36.213188399899998 ], [ -115.2728064, 36.213191099900001 ], [ -115.2728037, 36.213191099900001 ], [ -115.2728037, 36.213193799899997 ] ] ] } },
{ "type": "Feature", "properties": { "value": 255.0 }, "geometry": { "type": "Polygon", "coordinates": [ [ [ -115.2740349, 36.213137099899996 ], [ -115.2740268, 36.213137099899996 ], [ -115.2740268, 36.213134399899999 ], [ -115.2740241, 36.213134399899999 ], [ -115.2740241, 36.213131699899996 ], [ -115.2740187, 36.213131699899996 ], [ -115.2740187, 36.2131289999 ], [ -115.274016, 36.2131289999 ], [ -115.274016, 36.213123599900001 ], [ -115.2740133, 36.213123599900001 ], [ -115.2740133, 36.213120899899998 ], [ -115.2740106, 36.213120899899998 ], [ -115.2740106, 36.213118199899995 ], [ -115.2740079, 36.213118199899995 ], [ -115.2740079, 36.213112799899996 ], [ -115.2740052, 36.213112799899996 ], [ -115.2740052, 36.2131100999 ], [ -115.2740025, 36.2131100999 ], [ -115.2740025, 36.213107399899997 ], [ -115.2739998, 36.213107399899997 ], [ -115.2739998, 36.213104699900001 ], [ -115.2739944, 36.213104699900001 ], [ -115.2739944, 36.213101999899997 ], [ -115.2739782, 36.213101999899997 ], [ -115.2739782, 36.213099299899994 ], [ -115.2739728, 36.213099299899994 ], [ -115.2739728, 36.213096599899998 ], [ -115.2739701, 36.213096599899998 ], [ -115.2739701, 36.213093899899995 ], [ -115.2739647, 36.213093899899995 ], [ -115.2739647, 36.213091199899999 ], [ -115.273962, 36.213091199899999 ], [ -115.273962, 36.213088499899996 ], [ -115.2739593, 36.213088499899996 ], [ -115.2739593, 36.2130857999 ], [ -115.2739566, 36.2130857999 ], [ -115.2739566, 36.213083099899997 ], [ -115.2739539, 36.213083099899997 ], [ -115.2739539, 36.213080399900001 ], [ -115.2739458, 36.213080399900001 ], [ -115.2739458, 36.213083099899997 ], [ -115.2739431, 36.213083099899997 ], [ -115.2739431, 36.2130857999 ], [ -115.2739269, 36.2130857999 ], [ -115.2739269, 36.213083099899997 ], [ -115.2739242, 36.213083099899997 ], [ -115.2739242, 36.213080399900001 ], [ -115.2739215, 36.213080399900001 ], [ -115.2739215, 36.213077699899998 ], [ -115.2739188, 36.213077699899998 ], [ -115.2739188, 36.213074999899995 ], [ -115.2739161, 36.213074999899995 ], [ -115.2739161, 36.213072299899999 ], [ -115.2739134, 36.213072299899999 ], [ -115.2739134, 36.213069599899995 ], [ -115.2739107, 36.213069599899995 ], [ -115.2739107, 36.213066899899999 ], [ -115.273908, 36.213066899899999 ], [ -115.273908, 36.213050699899995 ], [ -115.2739107, 36.213050699899995 ], [ -115.2739107, 36.213045299899996 ], [ -115.2739161, 36.213045299899996 ], [ -115.2739161, 36.2130425999 ], [ -115.2739215, 36.2130425999 ], [ -115.2739215, 36.213039899899996 ], [ -115.2739269, 36.213039899899996 ], [ -115.2739269, 36.2130371999 ], [ -115.2739296, 36.2130371999 ], [ -115.2739296, 36.213026399899995 ], [ -115.2739242, 36.213026399899995 ], [ -115.2739242, 36.213023699899999 ], [ -115.2739215, 36.213023699899999 ], [ -115.2739215, 36.213020999899996 ], [ -115.2739188, 36.213020999899996 ], [ -115.2739188, 36.213004799899998 ], [ -115.2739215, 36.213004799899998 ], [ -115.2739215, 36.213002099899995 ], [ -115.2739242, 36.213002099899995 ], [ -115.2739242, 36.212999399899999 ], [ -115.2739296, 36.212999399899999 ], [ -115.2739296, 36.212996699899996 ], [ -115.2739404, 36.212996699899996 ], [ -115.2739404, 36.2129939999 ], [ -115.2739458, 36.2129939999 ], [ -115.2739458, 36.212991299899997 ], [ -115.2739512, 36.212991299899997 ], [ -115.2739512, 36.212988599900001 ], [ -115.2739566, 36.212988599900001 ], [ -115.2739566, 36.212985899899998 ], [ -115.273962, 36.212985899899998 ], [ -115.273962, 36.212983199899995 ], [ -115.2739647, 36.212983199899995 ], [ -115.2739647, 36.212980499899999 ], [ -115.2739728, 36.212980499899999 ], [ -115.2739728, 36.212977799899996 ], [ -115.2739782, 36.212977799899996 ], [ -115.2739782, 36.212953499899996 ], [ -115.2739809, 36.212953499899996 ], [ -115.2739809, 36.2129507999 ], [ -115.2739836, 36.2129507999 ], [ -115.2739836, 36.212948099899997 ], [ -115.273989, 36.212948099899997 ], [ -115.273989, 36.212945399900001 ], [ -115.2739944, 36.212945399900001 ], [ -115.2739944, 36.212942699899997 ], [ -115.2739971, 36.212942699899997 ], [ -115.2739971, 36.212939999899994 ], [ -115.2740025, 36.212939999899994 ], [ -115.2740025, 36.212937299899998 ], [ -115.2740079, 36.212937299899998 ], [ -115.2740079, 36.212934599899995 ], [ -115.2740106, 36.212934599899995 ], [ -115.2740106, 36.212931899899999 ], [ -115.2740187, 36.212931899899999 ], [ -115.2740187, 36.212929199899996 ], [ -115.2740214, 36.212929199899996 ], [ -115.2740214, 36.2129264999 ], [ -115.2740268, 36.2129264999 ], [ -115.2740268, 36.212923799899997 ], [ -115.2740322, 36.212923799899997 ], [ -115.2740322, 36.212921099900001 ], [ -115.274043, 36.212921099900001 ], [ -115.274043, 36.212918399899998 ], [ -115.2740457, 36.212918399899998 ], [ -115.2740457, 36.212921099900001 ], [ -115.2740511, 36.212921099900001 ], [ -115.2740511, 36.212923799899997 ], [ -115.2740538, 36.212923799899997 ], [ -115.2740538, 36.2129264999 ], [ -115.2740565, 36.2129264999 ], [ -115.2740565, 36.212929199899996 ], [ -115.2740592, 36.212929199899996 ], [ -115.2740592, 36.212931899899999 ], [ -115.2740619, 36.212931899899999 ], [ -115.2740619, 36.212934599899995 ], [ -115.2740646, 36.212934599899995 ], [ -115.2740646, 36.212937299899998 ], [ -115.27407, 36.212937299899998 ], [ -115.27407, 36.212939999899994 ], [ -115.2740727, 36.212939999899994 ], [ -115.2740727, 36.212942699899997 ], [ -115.2740754, 36.212942699899997 ], [ -115.2740754, 36.212945399900001 ], [ -115.2740781, 36.212945399900001 ], [ -115.2740781, 36.212948099899997 ], [ -115.2740808, 36.212948099899997 ], [ -115.2740808, 36.212953499899996 ], [ -115.2740835, 36.212953499899996 ], [ -115.2740835, 36.212956199899999 ], [ -115.2740862, 36.212956199899999 ], [ -115.2740862, 36.212961599899998 ], [ -115.2740889, 36.212961599899998 ], [ -115.2740889, 36.212964299899994 ], [ -115.2740916, 36.212964299899994 ], [ -115.2740916, 36.2129696999 ], [ -115.2740943, 36.2129696999 ], [ -115.2740943, 36.212972399899996 ], [ -115.274097, 36.212972399899996 ], [ -115.274097, 36.212977799899996 ], [ -115.2740997, 36.212977799899996 ], [ -115.2740997, 36.212983199899995 ], [ -115.2741024, 36.212983199899995 ], [ -115.2741024, 36.212988599900001 ], [ -115.2741051, 36.212988599900001 ], [ -115.2741051, 36.2129939999 ], [ -115.2741078, 36.2129939999 ], [ -115.2741078, 36.212996699899996 ], [ -115.2741051, 36.212996699899996 ], [ -115.2741051, 36.213002099899995 ], [ -115.2741024, 36.213002099899995 ], [ -115.2741024, 36.213010199899998 ], [ -115.2740997, 36.213010199899998 ], [ -115.2740997, 36.213012899900001 ], [ -115.274097, 36.213012899900001 ], [ -115.274097, 36.213015599899997 ], [ -115.2740943, 36.213015599899997 ], [ -115.2740943, 36.2130182999 ], [ -115.2740916, 36.2130182999 ], [ -115.2740916, 36.213026399899995 ], [ -115.2741024, 36.213026399899995 ], [ -115.2741024, 36.213029099899998 ], [ -115.2741051, 36.213029099899998 ], [ -115.2741051, 36.213026399899995 ], [ -115.2741105, 36.213026399899995 ], [ -115.2741105, 36.213020999899996 ], [ -115.2741267, 36.213020999899996 ], [ -115.2741267, 36.213023699899999 ], [ -115.2741294, 36.213023699899999 ], [ -115.2741294, 36.213031799899994 ], [ -115.2741321, 36.213031799899994 ], [ -115.2741321, 36.2130371999 ], [ -115.2741348, 36.2130371999 ], [ -115.2741348, 36.213045299899996 ], [ -115.2741375, 36.213045299899996 ], [ -115.2741375, 36.213050699899995 ], [ -115.2741402, 36.213050699899995 ], [ -115.2741402, 36.213072299899999 ], [ -115.2741429, 36.213072299899999 ], [ -115.2741429, 36.213080399900001 ], [ -115.2741456, 36.213080399900001 ], [ -115.2741456, 36.2130857999 ], [ -115.2741429, 36.2130857999 ], [ -115.2741429, 36.213088499899996 ], [ -115.2741402, 36.213088499899996 ], [ -115.2741402, 36.213091199899999 ], [ -115.2741375, 36.213091199899999 ], [ -115.2741375, 36.213093899899995 ], [ -115.2741348, 36.213093899899995 ], [ -115.2741348, 36.213096599899998 ], [ -115.2741294, 36.213096599899998 ], [ -115.2741294, 36.213099299899994 ], [ -115.2741267, 36.213099299899994 ], [ -115.2741267, 36.213101999899997 ], [ -115.2741213, 36.213101999899997 ], [ -115.2741213, 36.213104699900001 ], [ -115.2741159, 36.213104699900001 ], [ -115.2741159, 36.213107399899997 ], [ -115.2741078, 36.213107399899997 ], [ -115.2741078, 36.2131100999 ], [ -115.2740916, 36.2131100999 ], [ -115.2740916, 36.213112799899996 ], [ -115.2740835, 36.213112799899996 ], [ -115.2740835, 36.213115499899999 ], [ -115.2740781, 36.213115499899999 ], [ -115.2740781, 36.213118199899995 ], [ -115.2740754, 36.213118199899995 ], [ -115.2740754, 36.213120899899998 ], [ -115.27407, 36.213120899899998 ], [ -115.27407, 36.213123599900001 ], [ -115.2740646, 36.213123599900001 ], [ -115.2740646, 36.213126299899997 ], [ -115.2740619, 36.213126299899997 ], [ -115.2740619, 36.2131289999 ], [ -115.2740511, 36.2131289999 ], [ -115.2740511, 36.213131699899996 ], [ -115.274043, 36.213131699899996 ], [ -115.274043, 36.213134399899999 ], [ -115.2740349, 36.213134399899999 ], [ -115.2740349, 36.213137099899996 ] ] ] } },
{ "type": "Feature", "properties": { "value": 255.0 }, "geometry": { "type": "Polygon", "coordinates": [ [ [ -115.2734247, 36.213053399899998 ], [ -115.2734166, 36.213053399899998 ], [ -115.2734166, 36.213050699899995 ], [ -115.2734112, 36.213050699899995 ], [ -115.2734112, 36.213047999899999 ], [ -115.2734058, 36.213047999899999 ], [ -115.2734058, 36.213045299899996 ], [ -115.2734004, 36.213045299899996 ], [ -115.2734004, 36.2130425999 ], [ -115.2733977, 36.2130425999 ], [ -115.2733977, 36.213039899899996 ], [ -115.2733842, 36.213039899899996 ], [ -115.2733842, 36.2130371999 ], [ -115.2733761, 36.2130371999 ], [ -115.2733761, 36.213034499899997 ], [ -115.273368, 36.213034499899997 ], [ -115.273368, 36.213031799899994 ], [ -115.2733599, 36.213031799899994 ], [ -115.2733599, 36.213029099899998 ], [ -115.2733572, 36.213029099899998 ], [ -115.2733572, 36.213026399899995 ], [ -115.2733545, 36.213026399899995 ], [ -115.2733545, 36.213023699899999 ], [ -115.2733518, 36.213023699899999 ], [ -115.2733518, 36.213010199899998 ], [ -115.2733545, 36.213010199899998 ], [ -115.2733545, 36.212999399899999 ], [ -115.2733491, 36.212999399899999 ], [ -115.2733491, 36.213002099899995 ], [ -115.2733464, 36.213002099899995 ], [ -115.2733464, 36.213004799899998 ], [ -115.2733113, 36.213004799899998 ], [ -115.2733113, 36.213002099899995 ], [ -115.2733059, 36.213002099899995 ], [ -115.2733059, 36.212999399899999 ], [ -115.2733005, 36.212999399899999 ], [ -115.2733005, 36.212996699899996 ], [ -115.2732951, 36.212996699899996 ], [ -115.2732951, 36.2129939999 ], [ -115.2732924, 36.2129939999 ], [ -115.2732924, 36.212991299899997 ], [ -115.2732897, 36.212991299899997 ], [ -115.2732897, 36.212985899899998 ], [ -115.273287, 36.212985899899998 ], [ -115.273287, 36.212980499899999 ], [ -115.2732843, 36.212980499899999 ], [ -115.2732843, 36.212977799899996 ], [ -115.2732816, 36.212977799899996 ], [ -115.2732816, 36.2129750999 ], [ -115.2732789, 36.2129750999 ], [ -115.2732789, 36.212972399899996 ], [ -115.2732654, 36.212972399899996 ], [ -115.2732654, 36.2129750999 ], [ -115.2732627, 36.2129750999 ], [ -115.2732627, 36.212972399899996 ], [ -115.2732546, 36.212972399899996 ], [ -115.2732546, 36.2129696999 ], [ -115.2732465, 36.2129696999 ], [ -115.2732465, 36.212966999899997 ], [ -115.2732438, 36.212966999899997 ], [ -115.2732438, 36.212964299899994 ], [ -115.2732384, 36.212964299899994 ], [ -115.2732384, 36.212961599899998 ], [ -115.273233, 36.212961599899998 ], [ -115.273233, 36.212958899899995 ], [ -115.2732303, 36.212958899899995 ], [ -115.2732303, 36.212956199899999 ], [ -115.2732276, 36.212956199899999 ], [ -115.2732276, 36.212948099899997 ], [ -115.2732303, 36.212948099899997 ], [ -115.2732303, 36.212942699899997 ], [ -115.2732357, 36.212942699899997 ], [ -115.2732357, 36.212937299899998 ], [ -115.2732384, 36.212937299899998 ], [ -115.2732384, 36.212934599899995 ], [ -115.2732411, 36.212934599899995 ], [ -115.2732411, 36.212931899899999 ], [ -115.2732438, 36.212931899899999 ], [ -115.2732438, 36.212929199899996 ], [ -115.2732492, 36.212929199899996 ], [ -115.2732492, 36.2129264999 ], [ -115.2732519, 36.2129264999 ], [ -115.2732519, 36.212923799899997 ], [ -115.2732546, 36.212923799899997 ], [ -115.2732546, 36.212921099900001 ], [ -115.2732573, 36.212921099900001 ], [ -115.2732573, 36.212918399899998 ], [ -115.2732627, 36.212918399899998 ], [ -115.2732627, 36.212915699899995 ], [ -115.2732654, 36.212915699899995 ], [ -115.2732654, 36.212910299899995 ], [ -115.2732708, 36.212910299899995 ], [ -115.2732708, 36.212907599899999 ], [ -115.2732735, 36.212907599899999 ], [ -115.2732735, 36.212904899899996 ], [ -115.2732762, 36.212904899899996 ], [ -115.2732762, 36.2129021999 ], [ -115.2732924, 36.2129021999 ], [ -115.2732924, 36.212904899899996 ], [ -115.2733059, 36.212904899899996 ], [ -115.2733059, 36.2129021999 ], [ -115.2733086, 36.2129021999 ], [ -115.2733086, 36.212899499899997 ], [ -115.2733113, 36.212899499899997 ], [ -115.2733113, 36.212896799899994 ], [ -115.273314, 36.212896799899994 ], [ -115.273314, 36.212888699899999 ], [ -115.2733167, 36.212888699899999 ], [ -115.2733167, 36.212885999899996 ], [ -115.2733194, 36.212885999899996 ], [ -115.2733194, 36.2128832999 ], [ -115.2733221, 36.2128832999 ], [ -115.2733221, 36.212880599899997 ], [ -115.2733248, 36.212880599899997 ], [ -115.2733248, 36.212877899900001 ], [ -115.2733275, 36.212877899900001 ], [ -115.2733275, 36.212875199899997 ], [ -115.2733302, 36.212875199899997 ], [ -115.2733302, 36.212872499899994 ], [ -115.2733329, 36.212872499899994 ], [ -115.2733329, 36.212869799899998 ], [ -115.2733356, 36.212869799899998 ], [ -115.2733356, 36.212867099899995 ], [ -115.273341, 36.212867099899995 ], [ -115.273341, 36.212864399899999 ], [ -115.2733437, 36.212864399899999 ], [ -115.2733437, 36.212861699899996 ], [ -115.2733464, 36.212861699899996 ], [ -115.2733464, 36.2128589999 ], [ -115.2733572, 36.2128589999 ], [ -115.2733572, 36.212861699899996 ], [ -115.2733599, 36.212861699899996 ], [ -115.2733599, 36.212864399899999 ], [ -115.2733626, 36.212864399899999 ], [ -115.2733626, 36.212867099899995 ], [ -115.2733707, 36.212867099899995 ], [ -115.2733707, 36.212869799899998 ], [ -115.2733842, 36.212869799899998 ], [ -115.2733842, 36.212872499899994 ], [ -115.2733923, 36.212872499899994 ], [ -115.2733923, 36.212875199899997 ], [ -115.2734004, 36.212875199899997 ], [ -115.2734004, 36.212877899900001 ], [ -115.2734031, 36.212877899900001 ], [ -115.2734031, 36.212880599899997 ], [ -115.2734085, 36.212880599899997 ], [ -115.2734085, 36.2128832999 ], [ -115.2734139, 36.2128832999 ], [ -115.2734139, 36.212885999899996 ], [ -115.2734193, 36.212885999899996 ], [ -115.2734193, 36.212888699899999 ], [ -115.273422, 36.212888699899999 ], [ -115.273422, 36.212891399899995 ], [ -115.2734247, 36.212891399899995 ], [ -115.2734247, 36.212894099899998 ], [ -115.2734301, 36.212894099899998 ], [ -115.2734301, 36.212896799899994 ], [ -115.2734382, 36.212896799899994 ], [ -115.2734382, 36.212899499899997 ], [ -115.2734436, 36.212899499899997 ], [ -115.2734436, 36.2129021999 ], [ -115.2734463, 36.2129021999 ], [ -115.2734463, 36.212904899899996 ], [ -115.2734544, 36.212904899899996 ], [ -115.2734544, 36.212907599899999 ], [ -115.2734679, 36.212907599899999 ], [ -115.2734679, 36.212910299899995 ], [ -115.2734706, 36.212910299899995 ], [ -115.2734706, 36.212907599899999 ], [ -115.2734922, 36.212907599899999 ], [ -115.2734922, 36.212910299899995 ], [ -115.2734976, 36.212910299899995 ], [ -115.2734976, 36.212912999899999 ], [ -115.2735003, 36.212912999899999 ], [ -115.2735003, 36.212915699899995 ], [ -115.273503, 36.212915699899995 ], [ -115.273503, 36.212918399899998 ], [ -115.2735057, 36.212918399899998 ], [ -115.2735057, 36.212921099900001 ], [ -115.2735111, 36.212921099900001 ], [ -115.2735111, 36.212923799899997 ], [ -115.2735138, 36.212923799899997 ], [ -115.2735138, 36.2129264999 ], [ -115.2735165, 36.2129264999 ], [ -115.2735165, 36.212939999899994 ], [ -115.2735138, 36.212939999899994 ], [ -115.2735138, 36.212942699899997 ], [ -115.2735111, 36.212942699899997 ], [ -115.2735111, 36.212945399900001 ], [ -115.2735057, 36.212945399900001 ], [ -115.2735057, 36.2129507999 ], [ -115.273503, 36.2129507999 ], [ -115.273503, 36.212958899899995 ], [ -115.2735003, 36.212958899899995 ], [ -115.2735003, 36.212964299899994 ], [ -115.2734976, 36.212964299899994 ], [ -115.2734976, 36.2129696999 ], [ -115.2734949, 36.2129696999 ], [ -115.2734949, 36.212972399899996 ], [ -115.2734922, 36.212972399899996 ], [ -115.2734922, 36.2129750999 ], [ -115.2734895, 36.2129750999 ], [ -115.2734895, 36.212977799899996 ], [ -115.2734868, 36.212977799899996 ], [ -115.2734868, 36.212980499899999 ], [ -115.2734814, 36.212980499899999 ], [ -115.2734814, 36.212983199899995 ], [ -115.2734787, 36.212983199899995 ], [ -115.2734787, 36.212985899899998 ], [ -115.273476, 36.212985899899998 ], [ -115.273476, 36.212988599900001 ], [ -115.2734733, 36.212988599900001 ], [ -115.2734733, 36.212991299899997 ], [ -115.2734706, 36.212991299899997 ], [ -115.2734706, 36.2129939999 ], [ -115.2734679, 36.2129939999 ], [ -115.2734679, 36.212996699899996 ], [ -115.2734625, 36.212996699899996 ], [ -115.2734625, 36.213002099899995 ], [ -115.2734598, 36.213002099899995 ], [ -115.2734598, 36.213004799899998 ], [ -115.2734571, 36.213004799899998 ], [ -115.2734571, 36.213012899900001 ], [ -115.2734544, 36.213012899900001 ], [ -115.2734544, 36.2130182999 ], [ -115.2734517, 36.2130182999 ], [ -115.2734517, 36.213026399899995 ], [ -115.273449, 36.213026399899995 ], [ -115.273449, 36.213031799899994 ], [ -115.2734463, 36.213031799899994 ], [ -115.2734463, 36.213034499899997 ], [ -115.2734436, 36.213034499899997 ], [ -115.2734436, 36.2130371999 ], [ -115.2734409, 36.2130371999 ], [ -115.2734409, 36.213039899899996 ], [ -115.2734382, 36.213039899899996 ], [ -115.2734382, 36.2130425999 ], [ -115.2734355, 36.2130425999 ], [ -115.2734355, 36.213045299899996 ], [ -115.2734328, 36.213045299899996 ], [ -115.2734328, 36.213047999899999 ], [ -115.2734274, 36.213047999899999 ], [ -115.2734274, 36.213050699899995 ], [ -115.2734247, 36.213050699899995 ], [ -115.2734247, 36.213053399899998 ] ] ] } },
{ "type": "Feature", "properties": { "value": 255.0 }, "geometry": { "type": "Polygon", "coordinates": [ [ [ -115.2725958, 36.2130182999 ], [ -115.272585, 36.2130182999 ], [ -115.272585, 36.213015599899997 ], [ -115.2725796, 36.213015599899997 ], [ -115.2725796, 36.213012899900001 ], [ -115.2725715, 36.213012899900001 ], [ -115.2725715, 36.213010199899998 ], [ -115.2725661, 36.213010199899998 ], [ -115.2725661, 36.213012899900001 ], [ -115.2725607, 36.213012899900001 ], [ -115.2725607, 36.213015599899997 ], [ -115.2725472, 36.213015599899997 ], [ -115.2725472, 36.213012899900001 ], [ -115.2725418, 36.213012899900001 ], [ -115.2725418, 36.213010199899998 ], [ -115.2725364, 36.213010199899998 ], [ -115.2725364, 36.213007499899994 ], [ -115.2725202, 36.213007499899994 ], [ -115.2725202, 36.213004799899998 ], [ -115.2725121, 36.213004799899998 ], [ -115.2725121, 36.213002099899995 ], [ -115.2725067, 36.213002099899995 ], [ -115.2725067, 36.212999399899999 ], [ -115.2725013, 36.212999399899999 ], [ -115.2725013, 36.212996699899996 ], [ -115.2724986, 36.212996699899996 ], [ -115.2724986, 36.2129939999 ], [ -115.2724959, 36.2129939999 ], [ -115.2724959, 36.212972399899996 ], [ -115.2724932, 36.212972399899996 ], [ -115.2724932, 36.2129696999 ], [ -115.2724878, 36.2129696999 ], [ -115.2724878, 36.212966999899997 ], [ -115.2724851, 36.212966999899997 ], [ -115.2724851, 36.212964299899994 ], [ -115.2724797, 36.212964299899994 ], [ -115.2724797, 36.212961599899998 ], [ -115.2724743, 36.212961599899998 ], [ -115.2724743, 36.212958899899995 ], [ -115.2724662, 36.212958899899995 ], [ -115.2724662, 36.212956199899999 ], [ -115.2724635, 36.212956199899999 ], [ -115.2724635, 36.2129507999 ], [ -115.2724608, 36.2129507999 ], [ -115.2724608, 36.212939999899994 ], [ -115.2724635, 36.212939999899994 ], [ -115.2724635, 36.212918399899998 ], [ -115.2724662, 36.212918399899998 ], [ -115.2724662, 36.212910299899995 ], [ -115.2724689, 36.212910299899995 ], [ -115.2724689, 36.212907599899999 ], [ -115.2724743, 36.212907599899999 ], [ -115.2724743, 36.212904899899996 ], [ -115.2724824, 36.212904899899996 ], [ -115.2724824, 36.2129021999 ], [ -115.2724851, 36.2129021999 ], [ -115.2724851, 36.212899499899997 ], [ -115.2724878, 36.212899499899997 ], [ -115.2724878, 36.212891399899995 ], [ -115.2724905, 36.212891399899995 ], [ -115.2724905, 36.212885999899996 ], [ -115.2724932, 36.212885999899996 ], [ -115.2724932, 36.2128832999 ], [ -115.2724959, 36.2128832999 ], [ -115.2724959, 36.212875199899997 ], [ -115.2724986, 36.212875199899997 ], [ -115.2724986, 36.212872499899994 ], [ -115.2725013, 36.212872499899994 ], [ -115.2725013, 36.212864399899999 ], [ -115.272504, 36.212864399899999 ], [ -115.272504, 36.2128589999 ], [ -115.2725067, 36.2128589999 ], [ -115.2725067, 36.212856299899997 ], [ -115.2725094, 36.212856299899997 ], [ -115.2725094, 36.212850899899998 ], [ -115.2725121, 36.212850899899998 ], [ -115.2725121, 36.212848199899994 ], [ -115.2725148, 36.212848199899994 ], [ -115.2725148, 36.212845499899998 ], [ -115.2725175, 36.212845499899998 ], [ -115.2725175, 36.212842799899995 ], [ -115.2725202, 36.212842799899995 ], [ -115.2725202, 36.212840099899999 ], [ -115.2725229, 36.212840099899999 ], [ -115.2725229, 36.212837399899996 ], [ -115.2725256, 36.212837399899996 ], [ -115.2725256, 36.2128346999 ], [ -115.2725283, 36.2128346999 ], [ -115.2725283, 36.212831999899997 ], [ -115.272531, 36.212831999899997 ], [ -115.272531, 36.212829299899994 ], [ -115.2725364, 36.212829299899994 ], [ -115.2725364, 36.212826599899998 ], [ -115.2725391, 36.212826599899998 ], [ -115.2725391, 36.212829299899994 ], [ -115.2725472, 36.212829299899994 ], [ -115.2725472, 36.212831999899997 ], [ -115.2725526, 36.212831999899997 ], [ -115.2725526, 36.2128346999 ], [ -115.272558, 36.2128346999 ], [ -115.272558, 36.212837399899996 ], [ -115.2725634, 36.212837399899996 ], [ -115.2725634, 36.212840099899999 ], [ -115.2725661, 36.212840099899999 ], [ -115.2725661, 36.212842799899995 ], [ -115.2725688, 36.212842799899995 ], [ -115.2725688, 36.212845499899998 ], [ -115.2725715, 36.212845499899998 ], [ -115.2725715, 36.212848199899994 ], [ -115.2725742, 36.212848199899994 ], [ -115.2725742, 36.212850899899998 ], [ -115.2725796, 36.212850899899998 ], [ -115.2725796, 36.212853599900001 ], [ -115.2725823, 36.212853599900001 ], [ -115.2725823, 36.212856299899997 ], [ -115.2725877, 36.212856299899997 ], [ -115.2725877, 36.2128589999 ], [ -115.2726039, 36.2128589999 ], [ -115.2726039, 36.212861699899996 ], [ -115.2726093, 36.212861699899996 ], [ -115.2726093, 36.212864399899999 ], [ -115.2726174, 36.212864399899999 ], [ -115.2726174, 36.212867099899995 ], [ -115.2726228, 36.212867099899995 ], [ -115.2726228, 36.212869799899998 ], [ -115.2726255, 36.212869799899998 ], [ -115.2726255, 36.212872499899994 ], [ -115.2726309, 36.212872499899994 ], [ -115.2726309, 36.212875199899997 ], [ -115.2726363, 36.212875199899997 ], [ -115.2726363, 36.212877899900001 ], [ -115.272639, 36.212877899900001 ], [ -115.272639, 36.212880599899997 ], [ -115.2726417, 36.212880599899997 ], [ -115.2726417, 36.2128832999 ], [ -115.2726444, 36.2128832999 ], [ -115.2726444, 36.212888699899999 ], [ -115.2726471, 36.212888699899999 ], [ -115.2726471, 36.212896799899994 ], [ -115.2726444, 36.212896799899994 ], [ -115.2726444, 36.212899499899997 ], [ -115.2726417, 36.212899499899997 ], [ -115.2726417, 36.2129021999 ], [ -115.272639, 36.2129021999 ], [ -115.272639, 36.212904899899996 ], [ -115.2726363, 36.212904899899996 ], [ -115.2726363, 36.212907599899999 ], [ -115.2726309, 36.212907599899999 ], [ -115.2726309, 36.212910299899995 ], [ -115.2726255, 36.212910299899995 ], [ -115.2726255, 36.212912999899999 ], [ -115.2726228, 36.212912999899999 ], [ -115.2726228, 36.212923799899997 ], [ -115.2726282, 36.212923799899997 ], [ -115.2726282, 36.2129264999 ], [ -115.2726363, 36.2129264999 ], [ -115.2726363, 36.212929199899996 ], [ -115.2726552, 36.212929199899996 ], [ -115.2726552, 36.212931899899999 ], [ -115.2726579, 36.212931899899999 ], [ -115.2726579, 36.212934599899995 ], [ -115.2726606, 36.212934599899995 ], [ -115.2726606, 36.212937299899998 ], [ -115.2726633, 36.212937299899998 ], [ -115.2726633, 36.212939999899994 ], [ -115.272666, 36.212939999899994 ], [ -115.272666, 36.212945399900001 ], [ -115.2726714, 36.212945399900001 ], [ -115.2726714, 36.212948099899997 ], [ -115.2726741, 36.212948099899997 ], [ -115.2726741, 36.212953499899996 ], [ -115.2726795, 36.212953499899996 ], [ -115.2726795, 36.212956199899999 ], [ -115.2726822, 36.212956199899999 ], [ -115.2726822, 36.212961599899998 ], [ -115.2726849, 36.212961599899998 ], [ -115.2726849, 36.212964299899994 ], [ -115.2726876, 36.212964299899994 ], [ -115.2726876, 36.212980499899999 ], [ -115.2726849, 36.212980499899999 ], [ -115.2726849, 36.212983199899995 ], [ -115.2726822, 36.212983199899995 ], [ -115.2726822, 36.212985899899998 ], [ -115.2726795, 36.212985899899998 ], [ -115.2726795, 36.212988599900001 ], [ -115.2726768, 36.212988599900001 ], [ -115.2726768, 36.212991299899997 ], [ -115.2726741, 36.212991299899997 ], [ -115.2726741, 36.2129939999 ], [ -115.2726714, 36.2129939999 ], [ -115.2726714, 36.212996699899996 ], [ -115.272666, 36.212996699899996 ], [ -115.272666, 36.212999399899999 ], [ -115.2726606, 36.212999399899999 ], [ -115.2726606, 36.213002099899995 ], [ -115.2726336, 36.213002099899995 ], [ -115.2726336, 36.212999399899999 ], [ -115.2726147, 36.212999399899999 ], [ -115.2726147, 36.213002099899995 ], [ -115.272612, 36.213002099899995 ], [ -115.272612, 36.213004799899998 ], [ -115.2726093, 36.213004799899998 ], [ -115.2726093, 36.213007499899994 ], [ -115.2726039, 36.213007499899994 ], [ -115.2726039, 36.213010199899998 ], [ -115.2726012, 36.213010199899998 ], [ -115.2726012, 36.213012899900001 ], [ -115.2725985, 36.213012899900001 ], [ -115.2725985, 36.213015599899997 ], [ -115.2725958, 36.213015599899997 ], [ -115.2725958, 36.2130182999 ] ] ] } },
{ "type": "Feature", "properties": { "value": 255.0 }, "geometry": { "type": "Polygon", "coordinates": [ [ [ -115.2739107, 36.212942699899997 ], [ -115.2738999, 36.212942699899997 ], [ -115.2738999, 36.212939999899994 ], [ -115.2738972, 36.212939999899994 ], [ -115.2738972, 36.212937299899998 ], [ -115.2738945, 36.212937299899998 ], [ -115.2738945, 36.212934599899995 ], [ -115.2738891, 36.212934599899995 ], [ -115.2738891, 36.212931899899999 ], [ -115.2738864, 36.212931899899999 ], [ -115.2738864, 36.212929199899996 ], [ -115.2738837, 36.212929199899996 ], [ -115.2738837, 36.2129264999 ], [ -115.2738783, 36.2129264999 ], [ -115.2738783, 36.212923799899997 ], [ -115.2738702, 36.212923799899997 ], [ -115.2738702, 36.212921099900001 ], [ -115.2738621, 36.212921099900001 ], [ -115.2738621, 36.212918399899998 ], [ -115.2738405, 36.212918399899998 ], [ -115.2738405, 36.212921099900001 ], [ -115.2738378, 36.212921099900001 ], [ -115.2738378, 36.2129264999 ], [ -115.273827, 36.2129264999 ], [ -115.273827, 36.212923799899997 ], [ -115.2738216, 36.212923799899997 ], [ -115.2738216, 36.212921099900001 ], [ -115.2738189, 36.212921099900001 ], [ -115.2738189, 36.212918399899998 ], [ -115.2738135, 36.212918399899998 ], [ -115.2738135, 36.212912999899999 ], [ -115.2738081, 36.212912999899999 ], [ -115.2738081, 36.212910299899995 ], [ -115.2738, 36.212910299899995 ], [ -115.2738, 36.2129021999 ], [ -115.2737973, 36.2129021999 ], [ -115.2737973, 36.212899499899997 ], [ -115.2737946, 36.212899499899997 ], [ -115.2737946, 36.212896799899994 ], [ -115.2737919, 36.212896799899994 ], [ -115.2737919, 36.212894099899998 ], [ -115.2737892, 36.212894099899998 ], [ -115.2737892, 36.212891399899995 ], [ -115.273773, 36.212891399899995 ], [ -115.273773, 36.212894099899998 ], [ -115.2737676, 36.212894099899998 ], [ -115.2737676, 36.212896799899994 ], [ -115.2737622, 36.212896799899994 ], [ -115.2737622, 36.212899499899997 ], [ -115.2737541, 36.212899499899997 ], [ -115.2737541, 36.212896799899994 ], [ -115.2737487, 36.212896799899994 ], [ -115.2737487, 36.212894099899998 ], [ -115.273746, 36.212894099899998 ], [ -115.273746, 36.212891399899995 ], [ -115.2737433, 36.212891399899995 ], [ -115.2737433, 36.212885999899996 ], [ -115.2737406, 36.212885999899996 ], [ -115.2737406, 36.2128832999 ], [ -115.2737379, 36.2128832999 ], [ -115.2737379, 36.212880599899997 ], [ -115.2737352, 36.212880599899997 ], [ -115.2737352, 36.212877899900001 ], [ -115.2737325, 36.212877899900001 ], [ -115.2737325, 36.212875199899997 ], [ -115.2737298, 36.212875199899997 ], [ -115.2737298, 36.212872499899994 ], [ -115.2737271, 36.212872499899994 ], [ -115.2737271, 36.212869799899998 ], [ -115.2737244, 36.212869799899998 ], [ -115.2737244, 36.212867099899995 ], [ -115.273719, 36.212867099899995 ], [ -115.273719, 36.212864399899999 ], [ -115.2737163, 36.212864399899999 ], [ -115.2737163, 36.212850899899998 ], [ -115.2737217, 36.212850899899998 ], [ -115.2737217, 36.212848199899994 ], [ -115.2737244, 36.212848199899994 ], [ -115.2737244, 36.212845499899998 ], [ -115.2737298, 36.212845499899998 ], [ -115.2737298, 36.212842799899995 ], [ -115.2737325, 36.212842799899995 ], [ -115.2737325, 36.212840099899999 ], [ -115.2737379, 36.212840099899999 ], [ -115.2737379, 36.212837399899996 ], [ -115.2737406, 36.212837399899996 ], [ -115.2737406, 36.2128346999 ], [ -115.273746, 36.2128346999 ], [ -115.273746, 36.212831999899997 ], [ -115.2737541, 36.212831999899997 ], [ -115.2737541, 36.212829299899994 ], [ -115.2737649, 36.212829299899994 ], [ -115.2737649, 36.212826599899998 ], [ -115.2737811, 36.212826599899998 ], [ -115.2737811, 36.212823899899995 ], [ -115.2737865, 36.212823899899995 ], [ -115.2737865, 36.212821199899999 ], [ -115.2737892, 36.212821199899999 ], [ -115.2737892, 36.2128157999 ], [ -115.2737919, 36.2128157999 ], [ -115.2737919, 36.212813099899996 ], [ -115.2737973, 36.212813099899996 ], [ -115.2737973, 36.2128103999 ], [ -115.2738081, 36.2128103999 ], [ -115.2738081, 36.212813099899996 ], [ -115.2738108, 36.212813099899996 ], [ -115.2738108, 36.2128157999 ], [ -115.2738216, 36.2128157999 ], [ -115.2738216, 36.212813099899996 ], [ -115.2738351, 36.212813099899996 ], [ -115.2738351, 36.2128103999 ], [ -115.2738378, 36.2128103999 ], [ -115.2738378, 36.212804999899994 ], [ -115.2738405, 36.212804999899994 ], [ -115.2738405, 36.212802299899998 ], [ -115.2738432, 36.212802299899998 ], [ -115.2738432, 36.212799599899995 ], [ -115.2738459, 36.212799599899995 ], [ -115.2738459, 36.2127914999 ], [ -115.2738486, 36.2127914999 ], [ -115.2738486, 36.212783399899998 ], [ -115.2738459, 36.212783399899998 ], [ -115.2738459, 36.212777999899998 ], [ -115.2738486, 36.212777999899998 ], [ -115.2738486, 36.212775299899995 ], [ -115.2738513, 36.212775299899995 ], [ -115.2738513, 36.212772599899999 ], [ -115.273854, 36.212772599899999 ], [ -115.273854, 36.212769899899996 ], [ -115.2738567, 36.212769899899996 ], [ -115.2738567, 36.2127671999 ], [ -115.2738648, 36.2127671999 ], [ -115.2738648, 36.212764499899997 ], [ -115.2738729, 36.212764499899997 ], [ -115.2738729, 36.212761799899994 ], [ -115.2738837, 36.212761799899994 ], [ -115.2738837, 36.212764499899997 ], [ -115.2738891, 36.212764499899997 ], [ -115.2738891, 36.2127671999 ], [ -115.2738918, 36.2127671999 ], [ -115.2738918, 36.212769899899996 ], [ -115.2738945, 36.212769899899996 ], [ -115.2738945, 36.212772599899999 ], [ -115.2738972, 36.212772599899999 ], [ -115.2738972, 36.212775299899995 ], [ -115.2738999, 36.212775299899995 ], [ -115.2738999, 36.212777999899998 ], [ -115.2739026, 36.212777999899998 ], [ -115.2739026, 36.212783399899998 ], [ -115.2739053, 36.212783399899998 ], [ -115.2739053, 36.212788799899997 ], [ -115.273908, 36.212788799899997 ], [ -115.273908, 36.212794199899996 ], [ -115.2739107, 36.212794199899996 ], [ -115.2739107, 36.212796899899999 ], [ -115.2739161, 36.212796899899999 ], [ -115.2739161, 36.212799599899995 ], [ -115.2739188, 36.212799599899995 ], [ -115.2739188, 36.212802299899998 ], [ -115.2739215, 36.212802299899998 ], [ -115.2739215, 36.212804999899994 ], [ -115.2739269, 36.212804999899994 ], [ -115.2739269, 36.212807699899997 ], [ -115.273935, 36.212807699899997 ], [ -115.273935, 36.2128103999 ], [ -115.2739377, 36.2128103999 ], [ -115.2739377, 36.2128157999 ], [ -115.2739404, 36.2128157999 ], [ -115.2739404, 36.212818499899996 ], [ -115.2739458, 36.212818499899996 ], [ -115.2739458, 36.212821199899999 ], [ -115.2739512, 36.212821199899999 ], [ -115.2739512, 36.212823899899995 ], [ -115.2739566, 36.212823899899995 ], [ -115.2739566, 36.212826599899998 ], [ -115.2739674, 36.212826599899998 ], [ -115.2739674, 36.212823899899995 ], [ -115.2739809, 36.212823899899995 ], [ -115.2739809, 36.212826599899998 ], [ -115.2739836, 36.212826599899998 ], [ -115.2739836, 36.212829299899994 ], [ -115.2739863, 36.212829299899994 ], [ -115.2739863, 36.212831999899997 ], [ -115.273989, 36.212831999899997 ], [ -115.273989, 36.212837399899996 ], [ -115.2739917, 36.212837399899996 ], [ -115.2739917, 36.212840099899999 ], [ -115.2739944, 36.212840099899999 ], [ -115.2739944, 36.212845499899998 ], [ -115.2739971, 36.212845499899998 ], [ -115.2739971, 36.212850899899998 ], [ -115.2739998, 36.212850899899998 ], [ -115.2739998, 36.212853599900001 ], [ -115.2740025, 36.212853599900001 ], [ -115.2740025, 36.212856299899997 ], [ -115.2740052, 36.212856299899997 ], [ -115.2740052, 36.2128589999 ], [ -115.2740079, 36.2128589999 ], [ -115.2740079, 36.212861699899996 ], [ -115.2740133, 36.212861699899996 ], [ -115.2740133, 36.212864399899999 ], [ -115.274016, 36.212864399899999 ], [ -115.274016, 36.212867099899995 ], [ -115.2740187, 36.212867099899995 ], [ -115.2740187, 36.212869799899998 ], [ -115.2740214, 36.212869799899998 ], [ -115.2740214, 36.212872499899994 ], [ -115.2740268, 36.212872499899994 ], [ -115.2740268, 36.212877899900001 ], [ -115.2740295, 36.212877899900001 ], [ -115.2740295, 36.212888699899999 ], [ -115.2740322, 36.212888699899999 ], [ -115.2740322, 36.212899499899997 ], [ -115.2740295, 36.212899499899997 ], [ -115.2740295, 36.2129021999 ], [ -115.2740214, 36.2129021999 ], [ -115.2740214, 36.212904899899996 ], [ -115.2740187, 36.212904899899996 ], [ -115.2740187, 36.212907599899999 ], [ -115.2740106, 36.212907599899999 ], [ -115.2740106, 36.212910299899995 ], [ -115.2740025, 36.212910299899995 ], [ -115.2740025, 36.212912999899999 ], [ -115.2739944, 36.212912999899999 ], [ -115.2739944, 36.212915699899995 ], [ -115.273989, 36.212915699899995 ], [ -115.273989, 36.212918399899998 ], [ -115.2739836, 36.212918399899998 ], [ -115.2739836, 36.212921099900001 ], [ -115.2739701, 36.212921099900001 ], [ -115.2739701, 36.212923799899997 ], [ -115.273962, 36.212923799899997 ], [ -115.273962, 36.2129264999 ], [ -115.2739458, 36.2129264999 ], [ -115.2739458, 36.212929199899996 ], [ -115.2739377, 36.212929199899996 ], [ -115.2739377, 36.212931899899999 ], [ -115.2739269, 36.212931899899999 ], [ -115.2739269, 36.212934599899995 ], [ -115.2739215, 36.212934599899995 ], [ -115.2739215, 36.212937299899998 ], [ -115.2739161, 36.212937299899998 ], [ -115.2739161, 36.212939999899994 ], [ -115.2739107, 36.212939999899994 ], [ -115.2739107, 36.212942699899997 ] ] ] } },
{ "type": "Feature", "properties": { "value": 255.0 }, "geometry": { "type": "Polygon", "coordinates": [ [ [ -115.2732141, 36.212921099900001 ], [ -115.2732033, 36.212921099900001 ], [ -115.2732033, 36.212918399899998 ], [ -115.2732006, 36.212918399899998 ], [ -115.2732006, 36.212915699899995 ], [ -115.2731952, 36.212915699899995 ], [ -115.2731952, 36.212912999899999 ], [ -115.2731925, 36.212912999899999 ], [ -115.2731925, 36.212910299899995 ], [ -115.2731844, 36.212910299899995 ], [ -115.2731844, 36.212907599899999 ], [ -115.2731817, 36.212907599899999 ], [ -115.2731817, 36.212904899899996 ], [ -115.2731763, 36.212904899899996 ], [ -115.2731763, 36.2129021999 ], [ -115.2731736, 36.2129021999 ], [ -115.2731736, 36.212899499899997 ], [ -115.2731709, 36.212899499899997 ], [ -115.2731709, 36.212896799899994 ], [ -115.2731682, 36.212896799899994 ], [ -115.2731682, 36.212894099899998 ], [ -115.2731628, 36.212894099899998 ], [ -115.2731628, 36.212891399899995 ], [ -115.2731601, 36.212891399899995 ], [ -115.2731601, 36.212888699899999 ], [ -115.2731574, 36.212888699899999 ], [ -115.2731574, 36.212885999899996 ], [ -115.2731493, 36.212885999899996 ], [ -115.2731493, 36.212880599899997 ], [ -115.2731466, 36.212880599899997 ], [ -115.2731466, 36.212875199899997 ], [ -115.2731331, 36.212875199899997 ], [ -115.2731331, 36.212869799899998 ], [ -115.2731385, 36.212869799899998 ], [ -115.2731385, 36.212867099899995 ], [ -115.2731412, 36.212867099899995 ], [ -115.2731412, 36.212864399899999 ], [ -115.2731466, 36.212864399899999 ], [ -115.2731466, 36.212861699899996 ], [ -115.2731493, 36.212861699899996 ], [ -115.2731493, 36.212856299899997 ], [ -115.273152, 36.212856299899997 ], [ -115.273152, 36.212848199899994 ], [ -115.2731493, 36.212848199899994 ], [ -115.2731493, 36.212840099899999 ], [ -115.2731466, 36.212840099899999 ], [ -115.2731466, 36.212837399899996 ], [ -115.2731412, 36.212837399899996 ], [ -115.2731412, 36.2128346999 ], [ -115.2731385, 36.2128346999 ], [ -115.2731385, 36.212831999899997 ], [ -115.2731358, 36.212831999899997 ], [ -115.2731358, 36.212829299899994 ], [ -115.2731331, 36.212829299899994 ], [ -115.2731331, 36.212826599899998 ], [ -115.2731277, 36.212826599899998 ], [ -115.2731277, 36.212823899899995 ], [ -115.273125, 36.212823899899995 ], [ -115.273125, 36.212821199899999 ], [ -115.2731196, 36.212821199899999 ], [ -115.2731196, 36.212818499899996 ], [ -115.2731169, 36.212818499899996 ], [ -115.2731169, 36.2128157999 ], [ -115.2731142, 36.2128157999 ], [ -115.2731142, 36.212813099899996 ], [ -115.2731115, 36.212813099899996 ], [ -115.2731115, 36.2128103999 ], [ -115.2731088, 36.2128103999 ], [ -115.2731088, 36.212807699899997 ], [ -115.2731061, 36.212807699899997 ], [ -115.2731061, 36.212804999899994 ], [ -115.2731034, 36.212804999899994 ], [ -115.2731034, 36.212802299899998 ], [ -115.2731007, 36.212802299899998 ], [ -115.2731007, 36.212799599899995 ], [ -115.273098, 36.212799599899995 ], [ -115.273098, 36.212796899899999 ], [ -115.2730926, 36.212796899899999 ], [ -115.2730926, 36.212794199899996 ], [ -115.2730899, 36.212794199899996 ], [ -115.2730899, 36.2127914999 ], [ -115.2730872, 36.2127914999 ], [ -115.2730872, 36.212788799899997 ], [ -115.2730845, 36.212788799899997 ], [ -115.2730845, 36.212783399899998 ], [ -115.2730818, 36.212783399899998 ], [ -115.2730818, 36.212777999899998 ], [ -115.2730845, 36.212777999899998 ], [ -115.2730845, 36.212775299899995 ], [ -115.2730872, 36.212775299899995 ], [ -115.2730872, 36.212772599899999 ], [ -115.2730899, 36.212772599899999 ], [ -115.2730899, 36.212769899899996 ], [ -115.2730926, 36.212769899899996 ], [ -115.2730926, 36.2127671999 ], [ -115.2730953, 36.2127671999 ], [ -115.2730953, 36.212764499899997 ], [ -115.273098, 36.212764499899997 ], [ -115.273098, 36.212761799899994 ], [ -115.2730953, 36.212761799899994 ], [ -115.2730953, 36.212756399899995 ], [ -115.2731007, 36.212756399899995 ], [ -115.2731007, 36.212753699899999 ], [ -115.2731061, 36.212753699899999 ], [ -115.2731061, 36.212750999899995 ], [ -115.2731088, 36.212750999899995 ], [ -115.2731088, 36.212748299899999 ], [ -115.2731115, 36.212748299899999 ], [ -115.2731115, 36.212745599899996 ], [ -115.273125, 36.212745599899996 ], [ -115.273125, 36.212748299899999 ], [ -115.2731304, 36.212748299899999 ], [ -115.2731304, 36.212750999899995 ], [ -115.2731358, 36.212750999899995 ], [ -115.2731358, 36.212753699899999 ], [ -115.273152, 36.212753699899999 ], [ -115.273152, 36.212750999899995 ], [ -115.2731601, 36.212750999899995 ], [ -115.2731601, 36.212748299899999 ], [ -115.2731682, 36.212748299899999 ], [ -115.2731682, 36.212745599899996 ], [ -115.2731709, 36.212745599899996 ], [ -115.2731709, 36.2127428999 ], [ -115.2731763, 36.2127428999 ], [ -115.2731763, 36.212740199899997 ], [ -115.2731817, 36.212740199899997 ], [ -115.2731817, 36.212737499899994 ], [ -115.2731952, 36.212737499899994 ], [ -115.2731952, 36.212740199899997 ], [ -115.2732006, 36.212740199899997 ], [ -115.2732006, 36.2127428999 ], [ -115.2732033, 36.2127428999 ], [ -115.2732033, 36.212745599899996 ], [ -115.2732303, 36.212745599899996 ], [ -115.2732303, 36.212748299899999 ], [ -115.273233, 36.212748299899999 ], [ -115.273233, 36.212750999899995 ], [ -115.2732384, 36.212750999899995 ], [ -115.2732384, 36.212753699899999 ], [ -115.2732411, 36.212753699899999 ], [ -115.2732411, 36.212756399899995 ], [ -115.2732465, 36.212756399899995 ], [ -115.2732465, 36.212759099899998 ], [ -115.2732492, 36.212759099899998 ], [ -115.2732492, 36.212761799899994 ], [ -115.2732546, 36.212761799899994 ], [ -115.2732546, 36.212764499899997 ], [ -115.27326, 36.212764499899997 ], [ -115.27326, 36.2127671999 ], [ -115.2732654, 36.2127671999 ], [ -115.2732654, 36.212769899899996 ], [ -115.2732681, 36.212769899899996 ], [ -115.2732681, 36.212772599899999 ], [ -115.2732762, 36.212772599899999 ], [ -115.2732762, 36.212775299899995 ], [ -115.2732951, 36.212775299899995 ], [ -115.2732951, 36.212772599899999 ], [ -115.2733005, 36.212772599899999 ], [ -115.2733005, 36.212775299899995 ], [ -115.2733113, 36.212775299899995 ], [ -115.2733113, 36.212783399899998 ], [ -115.273314, 36.212783399899998 ], [ -115.273314, 36.212786099900001 ], [ -115.2733167, 36.212786099900001 ], [ -115.2733167, 36.212788799899997 ], [ -115.2733194, 36.212788799899997 ], [ -115.2733194, 36.212794199899996 ], [ -115.2733167, 36.212794199899996 ], [ -115.2733167, 36.212799599899995 ], [ -115.273314, 36.212799599899995 ], [ -115.273314, 36.212804999899994 ], [ -115.2733113, 36.212804999899994 ], [ -115.2733113, 36.212807699899997 ], [ -115.2733086, 36.212807699899997 ], [ -115.2733086, 36.212818499899996 ], [ -115.2733113, 36.212818499899996 ], [ -115.2733113, 36.212821199899999 ], [ -115.2733086, 36.212821199899999 ], [ -115.2733086, 36.212823899899995 ], [ -115.2733059, 36.212823899899995 ], [ -115.2733059, 36.212826599899998 ], [ -115.2733032, 36.212826599899998 ], [ -115.2733032, 36.212829299899994 ], [ -115.2733005, 36.212829299899994 ], [ -115.2733005, 36.212831999899997 ], [ -115.2732978, 36.212831999899997 ], [ -115.2732978, 36.212837399899996 ], [ -115.2732951, 36.212837399899996 ], [ -115.2732951, 36.212842799899995 ], [ -115.273287, 36.212842799899995 ], [ -115.273287, 36.212845499899998 ], [ -115.2732843, 36.212845499899998 ], [ -115.2732843, 36.212848199899994 ], [ -115.2732816, 36.212848199899994 ], [ -115.2732816, 36.212850899899998 ], [ -115.2732789, 36.212850899899998 ], [ -115.2732789, 36.212853599900001 ], [ -115.2732762, 36.212853599900001 ], [ -115.2732762, 36.212856299899997 ], [ -115.2732735, 36.212856299899997 ], [ -115.2732735, 36.2128589999 ], [ -115.2732708, 36.2128589999 ], [ -115.2732708, 36.212861699899996 ], [ -115.2732681, 36.212861699899996 ], [ -115.2732681, 36.212864399899999 ], [ -115.2732654, 36.212864399899999 ], [ -115.2732654, 36.212867099899995 ], [ -115.27326, 36.212867099899995 ], [ -115.27326, 36.212869799899998 ], [ -115.2732573, 36.212869799899998 ], [ -115.2732573, 36.212875199899997 ], [ -115.2732546, 36.212875199899997 ], [ -115.2732546, 36.212877899900001 ], [ -115.2732519, 36.212877899900001 ], [ -115.2732519, 36.212880599899997 ], [ -115.2732492, 36.212880599899997 ], [ -115.2732492, 36.2128832999 ], [ -115.2732465, 36.2128832999 ], [ -115.2732465, 36.212885999899996 ], [ -115.2732438, 36.212885999899996 ], [ -115.2732438, 36.212888699899999 ], [ -115.2732411, 36.212888699899999 ], [ -115.2732411, 36.212891399899995 ], [ -115.2732384, 36.212891399899995 ], [ -115.2732384, 36.212894099899998 ], [ -115.2732357, 36.212894099899998 ], [ -115.2732357, 36.212896799899994 ], [ -115.273233, 36.212896799899994 ], [ -115.273233, 36.212899499899997 ], [ -115.2732303, 36.212899499899997 ], [ -115.2732303, 36.2129021999 ], [ -115.2732276, 36.2129021999 ], [ -115.2732276, 36.212904899899996 ], [ -115.2732249, 36.212904899899996 ], [ -115.2732249, 36.212907599899999 ], [ -115.2732222, 36.212907599899999 ], [ -115.2732222, 36.212912999899999 ], [ -115.2732195, 36.212912999899999 ], [ -115.2732195, 36.212915699899995 ], [ -115.2732168, 36.212915699899995 ], [ -115.2732168, 36.212918399899998 ], [ -115.2732141, 36.212918399899998 ], [ -115.2732141, 36.212921099900001 ] ] ] } },
{ "type": "Feature", "properties": { "value": 255.0 }, "geometry": { "type": "Polygon", "coordinates": [ [ [ -115.2741726, 36.212707799899995 ], [ -115.2741672, 36.212707799899995 ], [ -115.2741672, 36.212694299899994 ], [ -115.2741618, 36.212694299899994 ], [ -115.2741618, 36.212691599899998 ], [ -115.2741591, 36.212691599899998 ], [ -115.2741591, 36.212688899899995 ], [ -115.2741618, 36.212688899899995 ], [ -115.2741618, 36.212686199899998 ], [ -115.2741645, 36.212686199899998 ], [ -115.2741645, 36.212683499899995 ], [ -115.2741672, 36.212683499899995 ], [ -115.2741672, 36.212680799899999 ], [ -115.2741726, 36.212680799899999 ], [ -115.2741726, 36.212707799899995 ] ] ] } },
{ "type": "Feature", "properties": { "value": 255.0 }, "geometry": { "type": "Polygon", "coordinates": [ [ [ -115.2736272, 36.212802299899998 ], [ -115.2736137, 36.212802299899998 ], [ -115.2736137, 36.212799599899995 ], [ -115.273611, 36.212799599899995 ], [ -115.273611, 36.212794199899996 ], [ -115.2736083, 36.212794199899996 ], [ -115.2736083, 36.212780699899994 ], [ -115.2736056, 36.212780699899994 ], [ -115.2736056, 36.212772599899999 ], [ -115.2736029, 36.212772599899999 ], [ -115.2736029, 36.212769899899996 ], [ -115.2735948, 36.212769899899996 ], [ -115.2735948, 36.2127671999 ], [ -115.2735867, 36.2127671999 ], [ -115.2735867, 36.212759099899998 ], [ -115.273584, 36.212759099899998 ], [ -115.273584, 36.212756399899995 ], [ -115.2735813, 36.212756399899995 ], [ -115.2735813, 36.212750999899995 ], [ -115.2735786, 36.212750999899995 ], [ -115.2735786, 36.212710499899998 ], [ -115.2735813, 36.212710499899998 ], [ -115.2735813, 36.212705099899999 ], [ -115.273584, 36.212705099899999 ], [ -115.273584, 36.212694299899994 ], [ -115.2735867, 36.212694299899994 ], [ -115.2735867, 36.212678099899996 ], [ -115.273584, 36.212678099899996 ], [ -115.273584, 36.212672699899997 ], [ -115.2735867, 36.212672699899997 ], [ -115.2735867, 36.212667299899998 ], [ -115.2735894, 36.212667299899998 ], [ -115.2735894, 36.212664599899995 ], [ -115.2736056, 36.212664599899995 ], [ -115.2736056, 36.212661899899999 ], [ -115.2736218, 36.212661899899999 ], [ -115.2736218, 36.212659199899996 ], [ -115.2736245, 36.212659199899996 ], [ -115.2736245, 36.212637599899999 ], [ -115.2736218, 36.212637599899999 ], [ -115.2736218, 36.212624099899998 ], [ -115.2736245, 36.212624099899998 ], [ -115.2736245, 36.212621399899994 ], [ -115.2736272, 36.212621399899994 ], [ -115.2736272, 36.212618699899998 ], [ -115.2736569, 36.212618699899998 ], [ -115.2736569, 36.212615999899995 ], [ -115.2736704, 36.212615999899995 ], [ -115.2736704, 36.212618699899998 ], [ -115.2736785, 36.212618699899998 ], [ -115.2736785, 36.212621399899994 ], [ -115.2736812, 36.212621399899994 ], [ -115.2736812, 36.212624099899998 ], [ -115.2736839, 36.212624099899998 ], [ -115.2736839, 36.212629499899997 ], [ -115.2736866, 36.212629499899997 ], [ -115.2736866, 36.212637599899999 ], [ -115.2736893, 36.212637599899999 ], [ -115.2736893, 36.212645699899994 ], [ -115.273692, 36.212645699899994 ], [ -115.273692, 36.212648399899997 ], [ -115.2736947, 36.212648399899997 ], [ -115.2736947, 36.212653799899996 ], [ -115.2736974, 36.212653799899996 ], [ -115.2736974, 36.2126564999 ], [ -115.2737001, 36.2126564999 ], [ -115.2737001, 36.212659199899996 ], [ -115.2737028, 36.212659199899996 ], [ -115.2737028, 36.212661899899999 ], [ -115.2737055, 36.212661899899999 ], [ -115.2737055, 36.212667299899998 ], [ -115.2737082, 36.212667299899998 ], [ -115.2737082, 36.212680799899999 ], [ -115.2737109, 36.212680799899999 ], [ -115.2737109, 36.212691599899998 ], [ -115.2737136, 36.212691599899998 ], [ -115.2737136, 36.2126996999 ], [ -115.2737244, 36.2126996999 ], [ -115.2737244, 36.212702399899996 ], [ -115.2737352, 36.212702399899996 ], [ -115.2737352, 36.2126996999 ], [ -115.273746, 36.2126996999 ], [ -115.273746, 36.212696999899997 ], [ -115.2737568, 36.212696999899997 ], [ -115.2737568, 36.212694299899994 ], [ -115.2737595, 36.212694299899994 ], [ -115.2737595, 36.2126996999 ], [ -115.2737676, 36.2126996999 ], [ -115.2737676, 36.212702399899996 ], [ -115.2737703, 36.212702399899996 ], [ -115.2737703, 36.212707799899995 ], [ -115.273773, 36.212707799899995 ], [ -115.273773, 36.212718599900001 ], [ -115.2737757, 36.212718599900001 ], [ -115.2737757, 36.212740199899997 ], [ -115.273773, 36.212740199899997 ], [ -115.273773, 36.2127671999 ], [ -115.2737757, 36.2127671999 ], [ -115.2737757, 36.212772599899999 ], [ -115.273773, 36.212772599899999 ], [ -115.273773, 36.212777999899998 ], [ -115.2737676, 36.212777999899998 ], [ -115.2737676, 36.212780699899994 ], [ -115.2737541, 36.212780699899994 ], [ -115.2737541, 36.212783399899998 ], [ -115.2737325, 36.212783399899998 ], [ -115.2737325, 36.212786099900001 ], [ -115.2737163, 36.212786099900001 ], [ -115.2737163, 36.212788799899997 ], [ -115.2736974, 36.212788799899997 ], [ -115.2736974, 36.2127914999 ], [ -115.2736812, 36.2127914999 ], [ -115.2736812, 36.212794199899996 ], [ -115.2736623, 36.212794199899996 ], [ -115.2736623, 36.212796899899999 ], [ -115.2736461, 36.212796899899999 ], [ -115.2736461, 36.212799599899995 ], [ -115.2736272, 36.212799599899995 ], [ -115.2736272, 36.212802299899998 ] ] ] } },
{ "type": "Feature", "properties": { "value": 255.0 }, "geometry": { "type": "Polygon", "coordinates": [ [ [ -115.2735516, 36.212605199899997 ], [ -115.2735381, 36.212605199899997 ], [ -115.2735381, 36.212602499899994 ], [ -115.2735354, 36.212602499899994 ], [ -115.2735354, 36.212599799899998 ], [ -115.2735381, 36.212599799899998 ], [ -115.2735381, 36.212586299899996 ], [ -115.2735435, 36.212586299899996 ], [ -115.2735435, 36.212591699899995 ], [ -115.2735462, 36.212591699899995 ], [ -115.2735462, 36.212594399899999 ], [ -115.2735489, 36.212594399899999 ], [ -115.2735489, 36.212599799899998 ], [ -115.2735516, 36.212599799899998 ], [ -115.2735516, 36.212605199899997 ] ] ] } },
{ "type": "Feature", "properties": { "value": 255.0 }, "geometry": { "type": "Polygon", "coordinates": [ [ [ -115.2728577, 36.212753699899999 ], [ -115.2728388, 36.212753699899999 ], [ -115.2728388, 36.212750999899995 ], [ -115.2728307, 36.212750999899995 ], [ -115.2728307, 36.212748299899999 ], [ -115.272828, 36.212748299899999 ], [ -115.272828, 36.212745599899996 ], [ -115.2728226, 36.212745599899996 ], [ -115.2728226, 36.2127428999 ], [ -115.2728199, 36.2127428999 ], [ -115.2728199, 36.212740199899997 ], [ -115.2728172, 36.212740199899997 ], [ -115.2728172, 36.212737499899994 ], [ -115.2728118, 36.212737499899994 ], [ -115.2728118, 36.212734799899998 ], [ -115.2728091, 36.212734799899998 ], [ -115.2728091, 36.212732099899995 ], [ -115.2728064, 36.212732099899995 ], [ -115.2728064, 36.212729399899999 ], [ -115.272801, 36.212729399899999 ], [ -115.272801, 36.212726699899996 ], [ -115.2727956, 36.212726699899996 ], [ -115.2727956, 36.2127239999 ], [ -115.2727902, 36.2127239999 ], [ -115.2727902, 36.212721299899997 ], [ -115.2727875, 36.212721299899997 ], [ -115.2727875, 36.212718599900001 ], [ -115.2727848, 36.212718599900001 ], [ -115.2727848, 36.212715899899997 ], [ -115.2727821, 36.212715899899997 ], [ -115.2727821, 36.212713199899994 ], [ -115.2727794, 36.212713199899994 ], [ -115.2727794, 36.212707799899995 ], [ -115.2727767, 36.212707799899995 ], [ -115.2727767, 36.212705099899999 ], [ -115.272774, 36.212705099899999 ], [ -115.272774, 36.212702399899996 ], [ -115.2727713, 36.212702399899996 ], [ -115.2727713, 36.2126996999 ], [ -115.2727686, 36.2126996999 ], [ -115.2727686, 36.212696999899997 ], [ -115.2727659, 36.212696999899997 ], [ -115.2727659, 36.212694299899994 ], [ -115.2727632, 36.212694299899994 ], [ -115.2727632, 36.212691599899998 ], [ -115.2727605, 36.212691599899998 ], [ -115.2727605, 36.212686199899998 ], [ -115.2727578, 36.212686199899998 ], [ -115.2727578, 36.212683499899995 ], [ -115.2727551, 36.212683499899995 ], [ -115.2727551, 36.212678099899996 ], [ -115.2727578, 36.212678099899996 ], [ -115.2727578, 36.2126753999 ], [ -115.2727605, 36.2126753999 ], [ -115.2727605, 36.212672699899997 ], [ -115.2727632, 36.212672699899997 ], [ -115.2727632, 36.212669999899994 ], [ -115.2727659, 36.212669999899994 ], [ -115.2727659, 36.212667299899998 ], [ -115.2727713, 36.212667299899998 ], [ -115.2727713, 36.212664599899995 ], [ -115.272774, 36.212664599899995 ], [ -115.272774, 36.212661899899999 ], [ -115.2727767, 36.212661899899999 ], [ -115.2727767, 36.212659199899996 ], [ -115.2727794, 36.212659199899996 ], [ -115.2727794, 36.2126564999 ], [ -115.2727821, 36.2126564999 ], [ -115.2727821, 36.212653799899996 ], [ -115.2727848, 36.212653799899996 ], [ -115.2727848, 36.212648399899997 ], [ -115.2727902, 36.212648399899997 ], [ -115.2727902, 36.212645699899994 ], [ -115.2728118, 36.212645699899994 ], [ -115.2728118, 36.212642999899998 ], [ -115.2728172, 36.212642999899998 ], [ -115.2728172, 36.212640299899995 ], [ -115.2728226, 36.212640299899995 ], [ -115.2728226, 36.212629499899997 ], [ -115.2728091, 36.212629499899997 ], [ -115.2728091, 36.2126321999 ], [ -115.2728064, 36.2126321999 ], [ -115.2728064, 36.212629499899997 ], [ -115.272801, 36.212629499899997 ], [ -115.272801, 36.212626799899994 ], [ -115.2727983, 36.212626799899994 ], [ -115.2727983, 36.212624099899998 ], [ -115.2727956, 36.212624099899998 ], [ -115.2727956, 36.212621399899994 ], [ -115.2727929, 36.212621399899994 ], [ -115.2727929, 36.212610599899996 ], [ -115.2727902, 36.212610599899996 ], [ -115.2727902, 36.212572799899995 ], [ -115.2727929, 36.212572799899995 ], [ -115.2727929, 36.212570099899999 ], [ -115.2727956, 36.212570099899999 ], [ -115.2727956, 36.212567399899996 ], [ -115.272801, 36.212567399899996 ], [ -115.272801, 36.2125646999 ], [ -115.2728037, 36.2125646999 ], [ -115.2728037, 36.212561999899997 ], [ -115.2728064, 36.212561999899997 ], [ -115.2728064, 36.212559299899993 ], [ -115.2728091, 36.212559299899993 ], [ -115.2728091, 36.212556599899997 ], [ -115.2728118, 36.212556599899997 ], [ -115.2728118, 36.212553899899994 ], [ -115.2728145, 36.212553899899994 ], [ -115.2728145, 36.212551199899998 ], [ -115.2728172, 36.212551199899998 ], [ -115.2728172, 36.212548499899995 ], [ -115.2728199, 36.212548499899995 ], [ -115.2728199, 36.212545799899999 ], [ -115.2728226, 36.212545799899999 ], [ -115.2728226, 36.212543099899996 ], [ -115.272828, 36.212543099899996 ], [ -115.272828, 36.2125403999 ], [ -115.2728307, 36.2125403999 ], [ -115.2728307, 36.212537699899997 ], [ -115.2728874, 36.212537699899997 ], [ -115.2728874, 36.2125403999 ], [ -115.2728901, 36.2125403999 ], [ -115.2728901, 36.212543099899996 ], [ -115.2728928, 36.212543099899996 ], [ -115.2728928, 36.212545799899999 ], [ -115.2728982, 36.212545799899999 ], [ -115.2728982, 36.212551199899998 ], [ -115.2729036, 36.212551199899998 ], [ -115.2729036, 36.212553899899994 ], [ -115.2729063, 36.212553899899994 ], [ -115.2729063, 36.212556599899997 ], [ -115.272909, 36.212556599899997 ], [ -115.272909, 36.212559299899993 ], [ -115.2729117, 36.212559299899993 ], [ -115.2729117, 36.212561999899997 ], [ -115.2729144, 36.212561999899997 ], [ -115.2729144, 36.212567399899996 ], [ -115.2729171, 36.212567399899996 ], [ -115.2729171, 36.212572799899995 ], [ -115.2729198, 36.212572799899995 ], [ -115.2729198, 36.212575499899998 ], [ -115.2729225, 36.212575499899998 ], [ -115.2729225, 36.212578199899994 ], [ -115.2729279, 36.212578199899994 ], [ -115.2729279, 36.212580899899997 ], [ -115.2729333, 36.212580899899997 ], [ -115.2729333, 36.2125835999 ], [ -115.2729441, 36.2125835999 ], [ -115.2729441, 36.212586299899996 ], [ -115.2729495, 36.212586299899996 ], [ -115.2729495, 36.212588999899999 ], [ -115.2729549, 36.212588999899999 ], [ -115.2729549, 36.212591699899995 ], [ -115.272963, 36.212591699899995 ], [ -115.272963, 36.212594399899999 ], [ -115.2729711, 36.212594399899999 ], [ -115.2729711, 36.212597099899995 ], [ -115.2729738, 36.212597099899995 ], [ -115.2729738, 36.212599799899998 ], [ -115.2729765, 36.212599799899998 ], [ -115.2729765, 36.212602499899994 ], [ -115.2729792, 36.212602499899994 ], [ -115.2729792, 36.212605199899997 ], [ -115.2729819, 36.212605199899997 ], [ -115.2729819, 36.2126078999 ], [ -115.2729846, 36.2126078999 ], [ -115.2729846, 36.212610599899996 ], [ -115.2729873, 36.212610599899996 ], [ -115.2729873, 36.212613299899999 ], [ -115.27299, 36.212613299899999 ], [ -115.27299, 36.212615999899995 ], [ -115.2729954, 36.212615999899995 ], [ -115.2729954, 36.212618699899998 ], [ -115.2729981, 36.212618699899998 ], [ -115.2729981, 36.212621399899994 ], [ -115.2730008, 36.212621399899994 ], [ -115.2730008, 36.212624099899998 ], [ -115.2730035, 36.212624099899998 ], [ -115.2730035, 36.212626799899994 ], [ -115.2730062, 36.212626799899994 ], [ -115.2730062, 36.212629499899997 ], [ -115.2730089, 36.212629499899997 ], [ -115.2730089, 36.2126321999 ], [ -115.2730116, 36.2126321999 ], [ -115.2730116, 36.212634899899996 ], [ -115.2730143, 36.212634899899996 ], [ -115.2730143, 36.212637599899999 ], [ -115.273017, 36.212637599899999 ], [ -115.273017, 36.212640299899995 ], [ -115.2730197, 36.212640299899995 ], [ -115.2730197, 36.212642999899998 ], [ -115.2730224, 36.212642999899998 ], [ -115.2730224, 36.212653799899996 ], [ -115.273017, 36.212653799899996 ], [ -115.273017, 36.2126564999 ], [ -115.2730143, 36.2126564999 ], [ -115.2730143, 36.212659199899996 ], [ -115.2730089, 36.212659199899996 ], [ -115.2730089, 36.212661899899999 ], [ -115.2730035, 36.212661899899999 ], [ -115.2730035, 36.212664599899995 ], [ -115.2730008, 36.212664599899995 ], [ -115.2730008, 36.212669999899994 ], [ -115.2729981, 36.212669999899994 ], [ -115.2729981, 36.212672699899997 ], [ -115.2729927, 36.212672699899997 ], [ -115.2729927, 36.2126753999 ], [ -115.2729846, 36.2126753999 ], [ -115.2729846, 36.212672699899997 ], [ -115.2729765, 36.212672699899997 ], [ -115.2729765, 36.212669999899994 ], [ -115.2729657, 36.212669999899994 ], [ -115.2729657, 36.212672699899997 ], [ -115.2729603, 36.212672699899997 ], [ -115.2729603, 36.2126753999 ], [ -115.2729549, 36.2126753999 ], [ -115.2729549, 36.212678099899996 ], [ -115.2729495, 36.212678099899996 ], [ -115.2729495, 36.212680799899999 ], [ -115.2729414, 36.212680799899999 ], [ -115.2729414, 36.212683499899995 ], [ -115.2729306, 36.212683499899995 ], [ -115.2729306, 36.212686199899998 ], [ -115.2729279, 36.212686199899998 ], [ -115.2729279, 36.212688899899995 ], [ -115.2729225, 36.212688899899995 ], [ -115.2729225, 36.212691599899998 ], [ -115.2729198, 36.212691599899998 ], [ -115.2729198, 36.212694299899994 ], [ -115.2729171, 36.212694299899994 ], [ -115.2729171, 36.212696999899997 ], [ -115.2729144, 36.212696999899997 ], [ -115.2729144, 36.2126996999 ], [ -115.272909, 36.2126996999 ], [ -115.272909, 36.212702399899996 ], [ -115.2729063, 36.212702399899996 ], [ -115.2729063, 36.212705099899999 ], [ -115.2729036, 36.212705099899999 ], [ -115.2729036, 36.212707799899995 ], [ -115.2729009, 36.212707799899995 ], [ -115.2729009, 36.212710499899998 ], [ -115.2728982, 36.212710499899998 ], [ -115.2728982, 36.212713199899994 ], [ -115.2728955, 36.212713199899994 ], [ -115.2728955, 36.212715899899997 ], [ -115.2728928, 36.212715899899997 ], [ -115.2728928, 36.212718599900001 ], [ -115.2728901, 36.212718599900001 ], [ -115.2728901, 36.212721299899997 ], [ -115.2728874, 36.212721299899997 ], [ -115.2728874, 36.2127239999 ], [ -115.272882, 36.2127239999 ], [ -115.272882, 36.212729399899999 ], [ -115.2728793, 36.212729399899999 ], [ -115.2728793, 36.212732099899995 ], [ -115.2728766, 36.212732099899995 ], [ -115.2728766, 36.212740199899997 ], [ -115.2728739, 36.212740199899997 ], [ -115.2728739, 36.2127428999 ], [ -115.2728712, 36.2127428999 ], [ -115.2728712, 36.212745599899996 ], [ -115.2728685, 36.212745599899996 ], [ -115.2728685, 36.212748299899999 ], [ -115.2728658, 36.212748299899999 ], [ -115.2728658, 36.212750999899995 ], [ -115.2728577, 36.212750999899995 ], [ -115.2728577, 36.212753699899999 ] ] ] } },
{ "type": "Feature", "properties": { "value": 255.0 }, "geometry": { "type": "Polygon", "coordinates": [ [ [ -115.2737298, 36.212570099899999 ], [ -115.2737271, 36.212570099899999 ], [ -115.2737271, 36.212567399899996 ], [ -115.2737244, 36.212567399899996 ], [ -115.2737244, 36.2125646999 ], [ -115.273719, 36.2125646999 ], [ -115.273719, 36.212561999899997 ], [ -115.2737163, 36.212561999899997 ], [ -115.2737163, 36.212559299899993 ], [ -115.2737109, 36.212559299899993 ], [ -115.2737109, 36.212556599899997 ], [ -115.2737082, 36.212556599899997 ], [ -115.2737082, 36.212553899899994 ], [ -115.2737055, 36.212553899899994 ], [ -115.2737055, 36.212548499899995 ], [ -115.2737028, 36.212548499899995 ], [ -115.2737028, 36.212545799899999 ], [ -115.2737001, 36.212545799899999 ], [ -115.2737001, 36.212537699899997 ], [ -115.2737919, 36.212537699899997 ], [ -115.2737919, 36.2125403999 ], [ -115.2737892, 36.2125403999 ], [ -115.2737892, 36.212543099899996 ], [ -115.2737865, 36.212543099899996 ], [ -115.2737865, 36.212545799899999 ], [ -115.2737811, 36.212545799899999 ], [ -115.2737811, 36.212548499899995 ], [ -115.2737757, 36.212548499899995 ], [ -115.2737757, 36.212551199899998 ], [ -115.2737676, 36.212551199899998 ], [ -115.2737676, 36.212553899899994 ], [ -115.2737514, 36.212553899899994 ], [ -115.2737514, 36.212556599899997 ], [ -115.273746, 36.212556599899997 ], [ -115.273746, 36.212559299899993 ], [ -115.2737433, 36.212559299899993 ], [ -115.2737433, 36.212561999899997 ], [ -115.2737379, 36.212561999899997 ], [ -115.2737379, 36.2125646999 ], [ -115.2737352, 36.2125646999 ], [ -115.2737352, 36.212567399899996 ], [ -115.2737298, 36.212567399899996 ], [ -115.2737298, 36.212570099899999 ] ] ] } },
{ "type": "Feature", "properties": { "value": 255.0 }, "geometry": { "type": "Polygon", "coordinates": [ [ [ -115.2730305, 36.212580899899997 ], [ -115.2730197, 36.212580899899997 ], [ -115.2730197, 36.212578199899994 ], [ -115.273017, 36.212578199899994 ], [ -115.273017, 36.212575499899998 ], [ -115.2730116, 36.212575499899998 ], [ -115.2730116, 36.212572799899995 ], [ -115.2730062, 36.212572799899995 ], [ -115.2730062, 36.212570099899999 ], [ -115.2730008, 36.212570099899999 ], [ -115.2730008, 36.212567399899996 ], [ -115.2729981, 36.212567399899996 ], [ -115.2729981, 36.2125646999 ], [ -115.2729927, 36.2125646999 ], [ -115.2729927, 36.212561999899997 ], [ -115.27299, 36.212561999899997 ], [ -115.27299, 36.212559299899993 ], [ -115.2729846, 36.212559299899993 ], [ -115.2729846, 36.212556599899997 ], [ -115.2729792, 36.212556599899997 ], [ -115.2729792, 36.212553899899994 ], [ -115.2729738, 36.212553899899994 ], [ -115.2729738, 36.212551199899998 ], [ -115.2729684, 36.212551199899998 ], [ -115.2729684, 36.212548499899995 ], [ -115.2729657, 36.212548499899995 ], [ -115.2729657, 36.212545799899999 ], [ -115.272963, 36.212545799899999 ], [ -115.272963, 36.212543099899996 ], [ -115.2729603, 36.212543099899996 ], [ -115.2729603, 36.2125403999 ], [ -115.2729576, 36.2125403999 ], [ -115.2729576, 36.212537699899997 ], [ -115.2730953, 36.212537699899997 ], [ -115.2730953, 36.2125403999 ], [ -115.2730926, 36.2125403999 ], [ -115.2730926, 36.212543099899996 ], [ -115.2730899, 36.212543099899996 ], [ -115.2730899, 36.212545799899999 ], [ -115.2730872, 36.212545799899999 ], [ -115.2730872, 36.212548499899995 ], [ -115.2730818, 36.212548499899995 ], [ -115.2730818, 36.212551199899998 ], [ -115.2730791, 36.212551199899998 ], [ -115.2730791, 36.212553899899994 ], [ -115.2730764, 36.212553899899994 ], [ -115.2730764, 36.212556599899997 ], [ -115.2730737, 36.212556599899997 ], [ -115.2730737, 36.212559299899993 ], [ -115.2730683, 36.212559299899993 ], [ -115.2730683, 36.212561999899997 ], [ -115.2730629, 36.212561999899997 ], [ -115.2730629, 36.2125646999 ], [ -115.2730494, 36.2125646999 ], [ -115.2730494, 36.212567399899996 ], [ -115.273044, 36.212567399899996 ], [ -115.273044, 36.212570099899999 ], [ -115.2730413, 36.212570099899999 ], [ -115.2730413, 36.212572799899995 ], [ -115.2730386, 36.212572799899995 ], [ -115.2730386, 36.212575499899998 ], [ -115.2730359, 36.212575499899998 ], [ -115.2730359, 36.212578199899994 ], [ -115.2730305, 36.212578199899994 ], [ -115.2730305, 36.212580899899997 ] ] ] } }
]
}
