{
"type": "FeatureCollection",
"crs": { "type": "name", "properties": { "name": "urn:ogc:def:crs:OGC:1.3:CRS84" } },
"features": [
{ "type": "Feature", "properties": { "value": 255.0 }, "geometry": { "type": "Polygon", "coordinates": [ [ [ -115.2702198, 36.1686545998 ], [ -115.2702144, 36.1686545998 ], [ -115.2702144, 36.168649199800001 ], [ -115.2702171, 36.168649199800001 ], [ -115.2702171, 36.168646499800005 ], [ -115.2702144, 36.168646499800005 ], [ -115.2702144, 36.168643799800002 ], [ -115.2702117, 36.168643799800002 ], [ -115.2702117, 36.168649199800001 ], [ -115.270209, 36.168649199800001 ], [ -115.270209, 36.168651899800004 ], [ -115.2702063, 36.168651899800004 ], [ -115.2702063, 36.168643799800002 ], [ -115.2702036, 36.168643799800002 ], [ -115.2702036, 36.168638399800003 ], [ -115.2702063, 36.168638399800003 ], [ -115.2702063, 36.168632999800003 ], [ -115.2702117, 36.168632999800003 ], [ -115.2702117, 36.168638399800003 ], [ -115.2702171, 36.168638399800003 ], [ -115.2702171, 36.168635699799999 ], [ -115.2702198, 36.168635699799999 ], [ -115.2702198, 36.1686545998 ] ] ] } },
{ "type": "Feature", "properties": { "value": 255.0 }, "geometry": { "type": "Polygon", "coordinates": [ [ [ -115.2702009, 36.1686545998 ], [ -115.2701928, 36.1686545998 ], [ -115.2701928, 36.168638399800003 ], [ -115.2701955, 36.168638399800003 ], [ -115.2701955, 36.168635699799999 ], [ -115.2701982, 36.168635699799999 ], [ -115.2701982, 36.168638399800003 ], [ -115.2702009, 36.168638399800003 ], [ -115.2702009, 36.1686545998 ] ] ] } },
{ "type": "Feature", "properties": { "value": 255.0 }, "geometry": { "type": "Polygon", "coordinates": [ [ [ -115.2694125, 36.168662699800002 ], [ -115.2691992, 36.168662699800002 ], [ -115.2691992, 36.1686545998 ], [ -115.2692046, 36.1686545998 ], [ -115.2692046, 36.168641099800006 ], [ -115.2692073, 36.168641099800006 ], [ -115.2692073, 36.168635699799999 ], [ -115.269237, 36.168635699799999 ], [ -115.269237, 36.168638399800003 ], [ -115.2692802, 36.168638399800003 ], [ -115.2692802, 36.168635699799999 ], [ -115.2693153, 36.168635699799999 ], [ -115.2693153, 36.168632999800003 ], [ -115.2693315, 36.168632999800003 ], [ -115.2693315, 36.1686302998 ], [ -115.2693423, 36.1686302998 ], [ -115.2693423, 36.168627599800004 ], [ -115.26935850000001, 36.168627599800004 ], [ -115.26935850000001, 36.168624899800001 ], [ -115.2693801, 36.168624899800001 ], [ -115.2693801, 36.168627599800004 ], [ -115.2693855, 36.168627599800004 ], [ -115.2693855, 36.168624899800001 ], [ -115.2694017, 36.168624899800001 ], [ -115.2694017, 36.168627599800004 ], [ -115.2694044, 36.168627599800004 ], [ -115.2694044, 36.168632999800003 ], [ -115.2694071, 36.168632999800003 ], [ -115.2694071, 36.168635699799999 ], [ -115.2694098, 36.168635699799999 ], [ -115.2694098, 36.168641099800006 ], [ -115.2694125, 36.168641099800006 ], [ -115.2694125, 36.168662699800002 ] ] ] } },
{ "type": "Feature", "properties": { "value": 255.0 }, "geometry": { "type": "Polygon", "coordinates": [ [ [ -115.2693288, 36.168616799799999 ], [ -115.2692586, 36.168616799799999 ], [ -115.2692586, 36.168614099800003 ], [ -115.2692559, 36.168614099800003 ], [ -115.2692559, 36.1686113998 ], [ -115.2692532, 36.1686113998 ], [ -115.2692532, 36.168608699800004 ], [ -115.2692478, 36.168608699800004 ], [ -115.2692478, 36.1686059998 ], [ -115.2692451, 36.1686059998 ], [ -115.2692451, 36.168603299800004 ], [ -115.2692397, 36.168603299800004 ], [ -115.2692397, 36.168597899800005 ], [ -115.2691911, 36.168597899800005 ], [ -115.2691911, 36.168595199800002 ], [ -115.2691641, 36.168595199800002 ], [ -115.2691641, 36.168592499799999 ], [ -115.2691587, 36.168592499799999 ], [ -115.2691587, 36.168589799800003 ], [ -115.2691533, 36.168589799800003 ], [ -115.2691533, 36.1685870998 ], [ -115.2691506, 36.1685870998 ], [ -115.2691506, 36.168584399800004 ], [ -115.2691479, 36.168584399800004 ], [ -115.2691479, 36.168581699800001 ], [ -115.269145200000011, 36.168581699800001 ], [ -115.269145200000011, 36.168541199800003 ], [ -115.269156, 36.168541199800003 ], [ -115.269156, 36.1685384998 ], [ -115.2691776, 36.1685384998 ], [ -115.2691776, 36.168535799800004 ], [ -115.2691857, 36.168535799800004 ], [ -115.2691857, 36.168533099800001 ], [ -115.2692181, 36.168533099800001 ], [ -115.2692181, 36.168535799800004 ], [ -115.2692262, 36.168535799800004 ], [ -115.2692262, 36.1685384998 ], [ -115.2692478, 36.1685384998 ], [ -115.2692478, 36.168541199800003 ], [ -115.2693045, 36.168541199800003 ], [ -115.2693045, 36.1685384998 ], [ -115.2693342, 36.1685384998 ], [ -115.2693342, 36.168535799800004 ], [ -115.2693693, 36.168535799800004 ], [ -115.2693693, 36.168533099800001 ], [ -115.2694071, 36.168533099800001 ], [ -115.2694071, 36.168530399800005 ], [ -115.2694287, 36.168530399800005 ], [ -115.2694287, 36.168535799800004 ], [ -115.2694314, 36.168535799800004 ], [ -115.2694314, 36.168549299799999 ], [ -115.2694287, 36.168549299799999 ], [ -115.2694287, 36.168608699800004 ], [ -115.269426, 36.168608699800004 ], [ -115.269426, 36.1686113998 ], [ -115.2694098, 36.1686113998 ], [ -115.2694098, 36.168614099800003 ], [ -115.2694017, 36.168614099800003 ], [ -115.2694017, 36.1686113998 ], [ -115.2693936, 36.1686113998 ], [ -115.2693936, 36.168608699800004 ], [ -115.2693882, 36.168608699800004 ], [ -115.2693882, 36.1686059998 ], [ -115.2693801, 36.1686059998 ], [ -115.2693801, 36.168603299800004 ], [ -115.2693693, 36.168603299800004 ], [ -115.2693693, 36.168600599800001 ], [ -115.2693477, 36.168600599800001 ], [ -115.2693477, 36.168603299800004 ], [ -115.269345, 36.168603299800004 ], [ -115.269345, 36.168608699800004 ], [ -115.2693423, 36.168608699800004 ], [ -115.2693423, 36.168614099800003 ], [ -115.2693288, 36.168614099800003 ], [ -115.2693288, 36.168616799799999 ] ] ] } },
{ "type": "Feature", "properties": { "value": 255.0 }, "geometry": { "type": "Polygon", "coordinates": [ [ [ -115.2691209, 36.168527699800002 ], [ -115.269102, 36.168527699800002 ], [ -115.269102, 36.168522299800003 ], [ -115.2690993, 36.168522299800003 ], [ -115.2690993, 36.168511499800005 ], [ -115.2691128, 36.168511499800005 ], [ -115.2691128, 36.168508799800001 ], [ -115.2691182, 36.168508799800001 ], [ -115.2691182, 36.168511499800005 ], [ -115.2691236, 36.168511499800005 ], [ -115.2691236, 36.168524999799999 ], [ -115.2691209, 36.168524999799999 ], [ -115.2691209, 36.168527699800002 ] ] ] } },
{ "type": "Feature", "properties": { "value": 255.0 }, "geometry": { "type": "Polygon", "coordinates": [ [ [ -115.2692937, 36.168506099800005 ], [ -115.2692802, 36.168506099800005 ], [ -115.2692802, 36.168503399800002 ], [ -115.269264, 36.168503399800002 ], [ -115.269264, 36.168506099800005 ], [ -115.2692154, 36.168506099800005 ], [ -115.2692154, 36.168503399800002 ], [ -115.2692127, 36.168503399800002 ], [ -115.2692127, 36.168487199800005 ], [ -115.26921, 36.168487199800005 ], [ -115.26921, 36.168479099800003 ], [ -115.2692046, 36.168479099800003 ], [ -115.2692046, 36.168481799799999 ], [ -115.2691992, 36.168481799799999 ], [ -115.2691992, 36.168484499800002 ], [ -115.2691911, 36.168484499800002 ], [ -115.2691911, 36.168487199800005 ], [ -115.2691776, 36.168487199800005 ], [ -115.2691776, 36.168484499800002 ], [ -115.26917490000001, 36.168484499800002 ], [ -115.26917490000001, 36.168481799799999 ], [ -115.2691722, 36.168481799799999 ], [ -115.2691722, 36.168473699800003 ], [ -115.2691695, 36.168473699800003 ], [ -115.2691695, 36.168462899800005 ], [ -115.2691668, 36.168462899800005 ], [ -115.2691668, 36.168460199800002 ], [ -115.2691695, 36.168460199800002 ], [ -115.2691695, 36.168441299800001 ], [ -115.26917490000001, 36.168441299800001 ], [ -115.26917490000001, 36.168438599800005 ], [ -115.269183, 36.168438599800005 ], [ -115.269183, 36.168441299800001 ], [ -115.2691911, 36.168441299800001 ], [ -115.2691911, 36.168443999800004 ], [ -115.2691965, 36.168443999800004 ], [ -115.2691965, 36.1684466998 ], [ -115.2692019, 36.1684466998 ], [ -115.2692019, 36.168449399800004 ], [ -115.2692046, 36.168449399800004 ], [ -115.2692046, 36.168457499799999 ], [ -115.2692073, 36.168457499799999 ], [ -115.2692073, 36.168460199800002 ], [ -115.2692127, 36.168460199800002 ], [ -115.2692127, 36.168438599800005 ], [ -115.26921, 36.168438599800005 ], [ -115.26921, 36.168433199799999 ], [ -115.2692127, 36.168433199799999 ], [ -115.2692127, 36.168430499800003 ], [ -115.2692721, 36.168430499800003 ], [ -115.2692721, 36.168433199799999 ], [ -115.2692829, 36.168433199799999 ], [ -115.2692829, 36.168430499800003 ], [ -115.269318, 36.168430499800003 ], [ -115.269318, 36.1684277998 ], [ -115.2693423, 36.1684277998 ], [ -115.2693423, 36.168425099800004 ], [ -115.2693801, 36.168425099800004 ], [ -115.2693801, 36.168422399800001 ], [ -115.2694071, 36.168422399800001 ], [ -115.2694071, 36.168425099800004 ], [ -115.2694179, 36.168425099800004 ], [ -115.2694179, 36.1684277998 ], [ -115.2694206, 36.1684277998 ], [ -115.2694206, 36.168433199799999 ], [ -115.2694233, 36.168433199799999 ], [ -115.2694233, 36.168435899800002 ], [ -115.2694206, 36.168435899800002 ], [ -115.2694206, 36.1684466998 ], [ -115.2694233, 36.1684466998 ], [ -115.2694233, 36.168479099800003 ], [ -115.2694206, 36.168479099800003 ], [ -115.2694206, 36.168481799799999 ], [ -115.2694152, 36.168481799799999 ], [ -115.2694152, 36.168484499800002 ], [ -115.2693828, 36.168484499800002 ], [ -115.2693828, 36.168487199800005 ], [ -115.2693693, 36.168487199800005 ], [ -115.2693693, 36.168489899800001 ], [ -115.2693639, 36.168489899800001 ], [ -115.2693639, 36.168492599800004 ], [ -115.26935850000001, 36.168492599800004 ], [ -115.26935850000001, 36.1684952998 ], [ -115.2693531, 36.1684952998 ], [ -115.2693531, 36.168497999800003 ], [ -115.2693423, 36.168497999800003 ], [ -115.2693423, 36.168500699799999 ], [ -115.2693099, 36.168500699799999 ], [ -115.2693099, 36.168503399800002 ], [ -115.2692937, 36.168503399800002 ], [ -115.2692937, 36.168506099800005 ] ] ] } },
{ "type": "Feature", "properties": { "value": 255.0 }, "geometry": { "type": "Polygon", "coordinates": [ [ [ -115.2693207, 36.168406199800003 ], [ -115.2692289, 36.168406199800003 ], [ -115.2692289, 36.1684034998 ], [ -115.269183, 36.1684034998 ], [ -115.269183, 36.168398099800001 ], [ -115.2691803, 36.168398099800001 ], [ -115.2691803, 36.168346799799998 ], [ -115.269183, 36.168346799799998 ], [ -115.269183, 36.168330599800001 ], [ -115.2691857, 36.168330599800001 ], [ -115.2691857, 36.168327899800005 ], [ -115.2692127, 36.168327899800005 ], [ -115.2692127, 36.168330599800001 ], [ -115.2692343, 36.168330599800001 ], [ -115.2692343, 36.168333299800004 ], [ -115.2692586, 36.168333299800004 ], [ -115.2692586, 36.1683359998 ], [ -115.2693018, 36.1683359998 ], [ -115.2693018, 36.168333299800004 ], [ -115.2693828, 36.168333299800004 ], [ -115.2693828, 36.168330599800001 ], [ -115.2694017, 36.168330599800001 ], [ -115.2694017, 36.168333299800004 ], [ -115.2694125, 36.168333299800004 ], [ -115.2694125, 36.1683359998 ], [ -115.2694152, 36.1683359998 ], [ -115.2694152, 36.168338699800003 ], [ -115.269426, 36.168338699800003 ], [ -115.269426, 36.168341399799999 ], [ -115.2694287, 36.168341399799999 ], [ -115.2694287, 36.168344099800002 ], [ -115.2694314, 36.168344099800002 ], [ -115.2694314, 36.168371099800005 ], [ -115.2694287, 36.168371099800005 ], [ -115.2694287, 36.1683791998 ], [ -115.2694314, 36.1683791998 ], [ -115.2694314, 36.168389999799999 ], [ -115.2694287, 36.168389999799999 ], [ -115.2694287, 36.168400799800004 ], [ -115.269426, 36.168400799800004 ], [ -115.269426, 36.1684034998 ], [ -115.2693207, 36.1684034998 ], [ -115.2693207, 36.168406199800003 ] ] ] } },
{ "type": "Feature", "properties": { "value": 255.0 }, "geometry": { "type": "Polygon", "coordinates": [ [ [ -115.2697635, 36.168460199800002 ], [ -115.2697554, 36.168460199800002 ], [ -115.2697554, 36.168457499799999 ], [ -115.2697257, 36.168457499799999 ], [ -115.2697257, 36.168454799800003 ], [ -115.269723, 36.168454799800003 ], [ -115.269723, 36.168449399800004 ], [ -115.2697203, 36.168449399800004 ], [ -115.2697203, 36.168443999800004 ], [ -115.2697176, 36.168443999800004 ], [ -115.2697176, 36.168433199799999 ], [ -115.2697149, 36.168433199799999 ], [ -115.2697149, 36.168422399800001 ], [ -115.2697122, 36.168422399800001 ], [ -115.2697122, 36.168419699800005 ], [ -115.2697095, 36.168419699800005 ], [ -115.2697095, 36.168416999800002 ], [ -115.2697068, 36.168416999800002 ], [ -115.2697068, 36.168414299799998 ], [ -115.2697041, 36.168414299799998 ], [ -115.2697041, 36.168411599800002 ], [ -115.2697014, 36.168411599800002 ], [ -115.2697014, 36.168398099800001 ], [ -115.2696987, 36.168398099800001 ], [ -115.2696987, 36.168365699799999 ], [ -115.2697014, 36.168365699799999 ], [ -115.2697014, 36.168352199800005 ], [ -115.2697041, 36.168352199800005 ], [ -115.2697041, 36.168346799799998 ], [ -115.2697068, 36.168346799799998 ], [ -115.2697068, 36.168341399799999 ], [ -115.2697095, 36.168341399799999 ], [ -115.2697095, 36.168333299800004 ], [ -115.2697122, 36.168333299800004 ], [ -115.2697122, 36.168330599800001 ], [ -115.2697095, 36.168330599800001 ], [ -115.2697095, 36.168325199800002 ], [ -115.2697041, 36.168325199800002 ], [ -115.2697041, 36.168322499799999 ], [ -115.2697014, 36.168322499799999 ], [ -115.2697014, 36.168319799800003 ], [ -115.2696987, 36.168319799800003 ], [ -115.2696987, 36.168317099799999 ], [ -115.269696, 36.168317099799999 ], [ -115.269696, 36.168300899800002 ], [ -115.2696987, 36.168300899800002 ], [ -115.2696987, 36.168298199799999 ], [ -115.2697041, 36.168298199799999 ], [ -115.2697041, 36.168295499800003 ], [ -115.2697122, 36.168295499800003 ], [ -115.2697122, 36.1682927998 ], [ -115.2697986, 36.1682927998 ], [ -115.2697986, 36.168295499800003 ], [ -115.269804, 36.168295499800003 ], [ -115.269804, 36.168298199799999 ], [ -115.2698067, 36.168298199799999 ], [ -115.2698067, 36.168300899800002 ], [ -115.2698094, 36.168300899800002 ], [ -115.2698094, 36.168306299800001 ], [ -115.2698121, 36.168306299800001 ], [ -115.2698121, 36.1683116998 ], [ -115.2698148, 36.1683116998 ], [ -115.2698148, 36.168306299800001 ], [ -115.2698175, 36.168306299800001 ], [ -115.2698175, 36.168300899800002 ], [ -115.2698202, 36.168300899800002 ], [ -115.2698202, 36.168298199799999 ], [ -115.2698229, 36.168298199799999 ], [ -115.2698229, 36.168295499800003 ], [ -115.2698256, 36.168295499800003 ], [ -115.2698256, 36.1682927998 ], [ -115.2698283, 36.1682927998 ], [ -115.2698283, 36.168290099800004 ], [ -115.269858, 36.168290099800004 ], [ -115.269858, 36.168287399800001 ], [ -115.2699012, 36.168287399800001 ], [ -115.2699012, 36.168290099800004 ], [ -115.2699147, 36.168290099800004 ], [ -115.2699147, 36.168303599800005 ], [ -115.2699174, 36.168303599800005 ], [ -115.2699174, 36.168319799800003 ], [ -115.2699201, 36.168319799800003 ], [ -115.2699201, 36.168330599800001 ], [ -115.2699228, 36.168330599800001 ], [ -115.2699228, 36.168344099800002 ], [ -115.2699201, 36.168344099800002 ], [ -115.2699201, 36.168346799799998 ], [ -115.2699228, 36.168346799799998 ], [ -115.2699228, 36.168354899800001 ], [ -115.2699201, 36.168354899800001 ], [ -115.2699201, 36.168365699799999 ], [ -115.2699174, 36.168365699799999 ], [ -115.2699174, 36.168400799800004 ], [ -115.2699147, 36.168400799800004 ], [ -115.2699147, 36.1684034998 ], [ -115.2699093, 36.1684034998 ], [ -115.2699093, 36.168406199800003 ], [ -115.2698985, 36.168406199800003 ], [ -115.2698985, 36.168408899799999 ], [ -115.2698958, 36.168408899799999 ], [ -115.2698958, 36.168454799800003 ], [ -115.269885, 36.168454799800003 ], [ -115.269885, 36.168457499799999 ], [ -115.269831, 36.168457499799999 ], [ -115.269831, 36.168454799800003 ], [ -115.2698256, 36.168454799800003 ], [ -115.2698256, 36.1684466998 ], [ -115.2698229, 36.1684466998 ], [ -115.2698229, 36.168414299799998 ], [ -115.2698202, 36.168414299799998 ], [ -115.2698202, 36.168400799800004 ], [ -115.2698175, 36.168400799800004 ], [ -115.2698175, 36.168392699800002 ], [ -115.2698202, 36.168392699800002 ], [ -115.2698202, 36.168387299800003 ], [ -115.2698229, 36.168387299800003 ], [ -115.2698229, 36.1683791998 ], [ -115.2698256, 36.1683791998 ], [ -115.2698256, 36.168373799800001 ], [ -115.2698229, 36.168373799800001 ], [ -115.2698229, 36.168368399800002 ], [ -115.2698256, 36.168368399800002 ], [ -115.2698256, 36.168357599800004 ], [ -115.2698229, 36.168357599800004 ], [ -115.2698229, 36.1683359998 ], [ -115.2698175, 36.1683359998 ], [ -115.2698175, 36.168330599800001 ], [ -115.2698202, 36.168330599800001 ], [ -115.2698202, 36.168325199800002 ], [ -115.2698229, 36.168325199800002 ], [ -115.2698229, 36.168319799800003 ], [ -115.2698202, 36.168319799800003 ], [ -115.2698202, 36.168317099799999 ], [ -115.2698148, 36.168317099799999 ], [ -115.2698148, 36.168314399800003 ], [ -115.2698121, 36.168314399800003 ], [ -115.2698121, 36.168317099799999 ], [ -115.2698094, 36.168317099799999 ], [ -115.2698094, 36.168322499799999 ], [ -115.2698067, 36.168322499799999 ], [ -115.2698067, 36.168357599800004 ], [ -115.269804, 36.168357599800004 ], [ -115.269804, 36.168365699799999 ], [ -115.2698013, 36.168365699799999 ], [ -115.2698013, 36.168371099800005 ], [ -115.2697986, 36.168371099800005 ], [ -115.2697986, 36.168381899800004 ], [ -115.2697959, 36.168381899800004 ], [ -115.2697959, 36.1684034998 ], [ -115.2697905, 36.1684034998 ], [ -115.2697905, 36.168406199800003 ], [ -115.2697743, 36.168406199800003 ], [ -115.2697743, 36.168408899799999 ], [ -115.2697716, 36.168408899799999 ], [ -115.2697716, 36.168454799800003 ], [ -115.2697689, 36.168454799800003 ], [ -115.2697689, 36.168457499799999 ], [ -115.2697635, 36.168457499799999 ], [ -115.2697635, 36.168460199800002 ] ] ] } },
{ "type": "Feature", "properties": { "value": 255.0 }, "geometry": { "type": "Polygon", "coordinates": [ [ [ -115.2700497, 36.1684466998 ], [ -115.2699606, 36.1684466998 ], [ -115.2699606, 36.168443999800004 ], [ -115.2699579, 36.168443999800004 ], [ -115.2699579, 36.1682927998 ], [ -115.2699606, 36.1682927998 ], [ -115.2699606, 36.168290099800004 ], [ -115.2699849, 36.168290099800004 ], [ -115.2699849, 36.168279299799998 ], [ -115.2699876, 36.168279299799998 ], [ -115.2699876, 36.168273899799999 ], [ -115.269993, 36.168273899799999 ], [ -115.269993, 36.168271199800003 ], [ -115.2700038, 36.168271199800003 ], [ -115.2700038, 36.168273899799999 ], [ -115.2700092, 36.168273899799999 ], [ -115.2700092, 36.168276599800002 ], [ -115.2700119, 36.168276599800002 ], [ -115.2700119, 36.168279299799998 ], [ -115.2700173, 36.168279299799998 ], [ -115.2700173, 36.168284699800004 ], [ -115.27002, 36.168284699800004 ], [ -115.27002, 36.168287399800001 ], [ -115.2700281, 36.168287399800001 ], [ -115.2700281, 36.168290099800004 ], [ -115.2700443, 36.168290099800004 ], [ -115.2700443, 36.1682927998 ], [ -115.2700497, 36.1682927998 ], [ -115.2700497, 36.168295499800003 ], [ -115.2700524, 36.168295499800003 ], [ -115.2700524, 36.168300899800002 ], [ -115.2700551, 36.168300899800002 ], [ -115.2700551, 36.168306299800001 ], [ -115.2700524, 36.168306299800001 ], [ -115.2700524, 36.168314399800003 ], [ -115.2700551, 36.168314399800003 ], [ -115.2700551, 36.168319799800003 ], [ -115.2700524, 36.168319799800003 ], [ -115.2700524, 36.168338699800003 ], [ -115.2700551, 36.168338699800003 ], [ -115.2700551, 36.168368399800002 ], [ -115.2700524, 36.168368399800002 ], [ -115.2700524, 36.168371099800005 ], [ -115.2700497, 36.168371099800005 ], [ -115.2700497, 36.168373799800001 ], [ -115.2700416, 36.168373799800001 ], [ -115.2700416, 36.168376499800004 ], [ -115.2700389, 36.168376499800004 ], [ -115.2700389, 36.1683791998 ], [ -115.2700362, 36.1683791998 ], [ -115.2700362, 36.168392699800002 ], [ -115.2700389, 36.168392699800002 ], [ -115.2700389, 36.168398099800001 ], [ -115.2700416, 36.168398099800001 ], [ -115.2700416, 36.1684034998 ], [ -115.2700443, 36.1684034998 ], [ -115.2700443, 36.168408899799999 ], [ -115.2700497, 36.168408899799999 ], [ -115.2700497, 36.168411599800002 ], [ -115.2700524, 36.168411599800002 ], [ -115.2700524, 36.168414299799998 ], [ -115.2700551, 36.168414299799998 ], [ -115.2700551, 36.168443999800004 ], [ -115.2700497, 36.168443999800004 ], [ -115.2700497, 36.1684466998 ] ] ] } },
{ "type": "Feature", "properties": { "value": 255.0 }, "geometry": { "type": "Polygon", "coordinates": [ [ [ -115.2701604, 36.1684520998 ], [ -115.270155, 36.1684520998 ], [ -115.270155, 36.168449399800004 ], [ -115.2700956, 36.168449399800004 ], [ -115.2700956, 36.168400799800004 ], [ -115.2700983, 36.168400799800004 ], [ -115.2700983, 36.168381899800004 ], [ -115.2700956, 36.168381899800004 ], [ -115.2700956, 36.1683791998 ], [ -115.2700821, 36.1683791998 ], [ -115.2700821, 36.168376499800004 ], [ -115.2700794, 36.168376499800004 ], [ -115.2700794, 36.168357599800004 ], [ -115.2700767, 36.168357599800004 ], [ -115.2700767, 36.168341399799999 ], [ -115.2700794, 36.168341399799999 ], [ -115.2700794, 36.168338699800003 ], [ -115.2700767, 36.168338699800003 ], [ -115.2700767, 36.168298199799999 ], [ -115.2700794, 36.168298199799999 ], [ -115.2700794, 36.168281999800001 ], [ -115.2700821, 36.168281999800001 ], [ -115.2700821, 36.168279299799998 ], [ -115.2700848, 36.168279299799998 ], [ -115.2700848, 36.168276599800002 ], [ -115.2700875, 36.168276599800002 ], [ -115.2700875, 36.168273899799999 ], [ -115.2701037, 36.168273899799999 ], [ -115.2701037, 36.168271199800003 ], [ -115.2701253, 36.168271199800003 ], [ -115.2701253, 36.1682684998 ], [ -115.2701523, 36.1682684998 ], [ -115.2701523, 36.168271199800003 ], [ -115.2701577, 36.168271199800003 ], [ -115.2701577, 36.168273899799999 ], [ -115.2701604, 36.168273899799999 ], [ -115.2701604, 36.168284699800004 ], [ -115.2701631, 36.168284699800004 ], [ -115.2701631, 36.168290099800004 ], [ -115.2701604, 36.168290099800004 ], [ -115.2701604, 36.168295499800003 ], [ -115.2701631, 36.168295499800003 ], [ -115.2701631, 36.168298199799999 ], [ -115.2701658, 36.168298199799999 ], [ -115.2701658, 36.168300899800002 ], [ -115.2701685, 36.168300899800002 ], [ -115.2701685, 36.168303599800005 ], [ -115.2701712, 36.168303599800005 ], [ -115.2701712, 36.168306299800001 ], [ -115.2701739, 36.168306299800001 ], [ -115.2701739, 36.168346799799998 ], [ -115.2701766, 36.168346799799998 ], [ -115.2701766, 36.168400799800004 ], [ -115.2701793, 36.168400799800004 ], [ -115.2701793, 36.1684034998 ], [ -115.270182, 36.1684034998 ], [ -115.270182, 36.168406199800003 ], [ -115.2701847, 36.168406199800003 ], [ -115.2701847, 36.1684034998 ], [ -115.2701874, 36.1684034998 ], [ -115.2701874, 36.168400799800004 ], [ -115.2701901, 36.168400799800004 ], [ -115.2701901, 36.168392699800002 ], [ -115.2701874, 36.168392699800002 ], [ -115.2701874, 36.168365699799999 ], [ -115.2701901, 36.168365699799999 ], [ -115.2701901, 36.168338699800003 ], [ -115.2701928, 36.168338699800003 ], [ -115.2701928, 36.168333299800004 ], [ -115.2701901, 36.168333299800004 ], [ -115.2701901, 36.168319799800003 ], [ -115.2701928, 36.168319799800003 ], [ -115.2701928, 36.168284699800004 ], [ -115.2701955, 36.168284699800004 ], [ -115.2701955, 36.168279299799998 ], [ -115.2702009, 36.168279299799998 ], [ -115.2702009, 36.168276599800002 ], [ -115.2702792, 36.168276599800002 ], [ -115.2702792, 36.168279299799998 ], [ -115.2702819, 36.168279299799998 ], [ -115.2702819, 36.168287399800001 ], [ -115.2702846, 36.168287399800001 ], [ -115.2702846, 36.168303599800005 ], [ -115.2702873, 36.168303599800005 ], [ -115.2702873, 36.168325199800002 ], [ -115.2702846, 36.168325199800002 ], [ -115.2702846, 36.168330599800001 ], [ -115.2702873, 36.168330599800001 ], [ -115.2702873, 36.168365699799999 ], [ -115.27029, 36.168365699799999 ], [ -115.27029, 36.168441299800001 ], [ -115.2702657, 36.168441299800001 ], [ -115.2702657, 36.168443999800004 ], [ -115.2702549, 36.168443999800004 ], [ -115.2702549, 36.1684466998 ], [ -115.2702144, 36.1684466998 ], [ -115.2702144, 36.168443999800004 ], [ -115.2701982, 36.168443999800004 ], [ -115.2701982, 36.168441299800001 ], [ -115.2701928, 36.168441299800001 ], [ -115.2701928, 36.168438599800005 ], [ -115.2701874, 36.168438599800005 ], [ -115.2701874, 36.168435899800002 ], [ -115.2701793, 36.168435899800002 ], [ -115.2701793, 36.168438599800005 ], [ -115.2701766, 36.168438599800005 ], [ -115.2701766, 36.168443999800004 ], [ -115.2701739, 36.168443999800004 ], [ -115.2701739, 36.168449399800004 ], [ -115.2701604, 36.168449399800004 ], [ -115.2701604, 36.1684520998 ] ] ] } },
{ "type": "Feature", "properties": { "value": 255.0 }, "geometry": { "type": "Polygon", "coordinates": [ [ [ -115.2705249, 36.168438599800005 ], [ -115.2705033, 36.168438599800005 ], [ -115.2705033, 36.168435899800002 ], [ -115.2704952, 36.168435899800002 ], [ -115.2704952, 36.168433199799999 ], [ -115.270479, 36.168433199799999 ], [ -115.270479, 36.168430499800003 ], [ -115.2704493, 36.168430499800003 ], [ -115.2704493, 36.1684277998 ], [ -115.2704466, 36.1684277998 ], [ -115.2704466, 36.168416999800002 ], [ -115.270443899999989, 36.168416999800002 ], [ -115.270443899999989, 36.168414299799998 ], [ -115.2704466, 36.168414299799998 ], [ -115.2704466, 36.168408899799999 ], [ -115.270443899999989, 36.168408899799999 ], [ -115.270443899999989, 36.168392699800002 ], [ -115.2704412, 36.168392699800002 ], [ -115.2704412, 36.1683116998 ], [ -115.270443899999989, 36.1683116998 ], [ -115.270443899999989, 36.168290099800004 ], [ -115.2704466, 36.168290099800004 ], [ -115.2704466, 36.168276599800002 ], [ -115.2704493, 36.168276599800002 ], [ -115.2704493, 36.168273899799999 ], [ -115.2704574, 36.168273899799999 ], [ -115.2704574, 36.168271199800003 ], [ -115.2704871, 36.168271199800003 ], [ -115.2704871, 36.1682684998 ], [ -115.2704898, 36.1682684998 ], [ -115.2704898, 36.168265799800004 ], [ -115.270492499999989, 36.168265799800004 ], [ -115.270492499999989, 36.168263099800001 ], [ -115.2704898, 36.168263099800001 ], [ -115.2704898, 36.168249599799999 ], [ -115.2704979, 36.168249599799999 ], [ -115.2704979, 36.168265799800004 ], [ -115.2705006, 36.168265799800004 ], [ -115.2705006, 36.1682684998 ], [ -115.2705357, 36.1682684998 ], [ -115.2705357, 36.168281999800001 ], [ -115.2705384, 36.168281999800001 ], [ -115.2705384, 36.1683359998 ], [ -115.270541099999988, 36.1683359998 ], [ -115.270541099999988, 36.168371099800005 ], [ -115.2705438, 36.168371099800005 ], [ -115.2705438, 36.168373799800001 ], [ -115.270541099999988, 36.168373799800001 ], [ -115.270541099999988, 36.1683791998 ], [ -115.2705384, 36.1683791998 ], [ -115.2705384, 36.168381899800004 ], [ -115.2705303, 36.168381899800004 ], [ -115.2705303, 36.1683845998 ], [ -115.2705276, 36.1683845998 ], [ -115.2705276, 36.168435899800002 ], [ -115.2705249, 36.168435899800002 ], [ -115.2705249, 36.168438599800005 ] ] ] } },
{ "type": "Feature", "properties": { "value": 255.0 }, "geometry": { "type": "Polygon", "coordinates": [ [ [ -115.2706248, 36.168443999800004 ], [ -115.2706059, 36.168443999800004 ], [ -115.2706059, 36.168441299800001 ], [ -115.270589699999988, 36.168441299800001 ], [ -115.270589699999988, 36.168438599800005 ], [ -115.270587, 36.168438599800005 ], [ -115.270587, 36.1684034998 ], [ -115.2705843, 36.1684034998 ], [ -115.2705843, 36.168400799800004 ], [ -115.270587, 36.168400799800004 ], [ -115.270587, 36.168392699800002 ], [ -115.270589699999988, 36.168392699800002 ], [ -115.270589699999988, 36.168389999799999 ], [ -115.2705924, 36.168389999799999 ], [ -115.2705924, 36.1683845998 ], [ -115.2705951, 36.1683845998 ], [ -115.2705951, 36.168381899800004 ], [ -115.2705924, 36.168381899800004 ], [ -115.2705924, 36.168373799800001 ], [ -115.270589699999988, 36.168373799800001 ], [ -115.270589699999988, 36.168371099800005 ], [ -115.2705708, 36.168371099800005 ], [ -115.2705708, 36.168368399800002 ], [ -115.2705681, 36.168368399800002 ], [ -115.2705681, 36.168330599800001 ], [ -115.2705654, 36.168330599800001 ], [ -115.2705654, 36.168300899800002 ], [ -115.2705681, 36.168300899800002 ], [ -115.2705681, 36.168295499800003 ], [ -115.2705708, 36.168295499800003 ], [ -115.2705708, 36.1682927998 ], [ -115.2705735, 36.1682927998 ], [ -115.2705735, 36.168290099800004 ], [ -115.2705789, 36.168290099800004 ], [ -115.2705789, 36.168287399800001 ], [ -115.2705762, 36.168287399800001 ], [ -115.2705762, 36.168279299799998 ], [ -115.2705789, 36.168279299799998 ], [ -115.2705789, 36.168281999800001 ], [ -115.2705816, 36.168281999800001 ], [ -115.2705816, 36.168284699800004 ], [ -115.2705924, 36.168284699800004 ], [ -115.2705924, 36.168281999800001 ], [ -115.270589699999988, 36.168281999800001 ], [ -115.270589699999988, 36.168276599800002 ], [ -115.2705762, 36.168276599800002 ], [ -115.2705762, 36.168271199800003 ], [ -115.2705789, 36.168271199800003 ], [ -115.2705789, 36.1682684998 ], [ -115.2705843, 36.1682684998 ], [ -115.2705843, 36.168265799800004 ], [ -115.270589699999988, 36.168265799800004 ], [ -115.270589699999988, 36.168263099800001 ], [ -115.2706059, 36.168263099800001 ], [ -115.2706059, 36.168260399800005 ], [ -115.2706167, 36.168260399800005 ], [ -115.2706167, 36.168257699800002 ], [ -115.2706221, 36.168257699800002 ], [ -115.2706221, 36.168260399800005 ], [ -115.2706437, 36.168260399800005 ], [ -115.2706437, 36.168276599800002 ], [ -115.2706464, 36.168276599800002 ], [ -115.2706464, 36.168290099800004 ], [ -115.2706545, 36.168290099800004 ], [ -115.2706545, 36.1682927998 ], [ -115.2706626, 36.1682927998 ], [ -115.2706626, 36.168441299800001 ], [ -115.2706248, 36.168441299800001 ], [ -115.2706248, 36.168443999800004 ] ], [ [ -115.2705924, 36.168284699800004 ], [ -115.2705924, 36.168287399800001 ], [ -115.270589699999988, 36.168287399800001 ], [ -115.270589699999988, 36.168290099800004 ], [ -115.270608599999989, 36.168290099800004 ], [ -115.270608599999989, 36.168281999800001 ], [ -115.2705951, 36.168281999800001 ], [ -115.2705951, 36.168284699800004 ], [ -115.2705924, 36.168284699800004 ] ] ] } },
{ "type": "Feature", "properties": { "value": 255.0 }, "geometry": { "type": "Polygon", "coordinates": [ [ [ -115.2704007, 36.168433199799999 ], [ -115.2703953, 36.168433199799999 ], [ -115.2703953, 36.168430499800003 ], [ -115.2703926, 36.168430499800003 ], [ -115.2703926, 36.1684277998 ], [ -115.2703899, 36.1684277998 ], [ -115.2703899, 36.168422399800001 ], [ -115.2703872, 36.168422399800001 ], [ -115.2703872, 36.168419699800005 ], [ -115.2703521, 36.168419699800005 ], [ -115.2703521, 36.168422399800001 ], [ -115.2703386, 36.168422399800001 ], [ -115.2703386, 36.168419699800005 ], [ -115.2703359, 36.168419699800005 ], [ -115.2703359, 36.168416999800002 ], [ -115.2703332, 36.168416999800002 ], [ -115.2703332, 36.168362999800003 ], [ -115.2703305, 36.168362999800003 ], [ -115.2703305, 36.168308999800004 ], [ -115.2703278, 36.168308999800004 ], [ -115.2703278, 36.168303599800005 ], [ -115.2703305, 36.168303599800005 ], [ -115.2703305, 36.168295499800003 ], [ -115.2703278, 36.168295499800003 ], [ -115.2703278, 36.168290099800004 ], [ -115.2703332, 36.168290099800004 ], [ -115.2703332, 36.168284699800004 ], [ -115.2703359, 36.168284699800004 ], [ -115.2703359, 36.168281999800001 ], [ -115.2703386, 36.168281999800001 ], [ -115.2703386, 36.168276599800002 ], [ -115.2703413, 36.168276599800002 ], [ -115.2703413, 36.1682684998 ], [ -115.270344, 36.1682684998 ], [ -115.270344, 36.168265799800004 ], [ -115.2703413, 36.168265799800004 ], [ -115.2703413, 36.168249599799999 ], [ -115.270344, 36.168249599799999 ], [ -115.270344, 36.168246899800003 ], [ -115.2703494, 36.168246899800003 ], [ -115.2703494, 36.1682441998 ], [ -115.2703737, 36.1682441998 ], [ -115.2703737, 36.168246899800003 ], [ -115.270376399999989, 36.168246899800003 ], [ -115.270376399999989, 36.168252299800002 ], [ -115.2703791, 36.168252299800002 ], [ -115.2703791, 36.168257699800002 ], [ -115.2703818, 36.168257699800002 ], [ -115.2703818, 36.168265799800004 ], [ -115.2703791, 36.168265799800004 ], [ -115.2703791, 36.1682684998 ], [ -115.2703818, 36.1682684998 ], [ -115.2703818, 36.168281999800001 ], [ -115.2703872, 36.168281999800001 ], [ -115.2703872, 36.168284699800004 ], [ -115.2703953, 36.168284699800004 ], [ -115.2703953, 36.168287399800001 ], [ -115.2704034, 36.168287399800001 ], [ -115.2704034, 36.168290099800004 ], [ -115.2704169, 36.168290099800004 ], [ -115.2704169, 36.168303599800005 ], [ -115.2704196, 36.168303599800005 ], [ -115.2704196, 36.1683116998 ], [ -115.2704223, 36.1683116998 ], [ -115.2704223, 36.168322499799999 ], [ -115.270425, 36.168322499799999 ], [ -115.270425, 36.168344099800002 ], [ -115.2704277, 36.168344099800002 ], [ -115.2704277, 36.168357599800004 ], [ -115.2704304, 36.168357599800004 ], [ -115.2704304, 36.168387299800003 ], [ -115.2704277, 36.168387299800003 ], [ -115.2704277, 36.168395399800005 ], [ -115.2704304, 36.168395399800005 ], [ -115.2704304, 36.168400799800004 ], [ -115.2704277, 36.168400799800004 ], [ -115.2704277, 36.168416999800002 ], [ -115.270425, 36.168416999800002 ], [ -115.270425, 36.168419699800005 ], [ -115.2704223, 36.168419699800005 ], [ -115.2704223, 36.168422399800001 ], [ -115.270425, 36.168422399800001 ], [ -115.270425, 36.1684277998 ], [ -115.2704169, 36.1684277998 ], [ -115.2704169, 36.168430499800003 ], [ -115.2704007, 36.168430499800003 ], [ -115.2704007, 36.168433199799999 ] ], [ [ -115.2704061, 36.168425099800004 ], [ -115.2704061, 36.168422399800001 ], [ -115.2704034, 36.168422399800001 ], [ -115.2704034, 36.168425099800004 ], [ -115.2704061, 36.168425099800004 ] ] ] } },
{ "type": "Feature", "properties": { "value": 255.0 }, "geometry": { "type": "Polygon", "coordinates": [ [ [ -115.2704817, 36.168263099800001 ], [ -115.2704709, 36.168263099800001 ], [ -115.2704709, 36.168260399800005 ], [ -115.2704682, 36.168260399800005 ], [ -115.2704682, 36.168252299800002 ], [ -115.2704709, 36.168252299800002 ], [ -115.2704709, 36.168249599799999 ], [ -115.2704736, 36.168249599799999 ], [ -115.2704736, 36.168246899800003 ], [ -115.2704763, 36.168246899800003 ], [ -115.2704763, 36.168249599799999 ], [ -115.2704817, 36.168249599799999 ], [ -115.2704817, 36.168252299800002 ], [ -115.2704844, 36.168252299800002 ], [ -115.2704844, 36.168257699800002 ], [ -115.2704817, 36.168257699800002 ], [ -115.2704817, 36.168263099800001 ] ] ] } },
{ "type": "Feature", "properties": { "value": 255.0 }, "geometry": { "type": "Polygon", "coordinates": [ [ [ -115.2692748, 36.168317099799999 ], [ -115.2692289, 36.168317099799999 ], [ -115.2692289, 36.168314399800003 ], [ -115.26922350000001, 36.168314399800003 ], [ -115.26922350000001, 36.168308999800004 ], [ -115.2692208, 36.168308999800004 ], [ -115.2692208, 36.168249599799999 ], [ -115.26922350000001, 36.168249599799999 ], [ -115.26922350000001, 36.168241499800004 ], [ -115.2692262, 36.168241499800004 ], [ -115.2692262, 36.168238799800001 ], [ -115.2692289, 36.168238799800001 ], [ -115.2692289, 36.168236099800005 ], [ -115.2693423, 36.168236099800005 ], [ -115.2693423, 36.168233399800002 ], [ -115.2693477, 36.168233399800002 ], [ -115.2693477, 36.168236099800005 ], [ -115.2693504, 36.168236099800005 ], [ -115.2693504, 36.168233399800002 ], [ -115.2693774, 36.168233399800002 ], [ -115.2693774, 36.168236099800005 ], [ -115.2693909, 36.168236099800005 ], [ -115.2693909, 36.168238799800001 ], [ -115.2694179, 36.168238799800001 ], [ -115.2694179, 36.168241499800004 ], [ -115.2694287, 36.168241499800004 ], [ -115.2694287, 36.168246899800003 ], [ -115.2694314, 36.168246899800003 ], [ -115.2694314, 36.168252299800002 ], [ -115.2694287, 36.168252299800002 ], [ -115.2694287, 36.168260399800005 ], [ -115.269426, 36.168260399800005 ], [ -115.269426, 36.168284699800004 ], [ -115.2694233, 36.168284699800004 ], [ -115.2694233, 36.168290099800004 ], [ -115.269426, 36.168290099800004 ], [ -115.269426, 36.168298199799999 ], [ -115.2694233, 36.168298199799999 ], [ -115.2694233, 36.168306299800001 ], [ -115.2694179, 36.168306299800001 ], [ -115.2694179, 36.168308999800004 ], [ -115.2694017, 36.168308999800004 ], [ -115.2694017, 36.168306299800001 ], [ -115.2693936, 36.168306299800001 ], [ -115.2693936, 36.168308999800004 ], [ -115.2693882, 36.168308999800004 ], [ -115.2693882, 36.1683116998 ], [ -115.2693855, 36.1683116998 ], [ -115.2693855, 36.168314399800003 ], [ -115.2693126, 36.168314399800003 ], [ -115.2693126, 36.1683116998 ], [ -115.2692883, 36.1683116998 ], [ -115.2692883, 36.168314399800003 ], [ -115.2692748, 36.168314399800003 ], [ -115.2692748, 36.168317099799999 ] ] ] } },
{ "type": "Feature", "properties": { "value": 255.0 }, "geometry": { "type": "Polygon", "coordinates": [ [ [ -115.2702657, 36.168257699800002 ], [ -115.2702387, 36.168257699800002 ], [ -115.2702387, 36.168254999799998 ], [ -115.2702333, 36.168254999799998 ], [ -115.2702333, 36.168252299800002 ], [ -115.2702306, 36.168252299800002 ], [ -115.2702306, 36.168249599799999 ], [ -115.2702279, 36.168249599799999 ], [ -115.2702279, 36.168238799800001 ], [ -115.2702306, 36.168238799800001 ], [ -115.2702306, 36.168233399800002 ], [ -115.2702279, 36.168233399800002 ], [ -115.2702279, 36.168217199800004 ], [ -115.2702306, 36.168217199800004 ], [ -115.2702306, 36.168214499800001 ], [ -115.2702333, 36.168214499800001 ], [ -115.2702333, 36.168211799799998 ], [ -115.2702657, 36.168211799799998 ], [ -115.2702657, 36.168214499800001 ], [ -115.2702684, 36.168214499800001 ], [ -115.2702684, 36.168254999799998 ], [ -115.2702657, 36.168254999799998 ], [ -115.2702657, 36.168257699800002 ] ] ] } },
{ "type": "Feature", "properties": { "value": 255.0 }, "geometry": { "type": "Polygon", "coordinates": [ [ [ -115.2692937, 36.168206399799999 ], [ -115.2692289, 36.168206399799999 ], [ -115.2692289, 36.168203699800003 ], [ -115.2692262, 36.168203699800003 ], [ -115.2692262, 36.168195599800001 ], [ -115.26922350000001, 36.168195599800001 ], [ -115.26922350000001, 36.1681766998 ], [ -115.2692208, 36.1681766998 ], [ -115.2692208, 36.168168599800005 ], [ -115.26922350000001, 36.168168599800005 ], [ -115.26922350000001, 36.1681334998 ], [ -115.2692262, 36.1681334998 ], [ -115.2692262, 36.168130799800004 ], [ -115.2692397, 36.168130799800004 ], [ -115.2692397, 36.168128099800001 ], [ -115.2692505, 36.168128099800001 ], [ -115.2692505, 36.168130799800004 ], [ -115.2693072, 36.168130799800004 ], [ -115.2693072, 36.168128099800001 ], [ -115.26935850000001, 36.168128099800001 ], [ -115.26935850000001, 36.168125399800005 ], [ -115.2693801, 36.168125399800005 ], [ -115.2693801, 36.168122699800001 ], [ -115.2694152, 36.168122699800001 ], [ -115.2694152, 36.168125399800005 ], [ -115.2694206, 36.168125399800005 ], [ -115.2694206, 36.168192899800005 ], [ -115.2694179, 36.168192899800005 ], [ -115.2694179, 36.168195599800001 ], [ -115.2693801, 36.168195599800001 ], [ -115.2693801, 36.168192899800005 ], [ -115.2693747, 36.168192899800005 ], [ -115.2693747, 36.168190199800001 ], [ -115.2693693, 36.168190199800001 ], [ -115.2693693, 36.168187499799998 ], [ -115.2693396, 36.168187499799998 ], [ -115.2693396, 36.168190199800001 ], [ -115.2693315, 36.168190199800001 ], [ -115.2693315, 36.168192899800005 ], [ -115.2693261, 36.168192899800005 ], [ -115.2693261, 36.168195599800001 ], [ -115.2693234, 36.168195599800001 ], [ -115.2693234, 36.168198299800004 ], [ -115.269318, 36.168198299800004 ], [ -115.269318, 36.1682009998 ], [ -115.2693099, 36.1682009998 ], [ -115.2693099, 36.168203699800003 ], [ -115.2692937, 36.168203699800003 ], [ -115.2692937, 36.168206399799999 ] ] ] } },
{ "type": "Feature", "properties": { "value": 255.0 }, "geometry": { "type": "Polygon", "coordinates": [ [ [ -115.2700173, 36.168119999799998 ], [ -115.2700038, 36.168119999799998 ], [ -115.2700038, 36.168117299800002 ], [ -115.2700011, 36.168117299800002 ], [ -115.2700011, 36.168106499800004 ], [ -115.2700038, 36.168106499800004 ], [ -115.2700038, 36.168103799800001 ], [ -115.2700092, 36.168103799800001 ], [ -115.2700092, 36.1681091998 ], [ -115.2700146, 36.1681091998 ], [ -115.2700146, 36.168106499800004 ], [ -115.27002, 36.168106499800004 ], [ -115.27002, 36.168111899800003 ], [ -115.2700146, 36.168111899800003 ], [ -115.2700146, 36.168114599799999 ], [ -115.2700173, 36.168114599799999 ], [ -115.2700173, 36.168119999799998 ] ] ] } },
{ "type": "Feature", "properties": { "value": 255.0 }, "geometry": { "type": "Polygon", "coordinates": [ [ [ -115.2692829, 36.168106499800004 ], [ -115.2692802, 36.168106499800004 ], [ -115.2692802, 36.168103799800001 ], [ -115.2692154, 36.168103799800001 ], [ -115.2692154, 36.168101099800005 ], [ -115.26921, 36.168101099800005 ], [ -115.26921, 36.168095699799998 ], [ -115.2692073, 36.168095699799998 ], [ -115.2692073, 36.168063299800004 ], [ -115.2692046, 36.168063299800004 ], [ -115.2692046, 36.168047099799999 ], [ -115.2692073, 36.168047099799999 ], [ -115.2692073, 36.168033599800005 ], [ -115.2692154, 36.168033599800005 ], [ -115.2692154, 36.168030899800002 ], [ -115.2692991, 36.168030899800002 ], [ -115.2692991, 36.168028199799998 ], [ -115.2693153, 36.168028199799998 ], [ -115.2693153, 36.168025499800002 ], [ -115.2694071, 36.168025499800002 ], [ -115.2694071, 36.168028199799998 ], [ -115.2694233, 36.168028199799998 ], [ -115.2694233, 36.168030899800002 ], [ -115.2694287, 36.168030899800002 ], [ -115.2694287, 36.168033599800005 ], [ -115.2694314, 36.168033599800005 ], [ -115.2694314, 36.168036299800001 ], [ -115.2694341, 36.168036299800001 ], [ -115.2694341, 36.168047099799999 ], [ -115.2694368, 36.168047099799999 ], [ -115.2694368, 36.1680659998 ], [ -115.2694341, 36.1680659998 ], [ -115.2694341, 36.168074099800002 ], [ -115.2694368, 36.168074099800002 ], [ -115.2694368, 36.168087599800003 ], [ -115.2694341, 36.168087599800003 ], [ -115.2694341, 36.168098399800002 ], [ -115.2694287, 36.168098399800002 ], [ -115.2694287, 36.168101099800005 ], [ -115.269318, 36.168101099800005 ], [ -115.269318, 36.168103799800001 ], [ -115.2692829, 36.168103799800001 ], [ -115.2692829, 36.168106499800004 ] ] ] } },
{ "type": "Feature", "properties": { "value": 255.0 }, "geometry": { "type": "Polygon", "coordinates": [ [ [ -115.2697149, 36.168063299800004 ], [ -115.2697068, 36.168063299800004 ], [ -115.2697068, 36.1680605998 ], [ -115.2697014, 36.1680605998 ], [ -115.2697014, 36.168049799800002 ], [ -115.2696987, 36.168049799800002 ], [ -115.2696987, 36.168047099799999 ], [ -115.2697014, 36.168047099799999 ], [ -115.2697014, 36.1680173998 ], [ -115.2696987, 36.1680173998 ], [ -115.2696987, 36.168011999800001 ], [ -115.2697014, 36.168011999800001 ], [ -115.2697014, 36.167990399800004 ], [ -115.2696987, 36.167990399800004 ], [ -115.2696987, 36.1679255998 ], [ -115.269696, 36.1679255998 ], [ -115.269696, 36.167898599800004 ], [ -115.2696987, 36.167898599800004 ], [ -115.2696987, 36.167895899800001 ], [ -115.2697014, 36.167895899800001 ], [ -115.2697014, 36.167893199799998 ], [ -115.2697041, 36.167893199799998 ], [ -115.2697041, 36.167890499800002 ], [ -115.2697068, 36.167890499800002 ], [ -115.2697068, 36.1678823998 ], [ -115.2697095, 36.1678823998 ], [ -115.2697095, 36.167876999800001 ], [ -115.2697122, 36.167876999800001 ], [ -115.2697122, 36.167868899799998 ], [ -115.2697095, 36.167868899799998 ], [ -115.2697095, 36.1678580998 ], [ -115.2697122, 36.1678580998 ], [ -115.2697122, 36.167855399800004 ], [ -115.269723, 36.167855399800004 ], [ -115.269723, 36.167852699800001 ], [ -115.2697419, 36.167852699800001 ], [ -115.2697419, 36.167855399800004 ], [ -115.2697635, 36.167855399800004 ], [ -115.2697635, 36.167852699800001 ], [ -115.269777, 36.167852699800001 ], [ -115.269777, 36.167855399800004 ], [ -115.2697824, 36.167855399800004 ], [ -115.2697824, 36.1678580998 ], [ -115.2697851, 36.1678580998 ], [ -115.2697851, 36.167860799800003 ], [ -115.2697878, 36.167860799800003 ], [ -115.2697878, 36.1678823998 ], [ -115.2697905, 36.1678823998 ], [ -115.2697905, 36.167963399800001 ], [ -115.2697932, 36.167963399800001 ], [ -115.2697932, 36.168057899800004 ], [ -115.2697905, 36.168057899800004 ], [ -115.2697905, 36.1680605998 ], [ -115.2697149, 36.1680605998 ], [ -115.2697149, 36.168063299800004 ] ] ] } },
{ "type": "Feature", "properties": { "value": 255.0 }, "geometry": { "type": "Polygon", "coordinates": [ [ [ -115.2702063, 36.168028199799998 ], [ -115.2702036, 36.168028199799998 ], [ -115.2702036, 36.168025499800002 ], [ -115.2701982, 36.168025499800002 ], [ -115.2701982, 36.168022799799999 ], [ -115.2701955, 36.168022799799999 ], [ -115.2701955, 36.168011999800001 ], [ -115.2701928, 36.168011999800001 ], [ -115.2701928, 36.167995799800003 ], [ -115.2701901, 36.167995799800003 ], [ -115.2701901, 36.167933699800003 ], [ -115.2701874, 36.167933699800003 ], [ -115.2701874, 36.167895899800001 ], [ -115.2701847, 36.167895899800001 ], [ -115.2701847, 36.1678580998 ], [ -115.2701928, 36.1678580998 ], [ -115.2701928, 36.167855399800004 ], [ -115.2702576, 36.167855399800004 ], [ -115.2702576, 36.1678580998 ], [ -115.2702603, 36.1678580998 ], [ -115.2702603, 36.167893199799998 ], [ -115.270263, 36.167893199799998 ], [ -115.270263, 36.1679066998 ], [ -115.2702657, 36.1679066998 ], [ -115.2702657, 36.167912099799999 ], [ -115.2702684, 36.167912099799999 ], [ -115.2702684, 36.167917499799998 ], [ -115.2702711, 36.167917499799998 ], [ -115.2702711, 36.1679255998 ], [ -115.2702738, 36.1679255998 ], [ -115.2702738, 36.167933699800003 ], [ -115.2702765, 36.167933699800003 ], [ -115.2702765, 36.167936399799999 ], [ -115.2702792, 36.167936399799999 ], [ -115.2702792, 36.167941799799998 ], [ -115.2702819, 36.167941799799998 ], [ -115.2702819, 36.167952599800003 ], [ -115.2702846, 36.167952599800003 ], [ -115.2702846, 36.167960699799998 ], [ -115.2702873, 36.167960699799998 ], [ -115.2702873, 36.167971499800004 ], [ -115.27029, 36.167971499800004 ], [ -115.27029, 36.168014699800004 ], [ -115.2702873, 36.168014699800004 ], [ -115.2702873, 36.168020099800003 ], [ -115.2702846, 36.168020099800003 ], [ -115.2702846, 36.168022799799999 ], [ -115.2702441, 36.168022799799999 ], [ -115.2702441, 36.168025499800002 ], [ -115.2702063, 36.168025499800002 ], [ -115.2702063, 36.168028199799998 ] ] ] } },
{ "type": "Feature", "properties": { "value": 255.0 }, "geometry": { "type": "Polygon", "coordinates": [ [ [ -115.269912, 36.168036299800001 ], [ -115.2698202, 36.168036299800001 ], [ -115.2698202, 36.168033599800005 ], [ -115.2698175, 36.168033599800005 ], [ -115.2698175, 36.167984999799998 ], [ -115.2698202, 36.167984999799998 ], [ -115.2698202, 36.167976899800003 ], [ -115.2698175, 36.167976899800003 ], [ -115.2698175, 36.1679255998 ], [ -115.2698148, 36.1679255998 ], [ -115.2698148, 36.1679012998 ], [ -115.2698175, 36.1679012998 ], [ -115.2698175, 36.167893199799998 ], [ -115.2698202, 36.167893199799998 ], [ -115.2698202, 36.167885099800003 ], [ -115.2698229, 36.167885099800003 ], [ -115.2698229, 36.167871599800002 ], [ -115.2698256, 36.167871599800002 ], [ -115.2698256, 36.167868899799998 ], [ -115.2698337, 36.167868899799998 ], [ -115.2698337, 36.167866199800002 ], [ -115.269858, 36.167866199800002 ], [ -115.269858, 36.167868899799998 ], [ -115.2699039, 36.167868899799998 ], [ -115.2699039, 36.167871599800002 ], [ -115.2699066, 36.167871599800002 ], [ -115.2699066, 36.167876999800001 ], [ -115.2699093, 36.167876999800001 ], [ -115.2699093, 36.1679066998 ], [ -115.269912, 36.1679066998 ], [ -115.269912, 36.1679498998 ], [ -115.2699147, 36.1679498998 ], [ -115.2699147, 36.167995799800003 ], [ -115.2699174, 36.167995799800003 ], [ -115.2699174, 36.168003899799999 ], [ -115.2699147, 36.168003899799999 ], [ -115.2699147, 36.168033599800005 ], [ -115.269912, 36.168033599800005 ], [ -115.269912, 36.168036299800001 ] ] ] } },
{ "type": "Feature", "properties": { "value": 255.0 }, "geometry": { "type": "Polygon", "coordinates": [ [ [ -115.2701604, 36.168049799800002 ], [ -115.270074, 36.168049799800002 ], [ -115.270074, 36.168047099799999 ], [ -115.2700713, 36.168047099799999 ], [ -115.2700713, 36.1680416998 ], [ -115.2700686, 36.1680416998 ], [ -115.2700686, 36.168028199799998 ], [ -115.2700659, 36.168028199799998 ], [ -115.2700659, 36.168020099800003 ], [ -115.2700605, 36.168020099800003 ], [ -115.2700605, 36.1680173998 ], [ -115.2700578, 36.1680173998 ], [ -115.2700578, 36.168001199800003 ], [ -115.2700551, 36.168001199800003 ], [ -115.2700551, 36.167995799800003 ], [ -115.2700524, 36.167995799800003 ], [ -115.2700524, 36.168033599800005 ], [ -115.2700497, 36.168033599800005 ], [ -115.2700497, 36.168036299800001 ], [ -115.27002, 36.168036299800001 ], [ -115.27002, 36.168038999800004 ], [ -115.2699579, 36.168038999800004 ], [ -115.2699579, 36.168030899800002 ], [ -115.2699552, 36.168030899800002 ], [ -115.2699552, 36.168028199799998 ], [ -115.2699525, 36.168028199799998 ], [ -115.2699525, 36.168025499800002 ], [ -115.269939, 36.168025499800002 ], [ -115.269939, 36.168028199799998 ], [ -115.2699282, 36.168028199799998 ], [ -115.2699282, 36.1680173998 ], [ -115.2699255, 36.1680173998 ], [ -115.2699255, 36.167987699800001 ], [ -115.2699282, 36.167987699800001 ], [ -115.2699282, 36.167984999799998 ], [ -115.2699309, 36.167984999799998 ], [ -115.2699309, 36.167982299800002 ], [ -115.2699471, 36.167982299800002 ], [ -115.2699471, 36.167979599799999 ], [ -115.2699444, 36.167979599799999 ], [ -115.2699444, 36.167976899800003 ], [ -115.2699471, 36.167976899800003 ], [ -115.2699471, 36.167971499800004 ], [ -115.2699498, 36.167971499800004 ], [ -115.2699498, 36.167963399800001 ], [ -115.2699471, 36.167963399800001 ], [ -115.2699471, 36.167960699799998 ], [ -115.2699498, 36.167960699799998 ], [ -115.2699498, 36.167893199799998 ], [ -115.2699525, 36.167893199799998 ], [ -115.2699525, 36.167866199800002 ], [ -115.2699552, 36.167866199800002 ], [ -115.2699552, 36.167863499799999 ], [ -115.2699606, 36.167863499799999 ], [ -115.2699606, 36.167860799800003 ], [ -115.2699849, 36.167860799800003 ], [ -115.2699849, 36.1678580998 ], [ -115.2700173, 36.1678580998 ], [ -115.2700173, 36.167863499799999 ], [ -115.27002, 36.167863499799999 ], [ -115.27002, 36.1679066998 ], [ -115.2700227, 36.1679066998 ], [ -115.2700227, 36.167909399800003 ], [ -115.2700389, 36.167909399800003 ], [ -115.2700389, 36.167912099799999 ], [ -115.2700443, 36.167912099799999 ], [ -115.2700443, 36.167922899800004 ], [ -115.270047, 36.167922899800004 ], [ -115.270047, 36.167936399799999 ], [ -115.2700443, 36.167936399799999 ], [ -115.2700443, 36.167941799799998 ], [ -115.270047, 36.167941799799998 ], [ -115.270047, 36.167944499800001 ], [ -115.2700443, 36.167944499800001 ], [ -115.2700443, 36.167957999800002 ], [ -115.270047, 36.167957999800002 ], [ -115.270047, 36.1679741998 ], [ -115.2700497, 36.1679741998 ], [ -115.2700497, 36.167979599799999 ], [ -115.2700551, 36.167979599799999 ], [ -115.2700551, 36.167976899800003 ], [ -115.2700578, 36.167976899800003 ], [ -115.2700578, 36.1679741998 ], [ -115.2700605, 36.1679741998 ], [ -115.2700605, 36.167971499800004 ], [ -115.2700632, 36.167971499800004 ], [ -115.2700632, 36.167968799800001 ], [ -115.2700659, 36.167968799800001 ], [ -115.2700659, 36.167947199800004 ], [ -115.2700632, 36.167947199800004 ], [ -115.2700632, 36.167944499800001 ], [ -115.2700659, 36.167944499800001 ], [ -115.2700659, 36.167939099800002 ], [ -115.2700686, 36.167939099800002 ], [ -115.2700686, 36.167917499799998 ], [ -115.2700659, 36.167917499799998 ], [ -115.2700659, 36.1678580998 ], [ -115.2700686, 36.1678580998 ], [ -115.2700686, 36.167855399800004 ], [ -115.2700767, 36.167855399800004 ], [ -115.2700767, 36.167852699800001 ], [ -115.2701145, 36.167852699800001 ], [ -115.2701145, 36.167849999799998 ], [ -115.270155, 36.167849999799998 ], [ -115.270155, 36.167852699800001 ], [ -115.2701577, 36.167852699800001 ], [ -115.2701577, 36.1678580998 ], [ -115.2701604, 36.1678580998 ], [ -115.2701604, 36.167895899800001 ], [ -115.2701631, 36.167895899800001 ], [ -115.2701631, 36.1679066998 ], [ -115.2701604, 36.1679066998 ], [ -115.2701604, 36.167944499800001 ], [ -115.2701631, 36.167944499800001 ], [ -115.2701631, 36.1679930998 ], [ -115.2701658, 36.1679930998 ], [ -115.2701658, 36.168044399800003 ], [ -115.2701631, 36.168044399800003 ], [ -115.2701631, 36.168047099799999 ], [ -115.2701604, 36.168047099799999 ], [ -115.2701604, 36.168049799800002 ] ] ] } },
{ "type": "Feature", "properties": { "value": 255.0 }, "geometry": { "type": "Polygon", "coordinates": [ [ [ -115.2704817, 36.168036299800001 ], [ -115.270452, 36.168036299800001 ], [ -115.270452, 36.168033599800005 ], [ -115.2704493, 36.168033599800005 ], [ -115.2704493, 36.168030899800002 ], [ -115.2704466, 36.168030899800002 ], [ -115.2704466, 36.168014699800004 ], [ -115.270443899999989, 36.168014699800004 ], [ -115.270443899999989, 36.167990399800004 ], [ -115.2704412, 36.167990399800004 ], [ -115.2704412, 36.167920199800001 ], [ -115.2704385, 36.167920199800001 ], [ -115.2704385, 36.1678580998 ], [ -115.2704412, 36.1678580998 ], [ -115.2704412, 36.167855399800004 ], [ -115.2704574, 36.167855399800004 ], [ -115.2704574, 36.1678580998 ], [ -115.2704601, 36.1678580998 ], [ -115.2704601, 36.167855399800004 ], [ -115.2704628, 36.167855399800004 ], [ -115.2704628, 36.1678580998 ], [ -115.2704898, 36.1678580998 ], [ -115.2704898, 36.167860799800003 ], [ -115.270506, 36.167860799800003 ], [ -115.270506, 36.167863499799999 ], [ -115.2705114, 36.167863499799999 ], [ -115.2705114, 36.167866199800002 ], [ -115.2705141, 36.167866199800002 ], [ -115.2705141, 36.167871599800002 ], [ -115.2705168, 36.167871599800002 ], [ -115.2705168, 36.167876999800001 ], [ -115.2705141, 36.167876999800001 ], [ -115.2705141, 36.1679066998 ], [ -115.2705195, 36.1679066998 ], [ -115.2705195, 36.167909399800003 ], [ -115.2705249, 36.167909399800003 ], [ -115.2705249, 36.167914799800002 ], [ -115.2705276, 36.167914799800002 ], [ -115.2705276, 36.1679255998 ], [ -115.2705303, 36.1679255998 ], [ -115.2705303, 36.167928299800003 ], [ -115.270533, 36.167928299800003 ], [ -115.270533, 36.167936399799999 ], [ -115.2705357, 36.167936399799999 ], [ -115.2705357, 36.167955299799999 ], [ -115.270533, 36.167955299799999 ], [ -115.270533, 36.167968799800001 ], [ -115.2705357, 36.167968799800001 ], [ -115.2705357, 36.1679930998 ], [ -115.2705384, 36.1679930998 ], [ -115.2705384, 36.168030899800002 ], [ -115.2705357, 36.168030899800002 ], [ -115.2705357, 36.168033599800005 ], [ -115.2704817, 36.168033599800005 ], [ -115.2704817, 36.168036299800001 ] ] ] } },
{ "type": "Feature", "properties": { "value": 255.0 }, "geometry": { "type": "Polygon", "coordinates": [ [ [ -115.2706491, 36.1680416998 ], [ -115.2705654, 36.1680416998 ], [ -115.2705654, 36.168038999800004 ], [ -115.2705627, 36.168038999800004 ], [ -115.2705627, 36.167982299800002 ], [ -115.27056, 36.167982299800002 ], [ -115.27056, 36.167903999800004 ], [ -115.2705573, 36.167903999800004 ], [ -115.2705573, 36.167874299799998 ], [ -115.27056, 36.167874299799998 ], [ -115.27056, 36.167855399800004 ], [ -115.2705627, 36.167855399800004 ], [ -115.2705627, 36.167841899800003 ], [ -115.2705654, 36.167841899800003 ], [ -115.2705654, 36.1678391998 ], [ -115.2705681, 36.1678391998 ], [ -115.2705681, 36.167836499800003 ], [ -115.2705708, 36.167836499800003 ], [ -115.2705708, 36.1678337998 ], [ -115.2706167, 36.1678337998 ], [ -115.2706167, 36.167831099800004 ], [ -115.2706356, 36.167831099800004 ], [ -115.2706356, 36.1678337998 ], [ -115.270641, 36.1678337998 ], [ -115.270641, 36.167836499800003 ], [ -115.2706437, 36.167836499800003 ], [ -115.2706437, 36.1678391998 ], [ -115.2706464, 36.1678391998 ], [ -115.2706464, 36.167844599799999 ], [ -115.2706491, 36.167844599799999 ], [ -115.2706491, 36.1678580998 ], [ -115.2706518, 36.1678580998 ], [ -115.2706518, 36.167947199800004 ], [ -115.2706545, 36.167947199800004 ], [ -115.2706545, 36.167966099800005 ], [ -115.270657199999988, 36.167966099800005 ], [ -115.270657199999988, 36.167987699800001 ], [ -115.2706545, 36.167987699800001 ], [ -115.2706545, 36.167990399800004 ], [ -115.270657199999988, 36.167990399800004 ], [ -115.270657199999988, 36.167998499799999 ], [ -115.2706545, 36.167998499799999 ], [ -115.2706545, 36.168036299800001 ], [ -115.2706518, 36.168036299800001 ], [ -115.2706518, 36.168038999800004 ], [ -115.2706491, 36.168038999800004 ], [ -115.2706491, 36.1680416998 ] ] ] } },
{ "type": "Feature", "properties": { "value": 255.0 }, "geometry": { "type": "Polygon", "coordinates": [ [ [ -115.2704115, 36.168047099799999 ], [ -115.2704061, 36.168047099799999 ], [ -115.2704061, 36.168044399800003 ], [ -115.2703251, 36.168044399800003 ], [ -115.2703251, 36.168033599800005 ], [ -115.2703224, 36.168033599800005 ], [ -115.2703224, 36.167979599799999 ], [ -115.2703197, 36.167979599799999 ], [ -115.2703197, 36.167971499800004 ], [ -115.270317, 36.167971499800004 ], [ -115.270317, 36.167966099800005 ], [ -115.2703197, 36.167966099800005 ], [ -115.2703197, 36.167928299800003 ], [ -115.270317, 36.167928299800003 ], [ -115.270317, 36.167868899799998 ], [ -115.2703143, 36.167868899799998 ], [ -115.2703143, 36.167855399800004 ], [ -115.270317, 36.167855399800004 ], [ -115.270317, 36.167849999799998 ], [ -115.2703197, 36.167849999799998 ], [ -115.2703197, 36.167847299800002 ], [ -115.2704088, 36.167847299800002 ], [ -115.2704088, 36.167849999799998 ], [ -115.2704115, 36.167849999799998 ], [ -115.2704115, 36.167860799800003 ], [ -115.2704142, 36.167860799800003 ], [ -115.2704142, 36.167928299800003 ], [ -115.2704169, 36.167928299800003 ], [ -115.2704169, 36.167963399800001 ], [ -115.2704196, 36.167963399800001 ], [ -115.2704196, 36.167979599799999 ], [ -115.2704169, 36.167979599799999 ], [ -115.2704169, 36.1680416998 ], [ -115.2704142, 36.1680416998 ], [ -115.2704142, 36.168044399800003 ], [ -115.2704115, 36.168044399800003 ], [ -115.2704115, 36.168047099799999 ] ] ] } },
{ "type": "Feature", "properties": { "value": 255.0 }, "geometry": { "type": "Polygon", "coordinates": [ [ [ -115.2692883, 36.167998499799999 ], [ -115.2692802, 36.167998499799999 ], [ -115.2692802, 36.167995799800003 ], [ -115.2692586, 36.167995799800003 ], [ -115.2692586, 36.167998499799999 ], [ -115.2692559, 36.167998499799999 ], [ -115.2692559, 36.167995799800003 ], [ -115.26922350000001, 36.167995799800003 ], [ -115.26922350000001, 36.1679930998 ], [ -115.2692154, 36.1679930998 ], [ -115.2692154, 36.167990399800004 ], [ -115.26921, 36.167990399800004 ], [ -115.26921, 36.167982299800002 ], [ -115.2692073, 36.167982299800002 ], [ -115.2692073, 36.167979599799999 ], [ -115.26921, 36.167979599799999 ], [ -115.26921, 36.1679741998 ], [ -115.2692073, 36.1679741998 ], [ -115.2692073, 36.167971499800004 ], [ -115.26921, 36.167971499800004 ], [ -115.26921, 36.167957999800002 ], [ -115.2692127, 36.167957999800002 ], [ -115.2692127, 36.1679498998 ], [ -115.26921, 36.1679498998 ], [ -115.26921, 36.167928299800003 ], [ -115.2692127, 36.167928299800003 ], [ -115.2692127, 36.1679255998 ], [ -115.2692154, 36.1679255998 ], [ -115.2692154, 36.167922899800004 ], [ -115.2692748, 36.167922899800004 ], [ -115.2692748, 36.1679255998 ], [ -115.2693018, 36.1679255998 ], [ -115.2693018, 36.167922899800004 ], [ -115.2693342, 36.167922899800004 ], [ -115.2693342, 36.167920199800001 ], [ -115.269345, 36.167920199800001 ], [ -115.269345, 36.167917499799998 ], [ -115.2693558, 36.167917499799998 ], [ -115.2693558, 36.167914799800002 ], [ -115.2693693, 36.167914799800002 ], [ -115.2693693, 36.167912099799999 ], [ -115.2693855, 36.167912099799999 ], [ -115.2693855, 36.167909399800003 ], [ -115.2693909, 36.167909399800003 ], [ -115.2693909, 36.167903999800004 ], [ -115.2693963, 36.167903999800004 ], [ -115.2693963, 36.167898599800004 ], [ -115.2693855, 36.167898599800004 ], [ -115.2693855, 36.167895899800001 ], [ -115.2693126, 36.167895899800001 ], [ -115.2693126, 36.167898599800004 ], [ -115.2692856, 36.167898599800004 ], [ -115.2692856, 36.1679012998 ], [ -115.2692802, 36.1679012998 ], [ -115.2692802, 36.167898599800004 ], [ -115.2692397, 36.167898599800004 ], [ -115.2692397, 36.167895899800001 ], [ -115.2691884, 36.167895899800001 ], [ -115.2691884, 36.167893199799998 ], [ -115.2691857, 36.167893199799998 ], [ -115.2691857, 36.167887799799999 ], [ -115.269183, 36.167887799799999 ], [ -115.269183, 36.167871599800002 ], [ -115.2691803, 36.167871599800002 ], [ -115.2691803, 36.167866199800002 ], [ -115.2691776, 36.167866199800002 ], [ -115.2691776, 36.167863499799999 ], [ -115.26917490000001, 36.167863499799999 ], [ -115.26917490000001, 36.167860799800003 ], [ -115.2691668, 36.167860799800003 ], [ -115.2691668, 36.167863499799999 ], [ -115.2691641, 36.167863499799999 ], [ -115.2691641, 36.167866199800002 ], [ -115.2691587, 36.167866199800002 ], [ -115.2691587, 36.167863499799999 ], [ -115.2691479, 36.167863499799999 ], [ -115.2691479, 36.167860799800003 ], [ -115.269145200000011, 36.167860799800003 ], [ -115.269145200000011, 36.167852699800001 ], [ -115.2691479, 36.167852699800001 ], [ -115.2691479, 36.167847299800002 ], [ -115.2691587, 36.167847299800002 ], [ -115.2691587, 36.167841899800003 ], [ -115.2691614, 36.167841899800003 ], [ -115.2691614, 36.1678391998 ], [ -115.2691641, 36.1678391998 ], [ -115.2691641, 36.167841899800003 ], [ -115.2691668, 36.167841899800003 ], [ -115.2691668, 36.167847299800002 ], [ -115.2691695, 36.167847299800002 ], [ -115.2691695, 36.167852699800001 ], [ -115.26917490000001, 36.167852699800001 ], [ -115.26917490000001, 36.1678391998 ], [ -115.2691776, 36.1678391998 ], [ -115.2691776, 36.167836499800003 ], [ -115.2691803, 36.167836499800003 ], [ -115.2691803, 36.167825699799998 ], [ -115.269183, 36.167825699799998 ], [ -115.269183, 36.167822999800002 ], [ -115.2691857, 36.167822999800002 ], [ -115.2691857, 36.167820299799999 ], [ -115.2692316, 36.167820299799999 ], [ -115.2692316, 36.167822999800002 ], [ -115.2692532, 36.167822999800002 ], [ -115.2692532, 36.167825699799998 ], [ -115.2692991, 36.167825699799998 ], [ -115.2692991, 36.167822999800002 ], [ -115.2693153, 36.167822999800002 ], [ -115.2693153, 36.167820299799999 ], [ -115.2693342, 36.167820299799999 ], [ -115.2693342, 36.167817599800003 ], [ -115.2693612, 36.167817599800003 ], [ -115.2693612, 36.1678148998 ], [ -115.2694233, 36.1678148998 ], [ -115.2694233, 36.167817599800003 ], [ -115.2694287, 36.167817599800003 ], [ -115.2694287, 36.167820299799999 ], [ -115.2694314, 36.167820299799999 ], [ -115.2694314, 36.167836499800003 ], [ -115.2694341, 36.167836499800003 ], [ -115.2694341, 36.1678823998 ], [ -115.2694314, 36.1678823998 ], [ -115.2694314, 36.167890499800002 ], [ -115.2694287, 36.167890499800002 ], [ -115.2694287, 36.167895899800001 ], [ -115.269426, 36.167895899800001 ], [ -115.269426, 36.167898599800004 ], [ -115.2694233, 36.167898599800004 ], [ -115.2694233, 36.1679012998 ], [ -115.269399, 36.1679012998 ], [ -115.269399, 36.167903999800004 ], [ -115.2694071, 36.167903999800004 ], [ -115.2694071, 36.1679066998 ], [ -115.2694125, 36.1679066998 ], [ -115.2694125, 36.167909399800003 ], [ -115.2694152, 36.167909399800003 ], [ -115.2694152, 36.167912099799999 ], [ -115.2694179, 36.167912099799999 ], [ -115.2694179, 36.167914799800002 ], [ -115.2694206, 36.167914799800002 ], [ -115.2694206, 36.167917499799998 ], [ -115.269426, 36.167917499799998 ], [ -115.269426, 36.1679255998 ], [ -115.2694233, 36.1679255998 ], [ -115.2694233, 36.167928299800003 ], [ -115.269426, 36.167928299800003 ], [ -115.269426, 36.167966099800005 ], [ -115.2694233, 36.167966099800005 ], [ -115.2694233, 36.167968799800001 ], [ -115.2694206, 36.167968799800001 ], [ -115.2694206, 36.167971499800004 ], [ -115.2694179, 36.167971499800004 ], [ -115.2694179, 36.1679741998 ], [ -115.2693666, 36.1679741998 ], [ -115.2693666, 36.167976899800003 ], [ -115.2693612, 36.167976899800003 ], [ -115.2693612, 36.167984999799998 ], [ -115.26935850000001, 36.167984999799998 ], [ -115.26935850000001, 36.167990399800004 ], [ -115.2693423, 36.167990399800004 ], [ -115.2693423, 36.1679930998 ], [ -115.2693072, 36.1679930998 ], [ -115.2693072, 36.167995799800003 ], [ -115.2692883, 36.167995799800003 ], [ -115.2692883, 36.167998499799999 ] ] ] } },
{ "type": "Feature", "properties": { "value": 255.0 }, "geometry": { "type": "Polygon", "coordinates": [ [ [ -115.2692829, 36.167806799799997 ], [ -115.2692478, 36.167806799799997 ], [ -115.2692478, 36.167804099800001 ], [ -115.2692451, 36.167804099800001 ], [ -115.2692451, 36.167801399799998 ], [ -115.26924240000001, 36.167801399799998 ], [ -115.26924240000001, 36.167798699800002 ], [ -115.2692397, 36.167798699800002 ], [ -115.2692397, 36.167795999799999 ], [ -115.269237, 36.167795999799999 ], [ -115.269237, 36.167793299800003 ], [ -115.2692343, 36.167793299800003 ], [ -115.2692343, 36.1677905998 ], [ -115.2692316, 36.1677905998 ], [ -115.2692316, 36.167787899800004 ], [ -115.2692289, 36.167787899800004 ], [ -115.2692289, 36.167782499799998 ], [ -115.2692262, 36.167782499799998 ], [ -115.2692262, 36.167760899800001 ], [ -115.26922350000001, 36.167760899800001 ], [ -115.26922350000001, 36.167736599800001 ], [ -115.2692289, 36.167736599800001 ], [ -115.2692289, 36.167733899799998 ], [ -115.2693423, 36.167733899799998 ], [ -115.2693423, 36.167731199800002 ], [ -115.269372, 36.167731199800002 ], [ -115.269372, 36.167728499799999 ], [ -115.2693936, 36.167728499799999 ], [ -115.2693936, 36.167725799800003 ], [ -115.2694179, 36.167725799800003 ], [ -115.2694179, 36.167728499799999 ], [ -115.2694206, 36.167728499799999 ], [ -115.2694206, 36.167731199800002 ], [ -115.2694233, 36.167731199800002 ], [ -115.2694233, 36.167739299799997 ], [ -115.2694206, 36.167739299799997 ], [ -115.2694206, 36.1677473998 ], [ -115.2694233, 36.1677473998 ], [ -115.2694233, 36.167777099799999 ], [ -115.2694206, 36.167777099799999 ], [ -115.2694206, 36.167779799800002 ], [ -115.2694179, 36.167779799800002 ], [ -115.2694179, 36.167782499799998 ], [ -115.2693801, 36.167782499799998 ], [ -115.2693801, 36.167785199800001 ], [ -115.269372, 36.167785199800001 ], [ -115.269372, 36.167787899800004 ], [ -115.2693477, 36.167787899800004 ], [ -115.2693477, 36.1677905998 ], [ -115.2693315, 36.1677905998 ], [ -115.2693315, 36.167793299800003 ], [ -115.2693207, 36.167793299800003 ], [ -115.2693207, 36.167795999799999 ], [ -115.2693126, 36.167795999799999 ], [ -115.2693126, 36.167798699800002 ], [ -115.2693045, 36.167798699800002 ], [ -115.2693045, 36.167801399799998 ], [ -115.2692991, 36.167801399799998 ], [ -115.2692991, 36.167804099800001 ], [ -115.2692829, 36.167804099800001 ], [ -115.2692829, 36.167806799799997 ] ] ] } },
{ "type": "Feature", "properties": { "value": 255.0 }, "geometry": { "type": "Polygon", "coordinates": [ [ [ -115.2692775, 36.167712299800002 ], [ -115.2692262, 36.167712299800002 ], [ -115.2692262, 36.167709599799998 ], [ -115.26922350000001, 36.167709599799998 ], [ -115.26922350000001, 36.167704199799999 ], [ -115.2692208, 36.167704199799999 ], [ -115.2692208, 36.167677199800004 ], [ -115.2692181, 36.167677199800004 ], [ -115.2692181, 36.167633999800003 ], [ -115.2692208, 36.167633999800003 ], [ -115.2692208, 36.1676312998 ], [ -115.2693558, 36.1676312998 ], [ -115.2693558, 36.167633999800003 ], [ -115.2693693, 36.167633999800003 ], [ -115.2693693, 36.167636699799999 ], [ -115.2693801, 36.167636699799999 ], [ -115.2693801, 36.167639399800002 ], [ -115.269399, 36.167639399800002 ], [ -115.269399, 36.167642099799998 ], [ -115.269426, 36.167642099799998 ], [ -115.269426, 36.167650199800001 ], [ -115.2694287, 36.167650199800001 ], [ -115.2694287, 36.167652899800004 ], [ -115.269426, 36.167652899800004 ], [ -115.269426, 36.167701499800003 ], [ -115.2694206, 36.167701499800003 ], [ -115.2694206, 36.167704199799999 ], [ -115.2693909, 36.167704199799999 ], [ -115.2693909, 36.167706899800002 ], [ -115.2693855, 36.167706899800002 ], [ -115.2693855, 36.167709599799998 ], [ -115.2693072, 36.167709599799998 ], [ -115.2693072, 36.167706899800002 ], [ -115.2692964, 36.167706899800002 ], [ -115.2692964, 36.167709599799998 ], [ -115.2692775, 36.167709599799998 ], [ -115.2692775, 36.167712299800002 ] ] ] } },
{ "type": "Feature", "properties": { "value": 255.0 }, "geometry": { "type": "Polygon", "coordinates": [ [ [ -115.2692829, 36.167598899799998 ], [ -115.2692802, 36.167598899799998 ], [ -115.2692802, 36.167596199800002 ], [ -115.2692478, 36.167596199800002 ], [ -115.2692478, 36.167593499799999 ], [ -115.2691884, 36.167593499799999 ], [ -115.2691884, 36.167590799800003 ], [ -115.2691857, 36.167590799800003 ], [ -115.2691857, 36.1675205998 ], [ -115.2691884, 36.1675205998 ], [ -115.2691884, 36.167517899800004 ], [ -115.2692154, 36.167517899800004 ], [ -115.2692154, 36.1675205998 ], [ -115.2692478, 36.1675205998 ], [ -115.2692478, 36.167523299800003 ], [ -115.2693018, 36.167523299800003 ], [ -115.2693018, 36.167525999799999 ], [ -115.2693099, 36.167525999799999 ], [ -115.2693099, 36.167523299800003 ], [ -115.2693504, 36.167523299800003 ], [ -115.2693504, 36.167525999799999 ], [ -115.2693801, 36.167525999799999 ], [ -115.2693801, 36.167523299800003 ], [ -115.269426, 36.167523299800003 ], [ -115.269426, 36.167525999799999 ], [ -115.2694341, 36.167525999799999 ], [ -115.2694341, 36.167531399799998 ], [ -115.2694368, 36.167531399799998 ], [ -115.2694368, 36.167547599800002 ], [ -115.2694341, 36.167547599800002 ], [ -115.2694341, 36.167590799800003 ], [ -115.2694314, 36.167590799800003 ], [ -115.2694314, 36.167593499799999 ], [ -115.2693234, 36.167593499799999 ], [ -115.2693234, 36.167596199800002 ], [ -115.2692829, 36.167596199800002 ], [ -115.2692829, 36.167598899799998 ] ] ] } },
{ "type": "Feature", "properties": { "value": 255.0 }, "geometry": { "type": "Polygon", "coordinates": [ [ [ -115.2700281, 36.167617799799999 ], [ -115.269966, 36.167617799799999 ], [ -115.269966, 36.167615099800003 ], [ -115.2699633, 36.167615099800003 ], [ -115.2699633, 36.167528699800002 ], [ -115.2699606, 36.167528699800002 ], [ -115.2699606, 36.167463899799998 ], [ -115.2700038, 36.167463899799998 ], [ -115.2700038, 36.167461199800002 ], [ -115.2700281, 36.167461199800002 ], [ -115.2700281, 36.167463899799998 ], [ -115.2700551, 36.167463899799998 ], [ -115.2700551, 36.167466599800001 ], [ -115.2700578, 36.167466599800001 ], [ -115.2700578, 36.167469299799997 ], [ -115.2700605, 36.167469299799997 ], [ -115.2700605, 36.167477399799999 ], [ -115.2700578, 36.167477399799999 ], [ -115.2700578, 36.167493599800004 ], [ -115.2700605, 36.167493599800004 ], [ -115.2700605, 36.167498999800003 ], [ -115.2700578, 36.167498999800003 ], [ -115.2700578, 36.167536799799997 ], [ -115.2700551, 36.167536799799997 ], [ -115.2700551, 36.167544899799999 ], [ -115.2700524, 36.167544899799999 ], [ -115.2700524, 36.167547599800002 ], [ -115.2700443, 36.167547599800002 ], [ -115.2700443, 36.167550299799998 ], [ -115.2700416, 36.167550299799998 ], [ -115.2700416, 36.167566499800003 ], [ -115.2700443, 36.167566499800003 ], [ -115.2700443, 36.167577299800001 ], [ -115.2700524, 36.167577299800001 ], [ -115.2700524, 36.167579999799997 ], [ -115.2700551, 36.167579999799997 ], [ -115.2700551, 36.1675880998 ], [ -115.2700578, 36.1675880998 ], [ -115.2700578, 36.167593499799999 ], [ -115.2700551, 36.167593499799999 ], [ -115.2700551, 36.167615099800003 ], [ -115.2700281, 36.167615099800003 ], [ -115.2700281, 36.167617799799999 ] ] ] } },
{ "type": "Feature", "properties": { "value": 255.0 }, "geometry": { "type": "Polygon", "coordinates": [ [ [ -115.2697743, 36.167615099800003 ], [ -115.2697095, 36.167615099800003 ], [ -115.2697095, 36.167609699800003 ], [ -115.2697068, 36.167609699800003 ], [ -115.2697068, 36.167550299799998 ], [ -115.2697095, 36.167550299799998 ], [ -115.2697095, 36.167547599800002 ], [ -115.2697122, 36.167547599800002 ], [ -115.2697122, 36.1675394998 ], [ -115.2697095, 36.1675394998 ], [ -115.2697095, 36.167509799800001 ], [ -115.2697122, 36.167509799800001 ], [ -115.2697122, 36.167504399800002 ], [ -115.2697095, 36.167504399800002 ], [ -115.2697095, 36.167493599800004 ], [ -115.2697041, 36.167493599800004 ], [ -115.2697041, 36.167490899800001 ], [ -115.2696933, 36.167490899800001 ], [ -115.2696933, 36.167493599800004 ], [ -115.2696744, 36.167493599800004 ], [ -115.2696744, 36.167490899800001 ], [ -115.2696717, 36.167490899800001 ], [ -115.2696717, 36.167477399799999 ], [ -115.269669, 36.167477399799999 ], [ -115.269669, 36.1674719998 ], [ -115.2696717, 36.1674719998 ], [ -115.2696717, 36.167458499799999 ], [ -115.2696744, 36.167458499799999 ], [ -115.2696744, 36.167453099799999 ], [ -115.2696852, 36.167453099799999 ], [ -115.2696852, 36.167450399800003 ], [ -115.2697041, 36.167450399800003 ], [ -115.2697041, 36.1674476998 ], [ -115.2697257, 36.1674476998 ], [ -115.2697257, 36.167444999799997 ], [ -115.2697959, 36.167444999799997 ], [ -115.2697959, 36.1674476998 ], [ -115.2697986, 36.1674476998 ], [ -115.2697986, 36.167450399800003 ], [ -115.2698013, 36.167450399800003 ], [ -115.2698013, 36.167501699799999 ], [ -115.2697986, 36.167501699799999 ], [ -115.2697986, 36.167507099799998 ], [ -115.2698013, 36.167507099799998 ], [ -115.2698013, 36.167509799800001 ], [ -115.2697986, 36.167509799800001 ], [ -115.2697986, 36.1675205998 ], [ -115.2697959, 36.1675205998 ], [ -115.2697959, 36.167528699800002 ], [ -115.2697932, 36.167528699800002 ], [ -115.2697932, 36.167534099800001 ], [ -115.2697959, 36.167534099800001 ], [ -115.2697959, 36.167561099800004 ], [ -115.2697932, 36.167561099800004 ], [ -115.2697932, 36.1675637998 ], [ -115.2697905, 36.1675637998 ], [ -115.2697905, 36.167566499800003 ], [ -115.2697878, 36.167566499800003 ], [ -115.2697878, 36.167577299800001 ], [ -115.2697851, 36.167577299800001 ], [ -115.2697851, 36.167609699800003 ], [ -115.2697824, 36.167609699800003 ], [ -115.2697824, 36.167612399799999 ], [ -115.2697743, 36.167612399799999 ], [ -115.2697743, 36.167615099800003 ] ] ] } },
{ "type": "Feature", "properties": { "value": 255.0 }, "geometry": { "type": "Polygon", "coordinates": [ [ [ -115.270479, 36.167612399799999 ], [ -115.2704547, 36.167612399799999 ], [ -115.2704547, 36.167609699800003 ], [ -115.270452, 36.167609699800003 ], [ -115.270452, 36.167571899800002 ], [ -115.2704493, 36.167571899800002 ], [ -115.2704493, 36.167569199799999 ], [ -115.270452, 36.167569199799999 ], [ -115.270452, 36.167461199800002 ], [ -115.2704709, 36.167461199800002 ], [ -115.2704709, 36.167458499799999 ], [ -115.2704763, 36.167458499799999 ], [ -115.2704763, 36.167461199800002 ], [ -115.270506, 36.167461199800002 ], [ -115.270506, 36.167463899799998 ], [ -115.2705303, 36.167463899799998 ], [ -115.2705303, 36.167466599800001 ], [ -115.270533, 36.167466599800001 ], [ -115.270533, 36.167463899799998 ], [ -115.270541099999988, 36.167463899799998 ], [ -115.270541099999988, 36.167466599800001 ], [ -115.2705465, 36.167466599800001 ], [ -115.2705465, 36.167493599800004 ], [ -115.2705438, 36.167493599800004 ], [ -115.2705438, 36.167501699799999 ], [ -115.2705465, 36.167501699799999 ], [ -115.2705465, 36.1675205998 ], [ -115.2705492, 36.1675205998 ], [ -115.2705492, 36.167525999799999 ], [ -115.2705465, 36.167525999799999 ], [ -115.2705465, 36.167542199800003 ], [ -115.2705438, 36.167542199800003 ], [ -115.2705438, 36.167544899799999 ], [ -115.270541099999988, 36.167544899799999 ], [ -115.270541099999988, 36.167547599800002 ], [ -115.2705384, 36.167547599800002 ], [ -115.2705384, 36.167550299799998 ], [ -115.2705357, 36.167550299799998 ], [ -115.2705357, 36.167569199799999 ], [ -115.2705384, 36.167569199799999 ], [ -115.2705384, 36.167571899800002 ], [ -115.2705438, 36.167571899800002 ], [ -115.2705438, 36.167577299800001 ], [ -115.2705465, 36.167577299800001 ], [ -115.2705465, 36.167609699800003 ], [ -115.270479, 36.167609699800003 ], [ -115.270479, 36.167612399799999 ] ] ] } },
{ "type": "Feature", "properties": { "value": 255.0 }, "geometry": { "type": "Polygon", "coordinates": [ [ [ -115.2698715, 36.167625899800001 ], [ -115.2698472, 36.167625899800001 ], [ -115.2698472, 36.167623199799998 ], [ -115.2698283, 36.167623199799998 ], [ -115.2698283, 36.167620499800002 ], [ -115.2698256, 36.167620499800002 ], [ -115.2698256, 36.167609699800003 ], [ -115.2698229, 36.167609699800003 ], [ -115.2698229, 36.167574599799998 ], [ -115.2698202, 36.167574599799998 ], [ -115.2698202, 36.1674962998 ], [ -115.2698229, 36.1674962998 ], [ -115.2698229, 36.1674719998 ], [ -115.2698202, 36.1674719998 ], [ -115.2698202, 36.1674287998 ], [ -115.2698229, 36.1674287998 ], [ -115.2698229, 36.167426099800004 ], [ -115.2698256, 36.167426099800004 ], [ -115.2698256, 36.167423399800001 ], [ -115.2699147, 36.167423399800001 ], [ -115.2699147, 36.167431499800003 ], [ -115.2699174, 36.167431499800003 ], [ -115.2699174, 36.167485499800001 ], [ -115.2699201, 36.167485499800001 ], [ -115.2699201, 36.167507099799998 ], [ -115.2699174, 36.167507099799998 ], [ -115.2699174, 36.1675205998 ], [ -115.2699201, 36.1675205998 ], [ -115.2699201, 36.167571899800002 ], [ -115.2699228, 36.167571899800002 ], [ -115.2699228, 36.167617799799999 ], [ -115.2699201, 36.167617799799999 ], [ -115.2699201, 36.167620499800002 ], [ -115.269912, 36.167620499800002 ], [ -115.269912, 36.167623199799998 ], [ -115.2698715, 36.167623199799998 ], [ -115.2698715, 36.167625899800001 ] ] ] } },
{ "type": "Feature", "properties": { "value": 255.0 }, "geometry": { "type": "Polygon", "coordinates": [ [ [ -115.2704061, 36.167623199799998 ], [ -115.2703953, 36.167623199799998 ], [ -115.2703953, 36.167620499800002 ], [ -115.2703899, 36.167620499800002 ], [ -115.2703899, 36.167623199799998 ], [ -115.2703656, 36.167623199799998 ], [ -115.2703656, 36.167620499800002 ], [ -115.2703548, 36.167620499800002 ], [ -115.2703548, 36.167617799799999 ], [ -115.2703521, 36.167617799799999 ], [ -115.2703521, 36.167612399799999 ], [ -115.2703494, 36.167612399799999 ], [ -115.2703494, 36.167609699800003 ], [ -115.2703467, 36.167609699800003 ], [ -115.2703467, 36.167598899799998 ], [ -115.2703386, 36.167598899799998 ], [ -115.2703386, 36.167596199800002 ], [ -115.2703359, 36.167596199800002 ], [ -115.2703359, 36.167593499799999 ], [ -115.2703305, 36.167593499799999 ], [ -115.2703305, 36.1675880998 ], [ -115.2703278, 36.1675880998 ], [ -115.2703278, 36.167582699800001 ], [ -115.2703116, 36.167582699800001 ], [ -115.2703116, 36.167579999799997 ], [ -115.2703089, 36.167579999799997 ], [ -115.2703089, 36.167577299800001 ], [ -115.2703062, 36.167577299800001 ], [ -115.2703062, 36.167547599800002 ], [ -115.2703089, 36.167547599800002 ], [ -115.2703089, 36.167542199800003 ], [ -115.2703143, 36.167542199800003 ], [ -115.2703143, 36.1675394998 ], [ -115.2703197, 36.1675394998 ], [ -115.2703197, 36.167536799799997 ], [ -115.2703116, 36.167536799799997 ], [ -115.2703116, 36.167534099800001 ], [ -115.2703062, 36.167534099800001 ], [ -115.2703062, 36.167528699800002 ], [ -115.2702954, 36.167528699800002 ], [ -115.2702954, 36.167534099800001 ], [ -115.2702927, 36.167534099800001 ], [ -115.2702927, 36.1675394998 ], [ -115.27029, 36.1675394998 ], [ -115.27029, 36.167558399800001 ], [ -115.2702873, 36.167558399800001 ], [ -115.2702873, 36.167561099800004 ], [ -115.2702846, 36.167561099800004 ], [ -115.2702846, 36.1675637998 ], [ -115.2702792, 36.1675637998 ], [ -115.2702792, 36.167566499800003 ], [ -115.2702765, 36.167566499800003 ], [ -115.2702765, 36.167574599799998 ], [ -115.2702738, 36.167574599799998 ], [ -115.2702738, 36.167609699800003 ], [ -115.2702711, 36.167609699800003 ], [ -115.2702711, 36.167612399799999 ], [ -115.2702549, 36.167612399799999 ], [ -115.2702549, 36.167615099800003 ], [ -115.2702495, 36.167615099800003 ], [ -115.2702495, 36.167612399799999 ], [ -115.270209, 36.167612399799999 ], [ -115.270209, 36.167615099800003 ], [ -115.2702036, 36.167615099800003 ], [ -115.2702036, 36.167612399799999 ], [ -115.2702009, 36.167612399799999 ], [ -115.2702009, 36.167609699800003 ], [ -115.2701982, 36.167609699800003 ], [ -115.2701982, 36.167561099800004 ], [ -115.2701955, 36.167561099800004 ], [ -115.2701955, 36.167555699799998 ], [ -115.2701982, 36.167555699799998 ], [ -115.2701982, 36.167536799799997 ], [ -115.2702009, 36.167536799799997 ], [ -115.2702009, 36.167528699800002 ], [ -115.2701982, 36.167528699800002 ], [ -115.2701982, 36.167455799800003 ], [ -115.2702009, 36.167455799800003 ], [ -115.2702009, 36.167444999799997 ], [ -115.2702171, 36.167444999799997 ], [ -115.2702171, 36.167442299800001 ], [ -115.2702657, 36.167442299800001 ], [ -115.2702657, 36.167444999799997 ], [ -115.27029, 36.167444999799997 ], [ -115.27029, 36.1674476998 ], [ -115.2702927, 36.1674476998 ], [ -115.2702927, 36.167450399800003 ], [ -115.2702954, 36.167450399800003 ], [ -115.2702954, 36.167453099799999 ], [ -115.2702981, 36.167453099799999 ], [ -115.2702981, 36.167455799800003 ], [ -115.2703062, 36.167455799800003 ], [ -115.2703062, 36.167458499799999 ], [ -115.2703305, 36.167458499799999 ], [ -115.2703305, 36.167423399800001 ], [ -115.2703332, 36.167423399800001 ], [ -115.2703332, 36.167420699799997 ], [ -115.2703386, 36.167420699799997 ], [ -115.2703386, 36.167417999800001 ], [ -115.2703575, 36.167417999800001 ], [ -115.2703575, 36.167420699799997 ], [ -115.2703791, 36.167420699799997 ], [ -115.2703791, 36.167417999800001 ], [ -115.2704007, 36.167417999800001 ], [ -115.2704007, 36.167420699799997 ], [ -115.2704223, 36.167420699799997 ], [ -115.2704223, 36.167426099800004 ], [ -115.270425, 36.167426099800004 ], [ -115.270425, 36.1674476998 ], [ -115.2704277, 36.1674476998 ], [ -115.2704277, 36.167501699799999 ], [ -115.270425, 36.167501699799999 ], [ -115.270425, 36.167517899800004 ], [ -115.2704277, 36.167517899800004 ], [ -115.2704277, 36.167617799799999 ], [ -115.270425, 36.167617799799999 ], [ -115.270425, 36.167620499800002 ], [ -115.2704061, 36.167620499800002 ], [ -115.2704061, 36.167623199799998 ] ], [ [ -115.2703251, 36.167531399799998 ], [ -115.2703251, 36.167528699800002 ], [ -115.2703089, 36.167528699800002 ], [ -115.2703089, 36.167531399799998 ], [ -115.2703251, 36.167531399799998 ] ] ] } },
{ "type": "Feature", "properties": { "value": 255.0 }, "geometry": { "type": "Polygon", "coordinates": [ [ [ -115.269372, 36.167504399800002 ], [ -115.2692478, 36.167504399800002 ], [ -115.2692478, 36.167501699799999 ], [ -115.2692451, 36.167501699799999 ], [ -115.2692451, 36.167498999800003 ], [ -115.26924240000001, 36.167498999800003 ], [ -115.26924240000001, 36.1674962998 ], [ -115.2692397, 36.1674962998 ], [ -115.2692397, 36.167493599800004 ], [ -115.269237, 36.167493599800004 ], [ -115.269237, 36.167490899800001 ], [ -115.2692154, 36.167490899800001 ], [ -115.2692154, 36.167480099800002 ], [ -115.2692127, 36.167480099800002 ], [ -115.2692127, 36.1674719998 ], [ -115.2692154, 36.1674719998 ], [ -115.2692154, 36.167455799800003 ], [ -115.2692181, 36.167455799800003 ], [ -115.2692181, 36.167450399800003 ], [ -115.2692154, 36.167450399800003 ], [ -115.2692154, 36.1674476998 ], [ -115.2692181, 36.1674476998 ], [ -115.2692181, 36.167442299800001 ], [ -115.2692208, 36.167442299800001 ], [ -115.2692208, 36.167436899800002 ], [ -115.26922350000001, 36.167436899800002 ], [ -115.26922350000001, 36.167434199799999 ], [ -115.2692262, 36.167434199799999 ], [ -115.2692262, 36.167431499800003 ], [ -115.2692316, 36.167431499800003 ], [ -115.2692316, 36.1674287998 ], [ -115.2692802, 36.1674287998 ], [ -115.2692802, 36.167431499800003 ], [ -115.2693126, 36.167431499800003 ], [ -115.2693126, 36.1674287998 ], [ -115.2694044, 36.1674287998 ], [ -115.2694044, 36.167431499800003 ], [ -115.269426, 36.167431499800003 ], [ -115.269426, 36.167434199799999 ], [ -115.2694287, 36.167434199799999 ], [ -115.2694287, 36.167488199799998 ], [ -115.269426, 36.167488199799998 ], [ -115.269426, 36.167498999800003 ], [ -115.2693747, 36.167498999800003 ], [ -115.2693747, 36.167501699799999 ], [ -115.269372, 36.167501699799999 ], [ -115.269372, 36.167504399800002 ] ] ] } },
{ "type": "Feature", "properties": { "value": 255.0 }, "geometry": { "type": "Polygon", "coordinates": [ [ [ -115.2706167, 36.167617799799999 ], [ -115.270589699999988, 36.167617799799999 ], [ -115.270589699999988, 36.167615099800003 ], [ -115.2705708, 36.167615099800003 ], [ -115.2705708, 36.167612399799999 ], [ -115.2705681, 36.167612399799999 ], [ -115.2705681, 36.167558399800001 ], [ -115.2705708, 36.167558399800001 ], [ -115.2705708, 36.1675151998 ], [ -115.2705735, 36.1675151998 ], [ -115.2705735, 36.167507099799998 ], [ -115.2705708, 36.167507099799998 ], [ -115.2705708, 36.1674962998 ], [ -115.2705735, 36.1674962998 ], [ -115.2705735, 36.167461199800002 ], [ -115.2705708, 36.167461199800002 ], [ -115.2705708, 36.167450399800003 ], [ -115.2705681, 36.167450399800003 ], [ -115.2705681, 36.167417999800001 ], [ -115.2705708, 36.167417999800001 ], [ -115.2705708, 36.167415299799998 ], [ -115.2706464, 36.167415299799998 ], [ -115.2706464, 36.167412599800002 ], [ -115.2706518, 36.167412599800002 ], [ -115.2706518, 36.167415299799998 ], [ -115.270657199999988, 36.167415299799998 ], [ -115.270657199999988, 36.167412599800002 ], [ -115.2706626, 36.167412599800002 ], [ -115.2706626, 36.167612399799999 ], [ -115.2706491, 36.167612399799999 ], [ -115.2706491, 36.167615099800003 ], [ -115.2706167, 36.167615099800003 ], [ -115.2706167, 36.167617799799999 ] ] ] } },
{ "type": "Feature", "properties": { "value": 255.0 }, "geometry": { "type": "Polygon", "coordinates": [ [ [ -115.2701712, 36.167617799799999 ], [ -115.2701064, 36.167617799799999 ], [ -115.2701064, 36.167615099800003 ], [ -115.2701037, 36.167615099800003 ], [ -115.2701037, 36.167609699800003 ], [ -115.270101, 36.167609699800003 ], [ -115.270101, 36.1676069998 ], [ -115.2700956, 36.1676069998 ], [ -115.2700956, 36.167604299799997 ], [ -115.2700848, 36.167604299799997 ], [ -115.2700848, 36.167601599800001 ], [ -115.2700821, 36.167601599800001 ], [ -115.2700821, 36.167585399800004 ], [ -115.2700794, 36.167585399800004 ], [ -115.2700794, 36.167571899800002 ], [ -115.2700767, 36.167571899800002 ], [ -115.2700767, 36.167547599800002 ], [ -115.270074, 36.167547599800002 ], [ -115.270074, 36.167534099800001 ], [ -115.2700767, 36.167534099800001 ], [ -115.2700767, 36.167531399799998 ], [ -115.270074, 36.167531399799998 ], [ -115.270074, 36.167528699800002 ], [ -115.2700767, 36.167528699800002 ], [ -115.2700767, 36.167525999799999 ], [ -115.2700794, 36.167525999799999 ], [ -115.2700794, 36.167523299800003 ], [ -115.2700767, 36.167523299800003 ], [ -115.2700767, 36.1674962998 ], [ -115.2700794, 36.1674962998 ], [ -115.2700794, 36.167482799799998 ], [ -115.2700767, 36.167482799799998 ], [ -115.2700767, 36.167420699799997 ], [ -115.2700794, 36.167420699799997 ], [ -115.2700794, 36.167417999800001 ], [ -115.2700821, 36.167417999800001 ], [ -115.2700821, 36.167415299799998 ], [ -115.270101, 36.167415299799998 ], [ -115.270101, 36.167412599800002 ], [ -115.2701064, 36.167412599800002 ], [ -115.2701064, 36.167415299799998 ], [ -115.2701118, 36.167415299799998 ], [ -115.2701118, 36.167412599800002 ], [ -115.2701172, 36.167412599800002 ], [ -115.2701172, 36.167409899799999 ], [ -115.2701199, 36.167409899799999 ], [ -115.2701199, 36.1674044998 ], [ -115.2701253, 36.1674044998 ], [ -115.2701253, 36.167401799799997 ], [ -115.2701361, 36.167401799799997 ], [ -115.2701361, 36.167412599800002 ], [ -115.2701469, 36.167412599800002 ], [ -115.2701469, 36.167415299799998 ], [ -115.2701604, 36.167415299799998 ], [ -115.2701604, 36.167417999800001 ], [ -115.2701685, 36.167417999800001 ], [ -115.2701685, 36.167423399800001 ], [ -115.2701712, 36.167423399800001 ], [ -115.2701712, 36.167439599799998 ], [ -115.2701739, 36.167439599799998 ], [ -115.2701739, 36.167536799799997 ], [ -115.2701766, 36.167536799799997 ], [ -115.2701766, 36.167542199800003 ], [ -115.2701739, 36.167542199800003 ], [ -115.2701739, 36.167555699799998 ], [ -115.2701766, 36.167555699799998 ], [ -115.2701766, 36.167612399799999 ], [ -115.2701739, 36.167612399799999 ], [ -115.2701739, 36.167615099800003 ], [ -115.2701712, 36.167615099800003 ], [ -115.2701712, 36.167617799799999 ] ] ] } },
{ "type": "Feature", "properties": { "value": 255.0 }, "geometry": { "type": "Polygon", "coordinates": [ [ [ -115.2699525, 36.167390999799998 ], [ -115.2699174, 36.167390999799998 ], [ -115.2699174, 36.167388299800002 ], [ -115.269912, 36.167388299800002 ], [ -115.269912, 36.167358599800004 ], [ -115.2699147, 36.167358599800004 ], [ -115.2699147, 36.167353199799997 ], [ -115.2699579, 36.167353199799997 ], [ -115.2699579, 36.1673558998 ], [ -115.2699606, 36.1673558998 ], [ -115.2699606, 36.167358599800004 ], [ -115.2699633, 36.167358599800004 ], [ -115.2699633, 36.167377499799997 ], [ -115.2699606, 36.167377499799997 ], [ -115.2699606, 36.167385599799999 ], [ -115.2699579, 36.167385599799999 ], [ -115.2699579, 36.167388299800002 ], [ -115.2699525, 36.167388299800002 ], [ -115.2699525, 36.167390999799998 ] ] ] } },
{ "type": "Feature", "properties": { "value": 255.0 }, "geometry": { "type": "Polygon", "coordinates": [ [ [ -115.2693207, 36.1674044998 ], [ -115.2692397, 36.1674044998 ], [ -115.2692397, 36.167401799799997 ], [ -115.2691911, 36.167401799799997 ], [ -115.2691911, 36.167399099800001 ], [ -115.2691884, 36.167399099800001 ], [ -115.2691884, 36.167328899799998 ], [ -115.269193800000011, 36.167328899799998 ], [ -115.269193800000011, 36.167326199800002 ], [ -115.2691965, 36.167326199800002 ], [ -115.2691965, 36.167328899799998 ], [ -115.2692505, 36.167328899799998 ], [ -115.2692505, 36.167331599800001 ], [ -115.2693045, 36.167331599800001 ], [ -115.2693045, 36.167328899799998 ], [ -115.2693315, 36.167328899799998 ], [ -115.2693315, 36.167326199800002 ], [ -115.2693801, 36.167326199800002 ], [ -115.2693801, 36.167328899799998 ], [ -115.2694098, 36.167328899799998 ], [ -115.2694098, 36.167331599800001 ], [ -115.2694314, 36.167331599800001 ], [ -115.2694314, 36.167334299799997 ], [ -115.2694368, 36.167334299799997 ], [ -115.2694368, 36.167339699800003 ], [ -115.2694395, 36.167339699800003 ], [ -115.2694395, 36.1673612998 ], [ -115.2694368, 36.1673612998 ], [ -115.2694368, 36.167369399800002 ], [ -115.2694395, 36.167369399800002 ], [ -115.2694395, 36.167372099799998 ], [ -115.2694368, 36.167372099799998 ], [ -115.2694368, 36.167377499799997 ], [ -115.2694395, 36.167377499799997 ], [ -115.2694395, 36.167385599799999 ], [ -115.2694368, 36.167385599799999 ], [ -115.2694368, 36.167399099800001 ], [ -115.2694341, 36.167399099800001 ], [ -115.2694341, 36.167401799799997 ], [ -115.2693693, 36.167401799799997 ], [ -115.2693693, 36.167399099800001 ], [ -115.2693558, 36.167399099800001 ], [ -115.2693558, 36.167401799799997 ], [ -115.2693207, 36.167401799799997 ], [ -115.2693207, 36.1674044998 ] ] ] } },
{ "type": "Feature", "properties": { "value": 255.0 }, "geometry": { "type": "Polygon", "coordinates": [ [ [ -115.2704115, 36.167307299800001 ], [ -115.2703683, 36.167307299800001 ], [ -115.2703683, 36.167301899800002 ], [ -115.2703656, 36.167301899800002 ], [ -115.2703656, 36.167299199799999 ], [ -115.2703575, 36.167299199799999 ], [ -115.2703575, 36.167296499800003 ], [ -115.2703683, 36.167296499800003 ], [ -115.2703683, 36.167293799799999 ], [ -115.2703818, 36.167293799799999 ], [ -115.2703818, 36.167291099800003 ], [ -115.2703845, 36.167291099800003 ], [ -115.2703845, 36.167285699799997 ], [ -115.2703872, 36.167285699799997 ], [ -115.2703872, 36.167280299799998 ], [ -115.2704088, 36.167280299799998 ], [ -115.2704088, 36.167293799799999 ], [ -115.2704115, 36.167293799799999 ], [ -115.2704115, 36.167299199799999 ], [ -115.2704088, 36.167299199799999 ], [ -115.2704088, 36.167301899800002 ], [ -115.2704115, 36.167301899800002 ], [ -115.2704115, 36.167307299800001 ] ], [ [ -115.2704061, 36.167301899800002 ], [ -115.2704061, 36.167299199799999 ], [ -115.2704034, 36.167299199799999 ], [ -115.2704034, 36.167301899800002 ], [ -115.2704061, 36.167301899800002 ] ], [ [ -115.2704034, 36.167301899800002 ], [ -115.2704007, 36.167301899800002 ], [ -115.2704007, 36.167304599799998 ], [ -115.2704034, 36.167304599799998 ], [ -115.2704034, 36.167301899800002 ] ] ] } },
{ "type": "Feature", "properties": { "value": 255.0 }, "geometry": { "type": "Polygon", "coordinates": [ [ [ -115.2703089, 36.167266799799997 ], [ -115.27029, 36.167266799799997 ], [ -115.27029, 36.167234399800002 ], [ -115.2702927, 36.167234399800002 ], [ -115.2702927, 36.167231699799999 ], [ -115.2703062, 36.167231699799999 ], [ -115.2703062, 36.167234399800002 ], [ -115.2703089, 36.167234399800002 ], [ -115.2703089, 36.167237099799998 ], [ -115.2703116, 36.167237099799998 ], [ -115.2703116, 36.167264099800001 ], [ -115.2703089, 36.167264099800001 ], [ -115.2703089, 36.167266799799997 ] ] ] } },
{ "type": "Feature", "properties": { "value": 255.0 }, "geometry": { "type": "Polygon", "coordinates": [ [ [ -115.2692991, 36.167299199799999 ], [ -115.2692208, 36.167299199799999 ], [ -115.2692208, 36.167293799799999 ], [ -115.2692181, 36.167293799799999 ], [ -115.2692181, 36.167280299799998 ], [ -115.2692154, 36.167280299799998 ], [ -115.2692154, 36.167242499799997 ], [ -115.2692127, 36.167242499799997 ], [ -115.2692127, 36.167228999800002 ], [ -115.2692154, 36.167228999800002 ], [ -115.2692154, 36.167226299799999 ], [ -115.2692829, 36.167226299799999 ], [ -115.2692829, 36.167223599800003 ], [ -115.2692883, 36.167223599800003 ], [ -115.2692883, 36.167226299799999 ], [ -115.269291, 36.167226299799999 ], [ -115.269291, 36.167223599800003 ], [ -115.2693126, 36.167223599800003 ], [ -115.2693126, 36.1672208998 ], [ -115.269318, 36.1672208998 ], [ -115.269318, 36.167210099800002 ], [ -115.2693153, 36.167210099800002 ], [ -115.2693153, 36.167207399799999 ], [ -115.2693072, 36.167207399799999 ], [ -115.2693072, 36.167204699800003 ], [ -115.2692127, 36.167204699800003 ], [ -115.2692127, 36.1672019998 ], [ -115.26921, 36.1672019998 ], [ -115.26921, 36.167191199800001 ], [ -115.2692073, 36.167191199800001 ], [ -115.2692073, 36.167147999800001 ], [ -115.2692046, 36.167147999800001 ], [ -115.2692046, 36.167131799799996 ], [ -115.2692073, 36.167131799799996 ], [ -115.2692073, 36.1671290998 ], [ -115.2693126, 36.1671290998 ], [ -115.2693126, 36.167126399799997 ], [ -115.269345, 36.167126399799997 ], [ -115.269345, 36.167123699800001 ], [ -115.2693612, 36.167123699800001 ], [ -115.2693612, 36.167120999799998 ], [ -115.2694179, 36.167120999799998 ], [ -115.2694179, 36.167123699800001 ], [ -115.2694206, 36.167123699800001 ], [ -115.2694206, 36.167126399799997 ], [ -115.2694233, 36.167126399799997 ], [ -115.2694233, 36.1671344998 ], [ -115.2694206, 36.1671344998 ], [ -115.2694206, 36.167137199800003 ], [ -115.2694233, 36.167137199800003 ], [ -115.2694233, 36.167145299799998 ], [ -115.2694206, 36.167145299799998 ], [ -115.2694206, 36.167156099800003 ], [ -115.2694233, 36.167156099800003 ], [ -115.2694233, 36.167164199799998 ], [ -115.2694206, 36.167164199799998 ], [ -115.2694206, 36.1671776998 ], [ -115.2693639, 36.1671776998 ], [ -115.2693639, 36.167180399800003 ], [ -115.26935850000001, 36.167180399800003 ], [ -115.26935850000001, 36.167185799800002 ], [ -115.2693558, 36.167185799800002 ], [ -115.2693558, 36.167188499799998 ], [ -115.26935850000001, 36.167188499799998 ], [ -115.26935850000001, 36.167191199800001 ], [ -115.2693558, 36.167191199800001 ], [ -115.2693558, 36.167204699800003 ], [ -115.26935850000001, 36.167204699800003 ], [ -115.26935850000001, 36.167207399799999 ], [ -115.2694017, 36.167207399799999 ], [ -115.2694017, 36.167210099800002 ], [ -115.2694179, 36.167210099800002 ], [ -115.2694179, 36.167212799799998 ], [ -115.269426, 36.167212799799998 ], [ -115.269426, 36.167215499800001 ], [ -115.2694287, 36.167215499800001 ], [ -115.2694287, 36.167218199799997 ], [ -115.2694314, 36.167218199799997 ], [ -115.2694314, 36.1672451998 ], [ -115.2694341, 36.1672451998 ], [ -115.2694341, 36.167253299800002 ], [ -115.2694368, 36.167253299800002 ], [ -115.2694368, 36.167261399799997 ], [ -115.2694341, 36.167261399799997 ], [ -115.2694341, 36.167264099800001 ], [ -115.2694314, 36.167264099800001 ], [ -115.2694314, 36.167272199800003 ], [ -115.2694287, 36.167272199800003 ], [ -115.2694287, 36.167274899799999 ], [ -115.2694233, 36.167274899799999 ], [ -115.2694233, 36.167277599800002 ], [ -115.2694071, 36.167277599800002 ], [ -115.2694071, 36.167274899799999 ], [ -115.2693963, 36.167274899799999 ], [ -115.2693963, 36.167277599800002 ], [ -115.2693747, 36.167277599800002 ], [ -115.2693747, 36.167274899799999 ], [ -115.2693639, 36.167274899799999 ], [ -115.2693639, 36.167277599800002 ], [ -115.2693612, 36.167277599800002 ], [ -115.2693612, 36.167280299799998 ], [ -115.26935850000001, 36.167280299799998 ], [ -115.26935850000001, 36.167285699799997 ], [ -115.2693558, 36.167285699799997 ], [ -115.2693558, 36.1672883998 ], [ -115.2693531, 36.1672883998 ], [ -115.2693531, 36.167291099800003 ], [ -115.2693423, 36.167291099800003 ], [ -115.2693423, 36.167293799799999 ], [ -115.269318, 36.167293799799999 ], [ -115.269318, 36.167296499800003 ], [ -115.2692991, 36.167296499800003 ], [ -115.2692991, 36.167299199799999 ] ] ] } },
{ "type": "Feature", "properties": { "value": 255.0 }, "geometry": { "type": "Polygon", "coordinates": [ [ [ -115.2700902, 36.1671965998 ], [ -115.2700821, 36.1671965998 ], [ -115.2700821, 36.167193899799997 ], [ -115.2700794, 36.167193899799997 ], [ -115.2700794, 36.167185799800002 ], [ -115.2700767, 36.167185799800002 ], [ -115.2700767, 36.167166899800002 ], [ -115.270074, 36.167166899800002 ], [ -115.270074, 36.1671101998 ], [ -115.2700713, 36.1671101998 ], [ -115.2700713, 36.167088599800003 ], [ -115.270074, 36.167088599800003 ], [ -115.270074, 36.1670858998 ], [ -115.2700767, 36.1670858998 ], [ -115.2700767, 36.167072399799999 ], [ -115.2700794, 36.167072399799999 ], [ -115.2700794, 36.167064299799996 ], [ -115.2700821, 36.167064299799996 ], [ -115.2700821, 36.167053499799998 ], [ -115.2700848, 36.167053499799998 ], [ -115.2700848, 36.1670372998 ], [ -115.2700875, 36.1670372998 ], [ -115.2700875, 36.167034599799997 ], [ -115.2700902, 36.167034599799997 ], [ -115.2700902, 36.167031899800001 ], [ -115.2701604, 36.167031899800001 ], [ -115.2701604, 36.167034599799997 ], [ -115.2701631, 36.167034599799997 ], [ -115.2701631, 36.1670372998 ], [ -115.2701658, 36.1670372998 ], [ -115.2701658, 36.167088599800003 ], [ -115.2701685, 36.167088599800003 ], [ -115.2701685, 36.167156099800003 ], [ -115.2701712, 36.167156099800003 ], [ -115.2701712, 36.167191199800001 ], [ -115.2701685, 36.167191199800001 ], [ -115.2701685, 36.167193899799997 ], [ -115.2700902, 36.167193899799997 ], [ -115.2700902, 36.1671965998 ] ] ] } },
{ "type": "Feature", "properties": { "value": 255.0 }, "geometry": { "type": "Polygon", "coordinates": [ [ [ -115.2700335, 36.167218199799997 ], [ -115.2699579, 36.167218199799997 ], [ -115.2699579, 36.167215499800001 ], [ -115.2699552, 36.167215499800001 ], [ -115.2699552, 36.167185799800002 ], [ -115.2699579, 36.167185799800002 ], [ -115.2699579, 36.1671776998 ], [ -115.2699552, 36.1671776998 ], [ -115.2699552, 36.167080499800001 ], [ -115.2699606, 36.167080499800001 ], [ -115.2699606, 36.167077799799998 ], [ -115.269966, 36.167077799799998 ], [ -115.269966, 36.167075099800002 ], [ -115.2699687, 36.167075099800002 ], [ -115.2699687, 36.167064299799996 ], [ -115.2699714, 36.167064299799996 ], [ -115.2699714, 36.167056199800001 ], [ -115.2699687, 36.167056199800001 ], [ -115.2699687, 36.167045399800003 ], [ -115.2699714, 36.167045399800003 ], [ -115.2699714, 36.1670426998 ], [ -115.2699876, 36.1670426998 ], [ -115.2699876, 36.167045399800003 ], [ -115.2700011, 36.167045399800003 ], [ -115.2700011, 36.1670426998 ], [ -115.27002, 36.1670426998 ], [ -115.27002, 36.167045399800003 ], [ -115.2700335, 36.167045399800003 ], [ -115.2700335, 36.1670426998 ], [ -115.2700416, 36.1670426998 ], [ -115.2700416, 36.167045399800003 ], [ -115.2700443, 36.167045399800003 ], [ -115.2700443, 36.167050799800002 ], [ -115.270047, 36.167050799800002 ], [ -115.270047, 36.167083199799997 ], [ -115.2700497, 36.167083199799997 ], [ -115.2700497, 36.167096699799998 ], [ -115.2700524, 36.167096699799998 ], [ -115.2700524, 36.1671344998 ], [ -115.2700551, 36.1671344998 ], [ -115.2700551, 36.167142599800002 ], [ -115.2700524, 36.167142599800002 ], [ -115.2700524, 36.167161499800002 ], [ -115.2700551, 36.167161499800002 ], [ -115.2700551, 36.167215499800001 ], [ -115.2700335, 36.167215499800001 ], [ -115.2700335, 36.167218199799997 ] ] ] } },
{ "type": "Feature", "properties": { "value": 255.0 }, "geometry": { "type": "Polygon", "coordinates": [ [ [ -115.2698931, 36.167226299799999 ], [ -115.269885, 36.167226299799999 ], [ -115.269885, 36.167223599800003 ], [ -115.2698769, 36.167223599800003 ], [ -115.2698769, 36.1672208998 ], [ -115.2698472, 36.1672208998 ], [ -115.2698472, 36.167223599800003 ], [ -115.2698418, 36.167223599800003 ], [ -115.2698418, 36.167226299799999 ], [ -115.2698337, 36.167226299799999 ], [ -115.2698337, 36.167223599800003 ], [ -115.269831, 36.167223599800003 ], [ -115.269831, 36.167218199799997 ], [ -115.2698283, 36.167218199799997 ], [ -115.2698283, 36.167215499800001 ], [ -115.2698256, 36.167215499800001 ], [ -115.2698256, 36.167210099800002 ], [ -115.2698229, 36.167210099800002 ], [ -115.2698229, 36.1672019998 ], [ -115.2698256, 36.1672019998 ], [ -115.2698256, 36.1671533998 ], [ -115.2698229, 36.1671533998 ], [ -115.2698229, 36.1671290998 ], [ -115.2698202, 36.1671290998 ], [ -115.2698202, 36.167118299800002 ], [ -115.2698148, 36.167118299800002 ], [ -115.2698148, 36.1671101998 ], [ -115.2698121, 36.1671101998 ], [ -115.2698121, 36.167102099799997 ], [ -115.2698094, 36.167102099799997 ], [ -115.2698094, 36.167096699799998 ], [ -115.2698121, 36.167096699799998 ], [ -115.2698121, 36.167056199800001 ], [ -115.2698148, 36.167056199800001 ], [ -115.2698148, 36.167050799800002 ], [ -115.2698121, 36.167050799800002 ], [ -115.2698121, 36.167048099799999 ], [ -115.2698148, 36.167048099799999 ], [ -115.2698148, 36.1670426998 ], [ -115.2698256, 36.1670426998 ], [ -115.2698256, 36.167039999799997 ], [ -115.269885, 36.167039999799997 ], [ -115.269885, 36.1670426998 ], [ -115.2698877, 36.1670426998 ], [ -115.2698877, 36.167045399800003 ], [ -115.2698904, 36.167045399800003 ], [ -115.2698904, 36.167088599800003 ], [ -115.2698958, 36.167088599800003 ], [ -115.2698958, 36.167091299799999 ], [ -115.2699066, 36.167091299799999 ], [ -115.2699066, 36.167093999800002 ], [ -115.2699093, 36.167093999800002 ], [ -115.2699093, 36.167096699799998 ], [ -115.269912, 36.167096699799998 ], [ -115.269912, 36.167120999799998 ], [ -115.2699147, 36.167120999799998 ], [ -115.2699147, 36.1671344998 ], [ -115.269912, 36.1671344998 ], [ -115.269912, 36.167142599800002 ], [ -115.2699147, 36.167142599800002 ], [ -115.2699147, 36.167172299800001 ], [ -115.2699174, 36.167172299800001 ], [ -115.2699174, 36.1671965998 ], [ -115.2699201, 36.1671965998 ], [ -115.2699201, 36.167199299799996 ], [ -115.2699174, 36.167199299799996 ], [ -115.2699174, 36.167215499800001 ], [ -115.2699147, 36.167215499800001 ], [ -115.2699147, 36.167218199799997 ], [ -115.2699012, 36.167218199799997 ], [ -115.2699012, 36.167223599800003 ], [ -115.2698931, 36.167223599800003 ], [ -115.2698931, 36.167226299799999 ] ] ] } },
{ "type": "Feature", "properties": { "value": 255.0 }, "geometry": { "type": "Polygon", "coordinates": [ [ [ -115.2697662, 36.167228999800002 ], [ -115.2697095, 36.167228999800002 ], [ -115.2697095, 36.167226299799999 ], [ -115.2697041, 36.167226299799999 ], [ -115.2697041, 36.167223599800003 ], [ -115.2697014, 36.167223599800003 ], [ -115.2697014, 36.167150699799997 ], [ -115.2696987, 36.167150699799997 ], [ -115.2696987, 36.167123699800001 ], [ -115.2697014, 36.167123699800001 ], [ -115.2697014, 36.167093999800002 ], [ -115.2697041, 36.167093999800002 ], [ -115.2697041, 36.167091299799999 ], [ -115.2697095, 36.167091299799999 ], [ -115.2697095, 36.167088599800003 ], [ -115.2697122, 36.167088599800003 ], [ -115.2697122, 36.167083199799997 ], [ -115.2697149, 36.167083199799997 ], [ -115.2697149, 36.167058899799997 ], [ -115.2697176, 36.167058899799997 ], [ -115.2697176, 36.167056199800001 ], [ -115.2697203, 36.167056199800001 ], [ -115.2697203, 36.167053499799998 ], [ -115.2697365, 36.167053499799998 ], [ -115.2697365, 36.167050799800002 ], [ -115.2697581, 36.167050799800002 ], [ -115.2697581, 36.167048099799999 ], [ -115.2697716, 36.167048099799999 ], [ -115.2697716, 36.167050799800002 ], [ -115.2697743, 36.167050799800002 ], [ -115.2697743, 36.167048099799999 ], [ -115.2697797, 36.167048099799999 ], [ -115.2697797, 36.167050799800002 ], [ -115.2697824, 36.167050799800002 ], [ -115.2697824, 36.167066999799999 ], [ -115.2697743, 36.167066999799999 ], [ -115.2697743, 36.167069699800003 ], [ -115.2697716, 36.167069699800003 ], [ -115.2697716, 36.167072399799999 ], [ -115.2697662, 36.167072399799999 ], [ -115.2697662, 36.167075099800002 ], [ -115.2697635, 36.167075099800002 ], [ -115.2697635, 36.167083199799997 ], [ -115.2697662, 36.167083199799997 ], [ -115.2697662, 36.1670858998 ], [ -115.2697716, 36.1670858998 ], [ -115.2697716, 36.167088599800003 ], [ -115.2697851, 36.167088599800003 ], [ -115.2697851, 36.167091299799999 ], [ -115.2697905, 36.167091299799999 ], [ -115.2697905, 36.167093999800002 ], [ -115.2697959, 36.167093999800002 ], [ -115.2697959, 36.167099399800001 ], [ -115.2697986, 36.167099399800001 ], [ -115.2697986, 36.167102099799997 ], [ -115.2698013, 36.167102099799997 ], [ -115.2698013, 36.167223599800003 ], [ -115.2697986, 36.167223599800003 ], [ -115.2697986, 36.167226299799999 ], [ -115.2697662, 36.167226299799999 ], [ -115.2697662, 36.167228999800002 ] ] ] } },
{ "type": "Feature", "properties": { "value": 255.0 }, "geometry": { "type": "Polygon", "coordinates": [ [ [ -115.2693693, 36.167107499799997 ], [ -115.2692181, 36.167107499799997 ], [ -115.2692181, 36.167104799800001 ], [ -115.2692154, 36.167104799800001 ], [ -115.2692154, 36.167102099799997 ], [ -115.2692127, 36.167102099799997 ], [ -115.2692127, 36.167099399800001 ], [ -115.26921, 36.167099399800001 ], [ -115.26921, 36.167096699799998 ], [ -115.2691722, 36.167096699799998 ], [ -115.2691722, 36.167091299799999 ], [ -115.2691695, 36.167091299799999 ], [ -115.2691695, 36.167080499800001 ], [ -115.2691668, 36.167080499800001 ], [ -115.2691668, 36.167072399799999 ], [ -115.2691695, 36.167072399799999 ], [ -115.2691695, 36.167053499799998 ], [ -115.2691722, 36.167053499799998 ], [ -115.2691722, 36.167050799800002 ], [ -115.2692019, 36.167050799800002 ], [ -115.2692019, 36.167048099799999 ], [ -115.2692073, 36.167048099799999 ], [ -115.2692073, 36.167034599799997 ], [ -115.26921, 36.167034599799997 ], [ -115.26921, 36.167031899800001 ], [ -115.2692208, 36.167031899800001 ], [ -115.2692208, 36.167029199799998 ], [ -115.2693315, 36.167029199799998 ], [ -115.2693315, 36.167026499800002 ], [ -115.2693369, 36.167026499800002 ], [ -115.2693369, 36.167029199799998 ], [ -115.2693774, 36.167029199799998 ], [ -115.2693774, 36.167031899800001 ], [ -115.2693909, 36.167031899800001 ], [ -115.2693909, 36.167034599799997 ], [ -115.2694071, 36.167034599799997 ], [ -115.2694071, 36.1670372998 ], [ -115.2694098, 36.1670372998 ], [ -115.2694098, 36.167066999799999 ], [ -115.2694125, 36.167066999799999 ], [ -115.2694125, 36.167075099800002 ], [ -115.2694152, 36.167075099800002 ], [ -115.2694152, 36.167088599800003 ], [ -115.2694125, 36.167088599800003 ], [ -115.2694125, 36.167099399800001 ], [ -115.2694071, 36.167099399800001 ], [ -115.2694071, 36.167102099799997 ], [ -115.2693909, 36.167102099799997 ], [ -115.2693909, 36.167099399800001 ], [ -115.2693828, 36.167099399800001 ], [ -115.2693828, 36.167102099799997 ], [ -115.2693747, 36.167102099799997 ], [ -115.2693747, 36.167104799800001 ], [ -115.2693693, 36.167104799800001 ], [ -115.2693693, 36.167107499799997 ] ] ] } },
{ "type": "Feature", "properties": { "value": 255.0 }, "geometry": { "type": "Polygon", "coordinates": [ [ [ -115.2705303, 36.167253299800002 ], [ -115.2704763, 36.167253299800002 ], [ -115.2704763, 36.167250599799999 ], [ -115.2704601, 36.167250599799999 ], [ -115.2704601, 36.167247899800003 ], [ -115.2704547, 36.167247899800003 ], [ -115.2704547, 36.1672451998 ], [ -115.270452, 36.1672451998 ], [ -115.270452, 36.167242499799997 ], [ -115.2704493, 36.167242499799997 ], [ -115.2704493, 36.167237099799998 ], [ -115.2704466, 36.167237099799998 ], [ -115.2704466, 36.167212799799998 ], [ -115.270443899999989, 36.167212799799998 ], [ -115.270443899999989, 36.167207399799999 ], [ -115.2704466, 36.167207399799999 ], [ -115.2704466, 36.1671965998 ], [ -115.270443899999989, 36.1671965998 ], [ -115.270443899999989, 36.167180399800003 ], [ -115.2704412, 36.167180399800003 ], [ -115.2704412, 36.1671776998 ], [ -115.2704358, 36.1671776998 ], [ -115.2704358, 36.167180399800003 ], [ -115.2704331, 36.167180399800003 ], [ -115.2704331, 36.167183099799999 ], [ -115.2704304, 36.167183099799999 ], [ -115.2704304, 36.167199299799996 ], [ -115.2704277, 36.167199299799996 ], [ -115.2704277, 36.167204699800003 ], [ -115.270425, 36.167204699800003 ], [ -115.270425, 36.167207399799999 ], [ -115.2703953, 36.167207399799999 ], [ -115.2703953, 36.167210099800002 ], [ -115.2703818, 36.167210099800002 ], [ -115.2703818, 36.167207399799999 ], [ -115.2703629, 36.167207399799999 ], [ -115.2703629, 36.167204699800003 ], [ -115.2703548, 36.167204699800003 ], [ -115.2703548, 36.167207399799999 ], [ -115.2703305, 36.167207399799999 ], [ -115.2703305, 36.167204699800003 ], [ -115.2703278, 36.167204699800003 ], [ -115.2703278, 36.167131799799996 ], [ -115.2703251, 36.167131799799996 ], [ -115.2703251, 36.167112899800003 ], [ -115.2703224, 36.167112899800003 ], [ -115.2703224, 36.167096699799998 ], [ -115.2703197, 36.167096699799998 ], [ -115.2703197, 36.167077799799998 ], [ -115.2703224, 36.167077799799998 ], [ -115.2703224, 36.167072399799999 ], [ -115.2703278, 36.167072399799999 ], [ -115.2703278, 36.167069699800003 ], [ -115.2703305, 36.167069699800003 ], [ -115.2703305, 36.167072399799999 ], [ -115.2703386, 36.167072399799999 ], [ -115.2703386, 36.167069699800003 ], [ -115.2703413, 36.167069699800003 ], [ -115.2703413, 36.167066999799999 ], [ -115.2703467, 36.167066999799999 ], [ -115.2703467, 36.167069699800003 ], [ -115.2703521, 36.167069699800003 ], [ -115.2703521, 36.167066999799999 ], [ -115.2703548, 36.167066999799999 ], [ -115.2703548, 36.167064299799996 ], [ -115.2703575, 36.167064299799996 ], [ -115.2703575, 36.167058899799997 ], [ -115.2703548, 36.167058899799997 ], [ -115.2703548, 36.167056199800001 ], [ -115.2703602, 36.167056199800001 ], [ -115.2703602, 36.167053499799998 ], [ -115.2703629, 36.167053499799998 ], [ -115.2703629, 36.167050799800002 ], [ -115.2703656, 36.167050799800002 ], [ -115.2703656, 36.167048099799999 ], [ -115.2703602, 36.167048099799999 ], [ -115.2703602, 36.1670426998 ], [ -115.2703575, 36.1670426998 ], [ -115.2703575, 36.1670372998 ], [ -115.2703602, 36.1670372998 ], [ -115.2703602, 36.167034599799997 ], [ -115.270398, 36.167034599799997 ], [ -115.270398, 36.1670372998 ], [ -115.2704115, 36.1670372998 ], [ -115.2704115, 36.167039999799997 ], [ -115.2704142, 36.167039999799997 ], [ -115.2704142, 36.1670426998 ], [ -115.2704169, 36.1670426998 ], [ -115.2704169, 36.167048099799999 ], [ -115.2704196, 36.167048099799999 ], [ -115.2704196, 36.167053499799998 ], [ -115.2704223, 36.167053499799998 ], [ -115.2704223, 36.167066999799999 ], [ -115.2704304, 36.167066999799999 ], [ -115.2704304, 36.167069699800003 ], [ -115.2704331, 36.167069699800003 ], [ -115.2704331, 36.167072399799999 ], [ -115.2704358, 36.167072399799999 ], [ -115.2704358, 36.167058899799997 ], [ -115.2704385, 36.167058899799997 ], [ -115.2704385, 36.167045399800003 ], [ -115.2704412, 36.167045399800003 ], [ -115.2704412, 36.167026499800002 ], [ -115.270443899999989, 36.167026499800002 ], [ -115.270443899999989, 36.167023799799999 ], [ -115.2705087, 36.167023799799999 ], [ -115.2705087, 36.167021099800003 ], [ -115.2705303, 36.167021099800003 ], [ -115.2705303, 36.167023799799999 ], [ -115.270533, 36.167023799799999 ], [ -115.270533, 36.167029199799998 ], [ -115.2705357, 36.167029199799998 ], [ -115.2705357, 36.167066999799999 ], [ -115.2705384, 36.167066999799999 ], [ -115.2705384, 36.167174999799997 ], [ -115.270541099999988, 36.167174999799997 ], [ -115.270541099999988, 36.167180399800003 ], [ -115.2705384, 36.167180399800003 ], [ -115.2705384, 36.167215499800001 ], [ -115.2705357, 36.167215499800001 ], [ -115.2705357, 36.167223599800003 ], [ -115.270533, 36.167223599800003 ], [ -115.270533, 36.167250599799999 ], [ -115.2705303, 36.167250599799999 ], [ -115.2705303, 36.167253299800002 ] ], [ [ -115.2704385, 36.167093999800002 ], [ -115.2704385, 36.167091299799999 ], [ -115.2704412, 36.167091299799999 ], [ -115.2704412, 36.167083199799997 ], [ -115.2704385, 36.167083199799997 ], [ -115.2704385, 36.167077799799998 ], [ -115.2704331, 36.167077799799998 ], [ -115.2704331, 36.167080499800001 ], [ -115.2704304, 36.167080499800001 ], [ -115.2704304, 36.167088599800003 ], [ -115.2704331, 36.167088599800003 ], [ -115.2704331, 36.167091299799999 ], [ -115.2704358, 36.167091299799999 ], [ -115.2704358, 36.167093999800002 ], [ -115.2704385, 36.167093999800002 ] ], [ [ -115.2704358, 36.167126399799997 ], [ -115.2704358, 36.167118299800002 ], [ -115.2704304, 36.167118299800002 ], [ -115.2704304, 36.167123699800001 ], [ -115.2704331, 36.167123699800001 ], [ -115.2704331, 36.167126399799997 ], [ -115.2704358, 36.167126399799997 ] ], [ [ -115.2704412, 36.167142599800002 ], [ -115.2704412, 36.167131799799996 ], [ -115.2704331, 36.167131799799996 ], [ -115.2704331, 36.167139899799999 ], [ -115.2704358, 36.167139899799999 ], [ -115.2704358, 36.167142599800002 ], [ -115.2704412, 36.167142599800002 ] ], [ [ -115.2704358, 36.1671101998 ], [ -115.2704358, 36.167104799800001 ], [ -115.2704385, 36.167104799800001 ], [ -115.2704385, 36.167099399800001 ], [ -115.2704331, 36.167099399800001 ], [ -115.2704331, 36.1671101998 ], [ -115.2704358, 36.1671101998 ] ] ] } },
{ "type": "Feature", "properties": { "value": 255.0 }, "geometry": { "type": "Polygon", "coordinates": [ [ [ -115.270263, 36.167218199799997 ], [ -115.2702279, 36.167218199799997 ], [ -115.2702279, 36.167215499800001 ], [ -115.2702252, 36.167215499800001 ], [ -115.2702252, 36.167212799799998 ], [ -115.2702225, 36.167212799799998 ], [ -115.2702225, 36.167210099800002 ], [ -115.2702063, 36.167210099800002 ], [ -115.2702063, 36.167207399799999 ], [ -115.2702009, 36.167207399799999 ], [ -115.2702009, 36.167204699800003 ], [ -115.2701982, 36.167204699800003 ], [ -115.2701982, 36.167180399800003 ], [ -115.2701955, 36.167180399800003 ], [ -115.2701955, 36.1671101998 ], [ -115.2701928, 36.1671101998 ], [ -115.2701928, 36.167088599800003 ], [ -115.2701901, 36.167088599800003 ], [ -115.2701901, 36.167039999799997 ], [ -115.2701928, 36.167039999799997 ], [ -115.2701928, 36.167031899800001 ], [ -115.2701955, 36.167031899800001 ], [ -115.2701955, 36.167029199799998 ], [ -115.2702063, 36.167029199799998 ], [ -115.2702063, 36.167026499800002 ], [ -115.2702198, 36.167026499800002 ], [ -115.2702198, 36.167029199799998 ], [ -115.2702414, 36.167029199799998 ], [ -115.2702414, 36.167026499800002 ], [ -115.2702495, 36.167026499800002 ], [ -115.2702495, 36.167029199799998 ], [ -115.2702603, 36.167029199799998 ], [ -115.2702603, 36.167031899800001 ], [ -115.2702657, 36.167031899800001 ], [ -115.2702657, 36.167034599799997 ], [ -115.2702684, 36.167034599799997 ], [ -115.2702684, 36.1670426998 ], [ -115.2702711, 36.1670426998 ], [ -115.2702711, 36.1670615998 ], [ -115.2702684, 36.1670615998 ], [ -115.2702684, 36.167083199799997 ], [ -115.2702711, 36.167083199799997 ], [ -115.2702711, 36.167088599800003 ], [ -115.2702738, 36.167088599800003 ], [ -115.2702738, 36.167104799800001 ], [ -115.2702765, 36.167104799800001 ], [ -115.2702765, 36.167112899800003 ], [ -115.2702846, 36.167112899800003 ], [ -115.2702846, 36.167115599799999 ], [ -115.2702873, 36.167115599799999 ], [ -115.2702873, 36.167118299800002 ], [ -115.27029, 36.167118299800002 ], [ -115.27029, 36.167180399800003 ], [ -115.2702927, 36.167180399800003 ], [ -115.2702927, 36.167191199800001 ], [ -115.27029, 36.167191199800001 ], [ -115.27029, 36.1672019998 ], [ -115.2702873, 36.1672019998 ], [ -115.2702873, 36.167204699800003 ], [ -115.2702711, 36.167204699800003 ], [ -115.2702711, 36.167207399799999 ], [ -115.2702684, 36.167207399799999 ], [ -115.2702684, 36.167210099800002 ], [ -115.2702657, 36.167210099800002 ], [ -115.2702657, 36.167215499800001 ], [ -115.270263, 36.167215499800001 ], [ -115.270263, 36.167218199799997 ] ] ] } },
{ "type": "Feature", "properties": { "value": 255.0 }, "geometry": { "type": "Polygon", "coordinates": [ [ [ -115.2706248, 36.1672019998 ], [ -115.2705708, 36.1672019998 ], [ -115.2705708, 36.167199299799996 ], [ -115.2705654, 36.167199299799996 ], [ -115.2705654, 36.167093999800002 ], [ -115.2705627, 36.167093999800002 ], [ -115.2705627, 36.167066999799999 ], [ -115.2705654, 36.167066999799999 ], [ -115.2705654, 36.167064299799996 ], [ -115.2705762, 36.167064299799996 ], [ -115.2705762, 36.1670615998 ], [ -115.2705789, 36.1670615998 ], [ -115.2705789, 36.167029199799998 ], [ -115.2705816, 36.167029199799998 ], [ -115.2705816, 36.167026499800002 ], [ -115.2705843, 36.167026499800002 ], [ -115.2705843, 36.167023799799999 ], [ -115.270589699999988, 36.167023799799999 ], [ -115.270589699999988, 36.167026499800002 ], [ -115.2706545, 36.167026499800002 ], [ -115.2706545, 36.167029199799998 ], [ -115.270657199999988, 36.167029199799998 ], [ -115.270657199999988, 36.167031899800001 ], [ -115.2706545, 36.167031899800001 ], [ -115.2706545, 36.167039999799997 ], [ -115.270657199999988, 36.167039999799997 ], [ -115.270657199999988, 36.167056199800001 ], [ -115.2706599, 36.167056199800001 ], [ -115.2706599, 36.167064299799996 ], [ -115.2706626, 36.167064299799996 ], [ -115.2706626, 36.1671965998 ], [ -115.270657199999988, 36.1671965998 ], [ -115.270657199999988, 36.167199299799996 ], [ -115.2706248, 36.167199299799996 ], [ -115.2706248, 36.1672019998 ] ] ] } }
]
}
