{
"type": "FeatureCollection",
"crs": { "type": "name", "properties": { "name": "urn:ogc:def:crs:OGC:1.3:CRS84" } },
"features": [
{ "type": "Feature", "properties": { "value": 255.0 }, "geometry": { "type": "Polygon", "coordinates": [ [ [ -115.2970605, 36.194987699899997 ], [ -115.2969876, 36.194987699899997 ], [ -115.2969876, 36.194906699899995 ], [ -115.2969957, 36.194906699899995 ], [ -115.2969957, 36.194903999899999 ], [ -115.297001099999989, 36.194903999899999 ], [ -115.297001099999989, 36.194901299899996 ], [ -115.2970065, 36.194901299899996 ], [ -115.2970065, 36.1948985999 ], [ -115.2970092, 36.1948985999 ], [ -115.2970092, 36.194901299899996 ], [ -115.2970173, 36.194901299899996 ], [ -115.2970173, 36.194903999899999 ], [ -115.2970254, 36.194903999899999 ], [ -115.2970254, 36.194906699899995 ], [ -115.297030799999987, 36.194906699899995 ], [ -115.297030799999987, 36.194909399899998 ], [ -115.2970362, 36.194909399899998 ], [ -115.2970362, 36.194912099899994 ], [ -115.2970389, 36.194912099899994 ], [ -115.2970389, 36.194914799899998 ], [ -115.2970416, 36.194914799899998 ], [ -115.2970416, 36.194917499899994 ], [ -115.2970443, 36.194917499899994 ], [ -115.2970443, 36.1949228999 ], [ -115.297047, 36.1949228999 ], [ -115.297047, 36.194928299899999 ], [ -115.297049699999988, 36.194928299899999 ], [ -115.297049699999988, 36.194936399899994 ], [ -115.2970524, 36.194936399899994 ], [ -115.2970524, 36.1949417999 ], [ -115.2970551, 36.1949417999 ], [ -115.2970551, 36.194944499899997 ], [ -115.2970578, 36.194944499899997 ], [ -115.2970578, 36.1949471999 ], [ -115.2970605, 36.1949471999 ], [ -115.2970605, 36.194955299899995 ], [ -115.2970632, 36.194955299899995 ], [ -115.2970632, 36.194960699899994 ], [ -115.2970605, 36.194960699899994 ], [ -115.2970605, 36.194987699899997 ] ] ] } },
{ "type": "Feature", "properties": { "value": 255.0 }, "geometry": { "type": "Polygon", "coordinates": [ [ [ -115.297182, 36.194885099899999 ], [ -115.2971631, 36.194885099899999 ], [ -115.2971631, 36.194882399899996 ], [ -115.2971604, 36.194882399899996 ], [ -115.2971604, 36.1948796999 ], [ -115.2971577, 36.1948796999 ], [ -115.2971577, 36.194876999899996 ], [ -115.297155, 36.194876999899996 ], [ -115.297155, 36.194871599899997 ], [ -115.2971523, 36.194871599899997 ], [ -115.2971523, 36.194863499899995 ], [ -115.2971496, 36.194863499899995 ], [ -115.2971496, 36.194858099899996 ], [ -115.2971469, 36.194858099899996 ], [ -115.2971469, 36.194852699899997 ], [ -115.2971442, 36.194852699899997 ], [ -115.2971442, 36.194844599899994 ], [ -115.2971415, 36.194844599899994 ], [ -115.2971415, 36.194839199899995 ], [ -115.2971388, 36.194839199899995 ], [ -115.2971388, 36.194836499899999 ], [ -115.297136099999989, 36.194836499899999 ], [ -115.297136099999989, 36.194825699899994 ], [ -115.2971388, 36.194825699899994 ], [ -115.2971388, 36.194822999899998 ], [ -115.2971496, 36.194822999899998 ], [ -115.2971496, 36.194820299899995 ], [ -115.297165799999988, 36.194820299899995 ], [ -115.297165799999988, 36.194817599899999 ], [ -115.2971766, 36.194817599899999 ], [ -115.2971766, 36.194820299899995 ], [ -115.297184699999988, 36.194820299899995 ], [ -115.297184699999988, 36.194822999899998 ], [ -115.2971955, 36.194822999899998 ], [ -115.2971955, 36.194825699899994 ], [ -115.2972009, 36.194825699899994 ], [ -115.2972009, 36.194828399899997 ], [ -115.297203599999989, 36.194828399899997 ], [ -115.297203599999989, 36.1948310999 ], [ -115.297209, 36.1948310999 ], [ -115.297209, 36.194833799899996 ], [ -115.2972117, 36.194833799899996 ], [ -115.2972117, 36.194836499899999 ], [ -115.2972144, 36.194836499899999 ], [ -115.2972144, 36.194839199899995 ], [ -115.2972198, 36.194839199899995 ], [ -115.2972198, 36.194844599899994 ], [ -115.2972225, 36.194844599899994 ], [ -115.2972225, 36.194847299899997 ], [ -115.2972252, 36.194847299899997 ], [ -115.2972252, 36.194852699899997 ], [ -115.2972279, 36.194852699899997 ], [ -115.2972279, 36.194858099899996 ], [ -115.2972306, 36.194858099899996 ], [ -115.2972306, 36.194868899899994 ], [ -115.2972279, 36.194868899899994 ], [ -115.2972279, 36.194871599899997 ], [ -115.2972225, 36.194871599899997 ], [ -115.2972225, 36.1948742999 ], [ -115.2972198, 36.1948742999 ], [ -115.2972198, 36.194876999899996 ], [ -115.2972144, 36.194876999899996 ], [ -115.2972144, 36.1948796999 ], [ -115.2972063, 36.1948796999 ], [ -115.2972063, 36.194882399899996 ], [ -115.297182, 36.194882399899996 ], [ -115.297182, 36.194885099899999 ] ] ] } },
{ "type": "Feature", "properties": { "value": 255.0 }, "geometry": { "type": "Polygon", "coordinates": [ [ [ -115.2975141, 36.194987699899997 ], [ -115.2972819, 36.194987699899997 ], [ -115.2972819, 36.194984999899994 ], [ -115.2972846, 36.194984999899994 ], [ -115.2972846, 36.194982299899998 ], [ -115.2972873, 36.194982299899998 ], [ -115.2972873, 36.194976899899999 ], [ -115.2972927, 36.194976899899999 ], [ -115.2972927, 36.194974199899995 ], [ -115.2973035, 36.194974199899995 ], [ -115.2973035, 36.194971499899999 ], [ -115.2973116, 36.194971499899999 ], [ -115.2973116, 36.194963399899997 ], [ -115.2973143, 36.194963399899997 ], [ -115.2973143, 36.1949471999 ], [ -115.297317, 36.1949471999 ], [ -115.297317, 36.194944499899997 ], [ -115.2973602, 36.194944499899997 ], [ -115.2973602, 36.1949471999 ], [ -115.2973656, 36.1949471999 ], [ -115.2973656, 36.1949417999 ], [ -115.297368299999988, 36.1949417999 ], [ -115.297368299999988, 36.194936399899994 ], [ -115.2973656, 36.194936399899994 ], [ -115.2973656, 36.194920199899997 ], [ -115.2973629, 36.194920199899997 ], [ -115.2973629, 36.194914799899998 ], [ -115.2973602, 36.194914799899998 ], [ -115.2973602, 36.194912099899994 ], [ -115.297344, 36.194912099899994 ], [ -115.297344, 36.194909399899998 ], [ -115.297338599999989, 36.194909399899998 ], [ -115.297338599999989, 36.194912099899994 ], [ -115.2973251, 36.194912099899994 ], [ -115.2973251, 36.194914799899998 ], [ -115.2973035, 36.194914799899998 ], [ -115.2973035, 36.194917499899994 ], [ -115.2972657, 36.194917499899994 ], [ -115.2972657, 36.1948985999 ], [ -115.2972684, 36.1948985999 ], [ -115.2972684, 36.194863499899995 ], [ -115.2972657, 36.194863499899995 ], [ -115.2972657, 36.194839199899995 ], [ -115.2972684, 36.194839199899995 ], [ -115.2972684, 36.194828399899997 ], [ -115.297271099999989, 36.194828399899997 ], [ -115.297271099999989, 36.194825699899994 ], [ -115.2972765, 36.194825699899994 ], [ -115.2972765, 36.194822999899998 ], [ -115.2972819, 36.194822999899998 ], [ -115.2972819, 36.194814899899995 ], [ -115.2972846, 36.194814899899995 ], [ -115.2972846, 36.194812199899999 ], [ -115.297300799999988, 36.194812199899999 ], [ -115.297300799999988, 36.194809499899996 ], [ -115.2973035, 36.194809499899996 ], [ -115.2973035, 36.1948067999 ], [ -115.2973062, 36.1948067999 ], [ -115.2973062, 36.194804099899997 ], [ -115.2973089, 36.194804099899997 ], [ -115.2973089, 36.194801399899994 ], [ -115.2973143, 36.194801399899994 ], [ -115.2973143, 36.194798699899998 ], [ -115.2973224, 36.194798699899998 ], [ -115.2973224, 36.194795999899995 ], [ -115.2973251, 36.194795999899995 ], [ -115.2973251, 36.194793299899999 ], [ -115.2973359, 36.194793299899999 ], [ -115.2973359, 36.194790599899996 ], [ -115.2973413, 36.194790599899996 ], [ -115.2973413, 36.1947878999 ], [ -115.2973602, 36.1947878999 ], [ -115.2973602, 36.194793299899999 ], [ -115.2973764, 36.194793299899999 ], [ -115.2973764, 36.194790599899996 ], [ -115.2973818, 36.194790599899996 ], [ -115.2973818, 36.194793299899999 ], [ -115.2973899, 36.194793299899999 ], [ -115.2973899, 36.194790599899996 ], [ -115.297398, 36.194790599899996 ], [ -115.297398, 36.1947878999 ], [ -115.2974115, 36.1947878999 ], [ -115.2974115, 36.194785199899997 ], [ -115.2974169, 36.194785199899997 ], [ -115.2974169, 36.194782499900001 ], [ -115.2974277, 36.194782499900001 ], [ -115.2974277, 36.194785199899997 ], [ -115.297435799999988, 36.194785199899997 ], [ -115.297435799999988, 36.1947878999 ], [ -115.2974385, 36.1947878999 ], [ -115.2974385, 36.194785199899997 ], [ -115.2974682, 36.194785199899997 ], [ -115.2974682, 36.1947878999 ], [ -115.2974709, 36.1947878999 ], [ -115.2974709, 36.194820299899995 ], [ -115.2974682, 36.194820299899995 ], [ -115.2974682, 36.194828399899997 ], [ -115.2974655, 36.194828399899997 ], [ -115.2974655, 36.1948553999 ], [ -115.2974628, 36.1948553999 ], [ -115.2974628, 36.194882399899996 ], [ -115.2974655, 36.194882399899996 ], [ -115.2974655, 36.194887799899995 ], [ -115.2974709, 36.194887799899995 ], [ -115.2974709, 36.194890499899998 ], [ -115.297479, 36.194890499899998 ], [ -115.297479, 36.194887799899995 ], [ -115.2974844, 36.194887799899995 ], [ -115.2974844, 36.194890499899998 ], [ -115.2974898, 36.194890499899998 ], [ -115.2974898, 36.194893199899994 ], [ -115.2974871, 36.194893199899994 ], [ -115.2974871, 36.194895899899997 ], [ -115.2974844, 36.194895899899997 ], [ -115.2974844, 36.194903999899999 ], [ -115.2974871, 36.194903999899999 ], [ -115.2974871, 36.194906699899995 ], [ -115.2974844, 36.194906699899995 ], [ -115.2974844, 36.194920199899997 ], [ -115.2974925, 36.194920199899997 ], [ -115.2974925, 36.194928299899999 ], [ -115.2975006, 36.194928299899999 ], [ -115.2975006, 36.194930999899995 ], [ -115.2975114, 36.194930999899995 ], [ -115.2975114, 36.194939099899997 ], [ -115.2975141, 36.194939099899997 ], [ -115.2975141, 36.1949471999 ], [ -115.2975168, 36.1949471999 ], [ -115.2975168, 36.194955299899995 ], [ -115.2975195, 36.194955299899995 ], [ -115.2975195, 36.194960699899994 ], [ -115.297522199999989, 36.194960699899994 ], [ -115.297522199999989, 36.194968799899996 ], [ -115.2975195, 36.194968799899996 ], [ -115.2975195, 36.194971499899999 ], [ -115.297522199999989, 36.194971499899999 ], [ -115.297522199999989, 36.194976899899999 ], [ -115.2975195, 36.194976899899999 ], [ -115.2975195, 36.194979599899995 ], [ -115.2975168, 36.194979599899995 ], [ -115.2975168, 36.194984999899994 ], [ -115.2975141, 36.194984999899994 ], [ -115.2975141, 36.194987699899997 ] ] ] } },
{ "type": "Feature", "properties": { "value": 255.0 }, "geometry": { "type": "Polygon", "coordinates": [ [ [ -115.298613, 36.194758199900001 ], [ -115.2985833, 36.194758199900001 ], [ -115.2985833, 36.194755499899998 ], [ -115.2985752, 36.194755499899998 ], [ -115.2985752, 36.194752799899994 ], [ -115.2985671, 36.194752799899994 ], [ -115.2985671, 36.194750099899998 ], [ -115.2985644, 36.194750099899998 ], [ -115.2985644, 36.194747399899995 ], [ -115.2985671, 36.194747399899995 ], [ -115.2985671, 36.194709599899994 ], [ -115.2985698, 36.194709599899994 ], [ -115.2985698, 36.194706899899998 ], [ -115.2985779, 36.194706899899998 ], [ -115.2985779, 36.194704199899995 ], [ -115.2986238, 36.194704199899995 ], [ -115.2986238, 36.194706899899998 ], [ -115.2986292, 36.194706899899998 ], [ -115.2986292, 36.194709599899994 ], [ -115.2986346, 36.194709599899994 ], [ -115.2986346, 36.1947149999 ], [ -115.2986373, 36.1947149999 ], [ -115.2986373, 36.1947203999 ], [ -115.29864, 36.1947203999 ], [ -115.29864, 36.194733899900001 ], [ -115.2986373, 36.194733899900001 ], [ -115.2986373, 36.194741999899996 ], [ -115.2986346, 36.194741999899996 ], [ -115.2986346, 36.194744699899999 ], [ -115.2986319, 36.194744699899999 ], [ -115.2986319, 36.194747399899995 ], [ -115.2986292, 36.194747399899995 ], [ -115.2986292, 36.194750099899998 ], [ -115.2986238, 36.194750099899998 ], [ -115.2986238, 36.194752799899994 ], [ -115.2986211, 36.194752799899994 ], [ -115.2986211, 36.194755499899998 ], [ -115.298613, 36.194755499899998 ], [ -115.298613, 36.194758199900001 ] ] ] } },
{ "type": "Feature", "properties": { "value": 255.0 }, "geometry": { "type": "Polygon", "coordinates": [ [ [ -115.298178299999989, 36.194790599899996 ], [ -115.2981324, 36.194790599899996 ], [ -115.2981324, 36.1947878999 ], [ -115.298127, 36.1947878999 ], [ -115.298127, 36.194785199899997 ], [ -115.2981243, 36.194785199899997 ], [ -115.2981243, 36.194779799899997 ], [ -115.2981216, 36.194779799899997 ], [ -115.2981216, 36.194774399899998 ], [ -115.2981189, 36.194774399899998 ], [ -115.2981189, 36.194768999899999 ], [ -115.2981162, 36.194768999899999 ], [ -115.2981162, 36.1947635999 ], [ -115.2981135, 36.1947635999 ], [ -115.2981135, 36.194760899899997 ], [ -115.298110799999989, 36.194760899899997 ], [ -115.298110799999989, 36.194758199900001 ], [ -115.2981081, 36.194758199900001 ], [ -115.2981081, 36.194755499899998 ], [ -115.2981027, 36.194755499899998 ], [ -115.2981027, 36.194752799899994 ], [ -115.2981, 36.194752799899994 ], [ -115.2981, 36.194750099899998 ], [ -115.2980919, 36.194750099899998 ], [ -115.2980919, 36.194747399899995 ], [ -115.2980811, 36.194747399899995 ], [ -115.2980811, 36.194744699899999 ], [ -115.2980757, 36.194744699899999 ], [ -115.2980757, 36.194747399899995 ], [ -115.298073, 36.194747399899995 ], [ -115.298073, 36.1947392999 ], [ -115.2980703, 36.1947392999 ], [ -115.2980703, 36.194736599899997 ], [ -115.2980622, 36.194736599899997 ], [ -115.2980622, 36.194733899900001 ], [ -115.2980595, 36.194733899900001 ], [ -115.2980595, 36.194731199899998 ], [ -115.2980541, 36.194731199899998 ], [ -115.2980541, 36.194728499899995 ], [ -115.2980487, 36.194728499899995 ], [ -115.2980487, 36.194733899900001 ], [ -115.298046, 36.194733899900001 ], [ -115.298046, 36.194736599899997 ], [ -115.2980406, 36.194736599899997 ], [ -115.2980406, 36.194733899900001 ], [ -115.2980379, 36.194733899900001 ], [ -115.2980379, 36.194717699899996 ], [ -115.2980352, 36.194717699899996 ], [ -115.2980352, 36.194709599899994 ], [ -115.298043299999989, 36.194709599899994 ], [ -115.298043299999989, 36.194712299899997 ], [ -115.298046, 36.194712299899997 ], [ -115.298046, 36.194709599899994 ], [ -115.2980595, 36.194709599899994 ], [ -115.2980595, 36.194706899899998 ], [ -115.2980568, 36.194706899899998 ], [ -115.2980568, 36.194701499899999 ], [ -115.2980622, 36.194701499899999 ], [ -115.2980622, 36.194698799899996 ], [ -115.2980595, 36.194698799899996 ], [ -115.2980595, 36.1946960999 ], [ -115.2980568, 36.1946960999 ], [ -115.2980568, 36.194690699900001 ], [ -115.2980595, 36.194690699900001 ], [ -115.2980595, 36.194687999899998 ], [ -115.2980622, 36.194687999899998 ], [ -115.2980622, 36.194682599899998 ], [ -115.2980649, 36.194682599899998 ], [ -115.2980649, 36.1946717999 ], [ -115.2980622, 36.1946717999 ], [ -115.2980622, 36.194666399900001 ], [ -115.2980595, 36.194666399900001 ], [ -115.2980595, 36.194650199899996 ], [ -115.2980568, 36.194650199899996 ], [ -115.2980568, 36.1946474999 ], [ -115.2980325, 36.1946474999 ], [ -115.2980325, 36.194644799899997 ], [ -115.2980163, 36.194644799899997 ], [ -115.2980163, 36.194642099900001 ], [ -115.2980109, 36.194642099900001 ], [ -115.2980109, 36.194639399899998 ], [ -115.2980055, 36.194639399899998 ], [ -115.2980055, 36.194642099900001 ], [ -115.2980001, 36.194642099900001 ], [ -115.2980001, 36.194639399899998 ], [ -115.2979839, 36.194639399899998 ], [ -115.2979839, 36.194636699899995 ], [ -115.2979785, 36.194636699899995 ], [ -115.2979785, 36.194633999899999 ], [ -115.297975799999989, 36.194633999899999 ], [ -115.297975799999989, 36.194631299899996 ], [ -115.2979704, 36.194631299899996 ], [ -115.2979704, 36.1946285999 ], [ -115.2979677, 36.1946285999 ], [ -115.2979677, 36.194623199900001 ], [ -115.297965, 36.194623199900001 ], [ -115.297965, 36.194617799899994 ], [ -115.2979623, 36.194617799899994 ], [ -115.2979623, 36.194615099899998 ], [ -115.2979596, 36.194615099899998 ], [ -115.2979596, 36.194596199899998 ], [ -115.2979569, 36.194596199899998 ], [ -115.2979569, 36.194590799899999 ], [ -115.2979542, 36.194590799899999 ], [ -115.2979542, 36.194588099899995 ], [ -115.2979488, 36.194588099899995 ], [ -115.2979488, 36.194585399899999 ], [ -115.2979326, 36.194585399899999 ], [ -115.2979326, 36.194582699899996 ], [ -115.2979299, 36.194582699899996 ], [ -115.2979299, 36.1945799999 ], [ -115.2979272, 36.1945799999 ], [ -115.2979272, 36.194558399899996 ], [ -115.2979326, 36.194558399899996 ], [ -115.2979326, 36.1945556999 ], [ -115.297938, 36.1945556999 ], [ -115.297938, 36.194552999899997 ], [ -115.2979461, 36.194552999899997 ], [ -115.2979461, 36.194550299900001 ], [ -115.2979515, 36.194550299900001 ], [ -115.2979515, 36.194547599899998 ], [ -115.2979677, 36.194547599899998 ], [ -115.2979677, 36.194550299900001 ], [ -115.2979731, 36.194550299900001 ], [ -115.2979731, 36.194552999899997 ], [ -115.297975799999989, 36.194552999899997 ], [ -115.297975799999989, 36.1945556999 ], [ -115.2979785, 36.1945556999 ], [ -115.2979785, 36.194558399899996 ], [ -115.2979839, 36.194558399899996 ], [ -115.2979839, 36.1945556999 ], [ -115.2979866, 36.1945556999 ], [ -115.2979866, 36.194552999899997 ], [ -115.2979947, 36.194552999899997 ], [ -115.2979947, 36.1945556999 ], [ -115.2979974, 36.1945556999 ], [ -115.2979974, 36.1945610999 ], [ -115.2980217, 36.1945610999 ], [ -115.2980217, 36.194558399899996 ], [ -115.2980271, 36.194558399899996 ], [ -115.2980271, 36.1945556999 ], [ -115.2980325, 36.1945556999 ], [ -115.2980325, 36.194552999899997 ], [ -115.2980379, 36.194552999899997 ], [ -115.2980379, 36.194550299900001 ], [ -115.2980406, 36.194550299900001 ], [ -115.2980406, 36.194547599899998 ], [ -115.298043299999989, 36.194547599899998 ], [ -115.298043299999989, 36.194539499899996 ], [ -115.298046, 36.194539499899996 ], [ -115.298046, 36.1945367999 ], [ -115.2980541, 36.1945367999 ], [ -115.2980541, 36.194534099899997 ], [ -115.2980676, 36.194534099899997 ], [ -115.2980676, 36.194531399900001 ], [ -115.2980892, 36.194531399900001 ], [ -115.2980892, 36.194528699899998 ], [ -115.2981054, 36.194528699899998 ], [ -115.2981054, 36.194525999900002 ], [ -115.2981189, 36.194525999900002 ], [ -115.2981189, 36.194523299899998 ], [ -115.298127, 36.194523299899998 ], [ -115.298127, 36.194520599899995 ], [ -115.2981378, 36.194520599899995 ], [ -115.2981378, 36.194517899899999 ], [ -115.2981567, 36.194517899899999 ], [ -115.2981567, 36.194520599899995 ], [ -115.2981675, 36.194520599899995 ], [ -115.2981675, 36.194523299899998 ], [ -115.2981729, 36.194523299899998 ], [ -115.2981729, 36.194525999900002 ], [ -115.2981837, 36.194525999900002 ], [ -115.2981837, 36.194523299899998 ], [ -115.2981918, 36.194523299899998 ], [ -115.2981918, 36.194525999900002 ], [ -115.2981972, 36.194525999900002 ], [ -115.2981972, 36.194528699899998 ], [ -115.2982026, 36.194528699899998 ], [ -115.2982026, 36.1945367999 ], [ -115.2982053, 36.1945367999 ], [ -115.2982053, 36.194539499899996 ], [ -115.2982107, 36.194539499899996 ], [ -115.2982107, 36.194542199899999 ], [ -115.2982134, 36.194542199899999 ], [ -115.2982134, 36.194544899899995 ], [ -115.2982161, 36.194544899899995 ], [ -115.2982161, 36.194550299900001 ], [ -115.2982242, 36.194550299900001 ], [ -115.2982242, 36.194552999899997 ], [ -115.2982269, 36.194552999899997 ], [ -115.2982269, 36.194558399899996 ], [ -115.2982296, 36.194558399899996 ], [ -115.2982296, 36.194566499899999 ], [ -115.2982323, 36.194566499899999 ], [ -115.2982323, 36.194577299899997 ], [ -115.298235, 36.194577299899997 ], [ -115.298235, 36.194582699899996 ], [ -115.2982323, 36.194582699899996 ], [ -115.2982323, 36.194588099899995 ], [ -115.2982296, 36.194588099899995 ], [ -115.2982296, 36.194593499899995 ], [ -115.2982269, 36.194593499899995 ], [ -115.2982269, 36.194601599899997 ], [ -115.2982242, 36.194601599899997 ], [ -115.2982242, 36.194606999899996 ], [ -115.2982215, 36.194606999899996 ], [ -115.2982215, 36.194612399899995 ], [ -115.2982188, 36.194612399899995 ], [ -115.2982188, 36.194615099899998 ], [ -115.2982215, 36.194615099899998 ], [ -115.2982215, 36.194623199900001 ], [ -115.2982188, 36.194623199900001 ], [ -115.2982188, 36.194625899899997 ], [ -115.2982215, 36.194625899899997 ], [ -115.2982215, 36.1946285999 ], [ -115.2982242, 36.1946285999 ], [ -115.2982242, 36.194642099900001 ], [ -115.2982269, 36.194642099900001 ], [ -115.2982269, 36.194655599899995 ], [ -115.2982296, 36.194655599899995 ], [ -115.2982296, 36.194658299899999 ], [ -115.2982323, 36.194658299899999 ], [ -115.2982323, 36.194660999899995 ], [ -115.298235, 36.194660999899995 ], [ -115.298235, 36.194663699899998 ], [ -115.2982377, 36.194663699899998 ], [ -115.2982377, 36.194666399900001 ], [ -115.2982404, 36.194666399900001 ], [ -115.2982404, 36.194669099899997 ], [ -115.2982431, 36.194669099899997 ], [ -115.2982431, 36.1946717999 ], [ -115.2982485, 36.1946717999 ], [ -115.2982485, 36.194674499899996 ], [ -115.2982539, 36.194674499899996 ], [ -115.2982539, 36.194677199899999 ], [ -115.2982566, 36.194677199899999 ], [ -115.2982566, 36.194679899899995 ], [ -115.298262, 36.194679899899995 ], [ -115.298262, 36.194682599899998 ], [ -115.2982701, 36.194682599899998 ], [ -115.2982701, 36.194679899899995 ], [ -115.2982728, 36.194679899899995 ], [ -115.2982728, 36.194682599899998 ], [ -115.2982809, 36.194682599899998 ], [ -115.2982809, 36.194685299899994 ], [ -115.298289, 36.194685299899994 ], [ -115.298289, 36.194687999899998 ], [ -115.2982917, 36.194687999899998 ], [ -115.2982917, 36.194690699900001 ], [ -115.2982944, 36.194690699900001 ], [ -115.2982944, 36.194693399899997 ], [ -115.2982998, 36.194693399899997 ], [ -115.2982998, 36.1946960999 ], [ -115.2983025, 36.1946960999 ], [ -115.2983025, 36.194704199899995 ], [ -115.2983052, 36.194704199899995 ], [ -115.2983052, 36.194709599899994 ], [ -115.2983079, 36.194709599899994 ], [ -115.2983079, 36.1947149999 ], [ -115.2983052, 36.1947149999 ], [ -115.2983052, 36.194741999899996 ], [ -115.2983079, 36.194741999899996 ], [ -115.2983079, 36.194750099899998 ], [ -115.2983052, 36.194750099899998 ], [ -115.2983052, 36.194755499899998 ], [ -115.2983025, 36.194755499899998 ], [ -115.2983025, 36.194758199900001 ], [ -115.2982944, 36.194758199900001 ], [ -115.2982944, 36.194760899899997 ], [ -115.2982728, 36.194760899899997 ], [ -115.2982728, 36.1947635999 ], [ -115.298262, 36.1947635999 ], [ -115.298262, 36.194766299899996 ], [ -115.2982539, 36.194766299899996 ], [ -115.2982539, 36.194768999899999 ], [ -115.298245799999989, 36.194768999899999 ], [ -115.298245799999989, 36.194771699899995 ], [ -115.2982377, 36.194771699899995 ], [ -115.2982377, 36.194774399899998 ], [ -115.2982296, 36.194774399899998 ], [ -115.2982296, 36.194777099899994 ], [ -115.2982161, 36.194777099899994 ], [ -115.2982161, 36.194779799899997 ], [ -115.298208, 36.194779799899997 ], [ -115.298208, 36.194782499900001 ], [ -115.2981999, 36.194782499900001 ], [ -115.2981999, 36.194785199899997 ], [ -115.2981891, 36.194785199899997 ], [ -115.2981891, 36.1947878999 ], [ -115.298178299999989, 36.1947878999 ], [ -115.298178299999989, 36.194790599899996 ] ] ] } },
{ "type": "Feature", "properties": { "value": 255.0 }, "geometry": { "type": "Polygon", "coordinates": [ [ [ -115.2972252, 36.1947149999 ], [ -115.2972117, 36.1947149999 ], [ -115.2972117, 36.194712299899997 ], [ -115.297209, 36.194712299899997 ], [ -115.297209, 36.194709599899994 ], [ -115.297203599999989, 36.194709599899994 ], [ -115.297203599999989, 36.194706899899998 ], [ -115.2972009, 36.194706899899998 ], [ -115.2972009, 36.194704199899995 ], [ -115.2971982, 36.194704199899995 ], [ -115.2971982, 36.194701499899999 ], [ -115.2971928, 36.194701499899999 ], [ -115.2971928, 36.1946960999 ], [ -115.2971901, 36.1946960999 ], [ -115.2971901, 36.194693399899997 ], [ -115.2971874, 36.194693399899997 ], [ -115.2971874, 36.194690699900001 ], [ -115.297184699999988, 36.194690699900001 ], [ -115.297184699999988, 36.194687999899998 ], [ -115.297182, 36.194687999899998 ], [ -115.297182, 36.194679899899995 ], [ -115.2971793, 36.194679899899995 ], [ -115.2971793, 36.194674499899996 ], [ -115.2971766, 36.194674499899996 ], [ -115.2971766, 36.194658299899999 ], [ -115.2971793, 36.194658299899999 ], [ -115.2971793, 36.194655599899995 ], [ -115.297182, 36.194655599899995 ], [ -115.297182, 36.194652899899999 ], [ -115.297184699999988, 36.194652899899999 ], [ -115.297184699999988, 36.194650199899996 ], [ -115.2971901, 36.194650199899996 ], [ -115.2971901, 36.1946474999 ], [ -115.297209, 36.1946474999 ], [ -115.297209, 36.194636699899995 ], [ -115.2972063, 36.194636699899995 ], [ -115.2972063, 36.194631299899996 ], [ -115.297203599999989, 36.194631299899996 ], [ -115.297203599999989, 36.194625899899997 ], [ -115.2972009, 36.194625899899997 ], [ -115.2972009, 36.194620499899997 ], [ -115.2971982, 36.194620499899997 ], [ -115.2971982, 36.194617799899994 ], [ -115.2971955, 36.194617799899994 ], [ -115.2971955, 36.194615099899998 ], [ -115.2971982, 36.194615099899998 ], [ -115.2971982, 36.194609699899999 ], [ -115.2971955, 36.194609699899999 ], [ -115.2971955, 36.194601599899997 ], [ -115.2971928, 36.194601599899997 ], [ -115.2971928, 36.194596199899998 ], [ -115.2971901, 36.194596199899998 ], [ -115.2971901, 36.194590799899999 ], [ -115.2971874, 36.194590799899999 ], [ -115.2971874, 36.194588099899995 ], [ -115.297182, 36.194588099899995 ], [ -115.297182, 36.194585399899999 ], [ -115.2971712, 36.194585399899999 ], [ -115.2971712, 36.194588099899995 ], [ -115.2971604, 36.194588099899995 ], [ -115.2971604, 36.194585399899999 ], [ -115.2971577, 36.194585399899999 ], [ -115.2971577, 36.194582699899996 ], [ -115.2971523, 36.194582699899996 ], [ -115.2971523, 36.1945799999 ], [ -115.2971496, 36.1945799999 ], [ -115.2971496, 36.194577299899997 ], [ -115.2971469, 36.194577299899997 ], [ -115.2971469, 36.194566499899999 ], [ -115.2971442, 36.194566499899999 ], [ -115.2971442, 36.194558399899996 ], [ -115.2971415, 36.194558399899996 ], [ -115.2971415, 36.194550299900001 ], [ -115.2971388, 36.194550299900001 ], [ -115.2971388, 36.194544899899995 ], [ -115.297136099999989, 36.194544899899995 ], [ -115.297136099999989, 36.194539499899996 ], [ -115.2971334, 36.194539499899996 ], [ -115.2971334, 36.1945367999 ], [ -115.2971307, 36.1945367999 ], [ -115.2971307, 36.194531399900001 ], [ -115.297128, 36.194531399900001 ], [ -115.297128, 36.194515199899996 ], [ -115.2971253, 36.194515199899996 ], [ -115.2971253, 36.194504399899998 ], [ -115.2971226, 36.194504399899998 ], [ -115.2971226, 36.194501699899995 ], [ -115.2971199, 36.194501699899995 ], [ -115.2971199, 36.194498999899999 ], [ -115.297117199999988, 36.194498999899999 ], [ -115.297117199999988, 36.194496299899996 ], [ -115.2971145, 36.194496299899996 ], [ -115.2971145, 36.194493599899999 ], [ -115.2971118, 36.194493599899999 ], [ -115.2971118, 36.194490899899996 ], [ -115.2971091, 36.194490899899996 ], [ -115.2971091, 36.1944881999 ], [ -115.2971064, 36.1944881999 ], [ -115.2971064, 36.194480099899998 ], [ -115.2971037, 36.194480099899998 ], [ -115.2971037, 36.194474699899999 ], [ -115.2971064, 36.194474699899999 ], [ -115.2971064, 36.1944692999 ], [ -115.2971091, 36.1944692999 ], [ -115.2971091, 36.194463899900001 ], [ -115.2971118, 36.194463899900001 ], [ -115.2971118, 36.194461199899997 ], [ -115.2971145, 36.194461199899997 ], [ -115.2971145, 36.194458499900001 ], [ -115.2971199, 36.194458499900001 ], [ -115.2971199, 36.194455799899998 ], [ -115.297136099999989, 36.194455799899998 ], [ -115.297136099999989, 36.194453099899995 ], [ -115.2971442, 36.194453099899995 ], [ -115.2971442, 36.194450399899999 ], [ -115.2971496, 36.194450399899999 ], [ -115.2971496, 36.194447699899996 ], [ -115.2971523, 36.194447699899996 ], [ -115.2971523, 36.1944449999 ], [ -115.2971604, 36.1944449999 ], [ -115.2971604, 36.194442299899997 ], [ -115.297165799999988, 36.194442299899997 ], [ -115.297165799999988, 36.194439599900001 ], [ -115.2971712, 36.194439599900001 ], [ -115.2971712, 36.194436899899998 ], [ -115.2971793, 36.194436899899998 ], [ -115.2971793, 36.194434199900002 ], [ -115.297184699999988, 36.194434199900002 ], [ -115.297184699999988, 36.194436899899998 ], [ -115.2971901, 36.194436899899998 ], [ -115.2971901, 36.194434199900002 ], [ -115.2972117, 36.194434199900002 ], [ -115.2972117, 36.194436899899998 ], [ -115.2972279, 36.194436899899998 ], [ -115.2972279, 36.194439599900001 ], [ -115.2972387, 36.194439599900001 ], [ -115.2972387, 36.194436899899998 ], [ -115.297271099999989, 36.194436899899998 ], [ -115.297271099999989, 36.194439599900001 ], [ -115.2972765, 36.194439599900001 ], [ -115.2972765, 36.194442299899997 ], [ -115.2972846, 36.194442299899997 ], [ -115.2972846, 36.1944449999 ], [ -115.2973035, 36.1944449999 ], [ -115.2973035, 36.194447699899996 ], [ -115.2973116, 36.194447699899996 ], [ -115.2973116, 36.194450399899999 ], [ -115.297317, 36.194450399899999 ], [ -115.297317, 36.194453099899995 ], [ -115.2973494, 36.194453099899995 ], [ -115.2973494, 36.194450399899999 ], [ -115.2973575, 36.194450399899999 ], [ -115.2973575, 36.194453099899995 ], [ -115.2973602, 36.194453099899995 ], [ -115.2973602, 36.194461199899997 ], [ -115.2973629, 36.194461199899997 ], [ -115.2973629, 36.194463899900001 ], [ -115.2973656, 36.194463899900001 ], [ -115.2973656, 36.194461199899997 ], [ -115.2973791, 36.194461199899997 ], [ -115.2973791, 36.194463899900001 ], [ -115.297387199999989, 36.194463899900001 ], [ -115.297387199999989, 36.194466599899997 ], [ -115.2973899, 36.194466599899997 ], [ -115.2973899, 36.1944692999 ], [ -115.2973953, 36.1944692999 ], [ -115.2973953, 36.194474699899999 ], [ -115.297398, 36.194474699899999 ], [ -115.297398, 36.194477399899995 ], [ -115.2974007, 36.194477399899995 ], [ -115.2974007, 36.194480099899998 ], [ -115.2974034, 36.194480099899998 ], [ -115.2974034, 36.194485499899997 ], [ -115.297406099999989, 36.194485499899997 ], [ -115.297406099999989, 36.194501699899995 ], [ -115.2974088, 36.194501699899995 ], [ -115.2974088, 36.194520599899995 ], [ -115.2974115, 36.194520599899995 ], [ -115.2974115, 36.194525999900002 ], [ -115.2974142, 36.194525999900002 ], [ -115.2974142, 36.194534099899997 ], [ -115.2974115, 36.194534099899997 ], [ -115.2974115, 36.194539499899996 ], [ -115.2974142, 36.194539499899996 ], [ -115.2974142, 36.194544899899995 ], [ -115.2974115, 36.194544899899995 ], [ -115.2974115, 36.194552999899997 ], [ -115.2974142, 36.194552999899997 ], [ -115.2974142, 36.1945556999 ], [ -115.2974223, 36.1945556999 ], [ -115.2974223, 36.194558399899996 ], [ -115.2974277, 36.194558399899996 ], [ -115.2974277, 36.1945610999 ], [ -115.2974331, 36.1945610999 ], [ -115.2974331, 36.194566499899999 ], [ -115.297435799999988, 36.194566499899999 ], [ -115.297435799999988, 36.194569199899995 ], [ -115.2974385, 36.194569199899995 ], [ -115.2974385, 36.194571899899998 ], [ -115.2974412, 36.194571899899998 ], [ -115.2974412, 36.194577299899997 ], [ -115.2974439, 36.194577299899997 ], [ -115.2974439, 36.194582699899996 ], [ -115.2974466, 36.194582699899996 ], [ -115.2974466, 36.194590799899999 ], [ -115.2974493, 36.194590799899999 ], [ -115.2974493, 36.194593499899995 ], [ -115.2974466, 36.194593499899995 ], [ -115.2974466, 36.194606999899996 ], [ -115.2974439, 36.194606999899996 ], [ -115.2974439, 36.194612399899995 ], [ -115.2974412, 36.194612399899995 ], [ -115.2974412, 36.194615099899998 ], [ -115.297435799999988, 36.194615099899998 ], [ -115.297435799999988, 36.194625899899997 ], [ -115.2974331, 36.194625899899997 ], [ -115.2974331, 36.194642099900001 ], [ -115.2974304, 36.194642099900001 ], [ -115.2974304, 36.194650199899996 ], [ -115.2974277, 36.194650199899996 ], [ -115.2974277, 36.194658299899999 ], [ -115.297425, 36.194658299899999 ], [ -115.297425, 36.194660999899995 ], [ -115.2974196, 36.194660999899995 ], [ -115.2974196, 36.194663699899998 ], [ -115.2974142, 36.194663699899998 ], [ -115.2974142, 36.194666399900001 ], [ -115.297406099999989, 36.194666399900001 ], [ -115.297406099999989, 36.194669099899997 ], [ -115.297398, 36.194669099899997 ], [ -115.297398, 36.1946717999 ], [ -115.2973899, 36.1946717999 ], [ -115.2973899, 36.194674499899996 ], [ -115.2973818, 36.194674499899996 ], [ -115.2973818, 36.194677199899999 ], [ -115.2973737, 36.194677199899999 ], [ -115.2973737, 36.194679899899995 ], [ -115.2973629, 36.194679899899995 ], [ -115.2973629, 36.194682599899998 ], [ -115.2973521, 36.194682599899998 ], [ -115.2973521, 36.194685299899994 ], [ -115.2973278, 36.194685299899994 ], [ -115.2973278, 36.194687999899998 ], [ -115.2973143, 36.194687999899998 ], [ -115.2973143, 36.194690699900001 ], [ -115.2973062, 36.194690699900001 ], [ -115.2973062, 36.194693399899997 ], [ -115.2972981, 36.194693399899997 ], [ -115.2972981, 36.1946960999 ], [ -115.2972873, 36.1946960999 ], [ -115.2972873, 36.194698799899996 ], [ -115.2972765, 36.194698799899996 ], [ -115.2972765, 36.194701499899999 ], [ -115.2972657, 36.194701499899999 ], [ -115.2972657, 36.194704199899995 ], [ -115.2972549, 36.194704199899995 ], [ -115.2972549, 36.194706899899998 ], [ -115.2972468, 36.194706899899998 ], [ -115.2972468, 36.194709599899994 ], [ -115.297236, 36.194709599899994 ], [ -115.297236, 36.194712299899997 ], [ -115.2972252, 36.194712299899997 ], [ -115.2972252, 36.1947149999 ] ] ] } },
{ "type": "Feature", "properties": { "value": 255.0 }, "geometry": { "type": "Polygon", "coordinates": [ [ [ -115.2979299, 36.194463899900001 ], [ -115.2979218, 36.194463899900001 ], [ -115.2979218, 36.194461199899997 ], [ -115.2979137, 36.194461199899997 ], [ -115.2979137, 36.194458499900001 ], [ -115.297911, 36.194458499900001 ], [ -115.297911, 36.194455799899998 ], [ -115.297908299999989, 36.194455799899998 ], [ -115.297908299999989, 36.194450399899999 ], [ -115.2979056, 36.194450399899999 ], [ -115.2979056, 36.194447699899996 ], [ -115.2979029, 36.194447699899996 ], [ -115.2979029, 36.1944449999 ], [ -115.2979002, 36.1944449999 ], [ -115.2979002, 36.194442299899997 ], [ -115.297884, 36.194442299899997 ], [ -115.297884, 36.194439599900001 ], [ -115.297859699999989, 36.194439599900001 ], [ -115.297859699999989, 36.194442299899997 ], [ -115.2978462, 36.194442299899997 ], [ -115.2978462, 36.194439599900001 ], [ -115.2978435, 36.194439599900001 ], [ -115.2978435, 36.194436899899998 ], [ -115.297840799999989, 36.194436899899998 ], [ -115.297840799999989, 36.194428799899995 ], [ -115.2978381, 36.194428799899995 ], [ -115.2978381, 36.194423399899996 ], [ -115.2978354, 36.194423399899996 ], [ -115.2978354, 36.194417999899997 ], [ -115.2978327, 36.194417999899997 ], [ -115.2978327, 36.194415299900001 ], [ -115.2978246, 36.194415299900001 ], [ -115.2978246, 36.194412599899998 ], [ -115.2978192, 36.194412599899998 ], [ -115.2978192, 36.194415299900001 ], [ -115.2978111, 36.194415299900001 ], [ -115.2978111, 36.194399099899996 ], [ -115.2978138, 36.194399099899996 ], [ -115.2978138, 36.194393699899997 ], [ -115.2978246, 36.194393699899997 ], [ -115.2978246, 36.194390999900001 ], [ -115.29783, 36.194390999900001 ], [ -115.29783, 36.194388299899998 ], [ -115.2978327, 36.194388299899998 ], [ -115.2978327, 36.194380199899996 ], [ -115.2978354, 36.194380199899996 ], [ -115.2978354, 36.1943774999 ], [ -115.297840799999989, 36.1943774999 ], [ -115.297840799999989, 36.194361299899995 ], [ -115.2978381, 36.194361299899995 ], [ -115.2978381, 36.194350499899997 ], [ -115.297840799999989, 36.194350499899997 ], [ -115.297840799999989, 36.194347799900001 ], [ -115.2978489, 36.194347799900001 ], [ -115.2978489, 36.194345099899998 ], [ -115.2978543, 36.194345099899998 ], [ -115.2978543, 36.194342399900002 ], [ -115.297859699999989, 36.194342399900002 ], [ -115.297859699999989, 36.194339699899999 ], [ -115.2978651, 36.194339699899999 ], [ -115.2978651, 36.194336999899996 ], [ -115.2978624, 36.194336999899996 ], [ -115.2978624, 36.194331599899996 ], [ -115.297859699999989, 36.194331599899996 ], [ -115.297859699999989, 36.1943288999 ], [ -115.297857, 36.1943288999 ], [ -115.297857, 36.194326199899997 ], [ -115.2978543, 36.194326199899997 ], [ -115.2978543, 36.194323499900001 ], [ -115.2978516, 36.194323499900001 ], [ -115.2978516, 36.194318099900002 ], [ -115.2978489, 36.194318099900002 ], [ -115.2978489, 36.194307299899997 ], [ -115.2978435, 36.194307299899997 ], [ -115.2978435, 36.194304599900001 ], [ -115.2978354, 36.194304599900001 ], [ -115.2978354, 36.194301899899997 ], [ -115.2978246, 36.194301899899997 ], [ -115.2978246, 36.194304599900001 ], [ -115.2978084, 36.194304599900001 ], [ -115.2978084, 36.194307299899997 ], [ -115.2978003, 36.194307299899997 ], [ -115.2978003, 36.1943099999 ], [ -115.2977841, 36.1943099999 ], [ -115.2977841, 36.194307299899997 ], [ -115.2977814, 36.194307299899997 ], [ -115.2977814, 36.194301899899997 ], [ -115.2977787, 36.194301899899997 ], [ -115.2977787, 36.194299199900001 ], [ -115.297776, 36.194299199900001 ], [ -115.297776, 36.194296499899998 ], [ -115.297773299999989, 36.194296499899998 ], [ -115.297773299999989, 36.194293799899995 ], [ -115.2977679, 36.194293799899995 ], [ -115.2977679, 36.194296499899998 ], [ -115.2977652, 36.194296499899998 ], [ -115.2977652, 36.194293799899995 ], [ -115.297749, 36.194293799899995 ], [ -115.297749, 36.194291099899999 ], [ -115.2977463, 36.194291099899999 ], [ -115.2977463, 36.194288399899996 ], [ -115.2977436, 36.194288399899996 ], [ -115.2977436, 36.1942856999 ], [ -115.2977409, 36.1942856999 ], [ -115.2977409, 36.194258699899997 ], [ -115.2977436, 36.194258699899997 ], [ -115.2977436, 36.194255999900001 ], [ -115.2977463, 36.194255999900001 ], [ -115.2977463, 36.194253299899998 ], [ -115.2977625, 36.194253299899998 ], [ -115.2977625, 36.194255999900001 ], [ -115.2977652, 36.194255999900001 ], [ -115.2977652, 36.194258699899997 ], [ -115.297773299999989, 36.194258699899997 ], [ -115.297773299999989, 36.194255999900001 ], [ -115.2977895, 36.194255999900001 ], [ -115.2977895, 36.194253299899998 ], [ -115.2978138, 36.194253299899998 ], [ -115.2978138, 36.194250599900002 ], [ -115.2978219, 36.194250599900002 ], [ -115.2978219, 36.194247899899999 ], [ -115.2978246, 36.194247899899999 ], [ -115.2978246, 36.194245199899996 ], [ -115.29783, 36.194245199899996 ], [ -115.29783, 36.1942424999 ], [ -115.2978381, 36.1942424999 ], [ -115.2978381, 36.194239799899997 ], [ -115.2978462, 36.194239799899997 ], [ -115.2978462, 36.1942370999 ], [ -115.2978516, 36.1942370999 ], [ -115.2978516, 36.194234399899997 ], [ -115.297859699999989, 36.194234399899997 ], [ -115.297859699999989, 36.194231699900001 ], [ -115.2978651, 36.194231699900001 ], [ -115.2978651, 36.194228999899998 ], [ -115.2978813, 36.194228999899998 ], [ -115.2978813, 36.194226299900002 ], [ -115.297884, 36.194226299900002 ], [ -115.297884, 36.194223599899999 ], [ -115.2978867, 36.194223599899999 ], [ -115.2978867, 36.1942181999 ], [ -115.2978921, 36.1942181999 ], [ -115.2978921, 36.194215499899997 ], [ -115.2979002, 36.194215499899997 ], [ -115.2979002, 36.194212799900001 ], [ -115.297908299999989, 36.194212799900001 ], [ -115.297908299999989, 36.194210099899998 ], [ -115.2979353, 36.194210099899998 ], [ -115.2979353, 36.194207399900002 ], [ -115.2979515, 36.194207399900002 ], [ -115.2979515, 36.194204699899998 ], [ -115.2979893, 36.194204699899998 ], [ -115.2979893, 36.194207399900002 ], [ -115.297992, 36.194207399900002 ], [ -115.297992, 36.194212799900001 ], [ -115.2979947, 36.194212799900001 ], [ -115.2979947, 36.194220899899996 ], [ -115.2979974, 36.194220899899996 ], [ -115.2979974, 36.194226299900002 ], [ -115.2980001, 36.194226299900002 ], [ -115.2980001, 36.194231699900001 ], [ -115.2980028, 36.194231699900001 ], [ -115.2980028, 36.1942370999 ], [ -115.2980055, 36.1942370999 ], [ -115.2980055, 36.1942424999 ], [ -115.2980082, 36.1942424999 ], [ -115.2980082, 36.194247899899999 ], [ -115.2980109, 36.194247899899999 ], [ -115.2980109, 36.194253299899998 ], [ -115.2980136, 36.194253299899998 ], [ -115.2980136, 36.194258699899997 ], [ -115.2980163, 36.194258699899997 ], [ -115.2980163, 36.194266799899999 ], [ -115.2980136, 36.194266799899999 ], [ -115.2980136, 36.194272199899999 ], [ -115.2980082, 36.194272199899999 ], [ -115.2980082, 36.194274899900002 ], [ -115.2980055, 36.194274899900002 ], [ -115.2980055, 36.194277599899998 ], [ -115.2980028, 36.194277599899998 ], [ -115.2980028, 36.194282999899997 ], [ -115.2980001, 36.194282999899997 ], [ -115.2980001, 36.194299199900001 ], [ -115.2980028, 36.194299199900001 ], [ -115.2980028, 36.194304599900001 ], [ -115.2980055, 36.194304599900001 ], [ -115.2980055, 36.194307299899997 ], [ -115.2980082, 36.194307299899997 ], [ -115.2980082, 36.194323499900001 ], [ -115.2980109, 36.194323499900001 ], [ -115.2980109, 36.194331599899996 ], [ -115.2980136, 36.194331599899996 ], [ -115.2980136, 36.194336999899996 ], [ -115.2980163, 36.194336999899996 ], [ -115.2980163, 36.194342399900002 ], [ -115.298019, 36.194342399900002 ], [ -115.298019, 36.194345099899998 ], [ -115.2980217, 36.194345099899998 ], [ -115.2980217, 36.194347799900001 ], [ -115.2980325, 36.194347799900001 ], [ -115.2980325, 36.194350499899997 ], [ -115.2980487, 36.194350499899997 ], [ -115.2980487, 36.1943531999 ], [ -115.2980568, 36.1943531999 ], [ -115.2980568, 36.194355899899996 ], [ -115.2980622, 36.194355899899996 ], [ -115.2980622, 36.194358599899999 ], [ -115.2980649, 36.194358599899999 ], [ -115.2980649, 36.194363999899998 ], [ -115.2980676, 36.194363999899998 ], [ -115.2980676, 36.194369399899998 ], [ -115.2980703, 36.194369399899998 ], [ -115.2980703, 36.1943774999 ], [ -115.298073, 36.1943774999 ], [ -115.298073, 36.194382899899999 ], [ -115.2980757, 36.194382899899999 ], [ -115.2980757, 36.194388299899998 ], [ -115.2980784, 36.194388299899998 ], [ -115.2980784, 36.194393699899997 ], [ -115.2980811, 36.194393699899997 ], [ -115.2980811, 36.194399099899996 ], [ -115.2980838, 36.194399099899996 ], [ -115.2980838, 36.194407199899999 ], [ -115.2980865, 36.194407199899999 ], [ -115.2980865, 36.194412599899998 ], [ -115.2980838, 36.194412599899998 ], [ -115.2980838, 36.194415299900001 ], [ -115.2980811, 36.194415299900001 ], [ -115.2980811, 36.194417999899997 ], [ -115.2980703, 36.194417999899997 ], [ -115.2980703, 36.1944206999 ], [ -115.2980622, 36.1944206999 ], [ -115.2980622, 36.194423399899996 ], [ -115.2980541, 36.194423399899996 ], [ -115.2980541, 36.194426099899999 ], [ -115.298046, 36.194426099899999 ], [ -115.298046, 36.194428799899995 ], [ -115.2980379, 36.194428799899995 ], [ -115.2980379, 36.194431499899999 ], [ -115.2980271, 36.194431499899999 ], [ -115.2980271, 36.194434199900002 ], [ -115.298019, 36.194434199900002 ], [ -115.298019, 36.194436899899998 ], [ -115.2980136, 36.194436899899998 ], [ -115.2980136, 36.194439599900001 ], [ -115.2980028, 36.194439599900001 ], [ -115.2980028, 36.194442299899997 ], [ -115.2979947, 36.194442299899997 ], [ -115.2979947, 36.1944449999 ], [ -115.2979866, 36.1944449999 ], [ -115.2979866, 36.194447699899996 ], [ -115.297975799999989, 36.194447699899996 ], [ -115.297975799999989, 36.194450399899999 ], [ -115.2979677, 36.194450399899999 ], [ -115.2979677, 36.194453099899995 ], [ -115.2979596, 36.194453099899995 ], [ -115.2979596, 36.194455799899998 ], [ -115.2979515, 36.194455799899998 ], [ -115.2979515, 36.194458499900001 ], [ -115.2979434, 36.194458499900001 ], [ -115.2979434, 36.194461199899997 ], [ -115.2979299, 36.194461199899997 ], [ -115.2979299, 36.194463899900001 ] ], [ [ -115.2978219, 36.1944017999 ], [ -115.2978219, 36.194399099899996 ], [ -115.2978192, 36.194399099899996 ], [ -115.2978192, 36.1944017999 ], [ -115.2978219, 36.1944017999 ] ] ] } },
{ "type": "Feature", "properties": { "value": 255.0 }, "geometry": { "type": "Polygon", "coordinates": [ [ [ -115.298046, 36.194223599899999 ], [ -115.2980298, 36.194223599899999 ], [ -115.2980298, 36.1942181999 ], [ -115.2980271, 36.1942181999 ], [ -115.2980271, 36.194210099899998 ], [ -115.2980244, 36.194210099899998 ], [ -115.2980244, 36.194207399900002 ], [ -115.2980217, 36.194207399900002 ], [ -115.2980217, 36.194204699899998 ], [ -115.298019, 36.194204699899998 ], [ -115.298019, 36.194201999899995 ], [ -115.2980163, 36.194201999899995 ], [ -115.2980163, 36.1941938999 ], [ -115.2980136, 36.1941938999 ], [ -115.2980136, 36.194172299899996 ], [ -115.2980109, 36.194172299899996 ], [ -115.2980109, 36.194158799900002 ], [ -115.2980136, 36.194158799900002 ], [ -115.2980136, 36.194156099899999 ], [ -115.2980163, 36.194156099899999 ], [ -115.2980163, 36.194153399899996 ], [ -115.2980217, 36.194153399899996 ], [ -115.2980217, 36.1941506999 ], [ -115.2980271, 36.1941506999 ], [ -115.2980271, 36.194147999899997 ], [ -115.2980379, 36.194147999899997 ], [ -115.2980379, 36.194145299900001 ], [ -115.2980541, 36.194145299900001 ], [ -115.2980541, 36.194142599899997 ], [ -115.2980649, 36.194142599899997 ], [ -115.2980649, 36.194139899900001 ], [ -115.2980784, 36.194139899900001 ], [ -115.2980784, 36.194142599899997 ], [ -115.2980811, 36.194142599899997 ], [ -115.2980811, 36.194147999899997 ], [ -115.2980838, 36.194147999899997 ], [ -115.2980838, 36.1941506999 ], [ -115.2980865, 36.1941506999 ], [ -115.2980865, 36.194153399899996 ], [ -115.2980892, 36.194153399899996 ], [ -115.2980892, 36.194156099899999 ], [ -115.2980919, 36.194156099899999 ], [ -115.2980919, 36.194161499899998 ], [ -115.2980946, 36.194161499899998 ], [ -115.2980946, 36.194166899899997 ], [ -115.2980973, 36.194166899899997 ], [ -115.2980973, 36.1941695999 ], [ -115.2981, 36.1941695999 ], [ -115.2981, 36.194172299899996 ], [ -115.2981027, 36.194172299899996 ], [ -115.2981027, 36.1941749999 ], [ -115.2981054, 36.1941749999 ], [ -115.2981054, 36.194180399899999 ], [ -115.2981081, 36.194180399899999 ], [ -115.2981081, 36.194188499900001 ], [ -115.298110799999989, 36.194188499900001 ], [ -115.298110799999989, 36.194201999899995 ], [ -115.2981081, 36.194201999899995 ], [ -115.2981081, 36.194204699899998 ], [ -115.2980973, 36.194204699899998 ], [ -115.2980973, 36.194207399900002 ], [ -115.2980892, 36.194207399900002 ], [ -115.2980892, 36.194210099899998 ], [ -115.2980784, 36.194210099899998 ], [ -115.2980784, 36.194212799900001 ], [ -115.2980676, 36.194212799900001 ], [ -115.2980676, 36.194215499899997 ], [ -115.2980595, 36.194215499899997 ], [ -115.2980595, 36.1942181999 ], [ -115.2980541, 36.1942181999 ], [ -115.2980541, 36.194220899899996 ], [ -115.298046, 36.194220899899996 ], [ -115.298046, 36.194223599899999 ] ] ] } },
{ "type": "Feature", "properties": { "value": 255.0 }, "geometry": { "type": "Polygon", "coordinates": [ [ [ -115.2970254, 36.194399099899996 ], [ -115.2970119, 36.194399099899996 ], [ -115.2970119, 36.1943963999 ], [ -115.2970092, 36.1943963999 ], [ -115.2970092, 36.194393699899997 ], [ -115.2970065, 36.194393699899997 ], [ -115.2970065, 36.194388299899998 ], [ -115.2970038, 36.194388299899998 ], [ -115.2970038, 36.194380199899996 ], [ -115.297001099999989, 36.194380199899996 ], [ -115.297001099999989, 36.194374799899997 ], [ -115.2969984, 36.194374799899997 ], [ -115.2969984, 36.194366699900002 ], [ -115.2969957, 36.194366699900002 ], [ -115.2969957, 36.194358599899999 ], [ -115.296993, 36.194358599899999 ], [ -115.296993, 36.194350499899997 ], [ -115.2969903, 36.194350499899997 ], [ -115.2969903, 36.194347799900001 ], [ -115.2969876, 36.194347799900001 ], [ -115.2969876, 36.194134499900002 ], [ -115.2970416, 36.194134499900002 ], [ -115.2970416, 36.194131799899999 ], [ -115.2970578, 36.194131799899999 ], [ -115.2970578, 36.194129099899996 ], [ -115.2970902, 36.194129099899996 ], [ -115.2970902, 36.194131799899999 ], [ -115.2970929, 36.194131799899999 ], [ -115.2970929, 36.194129099899996 ], [ -115.297098299999988, 36.194129099899996 ], [ -115.297098299999988, 36.194131799899999 ], [ -115.2971037, 36.194131799899999 ], [ -115.2971037, 36.194129099899996 ], [ -115.2971145, 36.194129099899996 ], [ -115.2971145, 36.1941263999 ], [ -115.2971415, 36.1941263999 ], [ -115.2971415, 36.194123699899997 ], [ -115.2971631, 36.194123699899997 ], [ -115.2971631, 36.194120999900001 ], [ -115.2971712, 36.194120999900001 ], [ -115.2971712, 36.194118299899998 ], [ -115.297182, 36.194118299899998 ], [ -115.297182, 36.194115599900002 ], [ -115.2971901, 36.194115599900002 ], [ -115.2971901, 36.194112899899999 ], [ -115.2971982, 36.194112899899999 ], [ -115.2971982, 36.194115599900002 ], [ -115.2972063, 36.194115599900002 ], [ -115.2972063, 36.194118299899998 ], [ -115.2972144, 36.194118299899998 ], [ -115.2972144, 36.194120999900001 ], [ -115.2972171, 36.194120999900001 ], [ -115.2972171, 36.194123699899997 ], [ -115.2972198, 36.194123699899997 ], [ -115.2972198, 36.1941263999 ], [ -115.2972225, 36.1941263999 ], [ -115.2972225, 36.194129099899996 ], [ -115.2972252, 36.194129099899996 ], [ -115.2972252, 36.194131799899999 ], [ -115.2972279, 36.194131799899999 ], [ -115.2972279, 36.194134499900002 ], [ -115.2972306, 36.194134499900002 ], [ -115.2972306, 36.194137199899998 ], [ -115.297236, 36.194137199899998 ], [ -115.297236, 36.194139899900001 ], [ -115.2972387, 36.194139899900001 ], [ -115.2972387, 36.194142599899997 ], [ -115.2972441, 36.194142599899997 ], [ -115.2972441, 36.194145299900001 ], [ -115.2972495, 36.194145299900001 ], [ -115.2972495, 36.1941506999 ], [ -115.297252199999988, 36.1941506999 ], [ -115.297252199999988, 36.194153399899996 ], [ -115.2972549, 36.194153399899996 ], [ -115.2972549, 36.194158799900002 ], [ -115.2972576, 36.194158799900002 ], [ -115.2972576, 36.194164199900001 ], [ -115.2972603, 36.194164199900001 ], [ -115.2972603, 36.194172299899996 ], [ -115.297263, 36.194172299899996 ], [ -115.297263, 36.194177699899996 ], [ -115.2972657, 36.194177699899996 ], [ -115.2972657, 36.194183099900002 ], [ -115.297263, 36.194183099900002 ], [ -115.297263, 36.194185799899998 ], [ -115.2972603, 36.194185799899998 ], [ -115.2972603, 36.194188499900001 ], [ -115.2972576, 36.194188499900001 ], [ -115.2972576, 36.194191199899997 ], [ -115.2972549, 36.194191199899997 ], [ -115.2972549, 36.1941938999 ], [ -115.2972495, 36.1941938999 ], [ -115.2972495, 36.194196599899996 ], [ -115.2972468, 36.194196599899996 ], [ -115.2972468, 36.194204699899998 ], [ -115.2972495, 36.194204699899998 ], [ -115.2972495, 36.194207399900002 ], [ -115.297252199999988, 36.194207399900002 ], [ -115.297252199999988, 36.194210099899998 ], [ -115.2972603, 36.194210099899998 ], [ -115.2972603, 36.194212799900001 ], [ -115.2972657, 36.194212799900001 ], [ -115.2972657, 36.194210099899998 ], [ -115.297271099999989, 36.194210099899998 ], [ -115.297271099999989, 36.194212799900001 ], [ -115.29729, 36.194212799900001 ], [ -115.29729, 36.194215499899997 ], [ -115.2972927, 36.194215499899997 ], [ -115.2972927, 36.1942181999 ], [ -115.2972954, 36.1942181999 ], [ -115.2972954, 36.194220899899996 ], [ -115.2972981, 36.194220899899996 ], [ -115.2972981, 36.194223599899999 ], [ -115.297300799999988, 36.194223599899999 ], [ -115.297300799999988, 36.194228999899998 ], [ -115.2973035, 36.194228999899998 ], [ -115.2973035, 36.194231699900001 ], [ -115.2973062, 36.194231699900001 ], [ -115.2973062, 36.194234399899997 ], [ -115.2973089, 36.194234399899997 ], [ -115.2973089, 36.194239799899997 ], [ -115.2973116, 36.194239799899997 ], [ -115.2973116, 36.194250599900002 ], [ -115.2973143, 36.194250599900002 ], [ -115.2973143, 36.194277599899998 ], [ -115.2973116, 36.194277599899998 ], [ -115.2973116, 36.194280299900001 ], [ -115.2973062, 36.194280299900001 ], [ -115.2973062, 36.1942856999 ], [ -115.2973035, 36.1942856999 ], [ -115.2973035, 36.194288399899996 ], [ -115.297300799999988, 36.194288399899996 ], [ -115.297300799999988, 36.194291099899999 ], [ -115.2972927, 36.194291099899999 ], [ -115.2972927, 36.194288399899996 ], [ -115.2972981, 36.194288399899996 ], [ -115.2972981, 36.1942856999 ], [ -115.297300799999988, 36.1942856999 ], [ -115.297300799999988, 36.194282999899997 ], [ -115.2972954, 36.194282999899997 ], [ -115.2972954, 36.1942856999 ], [ -115.2972846, 36.1942856999 ], [ -115.2972846, 36.194288399899996 ], [ -115.2972765, 36.194288399899996 ], [ -115.2972765, 36.194291099899999 ], [ -115.2972684, 36.194291099899999 ], [ -115.2972684, 36.194293799899995 ], [ -115.297263, 36.194293799899995 ], [ -115.297263, 36.194296499899998 ], [ -115.2972549, 36.194296499899998 ], [ -115.2972549, 36.194299199900001 ], [ -115.2972495, 36.194299199900001 ], [ -115.2972495, 36.194304599900001 ], [ -115.2972468, 36.194304599900001 ], [ -115.2972468, 36.194307299899997 ], [ -115.2972495, 36.194307299899997 ], [ -115.2972495, 36.194312699899996 ], [ -115.297252199999988, 36.194312699899996 ], [ -115.297252199999988, 36.194320799899998 ], [ -115.2972549, 36.194320799899998 ], [ -115.2972549, 36.1943342999 ], [ -115.297252199999988, 36.1943342999 ], [ -115.297252199999988, 36.194336999899996 ], [ -115.2972468, 36.194336999899996 ], [ -115.2972468, 36.194339699899999 ], [ -115.297233299999988, 36.194339699899999 ], [ -115.297233299999988, 36.194342399900002 ], [ -115.2972252, 36.194342399900002 ], [ -115.2972252, 36.194345099899998 ], [ -115.2972171, 36.194345099899998 ], [ -115.2972171, 36.194347799900001 ], [ -115.297209, 36.194347799900001 ], [ -115.297209, 36.194350499899997 ], [ -115.2971982, 36.194350499899997 ], [ -115.2971982, 36.1943531999 ], [ -115.2971874, 36.1943531999 ], [ -115.2971874, 36.194355899899996 ], [ -115.2971577, 36.194355899899996 ], [ -115.2971577, 36.194358599899999 ], [ -115.2971469, 36.194358599899999 ], [ -115.2971469, 36.194361299899995 ], [ -115.2971388, 36.194361299899995 ], [ -115.2971388, 36.194363999899998 ], [ -115.297128, 36.194363999899998 ], [ -115.297128, 36.194366699900002 ], [ -115.2971199, 36.194366699900002 ], [ -115.2971199, 36.194369399899998 ], [ -115.2971118, 36.194369399899998 ], [ -115.2971118, 36.194372099900001 ], [ -115.2971037, 36.194372099900001 ], [ -115.2971037, 36.194374799899997 ], [ -115.2970929, 36.194374799899997 ], [ -115.2970929, 36.1943774999 ], [ -115.2970848, 36.1943774999 ], [ -115.2970848, 36.194380199899996 ], [ -115.2970767, 36.194380199899996 ], [ -115.2970767, 36.194382899899999 ], [ -115.297068599999989, 36.194382899899999 ], [ -115.297068599999989, 36.194385599899995 ], [ -115.2970605, 36.194385599899995 ], [ -115.2970605, 36.194388299899998 ], [ -115.2970524, 36.194388299899998 ], [ -115.2970524, 36.194390999900001 ], [ -115.2970443, 36.194390999900001 ], [ -115.2970443, 36.194393699899997 ], [ -115.2970335, 36.194393699899997 ], [ -115.2970335, 36.1943963999 ], [ -115.2970254, 36.1943963999 ], [ -115.2970254, 36.194399099899996 ] ] ] } },
{ "type": "Feature", "properties": { "value": 255.0 }, "geometry": { "type": "Polygon", "coordinates": [ [ [ -115.2978003, 36.1941749999 ], [ -115.2977841, 36.1941749999 ], [ -115.2977841, 36.194172299899996 ], [ -115.297776, 36.194172299899996 ], [ -115.297776, 36.1941695999 ], [ -115.2977598, 36.1941695999 ], [ -115.2977598, 36.194166899899997 ], [ -115.2977463, 36.194166899899997 ], [ -115.2977463, 36.194164199900001 ], [ -115.2977382, 36.194164199900001 ], [ -115.2977382, 36.194161499899998 ], [ -115.2977301, 36.194161499899998 ], [ -115.2977301, 36.194158799900002 ], [ -115.297724699999989, 36.194158799900002 ], [ -115.297724699999989, 36.194153399899996 ], [ -115.297722, 36.194153399899996 ], [ -115.297722, 36.1941506999 ], [ -115.2977193, 36.1941506999 ], [ -115.2977193, 36.194147999899997 ], [ -115.2977166, 36.194147999899997 ], [ -115.2977166, 36.194142599899997 ], [ -115.2977112, 36.194142599899997 ], [ -115.2977112, 36.194139899900001 ], [ -115.2977085, 36.194139899900001 ], [ -115.2977085, 36.194137199899998 ], [ -115.297705799999989, 36.194137199899998 ], [ -115.297705799999989, 36.194134499900002 ], [ -115.2977004, 36.194134499900002 ], [ -115.2977004, 36.194131799899999 ], [ -115.2976977, 36.194131799899999 ], [ -115.2976977, 36.194129099899996 ], [ -115.297695, 36.194129099899996 ], [ -115.297695, 36.1941263999 ], [ -115.2976923, 36.1941263999 ], [ -115.2976923, 36.194118299899998 ], [ -115.2976896, 36.194118299899998 ], [ -115.2976896, 36.194115599900002 ], [ -115.2976869, 36.194115599900002 ], [ -115.2976869, 36.194107499899999 ], [ -115.2976896, 36.194107499899999 ], [ -115.2976896, 36.1940831999 ], [ -115.2976923, 36.1940831999 ], [ -115.2976923, 36.194072399900001 ], [ -115.2976896, 36.194072399900001 ], [ -115.2976896, 36.194064299899999 ], [ -115.2976869, 36.194064299899999 ], [ -115.2976869, 36.194061599899996 ], [ -115.2976842, 36.194061599899996 ], [ -115.2976842, 36.1940588999 ], [ -115.2976815, 36.1940588999 ], [ -115.2976815, 36.194056199899997 ], [ -115.2976761, 36.194056199899997 ], [ -115.2976761, 36.194053499900001 ], [ -115.2976734, 36.194053499900001 ], [ -115.2976734, 36.194045399899998 ], [ -115.2976707, 36.194045399899998 ], [ -115.2976707, 36.194042699900002 ], [ -115.2976734, 36.194042699900002 ], [ -115.2976734, 36.1940345999 ], [ -115.2976707, 36.1940345999 ], [ -115.2976707, 36.194029199900001 ], [ -115.297668, 36.194029199900001 ], [ -115.297668, 36.194021099899999 ], [ -115.2976653, 36.194021099899999 ], [ -115.2976653, 36.194018399900003 ], [ -115.2976599, 36.194018399900003 ], [ -115.2976599, 36.1940156999 ], [ -115.297641, 36.1940156999 ], [ -115.297641, 36.194012999899996 ], [ -115.2976356, 36.194012999899996 ], [ -115.2976356, 36.194002199899998 ], [ -115.297638299999988, 36.194002199899998 ], [ -115.297638299999988, 36.193999499900002 ], [ -115.297641, 36.193999499900002 ], [ -115.297641, 36.193996799899999 ], [ -115.2976437, 36.193996799899999 ], [ -115.2976437, 36.193994099899996 ], [ -115.2976464, 36.193994099899996 ], [ -115.2976464, 36.193988699899997 ], [ -115.2976491, 36.193988699899997 ], [ -115.2976491, 36.193985999900001 ], [ -115.2976545, 36.193985999900001 ], [ -115.2976545, 36.193980599900001 ], [ -115.297657199999989, 36.193980599900001 ], [ -115.297657199999989, 36.193977899899998 ], [ -115.2976599, 36.193977899899998 ], [ -115.2976599, 36.193975199900002 ], [ -115.2976626, 36.193975199900002 ], [ -115.2976626, 36.193969799899996 ], [ -115.2976653, 36.193969799899996 ], [ -115.2976653, 36.193961699900001 ], [ -115.297668, 36.193961699900001 ], [ -115.297668, 36.193958999899998 ], [ -115.2976734, 36.193958999899998 ], [ -115.2976734, 36.193956299900002 ], [ -115.2976788, 36.193956299900002 ], [ -115.2976788, 36.193953599899999 ], [ -115.2976815, 36.193953599899999 ], [ -115.2976815, 36.193950899900003 ], [ -115.2976842, 36.193950899900003 ], [ -115.2976842, 36.193948199899999 ], [ -115.2976896, 36.193948199899999 ], [ -115.2976896, 36.193945499899996 ], [ -115.2976923, 36.193945499899996 ], [ -115.2976923, 36.193940099899997 ], [ -115.297695, 36.193940099899997 ], [ -115.297695, 36.193934699899998 ], [ -115.2976977, 36.193934699899998 ], [ -115.2976977, 36.193929299899999 ], [ -115.2977004, 36.193929299899999 ], [ -115.2977004, 36.193926599900003 ], [ -115.2977031, 36.193926599900003 ], [ -115.2977031, 36.1939238999 ], [ -115.2977085, 36.1939238999 ], [ -115.2977085, 36.193921199899997 ], [ -115.2977139, 36.193921199899997 ], [ -115.2977139, 36.193918499900001 ], [ -115.297722, 36.193918499900001 ], [ -115.297722, 36.193915799899997 ], [ -115.2977274, 36.193915799899997 ], [ -115.2977274, 36.193913099900001 ], [ -115.2977301, 36.193913099900001 ], [ -115.2977301, 36.193915799899997 ], [ -115.2977625, 36.193915799899997 ], [ -115.2977625, 36.193913099900001 ], [ -115.2977814, 36.193913099900001 ], [ -115.2977814, 36.193910399899998 ], [ -115.2977868, 36.193910399899998 ], [ -115.2977868, 36.193907699900002 ], [ -115.2978084, 36.193907699900002 ], [ -115.2978084, 36.193904999899999 ], [ -115.2978219, 36.193904999899999 ], [ -115.2978219, 36.193907699900002 ], [ -115.2978273, 36.193907699900002 ], [ -115.2978273, 36.193910399899998 ], [ -115.2978327, 36.193910399899998 ], [ -115.2978327, 36.193913099900001 ], [ -115.2978354, 36.193913099900001 ], [ -115.2978354, 36.193915799899997 ], [ -115.297840799999989, 36.193915799899997 ], [ -115.297840799999989, 36.193918499900001 ], [ -115.2978435, 36.193918499900001 ], [ -115.2978435, 36.193921199899997 ], [ -115.2978489, 36.193921199899997 ], [ -115.2978489, 36.1939238999 ], [ -115.297857, 36.1939238999 ], [ -115.297857, 36.193926599900003 ], [ -115.2978651, 36.193926599900003 ], [ -115.2978651, 36.193929299899999 ], [ -115.2978705, 36.193929299899999 ], [ -115.2978705, 36.193931999900002 ], [ -115.2978732, 36.193931999900002 ], [ -115.2978732, 36.193940099899997 ], [ -115.2978759, 36.193940099899997 ], [ -115.2978759, 36.193972499899999 ], [ -115.2978813, 36.193972499899999 ], [ -115.2978813, 36.193975199900002 ], [ -115.297884, 36.193975199900002 ], [ -115.297884, 36.193980599900001 ], [ -115.2978813, 36.193980599900001 ], [ -115.2978813, 36.193983299899998 ], [ -115.2978786, 36.193983299899998 ], [ -115.2978786, 36.193994099899996 ], [ -115.2978867, 36.193994099899996 ], [ -115.2978867, 36.193988699899997 ], [ -115.2978894, 36.193988699899997 ], [ -115.2978894, 36.193985999900001 ], [ -115.2978948, 36.193985999900001 ], [ -115.2978948, 36.193988699899997 ], [ -115.2978975, 36.193988699899997 ], [ -115.2978975, 36.1939913999 ], [ -115.2979002, 36.1939913999 ], [ -115.2979002, 36.193994099899996 ], [ -115.2979029, 36.193994099899996 ], [ -115.2979029, 36.193996799899999 ], [ -115.297908299999989, 36.193996799899999 ], [ -115.297908299999989, 36.194004899900001 ], [ -115.297911, 36.194004899900001 ], [ -115.297911, 36.194007599899997 ], [ -115.2979137, 36.194007599899997 ], [ -115.2979137, 36.1940102999 ], [ -115.2979164, 36.1940102999 ], [ -115.2979164, 36.194012999899996 ], [ -115.2979218, 36.194012999899996 ], [ -115.2979218, 36.194021099899999 ], [ -115.2979245, 36.194021099899999 ], [ -115.2979245, 36.194026499899998 ], [ -115.2979272, 36.194026499899998 ], [ -115.2979272, 36.194031899899997 ], [ -115.2979299, 36.194031899899997 ], [ -115.2979299, 36.194037299899996 ], [ -115.2979326, 36.194037299899996 ], [ -115.2979326, 36.194039999899999 ], [ -115.2979353, 36.194039999899999 ], [ -115.2979353, 36.194050799899998 ], [ -115.2979326, 36.194050799899998 ], [ -115.2979326, 36.194056199899997 ], [ -115.2979299, 36.194056199899997 ], [ -115.2979299, 36.1940588999 ], [ -115.2979272, 36.1940588999 ], [ -115.2979272, 36.194066999900002 ], [ -115.2979245, 36.194066999900002 ], [ -115.2979245, 36.194072399900001 ], [ -115.2979218, 36.194072399900001 ], [ -115.2979218, 36.194077799900001 ], [ -115.2979191, 36.194077799900001 ], [ -115.2979191, 36.1940831999 ], [ -115.2979164, 36.1940831999 ], [ -115.2979164, 36.194088599899999 ], [ -115.2979137, 36.194088599899999 ], [ -115.2979137, 36.194093999899998 ], [ -115.297911, 36.194093999899998 ], [ -115.297911, 36.194104799899996 ], [ -115.297908299999989, 36.194104799899996 ], [ -115.297908299999989, 36.194134499900002 ], [ -115.2979056, 36.194134499900002 ], [ -115.2979056, 36.194139899900001 ], [ -115.2979029, 36.194139899900001 ], [ -115.2979029, 36.194142599899997 ], [ -115.2978975, 36.194142599899997 ], [ -115.2978975, 36.194145299900001 ], [ -115.2978948, 36.194145299900001 ], [ -115.2978948, 36.194147999899997 ], [ -115.2978867, 36.194147999899997 ], [ -115.2978867, 36.1941506999 ], [ -115.2978786, 36.1941506999 ], [ -115.2978786, 36.194153399899996 ], [ -115.2978705, 36.194153399899996 ], [ -115.2978705, 36.194156099899999 ], [ -115.2978651, 36.194156099899999 ], [ -115.2978651, 36.194158799900002 ], [ -115.2978516, 36.194158799900002 ], [ -115.2978516, 36.194161499899998 ], [ -115.2978462, 36.194161499899998 ], [ -115.2978462, 36.194164199900001 ], [ -115.2978246, 36.194164199900001 ], [ -115.2978246, 36.194166899899997 ], [ -115.2978111, 36.194166899899997 ], [ -115.2978111, 36.1941695999 ], [ -115.2978057, 36.1941695999 ], [ -115.2978057, 36.194172299899996 ], [ -115.2978003, 36.194172299899996 ], [ -115.2978003, 36.1941749999 ] ], [ [ -115.2978759, 36.193996799899999 ], [ -115.2978759, 36.193994099899996 ], [ -115.2978732, 36.193994099899996 ], [ -115.2978732, 36.193996799899999 ], [ -115.2978759, 36.193996799899999 ] ] ] } },
{ "type": "Feature", "properties": { "value": 255.0 }, "geometry": { "type": "Polygon", "coordinates": [ [ [ -115.2970551, 36.193823999899998 ], [ -115.297030799999987, 36.193823999899998 ], [ -115.297030799999987, 36.193821299900002 ], [ -115.2970227, 36.193821299900002 ], [ -115.2970227, 36.193818599899998 ], [ -115.2970173, 36.193818599899998 ], [ -115.2970173, 36.193815899900002 ], [ -115.2970092, 36.193815899900002 ], [ -115.2970092, 36.193818599899998 ], [ -115.2969876, 36.193818599899998 ], [ -115.2969876, 36.1936295999 ], [ -115.297001099999989, 36.1936295999 ], [ -115.297001099999989, 36.193632299900003 ], [ -115.2970092, 36.193632299900003 ], [ -115.2970092, 36.193634999899999 ], [ -115.2970146, 36.193634999899999 ], [ -115.2970146, 36.193637699900002 ], [ -115.29702, 36.193637699900002 ], [ -115.29702, 36.193640399899998 ], [ -115.2970227, 36.193640399899998 ], [ -115.2970227, 36.193643099900001 ], [ -115.2970254, 36.193643099900001 ], [ -115.2970254, 36.1936484999 ], [ -115.2970281, 36.1936484999 ], [ -115.2970281, 36.193653899899999 ], [ -115.297030799999987, 36.193653899899999 ], [ -115.297030799999987, 36.193656599900002 ], [ -115.2970335, 36.193656599900002 ], [ -115.2970335, 36.193661999900002 ], [ -115.2970362, 36.193661999900002 ], [ -115.2970362, 36.193670099899997 ], [ -115.2970389, 36.193670099899997 ], [ -115.2970389, 36.193675499900003 ], [ -115.2970416, 36.193675499900003 ], [ -115.2970416, 36.193678199899999 ], [ -115.2970443, 36.193678199899999 ], [ -115.2970443, 36.193680899900002 ], [ -115.297047, 36.193680899900002 ], [ -115.297047, 36.193686299900001 ], [ -115.297049699999988, 36.193686299900001 ], [ -115.297049699999988, 36.193688999899997 ], [ -115.2970524, 36.193688999899997 ], [ -115.2970524, 36.1936916999 ], [ -115.2970551, 36.1936916999 ], [ -115.2970551, 36.193694399899996 ], [ -115.2970578, 36.193694399899996 ], [ -115.2970578, 36.1936970999 ], [ -115.2970605, 36.1936970999 ], [ -115.2970605, 36.193702499899999 ], [ -115.2970632, 36.193702499899999 ], [ -115.2970632, 36.193707899899998 ], [ -115.2970659, 36.193707899899998 ], [ -115.2970659, 36.193718699900003 ], [ -115.2970632, 36.193718699900003 ], [ -115.2970632, 36.193721399899999 ], [ -115.2970605, 36.193721399899999 ], [ -115.2970605, 36.193724099900002 ], [ -115.2970578, 36.193724099900002 ], [ -115.2970578, 36.193732199899998 ], [ -115.2970524, 36.193732199899998 ], [ -115.2970524, 36.193734899900001 ], [ -115.297047, 36.193734899900001 ], [ -115.297047, 36.1937402999 ], [ -115.2970443, 36.1937402999 ], [ -115.2970443, 36.193745699899999 ], [ -115.2970416, 36.193745699899999 ], [ -115.2970416, 36.193756499899997 ], [ -115.2970389, 36.193756499899997 ], [ -115.2970389, 36.193759199900001 ], [ -115.297030799999987, 36.193759199900001 ], [ -115.297030799999987, 36.193761899899997 ], [ -115.2970281, 36.193761899899997 ], [ -115.2970281, 36.193767299900003 ], [ -115.2970335, 36.193767299900003 ], [ -115.2970335, 36.193769999899999 ], [ -115.2970389, 36.193769999899999 ], [ -115.2970389, 36.193772699900002 ], [ -115.2970416, 36.193772699900002 ], [ -115.2970416, 36.193775399899998 ], [ -115.2970443, 36.193775399899998 ], [ -115.2970443, 36.193778099900001 ], [ -115.297049699999988, 36.193778099900001 ], [ -115.297049699999988, 36.193780799899997 ], [ -115.2970524, 36.193780799899997 ], [ -115.2970524, 36.193794299899999 ], [ -115.2970605, 36.193794299899999 ], [ -115.2970605, 36.193799699899998 ], [ -115.2970632, 36.193799699899998 ], [ -115.2970632, 36.1938077999 ], [ -115.2970578, 36.1938077999 ], [ -115.2970578, 36.193810499900003 ], [ -115.2970551, 36.193810499900003 ], [ -115.2970551, 36.193813199899999 ], [ -115.2970578, 36.193813199899999 ], [ -115.2970578, 36.193821299900002 ], [ -115.2970551, 36.193821299900002 ], [ -115.2970551, 36.193823999899998 ] ] ] } },
{ "type": "Feature", "properties": { "value": 255.0 }, "geometry": { "type": "Polygon", "coordinates": [ [ [ -115.2972306, 36.193769999899999 ], [ -115.2972171, 36.193769999899999 ], [ -115.2972171, 36.193767299900003 ], [ -115.2972144, 36.193767299900003 ], [ -115.2972144, 36.193761899899997 ], [ -115.2972117, 36.193761899899997 ], [ -115.2972117, 36.193756499899997 ], [ -115.297209, 36.193756499899997 ], [ -115.297209, 36.193751099899998 ], [ -115.2972063, 36.193751099899998 ], [ -115.2972063, 36.193745699899999 ], [ -115.297203599999989, 36.193745699899999 ], [ -115.297203599999989, 36.1937402999 ], [ -115.2972009, 36.1937402999 ], [ -115.2972009, 36.193732199899998 ], [ -115.2971982, 36.193732199899998 ], [ -115.2971982, 36.193726799899999 ], [ -115.2971955, 36.193726799899999 ], [ -115.2971955, 36.193718699900003 ], [ -115.2971928, 36.193718699900003 ], [ -115.2971928, 36.193713299899997 ], [ -115.2971901, 36.193713299899997 ], [ -115.2971901, 36.193707899899998 ], [ -115.2971874, 36.193707899899998 ], [ -115.2971874, 36.193699799900003 ], [ -115.297184699999988, 36.193699799900003 ], [ -115.297184699999988, 36.193694399899996 ], [ -115.297182, 36.193694399899996 ], [ -115.297182, 36.193688999899997 ], [ -115.2971793, 36.193688999899997 ], [ -115.2971793, 36.193680899900002 ], [ -115.2971766, 36.193680899900002 ], [ -115.2971766, 36.193675499900003 ], [ -115.2971739, 36.193675499900003 ], [ -115.2971739, 36.193670099899997 ], [ -115.2971712, 36.193670099899997 ], [ -115.2971712, 36.193664699899998 ], [ -115.2971685, 36.193664699899998 ], [ -115.2971685, 36.193659299899998 ], [ -115.297165799999988, 36.193659299899998 ], [ -115.297165799999988, 36.193651199900003 ], [ -115.2971631, 36.193651199900003 ], [ -115.2971631, 36.193643099900001 ], [ -115.2971604, 36.193643099900001 ], [ -115.2971604, 36.193637699900002 ], [ -115.2971577, 36.193637699900002 ], [ -115.2971577, 36.193618799900001 ], [ -115.297155, 36.193618799900001 ], [ -115.297155, 36.193616099899998 ], [ -115.2971523, 36.193616099899998 ], [ -115.2971523, 36.193607999900003 ], [ -115.297155, 36.193607999900003 ], [ -115.297155, 36.1936052999 ], [ -115.2971415, 36.1936052999 ], [ -115.2971415, 36.193602599900004 ], [ -115.2971388, 36.193602599900004 ], [ -115.2971388, 36.193594499900001 ], [ -115.2971415, 36.193594499900001 ], [ -115.2971415, 36.193589099900002 ], [ -115.2971442, 36.193589099900002 ], [ -115.2971442, 36.193586399899999 ], [ -115.2971469, 36.193586399899999 ], [ -115.2971469, 36.1935809999 ], [ -115.2971442, 36.1935809999 ], [ -115.2971442, 36.193578299899997 ], [ -115.2971469, 36.193578299899997 ], [ -115.2971469, 36.193572899899998 ], [ -115.2971496, 36.193572899899998 ], [ -115.2971496, 36.193564799900003 ], [ -115.2971523, 36.193564799900003 ], [ -115.2971523, 36.1935566999 ], [ -115.297155, 36.1935566999 ], [ -115.297155, 36.193553999899997 ], [ -115.2971577, 36.193553999899997 ], [ -115.2971577, 36.193551299900001 ], [ -115.2971604, 36.193551299900001 ], [ -115.2971604, 36.193548599899998 ], [ -115.297165799999988, 36.193548599899998 ], [ -115.297165799999988, 36.193545899900002 ], [ -115.2971901, 36.193545899900002 ], [ -115.2971901, 36.193543199899999 ], [ -115.2971955, 36.193543199899999 ], [ -115.2971955, 36.193540499900003 ], [ -115.2971982, 36.193540499900003 ], [ -115.2971982, 36.1935377999 ], [ -115.2972009, 36.1935377999 ], [ -115.2972009, 36.193535099900004 ], [ -115.297203599999989, 36.193535099900004 ], [ -115.297203599999989, 36.1935323999 ], [ -115.2972198, 36.1935323999 ], [ -115.2972198, 36.193535099900004 ], [ -115.2972225, 36.193535099900004 ], [ -115.2972225, 36.1935377999 ], [ -115.2972252, 36.1935377999 ], [ -115.2972252, 36.193540499900003 ], [ -115.2972468, 36.193540499900003 ], [ -115.2972468, 36.1935323999 ], [ -115.2972495, 36.1935323999 ], [ -115.2972495, 36.193524299899998 ], [ -115.297252199999988, 36.193524299899998 ], [ -115.297252199999988, 36.193518899899999 ], [ -115.2972549, 36.193518899899999 ], [ -115.2972549, 36.193521599900002 ], [ -115.2972576, 36.193521599900002 ], [ -115.2972576, 36.193524299899998 ], [ -115.2972603, 36.193524299899998 ], [ -115.2972603, 36.193535099900004 ], [ -115.2972657, 36.193535099900004 ], [ -115.2972657, 36.1935377999 ], [ -115.297271099999989, 36.1935377999 ], [ -115.297271099999989, 36.193535099900004 ], [ -115.2972819, 36.193535099900004 ], [ -115.2972819, 36.1935377999 ], [ -115.2972981, 36.1935377999 ], [ -115.2972981, 36.193535099900004 ], [ -115.2973035, 36.193535099900004 ], [ -115.2973035, 36.193524299899998 ], [ -115.2973062, 36.193524299899998 ], [ -115.2973062, 36.193518899899999 ], [ -115.2973035, 36.193518899899999 ], [ -115.2973035, 36.193516199900003 ], [ -115.2973062, 36.193516199900003 ], [ -115.2973062, 36.193508099900001 ], [ -115.2973089, 36.193508099900001 ], [ -115.2973089, 36.193505399899998 ], [ -115.2973116, 36.193505399899998 ], [ -115.2973116, 36.193502699900002 ], [ -115.297319699999989, 36.193502699900002 ], [ -115.297319699999989, 36.193499999899998 ], [ -115.2973332, 36.193499999899998 ], [ -115.2973332, 36.193497299900002 ], [ -115.2973602, 36.193497299900002 ], [ -115.2973602, 36.193494599899999 ], [ -115.2973737, 36.193494599899999 ], [ -115.2973737, 36.193497299900002 ], [ -115.2973845, 36.193497299900002 ], [ -115.2973845, 36.193499999899998 ], [ -115.297387199999989, 36.193499999899998 ], [ -115.297387199999989, 36.193502699900002 ], [ -115.2973899, 36.193502699900002 ], [ -115.2973899, 36.193505399899998 ], [ -115.2973953, 36.193505399899998 ], [ -115.2973953, 36.193508099900001 ], [ -115.297398, 36.193508099900001 ], [ -115.297398, 36.193510799900004 ], [ -115.2974007, 36.193510799900004 ], [ -115.2974007, 36.1935134999 ], [ -115.2974034, 36.1935134999 ], [ -115.2974034, 36.193516199900003 ], [ -115.297406099999989, 36.193516199900003 ], [ -115.297406099999989, 36.193529699899997 ], [ -115.2974088, 36.193529699899997 ], [ -115.2974088, 36.1935377999 ], [ -115.2974115, 36.1935377999 ], [ -115.2974115, 36.193543199899999 ], [ -115.2974142, 36.193543199899999 ], [ -115.2974142, 36.193551299900001 ], [ -115.2974169, 36.193551299900001 ], [ -115.2974169, 36.193559399900003 ], [ -115.2974196, 36.193559399900003 ], [ -115.2974196, 36.193570199900002 ], [ -115.2974223, 36.193570199900002 ], [ -115.2974223, 36.193578299899997 ], [ -115.297425, 36.193578299899997 ], [ -115.297425, 36.193591799899998 ], [ -115.2974223, 36.193591799899998 ], [ -115.2974223, 36.1936052999 ], [ -115.297425, 36.1936052999 ], [ -115.297425, 36.193610699899999 ], [ -115.2974277, 36.193610699899999 ], [ -115.2974277, 36.193616099899998 ], [ -115.2974304, 36.193616099899998 ], [ -115.2974304, 36.1936295999 ], [ -115.2974142, 36.1936295999 ], [ -115.2974142, 36.193632299900003 ], [ -115.297406099999989, 36.193632299900003 ], [ -115.297406099999989, 36.193634999899999 ], [ -115.2973953, 36.193634999899999 ], [ -115.2973953, 36.193637699900002 ], [ -115.297387199999989, 36.193637699900002 ], [ -115.297387199999989, 36.193640399899998 ], [ -115.2973845, 36.193640399899998 ], [ -115.2973845, 36.193651199900003 ], [ -115.297387199999989, 36.193651199900003 ], [ -115.297387199999989, 36.193659299899998 ], [ -115.2973899, 36.193659299899998 ], [ -115.2973899, 36.193664699899998 ], [ -115.297387199999989, 36.193664699899998 ], [ -115.297387199999989, 36.193670099899997 ], [ -115.2973845, 36.193670099899997 ], [ -115.2973845, 36.1936727999 ], [ -115.2973818, 36.1936727999 ], [ -115.2973818, 36.193675499900003 ], [ -115.297371, 36.193675499900003 ], [ -115.297371, 36.193678199899999 ], [ -115.2973602, 36.193678199899999 ], [ -115.2973602, 36.193675499900003 ], [ -115.2973494, 36.193675499900003 ], [ -115.2973494, 36.1936727999 ], [ -115.297344, 36.1936727999 ], [ -115.297344, 36.193670099899997 ], [ -115.2973413, 36.193670099899997 ], [ -115.2973413, 36.193667399900001 ], [ -115.297338599999989, 36.193667399900001 ], [ -115.297338599999989, 36.193664699899998 ], [ -115.2973305, 36.193664699899998 ], [ -115.2973305, 36.193667399900001 ], [ -115.2973224, 36.193667399900001 ], [ -115.2973224, 36.193670099899997 ], [ -115.297319699999989, 36.193670099899997 ], [ -115.297319699999989, 36.1936727999 ], [ -115.297317, 36.1936727999 ], [ -115.297317, 36.193680899900002 ], [ -115.2973143, 36.193680899900002 ], [ -115.2973143, 36.193686299900001 ], [ -115.2973116, 36.193686299900001 ], [ -115.2973116, 36.193688999899997 ], [ -115.2973062, 36.193688999899997 ], [ -115.2973062, 36.1936916999 ], [ -115.2972981, 36.1936916999 ], [ -115.2972981, 36.193694399899996 ], [ -115.29729, 36.193694399899996 ], [ -115.29729, 36.1936970999 ], [ -115.2972873, 36.1936970999 ], [ -115.2972873, 36.193702499899999 ], [ -115.2972846, 36.193702499899999 ], [ -115.2972846, 36.193710599900001 ], [ -115.2972819, 36.193710599900001 ], [ -115.2972819, 36.1937159999 ], [ -115.2972846, 36.1937159999 ], [ -115.2972846, 36.193721399899999 ], [ -115.2972873, 36.193721399899999 ], [ -115.2972873, 36.193726799899999 ], [ -115.29729, 36.193726799899999 ], [ -115.29729, 36.193729499900002 ], [ -115.2972927, 36.193729499900002 ], [ -115.2972927, 36.193737599899997 ], [ -115.2972954, 36.193737599899997 ], [ -115.2972954, 36.193748399900002 ], [ -115.2972927, 36.193748399900002 ], [ -115.2972927, 36.193751099899998 ], [ -115.2972873, 36.193751099899998 ], [ -115.2972873, 36.193753799900001 ], [ -115.2972792, 36.193753799900001 ], [ -115.2972792, 36.193756499899997 ], [ -115.2972684, 36.193756499899997 ], [ -115.2972684, 36.193759199900001 ], [ -115.2972576, 36.193759199900001 ], [ -115.2972576, 36.193761899899997 ], [ -115.2972468, 36.193761899899997 ], [ -115.2972468, 36.1937645999 ], [ -115.297236, 36.1937645999 ], [ -115.297236, 36.193767299900003 ], [ -115.2972306, 36.193767299900003 ], [ -115.2972306, 36.193769999899999 ] ] ] } },
{ "type": "Feature", "properties": { "value": 255.0 }, "geometry": { "type": "Polygon", "coordinates": [ [ [ -115.2977787, 36.193602599900004 ], [ -115.2977517, 36.193602599900004 ], [ -115.2977517, 36.193599899900001 ], [ -115.2977436, 36.193599899900001 ], [ -115.2977436, 36.193597199899997 ], [ -115.2977382, 36.193597199899997 ], [ -115.2977382, 36.193594499900001 ], [ -115.2977355, 36.193594499900001 ], [ -115.2977355, 36.193591799899998 ], [ -115.2977301, 36.193591799899998 ], [ -115.2977301, 36.193589099900002 ], [ -115.297722, 36.193589099900002 ], [ -115.297722, 36.193591799899998 ], [ -115.2977139, 36.193591799899998 ], [ -115.2977139, 36.193589099900002 ], [ -115.2977085, 36.193589099900002 ], [ -115.2977085, 36.193586399899999 ], [ -115.297705799999989, 36.193586399899999 ], [ -115.297705799999989, 36.193583699900003 ], [ -115.2977031, 36.193583699900003 ], [ -115.2977031, 36.193575599900001 ], [ -115.297705799999989, 36.193575599900001 ], [ -115.297705799999989, 36.193572899899998 ], [ -115.2977031, 36.193572899899998 ], [ -115.2977031, 36.193570199900002 ], [ -115.2977004, 36.193570199900002 ], [ -115.2977004, 36.193567499899999 ], [ -115.2976977, 36.193567499899999 ], [ -115.2976977, 36.193564799900003 ], [ -115.297695, 36.193564799900003 ], [ -115.297695, 36.193562099899999 ], [ -115.2976923, 36.193562099899999 ], [ -115.2976923, 36.193559399900003 ], [ -115.2976896, 36.193559399900003 ], [ -115.2976896, 36.1935566999 ], [ -115.2976869, 36.1935566999 ], [ -115.2976869, 36.193548599899998 ], [ -115.2976842, 36.193548599899998 ], [ -115.2976842, 36.193540499900003 ], [ -115.2976815, 36.193540499900003 ], [ -115.2976815, 36.1935377999 ], [ -115.2976788, 36.1935377999 ], [ -115.2976788, 36.193535099900004 ], [ -115.2976734, 36.193535099900004 ], [ -115.2976734, 36.1935323999 ], [ -115.2976653, 36.1935323999 ], [ -115.2976653, 36.193529699899997 ], [ -115.2976626, 36.193529699899997 ], [ -115.2976626, 36.1935323999 ], [ -115.2976545, 36.1935323999 ], [ -115.2976545, 36.193535099900004 ], [ -115.2976518, 36.193535099900004 ], [ -115.2976518, 36.1935377999 ], [ -115.2976491, 36.1935377999 ], [ -115.2976491, 36.193540499900003 ], [ -115.2976437, 36.193540499900003 ], [ -115.2976437, 36.193543199899999 ], [ -115.297638299999988, 36.193543199899999 ], [ -115.297638299999988, 36.193545899900002 ], [ -115.2976329, 36.193545899900002 ], [ -115.2976329, 36.193548599899998 ], [ -115.2976167, 36.193548599899998 ], [ -115.2976167, 36.193551299900001 ], [ -115.2976059, 36.193551299900001 ], [ -115.2976059, 36.193553999899997 ], [ -115.2975978, 36.193553999899997 ], [ -115.2975978, 36.1935566999 ], [ -115.297589699999989, 36.1935566999 ], [ -115.297589699999989, 36.193559399900003 ], [ -115.2975816, 36.193559399900003 ], [ -115.2975816, 36.193562099899999 ], [ -115.297570799999988, 36.193562099899999 ], [ -115.297570799999988, 36.193564799900003 ], [ -115.2975627, 36.193564799900003 ], [ -115.2975627, 36.193567499899999 ], [ -115.2975519, 36.193567499899999 ], [ -115.2975519, 36.193570199900002 ], [ -115.297541099999989, 36.193570199900002 ], [ -115.297541099999989, 36.193572899899998 ], [ -115.297522199999989, 36.193572899899998 ], [ -115.297522199999989, 36.193570199900002 ], [ -115.2975195, 36.193570199900002 ], [ -115.2975195, 36.193567499899999 ], [ -115.2975168, 36.193567499899999 ], [ -115.2975168, 36.193562099899999 ], [ -115.2975141, 36.193562099899999 ], [ -115.2975141, 36.1935566999 ], [ -115.2975114, 36.1935566999 ], [ -115.2975114, 36.193548599899998 ], [ -115.2975087, 36.193548599899998 ], [ -115.2975087, 36.193543199899999 ], [ -115.297506, 36.193543199899999 ], [ -115.297506, 36.193535099900004 ], [ -115.297503299999988, 36.193535099900004 ], [ -115.297503299999988, 36.193524299899998 ], [ -115.2975006, 36.193524299899998 ], [ -115.2975006, 36.193518899899999 ], [ -115.2974979, 36.193518899899999 ], [ -115.2974979, 36.1935134999 ], [ -115.2974952, 36.1935134999 ], [ -115.2974952, 36.193510799900004 ], [ -115.2974925, 36.193510799900004 ], [ -115.2974925, 36.193508099900001 ], [ -115.2974898, 36.193508099900001 ], [ -115.2974898, 36.193502699900002 ], [ -115.2974871, 36.193502699900002 ], [ -115.2974871, 36.193494599899999 ], [ -115.2974844, 36.193494599899999 ], [ -115.2974844, 36.193486499899997 ], [ -115.2974817, 36.193486499899997 ], [ -115.2974817, 36.193472999900003 ], [ -115.2974844, 36.193472999900003 ], [ -115.2974844, 36.1934702999 ], [ -115.2974898, 36.1934702999 ], [ -115.2974898, 36.193467599900004 ], [ -115.2974925, 36.193467599900004 ], [ -115.2974925, 36.193459499900001 ], [ -115.2974898, 36.193459499900001 ], [ -115.2974898, 36.193456799899998 ], [ -115.2974871, 36.193456799899998 ], [ -115.2974871, 36.193451399899999 ], [ -115.2974844, 36.193451399899999 ], [ -115.2974844, 36.193432499899998 ], [ -115.2974871, 36.193432499899998 ], [ -115.2974871, 36.193429799900002 ], [ -115.2974925, 36.193429799900002 ], [ -115.2974925, 36.193427099899999 ], [ -115.2975006, 36.193427099899999 ], [ -115.2975006, 36.193424399900003 ], [ -115.2975249, 36.193424399900003 ], [ -115.2975249, 36.193427099899999 ], [ -115.2975276, 36.193427099899999 ], [ -115.2975276, 36.193429799900002 ], [ -115.2975303, 36.193429799900002 ], [ -115.2975303, 36.193427099899999 ], [ -115.2975357, 36.193427099899999 ], [ -115.2975357, 36.193429799900002 ], [ -115.2975384, 36.193429799900002 ], [ -115.2975384, 36.193437899899997 ], [ -115.297541099999989, 36.193437899899997 ], [ -115.297541099999989, 36.193443299900004 ], [ -115.2975438, 36.193443299900004 ], [ -115.2975438, 36.1934459999 ], [ -115.2975465, 36.1934459999 ], [ -115.2975465, 36.193448699900003 ], [ -115.2975492, 36.193448699900003 ], [ -115.2975492, 36.193451399899999 ], [ -115.2975546, 36.193451399899999 ], [ -115.2975546, 36.193454099900002 ], [ -115.29756, 36.193454099900002 ], [ -115.29756, 36.193462199899997 ], [ -115.2975627, 36.193462199899997 ], [ -115.2975627, 36.1934648999 ], [ -115.297589699999989, 36.1934648999 ], [ -115.297589699999989, 36.193462199899997 ], [ -115.2975978, 36.193462199899997 ], [ -115.2975978, 36.193459499900001 ], [ -115.2976059, 36.193459499900001 ], [ -115.2976059, 36.193456799899998 ], [ -115.2976167, 36.193456799899998 ], [ -115.2976167, 36.193454099900002 ], [ -115.2976248, 36.193454099900002 ], [ -115.2976248, 36.193451399899999 ], [ -115.2976356, 36.193451399899999 ], [ -115.2976356, 36.193448699900003 ], [ -115.2976437, 36.193448699900003 ], [ -115.2976437, 36.1934459999 ], [ -115.2976518, 36.1934459999 ], [ -115.2976518, 36.193443299900004 ], [ -115.2976599, 36.193443299900004 ], [ -115.2976599, 36.193440599900001 ], [ -115.2976626, 36.193440599900001 ], [ -115.2976626, 36.193437899899997 ], [ -115.2976653, 36.193437899899997 ], [ -115.2976653, 36.193408199899999 ], [ -115.297668, 36.193408199899999 ], [ -115.297668, 36.193405499900003 ], [ -115.2976707, 36.193405499900003 ], [ -115.2976707, 36.193400099900003 ], [ -115.2976734, 36.193400099900003 ], [ -115.2976734, 36.193394699900004 ], [ -115.2976707, 36.193394699900004 ], [ -115.2976707, 36.193391999900001 ], [ -115.2976734, 36.193391999900001 ], [ -115.2976734, 36.193389299899998 ], [ -115.2976761, 36.193389299899998 ], [ -115.2976761, 36.193386599900002 ], [ -115.297695, 36.193386599900002 ], [ -115.297695, 36.193391999900001 ], [ -115.2977004, 36.193391999900001 ], [ -115.2977004, 36.193389299899998 ], [ -115.2977193, 36.193389299899998 ], [ -115.2977193, 36.193391999900001 ], [ -115.2977328, 36.193391999900001 ], [ -115.2977328, 36.193389299899998 ], [ -115.2977436, 36.193389299899998 ], [ -115.2977436, 36.193391999900001 ], [ -115.2977544, 36.193391999900001 ], [ -115.2977544, 36.193394699900004 ], [ -115.297776, 36.193394699900004 ], [ -115.297776, 36.1933973999 ], [ -115.2977868, 36.1933973999 ], [ -115.2977868, 36.193400099900003 ], [ -115.2977949, 36.193400099900003 ], [ -115.2977949, 36.193402799899999 ], [ -115.2977976, 36.193402799899999 ], [ -115.2977976, 36.193408199899999 ], [ -115.2977949, 36.193408199899999 ], [ -115.2977949, 36.193410899900002 ], [ -115.2977976, 36.193410899900002 ], [ -115.2977976, 36.193413599899998 ], [ -115.2978003, 36.193413599899998 ], [ -115.2978003, 36.193416299900001 ], [ -115.297803, 36.193416299900001 ], [ -115.297803, 36.193429799900002 ], [ -115.2978003, 36.193429799900002 ], [ -115.2978003, 36.1934459999 ], [ -115.297803, 36.1934459999 ], [ -115.297803, 36.193456799899998 ], [ -115.2978057, 36.193456799899998 ], [ -115.2978057, 36.1934702999 ], [ -115.2978084, 36.1934702999 ], [ -115.2978084, 36.193486499899997 ], [ -115.2978111, 36.193486499899997 ], [ -115.2978111, 36.193497299900002 ], [ -115.2978138, 36.193497299900002 ], [ -115.2978138, 36.193524299899998 ], [ -115.2978165, 36.193524299899998 ], [ -115.2978165, 36.1935323999 ], [ -115.2978192, 36.1935323999 ], [ -115.2978192, 36.1935377999 ], [ -115.2978219, 36.1935377999 ], [ -115.2978219, 36.193545899900002 ], [ -115.2978192, 36.193545899900002 ], [ -115.2978192, 36.193548599899998 ], [ -115.2978138, 36.193548599899998 ], [ -115.2978138, 36.193551299900001 ], [ -115.2978111, 36.193551299900001 ], [ -115.2978111, 36.193553999899997 ], [ -115.2978084, 36.193553999899997 ], [ -115.2978084, 36.1935566999 ], [ -115.2978057, 36.1935566999 ], [ -115.2978057, 36.193570199900002 ], [ -115.2977976, 36.193570199900002 ], [ -115.2977976, 36.193572899899998 ], [ -115.2977949, 36.193572899899998 ], [ -115.2977949, 36.193575599900001 ], [ -115.2977976, 36.193575599900001 ], [ -115.2977976, 36.193586399899999 ], [ -115.2977949, 36.193586399899999 ], [ -115.2977949, 36.193591799899998 ], [ -115.297792199999989, 36.193591799899998 ], [ -115.297792199999989, 36.193594499900001 ], [ -115.2977868, 36.193594499900001 ], [ -115.2977868, 36.193597199899997 ], [ -115.2977841, 36.193597199899997 ], [ -115.2977841, 36.193599899900001 ], [ -115.2977787, 36.193599899900001 ], [ -115.2977787, 36.193602599900004 ] ], [ [ -115.2978003, 36.193562099899999 ], [ -115.2978003, 36.193559399900003 ], [ -115.2977949, 36.193559399900003 ], [ -115.2977949, 36.193562099899999 ], [ -115.2978003, 36.193562099899999 ] ] ] } },
{ "type": "Feature", "properties": { "value": 255.0 }, "geometry": { "type": "Polygon", "coordinates": [ [ [ -115.2985023, 36.1934648999 ], [ -115.2984942, 36.1934648999 ], [ -115.2984942, 36.193462199899997 ], [ -115.2984915, 36.193462199899997 ], [ -115.2984915, 36.193459499900001 ], [ -115.2984888, 36.193459499900001 ], [ -115.2984888, 36.193451399899999 ], [ -115.2984861, 36.193451399899999 ], [ -115.2984861, 36.193448699900003 ], [ -115.2984807, 36.193448699900003 ], [ -115.2984807, 36.193443299900004 ], [ -115.298478, 36.193443299900004 ], [ -115.298478, 36.193440599900001 ], [ -115.2984753, 36.193440599900001 ], [ -115.2984753, 36.193435199900001 ], [ -115.2984699, 36.193435199900001 ], [ -115.2984699, 36.193440599900001 ], [ -115.2984645, 36.193440599900001 ], [ -115.2984645, 36.193437899899997 ], [ -115.2984618, 36.193437899899997 ], [ -115.2984618, 36.193429799900002 ], [ -115.2984591, 36.193429799900002 ], [ -115.2984591, 36.193418999900004 ], [ -115.2984618, 36.193418999900004 ], [ -115.2984618, 36.193416299900001 ], [ -115.2984591, 36.193416299900001 ], [ -115.2984591, 36.193402799899999 ], [ -115.2984618, 36.193402799899999 ], [ -115.2984618, 36.1933973999 ], [ -115.2984645, 36.1933973999 ], [ -115.2984645, 36.193394699900004 ], [ -115.2984672, 36.193394699900004 ], [ -115.2984672, 36.193383899899999 ], [ -115.2984699, 36.193383899899999 ], [ -115.2984699, 36.193362299900002 ], [ -115.2984726, 36.193362299900002 ], [ -115.2984726, 36.193359599899999 ], [ -115.2984834, 36.193359599899999 ], [ -115.2984834, 36.193356899900003 ], [ -115.2985104, 36.193356899900003 ], [ -115.2985104, 36.193359599899999 ], [ -115.2985131, 36.193359599899999 ], [ -115.2985131, 36.193362299900002 ], [ -115.2985158, 36.193362299900002 ], [ -115.2985158, 36.193359599899999 ], [ -115.2985185, 36.193359599899999 ], [ -115.2985185, 36.193356899900003 ], [ -115.2985266, 36.193356899900003 ], [ -115.2985266, 36.193351499900004 ], [ -115.2985293, 36.193351499900004 ], [ -115.2985293, 36.193348799900001 ], [ -115.298532, 36.193348799900001 ], [ -115.298532, 36.193346099899998 ], [ -115.2985401, 36.193346099899998 ], [ -115.2985401, 36.193343399900002 ], [ -115.2985455, 36.193343399900002 ], [ -115.2985455, 36.193340699899998 ], [ -115.2985509, 36.193340699899998 ], [ -115.2985509, 36.193337999900002 ], [ -115.2985563, 36.193337999900002 ], [ -115.2985563, 36.193335299899999 ], [ -115.2985617, 36.193335299899999 ], [ -115.2985617, 36.193332599900003 ], [ -115.2985644, 36.193332599900003 ], [ -115.2985644, 36.1933298999 ], [ -115.2985698, 36.1933298999 ], [ -115.2985698, 36.193327199900004 ], [ -115.2985725, 36.193327199900004 ], [ -115.2985725, 36.193324499900001 ], [ -115.2985752, 36.193324499900001 ], [ -115.2985752, 36.193321799899998 ], [ -115.2985806, 36.193321799899998 ], [ -115.2985806, 36.193319099900002 ], [ -115.2985833, 36.193319099900002 ], [ -115.2985833, 36.193316399899999 ], [ -115.2985914, 36.193316399899999 ], [ -115.2985914, 36.193313699900003 ], [ -115.2985968, 36.193313699900003 ], [ -115.2985968, 36.1933109999 ], [ -115.2986022, 36.1933109999 ], [ -115.2986022, 36.193308299900004 ], [ -115.2986076, 36.193308299900004 ], [ -115.2986076, 36.1933055999 ], [ -115.298613, 36.1933055999 ], [ -115.298613, 36.193302899900004 ], [ -115.2986184, 36.193302899900004 ], [ -115.2986184, 36.193300199900001 ], [ -115.2986238, 36.193300199900001 ], [ -115.2986238, 36.193297499899998 ], [ -115.2986292, 36.193297499899998 ], [ -115.2986292, 36.193294799900002 ], [ -115.2986319, 36.193294799900002 ], [ -115.2986319, 36.193292099899999 ], [ -115.2986373, 36.193292099899999 ], [ -115.2986373, 36.193289399900003 ], [ -115.29864, 36.193289399900003 ], [ -115.29864, 36.1932866999 ], [ -115.2986427, 36.1932866999 ], [ -115.2986427, 36.193283999900004 ], [ -115.2986454, 36.193283999900004 ], [ -115.2986454, 36.193281299900001 ], [ -115.2986508, 36.193281299900001 ], [ -115.2986508, 36.193278599899998 ], [ -115.2986589, 36.193278599899998 ], [ -115.2986589, 36.193275899900001 ], [ -115.2986643, 36.193275899900001 ], [ -115.2986643, 36.193273199899998 ], [ -115.2986724, 36.193273199899998 ], [ -115.2986724, 36.193270499900002 ], [ -115.2986778, 36.193270499900002 ], [ -115.2986778, 36.193267799899999 ], [ -115.2986859, 36.193267799899999 ], [ -115.2986859, 36.193265099900003 ], [ -115.2986886, 36.193265099900003 ], [ -115.2986886, 36.1932623999 ], [ -115.298694, 36.1932623999 ], [ -115.298694, 36.193256999900001 ], [ -115.2986994, 36.193256999900001 ], [ -115.2986994, 36.193254299899998 ], [ -115.2987021, 36.193254299899998 ], [ -115.2987021, 36.193251599900002 ], [ -115.2987075, 36.193251599900002 ], [ -115.2987075, 36.193248899899999 ], [ -115.2987129, 36.193248899899999 ], [ -115.2987129, 36.193246199900003 ], [ -115.2987237, 36.193246199900003 ], [ -115.2987237, 36.193248899899999 ], [ -115.2987291, 36.193248899899999 ], [ -115.2987291, 36.193246199900003 ], [ -115.2987426, 36.193246199900003 ], [ -115.2987426, 36.193437899899997 ], [ -115.2987291, 36.193437899899997 ], [ -115.2987291, 36.193435199900001 ], [ -115.298721, 36.193435199900001 ], [ -115.298721, 36.193429799900002 ], [ -115.2987183, 36.193429799900002 ], [ -115.2987183, 36.193424399900003 ], [ -115.2987156, 36.193424399900003 ], [ -115.2987156, 36.1934216999 ], [ -115.2987129, 36.1934216999 ], [ -115.2987129, 36.193416299900001 ], [ -115.2987021, 36.193416299900001 ], [ -115.2987021, 36.193413599899998 ], [ -115.2986994, 36.193413599899998 ], [ -115.2986994, 36.193410899900002 ], [ -115.2986778, 36.193410899900002 ], [ -115.2986778, 36.193413599899998 ], [ -115.2986643, 36.193413599899998 ], [ -115.2986643, 36.193416299900001 ], [ -115.2986562, 36.193416299900001 ], [ -115.2986562, 36.193418999900004 ], [ -115.2986508, 36.193418999900004 ], [ -115.2986508, 36.1934216999 ], [ -115.2986454, 36.1934216999 ], [ -115.2986454, 36.193424399900003 ], [ -115.2986427, 36.193424399900003 ], [ -115.2986427, 36.193427099899999 ], [ -115.2986373, 36.193427099899999 ], [ -115.2986373, 36.193429799900002 ], [ -115.2986319, 36.193429799900002 ], [ -115.2986319, 36.193432499899998 ], [ -115.2986265, 36.193432499899998 ], [ -115.2986265, 36.193435199900001 ], [ -115.2986211, 36.193435199900001 ], [ -115.2986211, 36.193437899899997 ], [ -115.2986157, 36.193437899899997 ], [ -115.2986157, 36.193440599900001 ], [ -115.2986103, 36.193440599900001 ], [ -115.2986103, 36.193443299900004 ], [ -115.2985995, 36.193443299900004 ], [ -115.2985995, 36.193440599900001 ], [ -115.2985968, 36.193440599900001 ], [ -115.2985968, 36.193437899899997 ], [ -115.2985941, 36.193437899899997 ], [ -115.2985941, 36.193435199900001 ], [ -115.2985914, 36.193435199900001 ], [ -115.2985914, 36.193432499899998 ], [ -115.2985887, 36.193432499899998 ], [ -115.2985887, 36.193427099899999 ], [ -115.298586, 36.193427099899999 ], [ -115.298586, 36.193424399900003 ], [ -115.2985833, 36.193424399900003 ], [ -115.2985833, 36.1934216999 ], [ -115.2985806, 36.1934216999 ], [ -115.2985806, 36.193418999900004 ], [ -115.2985779, 36.193418999900004 ], [ -115.2985779, 36.193416299900001 ], [ -115.2985752, 36.193416299900001 ], [ -115.2985752, 36.193413599899998 ], [ -115.2985725, 36.193413599899998 ], [ -115.2985725, 36.193410899900002 ], [ -115.2985698, 36.193410899900002 ], [ -115.2985698, 36.193408199899999 ], [ -115.2985671, 36.193408199899999 ], [ -115.2985671, 36.193402799899999 ], [ -115.2985644, 36.193402799899999 ], [ -115.2985644, 36.193400099900003 ], [ -115.2985617, 36.193400099900003 ], [ -115.2985617, 36.1933973999 ], [ -115.298559, 36.1933973999 ], [ -115.298559, 36.193394699900004 ], [ -115.2985563, 36.193394699900004 ], [ -115.2985563, 36.193391999900001 ], [ -115.2985536, 36.193391999900001 ], [ -115.2985536, 36.193389299899998 ], [ -115.2985482, 36.193389299899998 ], [ -115.2985482, 36.193383899899999 ], [ -115.2985455, 36.193383899899999 ], [ -115.2985455, 36.193381199900003 ], [ -115.2985428, 36.193381199900003 ], [ -115.2985428, 36.1933784999 ], [ -115.2985401, 36.1933784999 ], [ -115.2985401, 36.193375799900004 ], [ -115.2985347, 36.193375799900004 ], [ -115.2985347, 36.193373099900001 ], [ -115.298532, 36.193373099900001 ], [ -115.298532, 36.193370399899997 ], [ -115.2985266, 36.193370399899997 ], [ -115.2985266, 36.193373099900001 ], [ -115.2985212, 36.193373099900001 ], [ -115.2985212, 36.193375799900004 ], [ -115.2985239, 36.193375799900004 ], [ -115.2985239, 36.1933784999 ], [ -115.2985266, 36.1933784999 ], [ -115.2985266, 36.193381199900003 ], [ -115.298532, 36.193381199900003 ], [ -115.298532, 36.193383899899999 ], [ -115.2985347, 36.193383899899999 ], [ -115.2985347, 36.193386599900002 ], [ -115.2985401, 36.193386599900002 ], [ -115.2985401, 36.193389299899998 ], [ -115.2985428, 36.193389299899998 ], [ -115.2985428, 36.193394699900004 ], [ -115.2985455, 36.193394699900004 ], [ -115.2985455, 36.193402799899999 ], [ -115.2985482, 36.193402799899999 ], [ -115.2985482, 36.193410899900002 ], [ -115.2985509, 36.193410899900002 ], [ -115.2985509, 36.193435199900001 ], [ -115.2985482, 36.193435199900001 ], [ -115.2985482, 36.193437899899997 ], [ -115.2985455, 36.193437899899997 ], [ -115.2985455, 36.193440599900001 ], [ -115.2985428, 36.193440599900001 ], [ -115.2985428, 36.193443299900004 ], [ -115.2985374, 36.193443299900004 ], [ -115.2985374, 36.1934459999 ], [ -115.298532, 36.1934459999 ], [ -115.298532, 36.193448699900003 ], [ -115.2985266, 36.193448699900003 ], [ -115.2985266, 36.193451399899999 ], [ -115.2985212, 36.193451399899999 ], [ -115.2985212, 36.193454099900002 ], [ -115.2985185, 36.193454099900002 ], [ -115.2985185, 36.193456799899998 ], [ -115.2985131, 36.193456799899998 ], [ -115.2985131, 36.193459499900001 ], [ -115.2985077, 36.193459499900001 ], [ -115.2985077, 36.193462199899997 ], [ -115.2985023, 36.193462199899997 ], [ -115.2985023, 36.1934648999 ] ] ] } },
{ "type": "Feature", "properties": { "value": 255.0 }, "geometry": { "type": "Polygon", "coordinates": [ [ [ -115.2972252, 36.1933973999 ], [ -115.2972063, 36.1933973999 ], [ -115.2972063, 36.193394699900004 ], [ -115.2972009, 36.193394699900004 ], [ -115.2972009, 36.193391999900001 ], [ -115.2971874, 36.193391999900001 ], [ -115.2971874, 36.193394699900004 ], [ -115.2971793, 36.193394699900004 ], [ -115.2971793, 36.1933973999 ], [ -115.297165799999988, 36.1933973999 ], [ -115.297165799999988, 36.193394699900004 ], [ -115.2971442, 36.193394699900004 ], [ -115.2971442, 36.193391999900001 ], [ -115.2971415, 36.193391999900001 ], [ -115.2971415, 36.193389299899998 ], [ -115.2971388, 36.193389299899998 ], [ -115.2971388, 36.193386599900002 ], [ -115.297136099999989, 36.193386599900002 ], [ -115.297136099999989, 36.193383899899999 ], [ -115.2971334, 36.193383899899999 ], [ -115.2971334, 36.193381199900003 ], [ -115.297128, 36.193381199900003 ], [ -115.297128, 36.1933784999 ], [ -115.2971226, 36.1933784999 ], [ -115.2971226, 36.193375799900004 ], [ -115.2971145, 36.193375799900004 ], [ -115.2971145, 36.193373099900001 ], [ -115.2971091, 36.193373099900001 ], [ -115.2971091, 36.193370399899997 ], [ -115.2971037, 36.193370399899997 ], [ -115.2971037, 36.193367699900001 ], [ -115.297101, 36.193367699900001 ], [ -115.297101, 36.193364999899998 ], [ -115.297098299999988, 36.193364999899998 ], [ -115.297098299999988, 36.193362299900002 ], [ -115.2970929, 36.193362299900002 ], [ -115.2970929, 36.193356899900003 ], [ -115.2970902, 36.193356899900003 ], [ -115.2970902, 36.193343399900002 ], [ -115.2970929, 36.193343399900002 ], [ -115.2970929, 36.193340699899998 ], [ -115.2970956, 36.193340699899998 ], [ -115.2970956, 36.193337999900002 ], [ -115.297098299999988, 36.193337999900002 ], [ -115.297098299999988, 36.193335299899999 ], [ -115.297101, 36.193335299899999 ], [ -115.297101, 36.193332599900003 ], [ -115.2971037, 36.193332599900003 ], [ -115.2971037, 36.193316399899999 ], [ -115.297101, 36.193316399899999 ], [ -115.297101, 36.1933109999 ], [ -115.297098299999988, 36.1933109999 ], [ -115.297098299999988, 36.193300199900001 ], [ -115.297101, 36.193300199900001 ], [ -115.297101, 36.193297499899998 ], [ -115.2971037, 36.193297499899998 ], [ -115.2971037, 36.193294799900002 ], [ -115.2971064, 36.193294799900002 ], [ -115.2971064, 36.193292099899999 ], [ -115.2971091, 36.193292099899999 ], [ -115.2971091, 36.193289399900003 ], [ -115.2971145, 36.193289399900003 ], [ -115.2971145, 36.193283999900004 ], [ -115.297117199999988, 36.193283999900004 ], [ -115.297117199999988, 36.193275899900001 ], [ -115.2971145, 36.193275899900001 ], [ -115.2971145, 36.193273199899998 ], [ -115.2971118, 36.193273199899998 ], [ -115.2971118, 36.193270499900002 ], [ -115.2971091, 36.193270499900002 ], [ -115.2971091, 36.193267799899999 ], [ -115.2971037, 36.193267799899999 ], [ -115.2971037, 36.193265099900003 ], [ -115.297101, 36.193265099900003 ], [ -115.297101, 36.1932623999 ], [ -115.2970956, 36.1932623999 ], [ -115.2970956, 36.193259699900004 ], [ -115.2970929, 36.193259699900004 ], [ -115.2970929, 36.193256999900001 ], [ -115.297087499999989, 36.193256999900001 ], [ -115.297087499999989, 36.193254299899998 ], [ -115.2970848, 36.193254299899998 ], [ -115.2970848, 36.193251599900002 ], [ -115.2970821, 36.193251599900002 ], [ -115.2970821, 36.193248899899999 ], [ -115.2970767, 36.193248899899999 ], [ -115.2970767, 36.193246199900003 ], [ -115.2970713, 36.193246199900003 ], [ -115.2970713, 36.193243499899999 ], [ -115.297068599999989, 36.193243499899999 ], [ -115.297068599999989, 36.193240799900003 ], [ -115.2970659, 36.193240799900003 ], [ -115.2970659, 36.193232699900001 ], [ -115.297252199999988, 36.193232699900001 ], [ -115.297252199999988, 36.193235399900004 ], [ -115.2972549, 36.193235399900004 ], [ -115.2972549, 36.1932380999 ], [ -115.2972603, 36.1932380999 ], [ -115.2972603, 36.193240799900003 ], [ -115.297263, 36.193240799900003 ], [ -115.297263, 36.193243499899999 ], [ -115.2972657, 36.193243499899999 ], [ -115.2972657, 36.193246199900003 ], [ -115.2972684, 36.193246199900003 ], [ -115.2972684, 36.193248899899999 ], [ -115.297271099999989, 36.193248899899999 ], [ -115.297271099999989, 36.193251599900002 ], [ -115.2972738, 36.193251599900002 ], [ -115.2972738, 36.193254299899998 ], [ -115.2972792, 36.193254299899998 ], [ -115.2972792, 36.193256999900001 ], [ -115.2972819, 36.193256999900001 ], [ -115.2972819, 36.193259699900004 ], [ -115.2972873, 36.193259699900004 ], [ -115.2972873, 36.1932623999 ], [ -115.29729, 36.1932623999 ], [ -115.29729, 36.193265099900003 ], [ -115.2972927, 36.193265099900003 ], [ -115.2972927, 36.193267799899999 ], [ -115.2972954, 36.193267799899999 ], [ -115.2972954, 36.193270499900002 ], [ -115.2972981, 36.193270499900002 ], [ -115.2972981, 36.193273199899998 ], [ -115.297300799999988, 36.193273199899998 ], [ -115.297300799999988, 36.193275899900001 ], [ -115.2973035, 36.193275899900001 ], [ -115.2973035, 36.193278599899998 ], [ -115.2973089, 36.193278599899998 ], [ -115.2973089, 36.193281299900001 ], [ -115.2973116, 36.193281299900001 ], [ -115.2973116, 36.193283999900004 ], [ -115.297317, 36.193283999900004 ], [ -115.297317, 36.1932866999 ], [ -115.2973224, 36.1932866999 ], [ -115.2973224, 36.193289399900003 ], [ -115.2973278, 36.193289399900003 ], [ -115.2973278, 36.193292099899999 ], [ -115.2973305, 36.193292099899999 ], [ -115.2973305, 36.193294799900002 ], [ -115.2973332, 36.193294799900002 ], [ -115.2973332, 36.193297499899998 ], [ -115.2973359, 36.193297499899998 ], [ -115.2973359, 36.193300199900001 ], [ -115.297338599999989, 36.193300199900001 ], [ -115.297338599999989, 36.193302899900004 ], [ -115.2973413, 36.193302899900004 ], [ -115.2973413, 36.193308299900004 ], [ -115.2973467, 36.193308299900004 ], [ -115.2973467, 36.1933109999 ], [ -115.2973494, 36.1933109999 ], [ -115.2973494, 36.193313699900003 ], [ -115.2973521, 36.193313699900003 ], [ -115.2973521, 36.193316399899999 ], [ -115.2973548, 36.193316399899999 ], [ -115.2973548, 36.193321799899998 ], [ -115.2973575, 36.193321799899998 ], [ -115.2973575, 36.1933298999 ], [ -115.2973548, 36.1933298999 ], [ -115.2973548, 36.193337999900002 ], [ -115.2973521, 36.193337999900002 ], [ -115.2973521, 36.193340699899998 ], [ -115.2973494, 36.193340699899998 ], [ -115.2973494, 36.193343399900002 ], [ -115.2973467, 36.193343399900002 ], [ -115.2973467, 36.193346099899998 ], [ -115.297344, 36.193346099899998 ], [ -115.297344, 36.193348799900001 ], [ -115.2973413, 36.193348799900001 ], [ -115.2973413, 36.193351499900004 ], [ -115.297338599999989, 36.193351499900004 ], [ -115.297338599999989, 36.1933541999 ], [ -115.2973359, 36.1933541999 ], [ -115.2973359, 36.193356899900003 ], [ -115.2973332, 36.193356899900003 ], [ -115.2973332, 36.193359599899999 ], [ -115.2973305, 36.193359599899999 ], [ -115.2973305, 36.193364999899998 ], [ -115.2973278, 36.193364999899998 ], [ -115.2973278, 36.193367699900001 ], [ -115.2973251, 36.193367699900001 ], [ -115.2973251, 36.193370399899997 ], [ -115.2973224, 36.193370399899997 ], [ -115.2973224, 36.193373099900001 ], [ -115.297319699999989, 36.193373099900001 ], [ -115.297319699999989, 36.193375799900004 ], [ -115.297317, 36.193375799900004 ], [ -115.297317, 36.1933784999 ], [ -115.2973143, 36.1933784999 ], [ -115.2973143, 36.193381199900003 ], [ -115.2973116, 36.193381199900003 ], [ -115.2973116, 36.193383899899999 ], [ -115.2973089, 36.193383899899999 ], [ -115.2973089, 36.193386599900002 ], [ -115.2973035, 36.193386599900002 ], [ -115.2973035, 36.193389299899998 ], [ -115.297300799999988, 36.193389299899998 ], [ -115.297300799999988, 36.193391999900001 ], [ -115.2972873, 36.193391999900001 ], [ -115.2972873, 36.193389299899998 ], [ -115.2972819, 36.193389299899998 ], [ -115.2972819, 36.193386599900002 ], [ -115.2972765, 36.193386599900002 ], [ -115.2972765, 36.193383899899999 ], [ -115.2972738, 36.193383899899999 ], [ -115.2972738, 36.193381199900003 ], [ -115.297271099999989, 36.193381199900003 ], [ -115.297271099999989, 36.1933784999 ], [ -115.2972684, 36.1933784999 ], [ -115.2972684, 36.193375799900004 ], [ -115.297263, 36.193375799900004 ], [ -115.297263, 36.193373099900001 ], [ -115.2972576, 36.193373099900001 ], [ -115.2972576, 36.193370399899997 ], [ -115.297252199999988, 36.193370399899997 ], [ -115.297252199999988, 36.193367699900001 ], [ -115.2972495, 36.193367699900001 ], [ -115.2972495, 36.193364999899998 ], [ -115.297236, 36.193364999899998 ], [ -115.297236, 36.193367699900001 ], [ -115.297233299999988, 36.193367699900001 ], [ -115.297233299999988, 36.193370399899997 ], [ -115.2972306, 36.193370399899997 ], [ -115.2972306, 36.193375799900004 ], [ -115.297233299999988, 36.193375799900004 ], [ -115.297233299999988, 36.1933784999 ], [ -115.2972306, 36.1933784999 ], [ -115.2972306, 36.193381199900003 ], [ -115.297233299999988, 36.193381199900003 ], [ -115.297233299999988, 36.193391999900001 ], [ -115.2972306, 36.193391999900001 ], [ -115.2972306, 36.193394699900004 ], [ -115.2972252, 36.193394699900004 ], [ -115.2972252, 36.1933973999 ] ] ] } },
{ "type": "Feature", "properties": { "value": 255.0 }, "geometry": { "type": "Polygon", "coordinates": [ [ [ -115.2984996, 36.1932623999 ], [ -115.2984942, 36.1932623999 ], [ -115.2984942, 36.193259699900004 ], [ -115.2984861, 36.193259699900004 ], [ -115.2984861, 36.193256999900001 ], [ -115.2984834, 36.193256999900001 ], [ -115.2984834, 36.193254299899998 ], [ -115.2984807, 36.193254299899998 ], [ -115.2984807, 36.193251599900002 ], [ -115.298478, 36.193251599900002 ], [ -115.298478, 36.193248899899999 ], [ -115.2984753, 36.193248899899999 ], [ -115.2984753, 36.193246199900003 ], [ -115.2984726, 36.193246199900003 ], [ -115.2984726, 36.193243499899999 ], [ -115.2984699, 36.193243499899999 ], [ -115.2984699, 36.1932380999 ], [ -115.2984672, 36.1932380999 ], [ -115.2984672, 36.193235399900004 ], [ -115.2984645, 36.193235399900004 ], [ -115.2984645, 36.193232699900001 ], [ -115.2985536, 36.193232699900001 ], [ -115.2985536, 36.193235399900004 ], [ -115.2985482, 36.193235399900004 ], [ -115.2985482, 36.1932380999 ], [ -115.2985455, 36.1932380999 ], [ -115.2985455, 36.193240799900003 ], [ -115.2985374, 36.193240799900003 ], [ -115.2985374, 36.193243499899999 ], [ -115.298532, 36.193243499899999 ], [ -115.298532, 36.193246199900003 ], [ -115.2985266, 36.193246199900003 ], [ -115.2985266, 36.193248899899999 ], [ -115.2985212, 36.193248899899999 ], [ -115.2985212, 36.193251599900002 ], [ -115.2985185, 36.193251599900002 ], [ -115.2985185, 36.193254299899998 ], [ -115.2985131, 36.193254299899998 ], [ -115.2985131, 36.193256999900001 ], [ -115.2985077, 36.193256999900001 ], [ -115.2985077, 36.193259699900004 ], [ -115.2984996, 36.193259699900004 ], [ -115.2984996, 36.1932623999 ] ] ] } },
{ "type": "Feature", "properties": { "value": 255.0 }, "geometry": { "type": "Polygon", "coordinates": [ [ [ -115.2980325, 36.193265099900003 ], [ -115.298019, 36.193265099900003 ], [ -115.298019, 36.1932623999 ], [ -115.2980163, 36.1932623999 ], [ -115.2980163, 36.193259699900004 ], [ -115.2980136, 36.193259699900004 ], [ -115.2980136, 36.193256999900001 ], [ -115.2980109, 36.193256999900001 ], [ -115.2980109, 36.193254299899998 ], [ -115.2980082, 36.193254299899998 ], [ -115.2980082, 36.193251599900002 ], [ -115.2980055, 36.193251599900002 ], [ -115.2980055, 36.193248899899999 ], [ -115.2980028, 36.193248899899999 ], [ -115.2980028, 36.193246199900003 ], [ -115.2980001, 36.193246199900003 ], [ -115.2980001, 36.193243499899999 ], [ -115.2979947, 36.193243499899999 ], [ -115.2979947, 36.1932380999 ], [ -115.297992, 36.1932380999 ], [ -115.297992, 36.193232699900001 ], [ -115.2980784, 36.193232699900001 ], [ -115.2980784, 36.193235399900004 ], [ -115.2980757, 36.193235399900004 ], [ -115.2980757, 36.1932380999 ], [ -115.298073, 36.1932380999 ], [ -115.298073, 36.193240799900003 ], [ -115.2980703, 36.193240799900003 ], [ -115.2980703, 36.193243499899999 ], [ -115.2980649, 36.193243499899999 ], [ -115.2980649, 36.193246199900003 ], [ -115.2980595, 36.193246199900003 ], [ -115.2980595, 36.193248899899999 ], [ -115.2980541, 36.193248899899999 ], [ -115.2980541, 36.193251599900002 ], [ -115.2980487, 36.193251599900002 ], [ -115.2980487, 36.193254299899998 ], [ -115.298046, 36.193254299899998 ], [ -115.298046, 36.193256999900001 ], [ -115.2980406, 36.193256999900001 ], [ -115.2980406, 36.193259699900004 ], [ -115.2980379, 36.193259699900004 ], [ -115.2980379, 36.1932623999 ], [ -115.2980325, 36.1932623999 ], [ -115.2980325, 36.193265099900003 ] ] ] } }
]
}
