{
"type": "FeatureCollection",
"crs": { "type": "name", "properties": { "name": "urn:ogc:def:crs:OGC:1.3:CRS84" } },
"features": [
{ "type": "Feature", "properties": { "value": 255.0 }, "geometry": { "type": "Polygon", "coordinates": [ [ [ -115.261839, 36.217802699899998 ], [ -115.261812, 36.217802699899998 ], [ -115.261812, 36.217797299899999 ], [ -115.2618093, 36.217797299899999 ], [ -115.2618093, 36.2177918999 ], [ -115.261833599999989, 36.2177918999 ], [ -115.261833599999989, 36.217794599899996 ], [ -115.2618552, 36.217794599899996 ], [ -115.2618552, 36.217797299899999 ], [ -115.2618417, 36.217797299899999 ], [ -115.2618417, 36.217799999899995 ], [ -115.261839, 36.217799999899995 ], [ -115.261839, 36.217802699899998 ] ] ] } },
{ "type": "Feature", "properties": { "value": 255.0 }, "geometry": { "type": "Polygon", "coordinates": [ [ [ -115.2613476, 36.217802699899998 ], [ -115.2607482, 36.217802699899998 ], [ -115.2607482, 36.217794599899996 ], [ -115.2607509, 36.217794599899996 ], [ -115.2607509, 36.217778399899998 ], [ -115.2607536, 36.217778399899998 ], [ -115.2607536, 36.217775699899995 ], [ -115.2607563, 36.217775699899995 ], [ -115.2607563, 36.217772999899999 ], [ -115.2607941, 36.217772999899999 ], [ -115.2607941, 36.217770299899996 ], [ -115.2607995, 36.217770299899996 ], [ -115.2607995, 36.217772999899999 ], [ -115.2608265, 36.217772999899999 ], [ -115.2608265, 36.217775699899995 ], [ -115.2609075, 36.217775699899995 ], [ -115.2609075, 36.217772999899999 ], [ -115.2609156, 36.217772999899999 ], [ -115.2609156, 36.217770299899996 ], [ -115.2609993, 36.217770299899996 ], [ -115.2609993, 36.217772999899999 ], [ -115.2610074, 36.217772999899999 ], [ -115.2610074, 36.217775699899995 ], [ -115.2610101, 36.217775699899995 ], [ -115.2610101, 36.217772999899999 ], [ -115.2610317, 36.217772999899999 ], [ -115.2610317, 36.217775699899995 ], [ -115.2610344, 36.217775699899995 ], [ -115.2610344, 36.217778399899998 ], [ -115.2610506, 36.217778399899998 ], [ -115.2610506, 36.217781099900002 ], [ -115.2610614, 36.217781099900002 ], [ -115.2610614, 36.217778399899998 ], [ -115.2610668, 36.217778399899998 ], [ -115.2610668, 36.217775699899995 ], [ -115.2610722, 36.217775699899995 ], [ -115.2610722, 36.217778399899998 ], [ -115.2610749, 36.217778399899998 ], [ -115.2610749, 36.217775699899995 ], [ -115.261083, 36.217775699899995 ], [ -115.261083, 36.217772999899999 ], [ -115.2611559, 36.217772999899999 ], [ -115.2611559, 36.217775699899995 ], [ -115.2611829, 36.217775699899995 ], [ -115.2611829, 36.217778399899998 ], [ -115.2611937, 36.217778399899998 ], [ -115.2611937, 36.217781099900002 ], [ -115.2611991, 36.217781099900002 ], [ -115.2611991, 36.217783799899998 ], [ -115.2612261, 36.217783799899998 ], [ -115.2612261, 36.217786499900001 ], [ -115.2612801, 36.217786499900001 ], [ -115.2612801, 36.217783799899998 ], [ -115.2612909, 36.217783799899998 ], [ -115.2612909, 36.217781099900002 ], [ -115.2613287, 36.217781099900002 ], [ -115.2613287, 36.217783799899998 ], [ -115.2613341, 36.217783799899998 ], [ -115.2613341, 36.217786499900001 ], [ -115.2613395, 36.217786499900001 ], [ -115.2613395, 36.217789199899997 ], [ -115.2613449, 36.217789199899997 ], [ -115.2613449, 36.2177918999 ], [ -115.2613476, 36.2177918999 ], [ -115.2613476, 36.217802699899998 ] ] ] } },
{ "type": "Feature", "properties": { "value": 255.0 }, "geometry": { "type": "Polygon", "coordinates": [ [ [ -115.2613341, 36.217713599900001 ], [ -115.2613206, 36.217713599900001 ], [ -115.2613206, 36.217710899899998 ], [ -115.2612882, 36.217710899899998 ], [ -115.2612882, 36.217708199899995 ], [ -115.2612801, 36.217708199899995 ], [ -115.2612801, 36.217705499899999 ], [ -115.2612423, 36.217705499899999 ], [ -115.2612423, 36.217702799899996 ], [ -115.2612153, 36.217702799899996 ], [ -115.2612153, 36.217705499899999 ], [ -115.2611883, 36.217705499899999 ], [ -115.2611883, 36.217708199899995 ], [ -115.261137, 36.217708199899995 ], [ -115.261137, 36.217710899899998 ], [ -115.2610776, 36.217710899899998 ], [ -115.2610776, 36.217708199899995 ], [ -115.2609588, 36.217708199899995 ], [ -115.2609588, 36.217705499899999 ], [ -115.2609102, 36.217705499899999 ], [ -115.2609102, 36.217702799899996 ], [ -115.2608967, 36.217702799899996 ], [ -115.2608967, 36.2177000999 ], [ -115.2608454, 36.2177000999 ], [ -115.2608454, 36.217697399899997 ], [ -115.2608238, 36.217697399899997 ], [ -115.2608238, 36.2177000999 ], [ -115.2608103, 36.2177000999 ], [ -115.2608103, 36.217702799899996 ], [ -115.2608022, 36.217702799899996 ], [ -115.2608022, 36.217705499899999 ], [ -115.2607536, 36.217705499899999 ], [ -115.2607536, 36.217702799899996 ], [ -115.2607482, 36.217702799899996 ], [ -115.2607482, 36.2177000999 ], [ -115.2607455, 36.2177000999 ], [ -115.2607455, 36.217686599899999 ], [ -115.2607428, 36.217686599899999 ], [ -115.2607428, 36.217648799899997 ], [ -115.2607455, 36.217648799899997 ], [ -115.2607455, 36.217627199900001 ], [ -115.2607482, 36.217627199900001 ], [ -115.2607482, 36.217621799900002 ], [ -115.2607536, 36.217621799900002 ], [ -115.2607536, 36.217619099899999 ], [ -115.2607563, 36.217619099899999 ], [ -115.2607563, 36.217613699899999 ], [ -115.260759, 36.217613699899999 ], [ -115.260759, 36.217594799899999 ], [ -115.2607617, 36.217594799899999 ], [ -115.2607617, 36.217592099899996 ], [ -115.2607644, 36.217592099899996 ], [ -115.2607644, 36.2175893999 ], [ -115.2607671, 36.2175893999 ], [ -115.2607671, 36.217586699899996 ], [ -115.260813, 36.217586699899996 ], [ -115.260813, 36.2175839999 ], [ -115.2608697, 36.2175839999 ], [ -115.2608697, 36.217586699899996 ], [ -115.2608886, 36.217586699899996 ], [ -115.2608886, 36.2175893999 ], [ -115.2609156, 36.2175893999 ], [ -115.2609156, 36.217592099899996 ], [ -115.2609723, 36.217592099899996 ], [ -115.2609723, 36.2175893999 ], [ -115.2609777, 36.2175893999 ], [ -115.2609777, 36.217586699899996 ], [ -115.2610236, 36.217586699899996 ], [ -115.2610236, 36.2175839999 ], [ -115.2610263, 36.2175839999 ], [ -115.2610263, 36.217586699899996 ], [ -115.2610506, 36.217586699899996 ], [ -115.2610506, 36.2175839999 ], [ -115.2610587, 36.2175839999 ], [ -115.2610587, 36.217586699899996 ], [ -115.2610776, 36.217586699899996 ], [ -115.2610776, 36.2175893999 ], [ -115.2610938, 36.2175893999 ], [ -115.2610938, 36.217592099899996 ], [ -115.261137, 36.217592099899996 ], [ -115.261137, 36.2175893999 ], [ -115.2611667, 36.2175893999 ], [ -115.2611667, 36.217592099899996 ], [ -115.2611694, 36.217592099899996 ], [ -115.2611694, 36.2175893999 ], [ -115.2611991, 36.2175893999 ], [ -115.2611991, 36.217592099899996 ], [ -115.261272, 36.217592099899996 ], [ -115.261272, 36.217594799899999 ], [ -115.2612909, 36.217594799899999 ], [ -115.2612909, 36.217597499900002 ], [ -115.2613044, 36.217597499900002 ], [ -115.2613044, 36.217600199899998 ], [ -115.2613206, 36.217600199899998 ], [ -115.2613206, 36.217602899900001 ], [ -115.261326, 36.217602899900001 ], [ -115.261326, 36.2176082999 ], [ -115.2613287, 36.2176082999 ], [ -115.2613287, 36.217624499899998 ], [ -115.2613314, 36.217624499899998 ], [ -115.2613314, 36.217627199900001 ], [ -115.2613341, 36.217627199900001 ], [ -115.2613341, 36.2176325999 ], [ -115.2613368, 36.2176325999 ], [ -115.2613368, 36.217710899899998 ], [ -115.2613341, 36.217710899899998 ], [ -115.2613341, 36.217713599900001 ] ] ] } },
{ "type": "Feature", "properties": { "value": 255.0 }, "geometry": { "type": "Polygon", "coordinates": [ [ [ -115.2614421, 36.217802699899998 ], [ -115.2613827, 36.217802699899998 ], [ -115.2613827, 36.217735199899998 ], [ -115.2613854, 36.217735199899998 ], [ -115.2613854, 36.217673099899997 ], [ -115.2613881, 36.217673099899997 ], [ -115.2613881, 36.217586699899996 ], [ -115.2613908, 36.217586699899996 ], [ -115.2613908, 36.217570499899999 ], [ -115.2613935, 36.217570499899999 ], [ -115.2613935, 36.217567799899996 ], [ -115.2614475, 36.217567799899996 ], [ -115.2614475, 36.217659599899996 ], [ -115.2614448, 36.217659599899996 ], [ -115.2614448, 36.217727099899996 ], [ -115.2614421, 36.217727099899996 ], [ -115.2614421, 36.217802699899998 ] ] ] } },
{ "type": "Feature", "properties": { "value": 255.0 }, "geometry": { "type": "Polygon", "coordinates": [ [ [ -115.2615717, 36.217718999900001 ], [ -115.2615636, 36.217718999900001 ], [ -115.2615636, 36.217716299899998 ], [ -115.2615609, 36.217716299899998 ], [ -115.2615609, 36.217718999900001 ], [ -115.2615447, 36.217718999900001 ], [ -115.2615447, 36.217716299899998 ], [ -115.2615204, 36.217716299899998 ], [ -115.2615204, 36.2176325999 ], [ -115.2615231, 36.2176325999 ], [ -115.2615231, 36.217570499899999 ], [ -115.2615258, 36.217570499899999 ], [ -115.2615258, 36.217567799899996 ], [ -115.2615528, 36.217567799899996 ], [ -115.2615528, 36.217570499899999 ], [ -115.2615825, 36.217570499899999 ], [ -115.2615825, 36.217575899899998 ], [ -115.2615852, 36.217575899899998 ], [ -115.2615852, 36.217586699899996 ], [ -115.2615825, 36.217586699899996 ], [ -115.2615825, 36.2176568999 ], [ -115.2615798, 36.2176568999 ], [ -115.2615798, 36.217713599900001 ], [ -115.2615771, 36.217713599900001 ], [ -115.2615771, 36.217716299899998 ], [ -115.2615717, 36.217716299899998 ], [ -115.2615717, 36.217718999900001 ] ] ] } },
{ "type": "Feature", "properties": { "value": 255.0 }, "geometry": { "type": "Polygon", "coordinates": [ [ [ -115.2618876, 36.2177486999 ], [ -115.261882199999988, 36.2177486999 ], [ -115.261882199999988, 36.217745999899996 ], [ -115.2618768, 36.217745999899996 ], [ -115.2618768, 36.2177432999 ], [ -115.2618741, 36.2177432999 ], [ -115.2618741, 36.217727099899996 ], [ -115.2618714, 36.217727099899996 ], [ -115.2618714, 36.217702799899996 ], [ -115.2618741, 36.217702799899996 ], [ -115.2618741, 36.217629899899997 ], [ -115.2618768, 36.217629899899997 ], [ -115.2618768, 36.217616399899995 ], [ -115.2618795, 36.217616399899995 ], [ -115.2618795, 36.217610999899996 ], [ -115.261882199999988, 36.217610999899996 ], [ -115.261882199999988, 36.2175839999 ], [ -115.2618795, 36.2175839999 ], [ -115.2618795, 36.217578599900001 ], [ -115.2618768, 36.217578599900001 ], [ -115.2618768, 36.217573199900002 ], [ -115.2618741, 36.217573199900002 ], [ -115.2618741, 36.217548899900002 ], [ -115.2618768, 36.217548899900002 ], [ -115.2618768, 36.217543499899996 ], [ -115.2618795, 36.217543499899996 ], [ -115.2618795, 36.217535399900001 ], [ -115.2618849, 36.217535399900001 ], [ -115.2618849, 36.217529999900002 ], [ -115.2618876, 36.217529999900002 ], [ -115.2618876, 36.2177486999 ] ] ] } },
{ "type": "Feature", "properties": { "value": 255.0 }, "geometry": { "type": "Polygon", "coordinates": [ [ [ -115.2610884, 36.217554299900002 ], [ -115.2610776, 36.217554299900002 ], [ -115.2610776, 36.217551599899998 ], [ -115.2610722, 36.217551599899998 ], [ -115.2610722, 36.217554299900002 ], [ -115.2609669, 36.217554299900002 ], [ -115.2609669, 36.217551599899998 ], [ -115.2609507, 36.217551599899998 ], [ -115.2609507, 36.217554299900002 ], [ -115.260948, 36.217554299900002 ], [ -115.260948, 36.217551599899998 ], [ -115.2608859, 36.217551599899998 ], [ -115.2608859, 36.217548899900002 ], [ -115.2607914, 36.217548899900002 ], [ -115.2607914, 36.217546199899999 ], [ -115.2607428, 36.217546199899999 ], [ -115.2607428, 36.217543499899996 ], [ -115.2607401, 36.217543499899996 ], [ -115.2607401, 36.217500299899996 ], [ -115.2607428, 36.217500299899996 ], [ -115.2607428, 36.2174975999 ], [ -115.2607455, 36.2174975999 ], [ -115.2607455, 36.217494899899997 ], [ -115.2607509, 36.217494899899997 ], [ -115.2607509, 36.2174975999 ], [ -115.2607968, 36.2174975999 ], [ -115.2607968, 36.217500299899996 ], [ -115.2608805, 36.217500299899996 ], [ -115.2608805, 36.217502999899999 ], [ -115.2609129, 36.217502999899999 ], [ -115.2609129, 36.217505699900002 ], [ -115.2610722, 36.217505699900002 ], [ -115.2610722, 36.217502999899999 ], [ -115.261083, 36.217502999899999 ], [ -115.261083, 36.217505699900002 ], [ -115.2611019, 36.217505699900002 ], [ -115.2611019, 36.217508399899998 ], [ -115.2611046, 36.217508399899998 ], [ -115.2611046, 36.2175407999 ], [ -115.2611019, 36.2175407999 ], [ -115.2611019, 36.217548899900002 ], [ -115.2610992, 36.217548899900002 ], [ -115.2610992, 36.217551599899998 ], [ -115.2610884, 36.217551599899998 ], [ -115.2610884, 36.217554299900002 ] ] ] } },
{ "type": "Feature", "properties": { "value": 255.0 }, "geometry": { "type": "Polygon", "coordinates": [ [ [ -115.2618876, 36.217481399900002 ], [ -115.2618849, 36.217481399900002 ], [ -115.2618849, 36.217478699899999 ], [ -115.2618795, 36.217478699899999 ], [ -115.2618795, 36.217475999899996 ], [ -115.2618768, 36.217475999899996 ], [ -115.2618768, 36.217462499900002 ], [ -115.2618795, 36.217462499900002 ], [ -115.2618795, 36.217457099900003 ], [ -115.2618849, 36.217457099900003 ], [ -115.2618849, 36.217451699899996 ], [ -115.2618876, 36.217451699899996 ], [ -115.2618876, 36.217481399900002 ] ] ] } },
{ "type": "Feature", "properties": { "value": 255.0 }, "geometry": { "type": "Polygon", "coordinates": [ [ [ -115.2611073, 36.217446299899997 ], [ -115.2610047, 36.217446299899997 ], [ -115.2610047, 36.217443599900001 ], [ -115.2608724, 36.217443599900001 ], [ -115.2608724, 36.217440899899998 ], [ -115.2607995, 36.217440899899998 ], [ -115.2607995, 36.217438199900002 ], [ -115.2607455, 36.217438199900002 ], [ -115.2607455, 36.217394999900002 ], [ -115.2607482, 36.217394999900002 ], [ -115.2607482, 36.217389599900002 ], [ -115.2607563, 36.217389599900002 ], [ -115.2607563, 36.217386899899999 ], [ -115.2607806, 36.217386899899999 ], [ -115.2607806, 36.217389599900002 ], [ -115.2607995, 36.217389599900002 ], [ -115.2607995, 36.217392299899998 ], [ -115.260813, 36.217392299899998 ], [ -115.260813, 36.217394999900002 ], [ -115.2608481, 36.217394999900002 ], [ -115.2608481, 36.217397699899998 ], [ -115.2608805, 36.217397699899998 ], [ -115.2608805, 36.217400399900001 ], [ -115.260894, 36.217400399900001 ], [ -115.260894, 36.217403099899997 ], [ -115.2609777, 36.217403099899997 ], [ -115.2609777, 36.217400399900001 ], [ -115.2609939, 36.217400399900001 ], [ -115.2609939, 36.217397699899998 ], [ -115.2610155, 36.217397699899998 ], [ -115.2610155, 36.217394999900002 ], [ -115.2610533, 36.217394999900002 ], [ -115.2610533, 36.217392299899998 ], [ -115.2610668, 36.217392299899998 ], [ -115.2610668, 36.217389599900002 ], [ -115.2610857, 36.217389599900002 ], [ -115.2610857, 36.217392299899998 ], [ -115.2610938, 36.217392299899998 ], [ -115.2610938, 36.217389599900002 ], [ -115.2610992, 36.217389599900002 ], [ -115.2610992, 36.217392299899998 ], [ -115.2611046, 36.217392299899998 ], [ -115.2611046, 36.217394999900002 ], [ -115.2611073, 36.217394999900002 ], [ -115.2611073, 36.217446299899997 ] ] ] } },
{ "type": "Feature", "properties": { "value": 255.0 }, "geometry": { "type": "Polygon", "coordinates": [ [ [ -115.2615852, 36.217484099899998 ], [ -115.2615312, 36.217484099899998 ], [ -115.2615312, 36.217481399900002 ], [ -115.2615285, 36.217481399900002 ], [ -115.2615285, 36.217416599899998 ], [ -115.2615312, 36.217416599899998 ], [ -115.2615312, 36.2173382999 ], [ -115.2615339, 36.2173382999 ], [ -115.2615339, 36.217335599899997 ], [ -115.2615771, 36.217335599899997 ], [ -115.2615771, 36.2173382999 ], [ -115.2615852, 36.2173382999 ], [ -115.2615852, 36.217340999900003 ], [ -115.2615879, 36.217340999900003 ], [ -115.2615879, 36.217346399900002 ], [ -115.2615906, 36.217346399900002 ], [ -115.2615906, 36.217435499899999 ], [ -115.2615879, 36.217435499899999 ], [ -115.2615879, 36.217467899900001 ], [ -115.2615906, 36.217467899900001 ], [ -115.2615906, 36.217470599899997 ], [ -115.2615879, 36.217470599899997 ], [ -115.2615879, 36.217481399900002 ], [ -115.2615852, 36.217481399900002 ], [ -115.2615852, 36.217484099899998 ] ] ] } },
{ "type": "Feature", "properties": { "value": 255.0 }, "geometry": { "type": "Polygon", "coordinates": [ [ [ -115.261758, 36.217737899900001 ], [ -115.2616743, 36.217737899900001 ], [ -115.2616743, 36.217735199899998 ], [ -115.2616662, 36.217735199899998 ], [ -115.2616662, 36.217732499899995 ], [ -115.2616635, 36.217732499899995 ], [ -115.2616635, 36.217727099899996 ], [ -115.2616608, 36.217727099899996 ], [ -115.2616608, 36.2177243999 ], [ -115.2616581, 36.2177243999 ], [ -115.2616581, 36.217721699899997 ], [ -115.2616527, 36.217721699899997 ], [ -115.2616527, 36.217718999900001 ], [ -115.2616311, 36.217718999900001 ], [ -115.2616311, 36.217716299899998 ], [ -115.2616284, 36.217716299899998 ], [ -115.2616284, 36.217710899899998 ], [ -115.2616257, 36.217710899899998 ], [ -115.2616257, 36.217654199899997 ], [ -115.261623, 36.217654199899997 ], [ -115.261623, 36.217640699899995 ], [ -115.2616203, 36.217640699899995 ], [ -115.2616203, 36.217619099899999 ], [ -115.261623, 36.217619099899999 ], [ -115.261623, 36.217610999899996 ], [ -115.2616257, 36.217610999899996 ], [ -115.2616257, 36.217594799899999 ], [ -115.261623, 36.217594799899999 ], [ -115.261623, 36.2175893999 ], [ -115.2616257, 36.2175893999 ], [ -115.2616257, 36.217578599900001 ], [ -115.2616284, 36.217578599900001 ], [ -115.2616284, 36.2175650999 ], [ -115.2616311, 36.2175650999 ], [ -115.2616311, 36.217524599899996 ], [ -115.2616338, 36.217524599899996 ], [ -115.2616338, 36.2175164999 ], [ -115.2616311, 36.2175164999 ], [ -115.2616311, 36.217511099900001 ], [ -115.2616284, 36.217511099900001 ], [ -115.2616284, 36.217478699899999 ], [ -115.2616257, 36.217478699899999 ], [ -115.2616257, 36.217475999899996 ], [ -115.2616284, 36.217475999899996 ], [ -115.2616284, 36.217457099900003 ], [ -115.2616311, 36.217457099900003 ], [ -115.2616311, 36.2174489999 ], [ -115.2616338, 36.2174489999 ], [ -115.2616338, 36.217443599900001 ], [ -115.2616365, 36.217443599900001 ], [ -115.2616365, 36.217435499899999 ], [ -115.2616338, 36.217435499899999 ], [ -115.2616338, 36.217411199899999 ], [ -115.2616311, 36.217411199899999 ], [ -115.2616311, 36.217386899899999 ], [ -115.2616338, 36.217386899899999 ], [ -115.2616338, 36.217373399899998 ], [ -115.2616311, 36.217373399899998 ], [ -115.2616311, 36.217367999899999 ], [ -115.2616338, 36.217367999899999 ], [ -115.2616338, 36.217351799900001 ], [ -115.2616311, 36.217351799900001 ], [ -115.2616311, 36.217332899900001 ], [ -115.2616284, 36.217332899900001 ], [ -115.2616284, 36.217311299899997 ], [ -115.2616311, 36.217311299899997 ], [ -115.2616311, 36.217286999899997 ], [ -115.2616338, 36.217286999899997 ], [ -115.2616338, 36.217273499900003 ], [ -115.2616311, 36.217273499900003 ], [ -115.2616311, 36.2172653999 ], [ -115.2616365, 36.2172653999 ], [ -115.2616365, 36.217262699899997 ], [ -115.2616392, 36.217262699899997 ], [ -115.2616392, 36.217259999900001 ], [ -115.2616419, 36.217259999900001 ], [ -115.2616419, 36.217257299899998 ], [ -115.2616797, 36.217257299899998 ], [ -115.2616797, 36.217254599900002 ], [ -115.2616932, 36.217254599900002 ], [ -115.2616932, 36.217251899899999 ], [ -115.2617364, 36.217251899899999 ], [ -115.2617364, 36.217254599900002 ], [ -115.2617445, 36.217254599900002 ], [ -115.2617445, 36.217257299899998 ], [ -115.2617742, 36.217257299899998 ], [ -115.2617742, 36.217259999900001 ], [ -115.2617769, 36.217259999900001 ], [ -115.2617769, 36.2172653999 ], [ -115.2617796, 36.2172653999 ], [ -115.2617796, 36.217278899900002 ], [ -115.2617769, 36.217278899900002 ], [ -115.2617769, 36.217303199900002 ], [ -115.2617742, 36.217303199900002 ], [ -115.2617742, 36.217311299899997 ], [ -115.2617715, 36.217311299899997 ], [ -115.2617715, 36.217316699899996 ], [ -115.2617688, 36.217316699899996 ], [ -115.2617688, 36.217378799899997 ], [ -115.2617715, 36.217378799899997 ], [ -115.2617715, 36.217386899899999 ], [ -115.2617742, 36.217386899899999 ], [ -115.2617742, 36.217470599899997 ], [ -115.2617715, 36.217470599899997 ], [ -115.2617715, 36.217484099899998 ], [ -115.2617688, 36.217484099899998 ], [ -115.2617688, 36.217524599899996 ], [ -115.2617715, 36.217524599899996 ], [ -115.2617715, 36.217548899900002 ], [ -115.2617742, 36.217548899900002 ], [ -115.2617742, 36.217551599899998 ], [ -115.2617715, 36.217551599899998 ], [ -115.2617715, 36.217567799899996 ], [ -115.2617688, 36.217567799899996 ], [ -115.2617688, 36.217578599900001 ], [ -115.261766099999988, 36.217578599900001 ], [ -115.261766099999988, 36.217605599899997 ], [ -115.2617634, 36.217605599899997 ], [ -115.2617634, 36.217621799900002 ], [ -115.2617607, 36.217621799900002 ], [ -115.2617607, 36.217629899899997 ], [ -115.261758, 36.217629899899997 ], [ -115.261758, 36.217637999899999 ], [ -115.2617553, 36.217637999899999 ], [ -115.2617553, 36.217646099900001 ], [ -115.261758, 36.217646099900001 ], [ -115.261758, 36.217651499900001 ], [ -115.2617553, 36.217651499900001 ], [ -115.2617553, 36.217659599899996 ], [ -115.261758, 36.217659599899996 ], [ -115.261758, 36.217673099899997 ], [ -115.2617607, 36.217673099899997 ], [ -115.2617607, 36.217683899899995 ], [ -115.2617634, 36.217683899899995 ], [ -115.2617634, 36.217686599899999 ], [ -115.2617607, 36.217686599899999 ], [ -115.2617607, 36.217689299900002 ], [ -115.2617634, 36.217689299900002 ], [ -115.2617634, 36.217697399899997 ], [ -115.261766099999988, 36.217697399899997 ], [ -115.261766099999988, 36.217729799899999 ], [ -115.2617634, 36.217729799899999 ], [ -115.2617634, 36.217735199899998 ], [ -115.261758, 36.217735199899998 ], [ -115.261758, 36.217737899900001 ] ] ] } },
{ "type": "Feature", "properties": { "value": 255.0 }, "geometry": { "type": "Polygon", "coordinates": [ [ [ -115.2609696, 36.217367999899999 ], [ -115.2608967, 36.217367999899999 ], [ -115.2608967, 36.217365299900003 ], [ -115.2607725, 36.217365299900003 ], [ -115.2607725, 36.2173625999 ], [ -115.2607698, 36.2173625999 ], [ -115.2607698, 36.217359899899996 ], [ -115.2607671, 36.217359899899996 ], [ -115.2607671, 36.217340999900003 ], [ -115.2607644, 36.217340999900003 ], [ -115.2607644, 36.2173382999 ], [ -115.260759, 36.2173382999 ], [ -115.260759, 36.217335599899997 ], [ -115.2607509, 36.217335599899997 ], [ -115.2607509, 36.217332899900001 ], [ -115.2607482, 36.217332899900001 ], [ -115.2607482, 36.217324799899998 ], [ -115.2607455, 36.217324799899998 ], [ -115.2607455, 36.2173139999 ], [ -115.2607428, 36.2173139999 ], [ -115.2607428, 36.217297799900003 ], [ -115.2607455, 36.217297799900003 ], [ -115.2607455, 36.217276199899999 ], [ -115.2607482, 36.217276199899999 ], [ -115.2607482, 36.217254599900002 ], [ -115.2607509, 36.217254599900002 ], [ -115.2607509, 36.217249199900003 ], [ -115.2607725, 36.217249199900003 ], [ -115.2607725, 36.217251899899999 ], [ -115.2607995, 36.217251899899999 ], [ -115.2607995, 36.217254599900002 ], [ -115.2608967, 36.217254599900002 ], [ -115.2608967, 36.217251899899999 ], [ -115.2609021, 36.217251899899999 ], [ -115.2609021, 36.217249199900003 ], [ -115.2609102, 36.217249199900003 ], [ -115.2609102, 36.2172464999 ], [ -115.2609966, 36.2172464999 ], [ -115.2609966, 36.217243799899997 ], [ -115.261002, 36.217243799899997 ], [ -115.261002, 36.2172464999 ], [ -115.2610101, 36.2172464999 ], [ -115.2610101, 36.217249199900003 ], [ -115.2610128, 36.217249199900003 ], [ -115.2610128, 36.217251899899999 ], [ -115.2610182, 36.217251899899999 ], [ -115.2610182, 36.217254599900002 ], [ -115.2610209, 36.217254599900002 ], [ -115.2610209, 36.217257299899998 ], [ -115.2610236, 36.217257299899998 ], [ -115.2610236, 36.217259999900001 ], [ -115.2610344, 36.217259999900001 ], [ -115.2610344, 36.217262699899997 ], [ -115.2610398, 36.217262699899997 ], [ -115.2610398, 36.2172653999 ], [ -115.2610425, 36.2172653999 ], [ -115.2610425, 36.2172707999 ], [ -115.2610452, 36.2172707999 ], [ -115.2610452, 36.217281599899998 ], [ -115.2610425, 36.217281599899998 ], [ -115.2610425, 36.217300499899999 ], [ -115.2610398, 36.217300499899999 ], [ -115.2610398, 36.217340999900003 ], [ -115.2610371, 36.217340999900003 ], [ -115.2610371, 36.217346399900002 ], [ -115.2610317, 36.217346399900002 ], [ -115.2610317, 36.217349099899998 ], [ -115.261029, 36.217349099899998 ], [ -115.261029, 36.217354499899997 ], [ -115.2610263, 36.217354499899997 ], [ -115.2610263, 36.2173571999 ], [ -115.2610236, 36.2173571999 ], [ -115.2610236, 36.217359899899996 ], [ -115.2610101, 36.217359899899996 ], [ -115.2610101, 36.2173625999 ], [ -115.261002, 36.2173625999 ], [ -115.261002, 36.217359899899996 ], [ -115.2609939, 36.217359899899996 ], [ -115.2609939, 36.2173625999 ], [ -115.2609858, 36.2173625999 ], [ -115.2609858, 36.217365299900003 ], [ -115.2609696, 36.217365299900003 ], [ -115.2609696, 36.217367999899999 ] ] ] } },
{ "type": "Feature", "properties": { "value": 255.0 }, "geometry": { "type": "Polygon", "coordinates": [ [ [ -115.2611586, 36.2173382999 ], [ -115.2611478, 36.2173382999 ], [ -115.2611478, 36.217335599899997 ], [ -115.2611424, 36.217335599899997 ], [ -115.2611424, 36.217332899900001 ], [ -115.2611343, 36.217332899900001 ], [ -115.2611343, 36.217330199899997 ], [ -115.2611262, 36.217330199899997 ], [ -115.2611262, 36.217327499900001 ], [ -115.2611235, 36.217327499900001 ], [ -115.2611235, 36.217324799899998 ], [ -115.2611208, 36.217324799899998 ], [ -115.2611208, 36.217322099900002 ], [ -115.2611181, 36.217322099900002 ], [ -115.2611181, 36.217319399899999 ], [ -115.2611154, 36.217319399899999 ], [ -115.2611154, 36.217316699899996 ], [ -115.2611127, 36.217316699899996 ], [ -115.2611127, 36.217311299899997 ], [ -115.26111, 36.217311299899997 ], [ -115.26111, 36.217308599900001 ], [ -115.2611073, 36.217308599900001 ], [ -115.2611073, 36.217305899899998 ], [ -115.2611046, 36.217305899899998 ], [ -115.2611046, 36.217300499899999 ], [ -115.2611019, 36.217300499899999 ], [ -115.2611019, 36.217297799900003 ], [ -115.2610992, 36.217297799900003 ], [ -115.2610992, 36.217292399899996 ], [ -115.2610965, 36.217292399899996 ], [ -115.2610965, 36.2172896999 ], [ -115.2610938, 36.2172896999 ], [ -115.2610938, 36.217284299900001 ], [ -115.2610911, 36.217284299900001 ], [ -115.2610911, 36.217278899900002 ], [ -115.2610884, 36.217278899900002 ], [ -115.2610884, 36.217276199899999 ], [ -115.2610857, 36.217276199899999 ], [ -115.2610857, 36.217273499900003 ], [ -115.261083, 36.217273499900003 ], [ -115.261083, 36.2172707999 ], [ -115.2610803, 36.2172707999 ], [ -115.2610803, 36.217259999900001 ], [ -115.261083, 36.217259999900001 ], [ -115.261083, 36.217257299899998 ], [ -115.2610884, 36.217257299899998 ], [ -115.2610884, 36.217254599900002 ], [ -115.2610938, 36.217254599900002 ], [ -115.2610938, 36.217251899899999 ], [ -115.2610992, 36.217251899899999 ], [ -115.2610992, 36.217249199900003 ], [ -115.2611046, 36.217249199900003 ], [ -115.2611046, 36.2172464999 ], [ -115.2611073, 36.2172464999 ], [ -115.2611073, 36.217243799899997 ], [ -115.26111, 36.217243799899997 ], [ -115.26111, 36.217238399899998 ], [ -115.2611127, 36.217238399899998 ], [ -115.2611127, 36.217235699900002 ], [ -115.2611154, 36.217235699900002 ], [ -115.2611154, 36.217232999899998 ], [ -115.2611181, 36.217232999899998 ], [ -115.2611181, 36.217230299900002 ], [ -115.2611208, 36.217230299900002 ], [ -115.2611208, 36.217227599899999 ], [ -115.2611235, 36.217227599899999 ], [ -115.2611235, 36.217224899899996 ], [ -115.2611262, 36.217224899899996 ], [ -115.2611262, 36.2172221999 ], [ -115.2611289, 36.2172221999 ], [ -115.2611289, 36.217219499899997 ], [ -115.2611343, 36.217219499899997 ], [ -115.2611343, 36.217216799900001 ], [ -115.2611397, 36.217216799900001 ], [ -115.2611397, 36.217214099899998 ], [ -115.2611451, 36.217214099899998 ], [ -115.2611451, 36.217211399900002 ], [ -115.2611613, 36.217211399900002 ], [ -115.2611613, 36.217208699899999 ], [ -115.2611694, 36.217208699899999 ], [ -115.2611694, 36.217205999900003 ], [ -115.2611775, 36.217205999900003 ], [ -115.2611775, 36.2172032999 ], [ -115.2611829, 36.2172032999 ], [ -115.2611829, 36.217200599899996 ], [ -115.2611937, 36.217200599899996 ], [ -115.2611937, 36.2171978999 ], [ -115.2612018, 36.2171978999 ], [ -115.2612018, 36.217200599899996 ], [ -115.2612072, 36.217200599899996 ], [ -115.2612072, 36.2172032999 ], [ -115.2612099, 36.2172032999 ], [ -115.2612099, 36.217208699899999 ], [ -115.2612126, 36.217208699899999 ], [ -115.2612126, 36.217211399900002 ], [ -115.2612153, 36.217211399900002 ], [ -115.2612153, 36.217214099899998 ], [ -115.261218, 36.217214099899998 ], [ -115.261218, 36.217216799900001 ], [ -115.2612207, 36.217216799900001 ], [ -115.2612207, 36.2172221999 ], [ -115.2612234, 36.2172221999 ], [ -115.2612234, 36.217224899899996 ], [ -115.2612288, 36.217224899899996 ], [ -115.2612288, 36.217227599899999 ], [ -115.2612315, 36.217227599899999 ], [ -115.2612315, 36.217224899899996 ], [ -115.2612342, 36.217224899899996 ], [ -115.2612342, 36.2172221999 ], [ -115.2612369, 36.2172221999 ], [ -115.2612369, 36.217200599899996 ], [ -115.2612342, 36.217200599899996 ], [ -115.2612342, 36.217192499900001 ], [ -115.2612369, 36.217192499900001 ], [ -115.2612369, 36.217189799899998 ], [ -115.2612396, 36.217189799899998 ], [ -115.2612396, 36.217187099900002 ], [ -115.2612423, 36.217187099900002 ], [ -115.2612423, 36.217184399899999 ], [ -115.261245, 36.217184399899999 ], [ -115.261245, 36.217181699900003 ], [ -115.2612477, 36.217181699900003 ], [ -115.2612477, 36.2171789999 ], [ -115.2612531, 36.2171789999 ], [ -115.2612531, 36.217176299899997 ], [ -115.2612585, 36.217176299899997 ], [ -115.2612585, 36.217173599900001 ], [ -115.2612639, 36.217173599900001 ], [ -115.2612639, 36.217170899899997 ], [ -115.2612774, 36.217170899899997 ], [ -115.2612774, 36.217168199900001 ], [ -115.2612801, 36.217168199900001 ], [ -115.2612801, 36.217165499899998 ], [ -115.2612828, 36.217165499899998 ], [ -115.2612828, 36.217162799900002 ], [ -115.2612855, 36.217162799900002 ], [ -115.2612855, 36.217160099899999 ], [ -115.2612882, 36.217160099899999 ], [ -115.2612882, 36.217157399900003 ], [ -115.2612909, 36.217157399900003 ], [ -115.2612909, 36.2171546999 ], [ -115.2612936, 36.2171546999 ], [ -115.2612936, 36.217151999899997 ], [ -115.2612963, 36.217151999899997 ], [ -115.2612963, 36.217146599899998 ], [ -115.261299, 36.217146599899998 ], [ -115.261299, 36.217143899900002 ], [ -115.2613071, 36.217143899900002 ], [ -115.2613071, 36.217141199899999 ], [ -115.2613287, 36.217141199899999 ], [ -115.2613287, 36.217143899900002 ], [ -115.2613314, 36.217143899900002 ], [ -115.2613314, 36.217146599899998 ], [ -115.2613341, 36.217146599899998 ], [ -115.2613341, 36.217149299900001 ], [ -115.2613368, 36.217149299900001 ], [ -115.2613368, 36.217151999899997 ], [ -115.2613422, 36.217151999899997 ], [ -115.2613422, 36.2171546999 ], [ -115.2613449, 36.2171546999 ], [ -115.2613449, 36.217157399900003 ], [ -115.2613476, 36.217157399900003 ], [ -115.2613476, 36.217160099899999 ], [ -115.2613503, 36.217160099899999 ], [ -115.2613503, 36.217162799900002 ], [ -115.261353, 36.217162799900002 ], [ -115.261353, 36.217165499899998 ], [ -115.2613557, 36.217165499899998 ], [ -115.2613557, 36.217170899899997 ], [ -115.2613584, 36.217170899899997 ], [ -115.2613584, 36.217173599900001 ], [ -115.2613611, 36.217173599900001 ], [ -115.2613611, 36.2171789999 ], [ -115.2613638, 36.2171789999 ], [ -115.2613638, 36.217184399899999 ], [ -115.2613665, 36.217184399899999 ], [ -115.2613665, 36.217187099900002 ], [ -115.2613692, 36.217187099900002 ], [ -115.2613692, 36.217189799899998 ], [ -115.2613719, 36.217189799899998 ], [ -115.2613719, 36.217192499900001 ], [ -115.2613746, 36.217192499900001 ], [ -115.2613746, 36.2171978999 ], [ -115.2613773, 36.2171978999 ], [ -115.2613773, 36.217200599899996 ], [ -115.26138, 36.217200599899996 ], [ -115.26138, 36.2172032999 ], [ -115.2613827, 36.2172032999 ], [ -115.2613827, 36.217208699899999 ], [ -115.2613854, 36.217208699899999 ], [ -115.2613854, 36.217224899899996 ], [ -115.2613827, 36.217224899899996 ], [ -115.2613827, 36.217227599899999 ], [ -115.26138, 36.217227599899999 ], [ -115.26138, 36.217230299900002 ], [ -115.2613773, 36.217230299900002 ], [ -115.2613773, 36.217232999899998 ], [ -115.2613746, 36.217232999899998 ], [ -115.2613746, 36.217243799899997 ], [ -115.2613773, 36.217243799899997 ], [ -115.2613773, 36.217254599900002 ], [ -115.2613746, 36.217254599900002 ], [ -115.2613746, 36.217257299899998 ], [ -115.2613719, 36.217257299899998 ], [ -115.2613719, 36.217259999900001 ], [ -115.2613665, 36.217259999900001 ], [ -115.2613665, 36.217262699899997 ], [ -115.2613611, 36.217262699899997 ], [ -115.2613611, 36.2172653999 ], [ -115.2613557, 36.2172653999 ], [ -115.2613557, 36.217268099899997 ], [ -115.261353, 36.217268099899997 ], [ -115.261353, 36.2172707999 ], [ -115.2613449, 36.2172707999 ], [ -115.2613449, 36.217273499900003 ], [ -115.2613368, 36.217273499900003 ], [ -115.2613368, 36.217276199899999 ], [ -115.2613314, 36.217276199899999 ], [ -115.2613314, 36.217278899900002 ], [ -115.261326, 36.217278899900002 ], [ -115.261326, 36.217281599899998 ], [ -115.2613179, 36.217281599899998 ], [ -115.2613179, 36.217284299900001 ], [ -115.261299, 36.217284299900001 ], [ -115.261299, 36.217286999899997 ], [ -115.2612909, 36.217286999899997 ], [ -115.2612909, 36.2172896999 ], [ -115.2612801, 36.2172896999 ], [ -115.2612801, 36.217292399899996 ], [ -115.2612747, 36.217292399899996 ], [ -115.2612747, 36.217295099899999 ], [ -115.261272, 36.217295099899999 ], [ -115.261272, 36.217297799900003 ], [ -115.2612693, 36.217297799900003 ], [ -115.2612693, 36.217303199900002 ], [ -115.2612666, 36.217303199900002 ], [ -115.2612666, 36.217305899899998 ], [ -115.2612639, 36.217305899899998 ], [ -115.2612639, 36.217308599900001 ], [ -115.2612585, 36.217308599900001 ], [ -115.2612585, 36.217311299899997 ], [ -115.2612531, 36.217311299899997 ], [ -115.2612531, 36.2173139999 ], [ -115.2612477, 36.2173139999 ], [ -115.2612477, 36.217316699899996 ], [ -115.2612423, 36.217316699899996 ], [ -115.2612423, 36.217319399899999 ], [ -115.2612342, 36.217319399899999 ], [ -115.2612342, 36.217322099900002 ], [ -115.2612234, 36.217322099900002 ], [ -115.2612234, 36.217324799899998 ], [ -115.2612153, 36.217324799899998 ], [ -115.2612153, 36.217327499900001 ], [ -115.2612072, 36.217327499900001 ], [ -115.2612072, 36.217330199899997 ], [ -115.2611964, 36.217330199899997 ], [ -115.2611964, 36.217332899900001 ], [ -115.2611829, 36.217332899900001 ], [ -115.2611829, 36.217335599899997 ], [ -115.2611586, 36.217335599899997 ], [ -115.2611586, 36.2173382999 ] ], [ [ -115.2612666, 36.217284299900001 ], [ -115.2612666, 36.217278899900002 ], [ -115.2612639, 36.217278899900002 ], [ -115.2612639, 36.217276199899999 ], [ -115.2612612, 36.217276199899999 ], [ -115.2612612, 36.217273499900003 ], [ -115.2612558, 36.217273499900003 ], [ -115.2612558, 36.217278899900002 ], [ -115.2612585, 36.217278899900002 ], [ -115.2612585, 36.217281599899998 ], [ -115.2612612, 36.217281599899998 ], [ -115.2612612, 36.217284299900001 ], [ -115.2612666, 36.217284299900001 ] ] ] } },
{ "type": "Feature", "properties": { "value": 255.0 }, "geometry": { "type": "Polygon", "coordinates": [ [ [ -115.261677, 36.217133099900003 ], [ -115.2616608, 36.217133099900003 ], [ -115.2616608, 36.2171303999 ], [ -115.2616581, 36.2171303999 ], [ -115.2616581, 36.217124999900001 ], [ -115.2616554, 36.217124999900001 ], [ -115.2616554, 36.217122299899998 ], [ -115.2616527, 36.217122299899998 ], [ -115.2616527, 36.217116899899999 ], [ -115.26165, 36.217116899899999 ], [ -115.26165, 36.217114199900003 ], [ -115.2616473, 36.217114199900003 ], [ -115.2616473, 36.217089899900003 ], [ -115.26165, 36.217089899900003 ], [ -115.26165, 36.2170871999 ], [ -115.2616527, 36.2170871999 ], [ -115.2616527, 36.217084499899997 ], [ -115.2616581, 36.217084499899997 ], [ -115.2616581, 36.217081799900001 ], [ -115.2616608, 36.217081799900001 ], [ -115.2616608, 36.217079099899998 ], [ -115.2616662, 36.217079099899998 ], [ -115.2616662, 36.217076399900002 ], [ -115.261668899999989, 36.217076399900002 ], [ -115.261668899999989, 36.217073699899998 ], [ -115.2616743, 36.217073699899998 ], [ -115.2616743, 36.217070999900002 ], [ -115.2616824, 36.217070999900002 ], [ -115.2616824, 36.217068299899999 ], [ -115.2616986, 36.217068299899999 ], [ -115.2616986, 36.217065599900003 ], [ -115.2617067, 36.217065599900003 ], [ -115.2617067, 36.2170628999 ], [ -115.2617148, 36.2170628999 ], [ -115.2617148, 36.217060199899997 ], [ -115.2617229, 36.217060199899997 ], [ -115.2617229, 36.217057499900001 ], [ -115.2617256, 36.217057499900001 ], [ -115.2617256, 36.217054799899998 ], [ -115.2617283, 36.217054799899998 ], [ -115.2617283, 36.217052099900002 ], [ -115.2617364, 36.217052099900002 ], [ -115.2617364, 36.217049399899999 ], [ -115.2617445, 36.217049399899999 ], [ -115.2617445, 36.217046699900003 ], [ -115.2617499, 36.217046699900003 ], [ -115.2617499, 36.2170439999 ], [ -115.2617553, 36.2170439999 ], [ -115.2617553, 36.217041299900004 ], [ -115.2617607, 36.217041299900004 ], [ -115.2617607, 36.2170385999 ], [ -115.261766099999988, 36.2170385999 ], [ -115.261766099999988, 36.217035899899997 ], [ -115.261812, 36.217035899899997 ], [ -115.261812, 36.2170385999 ], [ -115.2618174, 36.2170385999 ], [ -115.2618174, 36.2170439999 ], [ -115.2618201, 36.2170439999 ], [ -115.2618201, 36.217054799899998 ], [ -115.2618228, 36.217054799899998 ], [ -115.2618228, 36.217070999900002 ], [ -115.2618201, 36.217070999900002 ], [ -115.2618201, 36.217073699899998 ], [ -115.261812, 36.217073699899998 ], [ -115.261812, 36.217076399900002 ], [ -115.2618066, 36.217076399900002 ], [ -115.2618066, 36.217079099899998 ], [ -115.2618012, 36.217079099899998 ], [ -115.2618012, 36.217081799900001 ], [ -115.2617958, 36.217081799900001 ], [ -115.2617958, 36.217084499899997 ], [ -115.2617904, 36.217084499899997 ], [ -115.2617904, 36.2170871999 ], [ -115.261785, 36.2170871999 ], [ -115.261785, 36.217089899900003 ], [ -115.2617796, 36.217089899900003 ], [ -115.2617796, 36.217092599899999 ], [ -115.2617715, 36.217092599899999 ], [ -115.2617715, 36.217095299900002 ], [ -115.261766099999988, 36.217095299900002 ], [ -115.261766099999988, 36.217097999899998 ], [ -115.261758, 36.217097999899998 ], [ -115.261758, 36.217100699900001 ], [ -115.2617526, 36.217100699900001 ], [ -115.2617526, 36.217103399899997 ], [ -115.2617445, 36.217103399899997 ], [ -115.2617445, 36.217106099900001 ], [ -115.2617391, 36.217106099900001 ], [ -115.2617391, 36.217108799899997 ], [ -115.261731, 36.217108799899997 ], [ -115.261731, 36.2171114999 ], [ -115.2617256, 36.2171114999 ], [ -115.2617256, 36.217114199900003 ], [ -115.261717499999989, 36.217114199900003 ], [ -115.261717499999989, 36.217116899899999 ], [ -115.2617094, 36.217116899899999 ], [ -115.2617094, 36.217119599900002 ], [ -115.2617013, 36.217119599900002 ], [ -115.2617013, 36.217122299899998 ], [ -115.2616959, 36.217122299899998 ], [ -115.2616959, 36.217124999900001 ], [ -115.2616878, 36.217124999900001 ], [ -115.2616878, 36.217127699899997 ], [ -115.2616824, 36.217127699899997 ], [ -115.2616824, 36.2171303999 ], [ -115.261677, 36.2171303999 ], [ -115.261677, 36.217133099900003 ] ] ] } },
{ "type": "Feature", "properties": { "value": 255.0 }, "geometry": { "type": "Polygon", "coordinates": [ [ [ -115.2611586, 36.2170439999 ], [ -115.2610911, 36.2170439999 ], [ -115.2610911, 36.217041299900004 ], [ -115.2610803, 36.217041299900004 ], [ -115.2610803, 36.2170385999 ], [ -115.2610722, 36.2170385999 ], [ -115.2610722, 36.217035899899997 ], [ -115.2610452, 36.217035899899997 ], [ -115.2610452, 36.217033199900001 ], [ -115.2609939, 36.217033199900001 ], [ -115.2609939, 36.217035899899997 ], [ -115.2609858, 36.217035899899997 ], [ -115.2609858, 36.2170385999 ], [ -115.2609507, 36.2170385999 ], [ -115.2609507, 36.217041299900004 ], [ -115.2609318, 36.217041299900004 ], [ -115.2609318, 36.2170385999 ], [ -115.2609291, 36.2170385999 ], [ -115.2609291, 36.217035899899997 ], [ -115.2609264, 36.217035899899997 ], [ -115.2609264, 36.217030499899998 ], [ -115.2609237, 36.217030499899998 ], [ -115.2609237, 36.217006199899998 ], [ -115.260921, 36.217006199899998 ], [ -115.260921, 36.216987299899998 ], [ -115.2609237, 36.216987299899998 ], [ -115.2609237, 36.216962999899998 ], [ -115.2609264, 36.216962999899998 ], [ -115.2609264, 36.216949499900004 ], [ -115.2609291, 36.216949499900004 ], [ -115.2609291, 36.216938699899998 ], [ -115.2609318, 36.216938699899998 ], [ -115.2609318, 36.216935999900002 ], [ -115.2609372, 36.216935999900002 ], [ -115.2609372, 36.216933299899999 ], [ -115.2609453, 36.216933299899999 ], [ -115.2609453, 36.216930599900003 ], [ -115.2609534, 36.216930599900003 ], [ -115.2609534, 36.2169278999 ], [ -115.2609615, 36.2169278999 ], [ -115.2609615, 36.216930599900003 ], [ -115.261002, 36.216930599900003 ], [ -115.261002, 36.2169278999 ], [ -115.2610074, 36.2169278999 ], [ -115.2610074, 36.216925199900004 ], [ -115.2610641, 36.216925199900004 ], [ -115.2610641, 36.2169278999 ], [ -115.261083, 36.2169278999 ], [ -115.261083, 36.216930599900003 ], [ -115.2611343, 36.216930599900003 ], [ -115.2611343, 36.216933299899999 ], [ -115.2611397, 36.216933299899999 ], [ -115.2611397, 36.216930599900003 ], [ -115.2611532, 36.216930599900003 ], [ -115.2611532, 36.216933299899999 ], [ -115.2611667, 36.216933299899999 ], [ -115.2611667, 36.216935999900002 ], [ -115.2611937, 36.216935999900002 ], [ -115.2611937, 36.216938699899998 ], [ -115.2612072, 36.216938699899998 ], [ -115.2612072, 36.216941399900001 ], [ -115.2612099, 36.216941399900001 ], [ -115.2612099, 36.216944099899997 ], [ -115.2612126, 36.216944099899997 ], [ -115.2612126, 36.216949499900004 ], [ -115.2612153, 36.216949499900004 ], [ -115.2612153, 36.2169521999 ], [ -115.261218, 36.2169521999 ], [ -115.261218, 36.216954899900003 ], [ -115.2612207, 36.216954899900003 ], [ -115.2612207, 36.216957599899999 ], [ -115.2612234, 36.216957599899999 ], [ -115.2612234, 36.216960299900002 ], [ -115.2612261, 36.216960299900002 ], [ -115.2612261, 36.216968399899997 ], [ -115.2612288, 36.216968399899997 ], [ -115.2612288, 36.216981899899999 ], [ -115.2612261, 36.216981899899999 ], [ -115.2612261, 36.217000799899999 ], [ -115.2612234, 36.217000799899999 ], [ -115.2612234, 36.217011599899998 ], [ -115.2612207, 36.217011599899998 ], [ -115.2612207, 36.217030499899998 ], [ -115.261218, 36.217030499899998 ], [ -115.261218, 36.217033199900001 ], [ -115.2612153, 36.217033199900001 ], [ -115.2612153, 36.217035899899997 ], [ -115.2612099, 36.217035899899997 ], [ -115.2612099, 36.2170385999 ], [ -115.2612018, 36.2170385999 ], [ -115.2612018, 36.217041299900004 ], [ -115.2611586, 36.217041299900004 ], [ -115.2611586, 36.2170439999 ] ] ] } },
{ "type": "Feature", "properties": { "value": 255.0 }, "geometry": { "type": "Polygon", "coordinates": [ [ [ -115.2615204, 36.217108799899997 ], [ -115.2614988, 36.217108799899997 ], [ -115.2614988, 36.217106099900001 ], [ -115.2614934, 36.217106099900001 ], [ -115.2614934, 36.217103399899997 ], [ -115.2614772, 36.217103399899997 ], [ -115.2614772, 36.217106099900001 ], [ -115.2614745, 36.217106099900001 ], [ -115.2614745, 36.217103399899997 ], [ -115.2614691, 36.217103399899997 ], [ -115.2614691, 36.217100699900001 ], [ -115.2614664, 36.217100699900001 ], [ -115.2614664, 36.217097999899998 ], [ -115.2614637, 36.217097999899998 ], [ -115.2614637, 36.217092599899999 ], [ -115.261461, 36.217092599899999 ], [ -115.261461, 36.217089899900003 ], [ -115.2614583, 36.217089899900003 ], [ -115.2614583, 36.217084499899997 ], [ -115.2614556, 36.217084499899997 ], [ -115.2614556, 36.217081799900001 ], [ -115.2614529, 36.217081799900001 ], [ -115.2614529, 36.217079099899998 ], [ -115.2614502, 36.217079099899998 ], [ -115.2614502, 36.217073699899998 ], [ -115.2614475, 36.217073699899998 ], [ -115.2614475, 36.217070999900002 ], [ -115.2614448, 36.217070999900002 ], [ -115.2614448, 36.217065599900003 ], [ -115.2614421, 36.217065599900003 ], [ -115.2614421, 36.2170628999 ], [ -115.2614394, 36.2170628999 ], [ -115.2614394, 36.217057499900001 ], [ -115.2614367, 36.217057499900001 ], [ -115.2614367, 36.217054799899998 ], [ -115.261434, 36.217054799899998 ], [ -115.261434, 36.217049399899999 ], [ -115.2614313, 36.217049399899999 ], [ -115.2614313, 36.2170439999 ], [ -115.2614286, 36.2170439999 ], [ -115.2614286, 36.217041299900004 ], [ -115.2614259, 36.217041299900004 ], [ -115.2614259, 36.217033199900001 ], [ -115.2614232, 36.217033199900001 ], [ -115.2614232, 36.217027799900002 ], [ -115.2614205, 36.217027799900002 ], [ -115.2614205, 36.217022399900003 ], [ -115.2614232, 36.217022399900003 ], [ -115.2614232, 36.2170196999 ], [ -115.2614259, 36.2170196999 ], [ -115.2614259, 36.217014299900001 ], [ -115.2614286, 36.217014299900001 ], [ -115.2614286, 36.217011599899998 ], [ -115.2614367, 36.217011599899998 ], [ -115.2614367, 36.217008899900001 ], [ -115.2614421, 36.217008899900001 ], [ -115.2614421, 36.217006199899998 ], [ -115.2614691, 36.217006199899998 ], [ -115.2614691, 36.217003499900002 ], [ -115.2614745, 36.217003499900002 ], [ -115.2614745, 36.217000799899999 ], [ -115.2615042, 36.217000799899999 ], [ -115.2615042, 36.216998099900003 ], [ -115.261515, 36.216998099900003 ], [ -115.261515, 36.2169953999 ], [ -115.2615177, 36.2169953999 ], [ -115.2615177, 36.216992699899997 ], [ -115.2615231, 36.216992699899997 ], [ -115.2615231, 36.216989999900001 ], [ -115.2615258, 36.216989999900001 ], [ -115.2615258, 36.216987299899998 ], [ -115.2615285, 36.216987299899998 ], [ -115.2615285, 36.216984599900002 ], [ -115.2615312, 36.216984599900002 ], [ -115.2615312, 36.216981899899999 ], [ -115.2615339, 36.216981899899999 ], [ -115.2615339, 36.216979199900003 ], [ -115.2615393, 36.216979199900003 ], [ -115.2615393, 36.216976499899999 ], [ -115.2615447, 36.216976499899999 ], [ -115.2615447, 36.216973799900003 ], [ -115.2615501, 36.216973799900003 ], [ -115.2615501, 36.2169710999 ], [ -115.2615528, 36.2169710999 ], [ -115.2615528, 36.216968399899997 ], [ -115.2615555, 36.216968399899997 ], [ -115.2615555, 36.216965699900001 ], [ -115.2615582, 36.216965699900001 ], [ -115.2615582, 36.216962999899998 ], [ -115.2615609, 36.216962999899998 ], [ -115.2615609, 36.216960299900002 ], [ -115.2615663, 36.216960299900002 ], [ -115.2615663, 36.216957599899999 ], [ -115.2615744, 36.216957599899999 ], [ -115.2615744, 36.216954899900003 ], [ -115.2615798, 36.216954899900003 ], [ -115.2615798, 36.2169521999 ], [ -115.2615879, 36.2169521999 ], [ -115.2615879, 36.216949499900004 ], [ -115.2615933, 36.216949499900004 ], [ -115.2615933, 36.216946799900001 ], [ -115.2616122, 36.216946799900001 ], [ -115.2616122, 36.216944099899997 ], [ -115.2616149, 36.216944099899997 ], [ -115.2616149, 36.216938699899998 ], [ -115.2616203, 36.216938699899998 ], [ -115.2616203, 36.216935999900002 ], [ -115.2616257, 36.216935999900002 ], [ -115.2616257, 36.216933299899999 ], [ -115.2616284, 36.216933299899999 ], [ -115.2616284, 36.216930599900003 ], [ -115.2616338, 36.216930599900003 ], [ -115.2616338, 36.2169278999 ], [ -115.2616419, 36.2169278999 ], [ -115.2616419, 36.216925199900004 ], [ -115.2616608, 36.216925199900004 ], [ -115.2616608, 36.216922499900001 ], [ -115.2616743, 36.216922499900001 ], [ -115.2616743, 36.216925199900004 ], [ -115.2616797, 36.216925199900004 ], [ -115.2616797, 36.2169278999 ], [ -115.2616851, 36.2169278999 ], [ -115.2616851, 36.216930599900003 ], [ -115.2616878, 36.216930599900003 ], [ -115.2616878, 36.216933299899999 ], [ -115.2616905, 36.216933299899999 ], [ -115.2616905, 36.216935999900002 ], [ -115.2616932, 36.216935999900002 ], [ -115.2616932, 36.216941399900001 ], [ -115.2616959, 36.216941399900001 ], [ -115.2616959, 36.216944099899997 ], [ -115.2616986, 36.216944099899997 ], [ -115.2616986, 36.216949499900004 ], [ -115.2617013, 36.216949499900004 ], [ -115.2617013, 36.216954899900003 ], [ -115.261704, 36.216954899900003 ], [ -115.261704, 36.216962999899998 ], [ -115.2617067, 36.216962999899998 ], [ -115.2617067, 36.216965699900001 ], [ -115.2617094, 36.216965699900001 ], [ -115.2617094, 36.2169710999 ], [ -115.2617121, 36.2169710999 ], [ -115.2617121, 36.216976499899999 ], [ -115.2617148, 36.216976499899999 ], [ -115.2617148, 36.216981899899999 ], [ -115.2617121, 36.216981899899999 ], [ -115.2617121, 36.216989999900001 ], [ -115.2617148, 36.216989999900001 ], [ -115.2617148, 36.2169953999 ], [ -115.261717499999989, 36.2169953999 ], [ -115.261717499999989, 36.216998099900003 ], [ -115.2617202, 36.216998099900003 ], [ -115.2617202, 36.217000799899999 ], [ -115.2617229, 36.217000799899999 ], [ -115.2617229, 36.217003499900002 ], [ -115.2617256, 36.217003499900002 ], [ -115.2617256, 36.217022399900003 ], [ -115.2617229, 36.217022399900003 ], [ -115.2617229, 36.217025099899999 ], [ -115.261717499999989, 36.217025099899999 ], [ -115.261717499999989, 36.217027799900002 ], [ -115.2617121, 36.217027799900002 ], [ -115.2617121, 36.217030499899998 ], [ -115.261704, 36.217030499899998 ], [ -115.261704, 36.217033199900001 ], [ -115.2616932, 36.217033199900001 ], [ -115.2616932, 36.217035899899997 ], [ -115.2616878, 36.217035899899997 ], [ -115.2616878, 36.2170385999 ], [ -115.2616851, 36.2170385999 ], [ -115.2616851, 36.217041299900004 ], [ -115.2616824, 36.217041299900004 ], [ -115.2616824, 36.2170439999 ], [ -115.261677, 36.2170439999 ], [ -115.261677, 36.217046699900003 ], [ -115.2616743, 36.217046699900003 ], [ -115.2616743, 36.217049399899999 ], [ -115.2616716, 36.217049399899999 ], [ -115.2616716, 36.217052099900002 ], [ -115.2616662, 36.217052099900002 ], [ -115.2616662, 36.217054799899998 ], [ -115.2616635, 36.217054799899998 ], [ -115.2616635, 36.217057499900001 ], [ -115.2616581, 36.217057499900001 ], [ -115.2616581, 36.217060199899997 ], [ -115.26165, 36.217060199899997 ], [ -115.26165, 36.2170628999 ], [ -115.2616446, 36.2170628999 ], [ -115.2616446, 36.217065599900003 ], [ -115.2616365, 36.217065599900003 ], [ -115.2616365, 36.217068299899999 ], [ -115.2616284, 36.217068299899999 ], [ -115.2616284, 36.217070999900002 ], [ -115.261623, 36.217070999900002 ], [ -115.261623, 36.217073699899998 ], [ -115.2616176, 36.217073699899998 ], [ -115.2616176, 36.217076399900002 ], [ -115.2616149, 36.217076399900002 ], [ -115.2616149, 36.217079099899998 ], [ -115.261596, 36.217079099899998 ], [ -115.261596, 36.217081799900001 ], [ -115.2615852, 36.217081799900001 ], [ -115.2615852, 36.217084499899997 ], [ -115.2615798, 36.217084499899997 ], [ -115.2615798, 36.2170871999 ], [ -115.2615771, 36.2170871999 ], [ -115.2615771, 36.217089899900003 ], [ -115.2615717, 36.217089899900003 ], [ -115.2615717, 36.217092599899999 ], [ -115.2615663, 36.217092599899999 ], [ -115.2615663, 36.217095299900002 ], [ -115.2615582, 36.217095299900002 ], [ -115.2615582, 36.217097999899998 ], [ -115.2615501, 36.217097999899998 ], [ -115.2615501, 36.217100699900001 ], [ -115.2615393, 36.217100699900001 ], [ -115.2615393, 36.217103399899997 ], [ -115.2615258, 36.217103399899997 ], [ -115.2615258, 36.217106099900001 ], [ -115.2615204, 36.217106099900001 ], [ -115.2615204, 36.217108799899997 ] ] ] } },
{ "type": "Feature", "properties": { "value": 255.0 }, "geometry": { "type": "Polygon", "coordinates": [ [ [ -115.261814699999988, 36.216976499899999 ], [ -115.2617985, 36.216976499899999 ], [ -115.2617985, 36.216973799900003 ], [ -115.2617904, 36.216973799900003 ], [ -115.2617904, 36.2169710999 ], [ -115.2617688, 36.2169710999 ], [ -115.2617688, 36.216968399899997 ], [ -115.261766099999988, 36.216968399899997 ], [ -115.261766099999988, 36.216965699900001 ], [ -115.2617634, 36.216965699900001 ], [ -115.2617634, 36.216962999899998 ], [ -115.2617607, 36.216962999899998 ], [ -115.2617607, 36.216960299900002 ], [ -115.261758, 36.216960299900002 ], [ -115.261758, 36.216957599899999 ], [ -115.2617553, 36.216957599899999 ], [ -115.2617553, 36.2169521999 ], [ -115.2617526, 36.2169521999 ], [ -115.2617526, 36.216949499900004 ], [ -115.2617499, 36.216949499900004 ], [ -115.2617499, 36.216946799900001 ], [ -115.2617472, 36.216946799900001 ], [ -115.2617472, 36.216944099899997 ], [ -115.2617445, 36.216944099899997 ], [ -115.2617445, 36.216941399900001 ], [ -115.2617418, 36.216941399900001 ], [ -115.2617418, 36.216938699899998 ], [ -115.2617391, 36.216938699899998 ], [ -115.2617391, 36.216935999900002 ], [ -115.2617364, 36.216935999900002 ], [ -115.2617364, 36.216933299899999 ], [ -115.2617337, 36.216933299899999 ], [ -115.2617337, 36.216930599900003 ], [ -115.261731, 36.216930599900003 ], [ -115.261731, 36.2169278999 ], [ -115.2617283, 36.2169278999 ], [ -115.2617283, 36.216925199900004 ], [ -115.2617256, 36.216925199900004 ], [ -115.2617256, 36.216922499900001 ], [ -115.2617229, 36.216922499900001 ], [ -115.2617229, 36.216917099900002 ], [ -115.2617202, 36.216917099900002 ], [ -115.2617202, 36.216914399899999 ], [ -115.261717499999989, 36.216914399899999 ], [ -115.261717499999989, 36.216911699900002 ], [ -115.2617148, 36.216911699900002 ], [ -115.2617148, 36.216908999899999 ], [ -115.2617121, 36.216908999899999 ], [ -115.2617121, 36.216906299900003 ], [ -115.2617094, 36.216906299900003 ], [ -115.2617094, 36.216900899899997 ], [ -115.2617148, 36.216900899899997 ], [ -115.2617148, 36.216895499899998 ], [ -115.261717499999989, 36.216895499899998 ], [ -115.261717499999989, 36.216890099899999 ], [ -115.2617229, 36.216890099899999 ], [ -115.2617229, 36.216887399900003 ], [ -115.261731, 36.216887399900003 ], [ -115.261731, 36.2168846999 ], [ -115.2617364, 36.2168846999 ], [ -115.2617364, 36.216881999900004 ], [ -115.2617418, 36.216881999900004 ], [ -115.2617418, 36.2168792999 ], [ -115.2617445, 36.2168792999 ], [ -115.2617445, 36.216876599899997 ], [ -115.2617499, 36.216876599899997 ], [ -115.2617499, 36.216873899900001 ], [ -115.2617526, 36.216873899900001 ], [ -115.2617526, 36.216871199899998 ], [ -115.261758, 36.216871199899998 ], [ -115.261758, 36.216868499900002 ], [ -115.2617634, 36.216868499900002 ], [ -115.2617634, 36.216865799899999 ], [ -115.2617688, 36.216865799899999 ], [ -115.2617688, 36.216863099900003 ], [ -115.2617715, 36.216863099900003 ], [ -115.2617715, 36.2168603999 ], [ -115.2617769, 36.2168603999 ], [ -115.2617769, 36.216857699900004 ], [ -115.2617796, 36.216857699900004 ], [ -115.2617796, 36.216854999900001 ], [ -115.2617823, 36.216854999900001 ], [ -115.2617823, 36.216852299899998 ], [ -115.261785, 36.216852299899998 ], [ -115.261785, 36.216849599900002 ], [ -115.2617931, 36.216849599900002 ], [ -115.2617931, 36.216846899899998 ], [ -115.2617985, 36.216846899899998 ], [ -115.2617985, 36.216844199900002 ], [ -115.2618039, 36.216844199900002 ], [ -115.2618039, 36.216841499899999 ], [ -115.2618066, 36.216841499899999 ], [ -115.2618066, 36.216838799900003 ], [ -115.2618093, 36.216838799900003 ], [ -115.2618093, 36.2168360999 ], [ -115.261814699999988, 36.2168360999 ], [ -115.261814699999988, 36.216833399900004 ], [ -115.2618174, 36.216833399900004 ], [ -115.2618174, 36.216830699900001 ], [ -115.2618201, 36.216830699900001 ], [ -115.2618201, 36.216827999899998 ], [ -115.2618255, 36.216827999899998 ], [ -115.2618255, 36.216822599899999 ], [ -115.2618282, 36.216822599899999 ], [ -115.2618282, 36.216819899900003 ], [ -115.2618309, 36.216819899900003 ], [ -115.2618309, 36.216817199899999 ], [ -115.261833599999989, 36.216817199899999 ], [ -115.261833599999989, 36.216814499900003 ], [ -115.2618363, 36.216814499900003 ], [ -115.2618363, 36.2168117999 ], [ -115.2618417, 36.2168117999 ], [ -115.2618417, 36.216809099899997 ], [ -115.2618444, 36.216809099899997 ], [ -115.2618444, 36.216806399900001 ], [ -115.2618498, 36.216806399900001 ], [ -115.2618498, 36.216803699899998 ], [ -115.2618552, 36.216803699899998 ], [ -115.2618552, 36.216800999900002 ], [ -115.261863299999987, 36.216800999900002 ], [ -115.261863299999987, 36.216798299899999 ], [ -115.2618714, 36.216798299899999 ], [ -115.2618714, 36.216795599900003 ], [ -115.2618795, 36.216795599900003 ], [ -115.2618795, 36.216798299899999 ], [ -115.261882199999988, 36.216798299899999 ], [ -115.261882199999988, 36.216795599900003 ], [ -115.2618876, 36.216795599900003 ], [ -115.2618876, 36.216933299899999 ], [ -115.2618849, 36.216933299899999 ], [ -115.2618849, 36.216935999900002 ], [ -115.261882199999988, 36.216935999900002 ], [ -115.261882199999988, 36.216938699899998 ], [ -115.2618795, 36.216938699899998 ], [ -115.2618795, 36.216941399900001 ], [ -115.2618768, 36.216941399900001 ], [ -115.2618768, 36.216946799900001 ], [ -115.2618741, 36.216946799900001 ], [ -115.2618741, 36.216949499900004 ], [ -115.2618714, 36.216949499900004 ], [ -115.2618714, 36.2169521999 ], [ -115.261866, 36.2169521999 ], [ -115.261866, 36.216954899900003 ], [ -115.261863299999987, 36.216954899900003 ], [ -115.261863299999987, 36.216957599899999 ], [ -115.2618579, 36.216957599899999 ], [ -115.2618579, 36.216960299900002 ], [ -115.2618498, 36.216960299900002 ], [ -115.2618498, 36.216962999899998 ], [ -115.2618417, 36.216962999899998 ], [ -115.2618417, 36.216965699900001 ], [ -115.2618363, 36.216965699900001 ], [ -115.2618363, 36.216968399899997 ], [ -115.2618309, 36.216968399899997 ], [ -115.2618309, 36.2169710999 ], [ -115.2618228, 36.2169710999 ], [ -115.2618228, 36.216973799900003 ], [ -115.261814699999988, 36.216973799900003 ], [ -115.261814699999988, 36.216976499899999 ] ] ] } },
{ "type": "Feature", "properties": { "value": 255.0 }, "geometry": { "type": "Polygon", "coordinates": [ [ [ -115.26084, 36.2169953999 ], [ -115.2608346, 36.2169953999 ], [ -115.2608346, 36.216992699899997 ], [ -115.2608238, 36.216992699899997 ], [ -115.2608238, 36.2169953999 ], [ -115.2608022, 36.2169953999 ], [ -115.2608022, 36.216992699899997 ], [ -115.2607914, 36.216992699899997 ], [ -115.2607914, 36.2169953999 ], [ -115.260786, 36.2169953999 ], [ -115.260786, 36.216992699899997 ], [ -115.2607617, 36.216992699899997 ], [ -115.2607617, 36.216989999900001 ], [ -115.260759, 36.216989999900001 ], [ -115.260759, 36.216987299899998 ], [ -115.2607563, 36.216987299899998 ], [ -115.2607563, 36.216946799900001 ], [ -115.2607536, 36.216946799900001 ], [ -115.2607536, 36.216930599900003 ], [ -115.2607563, 36.216930599900003 ], [ -115.2607563, 36.216895499899998 ], [ -115.2607536, 36.216895499899998 ], [ -115.2607536, 36.2168792999 ], [ -115.2607563, 36.2168792999 ], [ -115.2607563, 36.2168603999 ], [ -115.260759, 36.2168603999 ], [ -115.260759, 36.216838799900003 ], [ -115.2607563, 36.216838799900003 ], [ -115.2607563, 36.216833399900004 ], [ -115.260759, 36.216833399900004 ], [ -115.260759, 36.216779399899998 ], [ -115.2607563, 36.216779399899998 ], [ -115.2607563, 36.216757799900002 ], [ -115.260759, 36.216757799900002 ], [ -115.260759, 36.216755099899999 ], [ -115.260786, 36.216755099899999 ], [ -115.260786, 36.216757799900002 ], [ -115.2608616, 36.216757799900002 ], [ -115.2608616, 36.216760499899998 ], [ -115.2608643, 36.216760499899998 ], [ -115.2608643, 36.216765899900004 ], [ -115.260867, 36.216765899900004 ], [ -115.260867, 36.216771299900003 ], [ -115.2608697, 36.216771299900003 ], [ -115.2608697, 36.216773999899999 ], [ -115.2608886, 36.216773999899999 ], [ -115.2608886, 36.216776699900002 ], [ -115.260894, 36.216776699900002 ], [ -115.260894, 36.216779399899998 ], [ -115.2608967, 36.216779399899998 ], [ -115.2608967, 36.216795599900003 ], [ -115.2608994, 36.216795599900003 ], [ -115.2608994, 36.216806399900001 ], [ -115.2608967, 36.216806399900001 ], [ -115.2608967, 36.216871199899998 ], [ -115.260894, 36.216871199899998 ], [ -115.260894, 36.216925199900004 ], [ -115.2608913, 36.216925199900004 ], [ -115.2608913, 36.216941399900001 ], [ -115.2608886, 36.216941399900001 ], [ -115.2608886, 36.216957599899999 ], [ -115.2608859, 36.216957599899999 ], [ -115.2608859, 36.216965699900001 ], [ -115.2608832, 36.216965699900001 ], [ -115.2608832, 36.216981899899999 ], [ -115.2608805, 36.216981899899999 ], [ -115.2608805, 36.216984599900002 ], [ -115.2608724, 36.216984599900002 ], [ -115.2608724, 36.216987299899998 ], [ -115.260867, 36.216987299899998 ], [ -115.260867, 36.216989999900001 ], [ -115.2608616, 36.216989999900001 ], [ -115.2608616, 36.216992699899997 ], [ -115.26084, 36.216992699899997 ], [ -115.26084, 36.2169953999 ] ] ] } },
{ "type": "Feature", "properties": { "value": 255.0 }, "geometry": { "type": "Polygon", "coordinates": [ [ [ -115.2614016, 36.216965699900001 ], [ -115.2613854, 36.216965699900001 ], [ -115.2613854, 36.216962999899998 ], [ -115.26138, 36.216962999899998 ], [ -115.26138, 36.216960299900002 ], [ -115.2613773, 36.216960299900002 ], [ -115.2613773, 36.216957599899999 ], [ -115.2613746, 36.216957599899999 ], [ -115.2613746, 36.2169521999 ], [ -115.2613719, 36.2169521999 ], [ -115.2613719, 36.216949499900004 ], [ -115.2613692, 36.216949499900004 ], [ -115.2613692, 36.216944099899997 ], [ -115.2613665, 36.216944099899997 ], [ -115.2613665, 36.216941399900001 ], [ -115.2613638, 36.216941399900001 ], [ -115.2613638, 36.216935999900002 ], [ -115.2613611, 36.216935999900002 ], [ -115.2613611, 36.216922499900001 ], [ -115.2613638, 36.216922499900001 ], [ -115.2613638, 36.216917099900002 ], [ -115.2613665, 36.216917099900002 ], [ -115.2613665, 36.216914399899999 ], [ -115.2613692, 36.216914399899999 ], [ -115.2613692, 36.216911699900002 ], [ -115.2613719, 36.216911699900002 ], [ -115.2613719, 36.216906299900003 ], [ -115.2613746, 36.216906299900003 ], [ -115.2613746, 36.2169035999 ], [ -115.26138, 36.2169035999 ], [ -115.26138, 36.216900899899997 ], [ -115.2613854, 36.216900899899997 ], [ -115.2613854, 36.216898199900001 ], [ -115.2613908, 36.216898199900001 ], [ -115.2613908, 36.216895499899998 ], [ -115.2613962, 36.216895499899998 ], [ -115.2613962, 36.216892799900002 ], [ -115.2613989, 36.216892799900002 ], [ -115.2613989, 36.2168846999 ], [ -115.2614016, 36.2168846999 ], [ -115.2614016, 36.216881999900004 ], [ -115.2614043, 36.216881999900004 ], [ -115.2614043, 36.2168792999 ], [ -115.261407, 36.2168792999 ], [ -115.261407, 36.216876599899997 ], [ -115.2614205, 36.216876599899997 ], [ -115.2614205, 36.216871199899998 ], [ -115.2614232, 36.216871199899998 ], [ -115.2614232, 36.216868499900002 ], [ -115.2614259, 36.216868499900002 ], [ -115.2614259, 36.216863099900003 ], [ -115.2614286, 36.216863099900003 ], [ -115.2614286, 36.2168603999 ], [ -115.2614313, 36.2168603999 ], [ -115.2614313, 36.216854999900001 ], [ -115.261434, 36.216854999900001 ], [ -115.261434, 36.216841499899999 ], [ -115.2614367, 36.216841499899999 ], [ -115.2614367, 36.216833399900004 ], [ -115.261434, 36.216833399900004 ], [ -115.261434, 36.216822599899999 ], [ -115.2614367, 36.216822599899999 ], [ -115.2614367, 36.216819899900003 ], [ -115.2614421, 36.216819899900003 ], [ -115.2614421, 36.216817199899999 ], [ -115.2614448, 36.216817199899999 ], [ -115.2614448, 36.2168117999 ], [ -115.2614475, 36.2168117999 ], [ -115.2614475, 36.216809099899997 ], [ -115.2614502, 36.216809099899997 ], [ -115.2614502, 36.216806399900001 ], [ -115.2614529, 36.216806399900001 ], [ -115.2614529, 36.216798299899999 ], [ -115.2614556, 36.216798299899999 ], [ -115.2614556, 36.216795599900003 ], [ -115.261461, 36.216795599900003 ], [ -115.261461, 36.2167928999 ], [ -115.2614664, 36.2167928999 ], [ -115.2614664, 36.216790199900004 ], [ -115.2614826, 36.216790199900004 ], [ -115.2614826, 36.216787499900001 ], [ -115.2614907, 36.216787499900001 ], [ -115.2614907, 36.216784799899997 ], [ -115.2614961, 36.216784799899997 ], [ -115.2614961, 36.216782099900001 ], [ -115.2615015, 36.216782099900001 ], [ -115.2615015, 36.216779399899998 ], [ -115.2615069, 36.216779399899998 ], [ -115.2615069, 36.216776699900002 ], [ -115.261515, 36.216776699900002 ], [ -115.261515, 36.216771299900003 ], [ -115.2615204, 36.216771299900003 ], [ -115.2615204, 36.2167685999 ], [ -115.2615285, 36.2167685999 ], [ -115.2615285, 36.216765899900004 ], [ -115.2615366, 36.216765899900004 ], [ -115.2615366, 36.216763199900001 ], [ -115.2615447, 36.216763199900001 ], [ -115.2615447, 36.216760499899998 ], [ -115.2615636, 36.216760499899998 ], [ -115.2615636, 36.216757799900002 ], [ -115.261569, 36.216757799900002 ], [ -115.261569, 36.216760499899998 ], [ -115.2615717, 36.216760499899998 ], [ -115.2615717, 36.216765899900004 ], [ -115.2615906, 36.216765899900004 ], [ -115.2615906, 36.216763199900001 ], [ -115.2616041, 36.216763199900001 ], [ -115.2616041, 36.216765899900004 ], [ -115.2616068, 36.216765899900004 ], [ -115.2616068, 36.216771299900003 ], [ -115.2616041, 36.216771299900003 ], [ -115.2616041, 36.216773999899999 ], [ -115.261596, 36.216773999899999 ], [ -115.261596, 36.216776699900002 ], [ -115.2615906, 36.216776699900002 ], [ -115.2615906, 36.216779399899998 ], [ -115.2615852, 36.216779399899998 ], [ -115.2615852, 36.216782099900001 ], [ -115.2615825, 36.216782099900001 ], [ -115.2615825, 36.216784799899997 ], [ -115.2615771, 36.216784799899997 ], [ -115.2615771, 36.216787499900001 ], [ -115.2615744, 36.216787499900001 ], [ -115.2615744, 36.216790199900004 ], [ -115.2615717, 36.216790199900004 ], [ -115.2615717, 36.2167928999 ], [ -115.261569, 36.2167928999 ], [ -115.261569, 36.216795599900003 ], [ -115.2615663, 36.216795599900003 ], [ -115.2615663, 36.216798299899999 ], [ -115.2615609, 36.216798299899999 ], [ -115.2615609, 36.216800999900002 ], [ -115.2615555, 36.216800999900002 ], [ -115.2615555, 36.216803699899998 ], [ -115.2615528, 36.216803699899998 ], [ -115.2615528, 36.216806399900001 ], [ -115.2615474, 36.216806399900001 ], [ -115.2615474, 36.216809099899997 ], [ -115.2615366, 36.216809099899997 ], [ -115.2615366, 36.2168117999 ], [ -115.2615312, 36.2168117999 ], [ -115.2615312, 36.216814499900003 ], [ -115.2615258, 36.216814499900003 ], [ -115.2615258, 36.216817199899999 ], [ -115.2615231, 36.216817199899999 ], [ -115.2615231, 36.216819899900003 ], [ -115.2615177, 36.216819899900003 ], [ -115.2615177, 36.216822599899999 ], [ -115.261515, 36.216822599899999 ], [ -115.261515, 36.216830699900001 ], [ -115.2615123, 36.216830699900001 ], [ -115.2615123, 36.216841499899999 ], [ -115.2615096, 36.216841499899999 ], [ -115.2615096, 36.216846899899998 ], [ -115.2615123, 36.216846899899998 ], [ -115.2615123, 36.216849599900002 ], [ -115.261515, 36.216849599900002 ], [ -115.261515, 36.2168360999 ], [ -115.2615177, 36.2168360999 ], [ -115.2615177, 36.216844199900002 ], [ -115.2615204, 36.216844199900002 ], [ -115.2615204, 36.216849599900002 ], [ -115.2615312, 36.216849599900002 ], [ -115.2615312, 36.216846899899998 ], [ -115.261542, 36.216846899899998 ], [ -115.261542, 36.216844199900002 ], [ -115.2615501, 36.216844199900002 ], [ -115.2615501, 36.216841499899999 ], [ -115.2615609, 36.216841499899999 ], [ -115.2615609, 36.216838799900003 ], [ -115.2615663, 36.216838799900003 ], [ -115.2615663, 36.2168360999 ], [ -115.2615717, 36.2168360999 ], [ -115.2615717, 36.216833399900004 ], [ -115.2615771, 36.216833399900004 ], [ -115.2615771, 36.216830699900001 ], [ -115.2615825, 36.216830699900001 ], [ -115.2615825, 36.216827999899998 ], [ -115.2615852, 36.216827999899998 ], [ -115.2615852, 36.216825299900002 ], [ -115.2615906, 36.216825299900002 ], [ -115.2615906, 36.216822599899999 ], [ -115.2615933, 36.216822599899999 ], [ -115.2615933, 36.216819899900003 ], [ -115.2616095, 36.216819899900003 ], [ -115.2616095, 36.216822599899999 ], [ -115.2616149, 36.216822599899999 ], [ -115.2616149, 36.216825299900002 ], [ -115.2616203, 36.216825299900002 ], [ -115.2616203, 36.216827999899998 ], [ -115.2616257, 36.216827999899998 ], [ -115.2616257, 36.216830699900001 ], [ -115.2616284, 36.216830699900001 ], [ -115.2616284, 36.216833399900004 ], [ -115.2616311, 36.216833399900004 ], [ -115.2616311, 36.2168360999 ], [ -115.2616338, 36.2168360999 ], [ -115.2616338, 36.216841499899999 ], [ -115.2616365, 36.216841499899999 ], [ -115.2616365, 36.216854999900001 ], [ -115.2616338, 36.216854999900001 ], [ -115.2616338, 36.216868499900002 ], [ -115.2616311, 36.216868499900002 ], [ -115.2616311, 36.216881999900004 ], [ -115.2616284, 36.216881999900004 ], [ -115.2616284, 36.216887399900003 ], [ -115.2616257, 36.216887399900003 ], [ -115.2616257, 36.216890099899999 ], [ -115.2616203, 36.216890099899999 ], [ -115.2616203, 36.216892799900002 ], [ -115.2616095, 36.216892799900002 ], [ -115.2616095, 36.216895499899998 ], [ -115.261596, 36.216895499899998 ], [ -115.261596, 36.216898199900001 ], [ -115.2615906, 36.216898199900001 ], [ -115.2615906, 36.2169035999 ], [ -115.2615879, 36.2169035999 ], [ -115.2615879, 36.216906299900003 ], [ -115.2615852, 36.216906299900003 ], [ -115.2615852, 36.216908999899999 ], [ -115.2615798, 36.216908999899999 ], [ -115.2615798, 36.216911699900002 ], [ -115.2615771, 36.216911699900002 ], [ -115.2615771, 36.216914399899999 ], [ -115.261569, 36.216914399899999 ], [ -115.261569, 36.216917099900002 ], [ -115.2615609, 36.216917099900002 ], [ -115.2615609, 36.216919799899998 ], [ -115.2615582, 36.216919799899998 ], [ -115.2615582, 36.216922499900001 ], [ -115.2615501, 36.216922499900001 ], [ -115.2615501, 36.216925199900004 ], [ -115.2615474, 36.216925199900004 ], [ -115.2615474, 36.2169278999 ], [ -115.2615447, 36.2169278999 ], [ -115.2615447, 36.216930599900003 ], [ -115.2615393, 36.216930599900003 ], [ -115.2615393, 36.216933299899999 ], [ -115.2615258, 36.216933299899999 ], [ -115.2615258, 36.216935999900002 ], [ -115.2615177, 36.216935999900002 ], [ -115.2615177, 36.216938699899998 ], [ -115.261515, 36.216938699899998 ], [ -115.261515, 36.216944099899997 ], [ -115.2615096, 36.216944099899997 ], [ -115.2615096, 36.216946799900001 ], [ -115.2614961, 36.216946799900001 ], [ -115.2614961, 36.216949499900004 ], [ -115.2614907, 36.216949499900004 ], [ -115.2614907, 36.2169521999 ], [ -115.2614772, 36.2169521999 ], [ -115.2614772, 36.216954899900003 ], [ -115.2614664, 36.216954899900003 ], [ -115.2614664, 36.216957599899999 ], [ -115.2614448, 36.216957599899999 ], [ -115.2614448, 36.216954899900003 ], [ -115.2614286, 36.216954899900003 ], [ -115.2614286, 36.216957599899999 ], [ -115.2614232, 36.216957599899999 ], [ -115.2614232, 36.216960299900002 ], [ -115.2614151, 36.216960299900002 ], [ -115.2614151, 36.216962999899998 ], [ -115.2614016, 36.216962999899998 ], [ -115.2614016, 36.216965699900001 ] ] ] } },
{ "type": "Feature", "properties": { "value": 255.0 }, "geometry": { "type": "Polygon", "coordinates": [ [ [ -115.2613044, 36.216881999900004 ], [ -115.2612801, 36.216881999900004 ], [ -115.2612801, 36.216876599899997 ], [ -115.2612774, 36.216876599899997 ], [ -115.2612774, 36.216838799900003 ], [ -115.2612747, 36.216838799900003 ], [ -115.2612747, 36.2167685999 ], [ -115.261272, 36.2167685999 ], [ -115.261272, 36.216736199899998 ], [ -115.2612747, 36.216736199899998 ], [ -115.2612747, 36.216733499900002 ], [ -115.2612774, 36.216733499900002 ], [ -115.2612774, 36.216730799899999 ], [ -115.2613314, 36.216730799899999 ], [ -115.2613314, 36.216733499900002 ], [ -115.2613341, 36.216733499900002 ], [ -115.2613341, 36.216822599899999 ], [ -115.2613368, 36.216822599899999 ], [ -115.2613368, 36.2168792999 ], [ -115.2613044, 36.2168792999 ], [ -115.2613044, 36.216881999900004 ] ] ] } },
{ "type": "Feature", "properties": { "value": 255.0 }, "geometry": { "type": "Polygon", "coordinates": [ [ [ -115.2617634, 36.2167253999 ], [ -115.2617094, 36.2167253999 ], [ -115.2617094, 36.216722699900004 ], [ -115.2616338, 36.216722699900004 ], [ -115.2616338, 36.2167253999 ], [ -115.2615987, 36.2167253999 ], [ -115.2615987, 36.216722699900004 ], [ -115.2615555, 36.216722699900004 ], [ -115.2615555, 36.2167199999 ], [ -115.2615393, 36.2167199999 ], [ -115.2615393, 36.216717299899997 ], [ -115.2615285, 36.216717299899997 ], [ -115.2615285, 36.216714599900001 ], [ -115.261515, 36.216714599900001 ], [ -115.261515, 36.216711899899998 ], [ -115.2614475, 36.216711899899998 ], [ -115.2614475, 36.216714599900001 ], [ -115.2614367, 36.216714599900001 ], [ -115.2614367, 36.216717299899997 ], [ -115.26138, 36.216717299899997 ], [ -115.26138, 36.216714599900001 ], [ -115.2613773, 36.216714599900001 ], [ -115.2613773, 36.216711899899998 ], [ -115.2613746, 36.216711899899998 ], [ -115.2613746, 36.216660599900003 ], [ -115.2613773, 36.216660599900003 ], [ -115.2613773, 36.216636299900003 ], [ -115.26138, 36.216636299900003 ], [ -115.26138, 36.2166335999 ], [ -115.2613854, 36.2166335999 ], [ -115.2613854, 36.216630899900004 ], [ -115.2613881, 36.216630899900004 ], [ -115.2613881, 36.216628199900001 ], [ -115.2613908, 36.216628199900001 ], [ -115.2613908, 36.216620099899998 ], [ -115.2613935, 36.216620099899998 ], [ -115.2613935, 36.216617399900002 ], [ -115.2613962, 36.216617399900002 ], [ -115.2613962, 36.216611999900003 ], [ -115.2613989, 36.216611999900003 ], [ -115.2613989, 36.216606599900004 ], [ -115.2614313, 36.216606599900004 ], [ -115.2614313, 36.216603899900001 ], [ -115.261515, 36.216603899900001 ], [ -115.261515, 36.216606599900004 ], [ -115.2615879, 36.216606599900004 ], [ -115.2615879, 36.2166092999 ], [ -115.261623, 36.2166092999 ], [ -115.261623, 36.216611999900003 ], [ -115.2616311, 36.216611999900003 ], [ -115.2616311, 36.216614699899999 ], [ -115.2616338, 36.216614699899999 ], [ -115.2616338, 36.216620099899998 ], [ -115.2616419, 36.216620099899998 ], [ -115.2616419, 36.216622799900001 ], [ -115.2616554, 36.216622799900001 ], [ -115.2616554, 36.216620099899998 ], [ -115.2616581, 36.216620099899998 ], [ -115.2616581, 36.216617399900002 ], [ -115.2616635, 36.216617399900002 ], [ -115.2616635, 36.216614699899999 ], [ -115.2616662, 36.216614699899999 ], [ -115.2616662, 36.216611999900003 ], [ -115.2616716, 36.216611999900003 ], [ -115.2616716, 36.2166092999 ], [ -115.2616905, 36.2166092999 ], [ -115.2616905, 36.216606599900004 ], [ -115.2617229, 36.216606599900004 ], [ -115.2617229, 36.2166092999 ], [ -115.2617337, 36.2166092999 ], [ -115.2617337, 36.216611999900003 ], [ -115.2617607, 36.216611999900003 ], [ -115.2617607, 36.216614699899999 ], [ -115.2617769, 36.216614699899999 ], [ -115.2617769, 36.216611999900003 ], [ -115.2617985, 36.216611999900003 ], [ -115.2617985, 36.216614699899999 ], [ -115.2618255, 36.216614699899999 ], [ -115.2618255, 36.216611999900003 ], [ -115.2618282, 36.216611999900003 ], [ -115.2618282, 36.2166092999 ], [ -115.2618876, 36.2166092999 ], [ -115.2618876, 36.216714599900001 ], [ -115.2618795, 36.216714599900001 ], [ -115.2618795, 36.216717299899997 ], [ -115.261833599999989, 36.216717299899997 ], [ -115.261833599999989, 36.216714599900001 ], [ -115.2618282, 36.216714599900001 ], [ -115.2618282, 36.216717299899997 ], [ -115.2618201, 36.216717299899997 ], [ -115.2618201, 36.2167199999 ], [ -115.261814699999988, 36.2167199999 ], [ -115.261814699999988, 36.216722699900004 ], [ -115.2617634, 36.216722699900004 ], [ -115.2617634, 36.2167253999 ] ] ] } },
{ "type": "Feature", "properties": { "value": 255.0 }, "geometry": { "type": "Polygon", "coordinates": [ [ [ -115.2613017, 36.216706499899999 ], [ -115.2612747, 36.216706499899999 ], [ -115.2612747, 36.216590399899999 ], [ -115.2612774, 36.216590399899999 ], [ -115.2612774, 36.216557999900004 ], [ -115.2612828, 36.216557999900004 ], [ -115.2612828, 36.216555299900001 ], [ -115.2612855, 36.216555299900001 ], [ -115.2612855, 36.216557999900004 ], [ -115.2612909, 36.216557999900004 ], [ -115.2612909, 36.216555299900001 ], [ -115.261326, 36.216555299900001 ], [ -115.261326, 36.216557999900004 ], [ -115.2613395, 36.216557999900004 ], [ -115.2613395, 36.2165606999 ], [ -115.2613422, 36.2165606999 ], [ -115.2613422, 36.216571499899999 ], [ -115.2613395, 36.216571499899999 ], [ -115.2613395, 36.216587699900003 ], [ -115.2613368, 36.216587699900003 ], [ -115.2613368, 36.216622799900001 ], [ -115.2613341, 36.216622799900001 ], [ -115.2613341, 36.2167010999 ], [ -115.2613314, 36.2167010999 ], [ -115.2613314, 36.216703799900003 ], [ -115.2613017, 36.216703799900003 ], [ -115.2613017, 36.216706499899999 ] ] ] } },
{ "type": "Feature", "properties": { "value": 255.0 }, "geometry": { "type": "Polygon", "coordinates": [ [ [ -115.2618768, 36.216482399900002 ], [ -115.2618741, 36.216482399900002 ], [ -115.2618741, 36.216479699899999 ], [ -115.261866, 36.216479699899999 ], [ -115.261866, 36.216476999900003 ], [ -115.261863299999987, 36.216476999900003 ], [ -115.261863299999987, 36.216471599900004 ], [ -115.261866, 36.216471599900004 ], [ -115.261866, 36.216468899900001 ], [ -115.2618795, 36.216468899900001 ], [ -115.2618795, 36.216479699899999 ], [ -115.2618768, 36.216479699899999 ], [ -115.2618768, 36.216482399900002 ] ] ] } },
{ "type": "Feature", "properties": { "value": 255.0 }, "geometry": { "type": "Polygon", "coordinates": [ [ [ -115.2611937, 36.2168360999 ], [ -115.2611397, 36.2168360999 ], [ -115.2611397, 36.216833399900004 ], [ -115.261137, 36.216833399900004 ], [ -115.261137, 36.2167199999 ], [ -115.2611397, 36.2167199999 ], [ -115.2611397, 36.2166524999 ], [ -115.2611424, 36.2166524999 ], [ -115.2611424, 36.216595799899999 ], [ -115.2611451, 36.216595799899999 ], [ -115.2611451, 36.2165606999 ], [ -115.2611424, 36.2165606999 ], [ -115.2611424, 36.216552599899998 ], [ -115.2611451, 36.216552599899998 ], [ -115.2611451, 36.216544499900003 ], [ -115.2611424, 36.216544499900003 ], [ -115.2611424, 36.216539099900004 ], [ -115.2611451, 36.216539099900004 ], [ -115.2611451, 36.216509399899998 ], [ -115.2611478, 36.216509399899998 ], [ -115.2611478, 36.216414899900002 ], [ -115.2611505, 36.216414899900002 ], [ -115.2611505, 36.216398699900004 ], [ -115.2611532, 36.216398699900004 ], [ -115.2611532, 36.216395999900001 ], [ -115.2611559, 36.216395999900001 ], [ -115.2611559, 36.216393299899998 ], [ -115.2611613, 36.216393299899998 ], [ -115.2611613, 36.216390599900002 ], [ -115.2611694, 36.216390599900002 ], [ -115.2611694, 36.216393299899998 ], [ -115.2611802, 36.216393299899998 ], [ -115.2611802, 36.216390599900002 ], [ -115.2611937, 36.216390599900002 ], [ -115.2611937, 36.216387899899999 ], [ -115.2612045, 36.216387899899999 ], [ -115.2612045, 36.216393299899998 ], [ -115.2612072, 36.216393299899998 ], [ -115.2612072, 36.216520199900003 ], [ -115.2612045, 36.216520199900003 ], [ -115.2612045, 36.216611999900003 ], [ -115.2612018, 36.216611999900003 ], [ -115.2612018, 36.216679499900003 ], [ -115.2611991, 36.216679499900003 ], [ -115.2611991, 36.216746999900003 ], [ -115.2611964, 36.216746999900003 ], [ -115.2611964, 36.216819899900003 ], [ -115.2611937, 36.216819899900003 ], [ -115.2611937, 36.216822599899999 ], [ -115.2611964, 36.216822599899999 ], [ -115.2611964, 36.216830699900001 ], [ -115.2611937, 36.216830699900001 ], [ -115.2611937, 36.2168360999 ] ] ] } },
{ "type": "Feature", "properties": { "value": 255.0 }, "geometry": { "type": "Polygon", "coordinates": [ [ [ -115.2617526, 36.216536399900001 ], [ -115.2617013, 36.216536399900001 ], [ -115.2617013, 36.216533699900005 ], [ -115.2616581, 36.216533699900005 ], [ -115.2616581, 36.216536399900001 ], [ -115.2616338, 36.216536399900001 ], [ -115.2616338, 36.216533699900005 ], [ -115.2616176, 36.216533699900005 ], [ -115.2616176, 36.216530999900002 ], [ -115.2615339, 36.216530999900002 ], [ -115.2615339, 36.216528299899998 ], [ -115.2614907, 36.216528299899998 ], [ -115.2614907, 36.216525599900002 ], [ -115.2614691, 36.216525599900002 ], [ -115.2614691, 36.216528299899998 ], [ -115.2614448, 36.216528299899998 ], [ -115.2614448, 36.216525599900002 ], [ -115.2614124, 36.216525599900002 ], [ -115.2614124, 36.216522899899999 ], [ -115.261407, 36.216522899899999 ], [ -115.261407, 36.216509399899998 ], [ -115.2614043, 36.216509399899998 ], [ -115.2614043, 36.216501299900003 ], [ -115.2613989, 36.216501299900003 ], [ -115.2613989, 36.2164985999 ], [ -115.2613908, 36.2164985999 ], [ -115.2613908, 36.216495899900004 ], [ -115.2613854, 36.216495899900004 ], [ -115.2613854, 36.216490499900004 ], [ -115.2613827, 36.216490499900004 ], [ -115.2613827, 36.216455399899999 ], [ -115.26138, 36.216455399899999 ], [ -115.26138, 36.216439199900002 ], [ -115.2613827, 36.216439199900002 ], [ -115.2613827, 36.216414899900002 ], [ -115.2613854, 36.216414899900002 ], [ -115.2613854, 36.216409499900003 ], [ -115.2613935, 36.216409499900003 ], [ -115.2613935, 36.2164067999 ], [ -115.2613962, 36.2164067999 ], [ -115.2613962, 36.216404099900004 ], [ -115.2614151, 36.216404099900004 ], [ -115.2614151, 36.2164067999 ], [ -115.2614394, 36.2164067999 ], [ -115.2614394, 36.216409499900003 ], [ -115.2614502, 36.216409499900003 ], [ -115.2614502, 36.216412199899999 ], [ -115.2614718, 36.216412199899999 ], [ -115.2614718, 36.216414899900002 ], [ -115.2615015, 36.216414899900002 ], [ -115.2615015, 36.216412199899999 ], [ -115.2615096, 36.216412199899999 ], [ -115.2615096, 36.216414899900002 ], [ -115.2615123, 36.216414899900002 ], [ -115.2615123, 36.216412199899999 ], [ -115.2615393, 36.216412199899999 ], [ -115.2615393, 36.216409499900003 ], [ -115.2615717, 36.216409499900003 ], [ -115.2615717, 36.216412199899999 ], [ -115.2616554, 36.216412199899999 ], [ -115.2616554, 36.216409499900003 ], [ -115.2616635, 36.216409499900003 ], [ -115.2616635, 36.216412199899999 ], [ -115.2616743, 36.216412199899999 ], [ -115.2616743, 36.216409499900003 ], [ -115.2616932, 36.216409499900003 ], [ -115.2616932, 36.216412199899999 ], [ -115.2617121, 36.216412199899999 ], [ -115.2617121, 36.216409499900003 ], [ -115.2617202, 36.216409499900003 ], [ -115.2617202, 36.216412199899999 ], [ -115.2617364, 36.216412199899999 ], [ -115.2617364, 36.216409499900003 ], [ -115.2617769, 36.216409499900003 ], [ -115.2617769, 36.216412199899999 ], [ -115.2618093, 36.216412199899999 ], [ -115.2618093, 36.216414899900002 ], [ -115.2618174, 36.216414899900002 ], [ -115.2618174, 36.216417599900005 ], [ -115.2618228, 36.216417599900005 ], [ -115.2618228, 36.216420299900001 ], [ -115.2618255, 36.216420299900001 ], [ -115.2618255, 36.216422999900004 ], [ -115.2618309, 36.216422999900004 ], [ -115.2618309, 36.2164256999 ], [ -115.261833599999989, 36.2164256999 ], [ -115.261833599999989, 36.216428399900003 ], [ -115.2618363, 36.216428399900003 ], [ -115.2618363, 36.216431099899999 ], [ -115.2618417, 36.216431099899999 ], [ -115.2618417, 36.216433799900003 ], [ -115.2618471, 36.216433799900003 ], [ -115.2618471, 36.216431099899999 ], [ -115.261852499999989, 36.216431099899999 ], [ -115.261852499999989, 36.216433799900003 ], [ -115.261866, 36.216433799900003 ], [ -115.261866, 36.216439199900002 ], [ -115.2618579, 36.216439199900002 ], [ -115.2618579, 36.216441899900005 ], [ -115.2618552, 36.216441899900005 ], [ -115.2618552, 36.216444599900001 ], [ -115.2618579, 36.216444599900001 ], [ -115.2618579, 36.216447299900004 ], [ -115.2618552, 36.216447299900004 ], [ -115.2618552, 36.2164499999 ], [ -115.2618471, 36.2164499999 ], [ -115.2618471, 36.216441899900005 ], [ -115.2618417, 36.216441899900005 ], [ -115.2618417, 36.216444599900001 ], [ -115.261839, 36.216444599900001 ], [ -115.261839, 36.216452699900003 ], [ -115.2618363, 36.216452699900003 ], [ -115.2618363, 36.216463499900001 ], [ -115.261833599999989, 36.216463499900001 ], [ -115.261833599999989, 36.2164742999 ], [ -115.2618363, 36.2164742999 ], [ -115.2618363, 36.216485099899998 ], [ -115.261839, 36.216485099899998 ], [ -115.261839, 36.2164931999 ], [ -115.261852499999989, 36.2164931999 ], [ -115.261852499999989, 36.216495899900004 ], [ -115.2618552, 36.216495899900004 ], [ -115.2618552, 36.2164985999 ], [ -115.2618579, 36.2164985999 ], [ -115.2618579, 36.216501299900003 ], [ -115.2618606, 36.216501299900003 ], [ -115.2618606, 36.2164985999 ], [ -115.261866, 36.2164985999 ], [ -115.261866, 36.216495899900004 ], [ -115.2618741, 36.216495899900004 ], [ -115.2618741, 36.216501299900003 ], [ -115.2618795, 36.216501299900003 ], [ -115.2618795, 36.216506699900002 ], [ -115.261882199999988, 36.216506699900002 ], [ -115.261882199999988, 36.216512099900001 ], [ -115.2618849, 36.216512099900001 ], [ -115.2618849, 36.216503999899999 ], [ -115.2618876, 36.216503999899999 ], [ -115.2618876, 36.216528299899998 ], [ -115.2618795, 36.216528299899998 ], [ -115.2618795, 36.216530999900002 ], [ -115.2618741, 36.216530999900002 ], [ -115.2618741, 36.216528299899998 ], [ -115.2618687, 36.216528299899998 ], [ -115.2618687, 36.216530999900002 ], [ -115.2618579, 36.216530999900002 ], [ -115.2618579, 36.216528299899998 ], [ -115.2618498, 36.216528299899998 ], [ -115.2618498, 36.216525599900002 ], [ -115.2618363, 36.216525599900002 ], [ -115.2618363, 36.216528299899998 ], [ -115.2618309, 36.216528299899998 ], [ -115.2618309, 36.216530999900002 ], [ -115.2618255, 36.216530999900002 ], [ -115.2618255, 36.216533699900005 ], [ -115.2617526, 36.216533699900005 ], [ -115.2617526, 36.216536399900001 ] ] ] } },
{ "type": "Feature", "properties": { "value": 255.0 }, "geometry": { "type": "Polygon", "coordinates": [ [ [ -115.2610938, 36.216881999900004 ], [ -115.2610344, 36.216881999900004 ], [ -115.2610344, 36.2168792999 ], [ -115.2609993, 36.2168792999 ], [ -115.2609993, 36.216873899900001 ], [ -115.2609966, 36.216873899900001 ], [ -115.2609966, 36.216868499900002 ], [ -115.2609939, 36.216868499900002 ], [ -115.2609939, 36.216865799899999 ], [ -115.2609912, 36.216865799899999 ], [ -115.2609912, 36.216863099900003 ], [ -115.2609831, 36.216863099900003 ], [ -115.2609831, 36.2168603999 ], [ -115.2609777, 36.2168603999 ], [ -115.2609777, 36.216863099900003 ], [ -115.2609696, 36.216863099900003 ], [ -115.2609696, 36.2168603999 ], [ -115.2609669, 36.2168603999 ], [ -115.2609669, 36.216857699900004 ], [ -115.2609642, 36.216857699900004 ], [ -115.2609642, 36.216849599900002 ], [ -115.2609615, 36.216849599900002 ], [ -115.2609615, 36.216827999899998 ], [ -115.2609588, 36.216827999899998 ], [ -115.2609588, 36.216803699899998 ], [ -115.2609561, 36.216803699899998 ], [ -115.2609561, 36.216784799899997 ], [ -115.2609588, 36.216784799899997 ], [ -115.2609588, 36.2167685999 ], [ -115.2609561, 36.2167685999 ], [ -115.2609561, 36.216765899900004 ], [ -115.2609588, 36.216765899900004 ], [ -115.2609588, 36.2167253999 ], [ -115.2609615, 36.2167253999 ], [ -115.2609615, 36.216703799900003 ], [ -115.2609642, 36.216703799900003 ], [ -115.2609642, 36.216695699900001 ], [ -115.2609615, 36.216695699900001 ], [ -115.2609615, 36.2166767999 ], [ -115.2609588, 36.2166767999 ], [ -115.2609588, 36.216660599900003 ], [ -115.2609615, 36.216660599900003 ], [ -115.2609615, 36.216628199900001 ], [ -115.2609642, 36.216628199900001 ], [ -115.2609642, 36.216625499900005 ], [ -115.2609615, 36.216625499900005 ], [ -115.2609615, 36.216593099900003 ], [ -115.2609642, 36.216593099900003 ], [ -115.2609642, 36.216582299900004 ], [ -115.2609669, 36.216582299900004 ], [ -115.2609669, 36.216549899900002 ], [ -115.2609642, 36.216549899900002 ], [ -115.2609642, 36.216530999900002 ], [ -115.2609669, 36.216530999900002 ], [ -115.2609669, 36.216522899899999 ], [ -115.2609642, 36.216522899899999 ], [ -115.2609642, 36.2165174999 ], [ -115.2609615, 36.2165174999 ], [ -115.2609615, 36.216514799900004 ], [ -115.2609588, 36.216514799900004 ], [ -115.2609588, 36.2164742999 ], [ -115.2609615, 36.2164742999 ], [ -115.2609615, 36.216460799899998 ], [ -115.2609669, 36.216460799899998 ], [ -115.2609669, 36.216455399899999 ], [ -115.2609723, 36.216455399899999 ], [ -115.2609723, 36.216452699900003 ], [ -115.260975, 36.216452699900003 ], [ -115.260975, 36.2164499999 ], [ -115.2609777, 36.2164499999 ], [ -115.2609777, 36.216447299900004 ], [ -115.2609804, 36.216447299900004 ], [ -115.2609804, 36.216444599900001 ], [ -115.2609858, 36.216444599900001 ], [ -115.2609858, 36.216441899900005 ], [ -115.2609912, 36.216441899900005 ], [ -115.2609912, 36.216439199900002 ], [ -115.2609939, 36.216439199900002 ], [ -115.2609939, 36.216436499899999 ], [ -115.2609966, 36.216436499899999 ], [ -115.2609966, 36.2164256999 ], [ -115.2609993, 36.2164256999 ], [ -115.2609993, 36.216420299900001 ], [ -115.2609777, 36.216420299900001 ], [ -115.2609777, 36.216417599900005 ], [ -115.2609804, 36.216417599900005 ], [ -115.2609804, 36.216414899900002 ], [ -115.2609831, 36.216414899900002 ], [ -115.2609831, 36.216412199899999 ], [ -115.2609858, 36.216412199899999 ], [ -115.2609858, 36.216409499900003 ], [ -115.2609885, 36.216409499900003 ], [ -115.2609885, 36.2164067999 ], [ -115.2609912, 36.2164067999 ], [ -115.2609912, 36.216404099900004 ], [ -115.2609966, 36.216404099900004 ], [ -115.2609966, 36.216401399900001 ], [ -115.2610047, 36.216401399900001 ], [ -115.2610047, 36.216398699900004 ], [ -115.2610155, 36.216398699900004 ], [ -115.2610155, 36.216395999900001 ], [ -115.2610371, 36.216395999900001 ], [ -115.2610371, 36.216393299899998 ], [ -115.2610587, 36.216393299899998 ], [ -115.2610587, 36.216395999900001 ], [ -115.2610668, 36.216395999900001 ], [ -115.2610668, 36.216398699900004 ], [ -115.2611046, 36.216398699900004 ], [ -115.2611046, 36.216401399900001 ], [ -115.26111, 36.216401399900001 ], [ -115.26111, 36.216404099900004 ], [ -115.2611127, 36.216404099900004 ], [ -115.2611127, 36.2164256999 ], [ -115.26111, 36.2164256999 ], [ -115.26111, 36.216444599900001 ], [ -115.2611073, 36.216444599900001 ], [ -115.2611073, 36.216452699900003 ], [ -115.2611046, 36.216452699900003 ], [ -115.2611046, 36.216458099900002 ], [ -115.2611019, 36.216458099900002 ], [ -115.2611019, 36.216466199900005 ], [ -115.2610992, 36.216466199900005 ], [ -115.2610992, 36.216509399899998 ], [ -115.2611019, 36.216509399899998 ], [ -115.2611019, 36.216525599900002 ], [ -115.2611046, 36.216525599900002 ], [ -115.2611046, 36.216533699900005 ], [ -115.2611073, 36.216533699900005 ], [ -115.2611073, 36.216547199899999 ], [ -115.2611046, 36.216547199899999 ], [ -115.2611046, 36.216555299900001 ], [ -115.2611073, 36.216555299900001 ], [ -115.2611073, 36.216576899899998 ], [ -115.2611046, 36.216576899899998 ], [ -115.2611046, 36.216582299900004 ], [ -115.2611073, 36.216582299900004 ], [ -115.2611073, 36.216603899900001 ], [ -115.2611046, 36.216603899900001 ], [ -115.2611046, 36.216620099899998 ], [ -115.2611019, 36.216620099899998 ], [ -115.2611019, 36.216671399900001 ], [ -115.2611046, 36.216671399900001 ], [ -115.2611046, 36.216709199900002 ], [ -115.2611019, 36.216709199900002 ], [ -115.2611019, 36.216749699899999 ], [ -115.2610992, 36.216749699899999 ], [ -115.2610992, 36.216760499899998 ], [ -115.2610965, 36.216760499899998 ], [ -115.2610965, 36.2167685999 ], [ -115.2610938, 36.2167685999 ], [ -115.2610938, 36.216776699900002 ], [ -115.2610911, 36.216776699900002 ], [ -115.2610911, 36.216790199900004 ], [ -115.2610938, 36.216790199900004 ], [ -115.2610938, 36.216830699900001 ], [ -115.2610965, 36.216830699900001 ], [ -115.2610965, 36.216841499899999 ], [ -115.2610992, 36.216841499899999 ], [ -115.2610992, 36.216876599899997 ], [ -115.2610965, 36.216876599899997 ], [ -115.2610965, 36.2168792999 ], [ -115.2610938, 36.2168792999 ], [ -115.2610938, 36.216881999900004 ] ] ] } },
{ "type": "Feature", "properties": { "value": 255.0 }, "geometry": { "type": "Polygon", "coordinates": [ [ [ -115.2613395, 36.216530999900002 ], [ -115.2612801, 36.216530999900002 ], [ -115.2612801, 36.2164985999 ], [ -115.2612828, 36.2164985999 ], [ -115.2612828, 36.216387899899999 ], [ -115.2612855, 36.216387899899999 ], [ -115.2612855, 36.216385199900003 ], [ -115.2613287, 36.216385199900003 ], [ -115.2613287, 36.216387899899999 ], [ -115.2613449, 36.216387899899999 ], [ -115.2613449, 36.216420299900001 ], [ -115.2613422, 36.216420299900001 ], [ -115.2613422, 36.2164931999 ], [ -115.2613395, 36.2164931999 ], [ -115.2613395, 36.216495899900004 ], [ -115.2613422, 36.216495899900004 ], [ -115.2613422, 36.216506699900002 ], [ -115.2613395, 36.216506699900002 ], [ -115.2613395, 36.216530999900002 ] ] ] } },
{ "type": "Feature", "properties": { "value": 255.0 }, "geometry": { "type": "Polygon", "coordinates": [ [ [ -115.261839, 36.216374399900005 ], [ -115.2618309, 36.216374399900005 ], [ -115.2618309, 36.216371699900002 ], [ -115.2618282, 36.216371699900002 ], [ -115.2618282, 36.216368999899998 ], [ -115.2618255, 36.216368999899998 ], [ -115.2618255, 36.216355499900004 ], [ -115.2618228, 36.216355499900004 ], [ -115.2618228, 36.216350099900005 ], [ -115.2618255, 36.216350099900005 ], [ -115.2618255, 36.216341999900003 ], [ -115.2618228, 36.216341999900003 ], [ -115.2618228, 36.216328499900001 ], [ -115.2618282, 36.216328499900001 ], [ -115.2618282, 36.216325799900005 ], [ -115.2618444, 36.216325799900005 ], [ -115.2618444, 36.216323099900002 ], [ -115.2618741, 36.216323099900002 ], [ -115.2618741, 36.216320399899999 ], [ -115.2618876, 36.216320399899999 ], [ -115.2618876, 36.216371699900002 ], [ -115.261839, 36.216371699900002 ], [ -115.261839, 36.216374399900005 ] ] ] } },
{ "type": "Feature", "properties": { "value": 255.0 }, "geometry": { "type": "Polygon", "coordinates": [ [ [ -115.261137, 36.216366299900002 ], [ -115.2611235, 36.216366299900002 ], [ -115.2611235, 36.216363599899999 ], [ -115.2610101, 36.216363599899999 ], [ -115.2610101, 36.216360899900003 ], [ -115.2609858, 36.216360899900003 ], [ -115.2609858, 36.216363599899999 ], [ -115.2609804, 36.216363599899999 ], [ -115.2609804, 36.216360899900003 ], [ -115.2609696, 36.216360899900003 ], [ -115.2609696, 36.2163581999 ], [ -115.2609642, 36.2163581999 ], [ -115.2609642, 36.216352799900001 ], [ -115.2609615, 36.216352799900001 ], [ -115.2609615, 36.216317699900003 ], [ -115.2609642, 36.216317699900003 ], [ -115.2609642, 36.2163149999 ], [ -115.2609804, 36.2163149999 ], [ -115.2609804, 36.216312299900004 ], [ -115.2609912, 36.216312299900004 ], [ -115.2609912, 36.2163149999 ], [ -115.2610182, 36.2163149999 ], [ -115.2610182, 36.216317699900003 ], [ -115.2610965, 36.216317699900003 ], [ -115.2610965, 36.2163149999 ], [ -115.2611424, 36.2163149999 ], [ -115.2611424, 36.216317699900003 ], [ -115.2611451, 36.216317699900003 ], [ -115.2611451, 36.216363599899999 ], [ -115.261137, 36.216363599899999 ], [ -115.261137, 36.216366299900002 ] ] ] } },
{ "type": "Feature", "properties": { "value": 255.0 }, "geometry": { "type": "Polygon", "coordinates": [ [ [ -115.2608616, 36.2167253999 ], [ -115.2607644, 36.2167253999 ], [ -115.2607644, 36.216722699900004 ], [ -115.260759, 36.216722699900004 ], [ -115.260759, 36.216709199900002 ], [ -115.2607563, 36.216709199900002 ], [ -115.2607563, 36.216703799900003 ], [ -115.260759, 36.216703799900003 ], [ -115.260759, 36.2167010999 ], [ -115.2607563, 36.2167010999 ], [ -115.2607563, 36.216687599899998 ], [ -115.2607536, 36.216687599899998 ], [ -115.2607536, 36.2166767999 ], [ -115.2607563, 36.2166767999 ], [ -115.2607563, 36.216660599900003 ], [ -115.260759, 36.216660599900003 ], [ -115.260759, 36.216590399899999 ], [ -115.2607617, 36.216590399899999 ], [ -115.2607617, 36.2165849999 ], [ -115.260759, 36.2165849999 ], [ -115.260759, 36.2165606999 ], [ -115.2607563, 36.2165606999 ], [ -115.2607563, 36.216547199899999 ], [ -115.2607536, 36.216547199899999 ], [ -115.2607536, 36.216490499900004 ], [ -115.2607563, 36.216490499900004 ], [ -115.2607563, 36.216460799899998 ], [ -115.2607536, 36.216460799899998 ], [ -115.2607536, 36.216439199900002 ], [ -115.2607563, 36.216439199900002 ], [ -115.2607563, 36.216436499899999 ], [ -115.2607536, 36.216436499899999 ], [ -115.2607536, 36.216428399900003 ], [ -115.2607563, 36.216428399900003 ], [ -115.2607563, 36.216417599900005 ], [ -115.260759, 36.216417599900005 ], [ -115.260759, 36.2164067999 ], [ -115.2607617, 36.2164067999 ], [ -115.2607617, 36.216398699900004 ], [ -115.2607644, 36.216398699900004 ], [ -115.2607644, 36.216390599900002 ], [ -115.2607617, 36.216390599900002 ], [ -115.2607617, 36.2163824999 ], [ -115.2607644, 36.2163824999 ], [ -115.2607644, 36.216366299900002 ], [ -115.2607671, 36.216366299900002 ], [ -115.2607671, 36.216336599900004 ], [ -115.2607698, 36.216336599900004 ], [ -115.2607698, 36.216325799900005 ], [ -115.2607671, 36.216325799900005 ], [ -115.2607671, 36.216317699900003 ], [ -115.2607698, 36.216317699900003 ], [ -115.2607698, 36.216287999900004 ], [ -115.2607725, 36.216287999900004 ], [ -115.2607725, 36.216260999900001 ], [ -115.2607752, 36.216260999900001 ], [ -115.2607752, 36.2162474999 ], [ -115.2607779, 36.2162474999 ], [ -115.2607779, 36.216244799900004 ], [ -115.2607806, 36.216244799900004 ], [ -115.2607806, 36.216242099900001 ], [ -115.2607941, 36.216242099900001 ], [ -115.2607941, 36.216239399900005 ], [ -115.2607968, 36.216239399900005 ], [ -115.2607968, 36.216242099900001 ], [ -115.2608238, 36.216242099900001 ], [ -115.2608238, 36.216244799900004 ], [ -115.260867, 36.216244799900004 ], [ -115.260867, 36.2162474999 ], [ -115.2608751, 36.2162474999 ], [ -115.2608751, 36.216250199900003 ], [ -115.2608778, 36.216250199900003 ], [ -115.2608778, 36.216258299900005 ], [ -115.2608805, 36.216258299900005 ], [ -115.2608805, 36.216263699900004 ], [ -115.2609048, 36.216263699900004 ], [ -115.2609048, 36.2162663999 ], [ -115.2609075, 36.2162663999 ], [ -115.2609075, 36.216269099900003 ], [ -115.2609102, 36.216269099900003 ], [ -115.2609102, 36.2163581999 ], [ -115.2609075, 36.2163581999 ], [ -115.2609075, 36.216374399900005 ], [ -115.2609048, 36.216374399900005 ], [ -115.2609048, 36.216398699900004 ], [ -115.2609021, 36.216398699900004 ], [ -115.2609021, 36.216420299900001 ], [ -115.2609048, 36.216420299900001 ], [ -115.2609048, 36.216433799900003 ], [ -115.2609021, 36.216433799900003 ], [ -115.2609021, 36.216439199900002 ], [ -115.2609048, 36.216439199900002 ], [ -115.2609048, 36.2164499999 ], [ -115.2609075, 36.2164499999 ], [ -115.2609075, 36.216468899900001 ], [ -115.2609048, 36.216468899900001 ], [ -115.2609048, 36.216479699899999 ], [ -115.2609021, 36.216479699899999 ], [ -115.2609021, 36.216509399899998 ], [ -115.2609048, 36.216509399899998 ], [ -115.2609048, 36.216530999900002 ], [ -115.2609021, 36.216530999900002 ], [ -115.2609021, 36.2165417999 ], [ -115.2608994, 36.2165417999 ], [ -115.2608994, 36.216555299900001 ], [ -115.2608967, 36.216555299900001 ], [ -115.2608967, 36.216628199900001 ], [ -115.260894, 36.216628199900001 ], [ -115.260894, 36.216687599899998 ], [ -115.2608913, 36.216687599899998 ], [ -115.2608913, 36.216709199900002 ], [ -115.2608697, 36.216709199900002 ], [ -115.2608697, 36.216711899899998 ], [ -115.260867, 36.216711899899998 ], [ -115.260867, 36.216714599900001 ], [ -115.2608643, 36.216714599900001 ], [ -115.2608643, 36.2167199999 ], [ -115.2608616, 36.2167199999 ], [ -115.2608616, 36.2167253999 ] ] ] } },
{ "type": "Feature", "properties": { "value": 255.0 }, "geometry": { "type": "Polygon", "coordinates": [ [ [ -115.2611154, 36.216258299900005 ], [ -115.26111, 36.216258299900005 ], [ -115.26111, 36.216255599900002 ], [ -115.2609804, 36.216255599900002 ], [ -115.2609804, 36.216252899899999 ], [ -115.2609453, 36.216252899899999 ], [ -115.2609453, 36.216250199900003 ], [ -115.2609426, 36.216250199900003 ], [ -115.2609426, 36.2162474999 ], [ -115.2609399, 36.2162474999 ], [ -115.2609399, 36.216244799900004 ], [ -115.2609426, 36.216244799900004 ], [ -115.2609426, 36.216239399900005 ], [ -115.2609399, 36.216239399900005 ], [ -115.2609399, 36.216225899900003 ], [ -115.2609426, 36.216225899900003 ], [ -115.2609426, 36.216212399900002 ], [ -115.2609399, 36.216212399900002 ], [ -115.2609399, 36.216209699900006 ], [ -115.2609426, 36.216209699900006 ], [ -115.2609426, 36.216204299899999 ], [ -115.2610209, 36.216204299899999 ], [ -115.2610209, 36.216206999900002 ], [ -115.2611235, 36.216206999900002 ], [ -115.2611235, 36.216252899899999 ], [ -115.2611208, 36.216252899899999 ], [ -115.2611208, 36.216255599900002 ], [ -115.2611154, 36.216255599900002 ], [ -115.2611154, 36.216258299900005 ] ] ] } },
{ "type": "Feature", "properties": { "value": 255.0 }, "geometry": { "type": "Polygon", "coordinates": [ [ [ -115.2612531, 36.216128699900004 ], [ -115.2611667, 36.216128699900004 ], [ -115.2611667, 36.216125999900001 ], [ -115.2611181, 36.216125999900001 ], [ -115.2611181, 36.216123299900005 ], [ -115.2611154, 36.216123299900005 ], [ -115.2611154, 36.216120599900002 ], [ -115.2611127, 36.216120599900002 ], [ -115.2611127, 36.216047699900002 ], [ -115.2612558, 36.216047699900002 ], [ -115.2612558, 36.216125999900001 ], [ -115.2612531, 36.216125999900001 ], [ -115.2612531, 36.216128699900004 ] ] ] } },
{ "type": "Feature", "properties": { "value": 255.0 }, "geometry": { "type": "Polygon", "coordinates": [ [ [ -115.2617769, 36.216128699900004 ], [ -115.2617472, 36.216128699900004 ], [ -115.2617472, 36.216125999900001 ], [ -115.2617445, 36.216125999900001 ], [ -115.2617445, 36.216117899900006 ], [ -115.2617418, 36.216117899900006 ], [ -115.2617418, 36.216115199900003 ], [ -115.2617445, 36.216115199900003 ], [ -115.2617445, 36.2161070999 ], [ -115.2617418, 36.2161070999 ], [ -115.2617418, 36.2160638999 ], [ -115.2617391, 36.2160638999 ], [ -115.2617391, 36.216047699900002 ], [ -115.2618876, 36.216047699900002 ], [ -115.2618876, 36.216120599900002 ], [ -115.2618498, 36.216120599900002 ], [ -115.2618498, 36.216123299900005 ], [ -115.261814699999988, 36.216123299900005 ], [ -115.261814699999988, 36.216125999900001 ], [ -115.2617769, 36.216125999900001 ], [ -115.2617769, 36.216128699900004 ] ] ] } },
{ "type": "Feature", "properties": { "value": 255.0 }, "geometry": { "type": "Polygon", "coordinates": [ [ [ -115.2608751, 36.216115199900003 ], [ -115.2608481, 36.216115199900003 ], [ -115.2608481, 36.216112499899999 ], [ -115.2607158, 36.216112499899999 ], [ -115.2607158, 36.216109799900003 ], [ -115.2607131, 36.216109799900003 ], [ -115.2607131, 36.216101699900001 ], [ -115.2607104, 36.216101699900001 ], [ -115.2607104, 36.216047699900002 ], [ -115.2608805, 36.216047699900002 ], [ -115.2608805, 36.216071999900002 ], [ -115.2608778, 36.216071999900002 ], [ -115.2608778, 36.216112499899999 ], [ -115.2608751, 36.216112499899999 ], [ -115.2608751, 36.216115199900003 ] ] ] } },
{ "type": "Feature", "properties": { "value": 255.0 }, "geometry": { "type": "Polygon", "coordinates": [ [ [ -115.2610803, 36.216117899900006 ], [ -115.2609183, 36.216117899900006 ], [ -115.2609183, 36.216115199900003 ], [ -115.2609129, 36.216115199900003 ], [ -115.2609129, 36.216112499899999 ], [ -115.2609102, 36.216112499899999 ], [ -115.2609102, 36.2160638999 ], [ -115.2609129, 36.2160638999 ], [ -115.2609129, 36.216055799900005 ], [ -115.2609102, 36.216055799900005 ], [ -115.2609102, 36.216053099900002 ], [ -115.2609129, 36.216053099900002 ], [ -115.2609129, 36.216047699900002 ], [ -115.261083, 36.216047699900002 ], [ -115.261083, 36.2160638999 ], [ -115.2610803, 36.2160638999 ], [ -115.2610803, 36.216080099900005 ], [ -115.261083, 36.216080099900005 ], [ -115.261083, 36.2160881999 ], [ -115.2610803, 36.2160881999 ], [ -115.2610803, 36.216117899900006 ] ] ] } },
{ "type": "Feature", "properties": { "value": 255.0 }, "geometry": { "type": "Polygon", "coordinates": [ [ [ -115.2613476, 36.216152999900004 ], [ -115.2613233, 36.216152999900004 ], [ -115.2613233, 36.216150299900001 ], [ -115.2613179, 36.216150299900001 ], [ -115.2613179, 36.216147599900005 ], [ -115.2613152, 36.216147599900005 ], [ -115.2613152, 36.216061199900004 ], [ -115.2613179, 36.216061199900004 ], [ -115.2613179, 36.216055799900005 ], [ -115.2613206, 36.216055799900005 ], [ -115.2613206, 36.216047699900002 ], [ -115.2614799, 36.216047699900002 ], [ -115.2614799, 36.216053099900002 ], [ -115.2614826, 36.216053099900002 ], [ -115.2614826, 36.216055799900005 ], [ -115.2614799, 36.216055799900005 ], [ -115.2614799, 36.216058499900001 ], [ -115.2614826, 36.216058499900001 ], [ -115.2614826, 36.2160638999 ], [ -115.2614799, 36.2160638999 ], [ -115.2614799, 36.2161313999 ], [ -115.2614772, 36.2161313999 ], [ -115.2614772, 36.216134099900003 ], [ -115.2613989, 36.216134099900003 ], [ -115.2613989, 36.216136799899999 ], [ -115.2613962, 36.216136799899999 ], [ -115.2613962, 36.216144899900002 ], [ -115.2613935, 36.216144899900002 ], [ -115.2613935, 36.216147599900005 ], [ -115.2613908, 36.216147599900005 ], [ -115.2613908, 36.216150299900001 ], [ -115.2613476, 36.216150299900001 ], [ -115.2613476, 36.216152999900004 ] ] ] } },
{ "type": "Feature", "properties": { "value": 255.0 }, "geometry": { "type": "Polygon", "coordinates": [ [ [ -115.2616959, 36.216150299900001 ], [ -115.2615312, 36.216150299900001 ], [ -115.2615312, 36.216147599900005 ], [ -115.2615258, 36.216147599900005 ], [ -115.2615258, 36.216047699900002 ], [ -115.2616986, 36.216047699900002 ], [ -115.2616986, 36.216053099900002 ], [ -115.2616959, 36.216053099900002 ], [ -115.2616959, 36.216055799900005 ], [ -115.2616986, 36.216055799900005 ], [ -115.2616986, 36.216066599900003 ], [ -115.2616959, 36.216066599900003 ], [ -115.2616959, 36.216125999900001 ], [ -115.2616986, 36.216125999900001 ], [ -115.2616986, 36.2161313999 ], [ -115.2616959, 36.2161313999 ], [ -115.2616959, 36.216150299900001 ] ] ] } }
]
}
