{
"type": "FeatureCollection",
"crs": { "type": "name", "properties": { "name": "urn:ogc:def:crs:OGC:1.3:CRS84" } },
"features": [
{ "type": "Feature", "properties": { "value": 255.0 }, "geometry": { "type": "Polygon", "coordinates": [ [ [ -115.28973, 36.154528199799998 ], [ -115.2897138, 36.154528199799998 ], [ -115.2897138, 36.154525499800002 ], [ -115.2897057, 36.154525499800002 ], [ -115.2897057, 36.154484999799998 ], [ -115.2897084, 36.154484999799998 ], [ -115.2897084, 36.154482299800001 ], [ -115.2897273, 36.154482299800001 ], [ -115.2897273, 36.154484999799998 ], [ -115.28973, 36.154484999799998 ], [ -115.28973, 36.154490399800004 ], [ -115.2897327, 36.154490399800004 ], [ -115.2897327, 36.154514699800004 ], [ -115.28973, 36.154514699800004 ], [ -115.28973, 36.154528199799998 ] ] ] } },
{ "type": "Feature", "properties": { "value": 255.0 }, "geometry": { "type": "Polygon", "coordinates": [ [ [ -115.2884718, 36.154609199799999 ], [ -115.288461, 36.154609199799999 ], [ -115.288461, 36.154606499800003 ], [ -115.288458299999988, 36.154606499800003 ], [ -115.288458299999988, 36.1546037998 ], [ -115.2884529, 36.1546037998 ], [ -115.2884529, 36.154601099800004 ], [ -115.2884475, 36.154601099800004 ], [ -115.2884475, 36.154598399800001 ], [ -115.2884421, 36.154598399800001 ], [ -115.2884421, 36.154595699799998 ], [ -115.2884367, 36.154595699799998 ], [ -115.2884367, 36.154592999800002 ], [ -115.2884313, 36.154592999800002 ], [ -115.2884313, 36.154590299799999 ], [ -115.2884232, 36.154590299799999 ], [ -115.2884232, 36.154587599800003 ], [ -115.2884151, 36.154587599800003 ], [ -115.2884151, 36.1545848998 ], [ -115.288409699999988, 36.1545848998 ], [ -115.288409699999988, 36.154582199800004 ], [ -115.288407, 36.154582199800004 ], [ -115.288407, 36.154579499800001 ], [ -115.2884043, 36.154579499800001 ], [ -115.2884043, 36.154576799799997 ], [ -115.2884016, 36.154576799799997 ], [ -115.2884016, 36.154574099800001 ], [ -115.2883962, 36.154574099800001 ], [ -115.2883962, 36.154571399799998 ], [ -115.2883827, 36.154571399799998 ], [ -115.2883827, 36.154574099800001 ], [ -115.2883773, 36.154574099800001 ], [ -115.2883773, 36.154576799799997 ], [ -115.2883692, 36.154576799799997 ], [ -115.2883692, 36.154574099800001 ], [ -115.2883638, 36.154574099800001 ], [ -115.2883638, 36.154571399799998 ], [ -115.2883584, 36.154571399799998 ], [ -115.2883584, 36.154568699800002 ], [ -115.288353, 36.154568699800002 ], [ -115.288353, 36.154565999799999 ], [ -115.2883476, 36.154565999799999 ], [ -115.2883476, 36.154563299800003 ], [ -115.288342199999988, 36.154563299800003 ], [ -115.288342199999988, 36.1545605998 ], [ -115.2883368, 36.1545605998 ], [ -115.2883368, 36.154557899800004 ], [ -115.2883314, 36.154557899800004 ], [ -115.2883314, 36.154555199800001 ], [ -115.288326, 36.154555199800001 ], [ -115.288326, 36.154552499799998 ], [ -115.2883206, 36.154552499799998 ], [ -115.2883206, 36.154549799800002 ], [ -115.2883179, 36.154549799800002 ], [ -115.2883179, 36.154547099799998 ], [ -115.2883152, 36.154547099799998 ], [ -115.2883152, 36.154544399800002 ], [ -115.288312499999989, 36.154544399800002 ], [ -115.288312499999989, 36.154533599800004 ], [ -115.2883152, 36.154533599800004 ], [ -115.2883152, 36.154530899800001 ], [ -115.2883179, 36.154530899800001 ], [ -115.2883179, 36.154528199799998 ], [ -115.2883206, 36.154528199799998 ], [ -115.2883206, 36.154525499800002 ], [ -115.288323299999988, 36.154525499800002 ], [ -115.288323299999988, 36.154522799799999 ], [ -115.288326, 36.154522799799999 ], [ -115.288326, 36.154520099800003 ], [ -115.2883287, 36.154520099800003 ], [ -115.2883287, 36.1545173998 ], [ -115.2883314, 36.1545173998 ], [ -115.2883314, 36.1545119998 ], [ -115.2883341, 36.1545119998 ], [ -115.2883341, 36.154509299799997 ], [ -115.2883368, 36.154509299799997 ], [ -115.2883368, 36.154506599800001 ], [ -115.2883395, 36.154506599800001 ], [ -115.2883395, 36.154503899799998 ], [ -115.288342199999988, 36.154503899799998 ], [ -115.288342199999988, 36.154501199800002 ], [ -115.2883449, 36.154501199800002 ], [ -115.2883449, 36.154495799800003 ], [ -115.2883476, 36.154495799800003 ], [ -115.2883476, 36.1544930998 ], [ -115.2883503, 36.1544930998 ], [ -115.2883503, 36.154490399800004 ], [ -115.288353, 36.154490399800004 ], [ -115.288353, 36.154487699800001 ], [ -115.2883557, 36.154487699800001 ], [ -115.2883557, 36.154484999799998 ], [ -115.2883584, 36.154484999799998 ], [ -115.2883584, 36.154482299800001 ], [ -115.288361099999989, 36.154482299800001 ], [ -115.288361099999989, 36.154479599799998 ], [ -115.2883638, 36.154479599799998 ], [ -115.2883638, 36.154474199799999 ], [ -115.2883665, 36.154474199799999 ], [ -115.2883665, 36.154471499800003 ], [ -115.2883692, 36.154471499800003 ], [ -115.2883692, 36.1544687998 ], [ -115.2883746, 36.1544687998 ], [ -115.2883746, 36.154466099800004 ], [ -115.2883773, 36.154466099800004 ], [ -115.2883773, 36.154463399800001 ], [ -115.28838, 36.154463399800001 ], [ -115.28838, 36.154457999800002 ], [ -115.2883827, 36.154457999800002 ], [ -115.2883827, 36.154455299799999 ], [ -115.2883854, 36.154455299799999 ], [ -115.2883854, 36.154449899799999 ], [ -115.288390799999988, 36.154449899799999 ], [ -115.288390799999988, 36.154447199800003 ], [ -115.288407, 36.154447199800003 ], [ -115.288407, 36.1544444998 ], [ -115.288409699999988, 36.1544444998 ], [ -115.288409699999988, 36.154441799799997 ], [ -115.2884124, 36.154441799799997 ], [ -115.2884124, 36.154439099800001 ], [ -115.2884151, 36.154439099800001 ], [ -115.2884151, 36.154436399799998 ], [ -115.2884178, 36.154436399799998 ], [ -115.2884178, 36.154433699800002 ], [ -115.2884205, 36.154433699800002 ], [ -115.2884205, 36.154428299800003 ], [ -115.2884232, 36.154428299800003 ], [ -115.2884232, 36.1544255998 ], [ -115.2884259, 36.1544255998 ], [ -115.2884259, 36.154422899800004 ], [ -115.288428599999989, 36.154422899800004 ], [ -115.288428599999989, 36.154420199800001 ], [ -115.2884313, 36.154420199800001 ], [ -115.2884313, 36.154417499799997 ], [ -115.288434, 36.154417499799997 ], [ -115.288434, 36.154414799800001 ], [ -115.2884448, 36.154414799800001 ], [ -115.2884448, 36.154417499799997 ], [ -115.2884475, 36.154417499799997 ], [ -115.2884475, 36.154420199800001 ], [ -115.2884529, 36.154420199800001 ], [ -115.2884529, 36.154422899800004 ], [ -115.288458299999988, 36.154422899800004 ], [ -115.288458299999988, 36.1544255998 ], [ -115.2884637, 36.1544255998 ], [ -115.2884637, 36.154428299800003 ], [ -115.288477199999988, 36.154428299800003 ], [ -115.288477199999988, 36.154430999799999 ], [ -115.2884907, 36.154430999799999 ], [ -115.2884907, 36.154433699800002 ], [ -115.288496099999989, 36.154433699800002 ], [ -115.288496099999989, 36.154436399799998 ], [ -115.2885015, 36.154436399799998 ], [ -115.2885015, 36.154439099800001 ], [ -115.2885069, 36.154439099800001 ], [ -115.2885069, 36.154441799799997 ], [ -115.2885096, 36.154441799799997 ], [ -115.2885096, 36.1544444998 ], [ -115.2885123, 36.1544444998 ], [ -115.2885123, 36.154447199800003 ], [ -115.2885177, 36.154447199800003 ], [ -115.2885177, 36.154449899799999 ], [ -115.2885231, 36.154449899799999 ], [ -115.2885231, 36.154452599800003 ], [ -115.2885285, 36.154452599800003 ], [ -115.2885285, 36.154455299799999 ], [ -115.2885312, 36.154455299799999 ], [ -115.2885312, 36.154457999800002 ], [ -115.2885366, 36.154457999800002 ], [ -115.2885366, 36.154460699799998 ], [ -115.288542, 36.154460699799998 ], [ -115.288542, 36.154463399800001 ], [ -115.2885555, 36.154463399800001 ], [ -115.2885555, 36.154466099800004 ], [ -115.2885609, 36.154466099800004 ], [ -115.2885609, 36.1544687998 ], [ -115.2885663, 36.1544687998 ], [ -115.2885663, 36.154474199799999 ], [ -115.288569, 36.154474199799999 ], [ -115.288569, 36.154487699800001 ], [ -115.2885663, 36.154487699800001 ], [ -115.2885663, 36.154490399800004 ], [ -115.288563599999989, 36.154490399800004 ], [ -115.288563599999989, 36.154495799800003 ], [ -115.2885609, 36.154495799800003 ], [ -115.2885609, 36.154506599800001 ], [ -115.2885582, 36.154506599800001 ], [ -115.2885582, 36.1545173998 ], [ -115.2885609, 36.1545173998 ], [ -115.2885609, 36.154522799799999 ], [ -115.288563599999989, 36.154522799799999 ], [ -115.288563599999989, 36.154533599800004 ], [ -115.2885609, 36.154533599800004 ], [ -115.2885609, 36.154541699799999 ], [ -115.2885582, 36.154541699799999 ], [ -115.2885582, 36.154544399800002 ], [ -115.2885528, 36.154544399800002 ], [ -115.2885528, 36.154541699799999 ], [ -115.2885501, 36.154541699799999 ], [ -115.2885501, 36.154544399800002 ], [ -115.288542, 36.154544399800002 ], [ -115.288542, 36.154547099799998 ], [ -115.2885393, 36.154547099799998 ], [ -115.2885393, 36.154549799800002 ], [ -115.288525799999988, 36.154549799800002 ], [ -115.288525799999988, 36.154552499799998 ], [ -115.2885204, 36.154552499799998 ], [ -115.2885204, 36.154555199800001 ], [ -115.2885177, 36.154555199800001 ], [ -115.2885177, 36.154557899800004 ], [ -115.288515, 36.154557899800004 ], [ -115.288515, 36.1545605998 ], [ -115.2885123, 36.1545605998 ], [ -115.2885123, 36.154563299800003 ], [ -115.2885096, 36.154563299800003 ], [ -115.2885096, 36.154568699800002 ], [ -115.2885069, 36.154568699800002 ], [ -115.2885069, 36.154571399799998 ], [ -115.2885042, 36.154571399799998 ], [ -115.2885042, 36.154574099800001 ], [ -115.2885015, 36.154574099800001 ], [ -115.2885015, 36.154576799799997 ], [ -115.2884988, 36.154576799799997 ], [ -115.2884988, 36.154579499800001 ], [ -115.288496099999989, 36.154579499800001 ], [ -115.288496099999989, 36.154582199800004 ], [ -115.2884934, 36.154582199800004 ], [ -115.2884934, 36.1545848998 ], [ -115.2884907, 36.1545848998 ], [ -115.2884907, 36.154587599800003 ], [ -115.288488, 36.154587599800003 ], [ -115.288488, 36.154590299799999 ], [ -115.2884853, 36.154590299799999 ], [ -115.2884853, 36.154592999800002 ], [ -115.2884826, 36.154592999800002 ], [ -115.2884826, 36.154598399800001 ], [ -115.2884799, 36.154598399800001 ], [ -115.2884799, 36.154601099800004 ], [ -115.288477199999988, 36.154601099800004 ], [ -115.288477199999988, 36.1546037998 ], [ -115.2884745, 36.1546037998 ], [ -115.2884745, 36.154606499800003 ], [ -115.2884718, 36.154606499800003 ], [ -115.2884718, 36.154609199799999 ] ] ] } },
{ "type": "Feature", "properties": { "value": 255.0 }, "geometry": { "type": "Polygon", "coordinates": [ [ [ -115.2896166, 36.154579499800001 ], [ -115.289541, 36.154579499800001 ], [ -115.289541, 36.154576799799997 ], [ -115.2895248, 36.154576799799997 ], [ -115.2895248, 36.154574099800001 ], [ -115.2895221, 36.154574099800001 ], [ -115.2895221, 36.1545605998 ], [ -115.2895194, 36.1545605998 ], [ -115.2895194, 36.154530899800001 ], [ -115.2895167, 36.154530899800001 ], [ -115.2895167, 36.154528199799998 ], [ -115.289514, 36.154528199799998 ], [ -115.289514, 36.154525499800002 ], [ -115.2894681, 36.154525499800002 ], [ -115.2894681, 36.154522799799999 ], [ -115.2894654, 36.154522799799999 ], [ -115.2894654, 36.154520099800003 ], [ -115.2894627, 36.154520099800003 ], [ -115.2894627, 36.154514699800004 ], [ -115.28946, 36.154514699800004 ], [ -115.28946, 36.154490399800004 ], [ -115.2894573, 36.154490399800004 ], [ -115.2894573, 36.154474199799999 ], [ -115.28946, 36.154474199799999 ], [ -115.28946, 36.154457999800002 ], [ -115.2894573, 36.154457999800002 ], [ -115.2894573, 36.154452599800003 ], [ -115.28946, 36.154452599800003 ], [ -115.28946, 36.154436399799998 ], [ -115.2894627, 36.154436399799998 ], [ -115.2894627, 36.154433699800002 ], [ -115.2894735, 36.154433699800002 ], [ -115.2894735, 36.154430999799999 ], [ -115.289514, 36.154430999799999 ], [ -115.289514, 36.154428299800003 ], [ -115.2895437, 36.154428299800003 ], [ -115.2895437, 36.1544255998 ], [ -115.2895464, 36.1544255998 ], [ -115.2895464, 36.154403999800003 ], [ -115.2895491, 36.154403999800003 ], [ -115.2895491, 36.1544012998 ], [ -115.2895518, 36.1544012998 ], [ -115.2895518, 36.154398599800004 ], [ -115.2895572, 36.154398599800004 ], [ -115.2895572, 36.1544012998 ], [ -115.2895653, 36.1544012998 ], [ -115.2895653, 36.154398599800004 ], [ -115.2895761, 36.154398599800004 ], [ -115.2895761, 36.1544012998 ], [ -115.2895842, 36.1544012998 ], [ -115.2895842, 36.154398599800004 ], [ -115.2895869, 36.154398599800004 ], [ -115.2895869, 36.1544012998 ], [ -115.2896193, 36.1544012998 ], [ -115.2896193, 36.154406699799999 ], [ -115.289622, 36.154406699799999 ], [ -115.289622, 36.154422899800004 ], [ -115.2896247, 36.154422899800004 ], [ -115.2896247, 36.154430999799999 ], [ -115.2896274, 36.154430999799999 ], [ -115.2896274, 36.154433699800002 ], [ -115.2896301, 36.154433699800002 ], [ -115.2896301, 36.154436399799998 ], [ -115.2896328, 36.154436399799998 ], [ -115.2896328, 36.154476899800002 ], [ -115.2896355, 36.154476899800002 ], [ -115.2896355, 36.154503899799998 ], [ -115.2896382, 36.154503899799998 ], [ -115.2896382, 36.1545173998 ], [ -115.2896436, 36.1545173998 ], [ -115.2896436, 36.154520099800003 ], [ -115.289649, 36.154520099800003 ], [ -115.289649, 36.154525499800002 ], [ -115.2896517, 36.154525499800002 ], [ -115.2896517, 36.154528199799998 ], [ -115.289649, 36.154528199799998 ], [ -115.289649, 36.154530899800001 ], [ -115.2896517, 36.154530899800001 ], [ -115.2896517, 36.154544399800002 ], [ -115.2896544, 36.154544399800002 ], [ -115.2896544, 36.154555199800001 ], [ -115.2896571, 36.154555199800001 ], [ -115.2896571, 36.1545605998 ], [ -115.2896544, 36.1545605998 ], [ -115.2896544, 36.154565999799999 ], [ -115.2896571, 36.154565999799999 ], [ -115.2896571, 36.154574099800001 ], [ -115.2896544, 36.154574099800001 ], [ -115.2896544, 36.154576799799997 ], [ -115.2896166, 36.154576799799997 ], [ -115.2896166, 36.154579499800001 ] ] ] } },
{ "type": "Feature", "properties": { "value": 255.0 }, "geometry": { "type": "Polygon", "coordinates": [ [ [ -115.2899082, 36.154590299799999 ], [ -115.289892, 36.154590299799999 ], [ -115.289892, 36.154587599800003 ], [ -115.2898893, 36.154587599800003 ], [ -115.2898893, 36.1545848998 ], [ -115.2898866, 36.1545848998 ], [ -115.2898866, 36.154557899800004 ], [ -115.2898812, 36.154557899800004 ], [ -115.2898812, 36.154555199800001 ], [ -115.2898353, 36.154555199800001 ], [ -115.2898353, 36.154557899800004 ], [ -115.2898137, 36.154557899800004 ], [ -115.2898137, 36.154555199800001 ], [ -115.289784, 36.154555199800001 ], [ -115.289784, 36.154552499799998 ], [ -115.2897813, 36.154552499799998 ], [ -115.2897813, 36.154538999800003 ], [ -115.2897786, 36.154538999800003 ], [ -115.2897786, 36.154533599800004 ], [ -115.2897813, 36.154533599800004 ], [ -115.2897813, 36.1544930998 ], [ -115.2897786, 36.1544930998 ], [ -115.2897786, 36.154490399800004 ], [ -115.2897759, 36.154490399800004 ], [ -115.2897759, 36.154479599799998 ], [ -115.2897732, 36.154479599799998 ], [ -115.2897732, 36.154474199799999 ], [ -115.2897705, 36.154474199799999 ], [ -115.2897705, 36.154471499800003 ], [ -115.2897624, 36.154471499800003 ], [ -115.2897624, 36.1544687998 ], [ -115.2897597, 36.1544687998 ], [ -115.2897597, 36.154457999800002 ], [ -115.2897678, 36.154457999800002 ], [ -115.2897678, 36.1544444998 ], [ -115.2897705, 36.1544444998 ], [ -115.2897705, 36.154439099800001 ], [ -115.2897759, 36.154439099800001 ], [ -115.2897759, 36.154422899800004 ], [ -115.2897786, 36.154422899800004 ], [ -115.2897786, 36.154417499799997 ], [ -115.2897867, 36.154417499799997 ], [ -115.2897867, 36.154414799800001 ], [ -115.2898488, 36.154414799800001 ], [ -115.2898488, 36.154412099799998 ], [ -115.2898542, 36.154412099799998 ], [ -115.2898542, 36.154409399800002 ], [ -115.2898569, 36.154409399800002 ], [ -115.2898569, 36.154406699799999 ], [ -115.289865, 36.154406699799999 ], [ -115.289865, 36.154403999800003 ], [ -115.2899244, 36.154403999800003 ], [ -115.2899244, 36.154406699799999 ], [ -115.2899271, 36.154406699799999 ], [ -115.2899271, 36.154422899800004 ], [ -115.2899298, 36.154422899800004 ], [ -115.2899298, 36.1544444998 ], [ -115.2899325, 36.1544444998 ], [ -115.2899325, 36.154452599800003 ], [ -115.2899298, 36.154452599800003 ], [ -115.2899298, 36.154455299799999 ], [ -115.2899244, 36.154455299799999 ], [ -115.2899244, 36.154457999800002 ], [ -115.2899082, 36.154457999800002 ], [ -115.2899082, 36.154460699799998 ], [ -115.2899055, 36.154460699799998 ], [ -115.2899055, 36.154463399800001 ], [ -115.2899028, 36.154463399800001 ], [ -115.2899028, 36.154490399800004 ], [ -115.2899568, 36.154490399800004 ], [ -115.2899568, 36.1544930998 ], [ -115.2899676, 36.1544930998 ], [ -115.2899676, 36.154587599800003 ], [ -115.2899082, 36.154587599800003 ], [ -115.2899082, 36.154590299799999 ] ] ] } },
{ "type": "Feature", "properties": { "value": 255.0 }, "geometry": { "type": "Polygon", "coordinates": [ [ [ -115.2893034, 36.154452599800003 ], [ -115.289298, 36.154452599800003 ], [ -115.289298, 36.154449899799999 ], [ -115.2892899, 36.154449899799999 ], [ -115.2892899, 36.154447199800003 ], [ -115.2892872, 36.154447199800003 ], [ -115.2892872, 36.1544444998 ], [ -115.2892845, 36.1544444998 ], [ -115.2892845, 36.154441799799997 ], [ -115.2892818, 36.154441799799997 ], [ -115.2892818, 36.154439099800001 ], [ -115.2892764, 36.154439099800001 ], [ -115.2892764, 36.154436399799998 ], [ -115.2892737, 36.154436399799998 ], [ -115.2892737, 36.154433699800002 ], [ -115.289271, 36.154433699800002 ], [ -115.289271, 36.154430999799999 ], [ -115.289268299999989, 36.154430999799999 ], [ -115.289268299999989, 36.154428299800003 ], [ -115.2892656, 36.154428299800003 ], [ -115.2892656, 36.154417499799997 ], [ -115.289268299999989, 36.154417499799997 ], [ -115.289268299999989, 36.154412099799998 ], [ -115.289271, 36.154412099799998 ], [ -115.289271, 36.154409399800002 ], [ -115.2892872, 36.154409399800002 ], [ -115.2892872, 36.154412099799998 ], [ -115.2892953, 36.154412099799998 ], [ -115.2892953, 36.154414799800001 ], [ -115.2893007, 36.154414799800001 ], [ -115.2893007, 36.154417499799997 ], [ -115.2893034, 36.154417499799997 ], [ -115.2893034, 36.154420199800001 ], [ -115.2893061, 36.154420199800001 ], [ -115.2893061, 36.154422899800004 ], [ -115.2893088, 36.154422899800004 ], [ -115.2893088, 36.1544255998 ], [ -115.2893115, 36.1544255998 ], [ -115.2893115, 36.154428299800003 ], [ -115.2893169, 36.154428299800003 ], [ -115.2893169, 36.154430999799999 ], [ -115.2893196, 36.154430999799999 ], [ -115.2893196, 36.154433699800002 ], [ -115.2893169, 36.154433699800002 ], [ -115.2893169, 36.154439099800001 ], [ -115.2893142, 36.154439099800001 ], [ -115.2893142, 36.1544444998 ], [ -115.2893115, 36.1544444998 ], [ -115.2893115, 36.154447199800003 ], [ -115.2893088, 36.154447199800003 ], [ -115.2893088, 36.154449899799999 ], [ -115.2893034, 36.154449899799999 ], [ -115.2893034, 36.154452599800003 ] ] ] } },
{ "type": "Feature", "properties": { "value": 255.0 }, "geometry": { "type": "Polygon", "coordinates": [ [ [ -115.2891657, 36.154568699800002 ], [ -115.2891603, 36.154568699800002 ], [ -115.2891603, 36.154565999799999 ], [ -115.2891522, 36.154565999799999 ], [ -115.2891522, 36.154563299800003 ], [ -115.2891495, 36.154563299800003 ], [ -115.2891495, 36.1545605998 ], [ -115.2891468, 36.1545605998 ], [ -115.2891468, 36.154557899800004 ], [ -115.2891414, 36.154557899800004 ], [ -115.2891414, 36.154555199800001 ], [ -115.289136, 36.154555199800001 ], [ -115.289136, 36.154552499799998 ], [ -115.2891306, 36.154552499799998 ], [ -115.2891306, 36.154549799800002 ], [ -115.2891252, 36.154549799800002 ], [ -115.2891252, 36.154547099799998 ], [ -115.2891225, 36.154547099799998 ], [ -115.2891225, 36.154544399800002 ], [ -115.2891198, 36.154544399800002 ], [ -115.2891198, 36.154541699799999 ], [ -115.2891144, 36.154541699799999 ], [ -115.2891144, 36.154538999800003 ], [ -115.289109, 36.154538999800003 ], [ -115.289109, 36.1545362998 ], [ -115.2891063, 36.1545362998 ], [ -115.2891063, 36.154533599800004 ], [ -115.2891009, 36.154533599800004 ], [ -115.2891009, 36.154530899800001 ], [ -115.2890955, 36.154530899800001 ], [ -115.2890955, 36.154528199799998 ], [ -115.2890928, 36.154528199799998 ], [ -115.2890928, 36.154525499800002 ], [ -115.2890874, 36.154525499800002 ], [ -115.2890874, 36.154522799799999 ], [ -115.289084699999989, 36.154522799799999 ], [ -115.289084699999989, 36.154520099800003 ], [ -115.2890793, 36.154520099800003 ], [ -115.2890793, 36.1545173998 ], [ -115.2890766, 36.1545173998 ], [ -115.2890766, 36.154514699800004 ], [ -115.2890712, 36.154514699800004 ], [ -115.2890712, 36.1545119998 ], [ -115.289065799999989, 36.1545119998 ], [ -115.289065799999989, 36.154509299799997 ], [ -115.2890631, 36.154509299799997 ], [ -115.2890631, 36.154506599800001 ], [ -115.2890604, 36.154506599800001 ], [ -115.2890604, 36.154503899799998 ], [ -115.289055, 36.154503899799998 ], [ -115.289055, 36.154501199800002 ], [ -115.2890496, 36.154501199800002 ], [ -115.2890496, 36.154498499799999 ], [ -115.2890469, 36.154498499799999 ], [ -115.2890469, 36.154495799800003 ], [ -115.2890442, 36.154495799800003 ], [ -115.2890442, 36.154490399800004 ], [ -115.2890469, 36.154490399800004 ], [ -115.2890469, 36.154484999799998 ], [ -115.2890496, 36.154484999799998 ], [ -115.2890496, 36.154482299800001 ], [ -115.289055, 36.154482299800001 ], [ -115.289055, 36.154479599799998 ], [ -115.2890604, 36.154479599799998 ], [ -115.2890604, 36.154476899800002 ], [ -115.2890631, 36.154476899800002 ], [ -115.2890631, 36.154474199799999 ], [ -115.289065799999989, 36.154474199799999 ], [ -115.289065799999989, 36.154471499800003 ], [ -115.2890685, 36.154471499800003 ], [ -115.2890685, 36.1544687998 ], [ -115.2890739, 36.1544687998 ], [ -115.2890739, 36.154466099800004 ], [ -115.2890793, 36.154466099800004 ], [ -115.2890793, 36.154460699799998 ], [ -115.2890874, 36.154460699799998 ], [ -115.2890874, 36.154457999800002 ], [ -115.2890901, 36.154457999800002 ], [ -115.2890901, 36.154452599800003 ], [ -115.2890874, 36.154452599800003 ], [ -115.2890874, 36.154449899799999 ], [ -115.2890901, 36.154449899799999 ], [ -115.2890901, 36.154447199800003 ], [ -115.2890874, 36.154447199800003 ], [ -115.2890874, 36.1544444998 ], [ -115.289084699999989, 36.1544444998 ], [ -115.289084699999989, 36.154441799799997 ], [ -115.2890793, 36.154441799799997 ], [ -115.2890793, 36.154439099800001 ], [ -115.2890739, 36.154439099800001 ], [ -115.2890739, 36.154436399799998 ], [ -115.2890712, 36.154436399799998 ], [ -115.2890712, 36.154433699800002 ], [ -115.289065799999989, 36.154433699800002 ], [ -115.289065799999989, 36.154430999799999 ], [ -115.2890604, 36.154430999799999 ], [ -115.2890604, 36.154428299800003 ], [ -115.2890577, 36.154428299800003 ], [ -115.2890577, 36.1544255998 ], [ -115.289055, 36.1544255998 ], [ -115.289055, 36.154420199800001 ], [ -115.2890577, 36.154420199800001 ], [ -115.2890577, 36.154414799800001 ], [ -115.2890604, 36.154414799800001 ], [ -115.2890604, 36.154412099799998 ], [ -115.2890631, 36.154412099799998 ], [ -115.2890631, 36.154409399800002 ], [ -115.289065799999989, 36.154409399800002 ], [ -115.289065799999989, 36.154406699799999 ], [ -115.2890685, 36.154406699799999 ], [ -115.2890685, 36.154403999800003 ], [ -115.2890712, 36.154403999800003 ], [ -115.2890712, 36.1544012998 ], [ -115.2890766, 36.1544012998 ], [ -115.2890766, 36.154398599800004 ], [ -115.2890793, 36.154398599800004 ], [ -115.2890793, 36.154395899800001 ], [ -115.289084699999989, 36.154395899800001 ], [ -115.289084699999989, 36.154393199799998 ], [ -115.2890874, 36.154393199799998 ], [ -115.2890874, 36.154390499800002 ], [ -115.2890901, 36.154390499800002 ], [ -115.2890901, 36.154387799799999 ], [ -115.2890928, 36.154387799799999 ], [ -115.2890928, 36.154385099800002 ], [ -115.2890955, 36.154385099800002 ], [ -115.2890955, 36.154382399799999 ], [ -115.2890982, 36.154382399799999 ], [ -115.2890982, 36.154379699800003 ], [ -115.2891009, 36.154379699800003 ], [ -115.2891009, 36.1543769998 ], [ -115.2891036, 36.1543769998 ], [ -115.2891036, 36.154371599800001 ], [ -115.2891063, 36.154371599800001 ], [ -115.2891063, 36.154368899799998 ], [ -115.289109, 36.154368899799998 ], [ -115.289109, 36.154366199800002 ], [ -115.2891117, 36.154366199800002 ], [ -115.2891117, 36.154360799800003 ], [ -115.2891144, 36.154360799800003 ], [ -115.2891144, 36.1543580998 ], [ -115.2891171, 36.1543580998 ], [ -115.2891171, 36.154355399800004 ], [ -115.289133299999989, 36.154355399800004 ], [ -115.289133299999989, 36.1543580998 ], [ -115.289136, 36.1543580998 ], [ -115.289136, 36.154360799800003 ], [ -115.2891414, 36.154360799800003 ], [ -115.2891414, 36.154363499799999 ], [ -115.2891468, 36.154363499799999 ], [ -115.2891468, 36.154366199800002 ], [ -115.2891522, 36.154366199800002 ], [ -115.2891522, 36.154368899799998 ], [ -115.2891549, 36.154368899799998 ], [ -115.2891549, 36.154371599800001 ], [ -115.2891576, 36.154371599800001 ], [ -115.2891576, 36.154374299799997 ], [ -115.2891603, 36.154374299799997 ], [ -115.2891603, 36.1543769998 ], [ -115.2891657, 36.1543769998 ], [ -115.2891657, 36.154379699800003 ], [ -115.2891684, 36.154379699800003 ], [ -115.2891684, 36.154382399799999 ], [ -115.2891738, 36.154382399799999 ], [ -115.2891738, 36.154385099800002 ], [ -115.2891765, 36.154385099800002 ], [ -115.2891765, 36.154390499800002 ], [ -115.2891792, 36.154390499800002 ], [ -115.2891792, 36.154393199799998 ], [ -115.2891846, 36.154393199799998 ], [ -115.2891846, 36.154395899800001 ], [ -115.2891873, 36.154395899800001 ], [ -115.2891873, 36.154398599800004 ], [ -115.2891927, 36.154398599800004 ], [ -115.2891927, 36.1544012998 ], [ -115.2891981, 36.1544012998 ], [ -115.2891981, 36.154403999800003 ], [ -115.289200799999989, 36.154403999800003 ], [ -115.289200799999989, 36.154406699799999 ], [ -115.2892062, 36.154406699799999 ], [ -115.2892062, 36.154412099799998 ], [ -115.2892116, 36.154412099799998 ], [ -115.2892116, 36.154414799800001 ], [ -115.2892143, 36.154414799800001 ], [ -115.2892143, 36.154417499799997 ], [ -115.289217, 36.154417499799997 ], [ -115.289217, 36.154420199800001 ], [ -115.2892197, 36.154420199800001 ], [ -115.2892197, 36.154422899800004 ], [ -115.2892251, 36.154422899800004 ], [ -115.2892251, 36.1544255998 ], [ -115.2892278, 36.1544255998 ], [ -115.2892278, 36.154428299800003 ], [ -115.2892332, 36.154428299800003 ], [ -115.2892332, 36.154430999799999 ], [ -115.2892386, 36.154430999799999 ], [ -115.2892386, 36.154433699800002 ], [ -115.289244, 36.154433699800002 ], [ -115.289244, 36.154436399799998 ], [ -115.2892467, 36.154436399799998 ], [ -115.2892467, 36.154439099800001 ], [ -115.2892521, 36.154439099800001 ], [ -115.2892521, 36.154441799799997 ], [ -115.2892575, 36.154441799799997 ], [ -115.2892575, 36.1544444998 ], [ -115.2892602, 36.1544444998 ], [ -115.2892602, 36.154447199800003 ], [ -115.2892629, 36.154447199800003 ], [ -115.2892629, 36.154449899799999 ], [ -115.2892656, 36.154449899799999 ], [ -115.2892656, 36.154452599800003 ], [ -115.289268299999989, 36.154452599800003 ], [ -115.289268299999989, 36.154455299799999 ], [ -115.289271, 36.154455299799999 ], [ -115.289271, 36.154460699799998 ], [ -115.289268299999989, 36.154460699799998 ], [ -115.289268299999989, 36.154463399800001 ], [ -115.2892656, 36.154463399800001 ], [ -115.2892656, 36.154466099800004 ], [ -115.2892629, 36.154466099800004 ], [ -115.2892629, 36.1544687998 ], [ -115.2892575, 36.1544687998 ], [ -115.2892575, 36.154471499800003 ], [ -115.2892548, 36.154471499800003 ], [ -115.2892548, 36.154476899800002 ], [ -115.2892521, 36.154476899800002 ], [ -115.2892521, 36.154482299800001 ], [ -115.2892548, 36.154482299800001 ], [ -115.2892548, 36.154484999799998 ], [ -115.2892602, 36.154484999799998 ], [ -115.2892602, 36.154487699800001 ], [ -115.2892629, 36.154487699800001 ], [ -115.2892629, 36.154490399800004 ], [ -115.2892656, 36.154490399800004 ], [ -115.2892656, 36.1544930998 ], [ -115.289268299999989, 36.1544930998 ], [ -115.289268299999989, 36.154495799800003 ], [ -115.289271, 36.154495799800003 ], [ -115.289271, 36.154506599800001 ], [ -115.289268299999989, 36.154506599800001 ], [ -115.289268299999989, 36.154509299799997 ], [ -115.2892656, 36.154509299799997 ], [ -115.2892656, 36.1545119998 ], [ -115.2892629, 36.1545119998 ], [ -115.2892629, 36.154514699800004 ], [ -115.2892602, 36.154514699800004 ], [ -115.2892602, 36.1545173998 ], [ -115.2892575, 36.1545173998 ], [ -115.2892575, 36.154520099800003 ], [ -115.2892548, 36.154520099800003 ], [ -115.2892548, 36.154522799799999 ], [ -115.2892521, 36.154522799799999 ], [ -115.2892521, 36.154525499800002 ], [ -115.2892494, 36.154525499800002 ], [ -115.2892494, 36.154528199799998 ], [ -115.2892467, 36.154528199799998 ], [ -115.2892467, 36.154530899800001 ], [ -115.289244, 36.154530899800001 ], [ -115.289244, 36.154533599800004 ], [ -115.2892413, 36.154533599800004 ], [ -115.2892413, 36.1545362998 ], [ -115.2892386, 36.1545362998 ], [ -115.2892386, 36.154538999800003 ], [ -115.2892359, 36.154538999800003 ], [ -115.2892359, 36.154541699799999 ], [ -115.2892332, 36.154541699799999 ], [ -115.2892332, 36.154544399800002 ], [ -115.289217, 36.154544399800002 ], [ -115.289217, 36.154541699799999 ], [ -115.2892143, 36.154541699799999 ], [ -115.2892143, 36.154538999800003 ], [ -115.2892089, 36.154538999800003 ], [ -115.2892089, 36.1545362998 ], [ -115.289200799999989, 36.1545362998 ], [ -115.289200799999989, 36.154538999800003 ], [ -115.2891954, 36.154538999800003 ], [ -115.2891954, 36.154541699799999 ], [ -115.2891927, 36.154541699799999 ], [ -115.2891927, 36.154544399800002 ], [ -115.28919, 36.154544399800002 ], [ -115.28919, 36.154547099799998 ], [ -115.2891873, 36.154547099799998 ], [ -115.2891873, 36.154549799800002 ], [ -115.2891846, 36.154549799800002 ], [ -115.2891846, 36.154552499799998 ], [ -115.2891819, 36.154552499799998 ], [ -115.2891819, 36.154555199800001 ], [ -115.2891792, 36.154555199800001 ], [ -115.2891792, 36.154557899800004 ], [ -115.2891765, 36.154557899800004 ], [ -115.2891765, 36.1545605998 ], [ -115.2891738, 36.1545605998 ], [ -115.2891738, 36.154563299800003 ], [ -115.2891711, 36.154563299800003 ], [ -115.2891711, 36.154565999799999 ], [ -115.2891657, 36.154565999799999 ], [ -115.2891657, 36.154568699800002 ] ] ] } },
{ "type": "Feature", "properties": { "value": 255.0 }, "geometry": { "type": "Polygon", "coordinates": [ [ [ -115.2895518, 36.154371599800001 ], [ -115.2895329, 36.154371599800001 ], [ -115.2895329, 36.1543580998 ], [ -115.2895356, 36.1543580998 ], [ -115.2895356, 36.1543526998 ], [ -115.2895329, 36.1543526998 ], [ -115.2895329, 36.154349999799997 ], [ -115.2895383, 36.154349999799997 ], [ -115.2895383, 36.154363499799999 ], [ -115.2895437, 36.154363499799999 ], [ -115.2895437, 36.154360799800003 ], [ -115.2895464, 36.154360799800003 ], [ -115.2895464, 36.154349999799997 ], [ -115.2895518, 36.154349999799997 ], [ -115.2895518, 36.1543526998 ], [ -115.2895545, 36.1543526998 ], [ -115.2895545, 36.154366199800002 ], [ -115.2895518, 36.154366199800002 ], [ -115.2895518, 36.154371599800001 ] ] ] } },
{ "type": "Feature", "properties": { "value": 255.0 }, "geometry": { "type": "Polygon", "coordinates": [ [ [ -115.2882693, 36.154484999799998 ], [ -115.2882531, 36.154484999799998 ], [ -115.2882531, 36.154482299800001 ], [ -115.2882504, 36.154482299800001 ], [ -115.2882504, 36.154479599799998 ], [ -115.288245, 36.154479599799998 ], [ -115.288245, 36.154476899800002 ], [ -115.2882396, 36.154476899800002 ], [ -115.2882396, 36.154474199799999 ], [ -115.2882369, 36.154474199799999 ], [ -115.2882369, 36.154471499800003 ], [ -115.2882342, 36.154471499800003 ], [ -115.2882342, 36.1544687998 ], [ -115.2882315, 36.1544687998 ], [ -115.2882315, 36.154466099800004 ], [ -115.2882288, 36.154466099800004 ], [ -115.2882288, 36.154463399800001 ], [ -115.2882234, 36.154463399800001 ], [ -115.2882234, 36.154460699799998 ], [ -115.2882207, 36.154460699799998 ], [ -115.2882207, 36.154457999800002 ], [ -115.288218, 36.154457999800002 ], [ -115.288218, 36.154455299799999 ], [ -115.2882126, 36.154455299799999 ], [ -115.2882126, 36.154295999799999 ], [ -115.2882153, 36.154295999799999 ], [ -115.2882153, 36.154298699800002 ], [ -115.288218, 36.154298699800002 ], [ -115.288218, 36.154312199800003 ], [ -115.2882153, 36.154312199800003 ], [ -115.2882153, 36.154317599800002 ], [ -115.288218, 36.154317599800002 ], [ -115.288218, 36.154314899799999 ], [ -115.2882207, 36.154314899799999 ], [ -115.2882207, 36.154306799799997 ], [ -115.2882234, 36.154306799799997 ], [ -115.2882234, 36.154301399799998 ], [ -115.288226099999989, 36.154301399799998 ], [ -115.288226099999989, 36.154298699800002 ], [ -115.2882288, 36.154298699800002 ], [ -115.2882288, 36.154301399799998 ], [ -115.2882342, 36.154301399799998 ], [ -115.2882342, 36.154304099800001 ], [ -115.288255799999988, 36.154304099800001 ], [ -115.288255799999988, 36.154301399799998 ], [ -115.2882585, 36.154301399799998 ], [ -115.2882585, 36.154298699800002 ], [ -115.2882612, 36.154298699800002 ], [ -115.2882612, 36.154295999799999 ], [ -115.2882666, 36.154295999799999 ], [ -115.2882666, 36.154293299800003 ], [ -115.2882693, 36.154293299800003 ], [ -115.2882693, 36.154290599799999 ], [ -115.2882801, 36.154290599799999 ], [ -115.2882801, 36.154287899800003 ], [ -115.2882855, 36.154287899800003 ], [ -115.2882855, 36.154290599799999 ], [ -115.2882882, 36.154290599799999 ], [ -115.2882882, 36.154293299800003 ], [ -115.2882909, 36.154293299800003 ], [ -115.2882909, 36.154295999799999 ], [ -115.288293599999989, 36.154295999799999 ], [ -115.288293599999989, 36.154298699800002 ], [ -115.2882963, 36.154298699800002 ], [ -115.2882963, 36.154301399799998 ], [ -115.288299, 36.154301399799998 ], [ -115.288299, 36.154304099800001 ], [ -115.2883017, 36.154304099800001 ], [ -115.2883017, 36.154306799799997 ], [ -115.2883044, 36.154306799799997 ], [ -115.2883044, 36.1543094998 ], [ -115.2883071, 36.1543094998 ], [ -115.2883071, 36.154312199800003 ], [ -115.2883098, 36.154312199800003 ], [ -115.2883098, 36.154314899799999 ], [ -115.2883152, 36.154314899799999 ], [ -115.2883152, 36.154317599800002 ], [ -115.2883179, 36.154317599800002 ], [ -115.2883179, 36.154320299799998 ], [ -115.2883206, 36.154320299799998 ], [ -115.2883206, 36.154322999800002 ], [ -115.288323299999988, 36.154322999800002 ], [ -115.288323299999988, 36.154325699799998 ], [ -115.288326, 36.154325699799998 ], [ -115.288326, 36.154328399800001 ], [ -115.2883287, 36.154328399800001 ], [ -115.2883287, 36.154331099800004 ], [ -115.2883314, 36.154331099800004 ], [ -115.2883314, 36.1543337998 ], [ -115.2883368, 36.1543337998 ], [ -115.2883368, 36.154336499800003 ], [ -115.2883476, 36.154336499800003 ], [ -115.2883476, 36.1543337998 ], [ -115.2883503, 36.1543337998 ], [ -115.2883503, 36.154331099800004 ], [ -115.288353, 36.154331099800004 ], [ -115.288353, 36.154328399800001 ], [ -115.2883584, 36.154328399800001 ], [ -115.2883584, 36.154325699799998 ], [ -115.2883665, 36.154325699799998 ], [ -115.2883665, 36.154322999800002 ], [ -115.2883773, 36.154322999800002 ], [ -115.2883773, 36.154325699799998 ], [ -115.28838, 36.154325699799998 ], [ -115.28838, 36.154331099800004 ], [ -115.2883827, 36.154331099800004 ], [ -115.2883827, 36.1543337998 ], [ -115.2883854, 36.1543337998 ], [ -115.2883854, 36.154336499800003 ], [ -115.2883881, 36.154336499800003 ], [ -115.2883881, 36.154339199799999 ], [ -115.2883935, 36.154339199799999 ], [ -115.2883935, 36.154341899800002 ], [ -115.2883962, 36.154341899800002 ], [ -115.2883962, 36.154344599799998 ], [ -115.2883989, 36.154344599799998 ], [ -115.2883989, 36.154347299800001 ], [ -115.2884016, 36.154347299800001 ], [ -115.2884016, 36.154349999799997 ], [ -115.2884043, 36.154349999799997 ], [ -115.2884043, 36.1543526998 ], [ -115.288407, 36.1543526998 ], [ -115.288407, 36.154355399800004 ], [ -115.288409699999988, 36.154355399800004 ], [ -115.288409699999988, 36.154366199800002 ], [ -115.288407, 36.154366199800002 ], [ -115.288407, 36.154371599800001 ], [ -115.2884016, 36.154371599800001 ], [ -115.2884016, 36.154374299799997 ], [ -115.2883962, 36.154374299799997 ], [ -115.2883962, 36.1543769998 ], [ -115.2883935, 36.1543769998 ], [ -115.2883935, 36.154379699800003 ], [ -115.288390799999988, 36.154379699800003 ], [ -115.288390799999988, 36.154395899800001 ], [ -115.2883881, 36.154395899800001 ], [ -115.2883881, 36.1544012998 ], [ -115.2883827, 36.1544012998 ], [ -115.2883827, 36.154403999800003 ], [ -115.2883773, 36.154403999800003 ], [ -115.2883773, 36.154406699799999 ], [ -115.2883692, 36.154406699799999 ], [ -115.2883692, 36.154409399800002 ], [ -115.2883638, 36.154409399800002 ], [ -115.2883638, 36.154412099799998 ], [ -115.288361099999989, 36.154412099799998 ], [ -115.288361099999989, 36.154417499799997 ], [ -115.2883557, 36.154417499799997 ], [ -115.2883557, 36.154420199800001 ], [ -115.288353, 36.154420199800001 ], [ -115.288353, 36.154422899800004 ], [ -115.2883395, 36.154422899800004 ], [ -115.2883395, 36.1544255998 ], [ -115.2883341, 36.1544255998 ], [ -115.2883341, 36.154428299800003 ], [ -115.2883314, 36.154428299800003 ], [ -115.2883314, 36.154433699800002 ], [ -115.2883287, 36.154433699800002 ], [ -115.2883287, 36.154441799799997 ], [ -115.288326, 36.154441799799997 ], [ -115.288326, 36.154447199800003 ], [ -115.288323299999988, 36.154447199800003 ], [ -115.288323299999988, 36.154449899799999 ], [ -115.2883206, 36.154449899799999 ], [ -115.2883206, 36.154452599800003 ], [ -115.2883152, 36.154452599800003 ], [ -115.2883152, 36.154455299799999 ], [ -115.288312499999989, 36.154455299799999 ], [ -115.288312499999989, 36.154457999800002 ], [ -115.2883098, 36.154457999800002 ], [ -115.2883098, 36.154460699799998 ], [ -115.2883044, 36.154460699799998 ], [ -115.2883044, 36.154463399800001 ], [ -115.2883017, 36.154463399800001 ], [ -115.2883017, 36.154466099800004 ], [ -115.288293599999989, 36.154466099800004 ], [ -115.288293599999989, 36.1544687998 ], [ -115.2882855, 36.1544687998 ], [ -115.2882855, 36.154471499800003 ], [ -115.2882801, 36.154471499800003 ], [ -115.2882801, 36.154474199799999 ], [ -115.2882774, 36.154474199799999 ], [ -115.2882774, 36.154476899800002 ], [ -115.288274699999988, 36.154476899800002 ], [ -115.288274699999988, 36.154479599799998 ], [ -115.288272, 36.154479599799998 ], [ -115.288272, 36.154482299800001 ], [ -115.2882693, 36.154482299800001 ], [ -115.2882693, 36.154484999799998 ] ] ] } },
{ "type": "Feature", "properties": { "value": 255.0 }, "geometry": { "type": "Polygon", "coordinates": [ [ [ -115.2898893, 36.154385099800002 ], [ -115.2898812, 36.154385099800002 ], [ -115.2898812, 36.154382399799999 ], [ -115.2898785, 36.154382399799999 ], [ -115.2898785, 36.154379699800003 ], [ -115.2898758, 36.154379699800003 ], [ -115.2898758, 36.1543769998 ], [ -115.2898704, 36.1543769998 ], [ -115.2898704, 36.154374299799997 ], [ -115.2898677, 36.154374299799997 ], [ -115.2898677, 36.154371599800001 ], [ -115.289865, 36.154371599800001 ], [ -115.289865, 36.154368899799998 ], [ -115.2898623, 36.154368899799998 ], [ -115.2898623, 36.154366199800002 ], [ -115.2898596, 36.154366199800002 ], [ -115.2898596, 36.154363499799999 ], [ -115.2898569, 36.154363499799999 ], [ -115.2898569, 36.154360799800003 ], [ -115.2898542, 36.154360799800003 ], [ -115.2898542, 36.1543580998 ], [ -115.2898515, 36.1543580998 ], [ -115.2898515, 36.154355399800004 ], [ -115.2898488, 36.154355399800004 ], [ -115.2898488, 36.1543526998 ], [ -115.2898434, 36.1543526998 ], [ -115.2898434, 36.154349999799997 ], [ -115.2898407, 36.154349999799997 ], [ -115.2898407, 36.154347299800001 ], [ -115.289838, 36.154347299800001 ], [ -115.289838, 36.154341899800002 ], [ -115.2898353, 36.154341899800002 ], [ -115.2898353, 36.154336499800003 ], [ -115.2898326, 36.154336499800003 ], [ -115.2898326, 36.154331099800004 ], [ -115.2898299, 36.154331099800004 ], [ -115.2898299, 36.154328399800001 ], [ -115.2898245, 36.154328399800001 ], [ -115.2898245, 36.154325699799998 ], [ -115.2898218, 36.154325699799998 ], [ -115.2898218, 36.154322999800002 ], [ -115.2898191, 36.154322999800002 ], [ -115.2898191, 36.154320299799998 ], [ -115.2898164, 36.154320299799998 ], [ -115.2898164, 36.154317599800002 ], [ -115.2898137, 36.154317599800002 ], [ -115.2898137, 36.154314899799999 ], [ -115.289811, 36.154314899799999 ], [ -115.289811, 36.154312199800003 ], [ -115.2898083, 36.154312199800003 ], [ -115.2898083, 36.1543094998 ], [ -115.2898056, 36.1543094998 ], [ -115.2898056, 36.154306799799997 ], [ -115.2898029, 36.154306799799997 ], [ -115.2898029, 36.154304099800001 ], [ -115.2898002, 36.154304099800001 ], [ -115.2898002, 36.154301399799998 ], [ -115.2897975, 36.154301399799998 ], [ -115.2897975, 36.154298699800002 ], [ -115.2897948, 36.154298699800002 ], [ -115.2897948, 36.154295999799999 ], [ -115.2897921, 36.154295999799999 ], [ -115.2897921, 36.154293299800003 ], [ -115.2897894, 36.154293299800003 ], [ -115.2897894, 36.154290599799999 ], [ -115.2897867, 36.154290599799999 ], [ -115.2897867, 36.154287899800003 ], [ -115.289784, 36.154287899800003 ], [ -115.289784, 36.1542851998 ], [ -115.2897813, 36.1542851998 ], [ -115.2897813, 36.154282499799997 ], [ -115.2897786, 36.154282499799997 ], [ -115.2897786, 36.154279799800001 ], [ -115.2897759, 36.154279799800001 ], [ -115.2897759, 36.154277099799998 ], [ -115.2897705, 36.154277099799998 ], [ -115.2897705, 36.154274399800002 ], [ -115.2897651, 36.154274399800002 ], [ -115.2897651, 36.154271699799999 ], [ -115.2897624, 36.154271699799999 ], [ -115.2897624, 36.1542662998 ], [ -115.2897651, 36.1542662998 ], [ -115.2897651, 36.154260899800001 ], [ -115.2897678, 36.154260899800001 ], [ -115.2897678, 36.154258199799997 ], [ -115.2897705, 36.154258199799997 ], [ -115.2897705, 36.154255499800001 ], [ -115.2897759, 36.154255499800001 ], [ -115.2897759, 36.154252799799998 ], [ -115.2897786, 36.154252799799998 ], [ -115.2897786, 36.154250099800002 ], [ -115.289784, 36.154250099800002 ], [ -115.289784, 36.154247399799999 ], [ -115.2897867, 36.154247399799999 ], [ -115.2897867, 36.154244699800003 ], [ -115.2897921, 36.154244699800003 ], [ -115.2897921, 36.1542419998 ], [ -115.2897948, 36.1542419998 ], [ -115.2897948, 36.154239299799997 ], [ -115.2898002, 36.154239299799997 ], [ -115.2898002, 36.154236599800001 ], [ -115.2898029, 36.154236599800001 ], [ -115.2898029, 36.154233899799998 ], [ -115.2898083, 36.154233899799998 ], [ -115.2898083, 36.154231199800002 ], [ -115.289811, 36.154231199800002 ], [ -115.289811, 36.154228499799999 ], [ -115.2898137, 36.154228499799999 ], [ -115.2898137, 36.154225799800003 ], [ -115.2898191, 36.154225799800003 ], [ -115.2898191, 36.154223099799999 ], [ -115.2898218, 36.154223099799999 ], [ -115.2898218, 36.154220399800003 ], [ -115.2898245, 36.154220399800003 ], [ -115.2898245, 36.1542176998 ], [ -115.2898299, 36.1542176998 ], [ -115.2898299, 36.154214999799997 ], [ -115.2898326, 36.154214999799997 ], [ -115.2898326, 36.154212299800001 ], [ -115.289838, 36.154212299800001 ], [ -115.289838, 36.154209599799998 ], [ -115.2898434, 36.154209599799998 ], [ -115.2898434, 36.154206899800002 ], [ -115.2898515, 36.154206899800002 ], [ -115.2898515, 36.154204199799999 ], [ -115.289865, 36.154204199799999 ], [ -115.289865, 36.154201499800003 ], [ -115.2898677, 36.154201499800003 ], [ -115.2898677, 36.1541987998 ], [ -115.2898731, 36.1541987998 ], [ -115.2898731, 36.154196099800004 ], [ -115.2898758, 36.154196099800004 ], [ -115.2898758, 36.1541933998 ], [ -115.2898812, 36.1541933998 ], [ -115.2898812, 36.154190699799997 ], [ -115.2898839, 36.154190699799997 ], [ -115.2898839, 36.154187999800001 ], [ -115.2898866, 36.154187999800001 ], [ -115.2898866, 36.154185299799998 ], [ -115.2898893, 36.154185299799998 ], [ -115.2898893, 36.154182599800002 ], [ -115.2899001, 36.154182599800002 ], [ -115.2899001, 36.154179899799999 ], [ -115.2899082, 36.154179899799999 ], [ -115.2899082, 36.154182599800002 ], [ -115.2899136, 36.154182599800002 ], [ -115.2899136, 36.154185299799998 ], [ -115.2899163, 36.154185299799998 ], [ -115.2899163, 36.154187999800001 ], [ -115.2899217, 36.154187999800001 ], [ -115.2899217, 36.154190699799997 ], [ -115.2899244, 36.154190699799997 ], [ -115.2899244, 36.1541933998 ], [ -115.2899271, 36.1541933998 ], [ -115.2899271, 36.154196099800004 ], [ -115.2899298, 36.154196099800004 ], [ -115.2899298, 36.1541987998 ], [ -115.2899325, 36.1541987998 ], [ -115.2899325, 36.154201499800003 ], [ -115.2899352, 36.154201499800003 ], [ -115.2899352, 36.154204199799999 ], [ -115.2899379, 36.154204199799999 ], [ -115.2899379, 36.154206899800002 ], [ -115.2899406, 36.154206899800002 ], [ -115.2899406, 36.154209599799998 ], [ -115.289946, 36.154209599799998 ], [ -115.289946, 36.154212299800001 ], [ -115.2899487, 36.154212299800001 ], [ -115.2899487, 36.154214999799997 ], [ -115.2899514, 36.154214999799997 ], [ -115.2899514, 36.1542176998 ], [ -115.2899541, 36.1542176998 ], [ -115.2899541, 36.154223099799999 ], [ -115.2899568, 36.154223099799999 ], [ -115.2899568, 36.154225799800003 ], [ -115.2899595, 36.154225799800003 ], [ -115.2899595, 36.154228499799999 ], [ -115.2899622, 36.154228499799999 ], [ -115.2899622, 36.154231199800002 ], [ -115.2899649, 36.154231199800002 ], [ -115.2899649, 36.154236599800001 ], [ -115.2899676, 36.154236599800001 ], [ -115.2899676, 36.154339199799999 ], [ -115.2899595, 36.154339199799999 ], [ -115.2899595, 36.154341899800002 ], [ -115.2899568, 36.154341899800002 ], [ -115.2899568, 36.154344599799998 ], [ -115.2899514, 36.154344599799998 ], [ -115.2899514, 36.154347299800001 ], [ -115.2899487, 36.154347299800001 ], [ -115.2899487, 36.154349999799997 ], [ -115.289946, 36.154349999799997 ], [ -115.289946, 36.1543526998 ], [ -115.2899433, 36.1543526998 ], [ -115.2899433, 36.154355399800004 ], [ -115.2899379, 36.154355399800004 ], [ -115.2899379, 36.1543580998 ], [ -115.2899325, 36.1543580998 ], [ -115.2899325, 36.154360799800003 ], [ -115.2899271, 36.154360799800003 ], [ -115.2899271, 36.154363499799999 ], [ -115.2899217, 36.154363499799999 ], [ -115.2899217, 36.154366199800002 ], [ -115.2899163, 36.154366199800002 ], [ -115.2899163, 36.154368899799998 ], [ -115.2899109, 36.154368899799998 ], [ -115.2899109, 36.154371599800001 ], [ -115.2899055, 36.154371599800001 ], [ -115.2899055, 36.154374299799997 ], [ -115.2899028, 36.154374299799997 ], [ -115.2899028, 36.1543769998 ], [ -115.2899001, 36.1543769998 ], [ -115.2899001, 36.154379699800003 ], [ -115.2898947, 36.154379699800003 ], [ -115.2898947, 36.154382399799999 ], [ -115.2898893, 36.154382399799999 ], [ -115.2898893, 36.154385099800002 ] ] ] } },
{ "type": "Feature", "properties": { "value": 255.0 }, "geometry": { "type": "Polygon", "coordinates": [ [ [ -115.288612199999989, 36.1543769998 ], [ -115.288596, 36.1543769998 ], [ -115.288596, 36.154374299799997 ], [ -115.288593299999988, 36.154374299799997 ], [ -115.288593299999988, 36.154371599800001 ], [ -115.2885852, 36.154371599800001 ], [ -115.2885852, 36.154368899799998 ], [ -115.2885825, 36.154368899799998 ], [ -115.2885825, 36.154366199800002 ], [ -115.2885798, 36.154366199800002 ], [ -115.2885798, 36.154363499799999 ], [ -115.2885771, 36.154363499799999 ], [ -115.2885771, 36.154360799800003 ], [ -115.2885744, 36.154360799800003 ], [ -115.2885744, 36.154355399800004 ], [ -115.2885717, 36.154355399800004 ], [ -115.2885717, 36.1543526998 ], [ -115.288569, 36.1543526998 ], [ -115.288569, 36.154349999799997 ], [ -115.2885663, 36.154349999799997 ], [ -115.2885663, 36.154347299800001 ], [ -115.288563599999989, 36.154347299800001 ], [ -115.288563599999989, 36.154344599799998 ], [ -115.2885609, 36.154344599799998 ], [ -115.2885609, 36.154341899800002 ], [ -115.2885555, 36.154341899800002 ], [ -115.2885555, 36.154339199799999 ], [ -115.2885528, 36.154339199799999 ], [ -115.2885528, 36.154336499800003 ], [ -115.2885501, 36.154336499800003 ], [ -115.2885501, 36.1543337998 ], [ -115.288544699999989, 36.1543337998 ], [ -115.288544699999989, 36.154331099800004 ], [ -115.2885366, 36.154331099800004 ], [ -115.2885366, 36.154328399800001 ], [ -115.2885312, 36.154328399800001 ], [ -115.2885312, 36.154325699799998 ], [ -115.288525799999988, 36.154325699799998 ], [ -115.288525799999988, 36.154322999800002 ], [ -115.2885204, 36.154322999800002 ], [ -115.2885204, 36.154320299799998 ], [ -115.2885177, 36.154320299799998 ], [ -115.2885177, 36.154317599800002 ], [ -115.2885123, 36.154317599800002 ], [ -115.2885123, 36.154314899799999 ], [ -115.2885096, 36.154314899799999 ], [ -115.2885096, 36.154312199800003 ], [ -115.2885042, 36.154312199800003 ], [ -115.2885042, 36.1543094998 ], [ -115.2885015, 36.1543094998 ], [ -115.2885015, 36.154306799799997 ], [ -115.2884988, 36.154306799799997 ], [ -115.2884988, 36.154304099800001 ], [ -115.2884934, 36.154304099800001 ], [ -115.2884934, 36.154301399799998 ], [ -115.2884907, 36.154301399799998 ], [ -115.2884907, 36.154298699800002 ], [ -115.288488, 36.154298699800002 ], [ -115.288488, 36.154295999799999 ], [ -115.2884853, 36.154295999799999 ], [ -115.2884853, 36.154293299800003 ], [ -115.2884799, 36.154293299800003 ], [ -115.2884799, 36.154290599799999 ], [ -115.288477199999988, 36.154290599799999 ], [ -115.288477199999988, 36.154287899800003 ], [ -115.2884745, 36.154287899800003 ], [ -115.2884745, 36.1542851998 ], [ -115.2884718, 36.1542851998 ], [ -115.2884718, 36.154282499799997 ], [ -115.2884691, 36.154282499799997 ], [ -115.2884691, 36.154274399800002 ], [ -115.2884718, 36.154274399800002 ], [ -115.2884718, 36.154271699799999 ], [ -115.2884745, 36.154271699799999 ], [ -115.2884745, 36.154268999800003 ], [ -115.288477199999988, 36.154268999800003 ], [ -115.288477199999988, 36.1542662998 ], [ -115.2884799, 36.1542662998 ], [ -115.2884799, 36.154263599800004 ], [ -115.2884853, 36.154263599800004 ], [ -115.2884853, 36.154260899800001 ], [ -115.288488, 36.154260899800001 ], [ -115.288488, 36.154258199799997 ], [ -115.2884907, 36.154258199799997 ], [ -115.2884907, 36.154252799799998 ], [ -115.2884934, 36.154252799799998 ], [ -115.2884934, 36.154247399799999 ], [ -115.288496099999989, 36.154247399799999 ], [ -115.288496099999989, 36.1542419998 ], [ -115.2884988, 36.1542419998 ], [ -115.2884988, 36.154236599800001 ], [ -115.2885015, 36.154236599800001 ], [ -115.2885015, 36.154233899799998 ], [ -115.2885042, 36.154233899799998 ], [ -115.2885042, 36.154225799800003 ], [ -115.2885069, 36.154225799800003 ], [ -115.2885069, 36.154223099799999 ], [ -115.2885096, 36.154223099799999 ], [ -115.2885096, 36.154220399800003 ], [ -115.2885231, 36.154220399800003 ], [ -115.2885231, 36.154214999799997 ], [ -115.288525799999988, 36.154214999799997 ], [ -115.288525799999988, 36.154204199799999 ], [ -115.2885285, 36.154204199799999 ], [ -115.2885285, 36.154201499800003 ], [ -115.2885312, 36.154201499800003 ], [ -115.2885312, 36.154190699799997 ], [ -115.2885339, 36.154190699799997 ], [ -115.2885339, 36.154187999800001 ], [ -115.2885393, 36.154187999800001 ], [ -115.2885393, 36.154185299799998 ], [ -115.288542, 36.154185299799998 ], [ -115.288542, 36.154182599800002 ], [ -115.288544699999989, 36.154182599800002 ], [ -115.288544699999989, 36.154179899799999 ], [ -115.2885582, 36.154179899799999 ], [ -115.2885582, 36.154177199800003 ], [ -115.2885609, 36.154177199800003 ], [ -115.2885609, 36.154179899799999 ], [ -115.288569, 36.154179899799999 ], [ -115.288569, 36.154182599800002 ], [ -115.2885744, 36.154182599800002 ], [ -115.2885744, 36.154185299799998 ], [ -115.2885771, 36.154185299799998 ], [ -115.2885771, 36.154187999800001 ], [ -115.2885825, 36.154187999800001 ], [ -115.2885825, 36.154190699799997 ], [ -115.2885852, 36.154190699799997 ], [ -115.2885852, 36.154187999800001 ], [ -115.2885879, 36.154187999800001 ], [ -115.2885879, 36.154190699799997 ], [ -115.288596, 36.154190699799997 ], [ -115.288596, 36.1541933998 ], [ -115.2886014, 36.1541933998 ], [ -115.2886014, 36.154196099800004 ], [ -115.2886068, 36.154196099800004 ], [ -115.2886068, 36.1541987998 ], [ -115.2886095, 36.1541987998 ], [ -115.2886095, 36.154201499800003 ], [ -115.2886149, 36.154201499800003 ], [ -115.2886149, 36.154206899800002 ], [ -115.2886176, 36.154206899800002 ], [ -115.2886176, 36.154209599799998 ], [ -115.288623, 36.154209599799998 ], [ -115.288623, 36.154212299800001 ], [ -115.2886257, 36.154212299800001 ], [ -115.2886257, 36.154214999799997 ], [ -115.2886284, 36.154214999799997 ], [ -115.2886284, 36.1542176998 ], [ -115.2886338, 36.1542176998 ], [ -115.2886338, 36.154220399800003 ], [ -115.2886392, 36.154220399800003 ], [ -115.2886392, 36.154223099799999 ], [ -115.2886473, 36.154223099799999 ], [ -115.2886473, 36.154225799800003 ], [ -115.28865, 36.154225799800003 ], [ -115.28865, 36.154228499799999 ], [ -115.2886554, 36.154228499799999 ], [ -115.2886554, 36.154231199800002 ], [ -115.288660799999988, 36.154231199800002 ], [ -115.288660799999988, 36.154233899799998 ], [ -115.2886662, 36.154233899799998 ], [ -115.2886662, 36.154236599800001 ], [ -115.2886689, 36.154236599800001 ], [ -115.2886689, 36.154239299799997 ], [ -115.2886743, 36.154239299799997 ], [ -115.2886743, 36.1542419998 ], [ -115.288677, 36.1542419998 ], [ -115.288677, 36.154244699800003 ], [ -115.2886824, 36.154244699800003 ], [ -115.2886824, 36.154247399799999 ], [ -115.2886851, 36.154247399799999 ], [ -115.2886851, 36.154250099800002 ], [ -115.2887148, 36.154250099800002 ], [ -115.2887148, 36.154252799799998 ], [ -115.2887175, 36.154252799799998 ], [ -115.2887175, 36.154255499800001 ], [ -115.2887229, 36.154255499800001 ], [ -115.2887229, 36.154258199799997 ], [ -115.2887256, 36.154258199799997 ], [ -115.2887256, 36.154260899800001 ], [ -115.288731, 36.154260899800001 ], [ -115.288731, 36.154263599800004 ], [ -115.2887364, 36.154263599800004 ], [ -115.2887364, 36.1542662998 ], [ -115.2887391, 36.1542662998 ], [ -115.2887391, 36.154268999800003 ], [ -115.2887445, 36.154268999800003 ], [ -115.2887445, 36.154271699799999 ], [ -115.2887499, 36.154271699799999 ], [ -115.2887499, 36.154274399800002 ], [ -115.2887526, 36.154274399800002 ], [ -115.2887526, 36.154290599799999 ], [ -115.2887499, 36.154290599799999 ], [ -115.2887499, 36.154295999799999 ], [ -115.288747199999989, 36.154295999799999 ], [ -115.288747199999989, 36.154298699800002 ], [ -115.2887445, 36.154298699800002 ], [ -115.2887445, 36.154301399799998 ], [ -115.2887418, 36.154301399799998 ], [ -115.2887418, 36.154304099800001 ], [ -115.2887391, 36.154304099800001 ], [ -115.2887391, 36.1543094998 ], [ -115.2887364, 36.1543094998 ], [ -115.2887364, 36.154314899799999 ], [ -115.2887337, 36.154314899799999 ], [ -115.2887337, 36.154317599800002 ], [ -115.288731, 36.154317599800002 ], [ -115.288731, 36.154325699799998 ], [ -115.288728299999988, 36.154325699799998 ], [ -115.288728299999988, 36.154328399800001 ], [ -115.2887256, 36.154328399800001 ], [ -115.2887256, 36.154331099800004 ], [ -115.2887229, 36.154331099800004 ], [ -115.2887229, 36.1543337998 ], [ -115.2887202, 36.1543337998 ], [ -115.2887202, 36.154336499800003 ], [ -115.2887121, 36.154336499800003 ], [ -115.2887121, 36.1543337998 ], [ -115.2887067, 36.1543337998 ], [ -115.2887067, 36.154331099800004 ], [ -115.2887013, 36.154331099800004 ], [ -115.2887013, 36.154328399800001 ], [ -115.288698599999989, 36.154328399800001 ], [ -115.288698599999989, 36.154325699799998 ], [ -115.2886932, 36.154325699799998 ], [ -115.2886932, 36.154322999800002 ], [ -115.2886905, 36.154322999800002 ], [ -115.2886905, 36.154320299799998 ], [ -115.2886878, 36.154320299799998 ], [ -115.2886878, 36.154317599800002 ], [ -115.2886824, 36.154317599800002 ], [ -115.2886824, 36.154314899799999 ], [ -115.288677, 36.154314899799999 ], [ -115.288677, 36.154312199800003 ], [ -115.2886743, 36.154312199800003 ], [ -115.2886743, 36.1543094998 ], [ -115.2886689, 36.1543094998 ], [ -115.2886689, 36.154306799799997 ], [ -115.2886662, 36.154306799799997 ], [ -115.2886662, 36.154304099800001 ], [ -115.2886635, 36.154304099800001 ], [ -115.2886635, 36.154301399799998 ], [ -115.2886581, 36.154301399799998 ], [ -115.2886581, 36.154298699800002 ], [ -115.2886473, 36.154298699800002 ], [ -115.2886473, 36.154301399799998 ], [ -115.2886446, 36.154301399799998 ], [ -115.2886446, 36.154304099800001 ], [ -115.2886419, 36.154304099800001 ], [ -115.2886419, 36.154306799799997 ], [ -115.2886392, 36.154306799799997 ], [ -115.2886392, 36.154312199800003 ], [ -115.2886365, 36.154312199800003 ], [ -115.2886365, 36.154325699799998 ], [ -115.2886392, 36.154325699799998 ], [ -115.2886392, 36.154328399800001 ], [ -115.2886446, 36.154328399800001 ], [ -115.2886446, 36.154331099800004 ], [ -115.2886473, 36.154331099800004 ], [ -115.2886473, 36.154339199799999 ], [ -115.2886446, 36.154339199799999 ], [ -115.2886446, 36.154341899800002 ], [ -115.2886419, 36.154341899800002 ], [ -115.2886419, 36.154344599799998 ], [ -115.2886392, 36.154344599799998 ], [ -115.2886392, 36.154347299800001 ], [ -115.2886338, 36.154347299800001 ], [ -115.2886338, 36.154349999799997 ], [ -115.288631099999989, 36.154349999799997 ], [ -115.288631099999989, 36.1543526998 ], [ -115.2886257, 36.1543526998 ], [ -115.2886257, 36.154355399800004 ], [ -115.288623, 36.154355399800004 ], [ -115.288623, 36.1543580998 ], [ -115.2886203, 36.1543580998 ], [ -115.2886203, 36.154360799800003 ], [ -115.2886176, 36.154360799800003 ], [ -115.2886176, 36.154366199800002 ], [ -115.2886149, 36.154366199800002 ], [ -115.2886149, 36.154371599800001 ], [ -115.288612199999989, 36.154371599800001 ], [ -115.288612199999989, 36.1543769998 ] ] ] } },
{ "type": "Feature", "properties": { "value": 255.0 }, "geometry": { "type": "Polygon", "coordinates": [ [ [ -115.2893439, 36.1544012998 ], [ -115.2893277, 36.1544012998 ], [ -115.2893277, 36.154398599800004 ], [ -115.2893223, 36.154398599800004 ], [ -115.2893223, 36.154395899800001 ], [ -115.2893196, 36.154395899800001 ], [ -115.2893196, 36.154393199799998 ], [ -115.2893142, 36.154393199799998 ], [ -115.2893142, 36.154390499800002 ], [ -115.2893088, 36.154390499800002 ], [ -115.2893088, 36.154387799799999 ], [ -115.2893061, 36.154387799799999 ], [ -115.2893061, 36.154385099800002 ], [ -115.2893007, 36.154385099800002 ], [ -115.2893007, 36.154382399799999 ], [ -115.289298, 36.154382399799999 ], [ -115.289298, 36.154379699800003 ], [ -115.2892926, 36.154379699800003 ], [ -115.2892926, 36.1543769998 ], [ -115.2892872, 36.1543769998 ], [ -115.2892872, 36.154374299799997 ], [ -115.2892845, 36.154374299799997 ], [ -115.2892845, 36.154371599800001 ], [ -115.2892791, 36.154371599800001 ], [ -115.2892791, 36.154368899799998 ], [ -115.2892764, 36.154368899799998 ], [ -115.2892764, 36.154366199800002 ], [ -115.2892737, 36.154366199800002 ], [ -115.2892737, 36.154363499799999 ], [ -115.289268299999989, 36.154363499799999 ], [ -115.289268299999989, 36.154360799800003 ], [ -115.2892656, 36.154360799800003 ], [ -115.2892656, 36.1543580998 ], [ -115.2892629, 36.1543580998 ], [ -115.2892629, 36.154355399800004 ], [ -115.2892575, 36.154355399800004 ], [ -115.2892575, 36.1543526998 ], [ -115.2892548, 36.1543526998 ], [ -115.2892548, 36.154349999799997 ], [ -115.2892494, 36.154349999799997 ], [ -115.2892494, 36.154347299800001 ], [ -115.289244, 36.154347299800001 ], [ -115.289244, 36.154344599799998 ], [ -115.2892386, 36.154344599799998 ], [ -115.2892386, 36.154341899800002 ], [ -115.2892332, 36.154341899800002 ], [ -115.2892332, 36.154339199799999 ], [ -115.2892278, 36.154339199799999 ], [ -115.2892278, 36.154336499800003 ], [ -115.2892224, 36.154336499800003 ], [ -115.2892224, 36.1543337998 ], [ -115.2892197, 36.1543337998 ], [ -115.2892197, 36.154331099800004 ], [ -115.2892143, 36.154331099800004 ], [ -115.2892143, 36.154328399800001 ], [ -115.2892089, 36.154328399800001 ], [ -115.2892089, 36.154325699799998 ], [ -115.2892062, 36.154325699799998 ], [ -115.2892062, 36.154322999800002 ], [ -115.289200799999989, 36.154322999800002 ], [ -115.289200799999989, 36.154320299799998 ], [ -115.2891981, 36.154320299799998 ], [ -115.2891981, 36.154317599800002 ], [ -115.2891927, 36.154317599800002 ], [ -115.2891927, 36.154314899799999 ], [ -115.28919, 36.154314899799999 ], [ -115.28919, 36.154312199800003 ], [ -115.2891873, 36.154312199800003 ], [ -115.2891873, 36.154301399799998 ], [ -115.28919, 36.154301399799998 ], [ -115.28919, 36.154298699800002 ], [ -115.2891927, 36.154298699800002 ], [ -115.2891927, 36.154295999799999 ], [ -115.2891981, 36.154295999799999 ], [ -115.2891981, 36.154293299800003 ], [ -115.289200799999989, 36.154293299800003 ], [ -115.289200799999989, 36.154290599799999 ], [ -115.2892035, 36.154290599799999 ], [ -115.2892035, 36.154287899800003 ], [ -115.2892062, 36.154287899800003 ], [ -115.2892062, 36.1542851998 ], [ -115.2892089, 36.1542851998 ], [ -115.2892089, 36.154282499799997 ], [ -115.2892143, 36.154282499799997 ], [ -115.2892143, 36.154279799800001 ], [ -115.289217, 36.154279799800001 ], [ -115.289217, 36.154277099799998 ], [ -115.2892197, 36.154277099799998 ], [ -115.2892197, 36.154271699799999 ], [ -115.2892224, 36.154271699799999 ], [ -115.2892224, 36.154268999800003 ], [ -115.2892251, 36.154268999800003 ], [ -115.2892251, 36.1542662998 ], [ -115.2892278, 36.1542662998 ], [ -115.2892278, 36.154263599800004 ], [ -115.2892332, 36.154263599800004 ], [ -115.2892332, 36.154255499800001 ], [ -115.2892359, 36.154255499800001 ], [ -115.2892359, 36.154252799799998 ], [ -115.2892386, 36.154252799799998 ], [ -115.2892386, 36.1542419998 ], [ -115.2892359, 36.1542419998 ], [ -115.2892359, 36.154231199800002 ], [ -115.2892386, 36.154231199800002 ], [ -115.2892386, 36.154225799800003 ], [ -115.2892413, 36.154225799800003 ], [ -115.2892413, 36.154223099799999 ], [ -115.289244, 36.154223099799999 ], [ -115.289244, 36.154220399800003 ], [ -115.2892467, 36.154220399800003 ], [ -115.2892467, 36.1542176998 ], [ -115.2892494, 36.1542176998 ], [ -115.2892494, 36.154214999799997 ], [ -115.2892521, 36.154214999799997 ], [ -115.2892521, 36.154212299800001 ], [ -115.2892548, 36.154212299800001 ], [ -115.2892548, 36.154209599799998 ], [ -115.2892575, 36.154209599799998 ], [ -115.2892575, 36.154206899800002 ], [ -115.2892602, 36.154206899800002 ], [ -115.2892602, 36.154204199799999 ], [ -115.2892629, 36.154204199799999 ], [ -115.2892629, 36.154201499800003 ], [ -115.2892656, 36.154201499800003 ], [ -115.2892656, 36.1541987998 ], [ -115.289268299999989, 36.1541987998 ], [ -115.289268299999989, 36.154196099800004 ], [ -115.289271, 36.154196099800004 ], [ -115.289271, 36.1541933998 ], [ -115.2892737, 36.1541933998 ], [ -115.2892737, 36.154190699799997 ], [ -115.2892764, 36.154190699799997 ], [ -115.2892764, 36.154187999800001 ], [ -115.2892791, 36.154187999800001 ], [ -115.2892791, 36.154185299799998 ], [ -115.2892845, 36.154185299799998 ], [ -115.2892845, 36.154182599800002 ], [ -115.2892872, 36.154182599800002 ], [ -115.2892872, 36.154179899799999 ], [ -115.2892899, 36.154179899799999 ], [ -115.2892899, 36.154177199800003 ], [ -115.2892926, 36.154177199800003 ], [ -115.2892926, 36.1541744998 ], [ -115.2892953, 36.1541744998 ], [ -115.2892953, 36.154171799799997 ], [ -115.289298, 36.154171799799997 ], [ -115.289298, 36.154169099800001 ], [ -115.2893034, 36.154169099800001 ], [ -115.2893034, 36.154166399799998 ], [ -115.2893061, 36.154166399799998 ], [ -115.2893061, 36.154169099800001 ], [ -115.2893142, 36.154169099800001 ], [ -115.2893142, 36.154171799799997 ], [ -115.2893169, 36.154171799799997 ], [ -115.2893169, 36.1541744998 ], [ -115.2893196, 36.1541744998 ], [ -115.2893196, 36.154177199800003 ], [ -115.2893223, 36.154177199800003 ], [ -115.2893223, 36.154179899799999 ], [ -115.289325, 36.154179899799999 ], [ -115.289325, 36.154182599800002 ], [ -115.2893277, 36.154182599800002 ], [ -115.2893277, 36.154185299799998 ], [ -115.2893304, 36.154185299799998 ], [ -115.2893304, 36.154187999800001 ], [ -115.289335799999989, 36.154187999800001 ], [ -115.289335799999989, 36.154190699799997 ], [ -115.2893385, 36.154190699799997 ], [ -115.2893385, 36.1541933998 ], [ -115.2893439, 36.1541933998 ], [ -115.2893439, 36.154196099800004 ], [ -115.2893466, 36.154196099800004 ], [ -115.2893466, 36.1541987998 ], [ -115.289352, 36.1541987998 ], [ -115.289352, 36.154201499800003 ], [ -115.2893547, 36.154201499800003 ], [ -115.2893547, 36.154204199799999 ], [ -115.2893601, 36.154204199799999 ], [ -115.2893601, 36.154206899800002 ], [ -115.2893655, 36.154206899800002 ], [ -115.2893655, 36.154209599799998 ], [ -115.2893709, 36.154209599799998 ], [ -115.2893709, 36.154212299800001 ], [ -115.2893736, 36.154212299800001 ], [ -115.2893736, 36.154214999799997 ], [ -115.2893763, 36.154214999799997 ], [ -115.2893763, 36.154231199800002 ], [ -115.289379, 36.154231199800002 ], [ -115.289379, 36.154244699800003 ], [ -115.2893817, 36.154244699800003 ], [ -115.2893817, 36.154250099800002 ], [ -115.2893871, 36.154250099800002 ], [ -115.2893871, 36.154252799799998 ], [ -115.2893898, 36.154252799799998 ], [ -115.2893898, 36.154258199799997 ], [ -115.2893925, 36.154258199799997 ], [ -115.2893925, 36.154260899800001 ], [ -115.2893898, 36.154260899800001 ], [ -115.2893898, 36.154268999800003 ], [ -115.2893871, 36.154268999800003 ], [ -115.2893871, 36.154271699799999 ], [ -115.2893844, 36.154271699799999 ], [ -115.2893844, 36.154274399800002 ], [ -115.289379, 36.154274399800002 ], [ -115.289379, 36.154277099799998 ], [ -115.2893763, 36.154277099799998 ], [ -115.2893763, 36.154279799800001 ], [ -115.2893736, 36.154279799800001 ], [ -115.2893736, 36.154282499799997 ], [ -115.2893709, 36.154282499799997 ], [ -115.2893709, 36.154298699800002 ], [ -115.2893736, 36.154298699800002 ], [ -115.2893736, 36.154301399799998 ], [ -115.289379, 36.154301399799998 ], [ -115.289379, 36.154295999799999 ], [ -115.2893844, 36.154295999799999 ], [ -115.2893844, 36.154293299800003 ], [ -115.2893898, 36.154293299800003 ], [ -115.2893898, 36.154301399799998 ], [ -115.2893925, 36.154301399799998 ], [ -115.2893925, 36.154320299799998 ], [ -115.2893898, 36.154320299799998 ], [ -115.2893898, 36.154328399800001 ], [ -115.2893925, 36.154328399800001 ], [ -115.2893925, 36.154331099800004 ], [ -115.2893952, 36.154331099800004 ], [ -115.2893952, 36.1543337998 ], [ -115.2893979, 36.1543337998 ], [ -115.2893979, 36.154336499800003 ], [ -115.2894006, 36.154336499800003 ], [ -115.2894006, 36.154347299800001 ], [ -115.2893979, 36.154347299800001 ], [ -115.2893979, 36.154349999799997 ], [ -115.2893952, 36.154349999799997 ], [ -115.2893952, 36.1543526998 ], [ -115.2893925, 36.1543526998 ], [ -115.2893925, 36.154355399800004 ], [ -115.2893898, 36.154355399800004 ], [ -115.2893898, 36.1543580998 ], [ -115.2893871, 36.1543580998 ], [ -115.2893871, 36.154360799800003 ], [ -115.2893817, 36.154360799800003 ], [ -115.2893817, 36.154363499799999 ], [ -115.2893763, 36.154363499799999 ], [ -115.2893763, 36.154366199800002 ], [ -115.2893736, 36.154366199800002 ], [ -115.2893736, 36.154368899799998 ], [ -115.2893709, 36.154368899799998 ], [ -115.2893709, 36.154371599800001 ], [ -115.2893682, 36.154371599800001 ], [ -115.2893682, 36.154374299799997 ], [ -115.2893655, 36.154374299799997 ], [ -115.2893655, 36.154379699800003 ], [ -115.2893628, 36.154379699800003 ], [ -115.2893628, 36.154382399799999 ], [ -115.2893601, 36.154382399799999 ], [ -115.2893601, 36.154385099800002 ], [ -115.2893574, 36.154385099800002 ], [ -115.2893574, 36.154387799799999 ], [ -115.2893547, 36.154387799799999 ], [ -115.2893547, 36.154390499800002 ], [ -115.289352, 36.154390499800002 ], [ -115.289352, 36.154393199799998 ], [ -115.2893493, 36.154393199799998 ], [ -115.2893493, 36.154395899800001 ], [ -115.2893466, 36.154395899800001 ], [ -115.2893466, 36.154398599800004 ], [ -115.2893439, 36.154398599800004 ], [ -115.2893439, 36.1544012998 ] ], [ [ -115.2893817, 36.154325699799998 ], [ -115.2893817, 36.154322999800002 ], [ -115.2893844, 36.154322999800002 ], [ -115.2893844, 36.154317599800002 ], [ -115.2893817, 36.154317599800002 ], [ -115.2893817, 36.154312199800003 ], [ -115.2893763, 36.154312199800003 ], [ -115.2893763, 36.154314899799999 ], [ -115.2893736, 36.154314899799999 ], [ -115.2893736, 36.154320299799998 ], [ -115.2893763, 36.154320299799998 ], [ -115.2893763, 36.154325699799998 ], [ -115.2893817, 36.154325699799998 ] ] ] } },
{ "type": "Feature", "properties": { "value": 255.0 }, "geometry": { "type": "Polygon", "coordinates": [ [ [ -115.2882207, 36.154220399800003 ], [ -115.2882126, 36.154220399800003 ], [ -115.2882126, 36.1541258998 ], [ -115.2882153, 36.1541258998 ], [ -115.2882153, 36.154128599800003 ], [ -115.288218, 36.154128599800003 ], [ -115.288218, 36.1541258998 ], [ -115.2882207, 36.1541258998 ], [ -115.2882207, 36.154120499800001 ], [ -115.2882234, 36.154120499800001 ], [ -115.2882234, 36.154112399799999 ], [ -115.2882288, 36.154112399799999 ], [ -115.2882288, 36.154109699800003 ], [ -115.2882369, 36.154109699800003 ], [ -115.2882369, 36.1541069998 ], [ -115.2882504, 36.1541069998 ], [ -115.2882504, 36.154109699800003 ], [ -115.288255799999988, 36.154109699800003 ], [ -115.288255799999988, 36.154112399799999 ], [ -115.2882585, 36.154112399799999 ], [ -115.2882585, 36.154115099800002 ], [ -115.2882612, 36.154115099800002 ], [ -115.2882612, 36.154120499800001 ], [ -115.2882639, 36.154120499800001 ], [ -115.2882639, 36.154133999800003 ], [ -115.2882612, 36.154133999800003 ], [ -115.2882612, 36.154136699799999 ], [ -115.2882585, 36.154136699799999 ], [ -115.2882585, 36.154139399800002 ], [ -115.2882477, 36.154139399800002 ], [ -115.2882477, 36.154142099799998 ], [ -115.2882288, 36.154142099799998 ], [ -115.2882288, 36.154147499799997 ], [ -115.288226099999989, 36.154147499799997 ], [ -115.288226099999989, 36.1541501998 ], [ -115.2882234, 36.1541501998 ], [ -115.2882234, 36.154158299800002 ], [ -115.288226099999989, 36.154158299800002 ], [ -115.288226099999989, 36.154185299799998 ], [ -115.2882288, 36.154185299799998 ], [ -115.2882288, 36.1541933998 ], [ -115.2882315, 36.1541933998 ], [ -115.2882315, 36.154206899800002 ], [ -115.2882288, 36.154206899800002 ], [ -115.2882288, 36.154214999799997 ], [ -115.288226099999989, 36.154214999799997 ], [ -115.288226099999989, 36.1542176998 ], [ -115.2882207, 36.1542176998 ], [ -115.2882207, 36.154220399800003 ] ] ] } },
{ "type": "Feature", "properties": { "value": 255.0 }, "geometry": { "type": "Polygon", "coordinates": [ [ [ -115.2894816, 36.154225799800003 ], [ -115.2894654, 36.154225799800003 ], [ -115.2894654, 36.154223099799999 ], [ -115.2894627, 36.154223099799999 ], [ -115.2894627, 36.154220399800003 ], [ -115.2894573, 36.154220399800003 ], [ -115.2894573, 36.1542176998 ], [ -115.2894519, 36.1542176998 ], [ -115.2894519, 36.154214999799997 ], [ -115.2894492, 36.154214999799997 ], [ -115.2894492, 36.154212299800001 ], [ -115.2894465, 36.154212299800001 ], [ -115.2894465, 36.154209599799998 ], [ -115.2894411, 36.154209599799998 ], [ -115.2894411, 36.154206899800002 ], [ -115.2894384, 36.154206899800002 ], [ -115.2894384, 36.154204199799999 ], [ -115.289433, 36.154204199799999 ], [ -115.289433, 36.154201499800003 ], [ -115.2894276, 36.154201499800003 ], [ -115.2894276, 36.1541987998 ], [ -115.2894222, 36.1541987998 ], [ -115.2894222, 36.154196099800004 ], [ -115.2894168, 36.154196099800004 ], [ -115.2894168, 36.1541933998 ], [ -115.2894141, 36.1541933998 ], [ -115.2894141, 36.154190699799997 ], [ -115.2894087, 36.154190699799997 ], [ -115.2894087, 36.154187999800001 ], [ -115.289406, 36.154187999800001 ], [ -115.289406, 36.154185299799998 ], [ -115.289403299999989, 36.154185299799998 ], [ -115.289403299999989, 36.154179899799999 ], [ -115.2894006, 36.154179899799999 ], [ -115.2894006, 36.1541744998 ], [ -115.2893979, 36.1541744998 ], [ -115.2893979, 36.154160999799998 ], [ -115.2893952, 36.154160999799998 ], [ -115.2893952, 36.154155599799999 ], [ -115.2893925, 36.154155599799999 ], [ -115.2893925, 36.154147499799997 ], [ -115.2893952, 36.154147499799997 ], [ -115.2893952, 36.154144799800001 ], [ -115.289406, 36.154144799800001 ], [ -115.289406, 36.154142099799998 ], [ -115.2894087, 36.154142099799998 ], [ -115.2894087, 36.154139399800002 ], [ -115.2894114, 36.154139399800002 ], [ -115.2894114, 36.154136699799999 ], [ -115.2894141, 36.154136699799999 ], [ -115.2894141, 36.1541312998 ], [ -115.2894114, 36.1541312998 ], [ -115.2894114, 36.154128599800003 ], [ -115.2894087, 36.154128599800003 ], [ -115.2894087, 36.1541258998 ], [ -115.289406, 36.1541258998 ], [ -115.289406, 36.154123199799997 ], [ -115.2894006, 36.154123199799997 ], [ -115.2894006, 36.154120499800001 ], [ -115.2893979, 36.154120499800001 ], [ -115.2893979, 36.154117799799998 ], [ -115.2893952, 36.154117799799998 ], [ -115.2893952, 36.154115099800002 ], [ -115.2893925, 36.154115099800002 ], [ -115.2893925, 36.154112399799999 ], [ -115.2893871, 36.154112399799999 ], [ -115.2893871, 36.154109699800003 ], [ -115.2893844, 36.154109699800003 ], [ -115.2893844, 36.1541069998 ], [ -115.289379, 36.1541069998 ], [ -115.289379, 36.154104299799997 ], [ -115.2893763, 36.154104299799997 ], [ -115.2893763, 36.154098899799997 ], [ -115.2893736, 36.154098899799997 ], [ -115.2893736, 36.154096199800001 ], [ -115.2893763, 36.154096199800001 ], [ -115.2893763, 36.154093499799998 ], [ -115.289379, 36.154093499799998 ], [ -115.289379, 36.154090799800002 ], [ -115.2893817, 36.154090799800002 ], [ -115.2893817, 36.154088099799999 ], [ -115.2893844, 36.154088099799999 ], [ -115.2893844, 36.154085399800003 ], [ -115.2893871, 36.154085399800003 ], [ -115.2893871, 36.1540826998 ], [ -115.2893925, 36.1540826998 ], [ -115.2893925, 36.154079999799997 ], [ -115.2893952, 36.154079999799997 ], [ -115.2893952, 36.154077299800001 ], [ -115.2893979, 36.154077299800001 ], [ -115.2893979, 36.154074599799998 ], [ -115.2894006, 36.154074599799998 ], [ -115.2894006, 36.154071899800002 ], [ -115.289403299999989, 36.154071899800002 ], [ -115.289403299999989, 36.154069199799999 ], [ -115.289406, 36.154069199799999 ], [ -115.289406, 36.154066499800003 ], [ -115.2894087, 36.154066499800003 ], [ -115.2894087, 36.154063799799999 ], [ -115.2894114, 36.154063799799999 ], [ -115.2894114, 36.154061099800003 ], [ -115.2894141, 36.154061099800003 ], [ -115.2894141, 36.1540583998 ], [ -115.2894168, 36.1540583998 ], [ -115.2894168, 36.154055699799997 ], [ -115.2894195, 36.154055699799997 ], [ -115.2894195, 36.154052999800001 ], [ -115.2894222, 36.154052999800001 ], [ -115.2894222, 36.154050299799998 ], [ -115.2894249, 36.154050299799998 ], [ -115.2894249, 36.154047599800002 ], [ -115.2894276, 36.154047599800002 ], [ -115.2894276, 36.154042199800003 ], [ -115.2894303, 36.154042199800003 ], [ -115.2894303, 36.1540394998 ], [ -115.289433, 36.1540394998 ], [ -115.289433, 36.154036799799997 ], [ -115.2894357, 36.154036799799997 ], [ -115.2894357, 36.1540340998 ], [ -115.2894384, 36.1540340998 ], [ -115.2894384, 36.154028699800001 ], [ -115.2894411, 36.154028699800001 ], [ -115.2894411, 36.154025999799998 ], [ -115.2894438, 36.154025999799998 ], [ -115.2894438, 36.154020599799999 ], [ -115.2894465, 36.154020599799999 ], [ -115.2894465, 36.154017899800003 ], [ -115.2894519, 36.154017899800003 ], [ -115.2894519, 36.1540151998 ], [ -115.2894654, 36.1540151998 ], [ -115.2894654, 36.154017899800003 ], [ -115.2894681, 36.154017899800003 ], [ -115.2894681, 36.154020599799999 ], [ -115.289470799999989, 36.154020599799999 ], [ -115.289470799999989, 36.154023299800002 ], [ -115.2894735, 36.154023299800002 ], [ -115.2894735, 36.154025999799998 ], [ -115.2894762, 36.154025999799998 ], [ -115.2894762, 36.154028699800001 ], [ -115.2894789, 36.154028699800001 ], [ -115.2894789, 36.154031399799997 ], [ -115.2894816, 36.154031399799997 ], [ -115.2894816, 36.1540340998 ], [ -115.2894843, 36.1540340998 ], [ -115.2894843, 36.154036799799997 ], [ -115.289487, 36.154036799799997 ], [ -115.289487, 36.1540394998 ], [ -115.2894897, 36.1540394998 ], [ -115.2894897, 36.154042199800003 ], [ -115.2894924, 36.154042199800003 ], [ -115.2894924, 36.154044899799999 ], [ -115.2894951, 36.154044899799999 ], [ -115.2894951, 36.154047599800002 ], [ -115.2894978, 36.154047599800002 ], [ -115.2894978, 36.154050299799998 ], [ -115.2895005, 36.154050299799998 ], [ -115.2895005, 36.154052999800001 ], [ -115.2895032, 36.154052999800001 ], [ -115.2895032, 36.154055699799997 ], [ -115.2895059, 36.154055699799997 ], [ -115.2895059, 36.154061099800003 ], [ -115.2895086, 36.154061099800003 ], [ -115.2895086, 36.154063799799999 ], [ -115.2895113, 36.154063799799999 ], [ -115.2895113, 36.154066499800003 ], [ -115.289514, 36.154066499800003 ], [ -115.289514, 36.154069199799999 ], [ -115.2895167, 36.154069199799999 ], [ -115.2895167, 36.154074599799998 ], [ -115.2895194, 36.154074599799998 ], [ -115.2895194, 36.154077299800001 ], [ -115.2895221, 36.154077299800001 ], [ -115.2895221, 36.154079999799997 ], [ -115.2895248, 36.154079999799997 ], [ -115.2895248, 36.1540826998 ], [ -115.2895275, 36.1540826998 ], [ -115.2895275, 36.154085399800003 ], [ -115.2895302, 36.154085399800003 ], [ -115.2895302, 36.154088099799999 ], [ -115.2895356, 36.154088099799999 ], [ -115.2895356, 36.154090799800002 ], [ -115.289541, 36.154090799800002 ], [ -115.289541, 36.154093499799998 ], [ -115.2895464, 36.154093499799998 ], [ -115.2895464, 36.154096199800001 ], [ -115.2895491, 36.154096199800001 ], [ -115.2895491, 36.154098899799997 ], [ -115.2895545, 36.154098899799997 ], [ -115.2895545, 36.154101599800001 ], [ -115.2895572, 36.154101599800001 ], [ -115.2895572, 36.154104299799997 ], [ -115.2895599, 36.154104299799997 ], [ -115.2895599, 36.1541069998 ], [ -115.2895626, 36.1541069998 ], [ -115.2895626, 36.154109699800003 ], [ -115.289568, 36.154109699800003 ], [ -115.289568, 36.154112399799999 ], [ -115.2895707, 36.154112399799999 ], [ -115.2895707, 36.154115099800002 ], [ -115.2895734, 36.154115099800002 ], [ -115.2895734, 36.154117799799998 ], [ -115.2895761, 36.154117799799998 ], [ -115.2895761, 36.154123199799997 ], [ -115.2895788, 36.154123199799997 ], [ -115.2895788, 36.1541258998 ], [ -115.2895815, 36.1541258998 ], [ -115.2895815, 36.154128599800003 ], [ -115.2895842, 36.154128599800003 ], [ -115.2895842, 36.154133999800003 ], [ -115.2895815, 36.154133999800003 ], [ -115.2895815, 36.154136699799999 ], [ -115.2895788, 36.154136699799999 ], [ -115.2895788, 36.154139399800002 ], [ -115.2895734, 36.154139399800002 ], [ -115.2895734, 36.154142099799998 ], [ -115.2895707, 36.154142099799998 ], [ -115.2895707, 36.154144799800001 ], [ -115.289568, 36.154144799800001 ], [ -115.289568, 36.154147499799997 ], [ -115.2895653, 36.154147499799997 ], [ -115.2895653, 36.1541501998 ], [ -115.2895626, 36.1541501998 ], [ -115.2895626, 36.154152899800003 ], [ -115.2895599, 36.154152899800003 ], [ -115.2895599, 36.154155599799999 ], [ -115.2895572, 36.154155599799999 ], [ -115.2895572, 36.154158299800002 ], [ -115.2895545, 36.154158299800002 ], [ -115.2895545, 36.154163699800002 ], [ -115.2895518, 36.154163699800002 ], [ -115.2895518, 36.154166399799998 ], [ -115.2895491, 36.154166399799998 ], [ -115.2895491, 36.154169099800001 ], [ -115.2895464, 36.154169099800001 ], [ -115.2895464, 36.1541744998 ], [ -115.2895437, 36.1541744998 ], [ -115.2895437, 36.154177199800003 ], [ -115.2895383, 36.154177199800003 ], [ -115.2895383, 36.154179899799999 ], [ -115.2895329, 36.154179899799999 ], [ -115.2895329, 36.154182599800002 ], [ -115.2895275, 36.154182599800002 ], [ -115.2895275, 36.154179899799999 ], [ -115.2895194, 36.154179899799999 ], [ -115.2895194, 36.154182599800002 ], [ -115.2895167, 36.154182599800002 ], [ -115.2895167, 36.154185299799998 ], [ -115.289514, 36.154185299799998 ], [ -115.289514, 36.154190699799997 ], [ -115.2895113, 36.154190699799997 ], [ -115.2895113, 36.1541933998 ], [ -115.2895086, 36.1541933998 ], [ -115.2895086, 36.1541987998 ], [ -115.2895059, 36.1541987998 ], [ -115.2895059, 36.154201499800003 ], [ -115.2895032, 36.154201499800003 ], [ -115.2895032, 36.154204199799999 ], [ -115.2895005, 36.154204199799999 ], [ -115.2895005, 36.154206899800002 ], [ -115.2894951, 36.154206899800002 ], [ -115.2894951, 36.154209599799998 ], [ -115.2894924, 36.154209599799998 ], [ -115.2894924, 36.154212299800001 ], [ -115.2894897, 36.154212299800001 ], [ -115.2894897, 36.154214999799997 ], [ -115.289487, 36.154214999799997 ], [ -115.289487, 36.1542176998 ], [ -115.2894843, 36.1542176998 ], [ -115.2894843, 36.154223099799999 ], [ -115.2894816, 36.154223099799999 ], [ -115.2894816, 36.154225799800003 ] ] ] } },
{ "type": "Feature", "properties": { "value": 255.0 }, "geometry": { "type": "Polygon", "coordinates": [ [ [ -115.2888174, 36.154236599800001 ], [ -115.2888039, 36.154236599800001 ], [ -115.2888039, 36.154233899799998 ], [ -115.2888012, 36.154233899799998 ], [ -115.2888012, 36.154231199800002 ], [ -115.2887985, 36.154231199800002 ], [ -115.2887985, 36.154228499799999 ], [ -115.2887931, 36.154228499799999 ], [ -115.2887931, 36.154225799800003 ], [ -115.2887904, 36.154225799800003 ], [ -115.2887904, 36.154223099799999 ], [ -115.2887823, 36.154223099799999 ], [ -115.2887823, 36.154220399800003 ], [ -115.2887769, 36.154220399800003 ], [ -115.2887769, 36.1542176998 ], [ -115.2887715, 36.1542176998 ], [ -115.2887715, 36.154214999799997 ], [ -115.2887688, 36.154214999799997 ], [ -115.2887688, 36.154212299800001 ], [ -115.288766099999989, 36.154212299800001 ], [ -115.288766099999989, 36.154209599799998 ], [ -115.2887607, 36.154209599799998 ], [ -115.2887607, 36.154206899800002 ], [ -115.2887553, 36.154206899800002 ], [ -115.2887553, 36.154204199799999 ], [ -115.2887499, 36.154204199799999 ], [ -115.2887499, 36.154201499800003 ], [ -115.288747199999989, 36.154201499800003 ], [ -115.288747199999989, 36.1541987998 ], [ -115.2887418, 36.1541987998 ], [ -115.2887418, 36.154196099800004 ], [ -115.2887391, 36.154196099800004 ], [ -115.2887391, 36.1541933998 ], [ -115.2887364, 36.1541933998 ], [ -115.2887364, 36.154190699799997 ], [ -115.288731, 36.154190699799997 ], [ -115.288731, 36.154187999800001 ], [ -115.288728299999988, 36.154187999800001 ], [ -115.288728299999988, 36.154185299799998 ], [ -115.2887229, 36.154185299799998 ], [ -115.2887229, 36.154182599800002 ], [ -115.2887175, 36.154182599800002 ], [ -115.2887175, 36.154179899799999 ], [ -115.2887121, 36.154179899799999 ], [ -115.2887121, 36.154177199800003 ], [ -115.2887094, 36.154177199800003 ], [ -115.2887094, 36.1541744998 ], [ -115.2887067, 36.1541744998 ], [ -115.2887067, 36.154171799799997 ], [ -115.2887013, 36.154171799799997 ], [ -115.2887013, 36.154169099800001 ], [ -115.288698599999989, 36.154169099800001 ], [ -115.288698599999989, 36.154166399799998 ], [ -115.2886932, 36.154166399799998 ], [ -115.2886932, 36.154163699800002 ], [ -115.2886905, 36.154163699800002 ], [ -115.2886905, 36.154160999799998 ], [ -115.2886851, 36.154160999799998 ], [ -115.2886851, 36.154158299800002 ], [ -115.2886824, 36.154158299800002 ], [ -115.2886824, 36.154155599799999 ], [ -115.288677, 36.154155599799999 ], [ -115.288677, 36.154152899800003 ], [ -115.2886743, 36.154152899800003 ], [ -115.2886743, 36.1541501998 ], [ -115.2886689, 36.1541501998 ], [ -115.2886689, 36.154147499799997 ], [ -115.2886635, 36.154147499799997 ], [ -115.2886635, 36.154144799800001 ], [ -115.288660799999988, 36.154144799800001 ], [ -115.288660799999988, 36.154142099799998 ], [ -115.2886581, 36.154142099799998 ], [ -115.2886581, 36.154139399800002 ], [ -115.2886554, 36.154139399800002 ], [ -115.2886554, 36.154136699799999 ], [ -115.2886527, 36.154136699799999 ], [ -115.2886527, 36.1541312998 ], [ -115.28865, 36.1541312998 ], [ -115.28865, 36.154115099800002 ], [ -115.2886527, 36.154115099800002 ], [ -115.2886527, 36.154112399799999 ], [ -115.2886554, 36.154112399799999 ], [ -115.2886554, 36.154109699800003 ], [ -115.2886581, 36.154109699800003 ], [ -115.2886581, 36.1541069998 ], [ -115.288660799999988, 36.1541069998 ], [ -115.288660799999988, 36.154104299799997 ], [ -115.2886635, 36.154104299799997 ], [ -115.2886635, 36.154101599800001 ], [ -115.2886662, 36.154101599800001 ], [ -115.2886662, 36.154098899799997 ], [ -115.2886689, 36.154098899799997 ], [ -115.2886689, 36.154096199800001 ], [ -115.2886716, 36.154096199800001 ], [ -115.2886716, 36.154093499799998 ], [ -115.288677, 36.154093499799998 ], [ -115.288677, 36.154090799800002 ], [ -115.288679699999989, 36.154090799800002 ], [ -115.288679699999989, 36.154088099799999 ], [ -115.2886824, 36.154088099799999 ], [ -115.2886824, 36.154085399800003 ], [ -115.2886851, 36.154085399800003 ], [ -115.2886851, 36.1540826998 ], [ -115.2886878, 36.1540826998 ], [ -115.2886878, 36.154077299800001 ], [ -115.2886905, 36.154077299800001 ], [ -115.2886905, 36.154071899800002 ], [ -115.2886932, 36.154071899800002 ], [ -115.2886932, 36.154066499800003 ], [ -115.2886959, 36.154066499800003 ], [ -115.2886959, 36.154063799799999 ], [ -115.288704, 36.154063799799999 ], [ -115.288704, 36.154061099800003 ], [ -115.2887121, 36.154061099800003 ], [ -115.2887121, 36.1540583998 ], [ -115.2887148, 36.1540583998 ], [ -115.2887148, 36.154055699799997 ], [ -115.2887175, 36.154055699799997 ], [ -115.2887175, 36.154052999800001 ], [ -115.2887202, 36.154052999800001 ], [ -115.2887202, 36.154050299799998 ], [ -115.2887229, 36.154050299799998 ], [ -115.2887229, 36.154047599800002 ], [ -115.2887256, 36.154047599800002 ], [ -115.2887256, 36.154044899799999 ], [ -115.288728299999988, 36.154044899799999 ], [ -115.288728299999988, 36.154042199800003 ], [ -115.288731, 36.154042199800003 ], [ -115.288731, 36.1540394998 ], [ -115.2887337, 36.1540394998 ], [ -115.2887337, 36.154036799799997 ], [ -115.2887364, 36.154036799799997 ], [ -115.2887364, 36.1540340998 ], [ -115.2887391, 36.1540340998 ], [ -115.2887391, 36.154028699800001 ], [ -115.2887418, 36.154028699800001 ], [ -115.2887418, 36.154025999799998 ], [ -115.2887445, 36.154025999799998 ], [ -115.2887445, 36.154023299800002 ], [ -115.288747199999989, 36.154023299800002 ], [ -115.288747199999989, 36.154020599799999 ], [ -115.2887526, 36.154020599799999 ], [ -115.2887526, 36.154017899800003 ], [ -115.288766099999989, 36.154017899800003 ], [ -115.288766099999989, 36.154020599799999 ], [ -115.2887688, 36.154020599799999 ], [ -115.2887688, 36.154023299800002 ], [ -115.2887715, 36.154023299800002 ], [ -115.2887715, 36.154025999799998 ], [ -115.2887742, 36.154025999799998 ], [ -115.2887742, 36.154028699800001 ], [ -115.2887796, 36.154028699800001 ], [ -115.2887796, 36.154031399799997 ], [ -115.288785, 36.154031399799997 ], [ -115.288785, 36.1540340998 ], [ -115.2887877, 36.1540340998 ], [ -115.2887877, 36.154036799799997 ], [ -115.2887904, 36.154036799799997 ], [ -115.2887904, 36.1540394998 ], [ -115.288795799999988, 36.1540394998 ], [ -115.288795799999988, 36.154042199800003 ], [ -115.2887985, 36.154042199800003 ], [ -115.2887985, 36.154044899799999 ], [ -115.2888039, 36.154044899799999 ], [ -115.2888039, 36.154047599800002 ], [ -115.2888066, 36.154047599800002 ], [ -115.2888066, 36.154050299799998 ], [ -115.288812, 36.154050299799998 ], [ -115.288812, 36.154052999800001 ], [ -115.288814699999989, 36.154052999800001 ], [ -115.288814699999989, 36.154055699799997 ], [ -115.2888201, 36.154055699799997 ], [ -115.2888201, 36.1540583998 ], [ -115.2888228, 36.1540583998 ], [ -115.2888228, 36.154061099800003 ], [ -115.2888282, 36.154061099800003 ], [ -115.2888282, 36.154063799799999 ], [ -115.2888309, 36.154063799799999 ], [ -115.2888309, 36.154066499800003 ], [ -115.2888363, 36.154066499800003 ], [ -115.2888363, 36.154069199799999 ], [ -115.288839, 36.154069199799999 ], [ -115.288839, 36.154071899800002 ], [ -115.2888417, 36.154071899800002 ], [ -115.2888417, 36.154074599799998 ], [ -115.2888471, 36.154074599799998 ], [ -115.2888471, 36.154077299800001 ], [ -115.2888525, 36.154077299800001 ], [ -115.2888525, 36.154079999799997 ], [ -115.288863299999988, 36.154079999799997 ], [ -115.288863299999988, 36.1540826998 ], [ -115.288866, 36.1540826998 ], [ -115.288866, 36.154085399800003 ], [ -115.2888714, 36.154085399800003 ], [ -115.2888714, 36.154088099799999 ], [ -115.2888741, 36.154088099799999 ], [ -115.2888741, 36.154090799800002 ], [ -115.2888795, 36.154090799800002 ], [ -115.2888795, 36.154093499799998 ], [ -115.2888849, 36.154093499799998 ], [ -115.2888849, 36.154096199800001 ], [ -115.2888903, 36.154096199800001 ], [ -115.2888903, 36.154098899799997 ], [ -115.288893, 36.154098899799997 ], [ -115.288893, 36.154101599800001 ], [ -115.2888957, 36.154101599800001 ], [ -115.2888957, 36.154104299799997 ], [ -115.2889011, 36.154104299799997 ], [ -115.2889011, 36.1541069998 ], [ -115.2889038, 36.1541069998 ], [ -115.2889038, 36.154117799799998 ], [ -115.2889011, 36.154117799799998 ], [ -115.2889011, 36.154123199799997 ], [ -115.2888984, 36.154123199799997 ], [ -115.2888984, 36.1541258998 ], [ -115.2888957, 36.1541258998 ], [ -115.2888957, 36.154128599800003 ], [ -115.288893, 36.154128599800003 ], [ -115.288893, 36.1541312998 ], [ -115.2888903, 36.1541312998 ], [ -115.2888903, 36.154133999800003 ], [ -115.2888876, 36.154133999800003 ], [ -115.2888876, 36.154136699799999 ], [ -115.2888849, 36.154136699799999 ], [ -115.2888849, 36.154139399800002 ], [ -115.288882199999989, 36.154139399800002 ], [ -115.288882199999989, 36.154144799800001 ], [ -115.2888795, 36.154144799800001 ], [ -115.2888795, 36.154147499799997 ], [ -115.2888768, 36.154147499799997 ], [ -115.2888768, 36.154152899800003 ], [ -115.2888741, 36.154152899800003 ], [ -115.2888741, 36.154158299800002 ], [ -115.2888714, 36.154158299800002 ], [ -115.2888714, 36.154163699800002 ], [ -115.2888687, 36.154163699800002 ], [ -115.2888687, 36.154166399799998 ], [ -115.288866, 36.154166399799998 ], [ -115.288866, 36.154169099800001 ], [ -115.288863299999988, 36.154169099800001 ], [ -115.288863299999988, 36.154171799799997 ], [ -115.2888606, 36.154171799799997 ], [ -115.2888606, 36.154177199800003 ], [ -115.2888579, 36.154177199800003 ], [ -115.2888579, 36.1541933998 ], [ -115.2888552, 36.1541933998 ], [ -115.2888552, 36.1541987998 ], [ -115.2888525, 36.1541987998 ], [ -115.2888525, 36.154201499800003 ], [ -115.2888471, 36.154201499800003 ], [ -115.2888471, 36.154204199799999 ], [ -115.2888444, 36.154204199799999 ], [ -115.2888444, 36.154206899800002 ], [ -115.2888417, 36.154206899800002 ], [ -115.2888417, 36.154209599799998 ], [ -115.2888363, 36.154209599799998 ], [ -115.2888363, 36.154212299800001 ], [ -115.2888336, 36.154212299800001 ], [ -115.2888336, 36.154214999799997 ], [ -115.2888309, 36.154214999799997 ], [ -115.2888309, 36.154220399800003 ], [ -115.2888282, 36.154220399800003 ], [ -115.2888282, 36.154223099799999 ], [ -115.2888255, 36.154223099799999 ], [ -115.2888255, 36.154228499799999 ], [ -115.2888228, 36.154228499799999 ], [ -115.2888228, 36.154231199800002 ], [ -115.2888201, 36.154231199800002 ], [ -115.2888201, 36.154233899799998 ], [ -115.2888174, 36.154233899799998 ], [ -115.2888174, 36.154236599800001 ] ] ] } },
{ "type": "Feature", "properties": { "value": 255.0 }, "geometry": { "type": "Polygon", "coordinates": [ [ [ -115.2887067, 36.154009799800001 ], [ -115.2886905, 36.154009799800001 ], [ -115.2886905, 36.154007099799998 ], [ -115.2886878, 36.154007099799998 ], [ -115.2886878, 36.154004399800002 ], [ -115.2886851, 36.154004399800002 ], [ -115.2886851, 36.154001699799998 ], [ -115.2886824, 36.154001699799998 ], [ -115.2886824, 36.153993599800003 ], [ -115.2886851, 36.153993599800003 ], [ -115.2886851, 36.153988199799997 ], [ -115.2886878, 36.153988199799997 ], [ -115.2886878, 36.153985499800001 ], [ -115.2886905, 36.153985499800001 ], [ -115.2886905, 36.153982799799998 ], [ -115.2887067, 36.153982799799998 ], [ -115.2887067, 36.153985499800001 ], [ -115.2887148, 36.153985499800001 ], [ -115.2887148, 36.153988199799997 ], [ -115.2887175, 36.153988199799997 ], [ -115.2887175, 36.153996299799999 ], [ -115.2887148, 36.153996299799999 ], [ -115.2887148, 36.154001699799998 ], [ -115.2887121, 36.154001699799998 ], [ -115.2887121, 36.154004399800002 ], [ -115.2887094, 36.154004399800002 ], [ -115.2887094, 36.154007099799998 ], [ -115.2887067, 36.154007099799998 ], [ -115.2887067, 36.154009799800001 ] ] ] } },
{ "type": "Feature", "properties": { "value": 255.0 }, "geometry": { "type": "Polygon", "coordinates": [ [ [ -115.2883881, 36.154177199800003 ], [ -115.2883746, 36.154177199800003 ], [ -115.2883746, 36.1541744998 ], [ -115.2883665, 36.1541744998 ], [ -115.2883665, 36.154171799799997 ], [ -115.288361099999989, 36.154171799799997 ], [ -115.288361099999989, 36.154169099800001 ], [ -115.2883584, 36.154169099800001 ], [ -115.2883584, 36.154166399799998 ], [ -115.2883557, 36.154166399799998 ], [ -115.2883557, 36.154163699800002 ], [ -115.288353, 36.154163699800002 ], [ -115.288353, 36.154160999799998 ], [ -115.2883503, 36.154160999799998 ], [ -115.2883503, 36.154158299800002 ], [ -115.2883476, 36.154158299800002 ], [ -115.2883476, 36.154155599799999 ], [ -115.2883449, 36.154155599799999 ], [ -115.2883449, 36.154152899800003 ], [ -115.288342199999988, 36.154152899800003 ], [ -115.288342199999988, 36.1541501998 ], [ -115.2883395, 36.1541501998 ], [ -115.2883395, 36.154147499799997 ], [ -115.2883368, 36.154147499799997 ], [ -115.2883368, 36.154144799800001 ], [ -115.2883341, 36.154144799800001 ], [ -115.2883341, 36.154142099799998 ], [ -115.2883314, 36.154142099799998 ], [ -115.2883314, 36.154139399800002 ], [ -115.2883287, 36.154139399800002 ], [ -115.2883287, 36.154136699799999 ], [ -115.288326, 36.154136699799999 ], [ -115.288326, 36.154133999800003 ], [ -115.288323299999988, 36.154133999800003 ], [ -115.288323299999988, 36.1541312998 ], [ -115.2883206, 36.1541312998 ], [ -115.2883206, 36.154128599800003 ], [ -115.2883179, 36.154128599800003 ], [ -115.2883179, 36.1541258998 ], [ -115.2883152, 36.1541258998 ], [ -115.2883152, 36.154123199799997 ], [ -115.288312499999989, 36.154123199799997 ], [ -115.288312499999989, 36.154120499800001 ], [ -115.2883098, 36.154120499800001 ], [ -115.2883098, 36.154117799799998 ], [ -115.2883071, 36.154117799799998 ], [ -115.2883071, 36.154115099800002 ], [ -115.2883044, 36.154115099800002 ], [ -115.2883044, 36.154112399799999 ], [ -115.2883017, 36.154112399799999 ], [ -115.2883017, 36.154109699800003 ], [ -115.288299, 36.154109699800003 ], [ -115.288299, 36.154104299799997 ], [ -115.2882963, 36.154104299799997 ], [ -115.2882963, 36.154101599800001 ], [ -115.288293599999989, 36.154101599800001 ], [ -115.288293599999989, 36.154098899799997 ], [ -115.2882909, 36.154098899799997 ], [ -115.2882909, 36.154096199800001 ], [ -115.2882882, 36.154096199800001 ], [ -115.2882882, 36.154093499799998 ], [ -115.2882855, 36.154093499799998 ], [ -115.2882855, 36.154090799800002 ], [ -115.2882828, 36.154090799800002 ], [ -115.2882828, 36.154088099799999 ], [ -115.2882801, 36.154088099799999 ], [ -115.2882801, 36.154085399800003 ], [ -115.2882774, 36.154085399800003 ], [ -115.2882774, 36.1540826998 ], [ -115.288272, 36.1540826998 ], [ -115.288272, 36.154079999799997 ], [ -115.2882693, 36.154079999799997 ], [ -115.2882693, 36.154077299800001 ], [ -115.2882666, 36.154077299800001 ], [ -115.2882666, 36.154074599799998 ], [ -115.2882639, 36.154074599799998 ], [ -115.2882639, 36.154071899800002 ], [ -115.2882585, 36.154071899800002 ], [ -115.2882585, 36.154069199799999 ], [ -115.288255799999988, 36.154069199799999 ], [ -115.288255799999988, 36.154066499800003 ], [ -115.2882531, 36.154066499800003 ], [ -115.2882531, 36.154063799799999 ], [ -115.2882504, 36.154063799799999 ], [ -115.2882504, 36.154061099800003 ], [ -115.288245, 36.154061099800003 ], [ -115.288245, 36.1540583998 ], [ -115.2882423, 36.1540583998 ], [ -115.2882423, 36.154052999800001 ], [ -115.2882396, 36.154052999800001 ], [ -115.2882396, 36.154044899799999 ], [ -115.2882423, 36.154044899799999 ], [ -115.2882423, 36.154042199800003 ], [ -115.2882477, 36.154042199800003 ], [ -115.2882477, 36.1540394998 ], [ -115.288255799999988, 36.1540394998 ], [ -115.288255799999988, 36.154036799799997 ], [ -115.2882585, 36.154036799799997 ], [ -115.2882585, 36.1540340998 ], [ -115.2882639, 36.1540340998 ], [ -115.2882639, 36.154031399799997 ], [ -115.2882693, 36.154031399799997 ], [ -115.2882693, 36.154028699800001 ], [ -115.288272, 36.154028699800001 ], [ -115.288272, 36.154025999799998 ], [ -115.2882774, 36.154025999799998 ], [ -115.2882774, 36.154023299800002 ], [ -115.2882801, 36.154023299800002 ], [ -115.2882801, 36.154020599799999 ], [ -115.2882855, 36.154020599799999 ], [ -115.2882855, 36.154017899800003 ], [ -115.2882882, 36.154017899800003 ], [ -115.2882882, 36.1540151998 ], [ -115.2883098, 36.1540151998 ], [ -115.2883098, 36.154012499799997 ], [ -115.288323299999988, 36.154012499799997 ], [ -115.288323299999988, 36.154009799800001 ], [ -115.288326, 36.154009799800001 ], [ -115.288326, 36.154007099799998 ], [ -115.2883314, 36.154007099799998 ], [ -115.2883314, 36.154004399800002 ], [ -115.2883341, 36.154004399800002 ], [ -115.2883341, 36.154001699799998 ], [ -115.2883368, 36.154001699799998 ], [ -115.2883368, 36.153998999800002 ], [ -115.288342199999988, 36.153998999800002 ], [ -115.288342199999988, 36.153996299799999 ], [ -115.2883476, 36.153996299799999 ], [ -115.2883476, 36.153993599800003 ], [ -115.2883503, 36.153993599800003 ], [ -115.2883503, 36.1539908998 ], [ -115.2883557, 36.1539908998 ], [ -115.2883557, 36.153988199799997 ], [ -115.2883584, 36.153988199799997 ], [ -115.2883584, 36.153985499800001 ], [ -115.288361099999989, 36.153985499800001 ], [ -115.288361099999989, 36.153982799799998 ], [ -115.2883638, 36.153982799799998 ], [ -115.2883638, 36.153980099800002 ], [ -115.2883665, 36.153980099800002 ], [ -115.2883665, 36.153977399799999 ], [ -115.2883719, 36.153977399799999 ], [ -115.2883719, 36.1539719998 ], [ -115.2883773, 36.1539719998 ], [ -115.2883773, 36.153969299799996 ], [ -115.2883827, 36.153969299799996 ], [ -115.2883827, 36.1539665998 ], [ -115.288390799999988, 36.1539665998 ], [ -115.288390799999988, 36.153969299799996 ], [ -115.2883962, 36.153969299799996 ], [ -115.2883962, 36.1539719998 ], [ -115.2883989, 36.1539719998 ], [ -115.2883989, 36.153974699800003 ], [ -115.2884016, 36.153974699800003 ], [ -115.2884016, 36.153980099800002 ], [ -115.288407, 36.153980099800002 ], [ -115.288407, 36.153982799799998 ], [ -115.288409699999988, 36.153982799799998 ], [ -115.288409699999988, 36.153985499800001 ], [ -115.2884151, 36.153985499800001 ], [ -115.2884151, 36.153988199799997 ], [ -115.2884178, 36.153988199799997 ], [ -115.2884178, 36.1539908998 ], [ -115.2884232, 36.1539908998 ], [ -115.2884232, 36.153993599800003 ], [ -115.2884259, 36.153993599800003 ], [ -115.2884259, 36.153996299799999 ], [ -115.288428599999989, 36.153996299799999 ], [ -115.288428599999989, 36.153998999800002 ], [ -115.2884313, 36.153998999800002 ], [ -115.2884313, 36.154001699799998 ], [ -115.288434, 36.154001699799998 ], [ -115.288434, 36.154004399800002 ], [ -115.2884367, 36.154004399800002 ], [ -115.2884367, 36.154007099799998 ], [ -115.2884394, 36.154007099799998 ], [ -115.2884394, 36.154009799800001 ], [ -115.2884421, 36.154009799800001 ], [ -115.2884421, 36.154012499799997 ], [ -115.2884448, 36.154012499799997 ], [ -115.2884448, 36.154017899800003 ], [ -115.2884475, 36.154017899800003 ], [ -115.2884475, 36.154023299800002 ], [ -115.2884502, 36.154023299800002 ], [ -115.2884502, 36.154025999799998 ], [ -115.2884529, 36.154025999799998 ], [ -115.2884529, 36.154031399799997 ], [ -115.2884556, 36.154031399799997 ], [ -115.2884556, 36.154036799799997 ], [ -115.288458299999988, 36.154036799799997 ], [ -115.288458299999988, 36.1540394998 ], [ -115.288461, 36.1540394998 ], [ -115.288461, 36.154042199800003 ], [ -115.2884637, 36.154042199800003 ], [ -115.2884637, 36.154044899799999 ], [ -115.2884664, 36.154044899799999 ], [ -115.2884664, 36.154047599800002 ], [ -115.2884691, 36.154047599800002 ], [ -115.2884691, 36.154052999800001 ], [ -115.2884718, 36.154052999800001 ], [ -115.2884718, 36.154055699799997 ], [ -115.2884745, 36.154055699799997 ], [ -115.2884745, 36.1540583998 ], [ -115.2884799, 36.1540583998 ], [ -115.2884799, 36.154061099800003 ], [ -115.2884826, 36.154061099800003 ], [ -115.2884826, 36.154063799799999 ], [ -115.288488, 36.154063799799999 ], [ -115.288488, 36.154066499800003 ], [ -115.2884907, 36.154066499800003 ], [ -115.2884907, 36.154069199799999 ], [ -115.2884934, 36.154069199799999 ], [ -115.2884934, 36.154071899800002 ], [ -115.288496099999989, 36.154071899800002 ], [ -115.288496099999989, 36.154077299800001 ], [ -115.2884988, 36.154077299800001 ], [ -115.2884988, 36.154079999799997 ], [ -115.2885015, 36.154079999799997 ], [ -115.2885015, 36.154085399800003 ], [ -115.2885042, 36.154085399800003 ], [ -115.2885042, 36.154093499799998 ], [ -115.2885015, 36.154093499799998 ], [ -115.2885015, 36.154096199800001 ], [ -115.2884988, 36.154096199800001 ], [ -115.2884988, 36.154098899799997 ], [ -115.2884934, 36.154098899799997 ], [ -115.2884934, 36.154101599800001 ], [ -115.288488, 36.154101599800001 ], [ -115.288488, 36.154104299799997 ], [ -115.2884853, 36.154104299799997 ], [ -115.2884853, 36.1541069998 ], [ -115.2884826, 36.1541069998 ], [ -115.2884826, 36.154109699800003 ], [ -115.2884799, 36.154109699800003 ], [ -115.2884799, 36.154112399799999 ], [ -115.2884745, 36.154112399799999 ], [ -115.2884745, 36.154115099800002 ], [ -115.2884718, 36.154115099800002 ], [ -115.2884718, 36.154117799799998 ], [ -115.2884691, 36.154117799799998 ], [ -115.2884691, 36.154120499800001 ], [ -115.2884664, 36.154120499800001 ], [ -115.2884664, 36.154123199799997 ], [ -115.2884637, 36.154123199799997 ], [ -115.2884637, 36.1541258998 ], [ -115.288461, 36.1541258998 ], [ -115.288461, 36.154128599800003 ], [ -115.2884556, 36.154128599800003 ], [ -115.2884556, 36.1541312998 ], [ -115.2884502, 36.1541312998 ], [ -115.2884502, 36.154133999800003 ], [ -115.2884448, 36.154133999800003 ], [ -115.2884448, 36.154136699799999 ], [ -115.2884421, 36.154136699799999 ], [ -115.2884421, 36.154139399800002 ], [ -115.2884367, 36.154139399800002 ], [ -115.2884367, 36.154142099799998 ], [ -115.2884313, 36.154142099799998 ], [ -115.2884313, 36.154144799800001 ], [ -115.288428599999989, 36.154144799800001 ], [ -115.288428599999989, 36.154147499799997 ], [ -115.2884232, 36.154147499799997 ], [ -115.2884232, 36.1541501998 ], [ -115.2884205, 36.1541501998 ], [ -115.2884205, 36.154152899800003 ], [ -115.2884178, 36.154152899800003 ], [ -115.2884178, 36.154155599799999 ], [ -115.2884124, 36.154155599799999 ], [ -115.2884124, 36.154158299800002 ], [ -115.288409699999988, 36.154158299800002 ], [ -115.288409699999988, 36.154160999799998 ], [ -115.288407, 36.154160999799998 ], [ -115.288407, 36.154163699800002 ], [ -115.2884043, 36.154163699800002 ], [ -115.2884043, 36.154166399799998 ], [ -115.2884016, 36.154166399799998 ], [ -115.2884016, 36.154169099800001 ], [ -115.2883962, 36.154169099800001 ], [ -115.2883962, 36.154171799799997 ], [ -115.2883935, 36.154171799799997 ], [ -115.2883935, 36.1541744998 ], [ -115.2883881, 36.1541744998 ], [ -115.2883881, 36.154177199800003 ] ] ] } },
{ "type": "Feature", "properties": { "value": 255.0 }, "geometry": { "type": "Polygon", "coordinates": [ [ [ -115.2896355, 36.154066499800003 ], [ -115.2896274, 36.154066499800003 ], [ -115.2896274, 36.154063799799999 ], [ -115.289622, 36.154063799799999 ], [ -115.289622, 36.154061099800003 ], [ -115.2896166, 36.154061099800003 ], [ -115.2896166, 36.1540583998 ], [ -115.2896112, 36.1540583998 ], [ -115.2896112, 36.154055699799997 ], [ -115.2896085, 36.154055699799997 ], [ -115.2896085, 36.154052999800001 ], [ -115.2896031, 36.154052999800001 ], [ -115.2896031, 36.154050299799998 ], [ -115.2895977, 36.154050299799998 ], [ -115.2895977, 36.154047599800002 ], [ -115.2895923, 36.154047599800002 ], [ -115.2895923, 36.154044899799999 ], [ -115.2895869, 36.154044899799999 ], [ -115.2895869, 36.154042199800003 ], [ -115.2895842, 36.154042199800003 ], [ -115.2895842, 36.1540394998 ], [ -115.2895788, 36.1540394998 ], [ -115.2895788, 36.154036799799997 ], [ -115.2895761, 36.154036799799997 ], [ -115.2895761, 36.1540340998 ], [ -115.2895707, 36.1540340998 ], [ -115.2895707, 36.154031399799997 ], [ -115.289568, 36.154031399799997 ], [ -115.289568, 36.154028699800001 ], [ -115.2895626, 36.154028699800001 ], [ -115.2895626, 36.154025999799998 ], [ -115.2895599, 36.154025999799998 ], [ -115.2895599, 36.154023299800002 ], [ -115.2895572, 36.154023299800002 ], [ -115.2895572, 36.154020599799999 ], [ -115.2895518, 36.154020599799999 ], [ -115.2895518, 36.154017899800003 ], [ -115.2895464, 36.154017899800003 ], [ -115.2895464, 36.154012499799997 ], [ -115.2895437, 36.154012499799997 ], [ -115.2895437, 36.154007099799998 ], [ -115.289541, 36.154007099799998 ], [ -115.289541, 36.154001699799998 ], [ -115.2895383, 36.154001699799998 ], [ -115.2895383, 36.153993599800003 ], [ -115.289541, 36.153993599800003 ], [ -115.289541, 36.153988199799997 ], [ -115.2895464, 36.153988199799997 ], [ -115.2895464, 36.153985499800001 ], [ -115.2895491, 36.153985499800001 ], [ -115.2895491, 36.153982799799998 ], [ -115.2895572, 36.153982799799998 ], [ -115.2895572, 36.153980099800002 ], [ -115.2895599, 36.153980099800002 ], [ -115.2895599, 36.153977399799999 ], [ -115.2895626, 36.153977399799999 ], [ -115.2895626, 36.153974699800003 ], [ -115.2895653, 36.153974699800003 ], [ -115.2895653, 36.153969299799996 ], [ -115.2895626, 36.153969299799996 ], [ -115.2895626, 36.1539665998 ], [ -115.2895599, 36.1539665998 ], [ -115.2895599, 36.153961199800001 ], [ -115.2895572, 36.153961199800001 ], [ -115.2895572, 36.153958499799998 ], [ -115.2895545, 36.153958499799998 ], [ -115.2895545, 36.153955799800002 ], [ -115.2895518, 36.153955799800002 ], [ -115.2895518, 36.153953099799999 ], [ -115.2895491, 36.153953099799999 ], [ -115.2895491, 36.153950399800003 ], [ -115.2895437, 36.153950399800003 ], [ -115.2895437, 36.1539476998 ], [ -115.2895356, 36.1539476998 ], [ -115.2895356, 36.153944999799997 ], [ -115.2895302, 36.153944999799997 ], [ -115.2895302, 36.153934199799998 ], [ -115.2895329, 36.153934199799998 ], [ -115.2895329, 36.153931499800002 ], [ -115.2895356, 36.153931499800002 ], [ -115.2895356, 36.153928799799999 ], [ -115.2895383, 36.153928799799999 ], [ -115.2895383, 36.153926099800003 ], [ -115.289541, 36.153926099800003 ], [ -115.289541, 36.1539233998 ], [ -115.2895437, 36.1539233998 ], [ -115.2895437, 36.153920699799997 ], [ -115.2895464, 36.153920699799997 ], [ -115.2895464, 36.153917999800001 ], [ -115.2895491, 36.153917999800001 ], [ -115.2895491, 36.153915299799998 ], [ -115.2895518, 36.153915299799998 ], [ -115.2895518, 36.153912599800002 ], [ -115.2895545, 36.153912599800002 ], [ -115.2895545, 36.153909899799999 ], [ -115.2895572, 36.153909899799999 ], [ -115.2895572, 36.153907199800003 ], [ -115.2895626, 36.153907199800003 ], [ -115.2895626, 36.153904499799999 ], [ -115.2895653, 36.153904499799999 ], [ -115.2895653, 36.153901799799996 ], [ -115.289568, 36.153901799799996 ], [ -115.289568, 36.153896399799997 ], [ -115.2895707, 36.153896399799997 ], [ -115.2895707, 36.153893699800001 ], [ -115.2895734, 36.153893699800001 ], [ -115.2895734, 36.153890999799998 ], [ -115.2895761, 36.153890999799998 ], [ -115.2895761, 36.153888299800002 ], [ -115.2895815, 36.153888299800002 ], [ -115.2895815, 36.153885599799999 ], [ -115.2895842, 36.153885599799999 ], [ -115.2895842, 36.153882899800003 ], [ -115.2895896, 36.153882899800003 ], [ -115.2895896, 36.1538801998 ], [ -115.2895977, 36.1538801998 ], [ -115.2895977, 36.153882899800003 ], [ -115.2896301, 36.153882899800003 ], [ -115.2896301, 36.153885599799999 ], [ -115.2896328, 36.153885599799999 ], [ -115.2896328, 36.153888299800002 ], [ -115.2896355, 36.153888299800002 ], [ -115.2896355, 36.153890999799998 ], [ -115.2896382, 36.153890999799998 ], [ -115.2896382, 36.153893699800001 ], [ -115.2896409, 36.153893699800001 ], [ -115.2896409, 36.153896399799997 ], [ -115.2896436, 36.153896399799997 ], [ -115.2896436, 36.1538990998 ], [ -115.2896463, 36.1538990998 ], [ -115.2896463, 36.153901799799996 ], [ -115.289649, 36.153901799799996 ], [ -115.289649, 36.153904499799999 ], [ -115.2896517, 36.153904499799999 ], [ -115.2896517, 36.153907199800003 ], [ -115.2896544, 36.153907199800003 ], [ -115.2896544, 36.153909899799999 ], [ -115.2896598, 36.153909899799999 ], [ -115.2896598, 36.153912599800002 ], [ -115.2896625, 36.153912599800002 ], [ -115.2896625, 36.153915299799998 ], [ -115.2896652, 36.153915299799998 ], [ -115.2896652, 36.153917999800001 ], [ -115.2896706, 36.153917999800001 ], [ -115.2896706, 36.153920699799997 ], [ -115.2896733, 36.153920699799997 ], [ -115.2896733, 36.1539233998 ], [ -115.2896787, 36.1539233998 ], [ -115.2896787, 36.153926099800003 ], [ -115.2896841, 36.153926099800003 ], [ -115.2896841, 36.153928799799999 ], [ -115.2896868, 36.153928799799999 ], [ -115.2896868, 36.153931499800002 ], [ -115.2896895, 36.153931499800002 ], [ -115.2896895, 36.153934199799998 ], [ -115.2896922, 36.153934199799998 ], [ -115.2896922, 36.153936899800001 ], [ -115.2896976, 36.153936899800001 ], [ -115.2896976, 36.153939599799997 ], [ -115.289703, 36.153939599799997 ], [ -115.289703, 36.153942299800001 ], [ -115.2897084, 36.153942299800001 ], [ -115.2897084, 36.153944999799997 ], [ -115.2897111, 36.153944999799997 ], [ -115.2897111, 36.1539476998 ], [ -115.2897165, 36.1539476998 ], [ -115.2897165, 36.153950399800003 ], [ -115.2897192, 36.153950399800003 ], [ -115.2897192, 36.153953099799999 ], [ -115.2897273, 36.153953099799999 ], [ -115.2897273, 36.153955799800002 ], [ -115.28973, 36.153955799800002 ], [ -115.28973, 36.153958499799998 ], [ -115.2897354, 36.153958499799998 ], [ -115.2897354, 36.153961199800001 ], [ -115.2897381, 36.153961199800001 ], [ -115.2897381, 36.153963899799997 ], [ -115.2897408, 36.153963899799997 ], [ -115.2897408, 36.153969299799996 ], [ -115.2897435, 36.153969299799996 ], [ -115.2897435, 36.153974699800003 ], [ -115.2897408, 36.153974699800003 ], [ -115.2897408, 36.153977399799999 ], [ -115.2897381, 36.153977399799999 ], [ -115.2897381, 36.153980099800002 ], [ -115.28973, 36.153980099800002 ], [ -115.28973, 36.153982799799998 ], [ -115.2897273, 36.153982799799998 ], [ -115.2897273, 36.153985499800001 ], [ -115.2897219, 36.153985499800001 ], [ -115.2897219, 36.153988199799997 ], [ -115.2897192, 36.153988199799997 ], [ -115.2897192, 36.153993599800003 ], [ -115.2897165, 36.153993599800003 ], [ -115.2897165, 36.153996299799999 ], [ -115.2897138, 36.153996299799999 ], [ -115.2897138, 36.153998999800002 ], [ -115.2897111, 36.153998999800002 ], [ -115.2897111, 36.154001699799998 ], [ -115.2897084, 36.154001699799998 ], [ -115.2897084, 36.154004399800002 ], [ -115.2897057, 36.154004399800002 ], [ -115.2897057, 36.154009799800001 ], [ -115.289703, 36.154009799800001 ], [ -115.289703, 36.154012499799997 ], [ -115.2897003, 36.154012499799997 ], [ -115.2897003, 36.1540151998 ], [ -115.2896976, 36.1540151998 ], [ -115.2896976, 36.154017899800003 ], [ -115.2896922, 36.154017899800003 ], [ -115.2896922, 36.154020599799999 ], [ -115.289676, 36.154020599799999 ], [ -115.289676, 36.154023299800002 ], [ -115.2896733, 36.154023299800002 ], [ -115.2896733, 36.154025999799998 ], [ -115.2896706, 36.154025999799998 ], [ -115.2896706, 36.154028699800001 ], [ -115.2896652, 36.154028699800001 ], [ -115.2896652, 36.154031399799997 ], [ -115.2896625, 36.154031399799997 ], [ -115.2896625, 36.1540340998 ], [ -115.2896598, 36.1540340998 ], [ -115.2896598, 36.1540394998 ], [ -115.2896571, 36.1540394998 ], [ -115.2896571, 36.154044899799999 ], [ -115.2896544, 36.154044899799999 ], [ -115.2896544, 36.154047599800002 ], [ -115.2896517, 36.154047599800002 ], [ -115.2896517, 36.154050299799998 ], [ -115.289649, 36.154050299799998 ], [ -115.289649, 36.154052999800001 ], [ -115.2896463, 36.154052999800001 ], [ -115.2896463, 36.154055699799997 ], [ -115.2896436, 36.154055699799997 ], [ -115.2896436, 36.1540583998 ], [ -115.2896409, 36.1540583998 ], [ -115.2896409, 36.154063799799999 ], [ -115.2896355, 36.154063799799999 ], [ -115.2896355, 36.154066499800003 ] ] ] } },
{ "type": "Feature", "properties": { "value": 255.0 }, "geometry": { "type": "Polygon", "coordinates": [ [ [ -115.2889065, 36.154074599799998 ], [ -115.2888984, 36.154074599799998 ], [ -115.2888984, 36.154071899800002 ], [ -115.288893, 36.154071899800002 ], [ -115.288893, 36.154069199799999 ], [ -115.2888876, 36.154069199799999 ], [ -115.2888876, 36.154066499800003 ], [ -115.2888849, 36.154066499800003 ], [ -115.2888849, 36.154063799799999 ], [ -115.288882199999989, 36.154063799799999 ], [ -115.288882199999989, 36.154061099800003 ], [ -115.2888795, 36.154061099800003 ], [ -115.2888795, 36.1540583998 ], [ -115.2888768, 36.1540583998 ], [ -115.2888768, 36.154055699799997 ], [ -115.2888741, 36.154055699799997 ], [ -115.2888741, 36.154052999800001 ], [ -115.2888714, 36.154052999800001 ], [ -115.2888714, 36.154050299799998 ], [ -115.2888687, 36.154050299799998 ], [ -115.2888687, 36.154047599800002 ], [ -115.288866, 36.154047599800002 ], [ -115.288866, 36.154044899799999 ], [ -115.2888606, 36.154044899799999 ], [ -115.2888606, 36.154042199800003 ], [ -115.2888579, 36.154042199800003 ], [ -115.2888579, 36.1540394998 ], [ -115.2888552, 36.1540394998 ], [ -115.2888552, 36.154036799799997 ], [ -115.2888498, 36.154036799799997 ], [ -115.2888498, 36.1540340998 ], [ -115.2888471, 36.1540340998 ], [ -115.2888471, 36.154031399799997 ], [ -115.2888444, 36.154031399799997 ], [ -115.2888444, 36.154028699800001 ], [ -115.288839, 36.154028699800001 ], [ -115.288839, 36.154025999799998 ], [ -115.2888336, 36.154025999799998 ], [ -115.2888336, 36.154023299800002 ], [ -115.2888282, 36.154023299800002 ], [ -115.2888282, 36.154020599799999 ], [ -115.2888228, 36.154020599799999 ], [ -115.2888228, 36.154017899800003 ], [ -115.288814699999989, 36.154017899800003 ], [ -115.288814699999989, 36.1540151998 ], [ -115.2888093, 36.1540151998 ], [ -115.2888093, 36.154012499799997 ], [ -115.2888066, 36.154012499799997 ], [ -115.2888066, 36.154009799800001 ], [ -115.2888012, 36.154009799800001 ], [ -115.2888012, 36.154007099799998 ], [ -115.2887985, 36.154007099799998 ], [ -115.2887985, 36.154004399800002 ], [ -115.2887931, 36.154004399800002 ], [ -115.2887931, 36.154001699799998 ], [ -115.2887877, 36.154001699799998 ], [ -115.2887877, 36.153998999800002 ], [ -115.288785, 36.153998999800002 ], [ -115.288785, 36.153993599800003 ], [ -115.2887823, 36.153993599800003 ], [ -115.2887823, 36.1539908998 ], [ -115.2887796, 36.1539908998 ], [ -115.2887796, 36.153988199799997 ], [ -115.2887769, 36.153988199799997 ], [ -115.2887769, 36.153985499800001 ], [ -115.2887715, 36.153985499800001 ], [ -115.2887715, 36.153982799799998 ], [ -115.2887688, 36.153982799799998 ], [ -115.2887688, 36.153980099800002 ], [ -115.288766099999989, 36.153980099800002 ], [ -115.288766099999989, 36.1539719998 ], [ -115.2887688, 36.1539719998 ], [ -115.2887688, 36.153969299799996 ], [ -115.2887715, 36.153969299799996 ], [ -115.2887715, 36.153963899799997 ], [ -115.2887742, 36.153963899799997 ], [ -115.2887742, 36.153961199800001 ], [ -115.2887796, 36.153961199800001 ], [ -115.2887796, 36.153958499799998 ], [ -115.288785, 36.153958499799998 ], [ -115.288785, 36.153955799800002 ], [ -115.2887904, 36.153955799800002 ], [ -115.2887904, 36.153953099799999 ], [ -115.2888039, 36.153953099799999 ], [ -115.2888039, 36.153955799800002 ], [ -115.2888066, 36.153955799800002 ], [ -115.2888066, 36.153953099799999 ], [ -115.288814699999989, 36.153953099799999 ], [ -115.288814699999989, 36.153950399800003 ], [ -115.2888201, 36.153950399800003 ], [ -115.2888201, 36.1539476998 ], [ -115.2888228, 36.1539476998 ], [ -115.2888228, 36.153944999799997 ], [ -115.2888255, 36.153944999799997 ], [ -115.2888255, 36.153942299800001 ], [ -115.2888282, 36.153942299800001 ], [ -115.2888282, 36.153936899800001 ], [ -115.2888309, 36.153936899800001 ], [ -115.2888309, 36.153931499800002 ], [ -115.2888336, 36.153931499800002 ], [ -115.2888336, 36.153928799799999 ], [ -115.2888363, 36.153928799799999 ], [ -115.2888363, 36.153926099800003 ], [ -115.288839, 36.153926099800003 ], [ -115.288839, 36.1539233998 ], [ -115.2888417, 36.1539233998 ], [ -115.2888417, 36.153901799799996 ], [ -115.2888444, 36.153901799799996 ], [ -115.2888444, 36.153893699800001 ], [ -115.2888471, 36.153893699800001 ], [ -115.2888471, 36.153885599799999 ], [ -115.2888498, 36.153885599799999 ], [ -115.2888498, 36.153882899800003 ], [ -115.2888795, 36.153882899800003 ], [ -115.2888795, 36.1538801998 ], [ -115.2888849, 36.1538801998 ], [ -115.2888849, 36.153877499799997 ], [ -115.2889011, 36.153877499799997 ], [ -115.2889011, 36.1538801998 ], [ -115.2889065, 36.1538801998 ], [ -115.2889065, 36.153885599799999 ], [ -115.2889092, 36.153885599799999 ], [ -115.2889092, 36.153888299800002 ], [ -115.2889146, 36.153888299800002 ], [ -115.2889146, 36.153893699800001 ], [ -115.2889173, 36.153893699800001 ], [ -115.2889173, 36.153896399799997 ], [ -115.28892, 36.153896399799997 ], [ -115.28892, 36.1538990998 ], [ -115.2889227, 36.1538990998 ], [ -115.2889227, 36.153901799799996 ], [ -115.2889254, 36.153901799799996 ], [ -115.2889254, 36.153907199800003 ], [ -115.2889281, 36.153907199800003 ], [ -115.2889281, 36.153909899799999 ], [ -115.2889335, 36.153909899799999 ], [ -115.2889335, 36.153912599800002 ], [ -115.2889416, 36.153912599800002 ], [ -115.2889416, 36.153915299799998 ], [ -115.2889605, 36.153915299799998 ], [ -115.2889605, 36.153912599800002 ], [ -115.2889659, 36.153912599800002 ], [ -115.2889659, 36.153909899799999 ], [ -115.288974, 36.153909899799999 ], [ -115.288974, 36.153912599800002 ], [ -115.2889794, 36.153912599800002 ], [ -115.2889794, 36.153915299799998 ], [ -115.2889848, 36.153915299799998 ], [ -115.2889848, 36.153917999800001 ], [ -115.2889902, 36.153917999800001 ], [ -115.2889902, 36.153920699799997 ], [ -115.2889929, 36.153920699799997 ], [ -115.2889929, 36.1539233998 ], [ -115.2889956, 36.1539233998 ], [ -115.2889956, 36.153926099800003 ], [ -115.288998299999989, 36.153926099800003 ], [ -115.288998299999989, 36.153928799799999 ], [ -115.289001, 36.153928799799999 ], [ -115.289001, 36.153931499800002 ], [ -115.2890064, 36.153931499800002 ], [ -115.2890064, 36.153934199799998 ], [ -115.2890145, 36.153934199799998 ], [ -115.2890145, 36.153936899800001 ], [ -115.2890199, 36.153936899800001 ], [ -115.2890199, 36.153939599799997 ], [ -115.2890226, 36.153939599799997 ], [ -115.2890226, 36.153942299800001 ], [ -115.289028, 36.153942299800001 ], [ -115.289028, 36.153944999799997 ], [ -115.2890334, 36.153944999799997 ], [ -115.2890334, 36.1539476998 ], [ -115.2890361, 36.1539476998 ], [ -115.2890361, 36.153950399800003 ], [ -115.2890415, 36.153950399800003 ], [ -115.2890415, 36.153953099799999 ], [ -115.2890442, 36.153953099799999 ], [ -115.2890442, 36.153955799800002 ], [ -115.2890496, 36.153955799800002 ], [ -115.2890496, 36.153958499799998 ], [ -115.2890523, 36.153958499799998 ], [ -115.2890523, 36.153961199800001 ], [ -115.2890577, 36.153961199800001 ], [ -115.2890577, 36.153963899799997 ], [ -115.2890604, 36.153963899799997 ], [ -115.2890604, 36.1539665998 ], [ -115.2890631, 36.1539665998 ], [ -115.2890631, 36.153969299799996 ], [ -115.2890604, 36.153969299799996 ], [ -115.2890604, 36.153977399799999 ], [ -115.2890577, 36.153977399799999 ], [ -115.2890577, 36.153982799799998 ], [ -115.289055, 36.153982799799998 ], [ -115.289055, 36.153985499800001 ], [ -115.2890523, 36.153985499800001 ], [ -115.2890523, 36.153988199799997 ], [ -115.2890496, 36.153988199799997 ], [ -115.2890496, 36.1539908998 ], [ -115.2890469, 36.1539908998 ], [ -115.2890469, 36.153993599800003 ], [ -115.2890442, 36.153993599800003 ], [ -115.2890442, 36.153998999800002 ], [ -115.2890415, 36.153998999800002 ], [ -115.2890415, 36.154004399800002 ], [ -115.2890388, 36.154004399800002 ], [ -115.2890388, 36.154007099799998 ], [ -115.2890361, 36.154007099799998 ], [ -115.2890361, 36.154012499799997 ], [ -115.2890334, 36.154012499799997 ], [ -115.2890334, 36.154017899800003 ], [ -115.2890307, 36.154017899800003 ], [ -115.2890307, 36.154020599799999 ], [ -115.289028, 36.154020599799999 ], [ -115.289028, 36.154023299800002 ], [ -115.2890253, 36.154023299800002 ], [ -115.2890253, 36.154025999799998 ], [ -115.2890226, 36.154025999799998 ], [ -115.2890226, 36.154031399799997 ], [ -115.2890199, 36.154031399799997 ], [ -115.2890199, 36.1540340998 ], [ -115.2890064, 36.1540340998 ], [ -115.2890064, 36.154031399799997 ], [ -115.289001, 36.154031399799997 ], [ -115.289001, 36.154028699800001 ], [ -115.288998299999989, 36.154028699800001 ], [ -115.288998299999989, 36.154025999799998 ], [ -115.2889929, 36.154025999799998 ], [ -115.2889929, 36.154023299800002 ], [ -115.2889902, 36.154023299800002 ], [ -115.2889902, 36.154020599799999 ], [ -115.2889848, 36.154020599799999 ], [ -115.2889848, 36.154017899800003 ], [ -115.2889767, 36.154017899800003 ], [ -115.2889767, 36.1540151998 ], [ -115.288974, 36.1540151998 ], [ -115.288974, 36.154017899800003 ], [ -115.2889659, 36.154017899800003 ], [ -115.2889659, 36.154020599799999 ], [ -115.2889632, 36.154020599799999 ], [ -115.2889632, 36.154023299800002 ], [ -115.2889605, 36.154023299800002 ], [ -115.2889605, 36.154025999799998 ], [ -115.2889578, 36.154025999799998 ], [ -115.2889578, 36.154031399799997 ], [ -115.2889551, 36.154031399799997 ], [ -115.2889551, 36.1540340998 ], [ -115.2889524, 36.1540340998 ], [ -115.2889524, 36.154036799799997 ], [ -115.288949699999989, 36.154036799799997 ], [ -115.288949699999989, 36.1540394998 ], [ -115.2889443, 36.1540394998 ], [ -115.2889443, 36.154042199800003 ], [ -115.2889389, 36.154042199800003 ], [ -115.2889389, 36.154044899799999 ], [ -115.2889335, 36.154044899799999 ], [ -115.2889335, 36.154047599800002 ], [ -115.288930799999989, 36.154047599800002 ], [ -115.288930799999989, 36.154050299799998 ], [ -115.2889281, 36.154050299799998 ], [ -115.2889281, 36.154052999800001 ], [ -115.2889254, 36.154052999800001 ], [ -115.2889254, 36.154055699799997 ], [ -115.2889227, 36.154055699799997 ], [ -115.2889227, 36.1540583998 ], [ -115.28892, 36.1540583998 ], [ -115.28892, 36.154061099800003 ], [ -115.2889173, 36.154061099800003 ], [ -115.2889173, 36.154063799799999 ], [ -115.2889146, 36.154063799799999 ], [ -115.2889146, 36.154066499800003 ], [ -115.2889119, 36.154066499800003 ], [ -115.2889119, 36.154069199799999 ], [ -115.2889092, 36.154069199799999 ], [ -115.2889092, 36.154071899800002 ], [ -115.2889065, 36.154071899800002 ], [ -115.2889065, 36.154074599799998 ] ] ] } },
{ "type": "Feature", "properties": { "value": 255.0 }, "geometry": { "type": "Polygon", "coordinates": [ [ [ -115.288496099999989, 36.153926099800003 ], [ -115.2884826, 36.153926099800003 ], [ -115.2884826, 36.1539233998 ], [ -115.2884745, 36.1539233998 ], [ -115.2884745, 36.153920699799997 ], [ -115.2884691, 36.153920699799997 ], [ -115.2884691, 36.153917999800001 ], [ -115.2884637, 36.153917999800001 ], [ -115.2884637, 36.153912599800002 ], [ -115.288461, 36.153912599800002 ], [ -115.288461, 36.153904499799999 ], [ -115.288458299999988, 36.153904499799999 ], [ -115.288458299999988, 36.1538990998 ], [ -115.2884556, 36.1538990998 ], [ -115.2884556, 36.153888299800002 ], [ -115.2884529, 36.153888299800002 ], [ -115.2884529, 36.1538801998 ], [ -115.2884502, 36.1538801998 ], [ -115.2884502, 36.153877499799997 ], [ -115.2884448, 36.153877499799997 ], [ -115.2884448, 36.153872099799997 ], [ -115.2884421, 36.153872099799997 ], [ -115.2884421, 36.153874799800001 ], [ -115.2884394, 36.153874799800001 ], [ -115.2884394, 36.153877499799997 ], [ -115.2884367, 36.153877499799997 ], [ -115.2884367, 36.1538801998 ], [ -115.288428599999989, 36.1538801998 ], [ -115.288428599999989, 36.153882899800003 ], [ -115.2884151, 36.153882899800003 ], [ -115.2884151, 36.153885599799999 ], [ -115.2883881, 36.153885599799999 ], [ -115.2883881, 36.153882899800003 ], [ -115.2883827, 36.153882899800003 ], [ -115.2883827, 36.1538801998 ], [ -115.28838, 36.1538801998 ], [ -115.28838, 36.153874799800001 ], [ -115.2883773, 36.153874799800001 ], [ -115.2883773, 36.153861299799999 ], [ -115.2883746, 36.153861299799999 ], [ -115.2883746, 36.153818099799999 ], [ -115.2883719, 36.153818099799999 ], [ -115.2883719, 36.153799199799998 ], [ -115.2883746, 36.153799199799998 ], [ -115.2883746, 36.153796499800002 ], [ -115.28838, 36.153796499800002 ], [ -115.28838, 36.153793799799999 ], [ -115.2883854, 36.153793799799999 ], [ -115.2883854, 36.153791099800003 ], [ -115.2883962, 36.153791099800003 ], [ -115.2883962, 36.153793799799999 ], [ -115.288458299999988, 36.153793799799999 ], [ -115.288458299999988, 36.153791099800003 ], [ -115.2884664, 36.153791099800003 ], [ -115.2884664, 36.1537883998 ], [ -115.288477199999988, 36.1537883998 ], [ -115.288477199999988, 36.153785699799997 ], [ -115.2884988, 36.153785699799997 ], [ -115.2884988, 36.153782999800001 ], [ -115.2885177, 36.153782999800001 ], [ -115.2885177, 36.153780299799998 ], [ -115.2885285, 36.153780299799998 ], [ -115.2885285, 36.153777599800001 ], [ -115.2885555, 36.153777599800001 ], [ -115.2885555, 36.153774899799998 ], [ -115.2885663, 36.153774899799998 ], [ -115.2885663, 36.153772199800002 ], [ -115.2885906, 36.153772199800002 ], [ -115.2885906, 36.153774899799998 ], [ -115.288593299999988, 36.153774899799998 ], [ -115.288593299999988, 36.153780299799998 ], [ -115.288596, 36.153780299799998 ], [ -115.288596, 36.153791099800003 ], [ -115.2885987, 36.153791099800003 ], [ -115.2885987, 36.153793799799999 ], [ -115.2886041, 36.153793799799999 ], [ -115.2886041, 36.153796499800002 ], [ -115.2886176, 36.153796499800002 ], [ -115.2886176, 36.153799199799998 ], [ -115.2886203, 36.153799199799998 ], [ -115.2886203, 36.153801899800001 ], [ -115.288623, 36.153801899800001 ], [ -115.288623, 36.1538072998 ], [ -115.2886257, 36.1538072998 ], [ -115.2886257, 36.1538126998 ], [ -115.288623, 36.1538126998 ], [ -115.288623, 36.153815399800003 ], [ -115.2886203, 36.153815399800003 ], [ -115.2886203, 36.153818099799999 ], [ -115.2886095, 36.153818099799999 ], [ -115.2886095, 36.153820799800002 ], [ -115.2886068, 36.153820799800002 ], [ -115.2886068, 36.153823499799998 ], [ -115.2886041, 36.153823499799998 ], [ -115.2886041, 36.153826199800001 ], [ -115.2886014, 36.153826199800001 ], [ -115.2886014, 36.153828899799997 ], [ -115.288593299999988, 36.153828899799997 ], [ -115.288593299999988, 36.1538315998 ], [ -115.2885798, 36.1538315998 ], [ -115.2885798, 36.153834299799996 ], [ -115.2885744, 36.153834299799996 ], [ -115.2885744, 36.153836999799999 ], [ -115.2885717, 36.153836999799999 ], [ -115.2885717, 36.153853199799997 ], [ -115.2885744, 36.153853199799997 ], [ -115.2885744, 36.153858599800003 ], [ -115.2885771, 36.153858599800003 ], [ -115.2885771, 36.153863999800002 ], [ -115.2885798, 36.153863999800002 ], [ -115.2885798, 36.153874799800001 ], [ -115.2885852, 36.153874799800001 ], [ -115.2885852, 36.153872099799997 ], [ -115.2885879, 36.153872099799997 ], [ -115.2885879, 36.153896399799997 ], [ -115.2885906, 36.153896399799997 ], [ -115.2885906, 36.153901799799996 ], [ -115.2885879, 36.153901799799996 ], [ -115.2885879, 36.153907199800003 ], [ -115.2885825, 36.153907199800003 ], [ -115.2885825, 36.153909899799999 ], [ -115.2885717, 36.153909899799999 ], [ -115.2885717, 36.153912599800002 ], [ -115.2885609, 36.153912599800002 ], [ -115.2885609, 36.153915299799998 ], [ -115.2885501, 36.153915299799998 ], [ -115.2885501, 36.153917999800001 ], [ -115.2885366, 36.153917999800001 ], [ -115.2885366, 36.153920699799997 ], [ -115.2885204, 36.153920699799997 ], [ -115.2885204, 36.1539233998 ], [ -115.288496099999989, 36.1539233998 ], [ -115.288496099999989, 36.153926099800003 ] ] ] } },
{ "type": "Feature", "properties": { "value": 255.0 }, "geometry": { "type": "Polygon", "coordinates": [ [ [ -115.2898029, 36.153901799799996 ], [ -115.289784, 36.153901799799996 ], [ -115.289784, 36.1538990998 ], [ -115.2897786, 36.1538990998 ], [ -115.2897786, 36.153896399799997 ], [ -115.2897732, 36.153896399799997 ], [ -115.2897732, 36.153893699800001 ], [ -115.2897705, 36.153893699800001 ], [ -115.2897705, 36.153890999799998 ], [ -115.2897651, 36.153890999799998 ], [ -115.2897651, 36.153888299800002 ], [ -115.2897624, 36.153888299800002 ], [ -115.2897624, 36.153885599799999 ], [ -115.289757, 36.153885599799999 ], [ -115.289757, 36.153882899800003 ], [ -115.2897516, 36.153882899800003 ], [ -115.2897516, 36.1538801998 ], [ -115.2897462, 36.1538801998 ], [ -115.2897462, 36.153877499799997 ], [ -115.2897435, 36.153877499799997 ], [ -115.2897435, 36.153874799800001 ], [ -115.2897381, 36.153874799800001 ], [ -115.2897381, 36.153872099799997 ], [ -115.2897327, 36.153872099799997 ], [ -115.2897327, 36.153869399800001 ], [ -115.2897273, 36.153869399800001 ], [ -115.2897273, 36.153866699799998 ], [ -115.2897246, 36.153866699799998 ], [ -115.2897246, 36.153863999800002 ], [ -115.2897219, 36.153863999800002 ], [ -115.2897219, 36.153861299799999 ], [ -115.2897192, 36.153861299799999 ], [ -115.2897192, 36.153858599800003 ], [ -115.2897165, 36.153858599800003 ], [ -115.2897165, 36.153850499800001 ], [ -115.2897138, 36.153850499800001 ], [ -115.2897138, 36.153845099800002 ], [ -115.2897111, 36.153845099800002 ], [ -115.2897111, 36.153839699800002 ], [ -115.2897057, 36.153839699800002 ], [ -115.2897057, 36.153836999799999 ], [ -115.289703, 36.153836999799999 ], [ -115.289703, 36.153834299799996 ], [ -115.2897003, 36.153834299799996 ], [ -115.2897003, 36.1538315998 ], [ -115.2896976, 36.1538315998 ], [ -115.2896976, 36.153823499799998 ], [ -115.2897003, 36.153823499799998 ], [ -115.2897003, 36.153815399800003 ], [ -115.289703, 36.153815399800003 ], [ -115.289703, 36.1538072998 ], [ -115.2897057, 36.1538072998 ], [ -115.2897057, 36.153804599799997 ], [ -115.2897084, 36.153804599799997 ], [ -115.2897084, 36.153796499800002 ], [ -115.2897111, 36.153796499800002 ], [ -115.2897111, 36.153785699799997 ], [ -115.2897084, 36.153785699799997 ], [ -115.2897084, 36.153772199800002 ], [ -115.2897111, 36.153772199800002 ], [ -115.2897111, 36.153766799799996 ], [ -115.2897138, 36.153766799799996 ], [ -115.2897138, 36.1537640998 ], [ -115.2897165, 36.1537640998 ], [ -115.2897165, 36.153758699800001 ], [ -115.2897192, 36.153758699800001 ], [ -115.2897192, 36.153753299800002 ], [ -115.2897219, 36.153753299800002 ], [ -115.2897219, 36.153750599799999 ], [ -115.2897246, 36.153750599799999 ], [ -115.2897246, 36.153747899800003 ], [ -115.2897273, 36.153747899800003 ], [ -115.2897273, 36.153745199799999 ], [ -115.2897408, 36.153745199799999 ], [ -115.2897408, 36.153747899800003 ], [ -115.2897543, 36.153747899800003 ], [ -115.2897543, 36.153750599799999 ], [ -115.2897597, 36.153750599799999 ], [ -115.2897597, 36.153747899800003 ], [ -115.2897651, 36.153747899800003 ], [ -115.2897651, 36.153750599799999 ], [ -115.2897921, 36.153750599799999 ], [ -115.2897921, 36.153753299800002 ], [ -115.2897975, 36.153753299800002 ], [ -115.2897975, 36.153755999799998 ], [ -115.2898002, 36.153755999799998 ], [ -115.2898002, 36.153761399799997 ], [ -115.2898029, 36.153761399799997 ], [ -115.2898029, 36.1537640998 ], [ -115.2898056, 36.1537640998 ], [ -115.2898056, 36.153769499799999 ], [ -115.2898083, 36.153769499799999 ], [ -115.2898083, 36.153772199800002 ], [ -115.2898407, 36.153772199800002 ], [ -115.2898407, 36.153774899799998 ], [ -115.2898461, 36.153774899799998 ], [ -115.2898461, 36.153777599800001 ], [ -115.2898488, 36.153777599800001 ], [ -115.2898488, 36.153780299799998 ], [ -115.2898542, 36.153780299799998 ], [ -115.2898542, 36.153782999800001 ], [ -115.2898596, 36.153782999800001 ], [ -115.2898596, 36.153785699799997 ], [ -115.2898623, 36.153785699799997 ], [ -115.2898623, 36.1537883998 ], [ -115.2898704, 36.1537883998 ], [ -115.2898704, 36.153791099800003 ], [ -115.2898758, 36.153791099800003 ], [ -115.2898758, 36.153793799799999 ], [ -115.2898785, 36.153793799799999 ], [ -115.2898785, 36.153796499800002 ], [ -115.2898812, 36.153796499800002 ], [ -115.2898812, 36.153799199799998 ], [ -115.2898839, 36.153799199799998 ], [ -115.2898839, 36.153801899800001 ], [ -115.2898866, 36.153801899800001 ], [ -115.2898866, 36.153804599799997 ], [ -115.2898893, 36.153804599799997 ], [ -115.2898893, 36.1538072998 ], [ -115.289892, 36.1538072998 ], [ -115.289892, 36.153809999799996 ], [ -115.2898947, 36.153809999799996 ], [ -115.2898947, 36.1538126998 ], [ -115.2898974, 36.1538126998 ], [ -115.2898974, 36.153815399800003 ], [ -115.2899001, 36.153815399800003 ], [ -115.2899001, 36.153818099799999 ], [ -115.2899028, 36.153818099799999 ], [ -115.2899028, 36.153826199800001 ], [ -115.2899109, 36.153826199800001 ], [ -115.2899109, 36.153828899799997 ], [ -115.2899136, 36.153828899799997 ], [ -115.2899136, 36.153834299799996 ], [ -115.2899163, 36.153834299799996 ], [ -115.2899163, 36.153850499800001 ], [ -115.2899136, 36.153850499800001 ], [ -115.2899136, 36.1538558998 ], [ -115.2899109, 36.1538558998 ], [ -115.2899109, 36.153858599800003 ], [ -115.2899082, 36.153858599800003 ], [ -115.2899082, 36.153861299799999 ], [ -115.2899055, 36.153861299799999 ], [ -115.2899055, 36.153863999800002 ], [ -115.2899028, 36.153863999800002 ], [ -115.2899028, 36.153866699799998 ], [ -115.2899001, 36.153866699799998 ], [ -115.2899001, 36.153869399800001 ], [ -115.2898974, 36.153869399800001 ], [ -115.2898974, 36.153872099799997 ], [ -115.2898947, 36.153872099799997 ], [ -115.2898947, 36.153874799800001 ], [ -115.289892, 36.153874799800001 ], [ -115.289892, 36.153877499799997 ], [ -115.2898866, 36.153877499799997 ], [ -115.2898866, 36.1538801998 ], [ -115.289865, 36.1538801998 ], [ -115.289865, 36.153877499799997 ], [ -115.2898623, 36.153877499799997 ], [ -115.2898623, 36.1538801998 ], [ -115.2898569, 36.1538801998 ], [ -115.2898569, 36.153877499799997 ], [ -115.2898542, 36.153877499799997 ], [ -115.2898542, 36.1538801998 ], [ -115.2898515, 36.1538801998 ], [ -115.2898515, 36.153882899800003 ], [ -115.2898488, 36.153882899800003 ], [ -115.2898488, 36.153885599799999 ], [ -115.2898434, 36.153885599799999 ], [ -115.2898434, 36.153888299800002 ], [ -115.2898191, 36.153888299800002 ], [ -115.2898191, 36.153890999799998 ], [ -115.2898164, 36.153890999799998 ], [ -115.2898164, 36.153893699800001 ], [ -115.289811, 36.153893699800001 ], [ -115.289811, 36.153896399799997 ], [ -115.2898083, 36.153896399799997 ], [ -115.2898083, 36.1538990998 ], [ -115.2898029, 36.1538990998 ], [ -115.2898029, 36.153901799799996 ] ] ] } },
{ "type": "Feature", "properties": { "value": 255.0 }, "geometry": { "type": "Polygon", "coordinates": [ [ [ -115.2891036, 36.153936899800001 ], [ -115.2890955, 36.153936899800001 ], [ -115.2890955, 36.153934199799998 ], [ -115.2890793, 36.153934199799998 ], [ -115.2890793, 36.153931499800002 ], [ -115.2890739, 36.153931499800002 ], [ -115.2890739, 36.1539233998 ], [ -115.2890712, 36.1539233998 ], [ -115.2890712, 36.153920699799997 ], [ -115.289065799999989, 36.153920699799997 ], [ -115.289065799999989, 36.153917999800001 ], [ -115.2890631, 36.153917999800001 ], [ -115.2890631, 36.153915299799998 ], [ -115.2890577, 36.153915299799998 ], [ -115.2890577, 36.153912599800002 ], [ -115.289055, 36.153912599800002 ], [ -115.289055, 36.153909899799999 ], [ -115.2890523, 36.153909899799999 ], [ -115.2890523, 36.153907199800003 ], [ -115.2890496, 36.153907199800003 ], [ -115.2890496, 36.153904499799999 ], [ -115.2890469, 36.153904499799999 ], [ -115.2890469, 36.153901799799996 ], [ -115.2890442, 36.153901799799996 ], [ -115.2890442, 36.1538990998 ], [ -115.2890388, 36.1538990998 ], [ -115.2890388, 36.153896399799997 ], [ -115.2890361, 36.153896399799997 ], [ -115.2890361, 36.153893699800001 ], [ -115.2890334, 36.153893699800001 ], [ -115.2890334, 36.153890999799998 ], [ -115.289028, 36.153890999799998 ], [ -115.289028, 36.153888299800002 ], [ -115.2890226, 36.153888299800002 ], [ -115.2890226, 36.153885599799999 ], [ -115.289017199999989, 36.153885599799999 ], [ -115.289017199999989, 36.153882899800003 ], [ -115.2890118, 36.153882899800003 ], [ -115.2890118, 36.1538801998 ], [ -115.2890091, 36.1538801998 ], [ -115.2890091, 36.153877499799997 ], [ -115.2890064, 36.153877499799997 ], [ -115.2890064, 36.153874799800001 ], [ -115.289001, 36.153874799800001 ], [ -115.289001, 36.153872099799997 ], [ -115.2889956, 36.153872099799997 ], [ -115.2889956, 36.153869399800001 ], [ -115.2889902, 36.153869399800001 ], [ -115.2889902, 36.153866699799998 ], [ -115.2889848, 36.153866699799998 ], [ -115.2889848, 36.153863999800002 ], [ -115.2889767, 36.153863999800002 ], [ -115.2889767, 36.153861299799999 ], [ -115.2889713, 36.153861299799999 ], [ -115.2889713, 36.153858599800003 ], [ -115.2889686, 36.153858599800003 ], [ -115.2889686, 36.153853199799997 ], [ -115.2889659, 36.153853199799997 ], [ -115.2889659, 36.153847799799998 ], [ -115.2889632, 36.153847799799998 ], [ -115.2889632, 36.153842399799998 ], [ -115.2889605, 36.153842399799998 ], [ -115.2889605, 36.153839699800002 ], [ -115.2889578, 36.153839699800002 ], [ -115.2889578, 36.153836999799999 ], [ -115.2889551, 36.153836999799999 ], [ -115.2889551, 36.153834299799996 ], [ -115.2889524, 36.153834299799996 ], [ -115.2889524, 36.1538315998 ], [ -115.288949699999989, 36.1538315998 ], [ -115.288949699999989, 36.153828899799997 ], [ -115.288947, 36.153828899799997 ], [ -115.288947, 36.153809999799996 ], [ -115.288949699999989, 36.153809999799996 ], [ -115.288949699999989, 36.1538072998 ], [ -115.2889524, 36.1538072998 ], [ -115.2889524, 36.153801899800001 ], [ -115.2889551, 36.153801899800001 ], [ -115.2889551, 36.153799199799998 ], [ -115.2889578, 36.153799199799998 ], [ -115.2889578, 36.153796499800002 ], [ -115.2889605, 36.153796499800002 ], [ -115.2889605, 36.153793799799999 ], [ -115.2889659, 36.153793799799999 ], [ -115.2889659, 36.153791099800003 ], [ -115.2889686, 36.153791099800003 ], [ -115.2889686, 36.1537883998 ], [ -115.288974, 36.1537883998 ], [ -115.288974, 36.153785699799997 ], [ -115.2889767, 36.153785699799997 ], [ -115.2889767, 36.153782999800001 ], [ -115.2889956, 36.153782999800001 ], [ -115.2889956, 36.153785699799997 ], [ -115.288998299999989, 36.153785699799997 ], [ -115.288998299999989, 36.1537883998 ], [ -115.2890064, 36.1537883998 ], [ -115.2890064, 36.153791099800003 ], [ -115.2890199, 36.153791099800003 ], [ -115.2890199, 36.1537883998 ], [ -115.2890226, 36.1537883998 ], [ -115.2890226, 36.153785699799997 ], [ -115.289028, 36.153785699799997 ], [ -115.289028, 36.153782999800001 ], [ -115.2890307, 36.153782999800001 ], [ -115.2890307, 36.153780299799998 ], [ -115.2890334, 36.153780299799998 ], [ -115.2890334, 36.153774899799998 ], [ -115.2890361, 36.153774899799998 ], [ -115.2890361, 36.153772199800002 ], [ -115.2890388, 36.153772199800002 ], [ -115.2890388, 36.153766799799996 ], [ -115.2890442, 36.153766799799996 ], [ -115.2890442, 36.1537640998 ], [ -115.2890469, 36.1537640998 ], [ -115.2890469, 36.153761399799997 ], [ -115.2890523, 36.153761399799997 ], [ -115.2890523, 36.153758699800001 ], [ -115.2890577, 36.153758699800001 ], [ -115.2890577, 36.153755999799998 ], [ -115.2890604, 36.153755999799998 ], [ -115.2890604, 36.153753299800002 ], [ -115.2890631, 36.153753299800002 ], [ -115.2890631, 36.153750599799999 ], [ -115.289065799999989, 36.153750599799999 ], [ -115.289065799999989, 36.153747899800003 ], [ -115.2890685, 36.153747899800003 ], [ -115.2890685, 36.153745199799999 ], [ -115.2890766, 36.153745199799999 ], [ -115.2890766, 36.153747899800003 ], [ -115.289082, 36.153747899800003 ], [ -115.289082, 36.153750599799999 ], [ -115.289084699999989, 36.153750599799999 ], [ -115.289084699999989, 36.153753299800002 ], [ -115.2890901, 36.153753299800002 ], [ -115.2890901, 36.153755999799998 ], [ -115.2890955, 36.153755999799998 ], [ -115.2890955, 36.153758699800001 ], [ -115.2890982, 36.153758699800001 ], [ -115.2890982, 36.153761399799997 ], [ -115.2891036, 36.153761399799997 ], [ -115.2891036, 36.1537640998 ], [ -115.2891063, 36.1537640998 ], [ -115.2891063, 36.153766799799996 ], [ -115.2891117, 36.153766799799996 ], [ -115.2891117, 36.153769499799999 ], [ -115.2891171, 36.153769499799999 ], [ -115.2891171, 36.153772199800002 ], [ -115.2891225, 36.153772199800002 ], [ -115.2891225, 36.153774899799998 ], [ -115.2891252, 36.153774899799998 ], [ -115.2891252, 36.153777599800001 ], [ -115.2891306, 36.153777599800001 ], [ -115.2891306, 36.153780299799998 ], [ -115.289133299999989, 36.153780299799998 ], [ -115.289133299999989, 36.153782999800001 ], [ -115.289136, 36.153782999800001 ], [ -115.289136, 36.153785699799997 ], [ -115.2891414, 36.153785699799997 ], [ -115.2891414, 36.1537883998 ], [ -115.2891441, 36.1537883998 ], [ -115.2891441, 36.153791099800003 ], [ -115.2891468, 36.153791099800003 ], [ -115.2891468, 36.153793799799999 ], [ -115.2891495, 36.153793799799999 ], [ -115.2891495, 36.153796499800002 ], [ -115.2891522, 36.153796499800002 ], [ -115.2891522, 36.153804599799997 ], [ -115.2891495, 36.153804599799997 ], [ -115.2891495, 36.153809999799996 ], [ -115.2891468, 36.153809999799996 ], [ -115.2891468, 36.1538126998 ], [ -115.2891441, 36.1538126998 ], [ -115.2891441, 36.153815399800003 ], [ -115.2891414, 36.153815399800003 ], [ -115.2891414, 36.153818099799999 ], [ -115.2891387, 36.153818099799999 ], [ -115.2891387, 36.153820799800002 ], [ -115.289136, 36.153820799800002 ], [ -115.289136, 36.153823499799998 ], [ -115.2891306, 36.153823499799998 ], [ -115.2891306, 36.153826199800001 ], [ -115.2891279, 36.153826199800001 ], [ -115.2891279, 36.1538315998 ], [ -115.2891252, 36.1538315998 ], [ -115.2891252, 36.153834299799996 ], [ -115.2891225, 36.153834299799996 ], [ -115.2891225, 36.153836999799999 ], [ -115.2891198, 36.153836999799999 ], [ -115.2891198, 36.153839699800002 ], [ -115.2891171, 36.153839699800002 ], [ -115.2891171, 36.153845099800002 ], [ -115.2891144, 36.153845099800002 ], [ -115.2891144, 36.153853199799997 ], [ -115.2891171, 36.153853199799997 ], [ -115.2891171, 36.1538558998 ], [ -115.2891225, 36.1538558998 ], [ -115.2891225, 36.153858599800003 ], [ -115.2891306, 36.153858599800003 ], [ -115.2891306, 36.153861299799999 ], [ -115.289136, 36.153861299799999 ], [ -115.289136, 36.153863999800002 ], [ -115.2891414, 36.153863999800002 ], [ -115.2891414, 36.153866699799998 ], [ -115.2891441, 36.153866699799998 ], [ -115.2891441, 36.153869399800001 ], [ -115.2891468, 36.153869399800001 ], [ -115.2891468, 36.153872099799997 ], [ -115.2891495, 36.153872099799997 ], [ -115.2891495, 36.153874799800001 ], [ -115.2891522, 36.153874799800001 ], [ -115.2891522, 36.153877499799997 ], [ -115.2891549, 36.153877499799997 ], [ -115.2891549, 36.1538801998 ], [ -115.2891576, 36.1538801998 ], [ -115.2891576, 36.153885599799999 ], [ -115.2891549, 36.153885599799999 ], [ -115.2891549, 36.153888299800002 ], [ -115.2891522, 36.153888299800002 ], [ -115.2891522, 36.153890999799998 ], [ -115.2891495, 36.153890999799998 ], [ -115.2891495, 36.153893699800001 ], [ -115.2891441, 36.153893699800001 ], [ -115.2891441, 36.153896399799997 ], [ -115.2891414, 36.153896399799997 ], [ -115.2891414, 36.1538990998 ], [ -115.2891387, 36.1538990998 ], [ -115.2891387, 36.153901799799996 ], [ -115.289136, 36.153901799799996 ], [ -115.289136, 36.153904499799999 ], [ -115.289133299999989, 36.153904499799999 ], [ -115.289133299999989, 36.153909899799999 ], [ -115.2891306, 36.153909899799999 ], [ -115.2891306, 36.153912599800002 ], [ -115.2891279, 36.153912599800002 ], [ -115.2891279, 36.153917999800001 ], [ -115.2891252, 36.153917999800001 ], [ -115.2891252, 36.153920699799997 ], [ -115.2891225, 36.153920699799997 ], [ -115.2891225, 36.1539233998 ], [ -115.2891171, 36.1539233998 ], [ -115.2891171, 36.153926099800003 ], [ -115.2891144, 36.153926099800003 ], [ -115.2891144, 36.153928799799999 ], [ -115.2891117, 36.153928799799999 ], [ -115.2891117, 36.153931499800002 ], [ -115.289109, 36.153931499800002 ], [ -115.289109, 36.153934199799998 ], [ -115.2891036, 36.153934199799998 ], [ -115.2891036, 36.153936899800001 ] ] ] } },
{ "type": "Feature", "properties": { "value": 255.0 }, "geometry": { "type": "Polygon", "coordinates": [ [ [ -115.288758, 36.153761399799997 ], [ -115.2887445, 36.153761399799997 ], [ -115.2887445, 36.153758699800001 ], [ -115.2887391, 36.153758699800001 ], [ -115.2887391, 36.153755999799998 ], [ -115.2887364, 36.153755999799998 ], [ -115.2887364, 36.153753299800002 ], [ -115.2887337, 36.153753299800002 ], [ -115.2887337, 36.153750599799999 ], [ -115.288731, 36.153750599799999 ], [ -115.288731, 36.153747899800003 ], [ -115.288728299999988, 36.153747899800003 ], [ -115.288728299999988, 36.153745199799999 ], [ -115.2887256, 36.153745199799999 ], [ -115.2887256, 36.153742499799996 ], [ -115.2887229, 36.153742499799996 ], [ -115.2887229, 36.1537397998 ], [ -115.2887202, 36.1537397998 ], [ -115.2887202, 36.153737099799997 ], [ -115.2887175, 36.153737099799997 ], [ -115.2887175, 36.153734399800001 ], [ -115.2887148, 36.153734399800001 ], [ -115.2887148, 36.153731699799998 ], [ -115.2887121, 36.153731699799998 ], [ -115.2887121, 36.153726299799999 ], [ -115.2887067, 36.153726299799999 ], [ -115.2887067, 36.153723599800003 ], [ -115.288704, 36.153723599800003 ], [ -115.288704, 36.1537208998 ], [ -115.2887013, 36.1537208998 ], [ -115.2887013, 36.153718199799997 ], [ -115.288698599999989, 36.153718199799997 ], [ -115.288698599999989, 36.153715499800001 ], [ -115.2886959, 36.153715499800001 ], [ -115.2886959, 36.153712799799997 ], [ -115.2886905, 36.153712799799997 ], [ -115.2886905, 36.153710099800001 ], [ -115.2886878, 36.153710099800001 ], [ -115.2886878, 36.153707399799998 ], [ -115.2886851, 36.153707399799998 ], [ -115.2886851, 36.153704699800002 ], [ -115.2886824, 36.153704699800002 ], [ -115.2886824, 36.153701999799999 ], [ -115.288679699999989, 36.153701999799999 ], [ -115.288679699999989, 36.153699299799996 ], [ -115.288677, 36.153699299799996 ], [ -115.288677, 36.1536965998 ], [ -115.2886743, 36.1536965998 ], [ -115.2886743, 36.153693899799997 ], [ -115.2886716, 36.153693899799997 ], [ -115.2886716, 36.153691199800001 ], [ -115.2886689, 36.153691199800001 ], [ -115.2886689, 36.153688499799998 ], [ -115.2886662, 36.153688499799998 ], [ -115.2886662, 36.153685799800002 ], [ -115.2886635, 36.153685799800002 ], [ -115.2886635, 36.153683099799999 ], [ -115.288660799999988, 36.153683099799999 ], [ -115.288660799999988, 36.153680399800002 ], [ -115.2886581, 36.153680399800002 ], [ -115.2886581, 36.153677699799999 ], [ -115.2886554, 36.153677699799999 ], [ -115.2886554, 36.153674999799996 ], [ -115.2886527, 36.153674999799996 ], [ -115.2886527, 36.153661499800002 ], [ -115.2886554, 36.153661499800002 ], [ -115.2886554, 36.153658799799999 ], [ -115.2886581, 36.153658799799999 ], [ -115.2886581, 36.153656099800003 ], [ -115.288660799999988, 36.153656099800003 ], [ -115.288660799999988, 36.1536533998 ], [ -115.2886662, 36.1536533998 ], [ -115.2886662, 36.153650699799996 ], [ -115.2886716, 36.153650699799996 ], [ -115.2886716, 36.1536479998 ], [ -115.288677, 36.1536479998 ], [ -115.288677, 36.153645299799997 ], [ -115.2886824, 36.153645299799997 ], [ -115.2886824, 36.153642599800001 ], [ -115.2886851, 36.153642599800001 ], [ -115.2886851, 36.153639899799998 ], [ -115.2886878, 36.153639899799998 ], [ -115.2886878, 36.153637199800002 ], [ -115.2886905, 36.153637199800002 ], [ -115.2886905, 36.153634499799999 ], [ -115.288698599999989, 36.153634499799999 ], [ -115.288698599999989, 36.153631799799996 ], [ -115.2887013, 36.153631799799996 ], [ -115.2887013, 36.1536290998 ], [ -115.2887067, 36.1536290998 ], [ -115.2887067, 36.153626399799997 ], [ -115.2887094, 36.153626399799997 ], [ -115.2887094, 36.153623699800001 ], [ -115.2887121, 36.153623699800001 ], [ -115.2887121, 36.153620999799998 ], [ -115.2887148, 36.153620999799998 ], [ -115.2887148, 36.153618299800002 ], [ -115.2887175, 36.153618299800002 ], [ -115.2887175, 36.153615599799998 ], [ -115.2887202, 36.153615599799998 ], [ -115.2887202, 36.153612899800002 ], [ -115.2887229, 36.153612899800002 ], [ -115.2887229, 36.153610199799999 ], [ -115.288728299999988, 36.153610199799999 ], [ -115.288728299999988, 36.153607499799996 ], [ -115.288731, 36.153607499799996 ], [ -115.288731, 36.153602099799997 ], [ -115.2887337, 36.153602099799997 ], [ -115.2887337, 36.153599399800001 ], [ -115.2887364, 36.153599399800001 ], [ -115.2887364, 36.153593999800002 ], [ -115.2887337, 36.153593999800002 ], [ -115.2887337, 36.1535804998 ], [ -115.2887364, 36.1535804998 ], [ -115.2887364, 36.153572399799998 ], [ -115.2887391, 36.153572399799998 ], [ -115.2887391, 36.153569699800002 ], [ -115.2887418, 36.153569699800002 ], [ -115.2887418, 36.153566999799999 ], [ -115.288747199999989, 36.153566999799999 ], [ -115.288747199999989, 36.153564299799996 ], [ -115.2887499, 36.153564299799996 ], [ -115.2887499, 36.1535615998 ], [ -115.2887526, 36.1535615998 ], [ -115.2887526, 36.153558899799997 ], [ -115.288758, 36.153558899799997 ], [ -115.288758, 36.153556199800001 ], [ -115.2887607, 36.153556199800001 ], [ -115.2887607, 36.153553499799997 ], [ -115.288766099999989, 36.153553499799997 ], [ -115.288766099999989, 36.153550799800001 ], [ -115.2887688, 36.153550799800001 ], [ -115.2887688, 36.153548099799998 ], [ -115.2887715, 36.153548099799998 ], [ -115.2887715, 36.153545399800002 ], [ -115.2887742, 36.153545399800002 ], [ -115.2887742, 36.153542699799999 ], [ -115.2887796, 36.153542699799999 ], [ -115.2887796, 36.153539999799996 ], [ -115.2887904, 36.153539999799996 ], [ -115.2887904, 36.153542699799999 ], [ -115.2887931, 36.153542699799999 ], [ -115.2887931, 36.153545399800002 ], [ -115.288795799999988, 36.153545399800002 ], [ -115.288795799999988, 36.153548099799998 ], [ -115.2888012, 36.153548099799998 ], [ -115.2888012, 36.153550799800001 ], [ -115.2888039, 36.153550799800001 ], [ -115.2888039, 36.153553499799997 ], [ -115.2888093, 36.153553499799997 ], [ -115.2888093, 36.153556199800001 ], [ -115.288812, 36.153556199800001 ], [ -115.288812, 36.153558899799997 ], [ -115.288814699999989, 36.153558899799997 ], [ -115.288814699999989, 36.1535615998 ], [ -115.2888174, 36.1535615998 ], [ -115.2888174, 36.153564299799996 ], [ -115.2888201, 36.153564299799996 ], [ -115.2888201, 36.153566999799999 ], [ -115.2888228, 36.153566999799999 ], [ -115.2888228, 36.153569699800002 ], [ -115.2888255, 36.153569699800002 ], [ -115.2888255, 36.153572399799998 ], [ -115.2888282, 36.153572399799998 ], [ -115.2888282, 36.153575099800001 ], [ -115.2888309, 36.153575099800001 ], [ -115.2888309, 36.153577799799997 ], [ -115.2888336, 36.153577799799997 ], [ -115.2888336, 36.1535804998 ], [ -115.2888363, 36.1535804998 ], [ -115.2888363, 36.153583199799996 ], [ -115.288839, 36.153583199799996 ], [ -115.288839, 36.153585899799999 ], [ -115.2888417, 36.153585899799999 ], [ -115.2888417, 36.153588599800003 ], [ -115.2888444, 36.153588599800003 ], [ -115.2888444, 36.153591299799999 ], [ -115.2888471, 36.153591299799999 ], [ -115.2888471, 36.153593999800002 ], [ -115.2888498, 36.153593999800002 ], [ -115.2888498, 36.153596699799998 ], [ -115.2888525, 36.153596699799998 ], [ -115.2888525, 36.153599399800001 ], [ -115.2888552, 36.153599399800001 ], [ -115.2888552, 36.1536047998 ], [ -115.2888606, 36.1536047998 ], [ -115.2888606, 36.153607499799996 ], [ -115.288863299999988, 36.153607499799996 ], [ -115.288863299999988, 36.153612899800002 ], [ -115.288866, 36.153612899800002 ], [ -115.288866, 36.153615599799998 ], [ -115.2888687, 36.153615599799998 ], [ -115.2888687, 36.153620999799998 ], [ -115.288866, 36.153620999799998 ], [ -115.288866, 36.153623699800001 ], [ -115.288863299999988, 36.153623699800001 ], [ -115.288863299999988, 36.153626399799997 ], [ -115.2888606, 36.153626399799997 ], [ -115.2888606, 36.1536290998 ], [ -115.2888579, 36.1536290998 ], [ -115.2888579, 36.153631799799996 ], [ -115.2888525, 36.153631799799996 ], [ -115.2888525, 36.153634499799999 ], [ -115.2888498, 36.153634499799999 ], [ -115.2888498, 36.153637199800002 ], [ -115.2888471, 36.153637199800002 ], [ -115.2888471, 36.153639899799998 ], [ -115.2888417, 36.153639899799998 ], [ -115.2888417, 36.153645299799997 ], [ -115.288839, 36.153645299799997 ], [ -115.288839, 36.1536479998 ], [ -115.2888363, 36.1536479998 ], [ -115.2888363, 36.153661499800002 ], [ -115.288839, 36.153661499800002 ], [ -115.288839, 36.153666899800001 ], [ -115.2888417, 36.153666899800001 ], [ -115.2888417, 36.153669599799997 ], [ -115.2888444, 36.153669599799997 ], [ -115.2888444, 36.1536722998 ], [ -115.2888471, 36.1536722998 ], [ -115.2888471, 36.153674999799996 ], [ -115.2888498, 36.153674999799996 ], [ -115.2888498, 36.153677699799999 ], [ -115.2888525, 36.153677699799999 ], [ -115.2888525, 36.153683099799999 ], [ -115.2888552, 36.153683099799999 ], [ -115.2888552, 36.153685799800002 ], [ -115.2888579, 36.153685799800002 ], [ -115.2888579, 36.153691199800001 ], [ -115.2888606, 36.153691199800001 ], [ -115.2888606, 36.153699299799996 ], [ -115.2888579, 36.153699299799996 ], [ -115.2888579, 36.153701999799999 ], [ -115.2888525, 36.153701999799999 ], [ -115.2888525, 36.153704699800002 ], [ -115.2888471, 36.153704699800002 ], [ -115.2888471, 36.153707399799998 ], [ -115.2888417, 36.153707399799998 ], [ -115.2888417, 36.153710099800001 ], [ -115.288839, 36.153710099800001 ], [ -115.288839, 36.153712799799997 ], [ -115.2888336, 36.153712799799997 ], [ -115.2888336, 36.153715499800001 ], [ -115.2888282, 36.153715499800001 ], [ -115.2888282, 36.153718199799997 ], [ -115.2888228, 36.153718199799997 ], [ -115.2888228, 36.1537208998 ], [ -115.2888201, 36.1537208998 ], [ -115.2888201, 36.153723599800003 ], [ -115.288814699999989, 36.153723599800003 ], [ -115.288814699999989, 36.153726299799999 ], [ -115.288812, 36.153726299799999 ], [ -115.288812, 36.153728999800002 ], [ -115.2888093, 36.153728999800002 ], [ -115.2888093, 36.153731699799998 ], [ -115.2888066, 36.153731699799998 ], [ -115.2888066, 36.153734399800001 ], [ -115.2888012, 36.153734399800001 ], [ -115.2888012, 36.153737099799997 ], [ -115.2887985, 36.153737099799997 ], [ -115.2887985, 36.1537397998 ], [ -115.2887931, 36.1537397998 ], [ -115.2887931, 36.153742499799996 ], [ -115.2887904, 36.153742499799996 ], [ -115.2887904, 36.153745199799999 ], [ -115.288785, 36.153745199799999 ], [ -115.288785, 36.153747899800003 ], [ -115.2887796, 36.153747899800003 ], [ -115.2887796, 36.153750599799999 ], [ -115.2887715, 36.153750599799999 ], [ -115.2887715, 36.153753299800002 ], [ -115.288766099999989, 36.153753299800002 ], [ -115.288766099999989, 36.153755999799998 ], [ -115.2887634, 36.153755999799998 ], [ -115.2887634, 36.153758699800001 ], [ -115.288758, 36.153758699800001 ], [ -115.288758, 36.153761399799997 ] ] ] } },
{ "type": "Feature", "properties": { "value": 255.0 }, "geometry": { "type": "Polygon", "coordinates": [ [ [ -115.2883368, 36.153742499799996 ], [ -115.288326, 36.153742499799996 ], [ -115.288326, 36.1537397998 ], [ -115.2883206, 36.1537397998 ], [ -115.2883206, 36.153737099799997 ], [ -115.2883152, 36.153737099799997 ], [ -115.2883152, 36.153734399800001 ], [ -115.2883071, 36.153734399800001 ], [ -115.2883071, 36.153731699799998 ], [ -115.2883017, 36.153731699799998 ], [ -115.2883017, 36.153728999800002 ], [ -115.288293599999989, 36.153728999800002 ], [ -115.288293599999989, 36.153726299799999 ], [ -115.2882882, 36.153726299799999 ], [ -115.2882882, 36.153723599800003 ], [ -115.2882828, 36.153723599800003 ], [ -115.2882828, 36.1537208998 ], [ -115.2882774, 36.1537208998 ], [ -115.2882774, 36.153718199799997 ], [ -115.288272, 36.153718199799997 ], [ -115.288272, 36.153715499800001 ], [ -115.2882693, 36.153715499800001 ], [ -115.2882693, 36.153712799799997 ], [ -115.2882639, 36.153712799799997 ], [ -115.2882639, 36.153710099800001 ], [ -115.2882585, 36.153710099800001 ], [ -115.2882585, 36.153707399799998 ], [ -115.2882531, 36.153707399799998 ], [ -115.2882531, 36.153704699800002 ], [ -115.2882477, 36.153704699800002 ], [ -115.2882477, 36.153701999799999 ], [ -115.2882423, 36.153701999799999 ], [ -115.2882423, 36.153699299799996 ], [ -115.2882396, 36.153699299799996 ], [ -115.2882396, 36.1536965998 ], [ -115.2882315, 36.1536965998 ], [ -115.2882315, 36.153693899799997 ], [ -115.2882288, 36.153693899799997 ], [ -115.2882288, 36.153691199800001 ], [ -115.288226099999989, 36.153691199800001 ], [ -115.288226099999989, 36.153688499799998 ], [ -115.2882234, 36.153688499799998 ], [ -115.2882234, 36.153677699799999 ], [ -115.288226099999989, 36.153677699799999 ], [ -115.288226099999989, 36.1536722998 ], [ -115.2882288, 36.1536722998 ], [ -115.2882288, 36.153666899800001 ], [ -115.2882315, 36.153666899800001 ], [ -115.2882315, 36.153664199799998 ], [ -115.2882342, 36.153664199799998 ], [ -115.2882342, 36.153658799799999 ], [ -115.2882315, 36.153658799799999 ], [ -115.2882315, 36.1536290998 ], [ -115.2882342, 36.1536290998 ], [ -115.2882342, 36.153620999799998 ], [ -115.2882369, 36.153620999799998 ], [ -115.2882369, 36.153612899800002 ], [ -115.2882396, 36.153612899800002 ], [ -115.2882396, 36.1535804998 ], [ -115.2882369, 36.1535804998 ], [ -115.2882369, 36.153572399799998 ], [ -115.2882396, 36.153572399799998 ], [ -115.2882396, 36.153566999799999 ], [ -115.2882423, 36.153566999799999 ], [ -115.2882423, 36.153556199800001 ], [ -115.288245, 36.153556199800001 ], [ -115.288245, 36.153548099799998 ], [ -115.2882477, 36.153548099799998 ], [ -115.2882477, 36.153542699799999 ], [ -115.2882504, 36.153542699799999 ], [ -115.2882504, 36.153539999799996 ], [ -115.2882531, 36.153539999799996 ], [ -115.2882531, 36.153534599799997 ], [ -115.2882585, 36.153534599799997 ], [ -115.2882585, 36.153531899800001 ], [ -115.2882639, 36.153531899800001 ], [ -115.2882639, 36.153529199799998 ], [ -115.2882774, 36.153529199799998 ], [ -115.2882774, 36.153531899800001 ], [ -115.2882828, 36.153531899800001 ], [ -115.2882828, 36.153534599799997 ], [ -115.2882882, 36.153534599799997 ], [ -115.2882882, 36.1535372998 ], [ -115.2882963, 36.1535372998 ], [ -115.2882963, 36.153539999799996 ], [ -115.2883071, 36.153539999799996 ], [ -115.2883071, 36.1535372998 ], [ -115.2883152, 36.1535372998 ], [ -115.2883152, 36.153534599799997 ], [ -115.2883206, 36.153534599799997 ], [ -115.2883206, 36.153531899800001 ], [ -115.288326, 36.153531899800001 ], [ -115.288326, 36.153529199799998 ], [ -115.2883341, 36.153529199799998 ], [ -115.2883341, 36.153531899800001 ], [ -115.2883395, 36.153531899800001 ], [ -115.2883395, 36.153534599799997 ], [ -115.288342199999988, 36.153534599799997 ], [ -115.288342199999988, 36.1535372998 ], [ -115.2883476, 36.1535372998 ], [ -115.2883476, 36.153539999799996 ], [ -115.288353, 36.153539999799996 ], [ -115.288353, 36.153542699799999 ], [ -115.2883746, 36.153542699799999 ], [ -115.2883746, 36.153545399800002 ], [ -115.2883827, 36.153545399800002 ], [ -115.2883827, 36.153548099799998 ], [ -115.2883854, 36.153548099799998 ], [ -115.2883854, 36.153550799800001 ], [ -115.288390799999988, 36.153550799800001 ], [ -115.288390799999988, 36.153553499799997 ], [ -115.2883989, 36.153553499799997 ], [ -115.2883989, 36.153556199800001 ], [ -115.2884016, 36.153556199800001 ], [ -115.2884016, 36.153558899799997 ], [ -115.288407, 36.153558899799997 ], [ -115.288407, 36.1535615998 ], [ -115.2884124, 36.1535615998 ], [ -115.2884124, 36.153564299799996 ], [ -115.2884178, 36.153564299799996 ], [ -115.2884178, 36.153566999799999 ], [ -115.2884232, 36.153566999799999 ], [ -115.2884232, 36.153569699800002 ], [ -115.288428599999989, 36.153569699800002 ], [ -115.288428599999989, 36.153572399799998 ], [ -115.288434, 36.153572399799998 ], [ -115.288434, 36.153575099800001 ], [ -115.2884367, 36.153575099800001 ], [ -115.2884367, 36.153577799799997 ], [ -115.2884394, 36.153577799799997 ], [ -115.2884394, 36.153583199799996 ], [ -115.2884421, 36.153583199799996 ], [ -115.2884421, 36.153588599800003 ], [ -115.2884367, 36.153588599800003 ], [ -115.2884367, 36.153593999800002 ], [ -115.288434, 36.153593999800002 ], [ -115.288434, 36.153596699799998 ], [ -115.2884313, 36.153596699799998 ], [ -115.2884313, 36.153599399800001 ], [ -115.288428599999989, 36.153599399800001 ], [ -115.288428599999989, 36.153602099799997 ], [ -115.2884259, 36.153602099799997 ], [ -115.2884259, 36.1536047998 ], [ -115.2884232, 36.1536047998 ], [ -115.2884232, 36.153610199799999 ], [ -115.2884205, 36.153610199799999 ], [ -115.2884205, 36.153612899800002 ], [ -115.2884178, 36.153612899800002 ], [ -115.2884178, 36.153618299800002 ], [ -115.2884151, 36.153618299800002 ], [ -115.2884151, 36.153623699800001 ], [ -115.2884124, 36.153623699800001 ], [ -115.2884124, 36.153626399799997 ], [ -115.288409699999988, 36.153626399799997 ], [ -115.288409699999988, 36.1536290998 ], [ -115.288407, 36.1536290998 ], [ -115.288407, 36.153631799799996 ], [ -115.2884043, 36.153631799799996 ], [ -115.2884043, 36.153634499799999 ], [ -115.2884016, 36.153634499799999 ], [ -115.2884016, 36.153637199800002 ], [ -115.2883962, 36.153637199800002 ], [ -115.2883962, 36.153645299799997 ], [ -115.2883935, 36.153645299799997 ], [ -115.2883935, 36.153650699799996 ], [ -115.288390799999988, 36.153650699799996 ], [ -115.288390799999988, 36.1536533998 ], [ -115.2883881, 36.1536533998 ], [ -115.2883881, 36.153658799799999 ], [ -115.2883854, 36.153658799799999 ], [ -115.2883854, 36.153661499800002 ], [ -115.2883827, 36.153661499800002 ], [ -115.2883827, 36.153666899800001 ], [ -115.28838, 36.153666899800001 ], [ -115.28838, 36.153669599799997 ], [ -115.2883773, 36.153669599799997 ], [ -115.2883773, 36.153674999799996 ], [ -115.2883746, 36.153674999799996 ], [ -115.2883746, 36.153680399800002 ], [ -115.2883719, 36.153680399800002 ], [ -115.2883719, 36.153683099799999 ], [ -115.2883692, 36.153683099799999 ], [ -115.2883692, 36.153685799800002 ], [ -115.2883665, 36.153685799800002 ], [ -115.2883665, 36.153688499799998 ], [ -115.2883638, 36.153688499799998 ], [ -115.2883638, 36.153691199800001 ], [ -115.288361099999989, 36.153691199800001 ], [ -115.288361099999989, 36.1536965998 ], [ -115.2883584, 36.1536965998 ], [ -115.2883584, 36.153704699800002 ], [ -115.2883557, 36.153704699800002 ], [ -115.2883557, 36.153710099800001 ], [ -115.288353, 36.153710099800001 ], [ -115.288353, 36.153718199799997 ], [ -115.2883503, 36.153718199799997 ], [ -115.2883503, 36.153726299799999 ], [ -115.2883476, 36.153726299799999 ], [ -115.2883476, 36.153728999800002 ], [ -115.2883449, 36.153728999800002 ], [ -115.2883449, 36.153731699799998 ], [ -115.288342199999988, 36.153731699799998 ], [ -115.288342199999988, 36.153734399800001 ], [ -115.2883395, 36.153734399800001 ], [ -115.2883395, 36.1537397998 ], [ -115.2883368, 36.1537397998 ], [ -115.2883368, 36.153742499799996 ] ] ] } },
{ "type": "Feature", "properties": { "value": 255.0 }, "geometry": { "type": "Polygon", "coordinates": [ [ [ -115.2899676, 36.153685799800002 ], [ -115.2899649, 36.153685799800002 ], [ -115.2899649, 36.153683099799999 ], [ -115.2899595, 36.153683099799999 ], [ -115.2899595, 36.153680399800002 ], [ -115.2899568, 36.153680399800002 ], [ -115.2899568, 36.153677699799999 ], [ -115.2899514, 36.153677699799999 ], [ -115.2899514, 36.153674999799996 ], [ -115.289946, 36.153674999799996 ], [ -115.289946, 36.1536722998 ], [ -115.2899406, 36.1536722998 ], [ -115.2899406, 36.153669599799997 ], [ -115.2899352, 36.153669599799997 ], [ -115.2899352, 36.153666899800001 ], [ -115.2899325, 36.153666899800001 ], [ -115.2899325, 36.153664199799998 ], [ -115.2899271, 36.153664199799998 ], [ -115.2899271, 36.153661499800002 ], [ -115.2899244, 36.153661499800002 ], [ -115.2899244, 36.153658799799999 ], [ -115.289919, 36.153658799799999 ], [ -115.289919, 36.153656099800003 ], [ -115.2899163, 36.153656099800003 ], [ -115.2899163, 36.1536533998 ], [ -115.2899136, 36.1536533998 ], [ -115.2899136, 36.153650699799996 ], [ -115.2899082, 36.153650699799996 ], [ -115.2899082, 36.1536479998 ], [ -115.2899028, 36.1536479998 ], [ -115.2899028, 36.153645299799997 ], [ -115.2898974, 36.153645299799997 ], [ -115.2898974, 36.153642599800001 ], [ -115.289892, 36.153642599800001 ], [ -115.289892, 36.153639899799998 ], [ -115.2898893, 36.153639899799998 ], [ -115.2898893, 36.153637199800002 ], [ -115.2898839, 36.153637199800002 ], [ -115.2898839, 36.153634499799999 ], [ -115.2898785, 36.153634499799999 ], [ -115.2898785, 36.153631799799996 ], [ -115.2898758, 36.153631799799996 ], [ -115.2898758, 36.1536290998 ], [ -115.2898731, 36.1536290998 ], [ -115.2898731, 36.153626399799997 ], [ -115.2898677, 36.153626399799997 ], [ -115.2898677, 36.153623699800001 ], [ -115.289865, 36.153623699800001 ], [ -115.289865, 36.153620999799998 ], [ -115.2898623, 36.153620999799998 ], [ -115.2898623, 36.153618299800002 ], [ -115.2898596, 36.153618299800002 ], [ -115.2898596, 36.153615599799998 ], [ -115.2898515, 36.153615599799998 ], [ -115.2898515, 36.153612899800002 ], [ -115.2898488, 36.153612899800002 ], [ -115.2898488, 36.153610199799999 ], [ -115.2898461, 36.153610199799999 ], [ -115.2898461, 36.153596699799998 ], [ -115.2898488, 36.153596699799998 ], [ -115.2898488, 36.153593999800002 ], [ -115.2898515, 36.153593999800002 ], [ -115.2898515, 36.153591299799999 ], [ -115.2898542, 36.153591299799999 ], [ -115.2898542, 36.153588599800003 ], [ -115.2898569, 36.153588599800003 ], [ -115.2898569, 36.153585899799999 ], [ -115.2898596, 36.153585899799999 ], [ -115.2898596, 36.153583199799996 ], [ -115.2898623, 36.153583199799996 ], [ -115.2898623, 36.1535804998 ], [ -115.289865, 36.1535804998 ], [ -115.289865, 36.153577799799997 ], [ -115.2898704, 36.153577799799997 ], [ -115.2898704, 36.153575099800001 ], [ -115.2898731, 36.153575099800001 ], [ -115.2898731, 36.153572399799998 ], [ -115.2898758, 36.153572399799998 ], [ -115.2898758, 36.153569699800002 ], [ -115.2898785, 36.153569699800002 ], [ -115.2898785, 36.153564299799996 ], [ -115.2898812, 36.153564299799996 ], [ -115.2898812, 36.1535615998 ], [ -115.2898839, 36.1535615998 ], [ -115.2898839, 36.153558899799997 ], [ -115.2898866, 36.153558899799997 ], [ -115.2898866, 36.153556199800001 ], [ -115.2898893, 36.153556199800001 ], [ -115.2898893, 36.153553499799997 ], [ -115.289892, 36.153553499799997 ], [ -115.289892, 36.153550799800001 ], [ -115.2898947, 36.153550799800001 ], [ -115.2898947, 36.153548099799998 ], [ -115.2898974, 36.153548099799998 ], [ -115.2898974, 36.153545399800002 ], [ -115.2899001, 36.153545399800002 ], [ -115.2899001, 36.153539999799996 ], [ -115.2899028, 36.153539999799996 ], [ -115.2899028, 36.1535372998 ], [ -115.2899055, 36.1535372998 ], [ -115.2899055, 36.153534599799997 ], [ -115.2899082, 36.153534599799997 ], [ -115.2899082, 36.153531899800001 ], [ -115.2899109, 36.153531899800001 ], [ -115.2899109, 36.153529199799998 ], [ -115.2899136, 36.153529199799998 ], [ -115.2899136, 36.153526499800002 ], [ -115.289919, 36.153526499800002 ], [ -115.289919, 36.153523799799999 ], [ -115.2899217, 36.153523799799999 ], [ -115.2899217, 36.153521099800003 ], [ -115.2899244, 36.153521099800003 ], [ -115.2899244, 36.153518399799999 ], [ -115.2899271, 36.153518399799999 ], [ -115.2899271, 36.153515699799996 ], [ -115.2899325, 36.153515699799996 ], [ -115.2899325, 36.1535129998 ], [ -115.2899352, 36.1535129998 ], [ -115.2899352, 36.153515699799996 ], [ -115.2899406, 36.153515699799996 ], [ -115.2899406, 36.153518399799999 ], [ -115.2899433, 36.153518399799999 ], [ -115.2899433, 36.153521099800003 ], [ -115.2899487, 36.153521099800003 ], [ -115.2899487, 36.153523799799999 ], [ -115.2899514, 36.153523799799999 ], [ -115.2899514, 36.153526499800002 ], [ -115.2899568, 36.153526499800002 ], [ -115.2899568, 36.153529199799998 ], [ -115.2899595, 36.153529199799998 ], [ -115.2899595, 36.153531899800001 ], [ -115.2899649, 36.153531899800001 ], [ -115.2899649, 36.153529199799998 ], [ -115.2899676, 36.153529199799998 ], [ -115.2899676, 36.153685799800002 ] ] ] } },
{ "type": "Feature", "properties": { "value": 255.0 }, "geometry": { "type": "Polygon", "coordinates": [ [ [ -115.2894195, 36.153620999799998 ], [ -115.2894087, 36.153620999799998 ], [ -115.2894087, 36.153618299800002 ], [ -115.289406, 36.153618299800002 ], [ -115.289406, 36.153615599799998 ], [ -115.289403299999989, 36.153615599799998 ], [ -115.289403299999989, 36.153612899800002 ], [ -115.2893979, 36.153612899800002 ], [ -115.2893979, 36.153610199799999 ], [ -115.2893925, 36.153610199799999 ], [ -115.2893925, 36.153607499799996 ], [ -115.2893898, 36.153607499799996 ], [ -115.2893898, 36.1536047998 ], [ -115.2893871, 36.1536047998 ], [ -115.2893871, 36.153602099799997 ], [ -115.2893844, 36.153602099799997 ], [ -115.2893844, 36.153599399800001 ], [ -115.289379, 36.153599399800001 ], [ -115.289379, 36.153596699799998 ], [ -115.2893763, 36.153596699799998 ], [ -115.2893763, 36.153593999800002 ], [ -115.2893682, 36.153593999800002 ], [ -115.2893682, 36.153596699799998 ], [ -115.2893628, 36.153596699799998 ], [ -115.2893628, 36.153599399800001 ], [ -115.2893601, 36.153599399800001 ], [ -115.2893601, 36.153602099799997 ], [ -115.2893574, 36.153602099799997 ], [ -115.2893574, 36.1536047998 ], [ -115.2893547, 36.1536047998 ], [ -115.2893547, 36.153607499799996 ], [ -115.289352, 36.153607499799996 ], [ -115.289352, 36.153610199799999 ], [ -115.2893493, 36.153610199799999 ], [ -115.2893493, 36.153612899800002 ], [ -115.2893466, 36.153612899800002 ], [ -115.2893466, 36.153615599799998 ], [ -115.2893439, 36.153615599799998 ], [ -115.2893439, 36.153618299800002 ], [ -115.2893385, 36.153618299800002 ], [ -115.2893385, 36.153620999799998 ], [ -115.2893115, 36.153620999799998 ], [ -115.2893115, 36.153618299800002 ], [ -115.2893061, 36.153618299800002 ], [ -115.2893061, 36.153615599799998 ], [ -115.2893007, 36.153615599799998 ], [ -115.2893007, 36.153612899800002 ], [ -115.2892953, 36.153612899800002 ], [ -115.2892953, 36.153610199799999 ], [ -115.2892899, 36.153610199799999 ], [ -115.2892899, 36.153607499799996 ], [ -115.2892845, 36.153607499799996 ], [ -115.2892845, 36.1536047998 ], [ -115.2892791, 36.1536047998 ], [ -115.2892791, 36.153602099799997 ], [ -115.2892737, 36.153602099799997 ], [ -115.2892737, 36.153599399800001 ], [ -115.289268299999989, 36.153599399800001 ], [ -115.289268299999989, 36.153596699799998 ], [ -115.2892656, 36.153596699799998 ], [ -115.2892656, 36.153593999800002 ], [ -115.2892602, 36.153593999800002 ], [ -115.2892602, 36.153588599800003 ], [ -115.2892548, 36.153588599800003 ], [ -115.2892548, 36.153585899799999 ], [ -115.2892521, 36.153585899799999 ], [ -115.2892521, 36.153583199799996 ], [ -115.2892494, 36.153583199799996 ], [ -115.2892494, 36.1535804998 ], [ -115.289244, 36.1535804998 ], [ -115.289244, 36.153577799799997 ], [ -115.2892413, 36.153577799799997 ], [ -115.2892413, 36.153575099800001 ], [ -115.2892386, 36.153575099800001 ], [ -115.2892386, 36.153569699800002 ], [ -115.2892413, 36.153569699800002 ], [ -115.2892413, 36.153566999799999 ], [ -115.289244, 36.153566999799999 ], [ -115.289244, 36.153564299799996 ], [ -115.2892467, 36.153564299799996 ], [ -115.2892467, 36.1535615998 ], [ -115.2892494, 36.1535615998 ], [ -115.2892494, 36.153558899799997 ], [ -115.2892521, 36.153558899799997 ], [ -115.2892521, 36.153556199800001 ], [ -115.2892548, 36.153556199800001 ], [ -115.2892548, 36.153553499799997 ], [ -115.2892575, 36.153553499799997 ], [ -115.2892575, 36.153550799800001 ], [ -115.2892602, 36.153550799800001 ], [ -115.2892602, 36.153548099799998 ], [ -115.2892629, 36.153548099799998 ], [ -115.2892629, 36.153545399800002 ], [ -115.2892656, 36.153545399800002 ], [ -115.2892656, 36.153542699799999 ], [ -115.289268299999989, 36.153542699799999 ], [ -115.289268299999989, 36.153539999799996 ], [ -115.2892737, 36.153539999799996 ], [ -115.2892737, 36.1535372998 ], [ -115.2892791, 36.1535372998 ], [ -115.2892791, 36.153534599799997 ], [ -115.2892845, 36.153534599799997 ], [ -115.2892845, 36.153529199799998 ], [ -115.2892872, 36.153529199799998 ], [ -115.2892872, 36.153526499800002 ], [ -115.2892899, 36.153526499800002 ], [ -115.2892899, 36.153521099800003 ], [ -115.2892926, 36.153521099800003 ], [ -115.2892926, 36.153510299799997 ], [ -115.2892872, 36.153510299799997 ], [ -115.2892872, 36.153507599800001 ], [ -115.2892845, 36.153507599800001 ], [ -115.2892845, 36.153504899799998 ], [ -115.2892791, 36.153504899799998 ], [ -115.2892791, 36.153502199800002 ], [ -115.2892737, 36.153502199800002 ], [ -115.2892737, 36.153499499799999 ], [ -115.289268299999989, 36.153499499799999 ], [ -115.289268299999989, 36.153496799799996 ], [ -115.2892656, 36.153496799799996 ], [ -115.2892656, 36.1534940998 ], [ -115.2892629, 36.1534940998 ], [ -115.2892629, 36.153491399799996 ], [ -115.2892602, 36.153491399799996 ], [ -115.2892602, 36.1534886998 ], [ -115.2892575, 36.1534886998 ], [ -115.2892575, 36.153485999799997 ], [ -115.2892548, 36.153485999799997 ], [ -115.2892548, 36.153480599799998 ], [ -115.2892575, 36.153480599799998 ], [ -115.2892575, 36.153477899800002 ], [ -115.2892602, 36.153477899800002 ], [ -115.2892602, 36.153475199799999 ], [ -115.2892629, 36.153475199799999 ], [ -115.2892629, 36.153472499799996 ], [ -115.2892656, 36.153472499799996 ], [ -115.2892656, 36.1534697998 ], [ -115.289268299999989, 36.1534697998 ], [ -115.289268299999989, 36.153467099799997 ], [ -115.2892764, 36.153467099799997 ], [ -115.2892764, 36.153464399800001 ], [ -115.2892791, 36.153464399800001 ], [ -115.2892791, 36.153461699799998 ], [ -115.2892845, 36.153461699799998 ], [ -115.2892845, 36.153458999800002 ], [ -115.2892872, 36.153458999800002 ], [ -115.2892872, 36.153456299799998 ], [ -115.2892926, 36.153456299799998 ], [ -115.2892926, 36.153453599800002 ], [ -115.2892953, 36.153453599800002 ], [ -115.2892953, 36.153450899799999 ], [ -115.289298, 36.153450899799999 ], [ -115.289298, 36.153448199799996 ], [ -115.2893088, 36.153448199799996 ], [ -115.2893088, 36.153450899799999 ], [ -115.2893196, 36.153450899799999 ], [ -115.2893196, 36.153453599800002 ], [ -115.289325, 36.153453599800002 ], [ -115.289325, 36.153456299799998 ], [ -115.2893304, 36.153456299799998 ], [ -115.2893304, 36.153458999800002 ], [ -115.289335799999989, 36.153458999800002 ], [ -115.289335799999989, 36.153464399800001 ], [ -115.2893412, 36.153464399800001 ], [ -115.2893412, 36.153467099799997 ], [ -115.289352, 36.153467099799997 ], [ -115.289352, 36.1534697998 ], [ -115.2893574, 36.1534697998 ], [ -115.2893574, 36.153472499799996 ], [ -115.2893628, 36.153472499799996 ], [ -115.2893628, 36.153475199799999 ], [ -115.2893682, 36.153475199799999 ], [ -115.2893682, 36.153477899800002 ], [ -115.2893709, 36.153477899800002 ], [ -115.2893709, 36.153480599799998 ], [ -115.2893736, 36.153480599799998 ], [ -115.2893736, 36.153483299800001 ], [ -115.2893763, 36.153483299800001 ], [ -115.2893763, 36.153485999799997 ], [ -115.2893817, 36.153485999799997 ], [ -115.2893817, 36.1534886998 ], [ -115.2893871, 36.1534886998 ], [ -115.2893871, 36.153491399799996 ], [ -115.2893952, 36.153491399799996 ], [ -115.2893952, 36.1534940998 ], [ -115.2894087, 36.1534940998 ], [ -115.2894087, 36.153496799799996 ], [ -115.2894249, 36.153496799799996 ], [ -115.2894249, 36.153499499799999 ], [ -115.2894276, 36.153499499799999 ], [ -115.2894276, 36.153496799799996 ], [ -115.2894438, 36.153496799799996 ], [ -115.2894438, 36.153499499799999 ], [ -115.2894492, 36.153499499799999 ], [ -115.2894492, 36.153502199800002 ], [ -115.2894519, 36.153502199800002 ], [ -115.2894519, 36.153504899799998 ], [ -115.2894573, 36.153504899799998 ], [ -115.2894573, 36.153507599800001 ], [ -115.28946, 36.153507599800001 ], [ -115.28946, 36.153510299799997 ], [ -115.2894654, 36.153510299799997 ], [ -115.2894654, 36.1535129998 ], [ -115.2894681, 36.1535129998 ], [ -115.2894681, 36.153515699799996 ], [ -115.289470799999989, 36.153515699799996 ], [ -115.289470799999989, 36.153518399799999 ], [ -115.2894735, 36.153518399799999 ], [ -115.2894735, 36.153521099800003 ], [ -115.2894762, 36.153521099800003 ], [ -115.2894762, 36.153523799799999 ], [ -115.2894843, 36.153523799799999 ], [ -115.2894843, 36.153526499800002 ], [ -115.289487, 36.153526499800002 ], [ -115.289487, 36.153529199799998 ], [ -115.2894897, 36.153529199799998 ], [ -115.2894897, 36.153531899800001 ], [ -115.2894924, 36.153531899800001 ], [ -115.2894924, 36.153534599799997 ], [ -115.2894951, 36.153534599799997 ], [ -115.2894951, 36.153542699799999 ], [ -115.2894924, 36.153542699799999 ], [ -115.2894924, 36.153545399800002 ], [ -115.2894897, 36.153545399800002 ], [ -115.2894897, 36.153548099799998 ], [ -115.289487, 36.153548099799998 ], [ -115.289487, 36.153550799800001 ], [ -115.2894843, 36.153550799800001 ], [ -115.2894843, 36.153553499799997 ], [ -115.2894816, 36.153553499799997 ], [ -115.2894816, 36.153556199800001 ], [ -115.2894789, 36.153556199800001 ], [ -115.2894789, 36.1535615998 ], [ -115.2894762, 36.1535615998 ], [ -115.2894762, 36.153564299799996 ], [ -115.2894735, 36.153564299799996 ], [ -115.2894735, 36.153566999799999 ], [ -115.289470799999989, 36.153566999799999 ], [ -115.289470799999989, 36.153572399799998 ], [ -115.2894681, 36.153572399799998 ], [ -115.2894681, 36.153575099800001 ], [ -115.2894654, 36.153575099800001 ], [ -115.2894654, 36.1535804998 ], [ -115.2894627, 36.1535804998 ], [ -115.2894627, 36.153583199799996 ], [ -115.28946, 36.153583199799996 ], [ -115.28946, 36.153585899799999 ], [ -115.2894573, 36.153585899799999 ], [ -115.2894573, 36.153588599800003 ], [ -115.2894546, 36.153588599800003 ], [ -115.2894546, 36.153591299799999 ], [ -115.2894519, 36.153591299799999 ], [ -115.2894519, 36.153593999800002 ], [ -115.2894492, 36.153593999800002 ], [ -115.2894492, 36.153596699799998 ], [ -115.2894438, 36.153596699799998 ], [ -115.2894438, 36.153599399800001 ], [ -115.2894411, 36.153599399800001 ], [ -115.2894411, 36.153602099799997 ], [ -115.2894357, 36.153602099799997 ], [ -115.2894357, 36.1536047998 ], [ -115.289433, 36.1536047998 ], [ -115.289433, 36.153607499799996 ], [ -115.2894303, 36.153607499799996 ], [ -115.2894303, 36.153610199799999 ], [ -115.2894276, 36.153610199799999 ], [ -115.2894276, 36.153612899800002 ], [ -115.2894249, 36.153612899800002 ], [ -115.2894249, 36.153615599799998 ], [ -115.2894222, 36.153615599799998 ], [ -115.2894222, 36.153618299800002 ], [ -115.2894195, 36.153618299800002 ], [ -115.2894195, 36.153620999799998 ] ] ] } },
{ "type": "Feature", "properties": { "value": 255.0 }, "geometry": { "type": "Polygon", "coordinates": [ [ [ -115.2885717, 36.1535372998 ], [ -115.2885609, 36.1535372998 ], [ -115.2885609, 36.153534599799997 ], [ -115.2885555, 36.153534599799997 ], [ -115.2885555, 36.153531899800001 ], [ -115.2885528, 36.153531899800001 ], [ -115.2885528, 36.153529199799998 ], [ -115.2885501, 36.153529199799998 ], [ -115.2885501, 36.153526499800002 ], [ -115.2885312, 36.153526499800002 ], [ -115.2885312, 36.153523799799999 ], [ -115.2885285, 36.153523799799999 ], [ -115.2885285, 36.153526499800002 ], [ -115.2885204, 36.153526499800002 ], [ -115.2885204, 36.153523799799999 ], [ -115.2885123, 36.153523799799999 ], [ -115.2885123, 36.153521099800003 ], [ -115.2885096, 36.153521099800003 ], [ -115.2885096, 36.153518399799999 ], [ -115.2885069, 36.153518399799999 ], [ -115.2885069, 36.1535129998 ], [ -115.2885042, 36.1535129998 ], [ -115.2885042, 36.153510299799997 ], [ -115.2885015, 36.153510299799997 ], [ -115.2885015, 36.153507599800001 ], [ -115.2884988, 36.153507599800001 ], [ -115.2884988, 36.153504899799998 ], [ -115.288496099999989, 36.153504899799998 ], [ -115.288496099999989, 36.153499499799999 ], [ -115.2884934, 36.153499499799999 ], [ -115.2884934, 36.1534940998 ], [ -115.2884907, 36.1534940998 ], [ -115.2884907, 36.153491399799996 ], [ -115.288488, 36.153491399799996 ], [ -115.288488, 36.153485999799997 ], [ -115.2884853, 36.153485999799997 ], [ -115.2884853, 36.153483299800001 ], [ -115.2884826, 36.153483299800001 ], [ -115.2884826, 36.153477899800002 ], [ -115.2884799, 36.153477899800002 ], [ -115.2884799, 36.153475199799999 ], [ -115.288477199999988, 36.153475199799999 ], [ -115.288477199999988, 36.1534697998 ], [ -115.2884745, 36.1534697998 ], [ -115.2884745, 36.153467099799997 ], [ -115.2884718, 36.153467099799997 ], [ -115.2884718, 36.153461699799998 ], [ -115.2884691, 36.153461699799998 ], [ -115.2884691, 36.153458999800002 ], [ -115.2884664, 36.153458999800002 ], [ -115.2884664, 36.153453599800002 ], [ -115.2884637, 36.153453599800002 ], [ -115.2884637, 36.153448199799996 ], [ -115.288461, 36.153448199799996 ], [ -115.288461, 36.1534454998 ], [ -115.288458299999988, 36.1534454998 ], [ -115.288458299999988, 36.153440099800001 ], [ -115.2884556, 36.153440099800001 ], [ -115.2884556, 36.153437399799998 ], [ -115.2884529, 36.153437399799998 ], [ -115.2884529, 36.153434699800002 ], [ -115.2884448, 36.153434699800002 ], [ -115.2884448, 36.153431999799999 ], [ -115.2884421, 36.153431999799999 ], [ -115.2884421, 36.153429299799996 ], [ -115.2884394, 36.153429299799996 ], [ -115.2884394, 36.1534211998 ], [ -115.2884421, 36.1534211998 ], [ -115.2884421, 36.153418499799997 ], [ -115.2884502, 36.153418499799997 ], [ -115.2884502, 36.153415799800001 ], [ -115.288458299999988, 36.153415799800001 ], [ -115.288458299999988, 36.153413099799998 ], [ -115.288461, 36.153413099799998 ], [ -115.288461, 36.153410399800002 ], [ -115.2884664, 36.153410399800002 ], [ -115.2884664, 36.153407699799999 ], [ -115.2884718, 36.153407699799999 ], [ -115.2884718, 36.153404999799996 ], [ -115.2884799, 36.153404999799996 ], [ -115.2884799, 36.1534022998 ], [ -115.288488, 36.1534022998 ], [ -115.288488, 36.153399599799997 ], [ -115.288496099999989, 36.153399599799997 ], [ -115.288496099999989, 36.153396899800001 ], [ -115.2885069, 36.153396899800001 ], [ -115.2885069, 36.153394199799997 ], [ -115.288515, 36.153394199799997 ], [ -115.288515, 36.153391499800001 ], [ -115.2885204, 36.153391499800001 ], [ -115.2885204, 36.153388799799998 ], [ -115.288525799999988, 36.153388799799998 ], [ -115.288525799999988, 36.153386099800002 ], [ -115.2885312, 36.153386099800002 ], [ -115.2885312, 36.153383399799999 ], [ -115.2885393, 36.153383399799999 ], [ -115.2885393, 36.153380699799996 ], [ -115.288544699999989, 36.153380699799996 ], [ -115.288544699999989, 36.1533779998 ], [ -115.2885501, 36.1533779998 ], [ -115.2885501, 36.153375299799997 ], [ -115.2885555, 36.153375299799997 ], [ -115.2885555, 36.153372599800001 ], [ -115.2885609, 36.153372599800001 ], [ -115.2885609, 36.153369899799998 ], [ -115.288563599999989, 36.153369899799998 ], [ -115.288563599999989, 36.153367199800002 ], [ -115.288569, 36.153367199800002 ], [ -115.288569, 36.153364499799999 ], [ -115.2885771, 36.153364499799999 ], [ -115.2885771, 36.153361799799995 ], [ -115.2885825, 36.153361799799995 ], [ -115.2885825, 36.153359099799999 ], [ -115.2885852, 36.153359099799999 ], [ -115.2885852, 36.153356399799996 ], [ -115.2886068, 36.153356399799996 ], [ -115.2886068, 36.153359099799999 ], [ -115.288612199999989, 36.153359099799999 ], [ -115.288612199999989, 36.153361799799995 ], [ -115.2886149, 36.153361799799995 ], [ -115.2886149, 36.153367199800002 ], [ -115.2886176, 36.153367199800002 ], [ -115.2886176, 36.153369899799998 ], [ -115.2886203, 36.153369899799998 ], [ -115.2886203, 36.153372599800001 ], [ -115.288623, 36.153372599800001 ], [ -115.288623, 36.1533779998 ], [ -115.2886257, 36.1533779998 ], [ -115.2886257, 36.153380699799996 ], [ -115.2886284, 36.153380699799996 ], [ -115.2886284, 36.153383399799999 ], [ -115.2886338, 36.153383399799999 ], [ -115.2886338, 36.153386099800002 ], [ -115.2886365, 36.153386099800002 ], [ -115.2886365, 36.153388799799998 ], [ -115.2886419, 36.153388799799998 ], [ -115.2886419, 36.153386099800002 ], [ -115.2886473, 36.153386099800002 ], [ -115.2886473, 36.153383399799999 ], [ -115.2886581, 36.153383399799999 ], [ -115.2886581, 36.153386099800002 ], [ -115.2886635, 36.153386099800002 ], [ -115.2886635, 36.153388799799998 ], [ -115.2886662, 36.153388799799998 ], [ -115.2886662, 36.153386099800002 ], [ -115.2886905, 36.153386099800002 ], [ -115.2886905, 36.153388799799998 ], [ -115.2886932, 36.153388799799998 ], [ -115.2886932, 36.153391499800001 ], [ -115.2886959, 36.153391499800001 ], [ -115.2886959, 36.153394199799997 ], [ -115.288698599999989, 36.153394199799997 ], [ -115.288698599999989, 36.153396899800001 ], [ -115.2887013, 36.153396899800001 ], [ -115.2887013, 36.153399599799997 ], [ -115.288704, 36.153399599799997 ], [ -115.288704, 36.1534022998 ], [ -115.2887067, 36.1534022998 ], [ -115.2887067, 36.153407699799999 ], [ -115.2887094, 36.153407699799999 ], [ -115.2887094, 36.153410399800002 ], [ -115.2887121, 36.153410399800002 ], [ -115.2887121, 36.153415799800001 ], [ -115.2887148, 36.153415799800001 ], [ -115.2887148, 36.153418499799997 ], [ -115.2887175, 36.153418499799997 ], [ -115.2887175, 36.153423899799996 ], [ -115.2887202, 36.153423899799996 ], [ -115.2887202, 36.1534265998 ], [ -115.2887229, 36.1534265998 ], [ -115.2887229, 36.153429299799996 ], [ -115.2887256, 36.153429299799996 ], [ -115.2887256, 36.153431999799999 ], [ -115.288731, 36.153431999799999 ], [ -115.288731, 36.153434699800002 ], [ -115.2887337, 36.153434699800002 ], [ -115.2887337, 36.153437399799998 ], [ -115.2887364, 36.153437399799998 ], [ -115.2887364, 36.1534454998 ], [ -115.2887391, 36.1534454998 ], [ -115.2887391, 36.153464399800001 ], [ -115.2887364, 36.153464399800001 ], [ -115.2887364, 36.153467099799997 ], [ -115.288731, 36.153467099799997 ], [ -115.288731, 36.1534697998 ], [ -115.2887229, 36.1534697998 ], [ -115.2887229, 36.153472499799996 ], [ -115.2887148, 36.153472499799996 ], [ -115.2887148, 36.153475199799999 ], [ -115.2887067, 36.153475199799999 ], [ -115.2887067, 36.153477899800002 ], [ -115.2887013, 36.153477899800002 ], [ -115.2887013, 36.153480599799998 ], [ -115.2886959, 36.153480599799998 ], [ -115.2886959, 36.153483299800001 ], [ -115.2886878, 36.153483299800001 ], [ -115.2886878, 36.153485999799997 ], [ -115.2886824, 36.153485999799997 ], [ -115.2886824, 36.1534886998 ], [ -115.288677, 36.1534886998 ], [ -115.288677, 36.153491399799996 ], [ -115.2886689, 36.153491399799996 ], [ -115.2886689, 36.1534940998 ], [ -115.2886635, 36.1534940998 ], [ -115.2886635, 36.153496799799996 ], [ -115.2886581, 36.153496799799996 ], [ -115.2886581, 36.153499499799999 ], [ -115.2886527, 36.153499499799999 ], [ -115.2886527, 36.153502199800002 ], [ -115.2886473, 36.153502199800002 ], [ -115.2886473, 36.153504899799998 ], [ -115.2886419, 36.153504899799998 ], [ -115.2886419, 36.153507599800001 ], [ -115.2886392, 36.153507599800001 ], [ -115.2886392, 36.153510299799997 ], [ -115.2886338, 36.153510299799997 ], [ -115.2886338, 36.1535129998 ], [ -115.2886284, 36.1535129998 ], [ -115.2886284, 36.153515699799996 ], [ -115.2886257, 36.153515699799996 ], [ -115.2886257, 36.153518399799999 ], [ -115.288623, 36.153518399799999 ], [ -115.288623, 36.153521099800003 ], [ -115.2886176, 36.153521099800003 ], [ -115.2886176, 36.153523799799999 ], [ -115.2886095, 36.153523799799999 ], [ -115.2886095, 36.153526499800002 ], [ -115.2886014, 36.153526499800002 ], [ -115.2886014, 36.153529199799998 ], [ -115.2885906, 36.153529199799998 ], [ -115.2885906, 36.153531899800001 ], [ -115.2885825, 36.153531899800001 ], [ -115.2885825, 36.153534599799997 ], [ -115.2885717, 36.153534599799997 ], [ -115.2885717, 36.1535372998 ] ] ] } },
{ "type": "Feature", "properties": { "value": 255.0 }, "geometry": { "type": "Polygon", "coordinates": [ [ [ -115.2882153, 36.153391499800001 ], [ -115.2882126, 36.153391499800001 ], [ -115.2882126, 36.153315899799999 ], [ -115.2882153, 36.153315899799999 ], [ -115.2882153, 36.153321299799998 ], [ -115.288218, 36.153321299799998 ], [ -115.288218, 36.153323999800001 ], [ -115.2882234, 36.153323999800001 ], [ -115.2882234, 36.153326699799997 ], [ -115.288226099999989, 36.153326699799997 ], [ -115.288226099999989, 36.1533347998 ], [ -115.2882234, 36.1533347998 ], [ -115.2882234, 36.153356399799996 ], [ -115.288226099999989, 36.153356399799996 ], [ -115.288226099999989, 36.153359099799999 ], [ -115.2882288, 36.153359099799999 ], [ -115.2882288, 36.153361799799995 ], [ -115.2882315, 36.153361799799995 ], [ -115.2882315, 36.153364499799999 ], [ -115.2882342, 36.153364499799999 ], [ -115.2882342, 36.153375299799997 ], [ -115.2882369, 36.153375299799997 ], [ -115.2882369, 36.1533779998 ], [ -115.2882342, 36.1533779998 ], [ -115.2882342, 36.153380699799996 ], [ -115.2882315, 36.153380699799996 ], [ -115.2882315, 36.153383399799999 ], [ -115.2882288, 36.153383399799999 ], [ -115.2882288, 36.153386099800002 ], [ -115.2882234, 36.153386099800002 ], [ -115.2882234, 36.153388799799998 ], [ -115.2882153, 36.153388799799998 ], [ -115.2882153, 36.153391499800001 ] ] ] } },
{ "type": "Feature", "properties": { "value": 255.0 }, "geometry": { "type": "Polygon", "coordinates": [ [ [ -115.2895383, 36.153507599800001 ], [ -115.2895248, 36.153507599800001 ], [ -115.2895248, 36.153504899799998 ], [ -115.2895194, 36.153504899799998 ], [ -115.2895194, 36.153502199800002 ], [ -115.289514, 36.153502199800002 ], [ -115.289514, 36.153499499799999 ], [ -115.2895086, 36.153499499799999 ], [ -115.2895086, 36.153496799799996 ], [ -115.2895059, 36.153496799799996 ], [ -115.2895059, 36.1534940998 ], [ -115.2895032, 36.1534940998 ], [ -115.2895032, 36.153491399799996 ], [ -115.2894978, 36.153491399799996 ], [ -115.2894978, 36.1534886998 ], [ -115.2894951, 36.1534886998 ], [ -115.2894951, 36.153485999799997 ], [ -115.2894897, 36.153485999799997 ], [ -115.2894897, 36.153483299800001 ], [ -115.289487, 36.153483299800001 ], [ -115.289487, 36.153480599799998 ], [ -115.2894816, 36.153480599799998 ], [ -115.2894816, 36.153477899800002 ], [ -115.2894789, 36.153477899800002 ], [ -115.2894789, 36.153475199799999 ], [ -115.2894735, 36.153475199799999 ], [ -115.2894735, 36.153472499799996 ], [ -115.289470799999989, 36.153472499799996 ], [ -115.289470799999989, 36.1534697998 ], [ -115.2894654, 36.1534697998 ], [ -115.2894654, 36.153467099799997 ], [ -115.28946, 36.153467099799997 ], [ -115.28946, 36.153464399800001 ], [ -115.2894573, 36.153464399800001 ], [ -115.2894573, 36.153450899799999 ], [ -115.28946, 36.153450899799999 ], [ -115.28946, 36.153448199799996 ], [ -115.2894627, 36.153448199799996 ], [ -115.2894627, 36.1534454998 ], [ -115.2894654, 36.1534454998 ], [ -115.2894654, 36.153442799799997 ], [ -115.289470799999989, 36.153442799799997 ], [ -115.289470799999989, 36.153440099800001 ], [ -115.2894735, 36.153440099800001 ], [ -115.2894735, 36.153431999799999 ], [ -115.2894762, 36.153431999799999 ], [ -115.2894762, 36.153423899799996 ], [ -115.2894735, 36.153423899799996 ], [ -115.2894735, 36.1534211998 ], [ -115.289470799999989, 36.1534211998 ], [ -115.289470799999989, 36.153418499799997 ], [ -115.2894681, 36.153418499799997 ], [ -115.2894681, 36.153415799800001 ], [ -115.2894654, 36.153415799800001 ], [ -115.2894654, 36.153413099799998 ], [ -115.2894573, 36.153413099799998 ], [ -115.2894573, 36.153410399800002 ], [ -115.2894519, 36.153410399800002 ], [ -115.2894519, 36.153407699799999 ], [ -115.2894465, 36.153407699799999 ], [ -115.2894465, 36.153404999799996 ], [ -115.2894411, 36.153404999799996 ], [ -115.2894411, 36.1534022998 ], [ -115.2894357, 36.1534022998 ], [ -115.2894357, 36.153399599799997 ], [ -115.2894303, 36.153399599799997 ], [ -115.2894303, 36.153396899800001 ], [ -115.2894276, 36.153396899800001 ], [ -115.2894276, 36.153394199799997 ], [ -115.2894249, 36.153394199799997 ], [ -115.2894249, 36.153391499800001 ], [ -115.2894222, 36.153391499800001 ], [ -115.2894222, 36.153388799799998 ], [ -115.2894168, 36.153388799799998 ], [ -115.2894168, 36.153386099800002 ], [ -115.2894141, 36.153386099800002 ], [ -115.2894141, 36.153383399799999 ], [ -115.2894087, 36.153383399799999 ], [ -115.2894087, 36.153380699799996 ], [ -115.289406, 36.153380699799996 ], [ -115.289406, 36.1533779998 ], [ -115.289403299999989, 36.1533779998 ], [ -115.289403299999989, 36.153375299799997 ], [ -115.2894006, 36.153375299799997 ], [ -115.2894006, 36.153372599800001 ], [ -115.2893979, 36.153372599800001 ], [ -115.2893979, 36.153369899799998 ], [ -115.2893952, 36.153369899799998 ], [ -115.2893952, 36.153367199800002 ], [ -115.2893925, 36.153367199800002 ], [ -115.2893925, 36.153364499799999 ], [ -115.2893898, 36.153364499799999 ], [ -115.2893898, 36.153361799799995 ], [ -115.2893844, 36.153361799799995 ], [ -115.2893844, 36.153359099799999 ], [ -115.2893817, 36.153359099799999 ], [ -115.2893817, 36.1533536998 ], [ -115.2893844, 36.1533536998 ], [ -115.2893844, 36.153350999799997 ], [ -115.2893871, 36.153350999799997 ], [ -115.2893871, 36.153348299800001 ], [ -115.2893898, 36.153348299800001 ], [ -115.2893898, 36.153345599799998 ], [ -115.2893925, 36.153345599799998 ], [ -115.2893925, 36.153342899800002 ], [ -115.2893952, 36.153342899800002 ], [ -115.2893952, 36.153340199799999 ], [ -115.2893979, 36.153340199799999 ], [ -115.2893979, 36.153337499799996 ], [ -115.289403299999989, 36.153337499799996 ], [ -115.289403299999989, 36.1533347998 ], [ -115.2894087, 36.1533347998 ], [ -115.2894087, 36.153332099799997 ], [ -115.2894114, 36.153332099799997 ], [ -115.2894114, 36.1533293998 ], [ -115.2894141, 36.1533293998 ], [ -115.2894141, 36.153323999800001 ], [ -115.2894465, 36.153323999800001 ], [ -115.2894465, 36.153321299799998 ], [ -115.2894519, 36.153321299799998 ], [ -115.2894519, 36.153315899799999 ], [ -115.2894573, 36.153315899799999 ], [ -115.2894573, 36.1533104998 ], [ -115.28946, 36.1533104998 ], [ -115.28946, 36.153302399799998 ], [ -115.2894627, 36.153302399799998 ], [ -115.2894627, 36.153299699800002 ], [ -115.2894654, 36.153299699800002 ], [ -115.2894654, 36.153296999799998 ], [ -115.289470799999989, 36.153296999799998 ], [ -115.289470799999989, 36.153294299799995 ], [ -115.2894789, 36.153294299799995 ], [ -115.2894789, 36.153291599799999 ], [ -115.2894816, 36.153291599799999 ], [ -115.2894816, 36.153288899799996 ], [ -115.2894843, 36.153288899799996 ], [ -115.2894843, 36.1532861998 ], [ -115.2894897, 36.1532861998 ], [ -115.2894897, 36.153280799800001 ], [ -115.2894924, 36.153280799800001 ], [ -115.2894924, 36.153275399800002 ], [ -115.2894951, 36.153275399800002 ], [ -115.2894951, 36.153272699799999 ], [ -115.2894978, 36.153272699799999 ], [ -115.2894978, 36.153269999799996 ], [ -115.2895005, 36.153269999799996 ], [ -115.2895005, 36.1532672998 ], [ -115.2895086, 36.1532672998 ], [ -115.2895086, 36.153269999799996 ], [ -115.289514, 36.153269999799996 ], [ -115.289514, 36.153272699799999 ], [ -115.2895194, 36.153272699799999 ], [ -115.2895194, 36.153275399800002 ], [ -115.2895221, 36.153275399800002 ], [ -115.2895221, 36.153278099799998 ], [ -115.2895275, 36.153278099799998 ], [ -115.2895275, 36.153280799800001 ], [ -115.2895302, 36.153280799800001 ], [ -115.2895302, 36.153283499799997 ], [ -115.2895356, 36.153283499799997 ], [ -115.2895356, 36.1532861998 ], [ -115.289541, 36.1532861998 ], [ -115.289541, 36.153288899799996 ], [ -115.2895437, 36.153288899799996 ], [ -115.2895437, 36.153291599799999 ], [ -115.2895491, 36.153291599799999 ], [ -115.2895491, 36.153294299799995 ], [ -115.2895518, 36.153294299799995 ], [ -115.2895518, 36.153296999799998 ], [ -115.2895572, 36.153296999799998 ], [ -115.2895572, 36.153299699800002 ], [ -115.2895599, 36.153299699800002 ], [ -115.2895599, 36.153302399799998 ], [ -115.2895626, 36.153302399799998 ], [ -115.2895626, 36.153305099800001 ], [ -115.289568, 36.153305099800001 ], [ -115.289568, 36.153307799799997 ], [ -115.2895734, 36.153307799799997 ], [ -115.2895734, 36.1533104998 ], [ -115.2895761, 36.1533104998 ], [ -115.2895761, 36.153313199799996 ], [ -115.2895896, 36.153313199799996 ], [ -115.2895896, 36.153315899799999 ], [ -115.289595, 36.153315899799999 ], [ -115.289595, 36.153323999800001 ], [ -115.2896031, 36.153323999800001 ], [ -115.2896031, 36.153326699799997 ], [ -115.2896085, 36.153326699799997 ], [ -115.2896085, 36.1533293998 ], [ -115.2896139, 36.1533293998 ], [ -115.2896139, 36.153332099799997 ], [ -115.2896166, 36.153332099799997 ], [ -115.2896166, 36.1533347998 ], [ -115.2896193, 36.1533347998 ], [ -115.2896193, 36.153337499799996 ], [ -115.289622, 36.153337499799996 ], [ -115.289622, 36.153345599799998 ], [ -115.2896193, 36.153345599799998 ], [ -115.2896193, 36.1533536998 ], [ -115.2896166, 36.1533536998 ], [ -115.2896166, 36.153356399799996 ], [ -115.2896139, 36.153356399799996 ], [ -115.2896139, 36.153361799799995 ], [ -115.2896112, 36.153361799799995 ], [ -115.2896112, 36.153364499799999 ], [ -115.2896085, 36.153364499799999 ], [ -115.2896085, 36.153367199800002 ], [ -115.2896058, 36.153367199800002 ], [ -115.2896058, 36.153369899799998 ], [ -115.2896031, 36.153369899799998 ], [ -115.2896031, 36.153375299799997 ], [ -115.2896004, 36.153375299799997 ], [ -115.2896004, 36.1533779998 ], [ -115.289595, 36.1533779998 ], [ -115.289595, 36.153380699799996 ], [ -115.2895869, 36.153380699799996 ], [ -115.2895869, 36.1533779998 ], [ -115.2895815, 36.1533779998 ], [ -115.2895815, 36.153375299799997 ], [ -115.2895653, 36.153375299799997 ], [ -115.2895653, 36.1533779998 ], [ -115.2895626, 36.1533779998 ], [ -115.2895626, 36.153380699799996 ], [ -115.2895572, 36.153380699799996 ], [ -115.2895572, 36.153383399799999 ], [ -115.2895545, 36.153383399799999 ], [ -115.2895545, 36.153386099800002 ], [ -115.2895518, 36.153386099800002 ], [ -115.2895518, 36.153391499800001 ], [ -115.2895491, 36.153391499800001 ], [ -115.2895491, 36.153399599799997 ], [ -115.2895518, 36.153399599799997 ], [ -115.2895518, 36.1534022998 ], [ -115.2895545, 36.1534022998 ], [ -115.2895545, 36.153404999799996 ], [ -115.2895599, 36.153404999799996 ], [ -115.2895599, 36.153407699799999 ], [ -115.289568, 36.153407699799999 ], [ -115.289568, 36.153410399800002 ], [ -115.2895707, 36.153410399800002 ], [ -115.2895707, 36.153413099799998 ], [ -115.2895734, 36.153413099799998 ], [ -115.2895734, 36.153415799800001 ], [ -115.2895761, 36.153415799800001 ], [ -115.2895761, 36.153418499799997 ], [ -115.2895896, 36.153418499799997 ], [ -115.2895896, 36.1534211998 ], [ -115.2895923, 36.1534211998 ], [ -115.2895923, 36.153423899799996 ], [ -115.289595, 36.153423899799996 ], [ -115.289595, 36.153431999799999 ], [ -115.2895977, 36.153431999799999 ], [ -115.2895977, 36.153442799799997 ], [ -115.289595, 36.153442799799997 ], [ -115.289595, 36.1534454998 ], [ -115.2895923, 36.1534454998 ], [ -115.2895923, 36.153448199799996 ], [ -115.2895896, 36.153448199799996 ], [ -115.2895896, 36.153453599800002 ], [ -115.2895869, 36.153453599800002 ], [ -115.2895869, 36.153456299799998 ], [ -115.2895842, 36.153456299799998 ], [ -115.2895842, 36.153458999800002 ], [ -115.2895815, 36.153458999800002 ], [ -115.2895815, 36.153464399800001 ], [ -115.2895788, 36.153464399800001 ], [ -115.2895788, 36.153467099799997 ], [ -115.2895761, 36.153467099799997 ], [ -115.2895761, 36.153472499799996 ], [ -115.2895734, 36.153472499799996 ], [ -115.2895734, 36.153475199799999 ], [ -115.2895707, 36.153475199799999 ], [ -115.2895707, 36.153477899800002 ], [ -115.289568, 36.153477899800002 ], [ -115.289568, 36.153480599799998 ], [ -115.2895653, 36.153480599799998 ], [ -115.2895653, 36.153485999799997 ], [ -115.2895626, 36.153485999799997 ], [ -115.2895626, 36.1534886998 ], [ -115.2895572, 36.1534886998 ], [ -115.2895572, 36.153491399799996 ], [ -115.2895545, 36.153491399799996 ], [ -115.2895545, 36.1534940998 ], [ -115.2895518, 36.1534940998 ], [ -115.2895518, 36.153496799799996 ], [ -115.2895491, 36.153496799799996 ], [ -115.2895491, 36.153499499799999 ], [ -115.2895437, 36.153499499799999 ], [ -115.2895437, 36.153502199800002 ], [ -115.289541, 36.153502199800002 ], [ -115.289541, 36.153504899799998 ], [ -115.2895383, 36.153504899799998 ], [ -115.2895383, 36.153507599800001 ] ] ] } },
{ "type": "Feature", "properties": { "value": 255.0 }, "geometry": { "type": "Polygon", "coordinates": [ [ [ -115.2891306, 36.153396899800001 ], [ -115.2891252, 36.153396899800001 ], [ -115.2891252, 36.153394199799997 ], [ -115.2891198, 36.153394199799997 ], [ -115.2891198, 36.153391499800001 ], [ -115.2891144, 36.153391499800001 ], [ -115.2891144, 36.153388799799998 ], [ -115.2891117, 36.153388799799998 ], [ -115.2891117, 36.153380699799996 ], [ -115.289109, 36.153380699799996 ], [ -115.289109, 36.153372599800001 ], [ -115.2891063, 36.153372599800001 ], [ -115.2891063, 36.153369899799998 ], [ -115.2891009, 36.153369899799998 ], [ -115.2891009, 36.153367199800002 ], [ -115.2890955, 36.153367199800002 ], [ -115.2890955, 36.153364499799999 ], [ -115.2890928, 36.153364499799999 ], [ -115.2890928, 36.153361799799995 ], [ -115.2890901, 36.153361799799995 ], [ -115.2890901, 36.153359099799999 ], [ -115.2890793, 36.153359099799999 ], [ -115.2890793, 36.153356399799996 ], [ -115.2890739, 36.153356399799996 ], [ -115.2890739, 36.153359099799999 ], [ -115.2890604, 36.153359099799999 ], [ -115.2890604, 36.153361799799995 ], [ -115.289055, 36.153361799799995 ], [ -115.289055, 36.153364499799999 ], [ -115.2890496, 36.153364499799999 ], [ -115.2890496, 36.153367199800002 ], [ -115.2890442, 36.153367199800002 ], [ -115.2890442, 36.153369899799998 ], [ -115.2890361, 36.153369899799998 ], [ -115.2890361, 36.153372599800001 ], [ -115.289028, 36.153372599800001 ], [ -115.289028, 36.153369899799998 ], [ -115.2890253, 36.153369899799998 ], [ -115.2890253, 36.153367199800002 ], [ -115.2890199, 36.153367199800002 ], [ -115.2890199, 36.153361799799995 ], [ -115.289017199999989, 36.153361799799995 ], [ -115.289017199999989, 36.153359099799999 ], [ -115.2890145, 36.153359099799999 ], [ -115.2890145, 36.153356399799996 ], [ -115.2890118, 36.153356399799996 ], [ -115.2890118, 36.153350999799997 ], [ -115.2890091, 36.153350999799997 ], [ -115.2890091, 36.153348299800001 ], [ -115.2890064, 36.153348299800001 ], [ -115.2890064, 36.153342899800002 ], [ -115.289001, 36.153342899800002 ], [ -115.289001, 36.153337499799996 ], [ -115.288998299999989, 36.153337499799996 ], [ -115.288998299999989, 36.153332099799997 ], [ -115.2889956, 36.153332099799997 ], [ -115.2889956, 36.1533293998 ], [ -115.2889929, 36.1533293998 ], [ -115.2889929, 36.153323999800001 ], [ -115.2889902, 36.153323999800001 ], [ -115.2889902, 36.153321299799998 ], [ -115.2889875, 36.153321299799998 ], [ -115.2889875, 36.153315899799999 ], [ -115.2889848, 36.153315899799999 ], [ -115.2889848, 36.153313199799996 ], [ -115.2889821, 36.153313199799996 ], [ -115.2889821, 36.1533104998 ], [ -115.2889794, 36.1533104998 ], [ -115.2889794, 36.153307799799997 ], [ -115.2889767, 36.153307799799997 ], [ -115.2889767, 36.153305099800001 ], [ -115.288974, 36.153305099800001 ], [ -115.288974, 36.153296999799998 ], [ -115.2889767, 36.153296999799998 ], [ -115.2889767, 36.153294299799995 ], [ -115.2889794, 36.153294299799995 ], [ -115.2889794, 36.153291599799999 ], [ -115.2889875, 36.153291599799999 ], [ -115.2889875, 36.153288899799996 ], [ -115.2889929, 36.153288899799996 ], [ -115.2889929, 36.1532861998 ], [ -115.288998299999989, 36.1532861998 ], [ -115.288998299999989, 36.153283499799997 ], [ -115.2890037, 36.153283499799997 ], [ -115.2890037, 36.153280799800001 ], [ -115.2890091, 36.153280799800001 ], [ -115.2890091, 36.153278099799998 ], [ -115.2890118, 36.153278099799998 ], [ -115.2890118, 36.153275399800002 ], [ -115.2890145, 36.153275399800002 ], [ -115.2890145, 36.153269999799996 ], [ -115.2890199, 36.153269999799996 ], [ -115.2890199, 36.1532672998 ], [ -115.2890226, 36.1532672998 ], [ -115.2890226, 36.153264599799996 ], [ -115.2890523, 36.153264599799996 ], [ -115.2890523, 36.1532672998 ], [ -115.289055, 36.1532672998 ], [ -115.289055, 36.153269999799996 ], [ -115.2890577, 36.153269999799996 ], [ -115.2890577, 36.153272699799999 ], [ -115.2890604, 36.153272699799999 ], [ -115.2890604, 36.153275399800002 ], [ -115.2890739, 36.153275399800002 ], [ -115.2890739, 36.153272699799999 ], [ -115.2890874, 36.153272699799999 ], [ -115.2890874, 36.153269999799996 ], [ -115.2890955, 36.153269999799996 ], [ -115.2890955, 36.153264599799996 ], [ -115.2890982, 36.153264599799996 ], [ -115.2890982, 36.1532618998 ], [ -115.2891009, 36.1532618998 ], [ -115.2891009, 36.153259199799997 ], [ -115.2891036, 36.153259199799997 ], [ -115.2891036, 36.153256499800001 ], [ -115.2891063, 36.153256499800001 ], [ -115.2891063, 36.153253799799998 ], [ -115.289109, 36.153253799799998 ], [ -115.289109, 36.153251099800002 ], [ -115.2891117, 36.153251099800002 ], [ -115.2891117, 36.153248399799999 ], [ -115.2891144, 36.153248399799999 ], [ -115.2891144, 36.153245699799996 ], [ -115.2891198, 36.153245699799996 ], [ -115.2891198, 36.1532429998 ], [ -115.2891252, 36.1532429998 ], [ -115.2891252, 36.153240299799997 ], [ -115.2891549, 36.153240299799997 ], [ -115.2891549, 36.153237599800001 ], [ -115.289163, 36.153237599800001 ], [ -115.289163, 36.153234899799997 ], [ -115.2891657, 36.153234899799997 ], [ -115.2891657, 36.153232199800001 ], [ -115.2891711, 36.153232199800001 ], [ -115.2891711, 36.153229499799998 ], [ -115.2891765, 36.153229499799998 ], [ -115.2891765, 36.153226799799995 ], [ -115.2891873, 36.153226799799995 ], [ -115.2891873, 36.153229499799998 ], [ -115.28919, 36.153229499799998 ], [ -115.28919, 36.153234899799997 ], [ -115.2891927, 36.153234899799997 ], [ -115.2891927, 36.153237599800001 ], [ -115.2891954, 36.153237599800001 ], [ -115.2891954, 36.1532429998 ], [ -115.2891981, 36.1532429998 ], [ -115.2891981, 36.153245699799996 ], [ -115.289200799999989, 36.153245699799996 ], [ -115.289200799999989, 36.153253799799998 ], [ -115.2892035, 36.153253799799998 ], [ -115.2892035, 36.153256499800001 ], [ -115.2892089, 36.153256499800001 ], [ -115.2892089, 36.153259199799997 ], [ -115.2892116, 36.153259199799997 ], [ -115.2892116, 36.153264599799996 ], [ -115.2892143, 36.153264599799996 ], [ -115.2892143, 36.1532672998 ], [ -115.289217, 36.1532672998 ], [ -115.289217, 36.153269999799996 ], [ -115.2892197, 36.153269999799996 ], [ -115.2892197, 36.153275399800002 ], [ -115.2892224, 36.153275399800002 ], [ -115.2892224, 36.153278099799998 ], [ -115.2892251, 36.153278099799998 ], [ -115.2892251, 36.153280799800001 ], [ -115.2892278, 36.153280799800001 ], [ -115.2892278, 36.153283499799997 ], [ -115.2892305, 36.153283499799997 ], [ -115.2892305, 36.153288899799996 ], [ -115.2892332, 36.153288899799996 ], [ -115.2892332, 36.153291599799999 ], [ -115.2892359, 36.153291599799999 ], [ -115.2892359, 36.153299699800002 ], [ -115.2892332, 36.153299699800002 ], [ -115.2892332, 36.153302399799998 ], [ -115.2892278, 36.153302399799998 ], [ -115.2892278, 36.153305099800001 ], [ -115.2892224, 36.153305099800001 ], [ -115.2892224, 36.153307799799997 ], [ -115.289217, 36.153307799799997 ], [ -115.289217, 36.153313199799996 ], [ -115.2892143, 36.153313199799996 ], [ -115.2892143, 36.153323999800001 ], [ -115.2892116, 36.153323999800001 ], [ -115.2892116, 36.153332099799997 ], [ -115.2892089, 36.153332099799997 ], [ -115.2892089, 36.153337499799996 ], [ -115.2892062, 36.153337499799996 ], [ -115.2892062, 36.153342899800002 ], [ -115.2892089, 36.153342899800002 ], [ -115.2892089, 36.153345599799998 ], [ -115.2892116, 36.153345599799998 ], [ -115.2892116, 36.153356399799996 ], [ -115.2892089, 36.153356399799996 ], [ -115.2892089, 36.153359099799999 ], [ -115.2892062, 36.153359099799999 ], [ -115.2892062, 36.153367199800002 ], [ -115.2892035, 36.153367199800002 ], [ -115.2892035, 36.153369899799998 ], [ -115.2891954, 36.153369899799998 ], [ -115.2891954, 36.153372599800001 ], [ -115.2891873, 36.153372599800001 ], [ -115.2891873, 36.153375299799997 ], [ -115.2891819, 36.153375299799997 ], [ -115.2891819, 36.1533779998 ], [ -115.2891738, 36.1533779998 ], [ -115.2891738, 36.153380699799996 ], [ -115.2891684, 36.153380699799996 ], [ -115.2891684, 36.153383399799999 ], [ -115.2891603, 36.153383399799999 ], [ -115.2891603, 36.153386099800002 ], [ -115.2891549, 36.153386099800002 ], [ -115.2891549, 36.153388799799998 ], [ -115.2891495, 36.153388799799998 ], [ -115.2891495, 36.153391499800001 ], [ -115.2891414, 36.153391499800001 ], [ -115.2891414, 36.153394199799997 ], [ -115.2891306, 36.153394199799997 ], [ -115.2891306, 36.153396899800001 ] ] ] } },
{ "type": "Feature", "properties": { "value": 255.0 }, "geometry": { "type": "Polygon", "coordinates": [ [ [ -115.2893817, 36.153210599799998 ], [ -115.2893736, 36.153210599799998 ], [ -115.2893736, 36.153207899800002 ], [ -115.2893655, 36.153207899800002 ], [ -115.2893655, 36.153210599799998 ], [ -115.2893601, 36.153210599799998 ], [ -115.2893601, 36.153207899800002 ], [ -115.2893574, 36.153207899800002 ], [ -115.2893574, 36.153205199799999 ], [ -115.2893547, 36.153205199799999 ], [ -115.2893547, 36.153191699799997 ], [ -115.289352, 36.153191699799997 ], [ -115.289352, 36.153183599800002 ], [ -115.2893547, 36.153183599800002 ], [ -115.2893547, 36.153178199799996 ], [ -115.2893871, 36.153178199799996 ], [ -115.2893871, 36.153180899799999 ], [ -115.2893898, 36.153180899799999 ], [ -115.2893898, 36.153186299799998 ], [ -115.2893925, 36.153186299799998 ], [ -115.2893925, 36.153205199799999 ], [ -115.2893898, 36.153205199799999 ], [ -115.2893898, 36.153207899800002 ], [ -115.2893817, 36.153207899800002 ], [ -115.2893817, 36.153210599799998 ] ] ] } },
{ "type": "Feature", "properties": { "value": 255.0 }, "geometry": { "type": "Polygon", "coordinates": [ [ [ -115.2884367, 36.153326699799997 ], [ -115.2884205, 36.153326699799997 ], [ -115.2884205, 36.153323999800001 ], [ -115.2884178, 36.153323999800001 ], [ -115.2884178, 36.153321299799998 ], [ -115.2884151, 36.153321299799998 ], [ -115.2884151, 36.153318599800002 ], [ -115.2884124, 36.153318599800002 ], [ -115.2884124, 36.153313199799996 ], [ -115.288409699999988, 36.153313199799996 ], [ -115.288409699999988, 36.1533104998 ], [ -115.288407, 36.1533104998 ], [ -115.288407, 36.153307799799997 ], [ -115.2884043, 36.153307799799997 ], [ -115.2884043, 36.153302399799998 ], [ -115.2884016, 36.153302399799998 ], [ -115.2884016, 36.153296999799998 ], [ -115.2883935, 36.153296999799998 ], [ -115.2883935, 36.153299699800002 ], [ -115.2883827, 36.153299699800002 ], [ -115.2883827, 36.153302399799998 ], [ -115.2883746, 36.153302399799998 ], [ -115.2883746, 36.153305099800001 ], [ -115.2883638, 36.153305099800001 ], [ -115.2883638, 36.153302399799998 ], [ -115.2883584, 36.153302399799998 ], [ -115.2883584, 36.153296999799998 ], [ -115.2883557, 36.153296999799998 ], [ -115.2883557, 36.153294299799995 ], [ -115.288353, 36.153294299799995 ], [ -115.288353, 36.153291599799999 ], [ -115.2883503, 36.153291599799999 ], [ -115.2883503, 36.1532861998 ], [ -115.2883476, 36.1532861998 ], [ -115.2883476, 36.153283499799997 ], [ -115.2883449, 36.153283499799997 ], [ -115.2883449, 36.153278099799998 ], [ -115.288342199999988, 36.153278099799998 ], [ -115.288342199999988, 36.153275399800002 ], [ -115.2883395, 36.153275399800002 ], [ -115.2883395, 36.153272699799999 ], [ -115.2883368, 36.153272699799999 ], [ -115.2883368, 36.1532672998 ], [ -115.2883341, 36.1532672998 ], [ -115.2883341, 36.153264599799996 ], [ -115.2883314, 36.153264599799996 ], [ -115.2883314, 36.153259199799997 ], [ -115.2883287, 36.153259199799997 ], [ -115.2883287, 36.153256499800001 ], [ -115.288326, 36.153256499800001 ], [ -115.288326, 36.153251099800002 ], [ -115.288323299999988, 36.153251099800002 ], [ -115.288323299999988, 36.153248399799999 ], [ -115.2883206, 36.153248399799999 ], [ -115.2883206, 36.1532429998 ], [ -115.2883179, 36.1532429998 ], [ -115.2883179, 36.153237599800001 ], [ -115.2883152, 36.153237599800001 ], [ -115.2883152, 36.153234899799997 ], [ -115.288312499999989, 36.153234899799997 ], [ -115.288312499999989, 36.153229499799998 ], [ -115.2883098, 36.153229499799998 ], [ -115.2883098, 36.153226799799995 ], [ -115.2883071, 36.153226799799995 ], [ -115.2883071, 36.153221399799996 ], [ -115.2883044, 36.153221399799996 ], [ -115.2883044, 36.153215999799997 ], [ -115.2883071, 36.153215999799997 ], [ -115.2883071, 36.153213299800001 ], [ -115.2883098, 36.153213299800001 ], [ -115.2883098, 36.153210599799998 ], [ -115.2883152, 36.153210599799998 ], [ -115.2883152, 36.153207899800002 ], [ -115.288323299999988, 36.153207899800002 ], [ -115.288323299999988, 36.153205199799999 ], [ -115.2883287, 36.153205199799999 ], [ -115.2883287, 36.153202499799995 ], [ -115.2883314, 36.153202499799995 ], [ -115.2883314, 36.153199799799999 ], [ -115.2883368, 36.153199799799999 ], [ -115.2883368, 36.153197099799996 ], [ -115.288342199999988, 36.153197099799996 ], [ -115.288342199999988, 36.1531943998 ], [ -115.2883476, 36.1531943998 ], [ -115.2883476, 36.153191699799997 ], [ -115.2883557, 36.153191699799997 ], [ -115.2883557, 36.153188999800001 ], [ -115.2883638, 36.153188999800001 ], [ -115.2883638, 36.153186299799998 ], [ -115.2883719, 36.153186299799998 ], [ -115.2883719, 36.153183599800002 ], [ -115.2883773, 36.153183599800002 ], [ -115.2883773, 36.153180899799999 ], [ -115.2883854, 36.153180899799999 ], [ -115.2883854, 36.153178199799996 ], [ -115.288390799999988, 36.153178199799996 ], [ -115.288390799999988, 36.1531754998 ], [ -115.2883989, 36.1531754998 ], [ -115.2883989, 36.153172799799997 ], [ -115.2884043, 36.153172799799997 ], [ -115.2884043, 36.153170099800001 ], [ -115.2884124, 36.153170099800001 ], [ -115.2884124, 36.153167399799997 ], [ -115.2884178, 36.153167399799997 ], [ -115.2884178, 36.153164699800001 ], [ -115.2884232, 36.153164699800001 ], [ -115.2884232, 36.153161999799998 ], [ -115.288428599999989, 36.153161999799998 ], [ -115.288428599999989, 36.153159299799995 ], [ -115.2884313, 36.153159299799995 ], [ -115.2884313, 36.153156599799999 ], [ -115.2884367, 36.153156599799999 ], [ -115.2884367, 36.153153899799996 ], [ -115.2884421, 36.153153899799996 ], [ -115.2884421, 36.1531511998 ], [ -115.2884502, 36.1531511998 ], [ -115.2884502, 36.153148499799997 ], [ -115.2884664, 36.153148499799997 ], [ -115.2884664, 36.1531511998 ], [ -115.2884718, 36.1531511998 ], [ -115.2884718, 36.153153899799996 ], [ -115.2884745, 36.153153899799996 ], [ -115.2884745, 36.153159299799995 ], [ -115.288477199999988, 36.153159299799995 ], [ -115.288477199999988, 36.153161999799998 ], [ -115.2884799, 36.153161999799998 ], [ -115.2884799, 36.153164699800001 ], [ -115.2884826, 36.153164699800001 ], [ -115.2884826, 36.153170099800001 ], [ -115.2884853, 36.153170099800001 ], [ -115.2884853, 36.153172799799997 ], [ -115.288488, 36.153172799799997 ], [ -115.288488, 36.1531754998 ], [ -115.2884907, 36.1531754998 ], [ -115.2884907, 36.153178199799996 ], [ -115.2884934, 36.153178199799996 ], [ -115.2884934, 36.153180899799999 ], [ -115.288496099999989, 36.153180899799999 ], [ -115.288496099999989, 36.153183599800002 ], [ -115.2884988, 36.153183599800002 ], [ -115.2884988, 36.153186299799998 ], [ -115.2885204, 36.153186299799998 ], [ -115.2885204, 36.153183599800002 ], [ -115.2885285, 36.153183599800002 ], [ -115.2885285, 36.153180899799999 ], [ -115.2885366, 36.153180899799999 ], [ -115.2885366, 36.153178199799996 ], [ -115.2885528, 36.153178199799996 ], [ -115.2885528, 36.153180899799999 ], [ -115.2885555, 36.153180899799999 ], [ -115.2885555, 36.153183599800002 ], [ -115.2885582, 36.153183599800002 ], [ -115.2885582, 36.153186299799998 ], [ -115.2885609, 36.153186299799998 ], [ -115.2885609, 36.153188999800001 ], [ -115.288563599999989, 36.153188999800001 ], [ -115.288563599999989, 36.1531943998 ], [ -115.2885663, 36.1531943998 ], [ -115.2885663, 36.153199799799999 ], [ -115.288569, 36.153199799799999 ], [ -115.288569, 36.153205199799999 ], [ -115.2885717, 36.153205199799999 ], [ -115.2885717, 36.153207899800002 ], [ -115.2885744, 36.153207899800002 ], [ -115.2885744, 36.153210599799998 ], [ -115.2885771, 36.153210599799998 ], [ -115.2885771, 36.1532186998 ], [ -115.2885798, 36.1532186998 ], [ -115.2885798, 36.153221399799996 ], [ -115.2885825, 36.153221399799996 ], [ -115.2885825, 36.153226799799995 ], [ -115.2885852, 36.153226799799995 ], [ -115.2885852, 36.153234899799997 ], [ -115.2885879, 36.153234899799997 ], [ -115.2885879, 36.153240299799997 ], [ -115.288596, 36.153240299799997 ], [ -115.288596, 36.153245699799996 ], [ -115.2885987, 36.153245699799996 ], [ -115.2885987, 36.153253799799998 ], [ -115.288596, 36.153253799799998 ], [ -115.288596, 36.153256499800001 ], [ -115.2885906, 36.153256499800001 ], [ -115.2885906, 36.153259199799997 ], [ -115.2885852, 36.153259199799997 ], [ -115.2885852, 36.1532618998 ], [ -115.2885771, 36.1532618998 ], [ -115.2885771, 36.153264599799996 ], [ -115.2885717, 36.153264599799996 ], [ -115.2885717, 36.1532672998 ], [ -115.2885663, 36.1532672998 ], [ -115.2885663, 36.153269999799996 ], [ -115.2885582, 36.153269999799996 ], [ -115.2885582, 36.153272699799999 ], [ -115.2885528, 36.153272699799999 ], [ -115.2885528, 36.153275399800002 ], [ -115.288544699999989, 36.153275399800002 ], [ -115.288544699999989, 36.153278099799998 ], [ -115.2885393, 36.153278099799998 ], [ -115.2885393, 36.153280799800001 ], [ -115.2885339, 36.153280799800001 ], [ -115.2885339, 36.153283499799997 ], [ -115.288525799999988, 36.153283499799997 ], [ -115.288525799999988, 36.1532861998 ], [ -115.2885231, 36.1532861998 ], [ -115.2885231, 36.153288899799996 ], [ -115.2885177, 36.153288899799996 ], [ -115.2885177, 36.153291599799999 ], [ -115.2885123, 36.153291599799999 ], [ -115.2885123, 36.153294299799995 ], [ -115.2885069, 36.153294299799995 ], [ -115.2885069, 36.153296999799998 ], [ -115.2885042, 36.153296999799998 ], [ -115.2885042, 36.153299699800002 ], [ -115.2884988, 36.153299699800002 ], [ -115.2884988, 36.153302399799998 ], [ -115.2884934, 36.153302399799998 ], [ -115.2884934, 36.153305099800001 ], [ -115.288488, 36.153305099800001 ], [ -115.288488, 36.153307799799997 ], [ -115.2884826, 36.153307799799997 ], [ -115.2884826, 36.1533104998 ], [ -115.2884745, 36.1533104998 ], [ -115.2884745, 36.153313199799996 ], [ -115.2884691, 36.153313199799996 ], [ -115.2884691, 36.153315899799999 ], [ -115.288458299999988, 36.153315899799999 ], [ -115.288458299999988, 36.153318599800002 ], [ -115.2884502, 36.153318599800002 ], [ -115.2884502, 36.153321299799998 ], [ -115.2884448, 36.153321299799998 ], [ -115.2884448, 36.153323999800001 ], [ -115.2884367, 36.153323999800001 ], [ -115.2884367, 36.153326699799997 ] ] ] } },
{ "type": "Feature", "properties": { "value": 255.0 }, "geometry": { "type": "Polygon", "coordinates": [ [ [ -115.2896787, 36.153342899800002 ], [ -115.2896733, 36.153342899800002 ], [ -115.2896733, 36.153340199799999 ], [ -115.2896679, 36.153340199799999 ], [ -115.2896679, 36.153337499799996 ], [ -115.2896625, 36.153337499799996 ], [ -115.2896625, 36.1533347998 ], [ -115.2896571, 36.1533347998 ], [ -115.2896571, 36.153332099799997 ], [ -115.2896544, 36.153332099799997 ], [ -115.2896544, 36.1533293998 ], [ -115.289649, 36.1533293998 ], [ -115.289649, 36.153326699799997 ], [ -115.2896463, 36.153326699799997 ], [ -115.2896463, 36.153323999800001 ], [ -115.2896409, 36.153323999800001 ], [ -115.2896409, 36.153321299799998 ], [ -115.2896382, 36.153321299799998 ], [ -115.2896382, 36.153318599800002 ], [ -115.2896328, 36.153318599800002 ], [ -115.2896328, 36.153315899799999 ], [ -115.2896301, 36.153315899799999 ], [ -115.2896301, 36.153313199799996 ], [ -115.2896247, 36.153313199799996 ], [ -115.2896247, 36.1533104998 ], [ -115.289622, 36.1533104998 ], [ -115.289622, 36.153307799799997 ], [ -115.2896193, 36.153307799799997 ], [ -115.2896193, 36.153305099800001 ], [ -115.2896166, 36.153305099800001 ], [ -115.2896166, 36.153302399799998 ], [ -115.2896112, 36.153302399799998 ], [ -115.2896112, 36.153299699800002 ], [ -115.2896085, 36.153299699800002 ], [ -115.2896085, 36.153296999799998 ], [ -115.2896058, 36.153296999799998 ], [ -115.2896058, 36.153294299799995 ], [ -115.2896004, 36.153294299799995 ], [ -115.2896004, 36.153291599799999 ], [ -115.289595, 36.153291599799999 ], [ -115.289595, 36.153288899799996 ], [ -115.2895923, 36.153288899799996 ], [ -115.2895923, 36.1532861998 ], [ -115.2895869, 36.1532861998 ], [ -115.2895869, 36.153283499799997 ], [ -115.2895842, 36.153283499799997 ], [ -115.2895842, 36.153280799800001 ], [ -115.2895788, 36.153280799800001 ], [ -115.2895788, 36.153278099799998 ], [ -115.2895761, 36.153278099799998 ], [ -115.2895761, 36.153275399800002 ], [ -115.2895707, 36.153275399800002 ], [ -115.2895707, 36.153272699799999 ], [ -115.289568, 36.153272699799999 ], [ -115.289568, 36.153269999799996 ], [ -115.2895626, 36.153269999799996 ], [ -115.2895626, 36.1532672998 ], [ -115.2895572, 36.1532672998 ], [ -115.2895572, 36.153264599799996 ], [ -115.2895545, 36.153264599799996 ], [ -115.2895545, 36.1532618998 ], [ -115.2895491, 36.1532618998 ], [ -115.2895491, 36.153259199799997 ], [ -115.2895437, 36.153259199799997 ], [ -115.2895437, 36.153256499800001 ], [ -115.289541, 36.153256499800001 ], [ -115.289541, 36.153253799799998 ], [ -115.2895356, 36.153253799799998 ], [ -115.2895356, 36.153251099800002 ], [ -115.2895329, 36.153251099800002 ], [ -115.2895329, 36.153248399799999 ], [ -115.2895302, 36.153248399799999 ], [ -115.2895302, 36.153245699799996 ], [ -115.2895275, 36.153245699799996 ], [ -115.2895275, 36.153237599800001 ], [ -115.2895302, 36.153237599800001 ], [ -115.2895302, 36.153234899799997 ], [ -115.2895329, 36.153234899799997 ], [ -115.2895329, 36.153232199800001 ], [ -115.2895356, 36.153232199800001 ], [ -115.2895356, 36.153229499799998 ], [ -115.2895383, 36.153229499799998 ], [ -115.2895383, 36.153226799799995 ], [ -115.289541, 36.153226799799995 ], [ -115.289541, 36.153224099799999 ], [ -115.2895437, 36.153224099799999 ], [ -115.2895437, 36.153221399799996 ], [ -115.2895464, 36.153221399799996 ], [ -115.2895464, 36.1532186998 ], [ -115.2895491, 36.1532186998 ], [ -115.2895491, 36.153215999799997 ], [ -115.2895518, 36.153215999799997 ], [ -115.2895518, 36.153213299800001 ], [ -115.2895545, 36.153213299800001 ], [ -115.2895545, 36.153210599799998 ], [ -115.2895572, 36.153210599799998 ], [ -115.2895572, 36.153207899800002 ], [ -115.2895599, 36.153207899800002 ], [ -115.2895599, 36.153205199799999 ], [ -115.2895626, 36.153205199799999 ], [ -115.2895626, 36.153202499799995 ], [ -115.2895653, 36.153202499799995 ], [ -115.2895653, 36.153199799799999 ], [ -115.289568, 36.153199799799999 ], [ -115.289568, 36.153197099799996 ], [ -115.2895707, 36.153197099799996 ], [ -115.2895707, 36.153191699799997 ], [ -115.2895734, 36.153191699799997 ], [ -115.2895734, 36.153188999800001 ], [ -115.2895761, 36.153188999800001 ], [ -115.2895761, 36.153186299799998 ], [ -115.2895788, 36.153186299799998 ], [ -115.2895788, 36.153183599800002 ], [ -115.2895815, 36.153183599800002 ], [ -115.2895815, 36.153180899799999 ], [ -115.2895842, 36.153180899799999 ], [ -115.2895842, 36.153178199799996 ], [ -115.2895869, 36.153178199799996 ], [ -115.2895869, 36.1531754998 ], [ -115.2895923, 36.1531754998 ], [ -115.2895923, 36.153172799799997 ], [ -115.289595, 36.153172799799997 ], [ -115.289595, 36.153167399799997 ], [ -115.2895977, 36.153167399799997 ], [ -115.2895977, 36.153164699800001 ], [ -115.2896004, 36.153164699800001 ], [ -115.2896004, 36.153161999799998 ], [ -115.2896031, 36.153161999799998 ], [ -115.2896031, 36.153159299799995 ], [ -115.2896058, 36.153159299799995 ], [ -115.2896058, 36.153156599799999 ], [ -115.2896085, 36.153156599799999 ], [ -115.2896085, 36.153153899799996 ], [ -115.2896112, 36.153153899799996 ], [ -115.2896112, 36.1531511998 ], [ -115.2896139, 36.1531511998 ], [ -115.2896139, 36.153145799800001 ], [ -115.2896166, 36.153145799800001 ], [ -115.2896166, 36.153143099799998 ], [ -115.2896193, 36.153143099799998 ], [ -115.2896193, 36.153140399800002 ], [ -115.2896328, 36.153140399800002 ], [ -115.2896328, 36.153143099799998 ], [ -115.2896382, 36.153143099799998 ], [ -115.2896382, 36.153145799800001 ], [ -115.2896409, 36.153145799800001 ], [ -115.2896409, 36.153148499799997 ], [ -115.2896463, 36.153148499799997 ], [ -115.2896463, 36.1531511998 ], [ -115.2896517, 36.1531511998 ], [ -115.2896517, 36.153153899799996 ], [ -115.2896544, 36.153153899799996 ], [ -115.2896544, 36.153156599799999 ], [ -115.2896571, 36.153156599799999 ], [ -115.2896571, 36.153159299799995 ], [ -115.2896625, 36.153159299799995 ], [ -115.2896625, 36.153161999799998 ], [ -115.2896706, 36.153161999799998 ], [ -115.2896706, 36.153164699800001 ], [ -115.289676, 36.153164699800001 ], [ -115.289676, 36.153167399799997 ], [ -115.2896976, 36.153167399799997 ], [ -115.2896976, 36.153170099800001 ], [ -115.2897057, 36.153170099800001 ], [ -115.2897057, 36.153172799799997 ], [ -115.2897084, 36.153172799799997 ], [ -115.2897084, 36.1531754998 ], [ -115.2897138, 36.1531754998 ], [ -115.2897138, 36.153178199799996 ], [ -115.2897192, 36.153178199799996 ], [ -115.2897192, 36.153180899799999 ], [ -115.2897273, 36.153180899799999 ], [ -115.2897273, 36.153183599800002 ], [ -115.2897354, 36.153183599800002 ], [ -115.2897354, 36.153180899799999 ], [ -115.2897462, 36.153180899799999 ], [ -115.2897462, 36.153178199799996 ], [ -115.2897597, 36.153178199799996 ], [ -115.2897597, 36.153180899799999 ], [ -115.2897651, 36.153180899799999 ], [ -115.2897651, 36.153183599800002 ], [ -115.2897678, 36.153183599800002 ], [ -115.2897678, 36.153186299799998 ], [ -115.2897732, 36.153186299799998 ], [ -115.2897732, 36.153188999800001 ], [ -115.2897759, 36.153188999800001 ], [ -115.2897759, 36.153191699799997 ], [ -115.2897813, 36.153191699799997 ], [ -115.2897813, 36.1531943998 ], [ -115.289784, 36.1531943998 ], [ -115.289784, 36.153197099799996 ], [ -115.2897894, 36.153197099799996 ], [ -115.2897894, 36.153199799799999 ], [ -115.2897948, 36.153199799799999 ], [ -115.2897948, 36.153202499799995 ], [ -115.2897975, 36.153202499799995 ], [ -115.2897975, 36.153205199799999 ], [ -115.2898029, 36.153205199799999 ], [ -115.2898029, 36.153207899800002 ], [ -115.2898056, 36.153207899800002 ], [ -115.2898056, 36.153210599799998 ], [ -115.289811, 36.153210599799998 ], [ -115.289811, 36.153213299800001 ], [ -115.2898137, 36.153213299800001 ], [ -115.2898137, 36.153215999799997 ], [ -115.2898164, 36.153215999799997 ], [ -115.2898164, 36.153226799799995 ], [ -115.2898137, 36.153226799799995 ], [ -115.2898137, 36.153232199800001 ], [ -115.289811, 36.153232199800001 ], [ -115.289811, 36.153234899799997 ], [ -115.2898056, 36.153234899799997 ], [ -115.2898056, 36.153237599800001 ], [ -115.2898029, 36.153237599800001 ], [ -115.2898029, 36.153240299799997 ], [ -115.2898002, 36.153240299799997 ], [ -115.2898002, 36.1532429998 ], [ -115.2897975, 36.1532429998 ], [ -115.2897975, 36.153248399799999 ], [ -115.2897948, 36.153248399799999 ], [ -115.2897948, 36.153251099800002 ], [ -115.2897894, 36.153251099800002 ], [ -115.2897894, 36.153253799799998 ], [ -115.2897867, 36.153253799799998 ], [ -115.2897867, 36.153256499800001 ], [ -115.289784, 36.153256499800001 ], [ -115.289784, 36.1532618998 ], [ -115.2897813, 36.1532618998 ], [ -115.2897813, 36.153264599799996 ], [ -115.2897786, 36.153264599799996 ], [ -115.2897786, 36.1532672998 ], [ -115.2897759, 36.1532672998 ], [ -115.2897759, 36.153269999799996 ], [ -115.2897732, 36.153269999799996 ], [ -115.2897732, 36.153272699799999 ], [ -115.2897705, 36.153272699799999 ], [ -115.2897705, 36.153275399800002 ], [ -115.2897678, 36.153275399800002 ], [ -115.2897678, 36.153278099799998 ], [ -115.2897651, 36.153278099799998 ], [ -115.2897651, 36.153280799800001 ], [ -115.2897624, 36.153280799800001 ], [ -115.2897624, 36.153283499799997 ], [ -115.2897597, 36.153283499799997 ], [ -115.2897597, 36.1532861998 ], [ -115.2897543, 36.1532861998 ], [ -115.2897543, 36.153288899799996 ], [ -115.2897435, 36.153288899799996 ], [ -115.2897435, 36.1532861998 ], [ -115.2897408, 36.1532861998 ], [ -115.2897408, 36.153288899799996 ], [ -115.2897354, 36.153288899799996 ], [ -115.2897354, 36.153291599799999 ], [ -115.2897327, 36.153291599799999 ], [ -115.2897327, 36.153294299799995 ], [ -115.28973, 36.153294299799995 ], [ -115.28973, 36.153299699800002 ], [ -115.2897273, 36.153299699800002 ], [ -115.2897273, 36.153307799799997 ], [ -115.2897246, 36.153307799799997 ], [ -115.2897246, 36.1533104998 ], [ -115.2897219, 36.1533104998 ], [ -115.2897219, 36.153313199799996 ], [ -115.2897165, 36.153313199799996 ], [ -115.2897165, 36.153315899799999 ], [ -115.2897138, 36.153315899799999 ], [ -115.2897138, 36.153318599800002 ], [ -115.2897111, 36.153318599800002 ], [ -115.2897111, 36.153321299799998 ], [ -115.2897057, 36.153321299799998 ], [ -115.2897057, 36.153323999800001 ], [ -115.289703, 36.153323999800001 ], [ -115.289703, 36.153326699799997 ], [ -115.2896949, 36.153326699799997 ], [ -115.2896949, 36.1533293998 ], [ -115.2896922, 36.1533293998 ], [ -115.2896922, 36.153332099799997 ], [ -115.2896868, 36.153332099799997 ], [ -115.2896868, 36.153337499799996 ], [ -115.2896841, 36.153337499799996 ], [ -115.2896841, 36.153340199799999 ], [ -115.2896787, 36.153340199799999 ], [ -115.2896787, 36.153342899800002 ] ] ] } },
{ "type": "Feature", "properties": { "value": 255.0 }, "geometry": { "type": "Polygon", "coordinates": [ [ [ -115.2889389, 36.153224099799999 ], [ -115.2889254, 36.153224099799999 ], [ -115.2889254, 36.153221399799996 ], [ -115.2889227, 36.153221399799996 ], [ -115.2889227, 36.1532186998 ], [ -115.28892, 36.1532186998 ], [ -115.28892, 36.153215999799997 ], [ -115.2889173, 36.153215999799997 ], [ -115.2889173, 36.153213299800001 ], [ -115.2889146, 36.153213299800001 ], [ -115.2889146, 36.153207899800002 ], [ -115.2889119, 36.153207899800002 ], [ -115.2889119, 36.153205199799999 ], [ -115.2889092, 36.153205199799999 ], [ -115.2889092, 36.153197099799996 ], [ -115.2889065, 36.153197099799996 ], [ -115.2889065, 36.1531943998 ], [ -115.2889038, 36.1531943998 ], [ -115.2889038, 36.153188999800001 ], [ -115.2889011, 36.153188999800001 ], [ -115.2889011, 36.153186299799998 ], [ -115.2888984, 36.153186299799998 ], [ -115.2888984, 36.153180899799999 ], [ -115.2888957, 36.153180899799999 ], [ -115.2888957, 36.153178199799996 ], [ -115.288893, 36.153178199799996 ], [ -115.288893, 36.1531754998 ], [ -115.2888903, 36.1531754998 ], [ -115.2888903, 36.153172799799997 ], [ -115.2888876, 36.153172799799997 ], [ -115.2888876, 36.153170099800001 ], [ -115.2888849, 36.153170099800001 ], [ -115.2888849, 36.153167399799997 ], [ -115.288882199999989, 36.153167399799997 ], [ -115.288882199999989, 36.153161999799998 ], [ -115.2888795, 36.153161999799998 ], [ -115.2888795, 36.153159299799995 ], [ -115.2888768, 36.153159299799995 ], [ -115.2888768, 36.153148499799997 ], [ -115.2888795, 36.153148499799997 ], [ -115.2888795, 36.153145799800001 ], [ -115.2888876, 36.153145799800001 ], [ -115.2888876, 36.153143099799998 ], [ -115.288893, 36.153143099799998 ], [ -115.288893, 36.153140399800002 ], [ -115.2888957, 36.153140399800002 ], [ -115.2888957, 36.153137699799998 ], [ -115.2889011, 36.153137699799998 ], [ -115.2889011, 36.153134999799995 ], [ -115.2889038, 36.153134999799995 ], [ -115.2889038, 36.153132299799999 ], [ -115.2889065, 36.153132299799999 ], [ -115.2889065, 36.153129599799996 ], [ -115.2889119, 36.153129599799996 ], [ -115.2889119, 36.1531268998 ], [ -115.2889146, 36.1531268998 ], [ -115.2889146, 36.153124199799997 ], [ -115.2889173, 36.153124199799997 ], [ -115.2889173, 36.153113399799999 ], [ -115.2889146, 36.153113399799999 ], [ -115.2889146, 36.153110699799996 ], [ -115.2889092, 36.153110699799996 ], [ -115.2889092, 36.1531079998 ], [ -115.2889065, 36.1531079998 ], [ -115.2889065, 36.153105299799996 ], [ -115.2889038, 36.153105299799996 ], [ -115.2889038, 36.1531025998 ], [ -115.2889011, 36.1531025998 ], [ -115.2889011, 36.153099899799997 ], [ -115.2888984, 36.153099899799997 ], [ -115.2888984, 36.153094499799998 ], [ -115.2888957, 36.153094499799998 ], [ -115.2888957, 36.153091799799995 ], [ -115.288893, 36.153091799799995 ], [ -115.288893, 36.153089099799999 ], [ -115.2888876, 36.153089099799999 ], [ -115.2888876, 36.153075599799998 ], [ -115.2888903, 36.153075599799998 ], [ -115.2888903, 36.153070199799998 ], [ -115.288893, 36.153070199799998 ], [ -115.288893, 36.153067499799995 ], [ -115.2888984, 36.153067499799995 ], [ -115.2888984, 36.153064799799999 ], [ -115.2889065, 36.153064799799999 ], [ -115.2889065, 36.153062099799996 ], [ -115.2889173, 36.153062099799996 ], [ -115.2889173, 36.1530593998 ], [ -115.2889227, 36.1530593998 ], [ -115.2889227, 36.153056699799997 ], [ -115.2889281, 36.153056699799997 ], [ -115.2889281, 36.153053999800001 ], [ -115.2889362, 36.153053999800001 ], [ -115.2889362, 36.153051299799998 ], [ -115.2889443, 36.153051299799998 ], [ -115.2889443, 36.153048599800002 ], [ -115.2889551, 36.153048599800002 ], [ -115.2889551, 36.153045899799999 ], [ -115.2889632, 36.153045899799999 ], [ -115.2889632, 36.153043199799995 ], [ -115.2889686, 36.153043199799995 ], [ -115.2889686, 36.153040499799999 ], [ -115.288974, 36.153040499799999 ], [ -115.288974, 36.153037799799996 ], [ -115.2889794, 36.153037799799996 ], [ -115.2889794, 36.1530350998 ], [ -115.2889848, 36.1530350998 ], [ -115.2889848, 36.153032399799997 ], [ -115.2889875, 36.153032399799997 ], [ -115.2889875, 36.153029699800001 ], [ -115.2889929, 36.153029699800001 ], [ -115.2889929, 36.153026999799998 ], [ -115.288998299999989, 36.153026999799998 ], [ -115.288998299999989, 36.153024299799995 ], [ -115.2890037, 36.153024299799995 ], [ -115.2890037, 36.153021599799999 ], [ -115.2890226, 36.153021599799999 ], [ -115.2890226, 36.153024299799995 ], [ -115.289028, 36.153024299799995 ], [ -115.289028, 36.153026999799998 ], [ -115.2890334, 36.153026999799998 ], [ -115.2890334, 36.153029699800001 ], [ -115.2890361, 36.153029699800001 ], [ -115.2890361, 36.153032399799997 ], [ -115.2890388, 36.153032399799997 ], [ -115.2890388, 36.153029699800001 ], [ -115.2890496, 36.153029699800001 ], [ -115.2890496, 36.153026999799998 ], [ -115.289055, 36.153026999799998 ], [ -115.289055, 36.153024299799995 ], [ -115.2890577, 36.153024299799995 ], [ -115.2890577, 36.153021599799999 ], [ -115.2890712, 36.153021599799999 ], [ -115.2890712, 36.153024299799995 ], [ -115.2890739, 36.153024299799995 ], [ -115.2890739, 36.153026999799998 ], [ -115.2890766, 36.153026999799998 ], [ -115.2890766, 36.153029699800001 ], [ -115.2890793, 36.153029699800001 ], [ -115.2890793, 36.153032399799997 ], [ -115.289082, 36.153032399799997 ], [ -115.289082, 36.153037799799996 ], [ -115.289084699999989, 36.153037799799996 ], [ -115.289084699999989, 36.153043199799995 ], [ -115.2890874, 36.153043199799995 ], [ -115.2890874, 36.153045899799999 ], [ -115.2890901, 36.153045899799999 ], [ -115.2890901, 36.153051299799998 ], [ -115.2890928, 36.153051299799998 ], [ -115.2890928, 36.153053999800001 ], [ -115.2890955, 36.153053999800001 ], [ -115.2890955, 36.153056699799997 ], [ -115.2890982, 36.153056699799997 ], [ -115.2890982, 36.1530593998 ], [ -115.2891009, 36.1530593998 ], [ -115.2891009, 36.153064799799999 ], [ -115.2891036, 36.153064799799999 ], [ -115.2891036, 36.153067499799995 ], [ -115.2891063, 36.153067499799995 ], [ -115.2891063, 36.153072899800001 ], [ -115.289109, 36.153072899800001 ], [ -115.289109, 36.153075599799998 ], [ -115.2891117, 36.153075599799998 ], [ -115.2891117, 36.153080999799997 ], [ -115.2891144, 36.153080999799997 ], [ -115.2891144, 36.1530836998 ], [ -115.2891171, 36.1530836998 ], [ -115.2891171, 36.153091799799995 ], [ -115.2891144, 36.153091799799995 ], [ -115.2891144, 36.153094499799998 ], [ -115.289109, 36.153094499799998 ], [ -115.289109, 36.153099899799997 ], [ -115.2891063, 36.153099899799997 ], [ -115.2891063, 36.1531025998 ], [ -115.2891036, 36.1531025998 ], [ -115.2891036, 36.153105299799996 ], [ -115.2890982, 36.153105299799996 ], [ -115.2890982, 36.1531079998 ], [ -115.2890928, 36.1531079998 ], [ -115.2890928, 36.153116099800002 ], [ -115.2890982, 36.153116099800002 ], [ -115.2890982, 36.153118799799998 ], [ -115.2891009, 36.153118799799998 ], [ -115.2891009, 36.1531268998 ], [ -115.2891036, 36.1531268998 ], [ -115.2891036, 36.153129599799996 ], [ -115.2891063, 36.153129599799996 ], [ -115.2891063, 36.153140399800002 ], [ -115.289109, 36.153140399800002 ], [ -115.289109, 36.153143099799998 ], [ -115.2891117, 36.153143099799998 ], [ -115.2891117, 36.153148499799997 ], [ -115.289109, 36.153148499799997 ], [ -115.289109, 36.1531511998 ], [ -115.2890955, 36.1531511998 ], [ -115.2890955, 36.153153899799996 ], [ -115.289084699999989, 36.153153899799996 ], [ -115.289084699999989, 36.153156599799999 ], [ -115.2890793, 36.153156599799999 ], [ -115.2890793, 36.153159299799995 ], [ -115.2890766, 36.153159299799995 ], [ -115.2890766, 36.153161999799998 ], [ -115.2890712, 36.153161999799998 ], [ -115.2890712, 36.153164699800001 ], [ -115.2890631, 36.153164699800001 ], [ -115.2890631, 36.153167399799997 ], [ -115.2890577, 36.153167399799997 ], [ -115.2890577, 36.153170099800001 ], [ -115.289055, 36.153170099800001 ], [ -115.289055, 36.153172799799997 ], [ -115.2890523, 36.153172799799997 ], [ -115.2890523, 36.1531754998 ], [ -115.2890469, 36.1531754998 ], [ -115.2890469, 36.153178199799996 ], [ -115.2890415, 36.153178199799996 ], [ -115.2890415, 36.153180899799999 ], [ -115.2890361, 36.153180899799999 ], [ -115.2890361, 36.153183599800002 ], [ -115.289028, 36.153183599800002 ], [ -115.289028, 36.153186299799998 ], [ -115.289017199999989, 36.153186299799998 ], [ -115.289017199999989, 36.153188999800001 ], [ -115.2890064, 36.153188999800001 ], [ -115.2890064, 36.153191699799997 ], [ -115.288998299999989, 36.153191699799997 ], [ -115.288998299999989, 36.1531943998 ], [ -115.2889929, 36.1531943998 ], [ -115.2889929, 36.153197099799996 ], [ -115.2889875, 36.153197099799996 ], [ -115.2889875, 36.153199799799999 ], [ -115.2889848, 36.153199799799999 ], [ -115.2889848, 36.153202499799995 ], [ -115.2889794, 36.153202499799995 ], [ -115.2889794, 36.153205199799999 ], [ -115.288974, 36.153205199799999 ], [ -115.288974, 36.153207899800002 ], [ -115.2889686, 36.153207899800002 ], [ -115.2889686, 36.153210599799998 ], [ -115.2889605, 36.153210599799998 ], [ -115.2889605, 36.153213299800001 ], [ -115.2889551, 36.153213299800001 ], [ -115.2889551, 36.153215999799997 ], [ -115.288949699999989, 36.153215999799997 ], [ -115.288949699999989, 36.1532186998 ], [ -115.2889443, 36.1532186998 ], [ -115.2889443, 36.153221399799996 ], [ -115.2889389, 36.153221399799996 ], [ -115.2889389, 36.153224099799999 ] ] ] } },
{ "type": "Feature", "properties": { "value": 255.0 }, "geometry": { "type": "Polygon", "coordinates": [ [ [ -115.2898677, 36.1531754998 ], [ -115.2898542, 36.1531754998 ], [ -115.2898542, 36.153172799799997 ], [ -115.2898515, 36.153172799799997 ], [ -115.2898515, 36.153170099800001 ], [ -115.2898461, 36.153170099800001 ], [ -115.2898461, 36.153167399799997 ], [ -115.2898434, 36.153167399799997 ], [ -115.2898434, 36.153164699800001 ], [ -115.289838, 36.153164699800001 ], [ -115.289838, 36.153161999799998 ], [ -115.2898353, 36.153161999799998 ], [ -115.2898353, 36.153159299799995 ], [ -115.2898299, 36.153159299799995 ], [ -115.2898299, 36.153156599799999 ], [ -115.2898272, 36.153156599799999 ], [ -115.2898272, 36.153153899799996 ], [ -115.2898245, 36.153153899799996 ], [ -115.2898245, 36.1531511998 ], [ -115.2898218, 36.1531511998 ], [ -115.2898218, 36.153148499799997 ], [ -115.2898164, 36.153148499799997 ], [ -115.2898164, 36.153145799800001 ], [ -115.2898137, 36.153145799800001 ], [ -115.2898137, 36.153140399800002 ], [ -115.289811, 36.153140399800002 ], [ -115.289811, 36.153137699799998 ], [ -115.2898083, 36.153137699799998 ], [ -115.2898083, 36.153134999799995 ], [ -115.2898029, 36.153134999799995 ], [ -115.2898029, 36.153132299799999 ], [ -115.2898002, 36.153132299799999 ], [ -115.2898002, 36.153129599799996 ], [ -115.2897948, 36.153129599799996 ], [ -115.2897948, 36.1531268998 ], [ -115.2897894, 36.1531268998 ], [ -115.2897894, 36.153124199799997 ], [ -115.289784, 36.153124199799997 ], [ -115.289784, 36.153121499800001 ], [ -115.2897786, 36.153121499800001 ], [ -115.2897786, 36.153118799799998 ], [ -115.2897759, 36.153118799799998 ], [ -115.2897759, 36.153116099800002 ], [ -115.2897732, 36.153116099800002 ], [ -115.2897732, 36.153113399799999 ], [ -115.2897678, 36.153113399799999 ], [ -115.2897678, 36.153110699799996 ], [ -115.2897624, 36.153110699799996 ], [ -115.2897624, 36.1531079998 ], [ -115.289757, 36.1531079998 ], [ -115.289757, 36.153105299799996 ], [ -115.2897516, 36.153105299799996 ], [ -115.2897516, 36.1531025998 ], [ -115.2897462, 36.1531025998 ], [ -115.2897462, 36.153099899799997 ], [ -115.2897435, 36.153099899799997 ], [ -115.2897435, 36.153097199800001 ], [ -115.2897381, 36.153097199800001 ], [ -115.2897381, 36.153094499799998 ], [ -115.2897327, 36.153094499799998 ], [ -115.2897327, 36.153091799799995 ], [ -115.28973, 36.153091799799995 ], [ -115.28973, 36.153089099799999 ], [ -115.2897246, 36.153089099799999 ], [ -115.2897246, 36.153086399799996 ], [ -115.2897192, 36.153086399799996 ], [ -115.2897192, 36.1530836998 ], [ -115.2897138, 36.1530836998 ], [ -115.2897138, 36.153080999799997 ], [ -115.289703, 36.153080999799997 ], [ -115.289703, 36.153075599799998 ], [ -115.2896976, 36.153075599799998 ], [ -115.2896976, 36.153072899800001 ], [ -115.2896949, 36.153072899800001 ], [ -115.2896949, 36.153064799799999 ], [ -115.2896976, 36.153064799799999 ], [ -115.2896976, 36.1530593998 ], [ -115.2897003, 36.1530593998 ], [ -115.2897003, 36.153056699799997 ], [ -115.2897057, 36.153056699799997 ], [ -115.2897057, 36.153053999800001 ], [ -115.2897084, 36.153053999800001 ], [ -115.2897084, 36.153051299799998 ], [ -115.2897111, 36.153051299799998 ], [ -115.2897111, 36.153048599800002 ], [ -115.2897138, 36.153048599800002 ], [ -115.2897138, 36.153045899799999 ], [ -115.2897192, 36.153045899799999 ], [ -115.2897192, 36.153040499799999 ], [ -115.2897219, 36.153040499799999 ], [ -115.2897219, 36.1530350998 ], [ -115.2897246, 36.1530350998 ], [ -115.2897246, 36.153032399799997 ], [ -115.2897273, 36.153032399799997 ], [ -115.2897273, 36.153018899799996 ], [ -115.2897246, 36.153018899799996 ], [ -115.2897246, 36.152997299799999 ], [ -115.2897273, 36.152997299799999 ], [ -115.2897273, 36.152994599799996 ], [ -115.2897327, 36.152994599799996 ], [ -115.2897327, 36.1529918998 ], [ -115.2897354, 36.1529918998 ], [ -115.2897354, 36.152989199799997 ], [ -115.2897408, 36.152989199799997 ], [ -115.2897408, 36.152986499800001 ], [ -115.2897435, 36.152986499800001 ], [ -115.2897435, 36.152981099800002 ], [ -115.289757, 36.152981099800002 ], [ -115.289757, 36.152983799799998 ], [ -115.2897597, 36.152983799799998 ], [ -115.2897597, 36.152986499800001 ], [ -115.2897624, 36.152986499800001 ], [ -115.2897624, 36.152989199799997 ], [ -115.2897732, 36.152989199799997 ], [ -115.2897732, 36.152986499800001 ], [ -115.2897813, 36.152986499800001 ], [ -115.2897813, 36.152983799799998 ], [ -115.289784, 36.152983799799998 ], [ -115.289784, 36.152981099800002 ], [ -115.2897867, 36.152981099800002 ], [ -115.2897867, 36.152978399799998 ], [ -115.2897894, 36.152978399799998 ], [ -115.2897894, 36.152972999799999 ], [ -115.2897948, 36.152972999799999 ], [ -115.2897948, 36.152970299799996 ], [ -115.2898002, 36.152970299799996 ], [ -115.2898002, 36.1529675998 ], [ -115.2898029, 36.1529675998 ], [ -115.2898029, 36.152964899799997 ], [ -115.2898083, 36.152964899799997 ], [ -115.2898083, 36.152962199800001 ], [ -115.289811, 36.152962199800001 ], [ -115.289811, 36.152959499799998 ], [ -115.2898137, 36.152959499799998 ], [ -115.2898137, 36.152956799799995 ], [ -115.2898164, 36.152956799799995 ], [ -115.2898164, 36.152954099799999 ], [ -115.2898191, 36.152954099799999 ], [ -115.2898191, 36.152951399799996 ], [ -115.2898218, 36.152951399799996 ], [ -115.2898218, 36.152954099799999 ], [ -115.2898245, 36.152954099799999 ], [ -115.2898245, 36.152956799799995 ], [ -115.2898272, 36.152956799799995 ], [ -115.2898272, 36.152959499799998 ], [ -115.2898326, 36.152959499799998 ], [ -115.2898326, 36.152962199800001 ], [ -115.2898353, 36.152962199800001 ], [ -115.2898353, 36.152964899799997 ], [ -115.289838, 36.152964899799997 ], [ -115.289838, 36.152970299799996 ], [ -115.2898407, 36.152970299799996 ], [ -115.2898407, 36.152972999799999 ], [ -115.2898434, 36.152972999799999 ], [ -115.2898434, 36.152975699799995 ], [ -115.2898488, 36.152975699799995 ], [ -115.2898488, 36.152978399799998 ], [ -115.2898515, 36.152978399799998 ], [ -115.2898515, 36.152981099800002 ], [ -115.2898569, 36.152981099800002 ], [ -115.2898569, 36.152983799799998 ], [ -115.2898623, 36.152983799799998 ], [ -115.2898623, 36.152986499800001 ], [ -115.289865, 36.152986499800001 ], [ -115.289865, 36.152989199799997 ], [ -115.2898677, 36.152989199799997 ], [ -115.2898677, 36.1529918998 ], [ -115.2898704, 36.1529918998 ], [ -115.2898704, 36.152994599799996 ], [ -115.2898758, 36.152994599799996 ], [ -115.2898758, 36.152997299799999 ], [ -115.2898812, 36.152997299799999 ], [ -115.2898812, 36.152999999799995 ], [ -115.2898839, 36.152999999799995 ], [ -115.2898839, 36.153002699799998 ], [ -115.2898866, 36.153002699799998 ], [ -115.2898866, 36.153005399800001 ], [ -115.289892, 36.153005399800001 ], [ -115.289892, 36.153008099799997 ], [ -115.2898947, 36.153008099799997 ], [ -115.2898947, 36.153010799800001 ], [ -115.2899001, 36.153010799800001 ], [ -115.2899001, 36.153013499799997 ], [ -115.2899055, 36.153013499799997 ], [ -115.2899055, 36.1530161998 ], [ -115.2899082, 36.1530161998 ], [ -115.2899082, 36.153018899799996 ], [ -115.2899109, 36.153018899799996 ], [ -115.2899109, 36.153024299799995 ], [ -115.2899163, 36.153024299799995 ], [ -115.2899163, 36.153026999799998 ], [ -115.2899217, 36.153026999799998 ], [ -115.2899217, 36.153029699800001 ], [ -115.2899244, 36.153029699800001 ], [ -115.2899244, 36.153040499799999 ], [ -115.2899217, 36.153040499799999 ], [ -115.2899217, 36.153043199799995 ], [ -115.289919, 36.153043199799995 ], [ -115.289919, 36.153045899799999 ], [ -115.2899163, 36.153045899799999 ], [ -115.2899163, 36.153048599800002 ], [ -115.2899109, 36.153048599800002 ], [ -115.2899109, 36.153051299799998 ], [ -115.2899082, 36.153051299799998 ], [ -115.2899082, 36.153053999800001 ], [ -115.2899055, 36.153053999800001 ], [ -115.2899055, 36.153056699799997 ], [ -115.2899001, 36.153056699799997 ], [ -115.2899001, 36.1530593998 ], [ -115.2898974, 36.1530593998 ], [ -115.2898974, 36.153062099799996 ], [ -115.2898947, 36.153062099799996 ], [ -115.2898947, 36.153064799799999 ], [ -115.289892, 36.153064799799999 ], [ -115.289892, 36.153067499799995 ], [ -115.2898893, 36.153067499799995 ], [ -115.2898893, 36.153078299800001 ], [ -115.289892, 36.153078299800001 ], [ -115.289892, 36.153080999799997 ], [ -115.2898974, 36.153080999799997 ], [ -115.2898974, 36.1530836998 ], [ -115.2899028, 36.1530836998 ], [ -115.2899028, 36.153086399799996 ], [ -115.2899163, 36.153086399799996 ], [ -115.2899163, 36.153089099799999 ], [ -115.2899217, 36.153089099799999 ], [ -115.2899217, 36.153094499799998 ], [ -115.2899244, 36.153094499799998 ], [ -115.2899244, 36.153099899799997 ], [ -115.2899271, 36.153099899799997 ], [ -115.2899271, 36.1531079998 ], [ -115.2899244, 36.1531079998 ], [ -115.2899244, 36.153113399799999 ], [ -115.2899217, 36.153113399799999 ], [ -115.2899217, 36.153116099800002 ], [ -115.2899163, 36.153116099800002 ], [ -115.2899163, 36.153118799799998 ], [ -115.2899136, 36.153118799799998 ], [ -115.2899136, 36.153121499800001 ], [ -115.2899109, 36.153121499800001 ], [ -115.2899109, 36.153124199799997 ], [ -115.2899055, 36.153124199799997 ], [ -115.2899055, 36.1531268998 ], [ -115.2899028, 36.1531268998 ], [ -115.2899028, 36.153129599799996 ], [ -115.2899001, 36.153129599799996 ], [ -115.2899001, 36.153134999799995 ], [ -115.2898974, 36.153134999799995 ], [ -115.2898974, 36.153137699799998 ], [ -115.2898947, 36.153137699799998 ], [ -115.2898947, 36.153140399800002 ], [ -115.289892, 36.153140399800002 ], [ -115.289892, 36.153143099799998 ], [ -115.2898893, 36.153143099799998 ], [ -115.2898893, 36.153145799800001 ], [ -115.2898866, 36.153145799800001 ], [ -115.2898866, 36.153148499799997 ], [ -115.2898839, 36.153148499799997 ], [ -115.2898839, 36.1531511998 ], [ -115.2898812, 36.1531511998 ], [ -115.2898812, 36.153153899799996 ], [ -115.2898785, 36.153153899799996 ], [ -115.2898785, 36.153159299799995 ], [ -115.2898758, 36.153159299799995 ], [ -115.2898758, 36.153161999799998 ], [ -115.2898731, 36.153161999799998 ], [ -115.2898731, 36.153164699800001 ], [ -115.2898704, 36.153164699800001 ], [ -115.2898704, 36.153170099800001 ], [ -115.2898677, 36.153170099800001 ], [ -115.2898677, 36.1531754998 ] ] ] } },
{ "type": "Feature", "properties": { "value": 255.0 }, "geometry": { "type": "Polygon", "coordinates": [ [ [ -115.2893898, 36.153094499799998 ], [ -115.2893628, 36.153094499799998 ], [ -115.2893628, 36.153091799799995 ], [ -115.289352, 36.153091799799995 ], [ -115.289352, 36.153089099799999 ], [ -115.2893466, 36.153089099799999 ], [ -115.2893466, 36.153086399799996 ], [ -115.2893385, 36.153086399799996 ], [ -115.2893385, 36.1530836998 ], [ -115.2893331, 36.1530836998 ], [ -115.2893331, 36.153080999799997 ], [ -115.2893304, 36.153080999799997 ], [ -115.2893304, 36.153078299800001 ], [ -115.2893277, 36.153078299800001 ], [ -115.2893277, 36.153075599799998 ], [ -115.2893223, 36.153075599799998 ], [ -115.2893223, 36.153072899800001 ], [ -115.2893169, 36.153072899800001 ], [ -115.2893169, 36.153070199799998 ], [ -115.2893115, 36.153070199799998 ], [ -115.2893115, 36.153067499799995 ], [ -115.2893061, 36.153067499799995 ], [ -115.2893061, 36.153064799799999 ], [ -115.2893007, 36.153064799799999 ], [ -115.2893007, 36.153062099799996 ], [ -115.2892953, 36.153062099799996 ], [ -115.2892953, 36.1530593998 ], [ -115.2892926, 36.1530593998 ], [ -115.2892926, 36.153056699799997 ], [ -115.2892872, 36.153056699799997 ], [ -115.2892872, 36.153053999800001 ], [ -115.2892845, 36.153053999800001 ], [ -115.2892845, 36.153051299799998 ], [ -115.2892791, 36.153051299799998 ], [ -115.2892791, 36.153048599800002 ], [ -115.2892764, 36.153048599800002 ], [ -115.2892764, 36.153043199799995 ], [ -115.2892737, 36.153043199799995 ], [ -115.2892737, 36.153040499799999 ], [ -115.2892764, 36.153040499799999 ], [ -115.2892764, 36.153032399799997 ], [ -115.2892791, 36.153032399799997 ], [ -115.2892791, 36.153026999799998 ], [ -115.2892818, 36.153026999799998 ], [ -115.2892818, 36.153024299799995 ], [ -115.2892845, 36.153024299799995 ], [ -115.2892845, 36.153021599799999 ], [ -115.2892872, 36.153021599799999 ], [ -115.2892872, 36.153018899799996 ], [ -115.2892926, 36.153018899799996 ], [ -115.2892926, 36.1530161998 ], [ -115.2892953, 36.1530161998 ], [ -115.2892953, 36.153008099799997 ], [ -115.289298, 36.153008099799997 ], [ -115.289298, 36.152999999799995 ], [ -115.2893007, 36.152999999799995 ], [ -115.2893007, 36.152994599799996 ], [ -115.289298, 36.152994599799996 ], [ -115.289298, 36.152989199799997 ], [ -115.2892953, 36.152989199799997 ], [ -115.2892953, 36.152986499800001 ], [ -115.2892899, 36.152986499800001 ], [ -115.2892899, 36.152983799799998 ], [ -115.2892845, 36.152983799799998 ], [ -115.2892845, 36.152981099800002 ], [ -115.2892791, 36.152981099800002 ], [ -115.2892791, 36.152978399799998 ], [ -115.2892737, 36.152978399799998 ], [ -115.2892737, 36.152975699799995 ], [ -115.289268299999989, 36.152975699799995 ], [ -115.289268299999989, 36.152972999799999 ], [ -115.2892629, 36.152972999799999 ], [ -115.2892629, 36.152970299799996 ], [ -115.2892602, 36.152970299799996 ], [ -115.2892602, 36.152954099799999 ], [ -115.2892629, 36.152954099799999 ], [ -115.2892629, 36.152951399799996 ], [ -115.2892656, 36.152951399799996 ], [ -115.2892656, 36.1529486998 ], [ -115.289268299999989, 36.1529486998 ], [ -115.289268299999989, 36.152945999799996 ], [ -115.289271, 36.152945999799996 ], [ -115.289271, 36.1529432998 ], [ -115.2892737, 36.1529432998 ], [ -115.2892737, 36.152940599799997 ], [ -115.2892764, 36.152940599799997 ], [ -115.2892764, 36.152937899800001 ], [ -115.2892791, 36.152937899800001 ], [ -115.2892791, 36.152935199799998 ], [ -115.2892818, 36.152935199799998 ], [ -115.2892818, 36.152932499799995 ], [ -115.2892845, 36.152932499799995 ], [ -115.2892845, 36.152929799799999 ], [ -115.2892872, 36.152929799799999 ], [ -115.2892872, 36.1529243998 ], [ -115.2892899, 36.1529243998 ], [ -115.2892899, 36.152921699799997 ], [ -115.2892926, 36.152921699799997 ], [ -115.2892926, 36.152918999800001 ], [ -115.2892953, 36.152918999800001 ], [ -115.2892953, 36.152916299799998 ], [ -115.289298, 36.152916299799998 ], [ -115.289298, 36.152913599800002 ], [ -115.2893007, 36.152913599800002 ], [ -115.2893007, 36.152910899799998 ], [ -115.2893034, 36.152910899799998 ], [ -115.2893034, 36.152908199799995 ], [ -115.2893061, 36.152908199799995 ], [ -115.2893061, 36.152902799799996 ], [ -115.2893088, 36.152902799799996 ], [ -115.2893088, 36.1529000998 ], [ -115.2893115, 36.1529000998 ], [ -115.2893115, 36.152894699800001 ], [ -115.2893169, 36.152894699800001 ], [ -115.2893169, 36.152891999799998 ], [ -115.2893277, 36.152891999799998 ], [ -115.2893277, 36.152894699800001 ], [ -115.2893331, 36.152894699800001 ], [ -115.2893331, 36.152897399799997 ], [ -115.289335799999989, 36.152897399799997 ], [ -115.289335799999989, 36.1529000998 ], [ -115.2893385, 36.1529000998 ], [ -115.2893385, 36.152902799799996 ], [ -115.2893412, 36.152902799799996 ], [ -115.2893412, 36.152905499799999 ], [ -115.2893439, 36.152905499799999 ], [ -115.2893439, 36.152908199799995 ], [ -115.2893493, 36.152908199799995 ], [ -115.2893493, 36.152910899799998 ], [ -115.289352, 36.152910899799998 ], [ -115.289352, 36.152913599800002 ], [ -115.2893574, 36.152913599800002 ], [ -115.2893574, 36.152916299799998 ], [ -115.2893628, 36.152916299799998 ], [ -115.2893628, 36.152918999800001 ], [ -115.2893655, 36.152918999800001 ], [ -115.2893655, 36.152921699799997 ], [ -115.2893682, 36.152921699799997 ], [ -115.2893682, 36.1529243998 ], [ -115.2893709, 36.1529243998 ], [ -115.2893709, 36.152927099799996 ], [ -115.2893736, 36.152927099799996 ], [ -115.2893736, 36.152932499799995 ], [ -115.2893763, 36.152932499799995 ], [ -115.2893763, 36.152945999799996 ], [ -115.289379, 36.152945999799996 ], [ -115.289379, 36.1529486998 ], [ -115.2893817, 36.1529486998 ], [ -115.2893817, 36.152951399799996 ], [ -115.2893871, 36.152951399799996 ], [ -115.2893871, 36.152954099799999 ], [ -115.2893898, 36.152954099799999 ], [ -115.2893898, 36.152956799799995 ], [ -115.2893979, 36.152956799799995 ], [ -115.2893979, 36.152959499799998 ], [ -115.289403299999989, 36.152959499799998 ], [ -115.289403299999989, 36.152962199800001 ], [ -115.2894087, 36.152962199800001 ], [ -115.2894087, 36.152964899799997 ], [ -115.2894141, 36.152964899799997 ], [ -115.2894141, 36.1529675998 ], [ -115.2894195, 36.1529675998 ], [ -115.2894195, 36.152970299799996 ], [ -115.2894249, 36.152970299799996 ], [ -115.2894249, 36.152972999799999 ], [ -115.2894276, 36.152972999799999 ], [ -115.2894276, 36.152975699799995 ], [ -115.289433, 36.152975699799995 ], [ -115.289433, 36.152978399799998 ], [ -115.2894357, 36.152978399799998 ], [ -115.2894357, 36.152981099800002 ], [ -115.2894384, 36.152981099800002 ], [ -115.2894384, 36.152983799799998 ], [ -115.2894411, 36.152983799799998 ], [ -115.2894411, 36.152986499800001 ], [ -115.2894438, 36.152986499800001 ], [ -115.2894438, 36.152989199799997 ], [ -115.2894465, 36.152989199799997 ], [ -115.2894465, 36.1529918998 ], [ -115.2894492, 36.1529918998 ], [ -115.2894492, 36.152994599799996 ], [ -115.2894519, 36.152994599799996 ], [ -115.2894519, 36.152997299799999 ], [ -115.2894546, 36.152997299799999 ], [ -115.2894546, 36.152999999799995 ], [ -115.2894573, 36.152999999799995 ], [ -115.2894573, 36.153008099799997 ], [ -115.28946, 36.153008099799997 ], [ -115.28946, 36.153010799800001 ], [ -115.2894627, 36.153010799800001 ], [ -115.2894627, 36.153013499799997 ], [ -115.2894681, 36.153013499799997 ], [ -115.2894681, 36.1530161998 ], [ -115.2894735, 36.1530161998 ], [ -115.2894735, 36.153018899799996 ], [ -115.2894762, 36.153018899799996 ], [ -115.2894762, 36.1530350998 ], [ -115.2894735, 36.1530350998 ], [ -115.2894735, 36.153037799799996 ], [ -115.289470799999989, 36.153037799799996 ], [ -115.289470799999989, 36.153040499799999 ], [ -115.2894681, 36.153040499799999 ], [ -115.2894681, 36.153043199799995 ], [ -115.2894654, 36.153043199799995 ], [ -115.2894654, 36.153045899799999 ], [ -115.2894627, 36.153045899799999 ], [ -115.2894627, 36.153048599800002 ], [ -115.28946, 36.153048599800002 ], [ -115.28946, 36.153051299799998 ], [ -115.2894573, 36.153051299799998 ], [ -115.2894573, 36.153053999800001 ], [ -115.2894546, 36.153053999800001 ], [ -115.2894546, 36.1530593998 ], [ -115.2894519, 36.1530593998 ], [ -115.2894519, 36.153064799799999 ], [ -115.2894492, 36.153064799799999 ], [ -115.2894492, 36.153067499799995 ], [ -115.2894465, 36.153067499799995 ], [ -115.2894465, 36.153070199799998 ], [ -115.2894438, 36.153070199799998 ], [ -115.2894438, 36.153072899800001 ], [ -115.2894411, 36.153072899800001 ], [ -115.2894411, 36.153075599799998 ], [ -115.2894357, 36.153075599799998 ], [ -115.2894357, 36.153078299800001 ], [ -115.2894303, 36.153078299800001 ], [ -115.2894303, 36.153080999799997 ], [ -115.2894249, 36.153080999799997 ], [ -115.2894249, 36.153078299800001 ], [ -115.2894141, 36.153078299800001 ], [ -115.2894141, 36.153080999799997 ], [ -115.289406, 36.153080999799997 ], [ -115.289406, 36.1530836998 ], [ -115.289403299999989, 36.1530836998 ], [ -115.289403299999989, 36.153086399799996 ], [ -115.2894006, 36.153086399799996 ], [ -115.2894006, 36.153089099799999 ], [ -115.2893952, 36.153089099799999 ], [ -115.2893952, 36.153091799799995 ], [ -115.2893898, 36.153091799799995 ], [ -115.2893898, 36.153094499799998 ] ] ] } },
{ "type": "Feature", "properties": { "value": 255.0 }, "geometry": { "type": "Polygon", "coordinates": [ [ [ -115.2899676, 36.152983799799998 ], [ -115.2899406, 36.152983799799998 ], [ -115.2899406, 36.152981099800002 ], [ -115.2899352, 36.152981099800002 ], [ -115.2899352, 36.152978399799998 ], [ -115.2899325, 36.152978399799998 ], [ -115.2899325, 36.152975699799995 ], [ -115.2899271, 36.152975699799995 ], [ -115.2899271, 36.152972999799999 ], [ -115.2899244, 36.152972999799999 ], [ -115.2899244, 36.152970299799996 ], [ -115.2899217, 36.152970299799996 ], [ -115.2899217, 36.1529675998 ], [ -115.2899163, 36.1529675998 ], [ -115.2899163, 36.152964899799997 ], [ -115.2899136, 36.152964899799997 ], [ -115.2899136, 36.152962199800001 ], [ -115.2899082, 36.152962199800001 ], [ -115.2899082, 36.152959499799998 ], [ -115.2899028, 36.152959499799998 ], [ -115.2899028, 36.152956799799995 ], [ -115.2898974, 36.152956799799995 ], [ -115.2898974, 36.152954099799999 ], [ -115.289892, 36.152954099799999 ], [ -115.289892, 36.152951399799996 ], [ -115.2898866, 36.152951399799996 ], [ -115.2898866, 36.1529486998 ], [ -115.2898812, 36.1529486998 ], [ -115.2898812, 36.152945999799996 ], [ -115.2898758, 36.152945999799996 ], [ -115.2898758, 36.1529432998 ], [ -115.2898731, 36.1529432998 ], [ -115.2898731, 36.152940599799997 ], [ -115.2898704, 36.152940599799997 ], [ -115.2898704, 36.152937899800001 ], [ -115.2898677, 36.152937899800001 ], [ -115.2898677, 36.152929799799999 ], [ -115.2898704, 36.152929799799999 ], [ -115.2898704, 36.152927099799996 ], [ -115.2898758, 36.152927099799996 ], [ -115.2898758, 36.1529243998 ], [ -115.2898785, 36.1529243998 ], [ -115.2898785, 36.152921699799997 ], [ -115.2898839, 36.152921699799997 ], [ -115.2898839, 36.152918999800001 ], [ -115.2898866, 36.152918999800001 ], [ -115.2898866, 36.152913599800002 ], [ -115.2898893, 36.152913599800002 ], [ -115.2898893, 36.152908199799995 ], [ -115.2898866, 36.152908199799995 ], [ -115.2898866, 36.152905499799999 ], [ -115.2898839, 36.152905499799999 ], [ -115.2898839, 36.152902799799996 ], [ -115.2898812, 36.152902799799996 ], [ -115.2898812, 36.1529000998 ], [ -115.2898785, 36.1529000998 ], [ -115.2898785, 36.152894699800001 ], [ -115.2898731, 36.152894699800001 ], [ -115.2898731, 36.152889299799995 ], [ -115.2898704, 36.152889299799995 ], [ -115.2898704, 36.152883899799996 ], [ -115.2898731, 36.152883899799996 ], [ -115.2898731, 36.152881199799999 ], [ -115.2898758, 36.152881199799999 ], [ -115.2898758, 36.152878499799996 ], [ -115.2898785, 36.152878499799996 ], [ -115.2898785, 36.152873099799997 ], [ -115.2898839, 36.152873099799997 ], [ -115.2898839, 36.152870399800001 ], [ -115.2898866, 36.152870399800001 ], [ -115.2898866, 36.152867699799998 ], [ -115.2899676, 36.152867699799998 ], [ -115.2899676, 36.152983799799998 ] ] ] } },
{ "type": "Feature", "properties": { "value": 255.0 }, "geometry": { "type": "Polygon", "coordinates": [ [ [ -115.2882234, 36.1529243998 ], [ -115.2882126, 36.1529243998 ], [ -115.2882126, 36.152878499799996 ], [ -115.288218, 36.152878499799996 ], [ -115.288218, 36.152881199799999 ], [ -115.2882234, 36.152881199799999 ], [ -115.2882234, 36.152886599799999 ], [ -115.288226099999989, 36.152886599799999 ], [ -115.288226099999989, 36.152897399799997 ], [ -115.2882288, 36.152897399799997 ], [ -115.2882288, 36.152905499799999 ], [ -115.2882315, 36.152905499799999 ], [ -115.2882315, 36.152921699799997 ], [ -115.2882234, 36.152921699799997 ], [ -115.2882234, 36.1529243998 ] ] ] } },
{ "type": "Feature", "properties": { "value": 255.0 }, "geometry": { "type": "Polygon", "coordinates": [ [ [ -115.2882909, 36.152945999799996 ], [ -115.2882666, 36.152945999799996 ], [ -115.2882666, 36.1529432998 ], [ -115.2882639, 36.1529432998 ], [ -115.2882639, 36.152937899800001 ], [ -115.2882612, 36.152937899800001 ], [ -115.2882612, 36.152929799799999 ], [ -115.2882585, 36.152929799799999 ], [ -115.2882585, 36.1529243998 ], [ -115.288255799999988, 36.1529243998 ], [ -115.288255799999988, 36.152916299799998 ], [ -115.2882531, 36.152916299799998 ], [ -115.2882531, 36.152910899799998 ], [ -115.2882504, 36.152910899799998 ], [ -115.2882504, 36.152897399799997 ], [ -115.2882477, 36.152897399799997 ], [ -115.2882477, 36.152881199799999 ], [ -115.288245, 36.152881199799999 ], [ -115.288245, 36.152873099799997 ], [ -115.2882477, 36.152873099799997 ], [ -115.2882477, 36.152867699799998 ], [ -115.2883638, 36.152867699799998 ], [ -115.2883638, 36.1528757998 ], [ -115.2883665, 36.1528757998 ], [ -115.2883665, 36.152878499799996 ], [ -115.2883692, 36.152878499799996 ], [ -115.2883692, 36.152881199799999 ], [ -115.28838, 36.152881199799999 ], [ -115.28838, 36.152886599799999 ], [ -115.2883746, 36.152886599799999 ], [ -115.2883746, 36.152897399799997 ], [ -115.2883773, 36.152897399799997 ], [ -115.2883773, 36.152902799799996 ], [ -115.2883746, 36.152902799799996 ], [ -115.2883746, 36.152921699799997 ], [ -115.2883719, 36.152921699799997 ], [ -115.2883719, 36.1529243998 ], [ -115.2883665, 36.1529243998 ], [ -115.2883665, 36.152927099799996 ], [ -115.2883584, 36.152927099799996 ], [ -115.2883584, 36.152929799799999 ], [ -115.2883503, 36.152929799799999 ], [ -115.2883503, 36.152932499799995 ], [ -115.2883368, 36.152932499799995 ], [ -115.2883368, 36.152935199799998 ], [ -115.288323299999988, 36.152935199799998 ], [ -115.288323299999988, 36.152937899800001 ], [ -115.2883179, 36.152937899800001 ], [ -115.2883179, 36.152940599799997 ], [ -115.2883098, 36.152940599799997 ], [ -115.2883098, 36.1529432998 ], [ -115.2882909, 36.1529432998 ], [ -115.2882909, 36.152945999799996 ] ] ] } }
]
}
