{
"type": "FeatureCollection",
"crs": { "type": "name", "properties": { "name": "urn:ogc:def:crs:OGC:1.3:CRS84" } },
"features": [
{ "type": "Feature", "properties": { "value": 255.0 }, "geometry": { "type": "Polygon", "coordinates": [ [ [ -115.1741727, 36.194987699899997 ], [ -115.1741376, 36.194987699899997 ], [ -115.1741376, 36.194952599899999 ], [ -115.1741403, 36.194952599899999 ], [ -115.1741403, 36.194949899899996 ], [ -115.174143, 36.194949899899996 ], [ -115.174143, 36.1949471999 ], [ -115.1741403, 36.1949471999 ], [ -115.1741403, 36.1949417999 ], [ -115.174143, 36.1949417999 ], [ -115.174143, 36.194939099899997 ], [ -115.1741457, 36.194939099899997 ], [ -115.1741457, 36.194936399899994 ], [ -115.1741484, 36.194936399899994 ], [ -115.1741484, 36.194933699899998 ], [ -115.1741592, 36.194933699899998 ], [ -115.1741592, 36.194936399899994 ], [ -115.1741619, 36.194936399899994 ], [ -115.1741619, 36.1949417999 ], [ -115.1741646, 36.1949417999 ], [ -115.1741646, 36.194944499899997 ], [ -115.1741673, 36.194944499899997 ], [ -115.1741673, 36.194930999899995 ], [ -115.1741727, 36.194930999899995 ], [ -115.1741727, 36.194933699899998 ], [ -115.1741754, 36.194933699899998 ], [ -115.1741754, 36.194928299899999 ], [ -115.1741781, 36.194928299899999 ], [ -115.1741781, 36.1949417999 ], [ -115.1741754, 36.1949417999 ], [ -115.1741754, 36.194952599899999 ], [ -115.1741781, 36.194952599899999 ], [ -115.1741781, 36.194984999899994 ], [ -115.1741727, 36.194984999899994 ], [ -115.1741727, 36.194987699899997 ] ], [ [ -115.1741646, 36.194957999899998 ], [ -115.1741646, 36.194949899899996 ], [ -115.1741592, 36.194949899899996 ], [ -115.1741592, 36.1949471999 ], [ -115.1741484, 36.1949471999 ], [ -115.1741484, 36.194957999899998 ], [ -115.174151099999989, 36.194957999899998 ], [ -115.174151099999989, 36.194955299899995 ], [ -115.1741619, 36.194955299899995 ], [ -115.1741619, 36.194957999899998 ], [ -115.1741646, 36.194957999899998 ] ] ] } },
{ "type": "Feature", "properties": { "value": 255.0 }, "geometry": { "type": "Polygon", "coordinates": [ [ [ -115.1753634, 36.194987699899997 ], [ -115.1753067, 36.194987699899997 ], [ -115.1753067, 36.1949417999 ], [ -115.1753094, 36.1949417999 ], [ -115.1753094, 36.194912099899994 ], [ -115.1753121, 36.194912099899994 ], [ -115.1753121, 36.194903999899999 ], [ -115.1753094, 36.194903999899999 ], [ -115.1753094, 36.194893199899994 ], [ -115.1753121, 36.194893199899994 ], [ -115.1753121, 36.194882399899996 ], [ -115.1753256, 36.194882399899996 ], [ -115.1753256, 36.1948796999 ], [ -115.1753391, 36.1948796999 ], [ -115.1753391, 36.194882399899996 ], [ -115.1753607, 36.194882399899996 ], [ -115.1753607, 36.194885099899999 ], [ -115.1753634, 36.194885099899999 ], [ -115.1753634, 36.194987699899997 ] ] ] } },
{ "type": "Feature", "properties": { "value": 255.0 }, "geometry": { "type": "Polygon", "coordinates": [ [ [ -115.1747829, 36.194987699899997 ], [ -115.1743887, 36.194987699899997 ], [ -115.1743887, 36.194944499899997 ], [ -115.1743914, 36.194944499899997 ], [ -115.1743914, 36.1949417999 ], [ -115.1743941, 36.1949417999 ], [ -115.1743941, 36.194939099899997 ], [ -115.1743968, 36.194939099899997 ], [ -115.1743968, 36.194936399899994 ], [ -115.1744157, 36.194936399899994 ], [ -115.1744157, 36.194933699899998 ], [ -115.1744292, 36.194933699899998 ], [ -115.1744292, 36.194930999899995 ], [ -115.1744319, 36.194930999899995 ], [ -115.1744319, 36.194928299899999 ], [ -115.1744373, 36.194928299899999 ], [ -115.1744373, 36.194925599899996 ], [ -115.17444, 36.194925599899996 ], [ -115.17444, 36.194928299899999 ], [ -115.1744427, 36.194928299899999 ], [ -115.1744427, 36.194930999899995 ], [ -115.174450799999988, 36.194930999899995 ], [ -115.174450799999988, 36.194933699899998 ], [ -115.1744562, 36.194933699899998 ], [ -115.1744562, 36.194936399899994 ], [ -115.1744616, 36.194936399899994 ], [ -115.1744616, 36.194933699899998 ], [ -115.1744643, 36.194933699899998 ], [ -115.1744643, 36.194930999899995 ], [ -115.174469699999989, 36.194930999899995 ], [ -115.174469699999989, 36.194936399899994 ], [ -115.1744724, 36.194936399899994 ], [ -115.1744724, 36.194939099899997 ], [ -115.1744778, 36.194939099899997 ], [ -115.1744778, 36.194936399899994 ], [ -115.1744805, 36.194936399899994 ], [ -115.1744805, 36.194928299899999 ], [ -115.174488599999989, 36.194928299899999 ], [ -115.174488599999989, 36.194930999899995 ], [ -115.1744994, 36.194930999899995 ], [ -115.1744994, 36.194928299899999 ], [ -115.1745021, 36.194928299899999 ], [ -115.1745021, 36.194925599899996 ], [ -115.1745048, 36.194925599899996 ], [ -115.1745048, 36.194914799899998 ], [ -115.1745075, 36.194914799899998 ], [ -115.1745075, 36.194912099899994 ], [ -115.1745102, 36.194912099899994 ], [ -115.1745102, 36.194909399899998 ], [ -115.1745345, 36.194909399899998 ], [ -115.1745345, 36.194906699899995 ], [ -115.1745453, 36.194906699899995 ], [ -115.1745453, 36.194903999899999 ], [ -115.1745561, 36.194903999899999 ], [ -115.1745561, 36.194901299899996 ], [ -115.1745642, 36.194901299899996 ], [ -115.1745642, 36.1948985999 ], [ -115.1746425, 36.1948985999 ], [ -115.1746425, 36.194901299899996 ], [ -115.1746479, 36.194901299899996 ], [ -115.1746479, 36.194903999899999 ], [ -115.1746587, 36.194903999899999 ], [ -115.1746587, 36.194901299899996 ], [ -115.1746749, 36.194901299899996 ], [ -115.1746749, 36.1948985999 ], [ -115.1746803, 36.1948985999 ], [ -115.1746803, 36.194895899899997 ], [ -115.174683, 36.194895899899997 ], [ -115.174683, 36.194890499899998 ], [ -115.1746857, 36.194890499899998 ], [ -115.1746857, 36.194882399899996 ], [ -115.1746884, 36.194882399899996 ], [ -115.1746884, 36.1948796999 ], [ -115.1746911, 36.1948796999 ], [ -115.1746911, 36.194876999899996 ], [ -115.1746992, 36.194876999899996 ], [ -115.1746992, 36.1948742999 ], [ -115.174739699999989, 36.1948742999 ], [ -115.174739699999989, 36.194876999899996 ], [ -115.1747424, 36.194876999899996 ], [ -115.1747424, 36.194885099899999 ], [ -115.1747451, 36.194885099899999 ], [ -115.1747451, 36.194887799899995 ], [ -115.1747478, 36.194887799899995 ], [ -115.1747478, 36.194890499899998 ], [ -115.1747505, 36.194890499899998 ], [ -115.1747505, 36.194893199899994 ], [ -115.1747559, 36.194893199899994 ], [ -115.1747559, 36.194895899899997 ], [ -115.1747586, 36.194895899899997 ], [ -115.1747586, 36.194903999899999 ], [ -115.1747613, 36.194903999899999 ], [ -115.1747613, 36.194912099899994 ], [ -115.174764, 36.194912099899994 ], [ -115.174764, 36.194920199899997 ], [ -115.1747667, 36.194920199899997 ], [ -115.1747667, 36.194925599899996 ], [ -115.1747694, 36.194925599899996 ], [ -115.1747694, 36.194933699899998 ], [ -115.1747721, 36.194933699899998 ], [ -115.1747721, 36.1949417999 ], [ -115.1747748, 36.1949417999 ], [ -115.1747748, 36.194957999899998 ], [ -115.1747775, 36.194957999899998 ], [ -115.1747775, 36.1949660999 ], [ -115.1747802, 36.1949660999 ], [ -115.1747802, 36.194974199899995 ], [ -115.1747829, 36.194974199899995 ], [ -115.1747829, 36.194987699899997 ] ] ] } },
{ "type": "Feature", "properties": { "value": 255.0 }, "geometry": { "type": "Polygon", "coordinates": [ [ [ -115.1743266, 36.194987699899997 ], [ -115.1742753, 36.194987699899997 ], [ -115.1742753, 36.194982299899998 ], [ -115.1742726, 36.194982299899998 ], [ -115.1742726, 36.194974199899995 ], [ -115.1742753, 36.194974199899995 ], [ -115.1742753, 36.194909399899998 ], [ -115.1742726, 36.194909399899998 ], [ -115.1742726, 36.194887799899995 ], [ -115.1742753, 36.194887799899995 ], [ -115.1742753, 36.194885099899999 ], [ -115.1743266, 36.194885099899999 ], [ -115.1743266, 36.194887799899995 ], [ -115.1743293, 36.194887799899995 ], [ -115.1743293, 36.194963399899997 ], [ -115.1743266, 36.194963399899997 ], [ -115.1743266, 36.194987699899997 ] ] ] } },
{ "type": "Feature", "properties": { "value": 255.0 }, "geometry": { "type": "Polygon", "coordinates": [ [ [ -115.1758548, 36.194987699899997 ], [ -115.1755308, 36.194987699899997 ], [ -115.1755308, 36.194979599899995 ], [ -115.1755281, 36.194979599899995 ], [ -115.1755281, 36.194974199899995 ], [ -115.1755308, 36.194974199899995 ], [ -115.1755308, 36.194968799899996 ], [ -115.1755281, 36.194968799899996 ], [ -115.1755281, 36.194960699899994 ], [ -115.1755308, 36.194960699899994 ], [ -115.1755308, 36.194920199899997 ], [ -115.1755362, 36.194920199899997 ], [ -115.1755362, 36.194917499899994 ], [ -115.175547, 36.194917499899994 ], [ -115.175547, 36.194914799899998 ], [ -115.1755551, 36.194914799899998 ], [ -115.1755551, 36.194912099899994 ], [ -115.1755605, 36.194912099899994 ], [ -115.1755605, 36.194914799899998 ], [ -115.1755632, 36.194914799899998 ], [ -115.1755632, 36.194912099899994 ], [ -115.1755659, 36.194912099899994 ], [ -115.1755659, 36.194906699899995 ], [ -115.1755713, 36.194906699899995 ], [ -115.1755713, 36.194909399899998 ], [ -115.1755794, 36.194909399899998 ], [ -115.1755794, 36.194912099899994 ], [ -115.1755848, 36.194912099899994 ], [ -115.1755848, 36.194906699899995 ], [ -115.1755902, 36.194906699899995 ], [ -115.1755902, 36.194912099899994 ], [ -115.1755956, 36.194912099899994 ], [ -115.1755956, 36.194909399899998 ], [ -115.1755983, 36.194909399899998 ], [ -115.1755983, 36.194903999899999 ], [ -115.175601, 36.194903999899999 ], [ -115.175601, 36.194895899899997 ], [ -115.1756037, 36.194895899899997 ], [ -115.1756037, 36.194893199899994 ], [ -115.1756064, 36.194893199899994 ], [ -115.1756064, 36.194890499899998 ], [ -115.1756415, 36.194890499899998 ], [ -115.1756415, 36.194887799899995 ], [ -115.1756658, 36.194887799899995 ], [ -115.1756658, 36.194890499899998 ], [ -115.1756685, 36.194890499899998 ], [ -115.1756685, 36.194893199899994 ], [ -115.1756712, 36.194893199899994 ], [ -115.1756712, 36.194901299899996 ], [ -115.1756739, 36.194901299899996 ], [ -115.1756739, 36.194912099899994 ], [ -115.1756928, 36.194912099899994 ], [ -115.1756928, 36.194909399899998 ], [ -115.1756955, 36.194909399899998 ], [ -115.1756955, 36.194906699899995 ], [ -115.1756982, 36.194906699899995 ], [ -115.1756982, 36.194895899899997 ], [ -115.1757009, 36.194895899899997 ], [ -115.1757009, 36.194887799899995 ], [ -115.1757063, 36.194887799899995 ], [ -115.1757063, 36.194885099899999 ], [ -115.1757711, 36.194885099899999 ], [ -115.1757711, 36.194887799899995 ], [ -115.1757765, 36.194887799899995 ], [ -115.1757765, 36.194885099899999 ], [ -115.1758494, 36.194885099899999 ], [ -115.1758494, 36.194887799899995 ], [ -115.1758521, 36.194887799899995 ], [ -115.1758521, 36.194912099899994 ], [ -115.1758548, 36.194912099899994 ], [ -115.1758548, 36.194917499899994 ], [ -115.1758575, 36.194917499899994 ], [ -115.1758575, 36.1949471999 ], [ -115.1758548, 36.1949471999 ], [ -115.1758548, 36.194960699899994 ], [ -115.1758575, 36.194960699899994 ], [ -115.1758575, 36.194968799899996 ], [ -115.1758548, 36.194968799899996 ], [ -115.1758548, 36.194987699899997 ] ] ] } },
{ "type": "Feature", "properties": { "value": 255.0 }, "geometry": { "type": "Polygon", "coordinates": [ [ [ -115.1752095, 36.194987699899997 ], [ -115.1750394, 36.194987699899997 ], [ -115.1750394, 36.194933699899998 ], [ -115.1750313, 36.194933699899998 ], [ -115.1750313, 36.194930999899995 ], [ -115.1750205, 36.194930999899995 ], [ -115.1750205, 36.194928299899999 ], [ -115.1750178, 36.194928299899999 ], [ -115.1750178, 36.194920199899997 ], [ -115.1750151, 36.194920199899997 ], [ -115.1750151, 36.194912099899994 ], [ -115.1750178, 36.194912099899994 ], [ -115.1750178, 36.194885099899999 ], [ -115.1750205, 36.194885099899999 ], [ -115.1750205, 36.1948796999 ], [ -115.1750313, 36.1948796999 ], [ -115.1750313, 36.194876999899996 ], [ -115.1750394, 36.194876999899996 ], [ -115.1750394, 36.1948742999 ], [ -115.1750421, 36.1948742999 ], [ -115.1750421, 36.194866199899998 ], [ -115.1750448, 36.194866199899998 ], [ -115.1750448, 36.194863499899995 ], [ -115.1750475, 36.194863499899995 ], [ -115.1750475, 36.194860799899999 ], [ -115.1751069, 36.194860799899999 ], [ -115.1751069, 36.194858099899996 ], [ -115.1751204, 36.194858099899996 ], [ -115.1751204, 36.194860799899999 ], [ -115.1752041, 36.194860799899999 ], [ -115.1752041, 36.194863499899995 ], [ -115.1752122, 36.194863499899995 ], [ -115.1752122, 36.194866199899998 ], [ -115.1752149, 36.194866199899998 ], [ -115.1752149, 36.1948742999 ], [ -115.1752176, 36.1948742999 ], [ -115.1752176, 36.1948796999 ], [ -115.1752203, 36.1948796999 ], [ -115.1752203, 36.194882399899996 ], [ -115.1752257, 36.194882399899996 ], [ -115.1752257, 36.194885099899999 ], [ -115.1752311, 36.194885099899999 ], [ -115.1752311, 36.194887799899995 ], [ -115.1752338, 36.194887799899995 ], [ -115.1752338, 36.194890499899998 ], [ -115.1752392, 36.194890499899998 ], [ -115.1752392, 36.194917499899994 ], [ -115.1752365, 36.194917499899994 ], [ -115.1752365, 36.194925599899996 ], [ -115.1752338, 36.194925599899996 ], [ -115.1752338, 36.194928299899999 ], [ -115.1752311, 36.194928299899999 ], [ -115.1752311, 36.194930999899995 ], [ -115.1752257, 36.194930999899995 ], [ -115.1752257, 36.194933699899998 ], [ -115.1752176, 36.194933699899998 ], [ -115.1752176, 36.194936399899994 ], [ -115.1752122, 36.194936399899994 ], [ -115.1752122, 36.1949417999 ], [ -115.1752095, 36.1949417999 ], [ -115.1752095, 36.194957999899998 ], [ -115.1752068, 36.194957999899998 ], [ -115.1752068, 36.1949660999 ], [ -115.1752095, 36.1949660999 ], [ -115.1752095, 36.194987699899997 ] ] ] } },
{ "type": "Feature", "properties": { "value": 255.0 }, "geometry": { "type": "Polygon", "coordinates": [ [ [ -115.1752203, 36.194804099899997 ], [ -115.1752068, 36.194804099899997 ], [ -115.1752068, 36.194801399899994 ], [ -115.1751771, 36.194801399899994 ], [ -115.1751771, 36.194804099899997 ], [ -115.174990799999989, 36.194804099899997 ], [ -115.174990799999989, 36.194801399899994 ], [ -115.1749881, 36.194801399899994 ], [ -115.1749881, 36.194798699899998 ], [ -115.1749854, 36.194798699899998 ], [ -115.1749854, 36.194760899899997 ], [ -115.174990799999989, 36.194760899899997 ], [ -115.174990799999989, 36.194758199900001 ], [ -115.1750853, 36.194758199900001 ], [ -115.1750853, 36.194755499899998 ], [ -115.175193299999989, 36.194755499899998 ], [ -115.175193299999989, 36.194758199900001 ], [ -115.1752257, 36.194758199900001 ], [ -115.1752257, 36.194801399899994 ], [ -115.1752203, 36.194801399899994 ], [ -115.1752203, 36.194804099899997 ] ] ] } },
{ "type": "Feature", "properties": { "value": 255.0 }, "geometry": { "type": "Polygon", "coordinates": [ [ [ -115.1741646, 36.194885099899999 ], [ -115.1741538, 36.194885099899999 ], [ -115.1741538, 36.194882399899996 ], [ -115.1741376, 36.194882399899996 ], [ -115.1741376, 36.194736599899997 ], [ -115.174143, 36.194736599899997 ], [ -115.174143, 36.194733899900001 ], [ -115.174151099999989, 36.194733899900001 ], [ -115.174151099999989, 36.194736599899997 ], [ -115.1741619, 36.194736599899997 ], [ -115.1741619, 36.194733899900001 ], [ -115.1741646, 36.194733899900001 ], [ -115.1741646, 36.194736599899997 ], [ -115.1741727, 36.194736599899997 ], [ -115.1741727, 36.1947392999 ], [ -115.1741754, 36.1947392999 ], [ -115.1741754, 36.194760899899997 ], [ -115.1741781, 36.194760899899997 ], [ -115.1741781, 36.194847299899997 ], [ -115.1741754, 36.194847299899997 ], [ -115.1741754, 36.194852699899997 ], [ -115.1741781, 36.194852699899997 ], [ -115.1741781, 36.194882399899996 ], [ -115.1741646, 36.194882399899996 ], [ -115.1741646, 36.194885099899999 ] ] ] } },
{ "type": "Feature", "properties": { "value": 255.0 }, "geometry": { "type": "Polygon", "coordinates": [ [ [ -115.174923299999989, 36.194741999899996 ], [ -115.1748774, 36.194741999899996 ], [ -115.1748774, 36.1947392999 ], [ -115.1748747, 36.1947392999 ], [ -115.1748747, 36.194736599899997 ], [ -115.174872, 36.194736599899997 ], [ -115.174872, 36.1947149999 ], [ -115.1748747, 36.1947149999 ], [ -115.1748747, 36.194650199899996 ], [ -115.1748774, 36.194650199899996 ], [ -115.1748774, 36.1946474999 ], [ -115.1748801, 36.1946474999 ], [ -115.1748801, 36.194644799899997 ], [ -115.1749044, 36.194644799899997 ], [ -115.1749044, 36.1946474999 ], [ -115.174926, 36.1946474999 ], [ -115.174926, 36.194650199899996 ], [ -115.1749287, 36.194650199899996 ], [ -115.1749287, 36.194717699899996 ], [ -115.174926, 36.194717699899996 ], [ -115.174926, 36.1947392999 ], [ -115.174923299999989, 36.1947392999 ], [ -115.174923299999989, 36.194741999899996 ] ] ] } },
{ "type": "Feature", "properties": { "value": 255.0 }, "geometry": { "type": "Polygon", "coordinates": [ [ [ -115.1747586, 36.194771699899995 ], [ -115.1747316, 36.194771699899995 ], [ -115.1747316, 36.194760899899997 ], [ -115.1747289, 36.194760899899997 ], [ -115.1747289, 36.194752799899994 ], [ -115.1747262, 36.194752799899994 ], [ -115.1747262, 36.194750099899998 ], [ -115.1747154, 36.194750099899998 ], [ -115.1747154, 36.194747399899995 ], [ -115.1747073, 36.194747399899995 ], [ -115.1747073, 36.194750099899998 ], [ -115.1746884, 36.194750099899998 ], [ -115.1746884, 36.194747399899995 ], [ -115.1746776, 36.194747399899995 ], [ -115.1746776, 36.194750099899998 ], [ -115.1746641, 36.194750099899998 ], [ -115.1746641, 36.194752799899994 ], [ -115.1746614, 36.194752799899994 ], [ -115.1746614, 36.1947635999 ], [ -115.1746587, 36.1947635999 ], [ -115.1746587, 36.194768999899999 ], [ -115.174653299999989, 36.194768999899999 ], [ -115.174653299999989, 36.194771699899995 ], [ -115.1746479, 36.194771699899995 ], [ -115.1746479, 36.194768999899999 ], [ -115.1746425, 36.194768999899999 ], [ -115.1746425, 36.194771699899995 ], [ -115.174604699999989, 36.194771699899995 ], [ -115.174604699999989, 36.194768999899999 ], [ -115.1745966, 36.194768999899999 ], [ -115.1745966, 36.194771699899995 ], [ -115.1745669, 36.194771699899995 ], [ -115.1745669, 36.194768999899999 ], [ -115.174548, 36.194768999899999 ], [ -115.174548, 36.194766299899996 ], [ -115.1745453, 36.194766299899996 ], [ -115.1745453, 36.194755499899998 ], [ -115.1745426, 36.194755499899998 ], [ -115.1745426, 36.194750099899998 ], [ -115.174537199999989, 36.194750099899998 ], [ -115.174537199999989, 36.194747399899995 ], [ -115.174494, 36.194747399899995 ], [ -115.174494, 36.194750099899998 ], [ -115.1744805, 36.194750099899998 ], [ -115.1744805, 36.194752799899994 ], [ -115.1744778, 36.194752799899994 ], [ -115.1744778, 36.194755499899998 ], [ -115.1744751, 36.194755499899998 ], [ -115.1744751, 36.194760899899997 ], [ -115.1744724, 36.194760899899997 ], [ -115.1744724, 36.1947635999 ], [ -115.174469699999989, 36.1947635999 ], [ -115.174469699999989, 36.194766299899996 ], [ -115.1744562, 36.194766299899996 ], [ -115.1744562, 36.194768999899999 ], [ -115.1744481, 36.194768999899999 ], [ -115.1744481, 36.194771699899995 ], [ -115.17444, 36.194771699899995 ], [ -115.17444, 36.194768999899999 ], [ -115.1744373, 36.194768999899999 ], [ -115.1744373, 36.194771699899995 ], [ -115.1744319, 36.194771699899995 ], [ -115.1744319, 36.194768999899999 ], [ -115.1744238, 36.194768999899999 ], [ -115.1744238, 36.194766299899996 ], [ -115.174421099999989, 36.194766299899996 ], [ -115.174421099999989, 36.1947635999 ], [ -115.1744184, 36.1947635999 ], [ -115.1744184, 36.194758199900001 ], [ -115.1744157, 36.194758199900001 ], [ -115.1744157, 36.194755499899998 ], [ -115.174413, 36.194755499899998 ], [ -115.174413, 36.194704199899995 ], [ -115.1744103, 36.194704199899995 ], [ -115.1744103, 36.194701499899999 ], [ -115.174413, 36.194701499899999 ], [ -115.174413, 36.194625899899997 ], [ -115.1744157, 36.194625899899997 ], [ -115.1744157, 36.194615099899998 ], [ -115.1744184, 36.194615099899998 ], [ -115.1744184, 36.1946042999 ], [ -115.174421099999989, 36.1946042999 ], [ -115.174421099999989, 36.194588099899995 ], [ -115.1744616, 36.194588099899995 ], [ -115.1744616, 36.194590799899999 ], [ -115.1744751, 36.194590799899999 ], [ -115.1744751, 36.194593499899995 ], [ -115.1744778, 36.194593499899995 ], [ -115.1744778, 36.194596199899998 ], [ -115.1744805, 36.194596199899998 ], [ -115.1744805, 36.194598899900001 ], [ -115.1744832, 36.194598899900001 ], [ -115.1744832, 36.1946042999 ], [ -115.1745048, 36.1946042999 ], [ -115.1745048, 36.194606999899996 ], [ -115.1745102, 36.194606999899996 ], [ -115.1745102, 36.1946042999 ], [ -115.1745129, 36.1946042999 ], [ -115.1745129, 36.194606999899996 ], [ -115.1745399, 36.194606999899996 ], [ -115.1745399, 36.1946042999 ], [ -115.1745426, 36.1946042999 ], [ -115.1745426, 36.194601599899997 ], [ -115.1745453, 36.194601599899997 ], [ -115.1745453, 36.194596199899998 ], [ -115.174548, 36.194596199899998 ], [ -115.174548, 36.194593499899995 ], [ -115.1745507, 36.194593499899995 ], [ -115.1745507, 36.194590799899999 ], [ -115.1745696, 36.194590799899999 ], [ -115.1745696, 36.194588099899995 ], [ -115.1746101, 36.194588099899995 ], [ -115.1746101, 36.194590799899999 ], [ -115.1746425, 36.194590799899999 ], [ -115.1746425, 36.194588099899995 ], [ -115.174656, 36.194588099899995 ], [ -115.174656, 36.194590799899999 ], [ -115.1746587, 36.194590799899999 ], [ -115.1746587, 36.194593499899995 ], [ -115.1746614, 36.194593499899995 ], [ -115.1746614, 36.194598899900001 ], [ -115.1746641, 36.194598899900001 ], [ -115.1746641, 36.194606999899996 ], [ -115.1746668, 36.194606999899996 ], [ -115.1746668, 36.194609699899999 ], [ -115.174672199999989, 36.194609699899999 ], [ -115.174672199999989, 36.194612399899995 ], [ -115.1746749, 36.194612399899995 ], [ -115.1746749, 36.194609699899999 ], [ -115.1746857, 36.194609699899999 ], [ -115.1746857, 36.194612399899995 ], [ -115.174720799999989, 36.194612399899995 ], [ -115.174720799999989, 36.194609699899999 ], [ -115.1747262, 36.194609699899999 ], [ -115.1747262, 36.1946042999 ], [ -115.1747289, 36.1946042999 ], [ -115.1747289, 36.194598899900001 ], [ -115.1747316, 36.194598899900001 ], [ -115.1747316, 36.194593499899995 ], [ -115.1747802, 36.194593499899995 ], [ -115.1747802, 36.194596199899998 ], [ -115.1747829, 36.194596199899998 ], [ -115.1747829, 36.194598899900001 ], [ -115.1747856, 36.194598899900001 ], [ -115.1747856, 36.194615099899998 ], [ -115.174791, 36.194615099899998 ], [ -115.174791, 36.194660999899995 ], [ -115.174788299999989, 36.194660999899995 ], [ -115.174788299999989, 36.194685299899994 ], [ -115.174791, 36.194685299899994 ], [ -115.174791, 36.194752799899994 ], [ -115.174788299999989, 36.194752799899994 ], [ -115.174788299999989, 36.194755499899998 ], [ -115.1747856, 36.194755499899998 ], [ -115.1747856, 36.194760899899997 ], [ -115.1747829, 36.194760899899997 ], [ -115.1747829, 36.194766299899996 ], [ -115.1747802, 36.194766299899996 ], [ -115.1747802, 36.194768999899999 ], [ -115.1747586, 36.194768999899999 ], [ -115.1747586, 36.194771699899995 ] ] ] } },
{ "type": "Feature", "properties": { "value": 255.0 }, "geometry": { "type": "Polygon", "coordinates": [ [ [ -115.1751474, 36.194631299899996 ], [ -115.1751393, 36.194631299899996 ], [ -115.1751393, 36.1946285999 ], [ -115.1751177, 36.1946285999 ], [ -115.1751177, 36.194631299899996 ], [ -115.1751096, 36.194631299899996 ], [ -115.1751096, 36.1946285999 ], [ -115.1750718, 36.1946285999 ], [ -115.1750718, 36.194631299899996 ], [ -115.1750664, 36.194631299899996 ], [ -115.1750664, 36.1946285999 ], [ -115.1749665, 36.1946285999 ], [ -115.1749665, 36.194625899899997 ], [ -115.1749611, 36.194625899899997 ], [ -115.1749611, 36.194615099899998 ], [ -115.1749638, 36.194615099899998 ], [ -115.1749638, 36.1946042999 ], [ -115.1749611, 36.1946042999 ], [ -115.1749611, 36.194598899900001 ], [ -115.1749638, 36.194598899900001 ], [ -115.1749638, 36.194593499899995 ], [ -115.1749665, 36.194593499899995 ], [ -115.1749665, 36.194590799899999 ], [ -115.1749827, 36.194590799899999 ], [ -115.1749827, 36.194588099899995 ], [ -115.1750745, 36.194588099899995 ], [ -115.1750745, 36.194590799899999 ], [ -115.1750772, 36.194590799899999 ], [ -115.1750772, 36.194588099899995 ], [ -115.1751285, 36.194588099899995 ], [ -115.1751285, 36.194585399899999 ], [ -115.1752581, 36.194585399899999 ], [ -115.1752581, 36.194588099899995 ], [ -115.1752608, 36.194588099899995 ], [ -115.1752608, 36.194596199899998 ], [ -115.1752635, 36.194596199899998 ], [ -115.1752635, 36.194609699899999 ], [ -115.1752608, 36.194609699899999 ], [ -115.1752608, 36.194615099899998 ], [ -115.1752635, 36.194615099899998 ], [ -115.1752635, 36.194623199900001 ], [ -115.1752608, 36.194623199900001 ], [ -115.1752608, 36.1946285999 ], [ -115.1751474, 36.1946285999 ], [ -115.1751474, 36.194631299899996 ] ] ] } },
{ "type": "Feature", "properties": { "value": 255.0 }, "geometry": { "type": "Polygon", "coordinates": [ [ [ -115.1756442, 36.194704199899995 ], [ -115.1756226, 36.194704199899995 ], [ -115.1756226, 36.194701499899999 ], [ -115.1755632, 36.194701499899999 ], [ -115.1755632, 36.194698799899996 ], [ -115.1755497, 36.194698799899996 ], [ -115.1755497, 36.194701499899999 ], [ -115.1755416, 36.194701499899999 ], [ -115.1755416, 36.194698799899996 ], [ -115.1755281, 36.194698799899996 ], [ -115.1755281, 36.1946960999 ], [ -115.1755254, 36.1946960999 ], [ -115.1755254, 36.194687999899998 ], [ -115.1755227, 36.194687999899998 ], [ -115.1755227, 36.194677199899999 ], [ -115.1755254, 36.194677199899999 ], [ -115.1755254, 36.194666399900001 ], [ -115.1755227, 36.194666399900001 ], [ -115.1755227, 36.194623199900001 ], [ -115.1755254, 36.194623199900001 ], [ -115.1755254, 36.194615099899998 ], [ -115.1755281, 36.194615099899998 ], [ -115.1755281, 36.194612399899995 ], [ -115.1755308, 36.194612399899995 ], [ -115.1755308, 36.194609699899999 ], [ -115.1755362, 36.194609699899999 ], [ -115.1755362, 36.194606999899996 ], [ -115.1755389, 36.194606999899996 ], [ -115.1755389, 36.194601599899997 ], [ -115.1755416, 36.194601599899997 ], [ -115.1755416, 36.194593499899995 ], [ -115.175547, 36.194593499899995 ], [ -115.175547, 36.194590799899999 ], [ -115.1755605, 36.194590799899999 ], [ -115.1755605, 36.194593499899995 ], [ -115.1755686, 36.194593499899995 ], [ -115.1755686, 36.194596199899998 ], [ -115.1755659, 36.194596199899998 ], [ -115.1755659, 36.194598899900001 ], [ -115.175574, 36.194598899900001 ], [ -115.175574, 36.194601599899997 ], [ -115.1755767, 36.194601599899997 ], [ -115.1755767, 36.1946042999 ], [ -115.1755794, 36.1946042999 ], [ -115.1755794, 36.194606999899996 ], [ -115.1756307, 36.194606999899996 ], [ -115.1756307, 36.1946042999 ], [ -115.1756415, 36.1946042999 ], [ -115.1756415, 36.194601599899997 ], [ -115.1756577, 36.194601599899997 ], [ -115.1756577, 36.1946042999 ], [ -115.1756631, 36.1946042999 ], [ -115.1756631, 36.194606999899996 ], [ -115.1756685, 36.194606999899996 ], [ -115.1756685, 36.194609699899999 ], [ -115.1756766, 36.194609699899999 ], [ -115.1756766, 36.194606999899996 ], [ -115.1757009, 36.194606999899996 ], [ -115.1757009, 36.194609699899999 ], [ -115.1757171, 36.194609699899999 ], [ -115.1757171, 36.194612399899995 ], [ -115.1757549, 36.194612399899995 ], [ -115.1757549, 36.194615099899998 ], [ -115.1758521, 36.194615099899998 ], [ -115.1758521, 36.194617799899994 ], [ -115.1758548, 36.194617799899994 ], [ -115.1758548, 36.194682599899998 ], [ -115.1758521, 36.194682599899998 ], [ -115.1758521, 36.194690699900001 ], [ -115.1758494, 36.194690699900001 ], [ -115.1758494, 36.194693399899997 ], [ -115.1758467, 36.194693399899997 ], [ -115.1758467, 36.1946960999 ], [ -115.1758305, 36.1946960999 ], [ -115.1758305, 36.194698799899996 ], [ -115.175763, 36.194698799899996 ], [ -115.175763, 36.194701499899999 ], [ -115.1757198, 36.194701499899999 ], [ -115.1757198, 36.194698799899996 ], [ -115.1756847, 36.194698799899996 ], [ -115.1756847, 36.194701499899999 ], [ -115.1756442, 36.194701499899999 ], [ -115.1756442, 36.194704199899995 ] ] ] } },
{ "type": "Feature", "properties": { "value": 255.0 }, "geometry": { "type": "Polygon", "coordinates": [ [ [ -115.1743239, 36.194709599899994 ], [ -115.174278, 36.194709599899994 ], [ -115.174278, 36.194706899899998 ], [ -115.1742753, 36.194706899899998 ], [ -115.1742753, 36.194652899899999 ], [ -115.1742726, 36.194652899899999 ], [ -115.1742726, 36.194625899899997 ], [ -115.1742753, 36.194625899899997 ], [ -115.1742753, 36.194609699899999 ], [ -115.1742726, 36.194609699899999 ], [ -115.1742726, 36.194574599900001 ], [ -115.1742699, 36.194574599900001 ], [ -115.1742699, 36.194571899899998 ], [ -115.1742726, 36.194571899899998 ], [ -115.1742726, 36.194547599899998 ], [ -115.1742753, 36.194547599899998 ], [ -115.1742753, 36.194542199899999 ], [ -115.1742726, 36.194542199899999 ], [ -115.1742726, 36.1945367999 ], [ -115.1742753, 36.1945367999 ], [ -115.1742753, 36.194496299899996 ], [ -115.174278, 36.194496299899996 ], [ -115.174278, 36.194493599899999 ], [ -115.1743185, 36.194493599899999 ], [ -115.1743185, 36.194496299899996 ], [ -115.1743239, 36.194496299899996 ], [ -115.1743239, 36.194501699899995 ], [ -115.1743266, 36.194501699899995 ], [ -115.1743266, 36.194644799899997 ], [ -115.1743293, 36.194644799899997 ], [ -115.1743293, 36.194666399900001 ], [ -115.174332, 36.194666399900001 ], [ -115.174332, 36.194701499899999 ], [ -115.1743293, 36.194701499899999 ], [ -115.1743293, 36.194706899899998 ], [ -115.1743239, 36.194706899899998 ], [ -115.1743239, 36.194709599899994 ] ] ] } },
{ "type": "Feature", "properties": { "value": 255.0 }, "geometry": { "type": "Polygon", "coordinates": [ [ [ -115.1755848, 36.194509799899997 ], [ -115.1755767, 36.194509799899997 ], [ -115.1755767, 36.194507099900001 ], [ -115.1755659, 36.194507099900001 ], [ -115.1755659, 36.194504399899998 ], [ -115.1755632, 36.194504399899998 ], [ -115.1755632, 36.194493599899999 ], [ -115.1755605, 36.194493599899999 ], [ -115.1755605, 36.194471999899996 ], [ -115.1755632, 36.194471999899996 ], [ -115.1755632, 36.194434199900002 ], [ -115.1755659, 36.194434199900002 ], [ -115.1755659, 36.194431499899999 ], [ -115.1755632, 36.194431499899999 ], [ -115.1755632, 36.1944206999 ], [ -115.1755659, 36.1944206999 ], [ -115.1755659, 36.194415299900001 ], [ -115.1755686, 36.194415299900001 ], [ -115.1755686, 36.194412599899998 ], [ -115.1755713, 36.194412599899998 ], [ -115.1755713, 36.1943963999 ], [ -115.175574, 36.1943963999 ], [ -115.175574, 36.194393699899997 ], [ -115.1755794, 36.194393699899997 ], [ -115.1755794, 36.194390999900001 ], [ -115.1756874, 36.194390999900001 ], [ -115.1756874, 36.194388299899998 ], [ -115.1756928, 36.194388299899998 ], [ -115.1756928, 36.194390999900001 ], [ -115.1757063, 36.194390999900001 ], [ -115.1757063, 36.194393699899997 ], [ -115.175709, 36.194393699899997 ], [ -115.175709, 36.194415299900001 ], [ -115.1757117, 36.194415299900001 ], [ -115.1757117, 36.194417999899997 ], [ -115.1757252, 36.194417999899997 ], [ -115.1757252, 36.194415299900001 ], [ -115.1757279, 36.194415299900001 ], [ -115.1757279, 36.194409899899995 ], [ -115.1757306, 36.194409899899995 ], [ -115.1757306, 36.1943963999 ], [ -115.1757333, 36.1943963999 ], [ -115.1757333, 36.194390999900001 ], [ -115.1757414, 36.194390999900001 ], [ -115.1757414, 36.194388299899998 ], [ -115.1757927, 36.194388299899998 ], [ -115.1757927, 36.194390999900001 ], [ -115.1758467, 36.194390999900001 ], [ -115.1758467, 36.194388299899998 ], [ -115.1758521, 36.194388299899998 ], [ -115.1758521, 36.194390999900001 ], [ -115.1758683, 36.194390999900001 ], [ -115.1758683, 36.194388299899998 ], [ -115.1758737, 36.194388299899998 ], [ -115.1758737, 36.194390999900001 ], [ -115.1758791, 36.194390999900001 ], [ -115.1758791, 36.1944017999 ], [ -115.1758818, 36.1944017999 ], [ -115.1758818, 36.194412599899998 ], [ -115.1758845, 36.194412599899998 ], [ -115.1758845, 36.194415299900001 ], [ -115.1758872, 36.194415299900001 ], [ -115.1758872, 36.194417999899997 ], [ -115.1758899, 36.194417999899997 ], [ -115.1758899, 36.1944206999 ], [ -115.1758926, 36.1944206999 ], [ -115.1758926, 36.194507099900001 ], [ -115.1758737, 36.194507099900001 ], [ -115.1758737, 36.194504399899998 ], [ -115.1758629, 36.194504399899998 ], [ -115.1758629, 36.194507099900001 ], [ -115.1755848, 36.194507099900001 ], [ -115.1755848, 36.194509799899997 ] ] ] } },
{ "type": "Feature", "properties": { "value": 255.0 }, "geometry": { "type": "Polygon", "coordinates": [ [ [ -115.1753391, 36.194585399899999 ], [ -115.1753283, 36.194585399899999 ], [ -115.1753283, 36.194582699899996 ], [ -115.1753094, 36.194582699899996 ], [ -115.1753094, 36.194577299899997 ], [ -115.1753067, 36.194577299899997 ], [ -115.1753067, 36.1945610999 ], [ -115.1753094, 36.1945610999 ], [ -115.1753094, 36.194523299899998 ], [ -115.1753121, 36.194523299899998 ], [ -115.1753121, 36.194482799900001 ], [ -115.1753148, 36.194482799900001 ], [ -115.1753148, 36.194458499900001 ], [ -115.1753175, 36.194458499900001 ], [ -115.1753175, 36.1944449999 ], [ -115.1753148, 36.1944449999 ], [ -115.1753148, 36.194431499899999 ], [ -115.1753121, 36.194431499899999 ], [ -115.1753121, 36.194415299900001 ], [ -115.1753148, 36.194415299900001 ], [ -115.1753148, 36.194388299899998 ], [ -115.1753175, 36.194388299899998 ], [ -115.1753175, 36.194380199899996 ], [ -115.1753148, 36.194380199899996 ], [ -115.1753148, 36.194369399899998 ], [ -115.1753175, 36.194369399899998 ], [ -115.1753175, 36.194361299899995 ], [ -115.1753148, 36.194361299899995 ], [ -115.1753148, 36.1943531999 ], [ -115.1753175, 36.1943531999 ], [ -115.1753175, 36.194347799900001 ], [ -115.1753202, 36.194347799900001 ], [ -115.1753202, 36.194345099899998 ], [ -115.1753283, 36.194345099899998 ], [ -115.1753283, 36.194342399900002 ], [ -115.1753337, 36.194342399900002 ], [ -115.1753337, 36.194345099899998 ], [ -115.1753472, 36.194345099899998 ], [ -115.1753472, 36.194347799900001 ], [ -115.1753526, 36.194347799900001 ], [ -115.1753526, 36.194350499899997 ], [ -115.175358, 36.194350499899997 ], [ -115.175358, 36.194355899899996 ], [ -115.1753607, 36.194355899899996 ], [ -115.1753607, 36.194582699899996 ], [ -115.1753391, 36.194582699899996 ], [ -115.1753391, 36.194585399899999 ] ] ] } },
{ "type": "Feature", "properties": { "value": 255.0 }, "geometry": { "type": "Polygon", "coordinates": [ [ [ -115.1743212, 36.194350499899997 ], [ -115.1742807, 36.194350499899997 ], [ -115.1742807, 36.194347799900001 ], [ -115.1742645, 36.194347799900001 ], [ -115.1742645, 36.194345099899998 ], [ -115.1742618, 36.194345099899998 ], [ -115.1742618, 36.194342399900002 ], [ -115.1742591, 36.194342399900002 ], [ -115.1742591, 36.1943099999 ], [ -115.1742618, 36.1943099999 ], [ -115.1742618, 36.194301899899997 ], [ -115.174267199999989, 36.194301899899997 ], [ -115.174267199999989, 36.194299199900001 ], [ -115.1742834, 36.194299199900001 ], [ -115.1742834, 36.194301899899997 ], [ -115.1743212, 36.194301899899997 ], [ -115.1743212, 36.194307299899997 ], [ -115.1743239, 36.194307299899997 ], [ -115.1743239, 36.194323499900001 ], [ -115.1743212, 36.194323499900001 ], [ -115.1743212, 36.194350499899997 ] ] ] } },
{ "type": "Feature", "properties": { "value": 255.0 }, "geometry": { "type": "Polygon", "coordinates": [ [ [ -115.1748693, 36.194496299899996 ], [ -115.1748477, 36.194496299899996 ], [ -115.1748477, 36.194493599899999 ], [ -115.1748423, 36.194493599899999 ], [ -115.1748423, 36.1944881999 ], [ -115.1748369, 36.1944881999 ], [ -115.1748369, 36.194485499899997 ], [ -115.1748126, 36.194485499899997 ], [ -115.1748126, 36.194482799900001 ], [ -115.1748099, 36.194482799900001 ], [ -115.1748099, 36.194477399899995 ], [ -115.174807199999989, 36.194477399899995 ], [ -115.174807199999989, 36.1944692999 ], [ -115.1748045, 36.1944692999 ], [ -115.1748045, 36.194461199899997 ], [ -115.1748018, 36.194461199899997 ], [ -115.1748018, 36.194453099899995 ], [ -115.1747991, 36.194453099899995 ], [ -115.1747991, 36.194442299899997 ], [ -115.1747964, 36.194442299899997 ], [ -115.1747964, 36.194434199900002 ], [ -115.1747937, 36.194434199900002 ], [ -115.1747937, 36.194423399899996 ], [ -115.174791, 36.194423399899996 ], [ -115.174791, 36.194412599899998 ], [ -115.174788299999989, 36.194412599899998 ], [ -115.174788299999989, 36.1944017999 ], [ -115.1747856, 36.1944017999 ], [ -115.1747856, 36.1943963999 ], [ -115.1747829, 36.1943963999 ], [ -115.1747829, 36.194388299899998 ], [ -115.1747802, 36.194388299899998 ], [ -115.1747802, 36.194374799899997 ], [ -115.1747775, 36.194374799899997 ], [ -115.1747775, 36.194355899899996 ], [ -115.1747748, 36.194355899899996 ], [ -115.1747748, 36.194350499899997 ], [ -115.1747775, 36.194350499899997 ], [ -115.1747775, 36.194342399900002 ], [ -115.1747802, 36.194342399900002 ], [ -115.1747802, 36.194339699899999 ], [ -115.1747829, 36.194339699899999 ], [ -115.1747829, 36.1943342999 ], [ -115.1747856, 36.1943342999 ], [ -115.1747856, 36.194323499900001 ], [ -115.174788299999989, 36.194323499900001 ], [ -115.174788299999989, 36.194320799899998 ], [ -115.174791, 36.194320799899998 ], [ -115.174791, 36.194318099900002 ], [ -115.1748234, 36.194318099900002 ], [ -115.1748234, 36.194315399899999 ], [ -115.1748774, 36.194315399899999 ], [ -115.1748774, 36.194312699899996 ], [ -115.1748828, 36.194312699899996 ], [ -115.1748828, 36.1943099999 ], [ -115.174899, 36.1943099999 ], [ -115.174899, 36.194307299899997 ], [ -115.1749017, 36.194307299899997 ], [ -115.1749017, 36.194301899899997 ], [ -115.1749044, 36.194301899899997 ], [ -115.1749044, 36.194299199900001 ], [ -115.1749071, 36.194299199900001 ], [ -115.1749071, 36.194296499899998 ], [ -115.1749125, 36.194296499899998 ], [ -115.1749125, 36.194293799899995 ], [ -115.174926, 36.194293799899995 ], [ -115.174926, 36.194291099899999 ], [ -115.1749422, 36.194291099899999 ], [ -115.1749422, 36.194288399899996 ], [ -115.1749584, 36.194288399899996 ], [ -115.1749584, 36.194291099899999 ], [ -115.1749638, 36.194291099899999 ], [ -115.1749638, 36.194293799899995 ], [ -115.1749665, 36.194293799899995 ], [ -115.1749665, 36.194296499899998 ], [ -115.1749692, 36.194296499899998 ], [ -115.1749692, 36.194299199900001 ], [ -115.1749746, 36.194299199900001 ], [ -115.1749746, 36.194296499899998 ], [ -115.1749773, 36.194296499899998 ], [ -115.1749773, 36.194299199900001 ], [ -115.174990799999989, 36.194299199900001 ], [ -115.174990799999989, 36.194296499899998 ], [ -115.1749935, 36.194296499899998 ], [ -115.1749935, 36.194293799899995 ], [ -115.1749962, 36.194293799899995 ], [ -115.1749962, 36.194291099899999 ], [ -115.1749935, 36.194291099899999 ], [ -115.1749935, 36.194288399899996 ], [ -115.1749962, 36.194288399899996 ], [ -115.1749962, 36.194282999899997 ], [ -115.1749989, 36.194282999899997 ], [ -115.1749989, 36.194280299900001 ], [ -115.1750043, 36.194280299900001 ], [ -115.1750043, 36.194277599899998 ], [ -115.1750232, 36.194277599899998 ], [ -115.1750232, 36.194274899900002 ], [ -115.1750394, 36.194274899900002 ], [ -115.1750394, 36.194272199899999 ], [ -115.175061, 36.194272199899999 ], [ -115.175061, 36.194274899900002 ], [ -115.1750691, 36.194274899900002 ], [ -115.1750691, 36.194277599899998 ], [ -115.1750718, 36.194277599899998 ], [ -115.1750718, 36.194274899900002 ], [ -115.1750799, 36.194274899900002 ], [ -115.1750799, 36.194272199899999 ], [ -115.1750961, 36.194272199899999 ], [ -115.1750961, 36.194269499899995 ], [ -115.175115, 36.194269499899995 ], [ -115.175115, 36.194264099899996 ], [ -115.1751177, 36.194264099899996 ], [ -115.1751177, 36.194258699899997 ], [ -115.1751231, 36.194258699899997 ], [ -115.1751231, 36.194255999900001 ], [ -115.1751339, 36.194255999900001 ], [ -115.1751339, 36.194253299899998 ], [ -115.175142, 36.194253299899998 ], [ -115.175142, 36.194250599900002 ], [ -115.1751528, 36.194250599900002 ], [ -115.1751528, 36.194247899899999 ], [ -115.175169, 36.194247899899999 ], [ -115.175169, 36.194250599900002 ], [ -115.1751717, 36.194250599900002 ], [ -115.1751717, 36.194253299899998 ], [ -115.1751744, 36.194253299899998 ], [ -115.1751744, 36.194255999900001 ], [ -115.1751771, 36.194255999900001 ], [ -115.1751771, 36.194258699899997 ], [ -115.1751852, 36.194258699899997 ], [ -115.1751852, 36.1942613999 ], [ -115.1751906, 36.1942613999 ], [ -115.1751906, 36.194264099899996 ], [ -115.1751987, 36.194264099899996 ], [ -115.1751987, 36.194266799899999 ], [ -115.1752014, 36.194266799899999 ], [ -115.1752014, 36.194269499899995 ], [ -115.1752068, 36.194269499899995 ], [ -115.1752068, 36.194274899900002 ], [ -115.1752095, 36.194274899900002 ], [ -115.1752095, 36.194282999899997 ], [ -115.1752122, 36.194282999899997 ], [ -115.1752122, 36.194291099899999 ], [ -115.1752149, 36.194291099899999 ], [ -115.1752149, 36.194301899899997 ], [ -115.1752176, 36.194301899899997 ], [ -115.1752176, 36.194312699899996 ], [ -115.1752203, 36.194312699899996 ], [ -115.1752203, 36.194323499900001 ], [ -115.175223, 36.194323499900001 ], [ -115.175223, 36.194331599899996 ], [ -115.1752257, 36.194331599899996 ], [ -115.1752257, 36.194339699899999 ], [ -115.1752284, 36.194339699899999 ], [ -115.1752284, 36.194347799900001 ], [ -115.1752311, 36.194347799900001 ], [ -115.1752311, 36.194355899899996 ], [ -115.1752338, 36.194355899899996 ], [ -115.1752338, 36.194361299899995 ], [ -115.1752365, 36.194361299899995 ], [ -115.1752365, 36.1943774999 ], [ -115.1752392, 36.1943774999 ], [ -115.1752392, 36.194388299899998 ], [ -115.1752419, 36.194388299899998 ], [ -115.1752419, 36.1943963999 ], [ -115.1752365, 36.1943963999 ], [ -115.1752365, 36.194399099899996 ], [ -115.1752338, 36.194399099899996 ], [ -115.1752338, 36.1944017999 ], [ -115.1752284, 36.1944017999 ], [ -115.1752284, 36.194407199899999 ], [ -115.1752257, 36.194407199899999 ], [ -115.1752257, 36.194417999899997 ], [ -115.175223, 36.194417999899997 ], [ -115.175223, 36.1944206999 ], [ -115.1752203, 36.1944206999 ], [ -115.1752203, 36.194423399899996 ], [ -115.1752149, 36.194423399899996 ], [ -115.1752149, 36.194426099899999 ], [ -115.175196, 36.194426099899999 ], [ -115.175196, 36.194428799899995 ], [ -115.1751879, 36.194428799899995 ], [ -115.1751879, 36.194426099899999 ], [ -115.1751852, 36.194426099899999 ], [ -115.1751852, 36.194428799899995 ], [ -115.1751771, 36.194428799899995 ], [ -115.1751771, 36.194426099899999 ], [ -115.1751717, 36.194426099899999 ], [ -115.1751717, 36.1944206999 ], [ -115.175169, 36.1944206999 ], [ -115.175169, 36.194417999899997 ], [ -115.1751663, 36.194417999899997 ], [ -115.1751663, 36.194415299900001 ], [ -115.1751528, 36.194415299900001 ], [ -115.1751528, 36.194417999899997 ], [ -115.175125799999989, 36.194417999899997 ], [ -115.175125799999989, 36.1944206999 ], [ -115.175115, 36.1944206999 ], [ -115.175115, 36.194423399899996 ], [ -115.1751069, 36.194423399899996 ], [ -115.1751069, 36.194426099899999 ], [ -115.1751042, 36.194426099899999 ], [ -115.1751042, 36.194442299899997 ], [ -115.1751015, 36.194442299899997 ], [ -115.1751015, 36.1944449999 ], [ -115.1750988, 36.1944449999 ], [ -115.1750988, 36.194447699899996 ], [ -115.1750907, 36.194447699899996 ], [ -115.1750907, 36.194450399899999 ], [ -115.1750772, 36.194450399899999 ], [ -115.1750772, 36.194453099899995 ], [ -115.1750637, 36.194453099899995 ], [ -115.1750637, 36.194450399899999 ], [ -115.1750529, 36.194450399899999 ], [ -115.1750529, 36.1944449999 ], [ -115.1750502, 36.1944449999 ], [ -115.1750502, 36.194442299899997 ], [ -115.1750448, 36.194442299899997 ], [ -115.1750448, 36.194439599900001 ], [ -115.1750259, 36.194439599900001 ], [ -115.1750259, 36.194442299899997 ], [ -115.1750178, 36.194442299899997 ], [ -115.1750178, 36.1944449999 ], [ -115.1750151, 36.1944449999 ], [ -115.1750151, 36.194455799899998 ], [ -115.1750124, 36.194455799899998 ], [ -115.1750124, 36.194461199899997 ], [ -115.1750097, 36.194461199899997 ], [ -115.1750097, 36.194463899900001 ], [ -115.175007, 36.194463899900001 ], [ -115.175007, 36.194466599899997 ], [ -115.1749989, 36.194466599899997 ], [ -115.1749989, 36.1944692999 ], [ -115.1749638, 36.1944692999 ], [ -115.1749638, 36.194466599899997 ], [ -115.1749611, 36.194466599899997 ], [ -115.1749611, 36.194463899900001 ], [ -115.1749584, 36.194463899900001 ], [ -115.1749584, 36.194461199899997 ], [ -115.174953, 36.194461199899997 ], [ -115.174953, 36.194458499900001 ], [ -115.1749395, 36.194458499900001 ], [ -115.1749395, 36.194461199899997 ], [ -115.174923299999989, 36.194461199899997 ], [ -115.174923299999989, 36.194463899900001 ], [ -115.1749125, 36.194463899900001 ], [ -115.1749125, 36.194466599899997 ], [ -115.1749044, 36.194466599899997 ], [ -115.1749044, 36.1944692999 ], [ -115.174899, 36.1944692999 ], [ -115.174899, 36.194471999899996 ], [ -115.1748963, 36.194471999899996 ], [ -115.1748963, 36.194477399899995 ], [ -115.1748936, 36.194477399899995 ], [ -115.1748936, 36.1944881999 ], [ -115.1748909, 36.1944881999 ], [ -115.1748909, 36.194490899899996 ], [ -115.1748828, 36.194490899899996 ], [ -115.1748828, 36.194493599899999 ], [ -115.1748693, 36.194493599899999 ], [ -115.1748693, 36.194496299899996 ] ] ] } },
{ "type": "Feature", "properties": { "value": 255.0 }, "geometry": { "type": "Polygon", "coordinates": [ [ [ -115.1756766, 36.194207399900002 ], [ -115.1756388, 36.194207399900002 ], [ -115.1756388, 36.194204699899998 ], [ -115.1756145, 36.194204699899998 ], [ -115.1756145, 36.194207399900002 ], [ -115.1756091, 36.194207399900002 ], [ -115.1756091, 36.194204699899998 ], [ -115.1755875, 36.194204699899998 ], [ -115.1755875, 36.194207399900002 ], [ -115.1755767, 36.194207399900002 ], [ -115.1755767, 36.194204699899998 ], [ -115.1755632, 36.194204699899998 ], [ -115.1755632, 36.194201999899995 ], [ -115.1755605, 36.194201999899995 ], [ -115.1755605, 36.194196599899996 ], [ -115.1755578, 36.194196599899996 ], [ -115.1755578, 36.194158799900002 ], [ -115.1755605, 36.194158799900002 ], [ -115.1755605, 36.194118299899998 ], [ -115.1755632, 36.194118299899998 ], [ -115.1755632, 36.194115599900002 ], [ -115.175574, 36.194115599900002 ], [ -115.175574, 36.194112899899999 ], [ -115.1755902, 36.194112899899999 ], [ -115.1755902, 36.194115599900002 ], [ -115.1756226, 36.194115599900002 ], [ -115.1756226, 36.194112899899999 ], [ -115.1756469, 36.194112899899999 ], [ -115.1756469, 36.194110199899995 ], [ -115.1756523, 36.194110199899995 ], [ -115.1756523, 36.194107499899999 ], [ -115.175655, 36.194107499899999 ], [ -115.175655, 36.194096699900001 ], [ -115.1756577, 36.194096699900001 ], [ -115.1756577, 36.194093999899998 ], [ -115.1756928, 36.194093999899998 ], [ -115.1756928, 36.194096699900001 ], [ -115.1756955, 36.194096699900001 ], [ -115.1756955, 36.194104799899996 ], [ -115.1756982, 36.194104799899996 ], [ -115.1756982, 36.194110199899995 ], [ -115.1757414, 36.194110199899995 ], [ -115.1757414, 36.194107499899999 ], [ -115.1757441, 36.194107499899999 ], [ -115.1757441, 36.194096699900001 ], [ -115.1757468, 36.194096699900001 ], [ -115.1757468, 36.194093999899998 ], [ -115.1757549, 36.194093999899998 ], [ -115.1757549, 36.194096699900001 ], [ -115.1757603, 36.194096699900001 ], [ -115.1757603, 36.194093999899998 ], [ -115.1757657, 36.194093999899998 ], [ -115.1757657, 36.194096699900001 ], [ -115.1757738, 36.194096699900001 ], [ -115.1757738, 36.194093999899998 ], [ -115.1757792, 36.194093999899998 ], [ -115.1757792, 36.194096699900001 ], [ -115.1757819, 36.194096699900001 ], [ -115.1757819, 36.194107499899999 ], [ -115.1757846, 36.194107499899999 ], [ -115.1757846, 36.194110199899995 ], [ -115.1757873, 36.194110199899995 ], [ -115.1757873, 36.194112899899999 ], [ -115.1758359, 36.194112899899999 ], [ -115.1758359, 36.194115599900002 ], [ -115.1758548, 36.194115599900002 ], [ -115.1758548, 36.194118299899998 ], [ -115.1758899, 36.194118299899998 ], [ -115.1758899, 36.194115599900002 ], [ -115.1758926, 36.194115599900002 ], [ -115.1758926, 36.1941938999 ], [ -115.1758899, 36.1941938999 ], [ -115.1758899, 36.194196599899996 ], [ -115.1758845, 36.194196599899996 ], [ -115.1758845, 36.194199299899999 ], [ -115.1758818, 36.194199299899999 ], [ -115.1758818, 36.194201999899995 ], [ -115.1757954, 36.194201999899995 ], [ -115.1757954, 36.194204699899998 ], [ -115.1756766, 36.194204699899998 ], [ -115.1756766, 36.194207399900002 ] ] ] } },
{ "type": "Feature", "properties": { "value": 255.0 }, "geometry": { "type": "Polygon", "coordinates": [ [ [ -115.1745993, 36.194504399899998 ], [ -115.1744319, 36.194504399899998 ], [ -115.1744319, 36.194482799900001 ], [ -115.1744292, 36.194482799900001 ], [ -115.1744292, 36.194477399899995 ], [ -115.174421099999989, 36.194477399899995 ], [ -115.174421099999989, 36.194474699899999 ], [ -115.1744076, 36.194474699899999 ], [ -115.1744076, 36.194471999899996 ], [ -115.1744049, 36.194471999899996 ], [ -115.1744049, 36.194428799899995 ], [ -115.1744076, 36.194428799899995 ], [ -115.1744076, 36.194426099899999 ], [ -115.174421099999989, 36.194426099899999 ], [ -115.174421099999989, 36.194423399899996 ], [ -115.1744238, 36.194423399899996 ], [ -115.1744238, 36.1944206999 ], [ -115.1744265, 36.1944206999 ], [ -115.1744265, 36.194409899899995 ], [ -115.1744292, 36.194409899899995 ], [ -115.1744292, 36.1944017999 ], [ -115.1744319, 36.1944017999 ], [ -115.1744319, 36.1943963999 ], [ -115.1744292, 36.1943963999 ], [ -115.1744292, 36.194385599899995 ], [ -115.1744319, 36.194385599899995 ], [ -115.1744319, 36.1943774999 ], [ -115.1744292, 36.1943774999 ], [ -115.1744292, 36.194374799899997 ], [ -115.1744238, 36.194374799899997 ], [ -115.1744238, 36.194372099900001 ], [ -115.1744157, 36.194372099900001 ], [ -115.1744157, 36.194369399899998 ], [ -115.1744076, 36.194369399899998 ], [ -115.1744076, 36.194361299899995 ], [ -115.1744049, 36.194361299899995 ], [ -115.1744049, 36.194323499900001 ], [ -115.1744076, 36.194323499900001 ], [ -115.1744076, 36.194320799899998 ], [ -115.174421099999989, 36.194320799899998 ], [ -115.174421099999989, 36.194318099900002 ], [ -115.1744292, 36.194318099900002 ], [ -115.1744292, 36.194312699899996 ], [ -115.1744319, 36.194312699899996 ], [ -115.1744319, 36.194288399899996 ], [ -115.1744346, 36.194288399899996 ], [ -115.1744346, 36.1942856999 ], [ -115.1744319, 36.1942856999 ], [ -115.1744319, 36.194280299900001 ], [ -115.174421099999989, 36.194280299900001 ], [ -115.174421099999989, 36.194277599899998 ], [ -115.174413, 36.194277599899998 ], [ -115.174413, 36.194274899900002 ], [ -115.1744076, 36.194274899900002 ], [ -115.1744076, 36.194258699899997 ], [ -115.1744103, 36.194258699899997 ], [ -115.1744103, 36.194245199899996 ], [ -115.1744076, 36.194245199899996 ], [ -115.1744076, 36.194239799899997 ], [ -115.1744103, 36.194239799899997 ], [ -115.1744103, 36.194234399899997 ], [ -115.174413, 36.194234399899997 ], [ -115.174413, 36.194231699900001 ], [ -115.1744184, 36.194231699900001 ], [ -115.1744184, 36.194228999899998 ], [ -115.174421099999989, 36.194228999899998 ], [ -115.174421099999989, 36.194226299900002 ], [ -115.1744184, 36.194226299900002 ], [ -115.1744184, 36.194220899899996 ], [ -115.1744238, 36.194220899899996 ], [ -115.1744238, 36.1942181999 ], [ -115.1744265, 36.1942181999 ], [ -115.1744265, 36.194212799900001 ], [ -115.1744292, 36.194212799900001 ], [ -115.1744292, 36.194207399900002 ], [ -115.1744319, 36.194207399900002 ], [ -115.1744319, 36.194180399899999 ], [ -115.1744265, 36.194180399899999 ], [ -115.1744265, 36.194177699899996 ], [ -115.1744157, 36.194177699899996 ], [ -115.1744157, 36.1941749999 ], [ -115.1744103, 36.1941749999 ], [ -115.1744103, 36.194172299899996 ], [ -115.1744076, 36.194172299899996 ], [ -115.1744076, 36.194145299900001 ], [ -115.1744049, 36.194145299900001 ], [ -115.1744049, 36.194134499900002 ], [ -115.1744076, 36.194134499900002 ], [ -115.1744076, 36.194131799899999 ], [ -115.1744103, 36.194131799899999 ], [ -115.1744103, 36.194129099899996 ], [ -115.1744265, 36.194129099899996 ], [ -115.1744265, 36.1941263999 ], [ -115.1744292, 36.1941263999 ], [ -115.1744292, 36.194120999900001 ], [ -115.1744319, 36.194120999900001 ], [ -115.1744319, 36.194118299899998 ], [ -115.1744346, 36.194118299899998 ], [ -115.1744346, 36.194112899899999 ], [ -115.1744373, 36.194112899899999 ], [ -115.1744373, 36.194107499899999 ], [ -115.1744427, 36.194107499899999 ], [ -115.1744427, 36.194104799899996 ], [ -115.1745831, 36.194104799899996 ], [ -115.1745831, 36.194107499899999 ], [ -115.1745993, 36.194107499899999 ], [ -115.1745993, 36.194110199899995 ], [ -115.174604699999989, 36.194110199899995 ], [ -115.174604699999989, 36.194115599900002 ], [ -115.1746074, 36.194115599900002 ], [ -115.1746074, 36.1941263999 ], [ -115.1746101, 36.1941263999 ], [ -115.1746101, 36.194131799899999 ], [ -115.1746155, 36.194131799899999 ], [ -115.1746155, 36.194134499900002 ], [ -115.1746236, 36.194134499900002 ], [ -115.1746236, 36.194137199899998 ], [ -115.174629, 36.194137199899998 ], [ -115.174629, 36.194139899900001 ], [ -115.1746317, 36.194139899900001 ], [ -115.1746317, 36.194164199900001 ], [ -115.174629, 36.194164199900001 ], [ -115.174629, 36.194172299899996 ], [ -115.1746263, 36.194172299899996 ], [ -115.1746263, 36.1941749999 ], [ -115.1746236, 36.1941749999 ], [ -115.1746236, 36.194177699899996 ], [ -115.1746155, 36.194177699899996 ], [ -115.1746155, 36.194180399899999 ], [ -115.1746074, 36.194180399899999 ], [ -115.1746074, 36.194183099900002 ], [ -115.174604699999989, 36.194183099900002 ], [ -115.174604699999989, 36.194185799899998 ], [ -115.174602, 36.194185799899998 ], [ -115.174602, 36.194201999899995 ], [ -115.1745993, 36.194201999899995 ], [ -115.1745993, 36.194207399900002 ], [ -115.174602, 36.194207399900002 ], [ -115.174602, 36.1942181999 ], [ -115.174604699999989, 36.1942181999 ], [ -115.174604699999989, 36.194226299900002 ], [ -115.1746074, 36.194226299900002 ], [ -115.1746074, 36.194228999899998 ], [ -115.1746101, 36.194228999899998 ], [ -115.1746101, 36.194231699900001 ], [ -115.1746209, 36.194231699900001 ], [ -115.1746209, 36.194234399899997 ], [ -115.1746236, 36.194234399899997 ], [ -115.1746236, 36.1942370999 ], [ -115.1746263, 36.1942370999 ], [ -115.1746263, 36.1942424999 ], [ -115.174629, 36.1942424999 ], [ -115.174629, 36.194266799899999 ], [ -115.1746263, 36.194266799899999 ], [ -115.1746263, 36.194277599899998 ], [ -115.1746236, 36.194277599899998 ], [ -115.1746236, 36.194280299900001 ], [ -115.1746101, 36.194280299900001 ], [ -115.1746101, 36.194282999899997 ], [ -115.174604699999989, 36.194282999899997 ], [ -115.174604699999989, 36.194288399899996 ], [ -115.174602, 36.194288399899996 ], [ -115.174602, 36.1943099999 ], [ -115.174604699999989, 36.1943099999 ], [ -115.174604699999989, 36.194320799899998 ], [ -115.1746074, 36.194320799899998 ], [ -115.1746074, 36.194326199899997 ], [ -115.1746236, 36.194326199899997 ], [ -115.1746236, 36.1943288999 ], [ -115.1746263, 36.1943288999 ], [ -115.1746263, 36.1943342999 ], [ -115.174629, 36.1943342999 ], [ -115.174629, 36.194361299899995 ], [ -115.1746263, 36.194361299899995 ], [ -115.1746263, 36.194369399899998 ], [ -115.1746236, 36.194369399899998 ], [ -115.1746236, 36.194372099900001 ], [ -115.1746209, 36.194372099900001 ], [ -115.1746209, 36.194374799899997 ], [ -115.1746074, 36.194374799899997 ], [ -115.1746074, 36.1943774999 ], [ -115.174604699999989, 36.1943774999 ], [ -115.174604699999989, 36.194380199899996 ], [ -115.174602, 36.194380199899996 ], [ -115.174602, 36.194382899899999 ], [ -115.1745993, 36.194382899899999 ], [ -115.1745993, 36.194393699899997 ], [ -115.1745966, 36.194393699899997 ], [ -115.1745966, 36.194407199899999 ], [ -115.1745993, 36.194407199899999 ], [ -115.1745993, 36.194412599899998 ], [ -115.174602, 36.194412599899998 ], [ -115.174602, 36.194417999899997 ], [ -115.174604699999989, 36.194417999899997 ], [ -115.174604699999989, 36.194426099899999 ], [ -115.1746209, 36.194426099899999 ], [ -115.1746209, 36.194428799899995 ], [ -115.1746236, 36.194428799899995 ], [ -115.1746236, 36.194431499899999 ], [ -115.174629, 36.194431499899999 ], [ -115.174629, 36.194461199899997 ], [ -115.1746263, 36.194461199899997 ], [ -115.1746263, 36.194474699899999 ], [ -115.1746209, 36.194474699899999 ], [ -115.1746209, 36.194477399899995 ], [ -115.1746074, 36.194477399899995 ], [ -115.1746074, 36.194480099899998 ], [ -115.174604699999989, 36.194480099899998 ], [ -115.174604699999989, 36.1944881999 ], [ -115.174602, 36.1944881999 ], [ -115.174602, 36.194498999899999 ], [ -115.1745993, 36.194498999899999 ], [ -115.1745993, 36.194504399899998 ] ] ] } },
{ "type": "Feature", "properties": { "value": 255.0 }, "geometry": { "type": "Polygon", "coordinates": [ [ [ -115.174197, 36.194075099899997 ], [ -115.1741376, 36.194075099899997 ], [ -115.1741376, 36.194031899899997 ], [ -115.1741538, 36.194031899899997 ], [ -115.1741538, 36.194029199900001 ], [ -115.1741592, 36.194029199900001 ], [ -115.1741592, 36.194031899899997 ], [ -115.174197, 36.194031899899997 ], [ -115.174197, 36.1940345999 ], [ -115.174199699999988, 36.1940345999 ], [ -115.174199699999988, 36.194072399900001 ], [ -115.174197, 36.194072399900001 ], [ -115.174197, 36.194075099899997 ] ] ] } },
{ "type": "Feature", "properties": { "value": 255.0 }, "geometry": { "type": "Polygon", "coordinates": [ [ [ -115.1746101, 36.194072399900001 ], [ -115.174602, 36.194072399900001 ], [ -115.174602, 36.194069699899998 ], [ -115.1745993, 36.194069699899998 ], [ -115.1745993, 36.194072399900001 ], [ -115.174575, 36.194072399900001 ], [ -115.174575, 36.194069699899998 ], [ -115.1745642, 36.194069699899998 ], [ -115.1745642, 36.194072399900001 ], [ -115.1743401, 36.194072399900001 ], [ -115.1743401, 36.194069699899998 ], [ -115.1743374, 36.194069699899998 ], [ -115.1743374, 36.194061599899996 ], [ -115.174334699999989, 36.194061599899996 ], [ -115.174334699999989, 36.1940345999 ], [ -115.1743374, 36.1940345999 ], [ -115.1743374, 36.194031899899997 ], [ -115.1743509, 36.194031899899997 ], [ -115.1743509, 36.194029199900001 ], [ -115.1744481, 36.194029199900001 ], [ -115.1744481, 36.194026499899998 ], [ -115.174467, 36.194026499899998 ], [ -115.174467, 36.194029199900001 ], [ -115.1745318, 36.194029199900001 ], [ -115.1745318, 36.194026499899998 ], [ -115.1746101, 36.194026499899998 ], [ -115.1746101, 36.194029199900001 ], [ -115.1746236, 36.194029199900001 ], [ -115.1746236, 36.194031899899997 ], [ -115.1746263, 36.194031899899997 ], [ -115.1746263, 36.194042699900002 ], [ -115.174629, 36.194042699900002 ], [ -115.174629, 36.194045399899998 ], [ -115.1746263, 36.194045399899998 ], [ -115.1746263, 36.194069699899998 ], [ -115.1746101, 36.194069699899998 ], [ -115.1746101, 36.194072399900001 ] ] ] } },
{ "type": "Feature", "properties": { "value": 255.0 }, "geometry": { "type": "Polygon", "coordinates": [ [ [ -115.1755659, 36.1940102999 ], [ -115.1755389, 36.1940102999 ], [ -115.1755389, 36.194007599899997 ], [ -115.1755362, 36.194007599899997 ], [ -115.1755362, 36.194004899900001 ], [ -115.1755335, 36.194004899900001 ], [ -115.1755335, 36.193972499899999 ], [ -115.1755308, 36.193972499899999 ], [ -115.1755308, 36.193950899900003 ], [ -115.1755281, 36.193950899900003 ], [ -115.1755281, 36.193891499899998 ], [ -115.1755335, 36.193891499899998 ], [ -115.1755335, 36.193888799900002 ], [ -115.1755848, 36.193888799900002 ], [ -115.1755848, 36.193891499899998 ], [ -115.1755902, 36.193891499899998 ], [ -115.1755902, 36.193894199900001 ], [ -115.1755929, 36.193894199900001 ], [ -115.1755929, 36.193896899899997 ], [ -115.1755956, 36.193896899899997 ], [ -115.1755956, 36.193902299899996 ], [ -115.175601, 36.193902299899996 ], [ -115.175601, 36.193896899899997 ], [ -115.1756037, 36.193896899899997 ], [ -115.1756037, 36.193894199900001 ], [ -115.1756145, 36.193894199900001 ], [ -115.1756145, 36.193896899899997 ], [ -115.1756199, 36.193896899899997 ], [ -115.1756199, 36.193894199900001 ], [ -115.1756307, 36.193894199900001 ], [ -115.1756307, 36.193896899899997 ], [ -115.1756334, 36.193896899899997 ], [ -115.1756334, 36.193902299899996 ], [ -115.1756361, 36.193902299899996 ], [ -115.1756361, 36.1938995999 ], [ -115.1756388, 36.1938995999 ], [ -115.1756388, 36.193902299899996 ], [ -115.1756442, 36.193902299899996 ], [ -115.1756442, 36.193904999899999 ], [ -115.1756469, 36.193904999899999 ], [ -115.1756469, 36.193907699900002 ], [ -115.175655, 36.193907699900002 ], [ -115.175655, 36.193913099900001 ], [ -115.1756793, 36.193913099900001 ], [ -115.1756793, 36.193915799899997 ], [ -115.1757171, 36.193915799899997 ], [ -115.1757171, 36.193918499900001 ], [ -115.1757198, 36.193918499900001 ], [ -115.1757198, 36.193915799899997 ], [ -115.175736, 36.193915799899997 ], [ -115.175736, 36.193913099900001 ], [ -115.1757414, 36.193913099900001 ], [ -115.1757414, 36.193904999899999 ], [ -115.1757441, 36.193904999899999 ], [ -115.1757441, 36.193907699900002 ], [ -115.1757495, 36.193907699900002 ], [ -115.1757495, 36.193904999899999 ], [ -115.1757657, 36.193904999899999 ], [ -115.1757657, 36.193902299899996 ], [ -115.1757684, 36.193902299899996 ], [ -115.1757684, 36.1938995999 ], [ -115.1757792, 36.1938995999 ], [ -115.1757792, 36.193896899899997 ], [ -115.1757819, 36.193896899899997 ], [ -115.1757819, 36.193894199900001 ], [ -115.1757846, 36.193894199900001 ], [ -115.1757846, 36.193891499899998 ], [ -115.1757981, 36.193891499899998 ], [ -115.1757981, 36.193888799900002 ], [ -115.1758467, 36.193888799900002 ], [ -115.1758467, 36.193891499899998 ], [ -115.1758494, 36.193891499899998 ], [ -115.1758494, 36.1938995999 ], [ -115.1758521, 36.1938995999 ], [ -115.1758521, 36.193915799899997 ], [ -115.1758548, 36.193915799899997 ], [ -115.1758548, 36.1939238999 ], [ -115.1758575, 36.1939238999 ], [ -115.1758575, 36.193956299900002 ], [ -115.1758548, 36.193956299900002 ], [ -115.1758548, 36.193972499899999 ], [ -115.1758575, 36.193972499899999 ], [ -115.1758575, 36.194004899900001 ], [ -115.1758521, 36.194004899900001 ], [ -115.1758521, 36.194007599899997 ], [ -115.1758197, 36.194007599899997 ], [ -115.1758197, 36.194004899900001 ], [ -115.1758062, 36.194004899900001 ], [ -115.1758062, 36.194007599899997 ], [ -115.1755659, 36.194007599899997 ], [ -115.1755659, 36.1940102999 ] ] ] } },
{ "type": "Feature", "properties": { "value": 255.0 }, "geometry": { "type": "Polygon", "coordinates": [ [ [ -115.1751744, 36.194134499900002 ], [ -115.1751474, 36.194134499900002 ], [ -115.1751474, 36.194131799899999 ], [ -115.1751366, 36.194131799899999 ], [ -115.1751366, 36.194129099899996 ], [ -115.1751285, 36.194129099899996 ], [ -115.1751285, 36.1941263999 ], [ -115.175125799999989, 36.1941263999 ], [ -115.175125799999989, 36.194107499899999 ], [ -115.1751231, 36.194107499899999 ], [ -115.1751231, 36.194104799899996 ], [ -115.1751177, 36.194104799899996 ], [ -115.1751177, 36.1941020999 ], [ -115.1751069, 36.1941020999 ], [ -115.1751069, 36.194099399899997 ], [ -115.1750934, 36.194099399899997 ], [ -115.1750934, 36.194096699900001 ], [ -115.1750637, 36.194096699900001 ], [ -115.1750637, 36.194099399899997 ], [ -115.175061, 36.194099399899997 ], [ -115.175061, 36.194107499899999 ], [ -115.1750556, 36.194107499899999 ], [ -115.1750556, 36.194110199899995 ], [ -115.1750502, 36.194110199899995 ], [ -115.1750502, 36.194107499899999 ], [ -115.1750232, 36.194107499899999 ], [ -115.1750232, 36.194104799899996 ], [ -115.1750178, 36.194104799899996 ], [ -115.1750178, 36.1941020999 ], [ -115.1750097, 36.1941020999 ], [ -115.1750097, 36.194099399899997 ], [ -115.175007, 36.194099399899997 ], [ -115.175007, 36.194080499899997 ], [ -115.1750043, 36.194080499899997 ], [ -115.1750043, 36.194077799900001 ], [ -115.1749989, 36.194077799900001 ], [ -115.1749989, 36.194075099899997 ], [ -115.1749746, 36.194075099899997 ], [ -115.1749746, 36.194077799900001 ], [ -115.1749719, 36.194077799900001 ], [ -115.1749719, 36.194080499899997 ], [ -115.1749692, 36.194080499899997 ], [ -115.1749692, 36.1940831999 ], [ -115.1749665, 36.1940831999 ], [ -115.1749665, 36.194085899899996 ], [ -115.1749611, 36.194085899899996 ], [ -115.1749611, 36.194088599899999 ], [ -115.174953, 36.194088599899999 ], [ -115.174953, 36.194085899899996 ], [ -115.1749314, 36.194085899899996 ], [ -115.1749314, 36.1940831999 ], [ -115.174923299999989, 36.1940831999 ], [ -115.174923299999989, 36.194080499899997 ], [ -115.1749179, 36.194080499899997 ], [ -115.1749179, 36.194077799900001 ], [ -115.1749152, 36.194077799900001 ], [ -115.1749152, 36.194066999900002 ], [ -115.1749179, 36.194066999900002 ], [ -115.1749179, 36.194061599899996 ], [ -115.1749152, 36.194061599899996 ], [ -115.1749152, 36.1940588999 ], [ -115.1749125, 36.1940588999 ], [ -115.1749125, 36.194056199899997 ], [ -115.1749071, 36.194056199899997 ], [ -115.1749071, 36.194053499900001 ], [ -115.1748936, 36.194053499900001 ], [ -115.1748936, 36.194050799899998 ], [ -115.1748774, 36.194050799899998 ], [ -115.1748774, 36.194048099900002 ], [ -115.174855799999989, 36.194048099900002 ], [ -115.174855799999989, 36.194050799899998 ], [ -115.1748531, 36.194050799899998 ], [ -115.1748531, 36.194053499900001 ], [ -115.1748504, 36.194053499900001 ], [ -115.1748504, 36.194061599899996 ], [ -115.1748369, 36.194061599899996 ], [ -115.1748369, 36.1940588999 ], [ -115.1748099, 36.1940588999 ], [ -115.1748099, 36.194056199899997 ], [ -115.1748045, 36.194056199899997 ], [ -115.1748045, 36.194053499900001 ], [ -115.1747991, 36.194053499900001 ], [ -115.1747991, 36.194050799899998 ], [ -115.1747964, 36.194050799899998 ], [ -115.1747964, 36.194042699900002 ], [ -115.1747937, 36.194042699900002 ], [ -115.1747937, 36.194039999899999 ], [ -115.1747964, 36.194039999899999 ], [ -115.1747964, 36.194037299899996 ], [ -115.1747937, 36.194037299899996 ], [ -115.1747937, 36.194031899899997 ], [ -115.174788299999989, 36.194031899899997 ], [ -115.174788299999989, 36.194029199900001 ], [ -115.1747829, 36.194029199900001 ], [ -115.1747829, 36.194012999899996 ], [ -115.1747856, 36.194012999899996 ], [ -115.1747856, 36.194002199899998 ], [ -115.174788299999989, 36.194002199899998 ], [ -115.174788299999989, 36.193994099899996 ], [ -115.174791, 36.193994099899996 ], [ -115.174791, 36.193985999900001 ], [ -115.1747937, 36.193985999900001 ], [ -115.1747937, 36.193977899899998 ], [ -115.1747964, 36.193977899899998 ], [ -115.1747964, 36.193969799899996 ], [ -115.1747991, 36.193969799899996 ], [ -115.1747991, 36.193958999899998 ], [ -115.1748018, 36.193958999899998 ], [ -115.1748018, 36.193948199899999 ], [ -115.1748045, 36.193948199899999 ], [ -115.1748045, 36.1939427999 ], [ -115.174807199999989, 36.1939427999 ], [ -115.174807199999989, 36.193931999900002 ], [ -115.1748099, 36.193931999900002 ], [ -115.1748099, 36.1939238999 ], [ -115.1748126, 36.1939238999 ], [ -115.1748126, 36.193913099900001 ], [ -115.1748153, 36.193913099900001 ], [ -115.1748153, 36.1938995999 ], [ -115.174818, 36.1938995999 ], [ -115.174818, 36.193894199900001 ], [ -115.1748234, 36.193894199900001 ], [ -115.1748234, 36.193891499899998 ], [ -115.1748423, 36.193891499899998 ], [ -115.1748423, 36.193888799900002 ], [ -115.1748477, 36.193888799900002 ], [ -115.1748477, 36.193886099899998 ], [ -115.1748504, 36.193886099899998 ], [ -115.1748504, 36.193883399900002 ], [ -115.1748639, 36.193883399900002 ], [ -115.1748639, 36.193886099899998 ], [ -115.1748882, 36.193886099899998 ], [ -115.1748882, 36.193888799900002 ], [ -115.1748963, 36.193888799900002 ], [ -115.1748963, 36.193891499899998 ], [ -115.174899, 36.193891499899998 ], [ -115.174899, 36.193896899899997 ], [ -115.1749017, 36.193896899899997 ], [ -115.1749017, 36.1938995999 ], [ -115.1749044, 36.1938995999 ], [ -115.1749044, 36.193902299899996 ], [ -115.1749071, 36.193902299899996 ], [ -115.1749071, 36.193904999899999 ], [ -115.1749044, 36.193904999899999 ], [ -115.1749044, 36.193907699900002 ], [ -115.1749071, 36.193907699900002 ], [ -115.1749071, 36.193910399899998 ], [ -115.174923299999989, 36.193910399899998 ], [ -115.174923299999989, 36.193913099900001 ], [ -115.1749341, 36.193913099900001 ], [ -115.1749341, 36.193910399899998 ], [ -115.1749476, 36.193910399899998 ], [ -115.1749476, 36.193913099900001 ], [ -115.1749611, 36.193913099900001 ], [ -115.1749611, 36.193910399899998 ], [ -115.1749665, 36.193910399899998 ], [ -115.1749665, 36.193907699900002 ], [ -115.1749881, 36.193907699900002 ], [ -115.1749881, 36.193910399899998 ], [ -115.1750043, 36.193910399899998 ], [ -115.1750043, 36.193913099900001 ], [ -115.1750205, 36.193913099900001 ], [ -115.1750205, 36.193915799899997 ], [ -115.1750232, 36.193915799899997 ], [ -115.1750232, 36.193918499900001 ], [ -115.1750421, 36.193918499900001 ], [ -115.1750421, 36.193921199899997 ], [ -115.1750529, 36.193921199899997 ], [ -115.1750529, 36.1939238999 ], [ -115.1750637, 36.1939238999 ], [ -115.1750637, 36.193926599900003 ], [ -115.1750691, 36.193926599900003 ], [ -115.1750691, 36.193929299899999 ], [ -115.1750745, 36.193929299899999 ], [ -115.1750745, 36.193931999900002 ], [ -115.175088, 36.193931999900002 ], [ -115.175088, 36.193934699899998 ], [ -115.1751015, 36.193934699899998 ], [ -115.1751015, 36.193937399900001 ], [ -115.1751069, 36.193937399900001 ], [ -115.1751069, 36.193940099899997 ], [ -115.1751096, 36.193940099899997 ], [ -115.1751096, 36.193945499899996 ], [ -115.1751123, 36.193945499899996 ], [ -115.1751123, 36.193956299900002 ], [ -115.175115, 36.193956299900002 ], [ -115.175115, 36.193958999899998 ], [ -115.1751312, 36.193958999899998 ], [ -115.1751312, 36.193961699900001 ], [ -115.1751582, 36.193961699900001 ], [ -115.1751582, 36.193964399899997 ], [ -115.1751771, 36.193964399899997 ], [ -115.1751771, 36.193961699900001 ], [ -115.1751798, 36.193961699900001 ], [ -115.1751798, 36.193958999899998 ], [ -115.1751987, 36.193958999899998 ], [ -115.1751987, 36.193961699900001 ], [ -115.1752122, 36.193961699900001 ], [ -115.1752122, 36.193964399899997 ], [ -115.1752203, 36.193964399899997 ], [ -115.1752203, 36.1939670999 ], [ -115.1752257, 36.1939670999 ], [ -115.1752257, 36.193969799899996 ], [ -115.1752284, 36.193969799899996 ], [ -115.1752284, 36.193972499899999 ], [ -115.1752311, 36.193972499899999 ], [ -115.1752311, 36.193985999900001 ], [ -115.1752338, 36.193985999900001 ], [ -115.1752338, 36.193988699899997 ], [ -115.1752365, 36.193988699899997 ], [ -115.1752365, 36.1939913999 ], [ -115.1752392, 36.1939913999 ], [ -115.1752392, 36.193994099899996 ], [ -115.1752419, 36.193994099899996 ], [ -115.1752419, 36.193996799899999 ], [ -115.1752446, 36.193996799899999 ], [ -115.1752446, 36.194004899900001 ], [ -115.1752419, 36.194004899900001 ], [ -115.1752419, 36.194012999899996 ], [ -115.1752392, 36.194012999899996 ], [ -115.1752392, 36.194018399900003 ], [ -115.1752365, 36.194018399900003 ], [ -115.1752365, 36.194026499899998 ], [ -115.1752338, 36.194026499899998 ], [ -115.1752338, 36.194031899899997 ], [ -115.1752311, 36.194031899899997 ], [ -115.1752311, 36.194039999899999 ], [ -115.1752284, 36.194039999899999 ], [ -115.1752284, 36.194048099900002 ], [ -115.1752257, 36.194048099900002 ], [ -115.1752257, 36.194056199899997 ], [ -115.175223, 36.194056199899997 ], [ -115.175223, 36.194064299899999 ], [ -115.1752203, 36.194064299899999 ], [ -115.1752203, 36.194072399900001 ], [ -115.1752176, 36.194072399900001 ], [ -115.1752176, 36.1940831999 ], [ -115.1752149, 36.1940831999 ], [ -115.1752149, 36.194091299900002 ], [ -115.1752122, 36.194091299900002 ], [ -115.1752122, 36.1941020999 ], [ -115.1752095, 36.1941020999 ], [ -115.1752095, 36.194115599900002 ], [ -115.1752068, 36.194115599900002 ], [ -115.1752068, 36.194123699899997 ], [ -115.1751798, 36.194123699899997 ], [ -115.1751798, 36.1941263999 ], [ -115.1751771, 36.1941263999 ], [ -115.1751771, 36.194131799899999 ], [ -115.1751744, 36.194131799899999 ], [ -115.1751744, 36.194134499900002 ] ] ] } },
{ "type": "Feature", "properties": { "value": 255.0 }, "geometry": { "type": "Polygon", "coordinates": [ [ [ -115.1747046, 36.194007599899997 ], [ -115.174656, 36.194007599899997 ], [ -115.174656, 36.194004899900001 ], [ -115.174653299999989, 36.194004899900001 ], [ -115.174653299999989, 36.193888799900002 ], [ -115.1746506, 36.193888799900002 ], [ -115.1746506, 36.193867199899998 ], [ -115.174653299999989, 36.193867199899998 ], [ -115.174653299999989, 36.193864499900002 ], [ -115.174656, 36.193864499900002 ], [ -115.174656, 36.193861799899999 ], [ -115.1746992, 36.193861799899999 ], [ -115.1746992, 36.193864499900002 ], [ -115.1747019, 36.193864499900002 ], [ -115.1747019, 36.193869899900001 ], [ -115.1747046, 36.193869899900001 ], [ -115.1747046, 36.193937399900001 ], [ -115.1747073, 36.193937399900001 ], [ -115.1747073, 36.194004899900001 ], [ -115.1747046, 36.194004899900001 ], [ -115.1747046, 36.194007599899997 ] ] ] } },
{ "type": "Feature", "properties": { "value": 255.0 }, "geometry": { "type": "Polygon", "coordinates": [ [ [ -115.1753526, 36.194183099900002 ], [ -115.1753337, 36.194183099900002 ], [ -115.1753337, 36.194180399899999 ], [ -115.1753202, 36.194180399899999 ], [ -115.1753202, 36.194177699899996 ], [ -115.1753148, 36.194177699899996 ], [ -115.1753148, 36.1941749999 ], [ -115.1753121, 36.1941749999 ], [ -115.1753121, 36.194172299899996 ], [ -115.1753094, 36.194172299899996 ], [ -115.1753094, 36.194161499899998 ], [ -115.1753067, 36.194161499899998 ], [ -115.1753067, 36.194131799899999 ], [ -115.1753094, 36.194131799899999 ], [ -115.1753094, 36.194050799899998 ], [ -115.1753067, 36.194050799899998 ], [ -115.1753067, 36.193964399899997 ], [ -115.175304, 36.193964399899997 ], [ -115.175304, 36.193953599899999 ], [ -115.1753013, 36.193953599899999 ], [ -115.1753013, 36.193904999899999 ], [ -115.1752986, 36.193904999899999 ], [ -115.1752986, 36.193888799900002 ], [ -115.1752959, 36.193888799900002 ], [ -115.1752959, 36.193859099900003 ], [ -115.1752986, 36.193859099900003 ], [ -115.1752986, 36.193853699899996 ], [ -115.1753013, 36.193853699899996 ], [ -115.1753013, 36.193848299899997 ], [ -115.175304, 36.193848299899997 ], [ -115.175304, 36.193842899899998 ], [ -115.1753202, 36.193842899899998 ], [ -115.1753202, 36.193840199900002 ], [ -115.1753607, 36.193840199900002 ], [ -115.1753607, 36.194177699899996 ], [ -115.175358, 36.194177699899996 ], [ -115.175358, 36.194180399899999 ], [ -115.1753526, 36.194180399899999 ], [ -115.1753526, 36.194183099900002 ] ] ] } },
{ "type": "Feature", "properties": { "value": 255.0 }, "geometry": { "type": "Polygon", "coordinates": [ [ [ -115.174488599999989, 36.193896899899997 ], [ -115.1744778, 36.193896899899997 ], [ -115.1744778, 36.193894199900001 ], [ -115.174413, 36.193894199900001 ], [ -115.174413, 36.193896899899997 ], [ -115.174383299999988, 36.193896899899997 ], [ -115.174383299999988, 36.193894199900001 ], [ -115.1743779, 36.193894199900001 ], [ -115.1743779, 36.193891499899998 ], [ -115.1743752, 36.193891499899998 ], [ -115.1743752, 36.1938563999 ], [ -115.1743725, 36.1938563999 ], [ -115.1743725, 36.193853699899996 ], [ -115.1743752, 36.193853699899996 ], [ -115.1743752, 36.193848299899997 ], [ -115.174402199999989, 36.193848299899997 ], [ -115.174402199999989, 36.193845599900001 ], [ -115.1744913, 36.193845599900001 ], [ -115.1744913, 36.193848299899997 ], [ -115.174494, 36.193848299899997 ], [ -115.174494, 36.193894199900001 ], [ -115.174488599999989, 36.193894199900001 ], [ -115.174488599999989, 36.193896899899997 ] ] ] } },
{ "type": "Feature", "properties": { "value": 255.0 }, "geometry": { "type": "Polygon", "coordinates": [ [ [ -115.174278, 36.193896899899997 ], [ -115.1741646, 36.193896899899997 ], [ -115.1741646, 36.193894199900001 ], [ -115.1741619, 36.193894199900001 ], [ -115.1741619, 36.193880699899999 ], [ -115.1741592, 36.193880699899999 ], [ -115.1741592, 36.193867199899998 ], [ -115.1741619, 36.193867199899998 ], [ -115.1741619, 36.193864499900002 ], [ -115.1741592, 36.193864499900002 ], [ -115.1741592, 36.193853699899996 ], [ -115.1741619, 36.193853699899996 ], [ -115.1741619, 36.1938509999 ], [ -115.1741646, 36.1938509999 ], [ -115.1741646, 36.193848299899997 ], [ -115.1742726, 36.193848299899997 ], [ -115.1742726, 36.193845599900001 ], [ -115.1742753, 36.193845599900001 ], [ -115.1742753, 36.193848299899997 ], [ -115.1742807, 36.193848299899997 ], [ -115.1742807, 36.193891499899998 ], [ -115.174278, 36.193891499899998 ], [ -115.174278, 36.193896899899997 ] ] ] } },
{ "type": "Feature", "properties": { "value": 255.0 }, "geometry": { "type": "Polygon", "coordinates": [ [ [ -115.1752041, 36.193818599899998 ], [ -115.1752014, 36.193818599899998 ], [ -115.1752014, 36.193815899900002 ], [ -115.1751042, 36.193815899900002 ], [ -115.1751042, 36.193813199899999 ], [ -115.1751015, 36.193813199899999 ], [ -115.1751015, 36.1937834999 ], [ -115.1751042, 36.1937834999 ], [ -115.1751042, 36.193775399899998 ], [ -115.1751069, 36.193775399899998 ], [ -115.1751069, 36.193772699900002 ], [ -115.1751393, 36.193772699900002 ], [ -115.1751393, 36.193769999899999 ], [ -115.1752014, 36.193769999899999 ], [ -115.1752014, 36.193772699900002 ], [ -115.1752203, 36.193772699900002 ], [ -115.1752203, 36.193813199899999 ], [ -115.1752176, 36.193813199899999 ], [ -115.1752176, 36.193815899900002 ], [ -115.1752041, 36.193815899900002 ], [ -115.1752041, 36.193818599899998 ] ] ] } },
{ "type": "Feature", "properties": { "value": 255.0 }, "geometry": { "type": "Polygon", "coordinates": [ [ [ -115.1749746, 36.193818599899998 ], [ -115.174737, 36.193818599899998 ], [ -115.174737, 36.193815899900002 ], [ -115.1747343, 36.193815899900002 ], [ -115.1747343, 36.193813199899999 ], [ -115.1747316, 36.193813199899999 ], [ -115.1747316, 36.193778099900001 ], [ -115.1747343, 36.193778099900001 ], [ -115.1747343, 36.193775399899998 ], [ -115.1747478, 36.193775399899998 ], [ -115.1747478, 36.193772699900002 ], [ -115.1747586, 36.193772699900002 ], [ -115.1747586, 36.193775399899998 ], [ -115.1747721, 36.193775399899998 ], [ -115.1747721, 36.193772699900002 ], [ -115.174845, 36.193772699900002 ], [ -115.174845, 36.193775399899998 ], [ -115.1748909, 36.193775399899998 ], [ -115.1748909, 36.193772699900002 ], [ -115.1750286, 36.193772699900002 ], [ -115.1750286, 36.193775399899998 ], [ -115.175034, 36.193775399899998 ], [ -115.175034, 36.1937834999 ], [ -115.1750367, 36.1937834999 ], [ -115.1750367, 36.193786199899996 ], [ -115.175034, 36.193786199899996 ], [ -115.175034, 36.193815899900002 ], [ -115.1749746, 36.193815899900002 ], [ -115.1749746, 36.193818599899998 ] ] ] } },
{ "type": "Feature", "properties": { "value": 255.0 }, "geometry": { "type": "Polygon", "coordinates": [ [ [ -115.1756604, 36.193707899899998 ], [ -115.1756091, 36.193707899899998 ], [ -115.1756091, 36.193705199900002 ], [ -115.1755308, 36.193705199900002 ], [ -115.1755308, 36.193702499899999 ], [ -115.1755281, 36.193702499899999 ], [ -115.1755281, 36.193699799900003 ], [ -115.1755254, 36.193699799900003 ], [ -115.1755254, 36.1936241999 ], [ -115.1755281, 36.1936241999 ], [ -115.1755281, 36.193618799900001 ], [ -115.1755632, 36.193618799900001 ], [ -115.1755632, 36.193616099899998 ], [ -115.1756766, 36.193616099899998 ], [ -115.1756766, 36.193613399900002 ], [ -115.1756874, 36.193613399900002 ], [ -115.1756874, 36.193616099899998 ], [ -115.1756928, 36.193616099899998 ], [ -115.1756928, 36.193613399900002 ], [ -115.1757117, 36.193613399900002 ], [ -115.1757117, 36.193610699899999 ], [ -115.1757171, 36.193610699899999 ], [ -115.1757171, 36.193607999900003 ], [ -115.1757279, 36.193607999900003 ], [ -115.1757279, 36.193610699899999 ], [ -115.1757333, 36.193610699899999 ], [ -115.1757333, 36.193613399900002 ], [ -115.1757522, 36.193613399900002 ], [ -115.1757522, 36.193616099899998 ], [ -115.1758413, 36.193616099899998 ], [ -115.1758413, 36.193618799900001 ], [ -115.1758494, 36.193618799900001 ], [ -115.1758494, 36.193621499899997 ], [ -115.1758521, 36.193621499899997 ], [ -115.1758521, 36.1936241999 ], [ -115.1758548, 36.1936241999 ], [ -115.1758548, 36.1936970999 ], [ -115.1758521, 36.1936970999 ], [ -115.1758521, 36.193702499899999 ], [ -115.1757792, 36.193702499899999 ], [ -115.1757792, 36.193705199900002 ], [ -115.1756604, 36.193705199900002 ], [ -115.1756604, 36.193707899899998 ] ] ] } },
{ "type": "Feature", "properties": { "value": 255.0 }, "geometry": { "type": "Polygon", "coordinates": [ [ [ -115.1757495, 36.1936052999 ], [ -115.175709, 36.1936052999 ], [ -115.175709, 36.193599899900001 ], [ -115.1757117, 36.193599899900001 ], [ -115.1757117, 36.193594499900001 ], [ -115.1757468, 36.193594499900001 ], [ -115.1757468, 36.193597199899997 ], [ -115.1757495, 36.193597199899997 ], [ -115.1757495, 36.1936052999 ] ] ] } },
{ "type": "Feature", "properties": { "value": 255.0 }, "geometry": { "type": "Polygon", "coordinates": [ [ [ -115.1754309, 36.1936484999 ], [ -115.1752608, 36.1936484999 ], [ -115.1752608, 36.1936295999 ], [ -115.1752581, 36.1936295999 ], [ -115.1752581, 36.1936241999 ], [ -115.1752284, 36.1936241999 ], [ -115.1752284, 36.193591799899998 ], [ -115.1752311, 36.193591799899998 ], [ -115.1752311, 36.193583699900003 ], [ -115.1752284, 36.193583699900003 ], [ -115.1752284, 36.193572899899998 ], [ -115.1752311, 36.193572899899998 ], [ -115.1752311, 36.193570199900002 ], [ -115.1752365, 36.193570199900002 ], [ -115.1752365, 36.193567499899999 ], [ -115.1752446, 36.193567499899999 ], [ -115.1752446, 36.193564799900003 ], [ -115.1752959, 36.193564799900003 ], [ -115.1752959, 36.193562099899999 ], [ -115.1752986, 36.193562099899999 ], [ -115.1752986, 36.193545899900002 ], [ -115.1752959, 36.193545899900002 ], [ -115.1752959, 36.193540499900003 ], [ -115.1752932, 36.193540499900003 ], [ -115.1752932, 36.1935377999 ], [ -115.1752689, 36.1935377999 ], [ -115.1752689, 36.193521599900002 ], [ -115.1752662, 36.193521599900002 ], [ -115.1752662, 36.193518899899999 ], [ -115.1752635, 36.193518899899999 ], [ -115.1752635, 36.193516199900003 ], [ -115.1752311, 36.193516199900003 ], [ -115.1752311, 36.1935134999 ], [ -115.1752284, 36.1935134999 ], [ -115.1752284, 36.193459499900001 ], [ -115.1753202, 36.193459499900001 ], [ -115.1753202, 36.193456799899998 ], [ -115.1753283, 36.193456799899998 ], [ -115.1753283, 36.193459499900001 ], [ -115.1754228, 36.193459499900001 ], [ -115.1754228, 36.193462199899997 ], [ -115.1754309, 36.193462199899997 ], [ -115.1754309, 36.1934648999 ], [ -115.1754336, 36.1934648999 ], [ -115.1754336, 36.193535099900004 ], [ -115.1754309, 36.193535099900004 ], [ -115.1754309, 36.193543199899999 ], [ -115.1754282, 36.193543199899999 ], [ -115.1754282, 36.193562099899999 ], [ -115.1754309, 36.193562099899999 ], [ -115.1754309, 36.193618799900001 ], [ -115.1754336, 36.193618799900001 ], [ -115.1754336, 36.193645799899997 ], [ -115.1754309, 36.193645799899997 ], [ -115.1754309, 36.1936484999 ] ] ] } },
{ "type": "Feature", "properties": { "value": 255.0 }, "geometry": { "type": "Polygon", "coordinates": [ [ [ -115.17552, 36.1935134999 ], [ -115.1755146, 36.1935134999 ], [ -115.1755146, 36.193505399899998 ], [ -115.1755119, 36.193505399899998 ], [ -115.1755119, 36.193502699900002 ], [ -115.1755092, 36.193502699900002 ], [ -115.1755092, 36.193505399899998 ], [ -115.1755038, 36.193505399899998 ], [ -115.1755038, 36.193497299900002 ], [ -115.1755011, 36.193497299900002 ], [ -115.1755011, 36.1934891999 ], [ -115.1755038, 36.1934891999 ], [ -115.1755038, 36.193478399900002 ], [ -115.1755011, 36.193478399900002 ], [ -115.1755011, 36.1934459999 ], [ -115.1755038, 36.1934459999 ], [ -115.1755038, 36.193440599900001 ], [ -115.1755011, 36.193440599900001 ], [ -115.1755011, 36.193432499899998 ], [ -115.1755038, 36.193432499899998 ], [ -115.1755038, 36.193427099899999 ], [ -115.1755092, 36.193427099899999 ], [ -115.1755092, 36.193424399900003 ], [ -115.1755146, 36.193424399900003 ], [ -115.1755146, 36.1934216999 ], [ -115.1755173, 36.1934216999 ], [ -115.1755173, 36.193416299900001 ], [ -115.17552, 36.193416299900001 ], [ -115.17552, 36.1935134999 ] ] ] } },
{ "type": "Feature", "properties": { "value": 255.0 }, "geometry": { "type": "Polygon", "coordinates": [ [ [ -115.1757873, 36.193505399899998 ], [ -115.1755308, 36.193505399899998 ], [ -115.1755308, 36.193502699900002 ], [ -115.1755281, 36.193502699900002 ], [ -115.1755281, 36.193491899900003 ], [ -115.1755254, 36.193491899900003 ], [ -115.1755254, 36.193467599900004 ], [ -115.1755227, 36.193467599900004 ], [ -115.1755227, 36.1934648999 ], [ -115.1755254, 36.1934648999 ], [ -115.1755254, 36.1934459999 ], [ -115.1755227, 36.1934459999 ], [ -115.1755227, 36.193435199900001 ], [ -115.1755254, 36.193435199900001 ], [ -115.1755254, 36.193427099899999 ], [ -115.1755227, 36.193427099899999 ], [ -115.1755227, 36.193400099900003 ], [ -115.1755254, 36.193400099900003 ], [ -115.1755254, 36.193391999900001 ], [ -115.1755281, 36.193391999900001 ], [ -115.1755281, 36.193389299899998 ], [ -115.1755335, 36.193389299899998 ], [ -115.1755335, 36.193386599900002 ], [ -115.1755902, 36.193386599900002 ], [ -115.1755902, 36.193389299899998 ], [ -115.1755956, 36.193389299899998 ], [ -115.1755956, 36.193391999900001 ], [ -115.1755983, 36.193391999900001 ], [ -115.1755983, 36.193394699900004 ], [ -115.1756064, 36.193394699900004 ], [ -115.1756064, 36.193391999900001 ], [ -115.1756253, 36.193391999900001 ], [ -115.1756253, 36.193389299899998 ], [ -115.1756577, 36.193389299899998 ], [ -115.1756577, 36.193391999900001 ], [ -115.1756604, 36.193391999900001 ], [ -115.1756604, 36.193394699900004 ], [ -115.1756631, 36.193394699900004 ], [ -115.1756631, 36.193391999900001 ], [ -115.1756658, 36.193391999900001 ], [ -115.1756658, 36.193394699900004 ], [ -115.1756685, 36.193394699900004 ], [ -115.1756685, 36.193400099900003 ], [ -115.1756712, 36.193400099900003 ], [ -115.1756712, 36.193408199899999 ], [ -115.1756739, 36.193408199899999 ], [ -115.1756739, 36.193413599899998 ], [ -115.1756955, 36.193413599899998 ], [ -115.1756955, 36.193410899900002 ], [ -115.1756982, 36.193410899900002 ], [ -115.1756982, 36.193408199899999 ], [ -115.1757009, 36.193408199899999 ], [ -115.1757009, 36.193405499900003 ], [ -115.1757036, 36.193405499900003 ], [ -115.1757036, 36.193394699900004 ], [ -115.1757063, 36.193394699900004 ], [ -115.1757063, 36.193389299899998 ], [ -115.175709, 36.193389299899998 ], [ -115.175709, 36.193386599900002 ], [ -115.1757711, 36.193386599900002 ], [ -115.1757711, 36.193389299899998 ], [ -115.1757738, 36.193389299899998 ], [ -115.1757738, 36.193391999900001 ], [ -115.1757765, 36.193391999900001 ], [ -115.1757765, 36.193394699900004 ], [ -115.1757792, 36.193394699900004 ], [ -115.1757792, 36.193391999900001 ], [ -115.1757819, 36.193391999900001 ], [ -115.1757819, 36.193389299899998 ], [ -115.1757846, 36.193389299899998 ], [ -115.1757846, 36.193386599900002 ], [ -115.1758089, 36.193386599900002 ], [ -115.1758089, 36.193383899899999 ], [ -115.175817, 36.193383899899999 ], [ -115.175817, 36.193386599900002 ], [ -115.1758197, 36.193386599900002 ], [ -115.1758197, 36.193383899899999 ], [ -115.1758332, 36.193383899899999 ], [ -115.1758332, 36.193386599900002 ], [ -115.1758521, 36.193386599900002 ], [ -115.1758521, 36.193391999900001 ], [ -115.1758548, 36.193391999900001 ], [ -115.1758548, 36.193429799900002 ], [ -115.1758575, 36.193429799900002 ], [ -115.1758575, 36.193448699900003 ], [ -115.1758548, 36.193448699900003 ], [ -115.1758548, 36.193499999899998 ], [ -115.1758251, 36.193499999899998 ], [ -115.1758251, 36.193502699900002 ], [ -115.1757873, 36.193502699900002 ], [ -115.1757873, 36.193505399899998 ] ] ] } },
{ "type": "Feature", "properties": { "value": 255.0 }, "geometry": { "type": "Polygon", "coordinates": [ [ [ -115.1742564, 36.193529699899997 ], [ -115.1742105, 36.193529699899997 ], [ -115.1742105, 36.193526999900001 ], [ -115.174199699999988, 36.193526999900001 ], [ -115.174199699999988, 36.193524299899998 ], [ -115.174197, 36.193524299899998 ], [ -115.174197, 36.193518899899999 ], [ -115.1741943, 36.193518899899999 ], [ -115.1741943, 36.193508099900001 ], [ -115.1741916, 36.193508099900001 ], [ -115.1741916, 36.193505399899998 ], [ -115.17417, 36.193505399899998 ], [ -115.17417, 36.193502699900002 ], [ -115.1741673, 36.193502699900002 ], [ -115.1741673, 36.193475699899999 ], [ -115.1741646, 36.193475699899999 ], [ -115.1741646, 36.1934459999 ], [ -115.1741619, 36.1934459999 ], [ -115.1741619, 36.193416299900001 ], [ -115.1741646, 36.193416299900001 ], [ -115.1741646, 36.193373099900001 ], [ -115.1741673, 36.193373099900001 ], [ -115.1741673, 36.193370399899997 ], [ -115.1741781, 36.193370399899997 ], [ -115.1741781, 36.193367699900001 ], [ -115.174199699999988, 36.193367699900001 ], [ -115.174199699999988, 36.193364999899998 ], [ -115.1742645, 36.193364999899998 ], [ -115.1742645, 36.193367699900001 ], [ -115.174267199999989, 36.193367699900001 ], [ -115.174267199999989, 36.193526999900001 ], [ -115.1742564, 36.193526999900001 ], [ -115.1742564, 36.193529699899997 ] ] ] } },
{ "type": "Feature", "properties": { "value": 255.0 }, "geometry": { "type": "Polygon", "coordinates": [ [ [ -115.1745102, 36.193526999900001 ], [ -115.1744616, 36.193526999900001 ], [ -115.1744616, 36.193524299899998 ], [ -115.1744562, 36.193524299899998 ], [ -115.1744562, 36.193521599900002 ], [ -115.1744535, 36.193521599900002 ], [ -115.1744535, 36.193516199900003 ], [ -115.174450799999988, 36.193516199900003 ], [ -115.174450799999988, 36.1935134999 ], [ -115.1744481, 36.1935134999 ], [ -115.1744481, 36.193508099900001 ], [ -115.1744454, 36.193508099900001 ], [ -115.1744454, 36.193499999899998 ], [ -115.1744319, 36.193499999899998 ], [ -115.1744319, 36.193497299900002 ], [ -115.1744265, 36.193497299900002 ], [ -115.1744265, 36.193494599899999 ], [ -115.1744238, 36.193494599899999 ], [ -115.1744238, 36.1933541999 ], [ -115.1744373, 36.1933541999 ], [ -115.1744373, 36.193359599899999 ], [ -115.1744427, 36.193359599899999 ], [ -115.1744427, 36.193362299900002 ], [ -115.174450799999988, 36.193362299900002 ], [ -115.174450799999988, 36.193364999899998 ], [ -115.1744778, 36.193364999899998 ], [ -115.1744778, 36.193362299900002 ], [ -115.1745102, 36.193362299900002 ], [ -115.1745102, 36.193367699900001 ], [ -115.1745129, 36.193367699900001 ], [ -115.1745129, 36.193373099900001 ], [ -115.1745156, 36.193373099900001 ], [ -115.1745156, 36.193383899899999 ], [ -115.174518299999988, 36.193383899899999 ], [ -115.174518299999988, 36.193435199900001 ], [ -115.174521, 36.193435199900001 ], [ -115.174521, 36.193499999899998 ], [ -115.174518299999988, 36.193499999899998 ], [ -115.174518299999988, 36.193516199900003 ], [ -115.1745156, 36.193516199900003 ], [ -115.1745156, 36.193518899899999 ], [ -115.1745129, 36.193518899899999 ], [ -115.1745129, 36.193521599900002 ], [ -115.1745102, 36.193521599900002 ], [ -115.1745102, 36.193526999900001 ] ] ] } },
{ "type": "Feature", "properties": { "value": 255.0 }, "geometry": { "type": "Polygon", "coordinates": [ [ [ -115.1746425, 36.193526999900001 ], [ -115.1745831, 36.193526999900001 ], [ -115.1745831, 36.193524299899998 ], [ -115.1745777, 36.193524299899998 ], [ -115.1745777, 36.193518899899999 ], [ -115.174575, 36.193518899899999 ], [ -115.174575, 36.193510799900004 ], [ -115.1745723, 36.193510799900004 ], [ -115.1745723, 36.193508099900001 ], [ -115.1745696, 36.193508099900001 ], [ -115.1745696, 36.193499999899998 ], [ -115.1745642, 36.193499999899998 ], [ -115.1745642, 36.193497299900002 ], [ -115.1745561, 36.193497299900002 ], [ -115.1745561, 36.193494599899999 ], [ -115.1745534, 36.193494599899999 ], [ -115.1745534, 36.1934891999 ], [ -115.1745507, 36.1934891999 ], [ -115.1745507, 36.193418999900004 ], [ -115.174548, 36.193418999900004 ], [ -115.174548, 36.193364999899998 ], [ -115.1745507, 36.193364999899998 ], [ -115.1745507, 36.193362299900002 ], [ -115.1746452, 36.193362299900002 ], [ -115.1746452, 36.193367699900001 ], [ -115.1746479, 36.193367699900001 ], [ -115.1746479, 36.193494599899999 ], [ -115.1746452, 36.193494599899999 ], [ -115.1746452, 36.193502699900002 ], [ -115.1746479, 36.193502699900002 ], [ -115.1746479, 36.193505399899998 ], [ -115.1746452, 36.193505399899998 ], [ -115.1746452, 36.193524299899998 ], [ -115.1746425, 36.193524299899998 ], [ -115.1746425, 36.193526999900001 ] ] ] } },
{ "type": "Feature", "properties": { "value": 255.0 }, "geometry": { "type": "Polygon", "coordinates": [ [ [ -115.1747262, 36.193526999900001 ], [ -115.1747181, 36.193526999900001 ], [ -115.1747181, 36.193524299899998 ], [ -115.1747046, 36.193524299899998 ], [ -115.1747046, 36.193518899899999 ], [ -115.1747019, 36.193518899899999 ], [ -115.1747019, 36.193499999899998 ], [ -115.1746992, 36.193499999899998 ], [ -115.1746992, 36.193497299900002 ], [ -115.174683, 36.193497299900002 ], [ -115.174683, 36.193494599899999 ], [ -115.1746776, 36.193494599899999 ], [ -115.1746776, 36.193394699900004 ], [ -115.1746749, 36.193394699900004 ], [ -115.1746749, 36.193383899899999 ], [ -115.1746776, 36.193383899899999 ], [ -115.1746776, 36.193375799900004 ], [ -115.1746749, 36.193375799900004 ], [ -115.1746749, 36.193367699900001 ], [ -115.1746776, 36.193367699900001 ], [ -115.1746776, 36.193364999899998 ], [ -115.1747235, 36.193364999899998 ], [ -115.1747235, 36.193362299900002 ], [ -115.1747694, 36.193362299900002 ], [ -115.1747694, 36.193364999899998 ], [ -115.1747721, 36.193364999899998 ], [ -115.1747721, 36.193367699900001 ], [ -115.1747748, 36.193367699900001 ], [ -115.1747748, 36.1934216999 ], [ -115.1747721, 36.1934216999 ], [ -115.1747721, 36.193494599899999 ], [ -115.1747748, 36.193494599899999 ], [ -115.1747748, 36.193499999899998 ], [ -115.1747721, 36.193499999899998 ], [ -115.1747721, 36.193508099900001 ], [ -115.1747748, 36.193508099900001 ], [ -115.1747748, 36.193521599900002 ], [ -115.1747721, 36.193521599900002 ], [ -115.1747721, 36.193524299899998 ], [ -115.1747262, 36.193524299899998 ], [ -115.1747262, 36.193526999900001 ] ] ] } },
{ "type": "Feature", "properties": { "value": 255.0 }, "geometry": { "type": "Polygon", "coordinates": [ [ [ -115.1743671, 36.193529699899997 ], [ -115.174332, 36.193529699899997 ], [ -115.174332, 36.193526999900001 ], [ -115.1743266, 36.193526999900001 ], [ -115.1743266, 36.193524299899998 ], [ -115.1743239, 36.193524299899998 ], [ -115.1743239, 36.193518899899999 ], [ -115.1743212, 36.193518899899999 ], [ -115.1743212, 36.193508099900001 ], [ -115.1743185, 36.193508099900001 ], [ -115.1743185, 36.193505399899998 ], [ -115.1743212, 36.193505399899998 ], [ -115.1743212, 36.193502699900002 ], [ -115.1743185, 36.193502699900002 ], [ -115.1743185, 36.193499999899998 ], [ -115.1743104, 36.193499999899998 ], [ -115.1743104, 36.193497299900002 ], [ -115.1742969, 36.193497299900002 ], [ -115.1742969, 36.193472999900003 ], [ -115.1742942, 36.193472999900003 ], [ -115.1742942, 36.193370399899997 ], [ -115.1742915, 36.193370399899997 ], [ -115.1742915, 36.193367699900001 ], [ -115.1742942, 36.193367699900001 ], [ -115.1742942, 36.193364999899998 ], [ -115.1743023, 36.193364999899998 ], [ -115.1743023, 36.193362299900002 ], [ -115.174315799999988, 36.193362299900002 ], [ -115.174315799999988, 36.193364999899998 ], [ -115.174332, 36.193364999899998 ], [ -115.174332, 36.193362299900002 ], [ -115.174334699999989, 36.193362299900002 ], [ -115.174334699999989, 36.193364999899998 ], [ -115.1743374, 36.193364999899998 ], [ -115.1743374, 36.193362299900002 ], [ -115.174386, 36.193362299900002 ], [ -115.174386, 36.193364999899998 ], [ -115.1743941, 36.193364999899998 ], [ -115.1743941, 36.193367699900001 ], [ -115.1743968, 36.193367699900001 ], [ -115.1743968, 36.193391999900001 ], [ -115.1743941, 36.193391999900001 ], [ -115.1743941, 36.193516199900003 ], [ -115.1743968, 36.193516199900003 ], [ -115.1743968, 36.193521599900002 ], [ -115.1743941, 36.193521599900002 ], [ -115.1743941, 36.193526999900001 ], [ -115.1743671, 36.193526999900001 ], [ -115.1743671, 36.193529699899997 ] ] ] } },
{ "type": "Feature", "properties": { "value": 255.0 }, "geometry": { "type": "Polygon", "coordinates": [ [ [ -115.1752824, 36.193437899899997 ], [ -115.175277, 36.193437899899997 ], [ -115.175277, 36.193435199900001 ], [ -115.1752743, 36.193435199900001 ], [ -115.1752743, 36.193432499899998 ], [ -115.1752716, 36.193432499899998 ], [ -115.1752716, 36.193429799900002 ], [ -115.1752689, 36.193429799900002 ], [ -115.1752689, 36.193418999900004 ], [ -115.1752662, 36.193418999900004 ], [ -115.1752662, 36.193416299900001 ], [ -115.1752635, 36.193416299900001 ], [ -115.1752635, 36.193413599899998 ], [ -115.1752311, 36.193413599899998 ], [ -115.1752311, 36.193410899900002 ], [ -115.1752284, 36.193410899900002 ], [ -115.1752284, 36.193391999900001 ], [ -115.1752311, 36.193391999900001 ], [ -115.1752311, 36.193386599900002 ], [ -115.1752284, 36.193386599900002 ], [ -115.1752284, 36.193367699900001 ], [ -115.1752311, 36.193367699900001 ], [ -115.1752311, 36.193362299900002 ], [ -115.1752338, 36.193362299900002 ], [ -115.1752338, 36.193359599899999 ], [ -115.1752392, 36.193359599899999 ], [ -115.1752392, 36.193356899900003 ], [ -115.1754282, 36.193356899900003 ], [ -115.1754282, 36.193359599899999 ], [ -115.1754309, 36.193359599899999 ], [ -115.1754309, 36.193364999899998 ], [ -115.1754336, 36.193364999899998 ], [ -115.1754336, 36.193373099900001 ], [ -115.1754309, 36.193373099900001 ], [ -115.1754309, 36.193402799899999 ], [ -115.1754282, 36.193402799899999 ], [ -115.1754282, 36.193410899900002 ], [ -115.1754309, 36.193410899900002 ], [ -115.1754309, 36.193427099899999 ], [ -115.1754282, 36.193427099899999 ], [ -115.1754282, 36.193432499899998 ], [ -115.1754255, 36.193432499899998 ], [ -115.1754255, 36.193435199900001 ], [ -115.1752824, 36.193435199900001 ], [ -115.1752824, 36.193437899899997 ] ] ] } },
{ "type": "Feature", "properties": { "value": 255.0 }, "geometry": { "type": "Polygon", "coordinates": [ [ [ -115.1749557, 36.193524299899998 ], [ -115.174923299999989, 36.193524299899998 ], [ -115.174923299999989, 36.193521599900002 ], [ -115.1749206, 36.193521599900002 ], [ -115.1749206, 36.193491899900003 ], [ -115.1749179, 36.193491899900003 ], [ -115.1749179, 36.1934891999 ], [ -115.1749206, 36.1934891999 ], [ -115.1749206, 36.193478399900002 ], [ -115.1749179, 36.193478399900002 ], [ -115.1749179, 36.193408199899999 ], [ -115.1749152, 36.193408199899999 ], [ -115.1749152, 36.193375799900004 ], [ -115.1749098, 36.193375799900004 ], [ -115.1749098, 36.193373099900001 ], [ -115.1749071, 36.193373099900001 ], [ -115.1749071, 36.193375799900004 ], [ -115.1749017, 36.193375799900004 ], [ -115.1749017, 36.1933784999 ], [ -115.174899, 36.1933784999 ], [ -115.174899, 36.193386599900002 ], [ -115.1749017, 36.193386599900002 ], [ -115.1749017, 36.1933973999 ], [ -115.174899, 36.1933973999 ], [ -115.174899, 36.193448699900003 ], [ -115.1749017, 36.193448699900003 ], [ -115.1749017, 36.193462199899997 ], [ -115.174899, 36.193462199899997 ], [ -115.174899, 36.193481099899998 ], [ -115.1749017, 36.193481099899998 ], [ -115.1749017, 36.1934891999 ], [ -115.174899, 36.1934891999 ], [ -115.174899, 36.193502699900002 ], [ -115.1749017, 36.193502699900002 ], [ -115.1749017, 36.193518899899999 ], [ -115.174899, 36.193518899899999 ], [ -115.174899, 36.193524299899998 ], [ -115.1748315, 36.193524299899998 ], [ -115.1748315, 36.193521599900002 ], [ -115.1748288, 36.193521599900002 ], [ -115.1748288, 36.193497299900002 ], [ -115.1748207, 36.193497299900002 ], [ -115.1748207, 36.193494599899999 ], [ -115.1748045, 36.193494599899999 ], [ -115.1748045, 36.193472999900003 ], [ -115.1748018, 36.193472999900003 ], [ -115.1748018, 36.193364999899998 ], [ -115.1748045, 36.193364999899998 ], [ -115.1748045, 36.193362299900002 ], [ -115.1748288, 36.193362299900002 ], [ -115.1748288, 36.193359599899999 ], [ -115.1748342, 36.193359599899999 ], [ -115.1748342, 36.193362299900002 ], [ -115.1748963, 36.193362299900002 ], [ -115.1748963, 36.193364999899998 ], [ -115.1749017, 36.193364999899998 ], [ -115.1749017, 36.193367699900001 ], [ -115.1749098, 36.193367699900001 ], [ -115.1749098, 36.193364999899998 ], [ -115.1749179, 36.193364999899998 ], [ -115.1749179, 36.193362299900002 ], [ -115.1749287, 36.193362299900002 ], [ -115.1749287, 36.193356899900003 ], [ -115.1749314, 36.193356899900003 ], [ -115.1749314, 36.193332599900003 ], [ -115.1749584, 36.193332599900003 ], [ -115.1749584, 36.1933298999 ], [ -115.1749692, 36.1933298999 ], [ -115.1749692, 36.193346099899998 ], [ -115.1749665, 36.193346099899998 ], [ -115.1749665, 36.193351499900004 ], [ -115.1749638, 36.193351499900004 ], [ -115.1749638, 36.1933541999 ], [ -115.1749611, 36.1933541999 ], [ -115.1749611, 36.193356899900003 ], [ -115.1749584, 36.193356899900003 ], [ -115.1749584, 36.193359599899999 ], [ -115.1749611, 36.193359599899999 ], [ -115.1749611, 36.193362299900002 ], [ -115.1749692, 36.193362299900002 ], [ -115.1749692, 36.193364999899998 ], [ -115.1750205, 36.193364999899998 ], [ -115.1750205, 36.193370399899997 ], [ -115.1750232, 36.193370399899997 ], [ -115.1750232, 36.193499999899998 ], [ -115.1750205, 36.193499999899998 ], [ -115.1750205, 36.193502699900002 ], [ -115.1750097, 36.193502699900002 ], [ -115.1750097, 36.193505399899998 ], [ -115.1750043, 36.193505399899998 ], [ -115.1750043, 36.193508099900001 ], [ -115.1750016, 36.193508099900001 ], [ -115.1750016, 36.1935134999 ], [ -115.1749989, 36.1935134999 ], [ -115.1749989, 36.193516199900003 ], [ -115.1749935, 36.193516199900003 ], [ -115.1749935, 36.193518899899999 ], [ -115.174990799999989, 36.193518899899999 ], [ -115.174990799999989, 36.193521599900002 ], [ -115.1749557, 36.193521599900002 ], [ -115.1749557, 36.193524299899998 ] ] ] } },
{ "type": "Feature", "properties": { "value": 255.0 }, "geometry": { "type": "Polygon", "coordinates": [ [ [ -115.1754282, 36.193335299899999 ], [ -115.1754174, 36.193335299899999 ], [ -115.1754174, 36.193332599900003 ], [ -115.1752716, 36.193332599900003 ], [ -115.1752716, 36.1933298999 ], [ -115.1752689, 36.1933298999 ], [ -115.1752689, 36.193319099900002 ], [ -115.1752662, 36.193319099900002 ], [ -115.1752662, 36.193313699900003 ], [ -115.1752365, 36.193313699900003 ], [ -115.1752365, 36.1933109999 ], [ -115.1752311, 36.1933109999 ], [ -115.1752311, 36.193308299900004 ], [ -115.1752284, 36.193308299900004 ], [ -115.1752284, 36.193278599899998 ], [ -115.1752311, 36.193278599899998 ], [ -115.1752311, 36.193267799899999 ], [ -115.1752284, 36.193267799899999 ], [ -115.1752284, 36.1932623999 ], [ -115.1752311, 36.1932623999 ], [ -115.1752311, 36.193259699900004 ], [ -115.1752338, 36.193259699900004 ], [ -115.1752338, 36.193256999900001 ], [ -115.1752527, 36.193256999900001 ], [ -115.1752527, 36.193254299899998 ], [ -115.1754282, 36.193254299899998 ], [ -115.1754282, 36.193256999900001 ], [ -115.1754309, 36.193256999900001 ], [ -115.1754309, 36.193332599900003 ], [ -115.1754282, 36.193332599900003 ], [ -115.1754282, 36.193335299899999 ] ] ] } },
{ "type": "Feature", "properties": { "value": 255.0 }, "geometry": { "type": "Polygon", "coordinates": [ [ [ -115.1743671, 36.193275899900001 ], [ -115.174353599999989, 36.193275899900001 ], [ -115.174353599999989, 36.193273199899998 ], [ -115.1742996, 36.193273199899998 ], [ -115.1742996, 36.193267799899999 ], [ -115.1742969, 36.193267799899999 ], [ -115.1742969, 36.1932380999 ], [ -115.1742996, 36.1932380999 ], [ -115.1742996, 36.193232699900001 ], [ -115.1743941, 36.193232699900001 ], [ -115.1743941, 36.193270499900002 ], [ -115.174386, 36.193270499900002 ], [ -115.174386, 36.193273199899998 ], [ -115.1743671, 36.193273199899998 ], [ -115.1743671, 36.193275899900001 ] ] ] } },
{ "type": "Feature", "properties": { "value": 255.0 }, "geometry": { "type": "Polygon", "coordinates": [ [ [ -115.174469699999989, 36.193273199899998 ], [ -115.1744292, 36.193273199899998 ], [ -115.1744292, 36.193270499900002 ], [ -115.1744265, 36.193270499900002 ], [ -115.1744265, 36.193267799899999 ], [ -115.1744238, 36.193267799899999 ], [ -115.1744238, 36.193248899899999 ], [ -115.174421099999989, 36.193248899899999 ], [ -115.174421099999989, 36.193243499899999 ], [ -115.1744238, 36.193243499899999 ], [ -115.1744238, 36.193240799900003 ], [ -115.174421099999989, 36.193240799900003 ], [ -115.174421099999989, 36.1932380999 ], [ -115.1744238, 36.1932380999 ], [ -115.1744238, 36.193232699900001 ], [ -115.1745102, 36.193232699900001 ], [ -115.1745102, 36.1932380999 ], [ -115.1745129, 36.1932380999 ], [ -115.1745129, 36.193240799900003 ], [ -115.174518299999988, 36.193240799900003 ], [ -115.174518299999988, 36.193267799899999 ], [ -115.1745156, 36.193267799899999 ], [ -115.1745156, 36.193270499900002 ], [ -115.174469699999989, 36.193270499900002 ], [ -115.174469699999989, 36.193273199899998 ] ] ] } },
{ "type": "Feature", "properties": { "value": 255.0 }, "geometry": { "type": "Polygon", "coordinates": [ [ [ -115.1749503, 36.193270499900002 ], [ -115.1749314, 36.193270499900002 ], [ -115.1749314, 36.193267799899999 ], [ -115.1749179, 36.193267799899999 ], [ -115.1749179, 36.193265099900003 ], [ -115.1749152, 36.193265099900003 ], [ -115.1749152, 36.1932380999 ], [ -115.1749179, 36.1932380999 ], [ -115.1749179, 36.193232699900001 ], [ -115.1750205, 36.193232699900001 ], [ -115.1750205, 36.193265099900003 ], [ -115.1750178, 36.193265099900003 ], [ -115.1750178, 36.193267799899999 ], [ -115.1749503, 36.193267799899999 ], [ -115.1749503, 36.193270499900002 ] ] ] } },
{ "type": "Feature", "properties": { "value": 255.0 }, "geometry": { "type": "Polygon", "coordinates": [ [ [ -115.1748936, 36.193270499900002 ], [ -115.1748666, 36.193270499900002 ], [ -115.1748666, 36.193267799899999 ], [ -115.1748477, 36.193267799899999 ], [ -115.1748477, 36.193270499900002 ], [ -115.1747991, 36.193270499900002 ], [ -115.1747991, 36.193267799899999 ], [ -115.1747937, 36.193267799899999 ], [ -115.1747937, 36.193240799900003 ], [ -115.1747964, 36.193240799900003 ], [ -115.1747964, 36.193232699900001 ], [ -115.1748963, 36.193232699900001 ], [ -115.1748963, 36.193235399900004 ], [ -115.174899, 36.193235399900004 ], [ -115.174899, 36.193246199900003 ], [ -115.1748963, 36.193246199900003 ], [ -115.1748963, 36.193256999900001 ], [ -115.174899, 36.193256999900001 ], [ -115.174899, 36.193265099900003 ], [ -115.1748963, 36.193265099900003 ], [ -115.1748963, 36.193267799899999 ], [ -115.1748936, 36.193267799899999 ], [ -115.1748936, 36.193270499900002 ] ] ] } },
{ "type": "Feature", "properties": { "value": 255.0 }, "geometry": { "type": "Polygon", "coordinates": [ [ [ -115.1746209, 36.193273199899998 ], [ -115.1746155, 36.193273199899998 ], [ -115.1746155, 36.193270499900002 ], [ -115.1745993, 36.193270499900002 ], [ -115.1745993, 36.193273199899998 ], [ -115.174575, 36.193273199899998 ], [ -115.174575, 36.193270499900002 ], [ -115.1745588, 36.193270499900002 ], [ -115.1745588, 36.193267799899999 ], [ -115.1745561, 36.193267799899999 ], [ -115.1745561, 36.1932623999 ], [ -115.1745588, 36.1932623999 ], [ -115.1745588, 36.193256999900001 ], [ -115.1745561, 36.193256999900001 ], [ -115.1745561, 36.193232699900001 ], [ -115.1747748, 36.193232699900001 ], [ -115.1747748, 36.193246199900003 ], [ -115.1747721, 36.193246199900003 ], [ -115.1747721, 36.193267799899999 ], [ -115.1747694, 36.193267799899999 ], [ -115.1747694, 36.193270499900002 ], [ -115.1746884, 36.193270499900002 ], [ -115.1746884, 36.193267799899999 ], [ -115.1746749, 36.193267799899999 ], [ -115.1746749, 36.193265099900003 ], [ -115.1746668, 36.193265099900003 ], [ -115.1746668, 36.1932623999 ], [ -115.1746641, 36.1932623999 ], [ -115.1746641, 36.193259699900004 ], [ -115.1746614, 36.193259699900004 ], [ -115.1746614, 36.193256999900001 ], [ -115.174656, 36.193256999900001 ], [ -115.174656, 36.193254299899998 ], [ -115.1746479, 36.193254299899998 ], [ -115.1746479, 36.193256999900001 ], [ -115.1746425, 36.193256999900001 ], [ -115.1746425, 36.193259699900004 ], [ -115.1746452, 36.193259699900004 ], [ -115.1746452, 36.193265099900003 ], [ -115.1746425, 36.193265099900003 ], [ -115.1746425, 36.193267799899999 ], [ -115.1746398, 36.193267799899999 ], [ -115.1746398, 36.193270499900002 ], [ -115.1746209, 36.193270499900002 ], [ -115.1746209, 36.193273199899998 ] ] ] } },
{ "type": "Feature", "properties": { "value": 255.0 }, "geometry": { "type": "Polygon", "coordinates": [ [ [ -115.1742645, 36.193273199899998 ], [ -115.1741727, 36.193273199899998 ], [ -115.1741727, 36.193270499900002 ], [ -115.17417, 36.193270499900002 ], [ -115.17417, 36.193235399900004 ], [ -115.1741673, 36.193235399900004 ], [ -115.1741673, 36.193232699900001 ], [ -115.174267199999989, 36.193232699900001 ], [ -115.174267199999989, 36.193246199900003 ], [ -115.1742645, 36.193246199900003 ], [ -115.1742645, 36.193251599900002 ], [ -115.174267199999989, 36.193251599900002 ], [ -115.174267199999989, 36.193267799899999 ], [ -115.1742645, 36.193267799899999 ], [ -115.1742645, 36.193273199899998 ] ] ] } }
]
}
