{
"type": "FeatureCollection",
"crs": { "type": "name", "properties": { "name": "urn:ogc:def:crs:OGC:1.3:CRS84" } },
"features": [
{ "type": "Feature", "properties": { "value": 255.0 }, "geometry": { "type": "Polygon", "coordinates": [ [ [ -115.2127476, 36.2599227 ], [ -115.2126531, 36.2599227 ], [ -115.2126531, 36.2599065 ], [ -115.2126504, 36.2599065 ], [ -115.2126504, 36.259893 ], [ -115.2126477, 36.259893 ], [ -115.2126477, 36.2598849 ], [ -115.2126504, 36.2598849 ], [ -115.2126504, 36.2598795 ], [ -115.2126693, 36.2598795 ], [ -115.2126693, 36.2598822 ], [ -115.2126801, 36.2598822 ], [ -115.2126801, 36.2598849 ], [ -115.2126882, 36.2598849 ], [ -115.2126882, 36.2598876 ], [ -115.2126936, 36.2598876 ], [ -115.2126936, 36.2598903 ], [ -115.212699, 36.2598903 ], [ -115.212699, 36.259893 ], [ -115.2127071, 36.259893 ], [ -115.2127071, 36.2598957 ], [ -115.2127125, 36.2598957 ], [ -115.2127125, 36.2598984 ], [ -115.2127206, 36.2598984 ], [ -115.2127206, 36.2599011 ], [ -115.212726, 36.2599011 ], [ -115.212726, 36.2599038 ], [ -115.2127341, 36.2599038 ], [ -115.2127341, 36.2599065 ], [ -115.2127422, 36.2599065 ], [ -115.2127422, 36.2599092 ], [ -115.2127476, 36.2599092 ], [ -115.2127476, 36.2599227 ] ] ] } },
{ "type": "Feature", "properties": { "value": 255.0 }, "geometry": { "type": "Polygon", "coordinates": [ [ [ -115.2115893, 36.2599065 ], [ -115.2115839, 36.2599065 ], [ -115.2115839, 36.2599038 ], [ -115.2115812, 36.2599038 ], [ -115.2115812, 36.2599011 ], [ -115.2115785, 36.2599011 ], [ -115.2115785, 36.2599038 ], [ -115.2115704, 36.2599038 ], [ -115.2115704, 36.2599011 ], [ -115.2115677, 36.2599011 ], [ -115.2115677, 36.2599038 ], [ -115.2115623, 36.2599038 ], [ -115.2115623, 36.2599065 ], [ -115.2115245, 36.2599065 ], [ -115.2115245, 36.2599038 ], [ -115.2114651, 36.2599038 ], [ -115.2114651, 36.2599011 ], [ -115.211376, 36.2599011 ], [ -115.211376, 36.2598984 ], [ -115.2113652, 36.2598984 ], [ -115.2113652, 36.2598957 ], [ -115.2113625, 36.2598957 ], [ -115.2113625, 36.259893 ], [ -115.2113571, 36.259893 ], [ -115.2113571, 36.2598876 ], [ -115.2113598, 36.2598876 ], [ -115.2113598, 36.2598849 ], [ -115.2113625, 36.2598849 ], [ -115.2113625, 36.2598795 ], [ -115.2113652, 36.2598795 ], [ -115.2113652, 36.2598768 ], [ -115.2113679, 36.2598768 ], [ -115.2113679, 36.2598741 ], [ -115.2113733, 36.2598741 ], [ -115.2113733, 36.2598714 ], [ -115.211376, 36.2598714 ], [ -115.211376, 36.2598687 ], [ -115.2113787, 36.2598687 ], [ -115.2113787, 36.259866 ], [ -115.2113814, 36.259866 ], [ -115.2113814, 36.2598606 ], [ -115.2113841, 36.2598606 ], [ -115.2113841, 36.2598579 ], [ -115.2113868, 36.2598579 ], [ -115.2113868, 36.2598525 ], [ -115.2113895, 36.2598525 ], [ -115.2113895, 36.2598498 ], [ -115.2113922, 36.2598498 ], [ -115.2113922, 36.2598471 ], [ -115.2113949, 36.2598471 ], [ -115.2113949, 36.2598417 ], [ -115.2113976, 36.2598417 ], [ -115.2113976, 36.259839 ], [ -115.2114003, 36.259839 ], [ -115.2114003, 36.2598336 ], [ -115.211403, 36.2598336 ], [ -115.211403, 36.2598309 ], [ -115.2114057, 36.2598309 ], [ -115.2114057, 36.2598282 ], [ -115.2114084, 36.2598282 ], [ -115.2114084, 36.2598228 ], [ -115.2114111, 36.2598228 ], [ -115.2114111, 36.2598201 ], [ -115.2114138, 36.2598201 ], [ -115.2114138, 36.2598174 ], [ -115.2114165, 36.2598174 ], [ -115.2114165, 36.2598147 ], [ -115.2114192, 36.2598147 ], [ -115.2114192, 36.259812 ], [ -115.2114219, 36.259812 ], [ -115.2114219, 36.2598093 ], [ -115.2114246, 36.2598093 ], [ -115.2114246, 36.2598066 ], [ -115.2114327, 36.2598066 ], [ -115.2114327, 36.2598039 ], [ -115.2114462, 36.2598039 ], [ -115.2114462, 36.2598012 ], [ -115.2114489, 36.2598012 ], [ -115.2114489, 36.2597985 ], [ -115.2114516, 36.2597985 ], [ -115.2114516, 36.2597958 ], [ -115.2114543, 36.2597958 ], [ -115.2114543, 36.2597931 ], [ -115.211457, 36.2597931 ], [ -115.211457, 36.2597904 ], [ -115.2114705, 36.2597904 ], [ -115.2114705, 36.2597931 ], [ -115.2114732, 36.2597931 ], [ -115.2114732, 36.2597958 ], [ -115.2114759, 36.2597958 ], [ -115.2114759, 36.2597985 ], [ -115.2114813, 36.2597985 ], [ -115.2114813, 36.2598066 ], [ -115.211484, 36.2598066 ], [ -115.211484, 36.2598093 ], [ -115.2114867, 36.2598093 ], [ -115.2114867, 36.259812 ], [ -115.2114948, 36.259812 ], [ -115.2114948, 36.2598174 ], [ -115.2114975, 36.2598174 ], [ -115.2114975, 36.2598201 ], [ -115.2115272, 36.2598201 ], [ -115.2115272, 36.2598228 ], [ -115.2115407, 36.2598228 ], [ -115.2115407, 36.2598255 ], [ -115.2115461, 36.2598255 ], [ -115.2115461, 36.2598282 ], [ -115.2115488, 36.2598282 ], [ -115.2115488, 36.2598309 ], [ -115.2115542, 36.2598309 ], [ -115.2115542, 36.2598336 ], [ -115.2115569, 36.2598336 ], [ -115.2115569, 36.2598363 ], [ -115.2115596, 36.2598363 ], [ -115.2115596, 36.259839 ], [ -115.2115623, 36.259839 ], [ -115.2115623, 36.2598417 ], [ -115.2115677, 36.2598417 ], [ -115.2115677, 36.2598444 ], [ -115.2115704, 36.2598444 ], [ -115.2115704, 36.2598471 ], [ -115.2115731, 36.2598471 ], [ -115.2115731, 36.2598525 ], [ -115.2115704, 36.2598525 ], [ -115.2115704, 36.2598579 ], [ -115.2115677, 36.2598579 ], [ -115.2115677, 36.2598633 ], [ -115.211565, 36.2598633 ], [ -115.211565, 36.2598687 ], [ -115.2115623, 36.2598687 ], [ -115.2115623, 36.2598795 ], [ -115.211565, 36.2598795 ], [ -115.211565, 36.2598849 ], [ -115.2115623, 36.2598849 ], [ -115.2115623, 36.259893 ], [ -115.2115704, 36.259893 ], [ -115.2115704, 36.2598984 ], [ -115.2115812, 36.2598984 ], [ -115.2115812, 36.2598957 ], [ -115.2115839, 36.2598957 ], [ -115.2115839, 36.259893 ], [ -115.2115866, 36.259893 ], [ -115.2115866, 36.2598903 ], [ -115.2115974, 36.2598903 ], [ -115.2115974, 36.2598876 ], [ -115.2116001, 36.2598876 ], [ -115.2116001, 36.2598768 ], [ -115.2116055, 36.2598768 ], [ -115.2116055, 36.2598741 ], [ -115.211619, 36.2598741 ], [ -115.211619, 36.2598795 ], [ -115.2116217, 36.2598795 ], [ -115.2116217, 36.2598849 ], [ -115.2116244, 36.2598849 ], [ -115.2116244, 36.2598876 ], [ -115.2116352, 36.2598876 ], [ -115.2116352, 36.2598903 ], [ -115.2116379, 36.2598903 ], [ -115.2116379, 36.2598957 ], [ -115.2116352, 36.2598957 ], [ -115.2116352, 36.2599011 ], [ -115.2116298, 36.2599011 ], [ -115.2116298, 36.2598984 ], [ -115.2116244, 36.2598984 ], [ -115.2116244, 36.2599038 ], [ -115.2116136, 36.2599038 ], [ -115.2116136, 36.2599011 ], [ -115.2116028, 36.2599011 ], [ -115.2116028, 36.2599038 ], [ -115.2115893, 36.2599038 ], [ -115.2115893, 36.2599065 ] ] ] } },
{ "type": "Feature", "properties": { "value": 255.0 }, "geometry": { "type": "Polygon", "coordinates": [ [ [ -115.2127476, 36.2598768 ], [ -115.2127449, 36.2598768 ], [ -115.2127449, 36.2598741 ], [ -115.2127287, 36.2598741 ], [ -115.2127287, 36.2598714 ], [ -115.2127179, 36.2598714 ], [ -115.2127179, 36.2598687 ], [ -115.2127098, 36.2598687 ], [ -115.2127098, 36.259866 ], [ -115.2127044, 36.259866 ], [ -115.2127044, 36.2598633 ], [ -115.2126963, 36.2598633 ], [ -115.2126963, 36.2598606 ], [ -115.2126882, 36.2598606 ], [ -115.2126882, 36.2598579 ], [ -115.2126801, 36.2598579 ], [ -115.2126801, 36.2598552 ], [ -115.212672, 36.2598552 ], [ -115.212672, 36.2598525 ], [ -115.2126639, 36.2598525 ], [ -115.2126639, 36.2598498 ], [ -115.2126585, 36.2598498 ], [ -115.2126585, 36.2598471 ], [ -115.2126504, 36.2598471 ], [ -115.2126504, 36.2598444 ], [ -115.2126477, 36.2598444 ], [ -115.2126477, 36.2598417 ], [ -115.212645, 36.2598417 ], [ -115.212645, 36.2598309 ], [ -115.2126477, 36.2598309 ], [ -115.2126477, 36.2598201 ], [ -115.2126504, 36.2598201 ], [ -115.2126504, 36.2598174 ], [ -115.2126531, 36.2598174 ], [ -115.2126531, 36.259812 ], [ -115.2126558, 36.259812 ], [ -115.2126558, 36.2598066 ], [ -115.2126585, 36.2598066 ], [ -115.2126585, 36.2598039 ], [ -115.2126612, 36.2598039 ], [ -115.2126612, 36.2597985 ], [ -115.2126639, 36.2597985 ], [ -115.2126639, 36.2597958 ], [ -115.2126666, 36.2597958 ], [ -115.2126666, 36.2597931 ], [ -115.2126693, 36.2597931 ], [ -115.2126693, 36.259785 ], [ -115.212672, 36.259785 ], [ -115.212672, 36.2597796 ], [ -115.2126747, 36.2597796 ], [ -115.2126747, 36.2597742 ], [ -115.2126774, 36.2597742 ], [ -115.2126774, 36.2597634 ], [ -115.2126801, 36.2597634 ], [ -115.2126801, 36.259758 ], [ -115.2126828, 36.259758 ], [ -115.2126828, 36.2597553 ], [ -115.2126855, 36.2597553 ], [ -115.2126855, 36.2597526 ], [ -115.2127152, 36.2597526 ], [ -115.2127152, 36.2597553 ], [ -115.212726, 36.2597553 ], [ -115.212726, 36.259758 ], [ -115.2127341, 36.259758 ], [ -115.2127341, 36.2597607 ], [ -115.2127476, 36.2597607 ], [ -115.2127476, 36.2598768 ] ] ] } },
{ "type": "Feature", "properties": { "value": 255.0 }, "geometry": { "type": "Polygon", "coordinates": [ [ [ -115.2122886, 36.259839 ], [ -115.2122724, 36.259839 ], [ -115.2122724, 36.2598363 ], [ -115.212267, 36.2598363 ], [ -115.212267, 36.2598336 ], [ -115.2122616, 36.2598336 ], [ -115.2122616, 36.2598309 ], [ -115.2122535, 36.2598309 ], [ -115.2122535, 36.2598282 ], [ -115.2122454, 36.2598282 ], [ -115.2122454, 36.2598255 ], [ -115.21224, 36.2598255 ], [ -115.21224, 36.2598228 ], [ -115.2122346, 36.2598228 ], [ -115.2122346, 36.2598201 ], [ -115.2122319, 36.2598201 ], [ -115.2122319, 36.2598174 ], [ -115.2122292, 36.2598174 ], [ -115.2122292, 36.2598147 ], [ -115.2122238, 36.2598147 ], [ -115.2122238, 36.259812 ], [ -115.2122211, 36.259812 ], [ -115.2122211, 36.2598093 ], [ -115.2122157, 36.2598093 ], [ -115.2122157, 36.2598066 ], [ -115.2122103, 36.2598066 ], [ -115.2122103, 36.2598039 ], [ -115.2122049, 36.2598039 ], [ -115.2122049, 36.2598012 ], [ -115.2121968, 36.2598012 ], [ -115.2121968, 36.2597985 ], [ -115.2121833, 36.2597985 ], [ -115.2121833, 36.2597958 ], [ -115.2121752, 36.2597958 ], [ -115.2121752, 36.2597931 ], [ -115.2121671, 36.2597931 ], [ -115.2121671, 36.2597904 ], [ -115.2121617, 36.2597904 ], [ -115.2121617, 36.2597877 ], [ -115.2121536, 36.2597877 ], [ -115.2121536, 36.259785 ], [ -115.2121455, 36.259785 ], [ -115.2121455, 36.2597823 ], [ -115.2121401, 36.2597823 ], [ -115.2121401, 36.2597796 ], [ -115.2121347, 36.2597796 ], [ -115.2121347, 36.2597769 ], [ -115.212132, 36.2597769 ], [ -115.212132, 36.2597742 ], [ -115.2121293, 36.2597742 ], [ -115.2121293, 36.2597715 ], [ -115.2121266, 36.2597715 ], [ -115.2121266, 36.2597688 ], [ -115.2121158, 36.2597688 ], [ -115.2121158, 36.2597661 ], [ -115.212105, 36.2597661 ], [ -115.212105, 36.2597634 ], [ -115.2121023, 36.2597634 ], [ -115.2121023, 36.259758 ], [ -115.2120996, 36.259758 ], [ -115.2120996, 36.2597472 ], [ -115.2121023, 36.2597472 ], [ -115.2121023, 36.2597418 ], [ -115.212105, 36.2597418 ], [ -115.212105, 36.2597391 ], [ -115.2121077, 36.2597391 ], [ -115.2121077, 36.2597364 ], [ -115.2121104, 36.2597364 ], [ -115.2121104, 36.2597337 ], [ -115.2121131, 36.2597337 ], [ -115.2121131, 36.2597283 ], [ -115.2121158, 36.2597283 ], [ -115.2121158, 36.2597229 ], [ -115.2121185, 36.2597229 ], [ -115.2121185, 36.2597202 ], [ -115.2121212, 36.2597202 ], [ -115.2121212, 36.2597175 ], [ -115.2121239, 36.2597175 ], [ -115.2121239, 36.2597148 ], [ -115.2121266, 36.2597148 ], [ -115.2121266, 36.2597121 ], [ -115.2121374, 36.2597121 ], [ -115.2121374, 36.2597094 ], [ -115.2121482, 36.2597094 ], [ -115.2121482, 36.2597067 ], [ -115.2121563, 36.2597067 ], [ -115.2121563, 36.2597094 ], [ -115.2122022, 36.2597094 ], [ -115.2122022, 36.2597067 ], [ -115.2122049, 36.2597067 ], [ -115.2122049, 36.259704 ], [ -115.2122076, 36.259704 ], [ -115.2122076, 36.2597013 ], [ -115.2122265, 36.2597013 ], [ -115.2122265, 36.259704 ], [ -115.2122346, 36.259704 ], [ -115.2122346, 36.2597067 ], [ -115.21224, 36.2597067 ], [ -115.21224, 36.2597094 ], [ -115.2122481, 36.2597094 ], [ -115.2122481, 36.2597121 ], [ -115.2122535, 36.2597121 ], [ -115.2122535, 36.2597148 ], [ -115.2122616, 36.2597148 ], [ -115.2122616, 36.2597175 ], [ -115.212267, 36.2597175 ], [ -115.212267, 36.2597202 ], [ -115.2122751, 36.2597202 ], [ -115.2122751, 36.2597229 ], [ -115.2122805, 36.2597229 ], [ -115.2122805, 36.2597256 ], [ -115.2122859, 36.2597256 ], [ -115.2122859, 36.2597283 ], [ -115.212294, 36.2597283 ], [ -115.212294, 36.259731 ], [ -115.2122994, 36.259731 ], [ -115.2122994, 36.2597337 ], [ -115.2123048, 36.2597337 ], [ -115.2123048, 36.2597364 ], [ -115.2123129, 36.2597364 ], [ -115.2123129, 36.2597391 ], [ -115.2123156, 36.2597391 ], [ -115.2123156, 36.2597418 ], [ -115.212321, 36.2597418 ], [ -115.212321, 36.2597445 ], [ -115.2123264, 36.2597445 ], [ -115.2123264, 36.2597472 ], [ -115.2123318, 36.2597472 ], [ -115.2123318, 36.2597499 ], [ -115.2123372, 36.2597499 ], [ -115.2123372, 36.2597526 ], [ -115.2123399, 36.2597526 ], [ -115.2123399, 36.2597634 ], [ -115.2123372, 36.2597634 ], [ -115.2123372, 36.2597661 ], [ -115.2123345, 36.2597661 ], [ -115.2123345, 36.2597688 ], [ -115.2123318, 36.2597688 ], [ -115.2123318, 36.2597742 ], [ -115.2123291, 36.2597742 ], [ -115.2123291, 36.2597769 ], [ -115.2123264, 36.2597769 ], [ -115.2123264, 36.2597823 ], [ -115.2123237, 36.2597823 ], [ -115.2123237, 36.259785 ], [ -115.212321, 36.259785 ], [ -115.212321, 36.2597904 ], [ -115.2123183, 36.2597904 ], [ -115.2123183, 36.2597985 ], [ -115.2123156, 36.2597985 ], [ -115.2123156, 36.2598039 ], [ -115.2123129, 36.2598039 ], [ -115.2123129, 36.2598066 ], [ -115.2123102, 36.2598066 ], [ -115.2123102, 36.2598093 ], [ -115.2123075, 36.2598093 ], [ -115.2123075, 36.259812 ], [ -115.2123048, 36.259812 ], [ -115.2123048, 36.2598147 ], [ -115.2123021, 36.2598147 ], [ -115.2123021, 36.2598201 ], [ -115.2122994, 36.2598201 ], [ -115.2122994, 36.2598228 ], [ -115.2122967, 36.2598228 ], [ -115.2122967, 36.2598282 ], [ -115.212294, 36.2598282 ], [ -115.212294, 36.2598309 ], [ -115.2122913, 36.2598309 ], [ -115.2122913, 36.2598363 ], [ -115.2122886, 36.2598363 ], [ -115.2122886, 36.259839 ] ] ] } },
{ "type": "Feature", "properties": { "value": 255.0 }, "geometry": { "type": "Polygon", "coordinates": [ [ [ -115.2113139, 36.2598957 ], [ -115.2112653, 36.2598957 ], [ -115.2112653, 36.259893 ], [ -115.2112491, 36.259893 ], [ -115.2112491, 36.2598903 ], [ -115.2112383, 36.2598903 ], [ -115.2112383, 36.2598876 ], [ -115.2112356, 36.2598876 ], [ -115.2112356, 36.2598849 ], [ -115.2112329, 36.2598849 ], [ -115.2112329, 36.2598687 ], [ -115.2112356, 36.2598687 ], [ -115.2112356, 36.2598633 ], [ -115.2112383, 36.2598633 ], [ -115.2112383, 36.2598606 ], [ -115.211241, 36.2598606 ], [ -115.211241, 36.2598552 ], [ -115.2112437, 36.2598552 ], [ -115.2112437, 36.2598498 ], [ -115.2112464, 36.2598498 ], [ -115.2112464, 36.2598417 ], [ -115.2112437, 36.2598417 ], [ -115.2112437, 36.2598363 ], [ -115.2112383, 36.2598363 ], [ -115.2112383, 36.2598336 ], [ -115.2112356, 36.2598336 ], [ -115.2112356, 36.2598309 ], [ -115.2112302, 36.2598309 ], [ -115.2112302, 36.2598255 ], [ -115.2112248, 36.2598255 ], [ -115.2112248, 36.2598228 ], [ -115.2112086, 36.2598228 ], [ -115.2112086, 36.2598201 ], [ -115.2112032, 36.2598201 ], [ -115.2112032, 36.2598174 ], [ -115.2112005, 36.2598174 ], [ -115.2112005, 36.2598147 ], [ -115.2111978, 36.2598147 ], [ -115.2111978, 36.2598066 ], [ -115.2112005, 36.2598066 ], [ -115.2112005, 36.2598039 ], [ -115.2112059, 36.2598039 ], [ -115.2112059, 36.2598012 ], [ -115.2112086, 36.2598012 ], [ -115.2112086, 36.2597985 ], [ -115.211214, 36.2597985 ], [ -115.211214, 36.2597931 ], [ -115.2112167, 36.2597931 ], [ -115.2112167, 36.2597904 ], [ -115.2112194, 36.2597904 ], [ -115.2112194, 36.259785 ], [ -115.2112221, 36.259785 ], [ -115.2112221, 36.2597823 ], [ -115.2112248, 36.2597823 ], [ -115.2112248, 36.2597769 ], [ -115.2112275, 36.2597769 ], [ -115.2112275, 36.2597742 ], [ -115.2112302, 36.2597742 ], [ -115.2112302, 36.2597688 ], [ -115.2112329, 36.2597688 ], [ -115.2112329, 36.2597661 ], [ -115.2112356, 36.2597661 ], [ -115.2112356, 36.2597634 ], [ -115.2112383, 36.2597634 ], [ -115.2112383, 36.259758 ], [ -115.211241, 36.259758 ], [ -115.211241, 36.2597526 ], [ -115.2112437, 36.2597526 ], [ -115.2112437, 36.2597499 ], [ -115.2112464, 36.2597499 ], [ -115.2112464, 36.2597472 ], [ -115.2112491, 36.2597472 ], [ -115.2112491, 36.2597418 ], [ -115.2112518, 36.2597418 ], [ -115.2112518, 36.2597391 ], [ -115.2112545, 36.2597391 ], [ -115.2112545, 36.2597364 ], [ -115.2112572, 36.2597364 ], [ -115.2112572, 36.259731 ], [ -115.2112599, 36.259731 ], [ -115.2112599, 36.2597283 ], [ -115.2112626, 36.2597283 ], [ -115.2112626, 36.2597256 ], [ -115.2112653, 36.2597256 ], [ -115.2112653, 36.2597229 ], [ -115.2112707, 36.2597229 ], [ -115.2112707, 36.2597202 ], [ -115.2112734, 36.2597202 ], [ -115.2112734, 36.2597175 ], [ -115.2112761, 36.2597175 ], [ -115.2112761, 36.2597121 ], [ -115.2112788, 36.2597121 ], [ -115.2112788, 36.2597094 ], [ -115.2112842, 36.2597094 ], [ -115.2112842, 36.2597067 ], [ -115.2112923, 36.2597067 ], [ -115.2112923, 36.259704 ], [ -115.211295, 36.259704 ], [ -115.211295, 36.2597013 ], [ -115.2113004, 36.2597013 ], [ -115.2113004, 36.2596959 ], [ -115.2113058, 36.2596959 ], [ -115.2113058, 36.2596986 ], [ -115.2113031, 36.2596986 ], [ -115.2113031, 36.259704 ], [ -115.2113058, 36.259704 ], [ -115.2113058, 36.2597067 ], [ -115.2113139, 36.2597067 ], [ -115.2113139, 36.2597094 ], [ -115.2113166, 36.2597094 ], [ -115.2113166, 36.2597121 ], [ -115.211322, 36.2597121 ], [ -115.211322, 36.2597175 ], [ -115.2113247, 36.2597175 ], [ -115.2113247, 36.2597202 ], [ -115.2113382, 36.2597202 ], [ -115.2113382, 36.2597256 ], [ -115.2113409, 36.2597256 ], [ -115.2113409, 36.259731 ], [ -115.2113382, 36.259731 ], [ -115.2113382, 36.2597337 ], [ -115.2113409, 36.2597337 ], [ -115.2113409, 36.2597364 ], [ -115.2113463, 36.2597364 ], [ -115.2113463, 36.2597337 ], [ -115.211349, 36.2597337 ], [ -115.211349, 36.259731 ], [ -115.2113517, 36.259731 ], [ -115.2113517, 36.2597283 ], [ -115.2113598, 36.2597283 ], [ -115.2113598, 36.259731 ], [ -115.2113652, 36.259731 ], [ -115.2113652, 36.2597229 ], [ -115.2113706, 36.2597229 ], [ -115.2113706, 36.2597256 ], [ -115.2113733, 36.2597256 ], [ -115.2113733, 36.2597283 ], [ -115.211376, 36.2597283 ], [ -115.211376, 36.259731 ], [ -115.2113787, 36.259731 ], [ -115.2113787, 36.2597364 ], [ -115.2113814, 36.2597364 ], [ -115.2113814, 36.2597472 ], [ -115.2113841, 36.2597472 ], [ -115.2113841, 36.2597526 ], [ -115.2113868, 36.2597526 ], [ -115.2113868, 36.2597553 ], [ -115.2113895, 36.2597553 ], [ -115.2113895, 36.259758 ], [ -115.2113922, 36.259758 ], [ -115.2113922, 36.2597607 ], [ -115.2113949, 36.2597607 ], [ -115.2113949, 36.2597634 ], [ -115.2113976, 36.2597634 ], [ -115.2113976, 36.2597661 ], [ -115.211403, 36.2597661 ], [ -115.211403, 36.2597688 ], [ -115.2114057, 36.2597688 ], [ -115.2114057, 36.2597715 ], [ -115.2114084, 36.2597715 ], [ -115.2114084, 36.2597742 ], [ -115.2114138, 36.2597742 ], [ -115.2114138, 36.2597769 ], [ -115.2114165, 36.2597769 ], [ -115.2114165, 36.259785 ], [ -115.2114111, 36.259785 ], [ -115.2114111, 36.2597877 ], [ -115.2114084, 36.2597877 ], [ -115.2114084, 36.2597904 ], [ -115.2114057, 36.2597904 ], [ -115.2114057, 36.2597931 ], [ -115.211403, 36.2597931 ], [ -115.211403, 36.2597958 ], [ -115.2114003, 36.2597958 ], [ -115.2114003, 36.2597985 ], [ -115.2113976, 36.2597985 ], [ -115.2113976, 36.2598012 ], [ -115.2113949, 36.2598012 ], [ -115.2113949, 36.2598039 ], [ -115.2113922, 36.2598039 ], [ -115.2113922, 36.2598066 ], [ -115.2113895, 36.2598066 ], [ -115.2113895, 36.2598093 ], [ -115.2113868, 36.2598093 ], [ -115.2113868, 36.2598147 ], [ -115.2113841, 36.2598147 ], [ -115.2113841, 36.2598201 ], [ -115.2113814, 36.2598201 ], [ -115.2113814, 36.2598228 ], [ -115.2113787, 36.2598228 ], [ -115.2113787, 36.2598282 ], [ -115.211376, 36.2598282 ], [ -115.211376, 36.2598336 ], [ -115.2113733, 36.2598336 ], [ -115.2113733, 36.2598363 ], [ -115.2113706, 36.2598363 ], [ -115.2113706, 36.2598417 ], [ -115.2113679, 36.2598417 ], [ -115.2113679, 36.2598444 ], [ -115.2113652, 36.2598444 ], [ -115.2113652, 36.2598417 ], [ -115.2113625, 36.2598417 ], [ -115.2113625, 36.2598444 ], [ -115.2113598, 36.2598444 ], [ -115.2113598, 36.2598471 ], [ -115.2113571, 36.2598471 ], [ -115.2113571, 36.2598498 ], [ -115.2113544, 36.2598498 ], [ -115.2113544, 36.2598525 ], [ -115.2113517, 36.2598525 ], [ -115.2113517, 36.2598552 ], [ -115.211349, 36.2598552 ], [ -115.211349, 36.2598633 ], [ -115.2113463, 36.2598633 ], [ -115.2113463, 36.259866 ], [ -115.2113436, 36.259866 ], [ -115.2113436, 36.2598687 ], [ -115.2113409, 36.2598687 ], [ -115.2113409, 36.2598714 ], [ -115.2113382, 36.2598714 ], [ -115.2113382, 36.2598741 ], [ -115.2113355, 36.2598741 ], [ -115.2113355, 36.2598795 ], [ -115.2113328, 36.2598795 ], [ -115.2113328, 36.2598822 ], [ -115.2113301, 36.2598822 ], [ -115.2113301, 36.2598849 ], [ -115.2113247, 36.2598849 ], [ -115.2113247, 36.2598876 ], [ -115.211322, 36.2598876 ], [ -115.211322, 36.2598903 ], [ -115.2113193, 36.2598903 ], [ -115.2113193, 36.259893 ], [ -115.2113139, 36.259893 ], [ -115.2113139, 36.2598957 ] ] ] } },
{ "type": "Feature", "properties": { "value": 255.0 }, "geometry": { "type": "Polygon", "coordinates": [ [ [ -115.2127476, 36.2597391 ], [ -115.2127422, 36.2597391 ], [ -115.2127422, 36.2597364 ], [ -115.2127314, 36.2597364 ], [ -115.2127314, 36.2597337 ], [ -115.2127152, 36.2597337 ], [ -115.2127152, 36.259731 ], [ -115.2127044, 36.259731 ], [ -115.2127044, 36.2597283 ], [ -115.2126963, 36.2597283 ], [ -115.2126963, 36.2597256 ], [ -115.2126882, 36.2597256 ], [ -115.2126882, 36.2597229 ], [ -115.2126801, 36.2597229 ], [ -115.2126801, 36.2597202 ], [ -115.2126693, 36.2597202 ], [ -115.2126693, 36.2597175 ], [ -115.2126612, 36.2597175 ], [ -115.2126612, 36.2597148 ], [ -115.2126531, 36.2597148 ], [ -115.2126531, 36.2597121 ], [ -115.2126423, 36.2597121 ], [ -115.2126423, 36.2597094 ], [ -115.2126369, 36.2597094 ], [ -115.2126369, 36.2597067 ], [ -115.2126342, 36.2597067 ], [ -115.2126342, 36.2596986 ], [ -115.2126369, 36.2596986 ], [ -115.2126369, 36.2596905 ], [ -115.2126396, 36.2596905 ], [ -115.2126396, 36.2596878 ], [ -115.2126423, 36.2596878 ], [ -115.2126423, 36.2596824 ], [ -115.212645, 36.2596824 ], [ -115.212645, 36.259677 ], [ -115.2126477, 36.259677 ], [ -115.2126477, 36.2596689 ], [ -115.2126504, 36.2596689 ], [ -115.2126504, 36.2596662 ], [ -115.2126531, 36.2596662 ], [ -115.2126531, 36.2596608 ], [ -115.2126558, 36.2596608 ], [ -115.2126558, 36.2596581 ], [ -115.2126585, 36.2596581 ], [ -115.2126585, 36.2596554 ], [ -115.2126612, 36.2596554 ], [ -115.2126612, 36.2596473 ], [ -115.2126639, 36.2596473 ], [ -115.2126639, 36.2596419 ], [ -115.2126666, 36.2596419 ], [ -115.2126666, 36.2596284 ], [ -115.2126693, 36.2596284 ], [ -115.2126693, 36.2596203 ], [ -115.212672, 36.2596203 ], [ -115.212672, 36.2596149 ], [ -115.2126882, 36.2596149 ], [ -115.2126882, 36.2596176 ], [ -115.2127017, 36.2596176 ], [ -115.2127017, 36.2596203 ], [ -115.2127098, 36.2596203 ], [ -115.2127098, 36.259623 ], [ -115.2127233, 36.259623 ], [ -115.2127233, 36.2596257 ], [ -115.2127422, 36.2596257 ], [ -115.2127422, 36.2596284 ], [ -115.2127476, 36.2596284 ], [ -115.2127476, 36.2597391 ] ] ] } },
{ "type": "Feature", "properties": { "value": 255.0 }, "geometry": { "type": "Polygon", "coordinates": [ [ [ -115.2111411, 36.2598201 ], [ -115.211133, 36.2598201 ], [ -115.211133, 36.2598174 ], [ -115.2111276, 36.2598174 ], [ -115.2111276, 36.2598147 ], [ -115.2111222, 36.2598147 ], [ -115.2111222, 36.259812 ], [ -115.2111168, 36.259812 ], [ -115.2111168, 36.2598093 ], [ -115.2111114, 36.2598093 ], [ -115.2111114, 36.2598066 ], [ -115.211106, 36.2598066 ], [ -115.211106, 36.2598039 ], [ -115.2111006, 36.2598039 ], [ -115.2111006, 36.2598012 ], [ -115.2110979, 36.2598012 ], [ -115.2110979, 36.2597985 ], [ -115.2110925, 36.2597985 ], [ -115.2110925, 36.2597958 ], [ -115.2110898, 36.2597958 ], [ -115.2110898, 36.2597931 ], [ -115.2110844, 36.2597931 ], [ -115.2110844, 36.2597904 ], [ -115.211079, 36.2597904 ], [ -115.211079, 36.2597877 ], [ -115.2110763, 36.2597877 ], [ -115.2110763, 36.2597769 ], [ -115.211079, 36.2597769 ], [ -115.211079, 36.2597742 ], [ -115.2110817, 36.2597742 ], [ -115.2110817, 36.2597715 ], [ -115.2110871, 36.2597715 ], [ -115.2110871, 36.2597688 ], [ -115.2110898, 36.2597688 ], [ -115.2110898, 36.2597661 ], [ -115.2110925, 36.2597661 ], [ -115.2110925, 36.2597607 ], [ -115.2110952, 36.2597607 ], [ -115.2110952, 36.2597553 ], [ -115.2110925, 36.2597553 ], [ -115.2110925, 36.2597472 ], [ -115.2110898, 36.2597472 ], [ -115.2110898, 36.2597445 ], [ -115.2110871, 36.2597445 ], [ -115.2110871, 36.2597418 ], [ -115.2110844, 36.2597418 ], [ -115.2110844, 36.2597391 ], [ -115.2110817, 36.2597391 ], [ -115.2110817, 36.2597364 ], [ -115.2110763, 36.2597364 ], [ -115.2110763, 36.2597337 ], [ -115.2110709, 36.2597337 ], [ -115.2110709, 36.259731 ], [ -115.2110682, 36.259731 ], [ -115.2110682, 36.2597283 ], [ -115.2110628, 36.2597283 ], [ -115.2110628, 36.2597256 ], [ -115.2110574, 36.2597256 ], [ -115.2110574, 36.2597229 ], [ -115.211052, 36.2597229 ], [ -115.211052, 36.2597202 ], [ -115.2110466, 36.2597202 ], [ -115.2110466, 36.2597175 ], [ -115.2110439, 36.2597175 ], [ -115.2110439, 36.2597148 ], [ -115.2110412, 36.2597148 ], [ -115.2110412, 36.2597067 ], [ -115.2110439, 36.2597067 ], [ -115.2110439, 36.259704 ], [ -115.2110466, 36.259704 ], [ -115.2110466, 36.2597013 ], [ -115.2110493, 36.2597013 ], [ -115.2110493, 36.2596986 ], [ -115.211052, 36.2596986 ], [ -115.211052, 36.2596959 ], [ -115.2110574, 36.2596959 ], [ -115.2110574, 36.2596932 ], [ -115.2110601, 36.2596932 ], [ -115.2110601, 36.2596905 ], [ -115.2110628, 36.2596905 ], [ -115.2110628, 36.2596878 ], [ -115.2110655, 36.2596878 ], [ -115.2110655, 36.2596851 ], [ -115.2110682, 36.2596851 ], [ -115.2110682, 36.2596824 ], [ -115.2110709, 36.2596824 ], [ -115.2110709, 36.2596797 ], [ -115.2110736, 36.2596797 ], [ -115.2110736, 36.259677 ], [ -115.2110763, 36.259677 ], [ -115.2110763, 36.2596743 ], [ -115.211079, 36.2596743 ], [ -115.211079, 36.2596716 ], [ -115.2110817, 36.2596716 ], [ -115.2110817, 36.2596689 ], [ -115.2110844, 36.2596689 ], [ -115.2110844, 36.2596662 ], [ -115.2110871, 36.2596662 ], [ -115.2110871, 36.2596635 ], [ -115.2110898, 36.2596635 ], [ -115.2110898, 36.2596581 ], [ -115.2110925, 36.2596581 ], [ -115.2110925, 36.2596554 ], [ -115.2110952, 36.2596554 ], [ -115.2110952, 36.25965 ], [ -115.2110979, 36.25965 ], [ -115.2110979, 36.2596473 ], [ -115.2111006, 36.2596473 ], [ -115.2111006, 36.2596446 ], [ -115.2111033, 36.2596446 ], [ -115.2111033, 36.2596419 ], [ -115.211106, 36.2596419 ], [ -115.211106, 36.2596392 ], [ -115.2111087, 36.2596392 ], [ -115.2111087, 36.2596365 ], [ -115.2111114, 36.2596365 ], [ -115.2111114, 36.2596338 ], [ -115.2111141, 36.2596338 ], [ -115.2111141, 36.2596311 ], [ -115.2111168, 36.2596311 ], [ -115.2111168, 36.2596284 ], [ -115.2111195, 36.2596284 ], [ -115.2111195, 36.2596257 ], [ -115.2111249, 36.2596257 ], [ -115.2111249, 36.259623 ], [ -115.2111276, 36.259623 ], [ -115.2111276, 36.2596203 ], [ -115.2111303, 36.2596203 ], [ -115.2111303, 36.2596149 ], [ -115.211133, 36.2596149 ], [ -115.211133, 36.2596122 ], [ -115.2111384, 36.2596122 ], [ -115.2111384, 36.2596095 ], [ -115.2111438, 36.2596095 ], [ -115.2111438, 36.2596068 ], [ -115.2111465, 36.2596068 ], [ -115.2111465, 36.2596041 ], [ -115.2111519, 36.2596041 ], [ -115.2111519, 36.2596014 ], [ -115.2111546, 36.2596014 ], [ -115.2111546, 36.2595987 ], [ -115.2111573, 36.2595987 ], [ -115.2111573, 36.259596 ], [ -115.2111681, 36.259596 ], [ -115.2111681, 36.2595987 ], [ -115.2111708, 36.2595987 ], [ -115.2111708, 36.2596014 ], [ -115.2111762, 36.2596014 ], [ -115.2111762, 36.2596041 ], [ -115.2111843, 36.2596041 ], [ -115.2111843, 36.2596095 ], [ -115.211187, 36.2596095 ], [ -115.211187, 36.2596149 ], [ -115.2111897, 36.2596149 ], [ -115.2111897, 36.2596176 ], [ -115.2111924, 36.2596176 ], [ -115.2111924, 36.2596203 ], [ -115.2111951, 36.2596203 ], [ -115.2111951, 36.259623 ], [ -115.2111978, 36.259623 ], [ -115.2111978, 36.2596257 ], [ -115.2112086, 36.2596257 ], [ -115.2112086, 36.2596284 ], [ -115.2112221, 36.2596284 ], [ -115.2112221, 36.2596311 ], [ -115.2112302, 36.2596311 ], [ -115.2112302, 36.2596338 ], [ -115.2112329, 36.2596338 ], [ -115.2112329, 36.2596365 ], [ -115.2112356, 36.2596365 ], [ -115.2112356, 36.2596392 ], [ -115.2112383, 36.2596392 ], [ -115.2112383, 36.2596527 ], [ -115.2112356, 36.2596527 ], [ -115.2112356, 36.2596554 ], [ -115.2112329, 36.2596554 ], [ -115.2112329, 36.2596608 ], [ -115.2112302, 36.2596608 ], [ -115.2112302, 36.2596635 ], [ -115.2112275, 36.2596635 ], [ -115.2112275, 36.2596662 ], [ -115.2112302, 36.2596662 ], [ -115.2112302, 36.2596689 ], [ -115.2112329, 36.2596689 ], [ -115.2112329, 36.2596716 ], [ -115.2112383, 36.2596716 ], [ -115.2112383, 36.2596743 ], [ -115.2112437, 36.2596743 ], [ -115.2112437, 36.259677 ], [ -115.2112464, 36.259677 ], [ -115.2112464, 36.2596797 ], [ -115.2112491, 36.2596797 ], [ -115.2112491, 36.2596824 ], [ -115.2112518, 36.2596824 ], [ -115.2112518, 36.2596851 ], [ -115.2112545, 36.2596851 ], [ -115.2112545, 36.2596986 ], [ -115.2112491, 36.2596986 ], [ -115.2112491, 36.2597013 ], [ -115.2112464, 36.2597013 ], [ -115.2112464, 36.259704 ], [ -115.2112437, 36.259704 ], [ -115.2112437, 36.2597067 ], [ -115.211241, 36.2597067 ], [ -115.211241, 36.2597094 ], [ -115.2112383, 36.2597094 ], [ -115.2112383, 36.2597121 ], [ -115.2112356, 36.2597121 ], [ -115.2112356, 36.2597148 ], [ -115.2112329, 36.2597148 ], [ -115.2112329, 36.2597175 ], [ -115.2112302, 36.2597175 ], [ -115.2112302, 36.2597229 ], [ -115.2112275, 36.2597229 ], [ -115.2112275, 36.2597256 ], [ -115.2112248, 36.2597256 ], [ -115.2112248, 36.259731 ], [ -115.2112221, 36.259731 ], [ -115.2112221, 36.2597337 ], [ -115.2112194, 36.2597337 ], [ -115.2112194, 36.2597391 ], [ -115.2112167, 36.2597391 ], [ -115.2112167, 36.2597418 ], [ -115.211214, 36.2597418 ], [ -115.211214, 36.2597445 ], [ -115.2112113, 36.2597445 ], [ -115.2112113, 36.2597472 ], [ -115.2112086, 36.2597472 ], [ -115.2112086, 36.2597526 ], [ -115.2112059, 36.2597526 ], [ -115.2112059, 36.2597553 ], [ -115.2112032, 36.2597553 ], [ -115.2112032, 36.259758 ], [ -115.2112005, 36.259758 ], [ -115.2112005, 36.2597607 ], [ -115.2111978, 36.2597607 ], [ -115.2111978, 36.2597661 ], [ -115.2111951, 36.2597661 ], [ -115.2111951, 36.2597688 ], [ -115.2111924, 36.2597688 ], [ -115.2111924, 36.2597715 ], [ -115.211187, 36.2597715 ], [ -115.211187, 36.2597742 ], [ -115.2111843, 36.2597742 ], [ -115.2111843, 36.2597769 ], [ -115.2111789, 36.2597769 ], [ -115.2111789, 36.2597796 ], [ -115.2111762, 36.2597796 ], [ -115.2111762, 36.2597823 ], [ -115.2111735, 36.2597823 ], [ -115.2111735, 36.259785 ], [ -115.2111708, 36.259785 ], [ -115.2111708, 36.2597877 ], [ -115.2111681, 36.2597877 ], [ -115.2111681, 36.2597904 ], [ -115.2111654, 36.2597904 ], [ -115.2111654, 36.2597958 ], [ -115.2111627, 36.2597958 ], [ -115.2111627, 36.2597985 ], [ -115.21116, 36.2597985 ], [ -115.21116, 36.2598012 ], [ -115.2111573, 36.2598012 ], [ -115.2111573, 36.2598039 ], [ -115.2111546, 36.2598039 ], [ -115.2111546, 36.2598066 ], [ -115.2111519, 36.2598066 ], [ -115.2111519, 36.2598093 ], [ -115.2111492, 36.2598093 ], [ -115.2111492, 36.259812 ], [ -115.2111465, 36.259812 ], [ -115.2111465, 36.2598147 ], [ -115.2111438, 36.2598147 ], [ -115.2111438, 36.2598174 ], [ -115.2111411, 36.2598174 ], [ -115.2111411, 36.2598201 ] ] ] } },
{ "type": "Feature", "properties": { "value": 255.0 }, "geometry": { "type": "Polygon", "coordinates": [ [ [ -115.2123966, 36.2597445 ], [ -115.2123831, 36.2597445 ], [ -115.2123831, 36.2597418 ], [ -115.2123777, 36.2597418 ], [ -115.2123777, 36.2597391 ], [ -115.2123723, 36.2597391 ], [ -115.2123723, 36.2597364 ], [ -115.2123642, 36.2597364 ], [ -115.2123642, 36.2597337 ], [ -115.2123588, 36.2597337 ], [ -115.2123588, 36.259731 ], [ -115.2123561, 36.259731 ], [ -115.2123561, 36.2597283 ], [ -115.212348, 36.2597283 ], [ -115.212348, 36.2597256 ], [ -115.2123426, 36.2597256 ], [ -115.2123426, 36.2597229 ], [ -115.2123345, 36.2597229 ], [ -115.2123345, 36.2597202 ], [ -115.2123291, 36.2597202 ], [ -115.2123291, 36.2597175 ], [ -115.2123237, 36.2597175 ], [ -115.2123237, 36.2597148 ], [ -115.2123156, 36.2597148 ], [ -115.2123156, 36.2597121 ], [ -115.2123102, 36.2597121 ], [ -115.2123102, 36.2597094 ], [ -115.2123021, 36.2597094 ], [ -115.2123021, 36.2597067 ], [ -115.2122994, 36.2597067 ], [ -115.2122994, 36.259704 ], [ -115.2122913, 36.259704 ], [ -115.2122913, 36.2597013 ], [ -115.2122859, 36.2597013 ], [ -115.2122859, 36.2596986 ], [ -115.2122778, 36.2596986 ], [ -115.2122778, 36.2596959 ], [ -115.2122724, 36.2596959 ], [ -115.2122724, 36.2596932 ], [ -115.2122643, 36.2596932 ], [ -115.2122643, 36.2596905 ], [ -115.2122589, 36.2596905 ], [ -115.2122589, 36.2596878 ], [ -115.2122508, 36.2596878 ], [ -115.2122508, 36.2596851 ], [ -115.2122454, 36.2596851 ], [ -115.2122454, 36.2596824 ], [ -115.21224, 36.2596824 ], [ -115.21224, 36.2596797 ], [ -115.2122319, 36.2596797 ], [ -115.2122319, 36.259677 ], [ -115.2122238, 36.259677 ], [ -115.2122238, 36.2596743 ], [ -115.2122184, 36.2596743 ], [ -115.2122184, 36.2596716 ], [ -115.212213, 36.2596716 ], [ -115.212213, 36.2596689 ], [ -115.2122049, 36.2596689 ], [ -115.2122049, 36.2596662 ], [ -115.2121968, 36.2596662 ], [ -115.2121968, 36.2596635 ], [ -115.2121941, 36.2596635 ], [ -115.2121941, 36.2596608 ], [ -115.2121887, 36.2596608 ], [ -115.2121887, 36.2596581 ], [ -115.2121806, 36.2596581 ], [ -115.2121806, 36.2596554 ], [ -115.2121752, 36.2596554 ], [ -115.2121752, 36.2596527 ], [ -115.2121644, 36.2596527 ], [ -115.2121644, 36.25965 ], [ -115.2121617, 36.25965 ], [ -115.2121617, 36.2596392 ], [ -115.2121644, 36.2596392 ], [ -115.2121644, 36.2596311 ], [ -115.2121671, 36.2596311 ], [ -115.2121671, 36.2596257 ], [ -115.2121698, 36.2596257 ], [ -115.2121698, 36.2596203 ], [ -115.2121725, 36.2596203 ], [ -115.2121725, 36.2595987 ], [ -115.2121752, 36.2595987 ], [ -115.2121752, 36.2595906 ], [ -115.2121779, 36.2595906 ], [ -115.2121779, 36.2595825 ], [ -115.2121806, 36.2595825 ], [ -115.2121806, 36.2595798 ], [ -115.212186, 36.2595798 ], [ -115.212186, 36.2595771 ], [ -115.2121914, 36.2595771 ], [ -115.2121914, 36.2595744 ], [ -115.2121968, 36.2595744 ], [ -115.2121968, 36.2595717 ], [ -115.2122022, 36.2595717 ], [ -115.2122022, 36.259569 ], [ -115.2122103, 36.259569 ], [ -115.2122103, 36.2595663 ], [ -115.2122265, 36.2595663 ], [ -115.2122265, 36.259569 ], [ -115.2122508, 36.259569 ], [ -115.2122508, 36.2595717 ], [ -115.2122616, 36.2595717 ], [ -115.2122616, 36.2595744 ], [ -115.2122697, 36.2595744 ], [ -115.2122697, 36.2595771 ], [ -115.2122751, 36.2595771 ], [ -115.2122751, 36.2595798 ], [ -115.2122805, 36.2595798 ], [ -115.2122805, 36.2595825 ], [ -115.2122859, 36.2595825 ], [ -115.2122859, 36.2595852 ], [ -115.2122913, 36.2595852 ], [ -115.2122913, 36.2595879 ], [ -115.2122967, 36.2595879 ], [ -115.2122967, 36.2595906 ], [ -115.2123048, 36.2595906 ], [ -115.2123048, 36.2595933 ], [ -115.2123102, 36.2595933 ], [ -115.2123102, 36.259596 ], [ -115.2123183, 36.259596 ], [ -115.2123183, 36.2595987 ], [ -115.2123237, 36.2595987 ], [ -115.2123237, 36.2596014 ], [ -115.2123318, 36.2596014 ], [ -115.2123318, 36.2596041 ], [ -115.2123372, 36.2596041 ], [ -115.2123372, 36.2596068 ], [ -115.2123426, 36.2596068 ], [ -115.2123426, 36.2596095 ], [ -115.2123507, 36.2596095 ], [ -115.2123507, 36.2596122 ], [ -115.2123588, 36.2596122 ], [ -115.2123588, 36.2596149 ], [ -115.2123642, 36.2596149 ], [ -115.2123642, 36.2596176 ], [ -115.2123723, 36.2596176 ], [ -115.2123723, 36.2596203 ], [ -115.212375, 36.2596203 ], [ -115.212375, 36.259623 ], [ -115.2123804, 36.259623 ], [ -115.2123804, 36.2596257 ], [ -115.2123858, 36.2596257 ], [ -115.2123858, 36.2596284 ], [ -115.2123912, 36.2596284 ], [ -115.2123912, 36.2596311 ], [ -115.2123966, 36.2596311 ], [ -115.2123966, 36.2596338 ], [ -115.212402, 36.2596338 ], [ -115.212402, 36.2596365 ], [ -115.2124074, 36.2596365 ], [ -115.2124074, 36.2596392 ], [ -115.2124128, 36.2596392 ], [ -115.2124128, 36.2596419 ], [ -115.2124182, 36.2596419 ], [ -115.2124182, 36.2596446 ], [ -115.2124236, 36.2596446 ], [ -115.2124236, 36.2596473 ], [ -115.212429, 36.2596473 ], [ -115.212429, 36.25965 ], [ -115.2124344, 36.25965 ], [ -115.2124344, 36.2596527 ], [ -115.2124398, 36.2596527 ], [ -115.2124398, 36.2596554 ], [ -115.2124452, 36.2596554 ], [ -115.2124452, 36.2596581 ], [ -115.2124479, 36.2596581 ], [ -115.2124479, 36.2596689 ], [ -115.2124452, 36.2596689 ], [ -115.2124452, 36.2596743 ], [ -115.2124425, 36.2596743 ], [ -115.2124425, 36.259677 ], [ -115.2124398, 36.259677 ], [ -115.2124398, 36.2596824 ], [ -115.2124371, 36.2596824 ], [ -115.2124371, 36.2596878 ], [ -115.2124344, 36.2596878 ], [ -115.2124344, 36.2596905 ], [ -115.2124317, 36.2596905 ], [ -115.2124317, 36.2596959 ], [ -115.212429, 36.2596959 ], [ -115.212429, 36.2597013 ], [ -115.2124263, 36.2597013 ], [ -115.2124263, 36.2597067 ], [ -115.2124236, 36.2597067 ], [ -115.2124236, 36.2597094 ], [ -115.2124209, 36.2597094 ], [ -115.2124209, 36.2597121 ], [ -115.2124182, 36.2597121 ], [ -115.2124182, 36.2597148 ], [ -115.2124155, 36.2597148 ], [ -115.2124155, 36.2597175 ], [ -115.2124128, 36.2597175 ], [ -115.2124128, 36.2597229 ], [ -115.2124101, 36.2597229 ], [ -115.2124101, 36.2597256 ], [ -115.2124074, 36.2597256 ], [ -115.2124074, 36.259731 ], [ -115.2124047, 36.259731 ], [ -115.2124047, 36.2597337 ], [ -115.212402, 36.2597337 ], [ -115.212402, 36.2597391 ], [ -115.2123993, 36.2597391 ], [ -115.2123993, 36.2597418 ], [ -115.2123966, 36.2597418 ], [ -115.2123966, 36.2597445 ] ] ] } },
{ "type": "Feature", "properties": { "value": 255.0 }, "geometry": { "type": "Polygon", "coordinates": [ [ [ -115.2127476, 36.2596068 ], [ -115.2127422, 36.2596068 ], [ -115.2127422, 36.2596041 ], [ -115.2127287, 36.2596041 ], [ -115.2127287, 36.2596014 ], [ -115.2127125, 36.2596014 ], [ -115.2127125, 36.2595987 ], [ -115.2127044, 36.2595987 ], [ -115.2127044, 36.259596 ], [ -115.2126936, 36.259596 ], [ -115.2126936, 36.2595933 ], [ -115.2126801, 36.2595933 ], [ -115.2126801, 36.2595906 ], [ -115.2126693, 36.2595906 ], [ -115.2126693, 36.2595879 ], [ -115.2126612, 36.2595879 ], [ -115.2126612, 36.2595852 ], [ -115.2126504, 36.2595852 ], [ -115.2126504, 36.2595825 ], [ -115.2126396, 36.2595825 ], [ -115.2126396, 36.2595798 ], [ -115.2126288, 36.2595798 ], [ -115.2126288, 36.2595771 ], [ -115.212618, 36.2595771 ], [ -115.212618, 36.2595744 ], [ -115.2126126, 36.2595744 ], [ -115.2126126, 36.2595582 ], [ -115.2126153, 36.2595582 ], [ -115.2126153, 36.2595501 ], [ -115.212618, 36.2595501 ], [ -115.212618, 36.2595447 ], [ -115.2126207, 36.2595447 ], [ -115.2126207, 36.2595366 ], [ -115.2126234, 36.2595366 ], [ -115.2126234, 36.2595285 ], [ -115.2126261, 36.2595285 ], [ -115.2126261, 36.2595204 ], [ -115.2126288, 36.2595204 ], [ -115.2126288, 36.259515 ], [ -115.2126315, 36.259515 ], [ -115.2126315, 36.2595096 ], [ -115.2126342, 36.2595096 ], [ -115.2126342, 36.2595042 ], [ -115.2126369, 36.2595042 ], [ -115.2126369, 36.2595015 ], [ -115.2126396, 36.2595015 ], [ -115.2126396, 36.2594934 ], [ -115.2126423, 36.2594934 ], [ -115.2126423, 36.259488 ], [ -115.212645, 36.259488 ], [ -115.212645, 36.2594826 ], [ -115.2126477, 36.2594826 ], [ -115.2126477, 36.2594799 ], [ -115.2126504, 36.2594799 ], [ -115.2126504, 36.2594826 ], [ -115.2126639, 36.2594826 ], [ -115.2126639, 36.2594853 ], [ -115.2126747, 36.2594853 ], [ -115.2126747, 36.259488 ], [ -115.2126909, 36.259488 ], [ -115.2126909, 36.2594907 ], [ -115.2127044, 36.2594907 ], [ -115.2127044, 36.2594934 ], [ -115.2127233, 36.2594934 ], [ -115.2127233, 36.2594961 ], [ -115.2127449, 36.2594961 ], [ -115.2127449, 36.2594988 ], [ -115.2127476, 36.2594988 ], [ -115.2127476, 36.2596068 ] ] ] } },
{ "type": "Feature", "properties": { "value": 255.0 }, "geometry": { "type": "Polygon", "coordinates": [ [ [ -115.210998, 36.2597121 ], [ -115.2109926, 36.2597121 ], [ -115.2109926, 36.2595069 ], [ -115.2110034, 36.2595069 ], [ -115.2110034, 36.2595042 ], [ -115.2110061, 36.2595042 ], [ -115.2110061, 36.2595015 ], [ -115.2110088, 36.2595015 ], [ -115.2110088, 36.2594988 ], [ -115.2110115, 36.2594988 ], [ -115.2110115, 36.2594961 ], [ -115.2110169, 36.2594961 ], [ -115.2110169, 36.2594934 ], [ -115.2110196, 36.2594934 ], [ -115.2110196, 36.2594907 ], [ -115.2110223, 36.2594907 ], [ -115.2110223, 36.259488 ], [ -115.2110331, 36.259488 ], [ -115.2110331, 36.2594907 ], [ -115.2110385, 36.2594907 ], [ -115.2110385, 36.2594934 ], [ -115.2110412, 36.2594934 ], [ -115.2110412, 36.2594961 ], [ -115.2110466, 36.2594961 ], [ -115.2110466, 36.2594988 ], [ -115.2110493, 36.2594988 ], [ -115.2110493, 36.2595015 ], [ -115.2110547, 36.2595015 ], [ -115.2110547, 36.2595042 ], [ -115.2110574, 36.2595042 ], [ -115.2110574, 36.2595069 ], [ -115.2110601, 36.2595069 ], [ -115.2110601, 36.2595123 ], [ -115.2110628, 36.2595123 ], [ -115.2110628, 36.2595339 ], [ -115.2110655, 36.2595339 ], [ -115.2110655, 36.2595366 ], [ -115.2110682, 36.2595366 ], [ -115.2110682, 36.259542 ], [ -115.2110709, 36.259542 ], [ -115.2110709, 36.2595501 ], [ -115.211079, 36.2595501 ], [ -115.211079, 36.2595528 ], [ -115.2110817, 36.2595528 ], [ -115.2110817, 36.2595555 ], [ -115.2110844, 36.2595555 ], [ -115.2110844, 36.2595609 ], [ -115.2110871, 36.2595609 ], [ -115.2110871, 36.2595636 ], [ -115.2110952, 36.2595636 ], [ -115.2110952, 36.2595663 ], [ -115.2110979, 36.2595663 ], [ -115.2110979, 36.259569 ], [ -115.2111006, 36.259569 ], [ -115.2111006, 36.2595717 ], [ -115.211106, 36.2595717 ], [ -115.211106, 36.2595744 ], [ -115.2111087, 36.2595744 ], [ -115.2111087, 36.2595771 ], [ -115.2111114, 36.2595771 ], [ -115.2111114, 36.2595798 ], [ -115.2111141, 36.2595798 ], [ -115.2111141, 36.2595906 ], [ -115.2111168, 36.2595906 ], [ -115.2111168, 36.2595933 ], [ -115.2111141, 36.2595933 ], [ -115.2111141, 36.259596 ], [ -115.2111114, 36.259596 ], [ -115.2111114, 36.2595987 ], [ -115.2111087, 36.2595987 ], [ -115.2111087, 36.2596014 ], [ -115.211106, 36.2596014 ], [ -115.211106, 36.2596041 ], [ -115.2111033, 36.2596041 ], [ -115.2111033, 36.2596068 ], [ -115.2110979, 36.2596068 ], [ -115.2110979, 36.2596095 ], [ -115.2110952, 36.2596095 ], [ -115.2110952, 36.2596122 ], [ -115.2110898, 36.2596122 ], [ -115.2110898, 36.2596149 ], [ -115.2110871, 36.2596149 ], [ -115.2110871, 36.2596176 ], [ -115.2110844, 36.2596176 ], [ -115.2110844, 36.2596203 ], [ -115.2110817, 36.2596203 ], [ -115.2110817, 36.259623 ], [ -115.211079, 36.259623 ], [ -115.211079, 36.2596257 ], [ -115.2110763, 36.2596257 ], [ -115.2110763, 36.2596284 ], [ -115.2110736, 36.2596284 ], [ -115.2110736, 36.2596311 ], [ -115.2110709, 36.2596311 ], [ -115.2110709, 36.2596365 ], [ -115.2110682, 36.2596365 ], [ -115.2110682, 36.2596392 ], [ -115.2110655, 36.2596392 ], [ -115.2110655, 36.2596419 ], [ -115.2110628, 36.2596419 ], [ -115.2110628, 36.2596446 ], [ -115.2110601, 36.2596446 ], [ -115.2110601, 36.2596473 ], [ -115.2110574, 36.2596473 ], [ -115.2110574, 36.25965 ], [ -115.2110547, 36.25965 ], [ -115.2110547, 36.2596527 ], [ -115.211052, 36.2596527 ], [ -115.211052, 36.2596554 ], [ -115.2110493, 36.2596554 ], [ -115.2110493, 36.2596581 ], [ -115.2110466, 36.2596581 ], [ -115.2110466, 36.2596635 ], [ -115.2110439, 36.2596635 ], [ -115.2110439, 36.2596662 ], [ -115.2110412, 36.2596662 ], [ -115.2110412, 36.2596689 ], [ -115.2110385, 36.2596689 ], [ -115.2110385, 36.2596716 ], [ -115.2110358, 36.2596716 ], [ -115.2110358, 36.2596743 ], [ -115.2110331, 36.2596743 ], [ -115.2110331, 36.259677 ], [ -115.2110277, 36.259677 ], [ -115.2110277, 36.2596797 ], [ -115.211025, 36.2596797 ], [ -115.211025, 36.2596824 ], [ -115.2110223, 36.2596824 ], [ -115.2110223, 36.2596851 ], [ -115.2110196, 36.2596851 ], [ -115.2110196, 36.2596878 ], [ -115.2110169, 36.2596878 ], [ -115.2110169, 36.2596905 ], [ -115.2110142, 36.2596905 ], [ -115.2110142, 36.2596932 ], [ -115.2110115, 36.2596932 ], [ -115.2110115, 36.2596986 ], [ -115.2110088, 36.2596986 ], [ -115.2110088, 36.2597013 ], [ -115.2110061, 36.2597013 ], [ -115.2110061, 36.2597067 ], [ -115.2110034, 36.2597067 ], [ -115.2110034, 36.2597094 ], [ -115.210998, 36.2597094 ], [ -115.210998, 36.2597121 ] ] ] } },
{ "type": "Feature", "properties": { "value": 255.0 }, "geometry": { "type": "Polygon", "coordinates": [ [ [ -115.2124479, 36.2596176 ], [ -115.2124425, 36.2596176 ], [ -115.2124425, 36.2596149 ], [ -115.2124344, 36.2596149 ], [ -115.2124344, 36.2596122 ], [ -115.212429, 36.2596122 ], [ -115.212429, 36.2596095 ], [ -115.2124236, 36.2596095 ], [ -115.2124236, 36.2596068 ], [ -115.2124155, 36.2596068 ], [ -115.2124155, 36.2596041 ], [ -115.2124074, 36.2596041 ], [ -115.2124074, 36.2596014 ], [ -115.2123993, 36.2596014 ], [ -115.2123993, 36.2595987 ], [ -115.2123912, 36.2595987 ], [ -115.2123912, 36.259596 ], [ -115.2123858, 36.259596 ], [ -115.2123858, 36.2595933 ], [ -115.2123777, 36.2595933 ], [ -115.2123777, 36.2595906 ], [ -115.2123696, 36.2595906 ], [ -115.2123696, 36.2595879 ], [ -115.2123642, 36.2595879 ], [ -115.2123642, 36.2595852 ], [ -115.2123561, 36.2595852 ], [ -115.2123561, 36.2595825 ], [ -115.212348, 36.2595825 ], [ -115.212348, 36.2595798 ], [ -115.2123399, 36.2595798 ], [ -115.2123399, 36.2595771 ], [ -115.2123345, 36.2595771 ], [ -115.2123345, 36.2595744 ], [ -115.2123264, 36.2595744 ], [ -115.2123264, 36.2595717 ], [ -115.212321, 36.2595717 ], [ -115.212321, 36.259569 ], [ -115.2123156, 36.259569 ], [ -115.2123156, 36.2595663 ], [ -115.2123102, 36.2595663 ], [ -115.2123102, 36.2595636 ], [ -115.2123048, 36.2595636 ], [ -115.2123048, 36.2595609 ], [ -115.2122967, 36.2595609 ], [ -115.2122967, 36.2595582 ], [ -115.2122859, 36.2595582 ], [ -115.2122859, 36.2595555 ], [ -115.2122805, 36.2595555 ], [ -115.2122805, 36.2595528 ], [ -115.2122724, 36.2595528 ], [ -115.2122724, 36.2595501 ], [ -115.2122643, 36.2595501 ], [ -115.2122643, 36.2595474 ], [ -115.2122616, 36.2595474 ], [ -115.2122616, 36.2595447 ], [ -115.2122562, 36.2595447 ], [ -115.2122562, 36.259542 ], [ -115.2122508, 36.259542 ], [ -115.2122508, 36.2595393 ], [ -115.2122427, 36.2595393 ], [ -115.2122427, 36.2595366 ], [ -115.2122373, 36.2595366 ], [ -115.2122373, 36.2595312 ], [ -115.2122346, 36.2595312 ], [ -115.2122346, 36.2595258 ], [ -115.2122319, 36.2595258 ], [ -115.2122319, 36.2595096 ], [ -115.2122346, 36.2595096 ], [ -115.2122346, 36.2595069 ], [ -115.2122373, 36.2595069 ], [ -115.2122373, 36.2595042 ], [ -115.21224, 36.2595042 ], [ -115.21224, 36.2595015 ], [ -115.2122427, 36.2595015 ], [ -115.2122427, 36.2594988 ], [ -115.2122454, 36.2594988 ], [ -115.2122454, 36.2594961 ], [ -115.2122481, 36.2594961 ], [ -115.2122481, 36.2594988 ], [ -115.2122535, 36.2594988 ], [ -115.2122535, 36.2594961 ], [ -115.2122562, 36.2594961 ], [ -115.2122562, 36.2594934 ], [ -115.2122589, 36.2594934 ], [ -115.2122589, 36.2594907 ], [ -115.2122616, 36.2594907 ], [ -115.2122616, 36.259488 ], [ -115.212267, 36.259488 ], [ -115.212267, 36.2594853 ], [ -115.2122724, 36.2594853 ], [ -115.2122724, 36.2594826 ], [ -115.2122859, 36.2594826 ], [ -115.2122859, 36.2594799 ], [ -115.2123048, 36.2594799 ], [ -115.2123048, 36.2594826 ], [ -115.2123156, 36.2594826 ], [ -115.2123156, 36.2594799 ], [ -115.212321, 36.2594799 ], [ -115.212321, 36.2594745 ], [ -115.2123264, 36.2594745 ], [ -115.2123264, 36.2594718 ], [ -115.2123318, 36.2594718 ], [ -115.2123318, 36.2594691 ], [ -115.2123453, 36.2594691 ], [ -115.2123453, 36.2594718 ], [ -115.2123534, 36.2594718 ], [ -115.2123534, 36.2594745 ], [ -115.2123642, 36.2594745 ], [ -115.2123642, 36.2594772 ], [ -115.212375, 36.2594772 ], [ -115.212375, 36.2594799 ], [ -115.2123777, 36.2594799 ], [ -115.2123777, 36.2594826 ], [ -115.2123858, 36.2594826 ], [ -115.2123858, 36.2594853 ], [ -115.2123966, 36.2594853 ], [ -115.2123966, 36.259488 ], [ -115.212402, 36.259488 ], [ -115.212402, 36.2594907 ], [ -115.2124101, 36.2594907 ], [ -115.2124101, 36.2594934 ], [ -115.2124182, 36.2594934 ], [ -115.2124182, 36.2594961 ], [ -115.2124263, 36.2594961 ], [ -115.2124263, 36.2594988 ], [ -115.2124317, 36.2594988 ], [ -115.2124317, 36.2595015 ], [ -115.2124398, 36.2595015 ], [ -115.2124398, 36.2595042 ], [ -115.2124479, 36.2595042 ], [ -115.2124479, 36.2595069 ], [ -115.2124533, 36.2595069 ], [ -115.2124533, 36.2595096 ], [ -115.2124614, 36.2595096 ], [ -115.2124614, 36.2595123 ], [ -115.2124641, 36.2595123 ], [ -115.2124641, 36.259515 ], [ -115.2124668, 36.259515 ], [ -115.2124668, 36.2595177 ], [ -115.2124695, 36.2595177 ], [ -115.2124695, 36.2595312 ], [ -115.2124668, 36.2595312 ], [ -115.2124668, 36.2595393 ], [ -115.2124641, 36.2595393 ], [ -115.2124641, 36.2595501 ], [ -115.2124722, 36.2595501 ], [ -115.2124722, 36.2595528 ], [ -115.2124749, 36.2595528 ], [ -115.2124749, 36.2595609 ], [ -115.2124776, 36.2595609 ], [ -115.2124776, 36.2595663 ], [ -115.2124749, 36.2595663 ], [ -115.2124749, 36.2595771 ], [ -115.2124722, 36.2595771 ], [ -115.2124722, 36.2595825 ], [ -115.2124695, 36.2595825 ], [ -115.2124695, 36.2595879 ], [ -115.2124668, 36.2595879 ], [ -115.2124668, 36.2595906 ], [ -115.2124641, 36.2595906 ], [ -115.2124641, 36.259596 ], [ -115.2124614, 36.259596 ], [ -115.2124614, 36.2596041 ], [ -115.2124587, 36.2596041 ], [ -115.2124587, 36.2596068 ], [ -115.212456, 36.2596068 ], [ -115.212456, 36.2596095 ], [ -115.2124533, 36.2596095 ], [ -115.2124533, 36.2596149 ], [ -115.2124479, 36.2596149 ], [ -115.2124479, 36.2596176 ] ] ] } },
{ "type": "Feature", "properties": { "value": 255.0 }, "geometry": { "type": "Polygon", "coordinates": [ [ [ -115.2118053, 36.259596 ], [ -115.2117918, 36.259596 ], [ -115.2117918, 36.2595933 ], [ -115.2117864, 36.2595933 ], [ -115.2117864, 36.2595906 ], [ -115.211781, 36.2595906 ], [ -115.211781, 36.2595879 ], [ -115.2117756, 36.2595879 ], [ -115.2117756, 36.2595852 ], [ -115.2117648, 36.2595852 ], [ -115.2117648, 36.2595879 ], [ -115.2117567, 36.2595879 ], [ -115.2117567, 36.2595906 ], [ -115.211754, 36.2595906 ], [ -115.211754, 36.2595879 ], [ -115.2117459, 36.2595879 ], [ -115.2117459, 36.2595852 ], [ -115.2117405, 36.2595852 ], [ -115.2117405, 36.2595825 ], [ -115.2117351, 36.2595825 ], [ -115.2117351, 36.2595798 ], [ -115.2117324, 36.2595798 ], [ -115.2117324, 36.2595771 ], [ -115.211727, 36.2595771 ], [ -115.211727, 36.2595744 ], [ -115.2117216, 36.2595744 ], [ -115.2117216, 36.2595717 ], [ -115.2117162, 36.2595717 ], [ -115.2117162, 36.259569 ], [ -115.2117108, 36.259569 ], [ -115.2117108, 36.2595663 ], [ -115.2117054, 36.2595663 ], [ -115.2117054, 36.2595636 ], [ -115.2117027, 36.2595636 ], [ -115.2117027, 36.2595609 ], [ -115.2116973, 36.2595609 ], [ -115.2116973, 36.2595582 ], [ -115.2116919, 36.2595582 ], [ -115.2116919, 36.2595555 ], [ -115.2116892, 36.2595555 ], [ -115.2116892, 36.2595528 ], [ -115.2116838, 36.2595528 ], [ -115.2116838, 36.2595501 ], [ -115.2116784, 36.2595501 ], [ -115.2116784, 36.2595474 ], [ -115.211673, 36.2595474 ], [ -115.211673, 36.2595447 ], [ -115.2116703, 36.2595447 ], [ -115.2116703, 36.259542 ], [ -115.2116649, 36.259542 ], [ -115.2116649, 36.2595393 ], [ -115.2116622, 36.2595393 ], [ -115.2116622, 36.2595366 ], [ -115.2116568, 36.2595366 ], [ -115.2116568, 36.2595339 ], [ -115.2116514, 36.2595339 ], [ -115.2116514, 36.2595312 ], [ -115.2116487, 36.2595312 ], [ -115.2116487, 36.2595285 ], [ -115.2116433, 36.2595285 ], [ -115.2116433, 36.2595258 ], [ -115.2116379, 36.2595258 ], [ -115.2116379, 36.2595231 ], [ -115.2116325, 36.2595231 ], [ -115.2116325, 36.2595204 ], [ -115.2116271, 36.2595204 ], [ -115.2116271, 36.2595177 ], [ -115.2116244, 36.2595177 ], [ -115.2116244, 36.259515 ], [ -115.2116217, 36.259515 ], [ -115.2116217, 36.2595123 ], [ -115.211619, 36.2595123 ], [ -115.211619, 36.2595096 ], [ -115.2116163, 36.2595096 ], [ -115.2116163, 36.2595069 ], [ -115.2116136, 36.2595069 ], [ -115.2116136, 36.2594988 ], [ -115.2116109, 36.2594988 ], [ -115.2116109, 36.2594907 ], [ -115.2116136, 36.2594907 ], [ -115.2116136, 36.2594799 ], [ -115.2116163, 36.2594799 ], [ -115.2116163, 36.2594745 ], [ -115.211619, 36.2594745 ], [ -115.211619, 36.2594691 ], [ -115.2116217, 36.2594691 ], [ -115.2116217, 36.2594664 ], [ -115.2116244, 36.2594664 ], [ -115.2116244, 36.2594637 ], [ -115.2116271, 36.2594637 ], [ -115.2116271, 36.2594556 ], [ -115.2116298, 36.2594556 ], [ -115.2116298, 36.2594475 ], [ -115.2116325, 36.2594475 ], [ -115.2116325, 36.2594448 ], [ -115.2116379, 36.2594448 ], [ -115.2116379, 36.2594421 ], [ -115.2116433, 36.2594421 ], [ -115.2116433, 36.2594394 ], [ -115.2116703, 36.2594394 ], [ -115.2116703, 36.2594421 ], [ -115.2116811, 36.2594421 ], [ -115.2116811, 36.2594394 ], [ -115.2116919, 36.2594394 ], [ -115.2116919, 36.2594367 ], [ -115.2117027, 36.2594367 ], [ -115.2117027, 36.2594394 ], [ -115.2117108, 36.2594394 ], [ -115.2117108, 36.2594421 ], [ -115.2117162, 36.2594421 ], [ -115.2117162, 36.2594448 ], [ -115.2117189, 36.2594448 ], [ -115.2117189, 36.2594475 ], [ -115.2117243, 36.2594475 ], [ -115.2117243, 36.2594502 ], [ -115.211727, 36.2594502 ], [ -115.211727, 36.2594529 ], [ -115.2117324, 36.2594529 ], [ -115.2117324, 36.2594556 ], [ -115.2117351, 36.2594556 ], [ -115.2117351, 36.2594583 ], [ -115.2117405, 36.2594583 ], [ -115.2117405, 36.259461 ], [ -115.2117459, 36.259461 ], [ -115.2117459, 36.2594637 ], [ -115.2117486, 36.2594637 ], [ -115.2117486, 36.2594664 ], [ -115.211754, 36.2594664 ], [ -115.211754, 36.2594691 ], [ -115.2117594, 36.2594691 ], [ -115.2117594, 36.2594718 ], [ -115.2117648, 36.2594718 ], [ -115.2117648, 36.2594745 ], [ -115.2117702, 36.2594745 ], [ -115.2117702, 36.2594772 ], [ -115.2117756, 36.2594772 ], [ -115.2117756, 36.2594799 ], [ -115.2117783, 36.2594799 ], [ -115.2117783, 36.2594826 ], [ -115.2117837, 36.2594826 ], [ -115.2117837, 36.2594853 ], [ -115.2117891, 36.2594853 ], [ -115.2117891, 36.259488 ], [ -115.2117945, 36.259488 ], [ -115.2117945, 36.2594907 ], [ -115.2117999, 36.2594907 ], [ -115.2117999, 36.2594934 ], [ -115.2118053, 36.2594934 ], [ -115.2118053, 36.2594961 ], [ -115.211808, 36.2594961 ], [ -115.211808, 36.2594988 ], [ -115.2118134, 36.2594988 ], [ -115.2118134, 36.2595015 ], [ -115.2118188, 36.2595015 ], [ -115.2118188, 36.2595042 ], [ -115.2118215, 36.2595042 ], [ -115.2118215, 36.2595069 ], [ -115.2118269, 36.2595069 ], [ -115.2118269, 36.2595096 ], [ -115.2118323, 36.2595096 ], [ -115.2118323, 36.2595123 ], [ -115.2118377, 36.2595123 ], [ -115.2118377, 36.259515 ], [ -115.2118404, 36.259515 ], [ -115.2118404, 36.2595177 ], [ -115.2118458, 36.2595177 ], [ -115.2118458, 36.2595204 ], [ -115.2118485, 36.2595204 ], [ -115.2118485, 36.2595231 ], [ -115.2118539, 36.2595231 ], [ -115.2118539, 36.2595258 ], [ -115.2118593, 36.2595258 ], [ -115.2118593, 36.2595285 ], [ -115.211862, 36.2595285 ], [ -115.211862, 36.2595312 ], [ -115.2118674, 36.2595312 ], [ -115.2118674, 36.2595339 ], [ -115.2118728, 36.2595339 ], [ -115.2118728, 36.2595366 ], [ -115.2118755, 36.2595366 ], [ -115.2118755, 36.2595393 ], [ -115.2118809, 36.2595393 ], [ -115.2118809, 36.259542 ], [ -115.2118863, 36.259542 ], [ -115.2118863, 36.2595447 ], [ -115.211889, 36.2595447 ], [ -115.211889, 36.2595528 ], [ -115.2118863, 36.2595528 ], [ -115.2118863, 36.2595555 ], [ -115.2118836, 36.2595555 ], [ -115.2118836, 36.2595582 ], [ -115.2118809, 36.2595582 ], [ -115.2118809, 36.2595609 ], [ -115.2118782, 36.2595609 ], [ -115.2118782, 36.2595636 ], [ -115.2118755, 36.2595636 ], [ -115.2118755, 36.2595663 ], [ -115.2118728, 36.2595663 ], [ -115.2118728, 36.259569 ], [ -115.2118701, 36.259569 ], [ -115.2118701, 36.2595744 ], [ -115.2118674, 36.2595744 ], [ -115.2118674, 36.2595771 ], [ -115.2118647, 36.2595771 ], [ -115.2118647, 36.2595825 ], [ -115.211862, 36.2595825 ], [ -115.211862, 36.2595852 ], [ -115.2118593, 36.2595852 ], [ -115.2118593, 36.2595879 ], [ -115.2118539, 36.2595879 ], [ -115.2118539, 36.2595906 ], [ -115.2118404, 36.2595906 ], [ -115.2118404, 36.2595879 ], [ -115.2118296, 36.2595879 ], [ -115.2118296, 36.2595852 ], [ -115.2118161, 36.2595852 ], [ -115.2118161, 36.2595879 ], [ -115.2118107, 36.2595879 ], [ -115.2118107, 36.2595906 ], [ -115.211808, 36.2595906 ], [ -115.211808, 36.2595933 ], [ -115.2118053, 36.2595933 ], [ -115.2118053, 36.259596 ] ] ] } },
{ "type": "Feature", "properties": { "value": 255.0 }, "geometry": { "type": "Polygon", "coordinates": [ [ [ -115.2127476, 36.2594637 ], [ -115.2127233, 36.2594637 ], [ -115.2127233, 36.259461 ], [ -115.2126963, 36.259461 ], [ -115.2126963, 36.2594583 ], [ -115.2126747, 36.2594583 ], [ -115.2126747, 36.2594556 ], [ -115.2126504, 36.2594556 ], [ -115.2126504, 36.2594529 ], [ -115.2126288, 36.2594529 ], [ -115.2126288, 36.2594502 ], [ -115.212618, 36.2594502 ], [ -115.212618, 36.2594475 ], [ -115.2126153, 36.2594475 ], [ -115.2126153, 36.2594421 ], [ -115.2126126, 36.2594421 ], [ -115.2126126, 36.2594313 ], [ -115.2126099, 36.2594313 ], [ -115.2126099, 36.2594286 ], [ -115.2125937, 36.2594286 ], [ -115.2125937, 36.2594259 ], [ -115.212591, 36.2594259 ], [ -115.212591, 36.2593881 ], [ -115.2125937, 36.2593881 ], [ -115.2125937, 36.2593827 ], [ -115.2125964, 36.2593827 ], [ -115.2125964, 36.2593638 ], [ -115.2125991, 36.2593638 ], [ -115.2125991, 36.2593584 ], [ -115.2126045, 36.2593584 ], [ -115.2126045, 36.2593557 ], [ -115.2126207, 36.2593557 ], [ -115.2126207, 36.259353 ], [ -115.2126342, 36.259353 ], [ -115.2126342, 36.2593503 ], [ -115.2126531, 36.2593503 ], [ -115.2126531, 36.259353 ], [ -115.2126801, 36.259353 ], [ -115.2126801, 36.2593557 ], [ -115.2127017, 36.2593557 ], [ -115.2127017, 36.2593584 ], [ -115.2127368, 36.2593584 ], [ -115.2127368, 36.2593611 ], [ -115.2127449, 36.2593611 ], [ -115.2127449, 36.2593584 ], [ -115.2127476, 36.2593584 ], [ -115.2127476, 36.2594637 ] ] ] } },
{ "type": "Feature", "properties": { "value": 255.0 }, "geometry": { "type": "Polygon", "coordinates": [ [ [ -115.2124614, 36.2594772 ], [ -115.2124479, 36.2594772 ], [ -115.2124479, 36.2594745 ], [ -115.2124371, 36.2594745 ], [ -115.2124371, 36.2594718 ], [ -115.2124263, 36.2594718 ], [ -115.2124263, 36.2594691 ], [ -115.2124155, 36.2594691 ], [ -115.2124155, 36.2594664 ], [ -115.2124047, 36.2594664 ], [ -115.2124047, 36.2594637 ], [ -115.2123912, 36.2594637 ], [ -115.2123912, 36.259461 ], [ -115.2123804, 36.259461 ], [ -115.2123804, 36.2594583 ], [ -115.2123723, 36.2594583 ], [ -115.2123723, 36.2594556 ], [ -115.2123669, 36.2594556 ], [ -115.2123669, 36.2594529 ], [ -115.2123561, 36.2594529 ], [ -115.2123561, 36.2594502 ], [ -115.212348, 36.2594502 ], [ -115.212348, 36.2594475 ], [ -115.2123399, 36.2594475 ], [ -115.2123399, 36.2594448 ], [ -115.2123318, 36.2594448 ], [ -115.2123318, 36.2594421 ], [ -115.2123264, 36.2594421 ], [ -115.2123264, 36.2594394 ], [ -115.2123183, 36.2594394 ], [ -115.2123183, 36.2594367 ], [ -115.2123129, 36.2594367 ], [ -115.2123129, 36.259434 ], [ -115.2123075, 36.259434 ], [ -115.2123075, 36.2594313 ], [ -115.2122994, 36.2594313 ], [ -115.2122994, 36.2594286 ], [ -115.212294, 36.2594286 ], [ -115.212294, 36.2594259 ], [ -115.2122859, 36.2594259 ], [ -115.2122859, 36.2594232 ], [ -115.2122751, 36.2594232 ], [ -115.2122751, 36.2594205 ], [ -115.2122697, 36.2594205 ], [ -115.2122697, 36.2594178 ], [ -115.2122616, 36.2594178 ], [ -115.2122616, 36.2594151 ], [ -115.2122562, 36.2594151 ], [ -115.2122562, 36.2594124 ], [ -115.2122535, 36.2594124 ], [ -115.2122535, 36.2594043 ], [ -115.2122562, 36.2594043 ], [ -115.2122562, 36.2593962 ], [ -115.2122589, 36.2593962 ], [ -115.2122589, 36.2593908 ], [ -115.2122616, 36.2593908 ], [ -115.2122616, 36.2593881 ], [ -115.2122643, 36.2593881 ], [ -115.2122643, 36.2593854 ], [ -115.212267, 36.2593854 ], [ -115.212267, 36.2593773 ], [ -115.2122697, 36.2593773 ], [ -115.2122697, 36.2593611 ], [ -115.2122724, 36.2593611 ], [ -115.2122724, 36.2593584 ], [ -115.2122751, 36.2593584 ], [ -115.2122751, 36.2593557 ], [ -115.2123264, 36.2593557 ], [ -115.2123264, 36.2593503 ], [ -115.2123291, 36.2593503 ], [ -115.2123291, 36.2593476 ], [ -115.2123345, 36.2593476 ], [ -115.2123345, 36.2593449 ], [ -115.2123372, 36.2593449 ], [ -115.2123372, 36.2593422 ], [ -115.2123426, 36.2593422 ], [ -115.2123426, 36.2593395 ], [ -115.2123615, 36.2593395 ], [ -115.2123615, 36.2593422 ], [ -115.212375, 36.2593422 ], [ -115.212375, 36.2593476 ], [ -115.2123858, 36.2593476 ], [ -115.2123858, 36.2593503 ], [ -115.2123939, 36.2593503 ], [ -115.2123939, 36.259353 ], [ -115.212402, 36.259353 ], [ -115.212402, 36.2593557 ], [ -115.2124128, 36.2593557 ], [ -115.2124128, 36.2593584 ], [ -115.2124209, 36.2593584 ], [ -115.2124209, 36.2593611 ], [ -115.212429, 36.2593611 ], [ -115.212429, 36.2593638 ], [ -115.2124371, 36.2593638 ], [ -115.2124371, 36.2593665 ], [ -115.2124425, 36.2593665 ], [ -115.2124425, 36.2593692 ], [ -115.2124506, 36.2593692 ], [ -115.2124506, 36.2593719 ], [ -115.2124614, 36.2593719 ], [ -115.2124614, 36.2593746 ], [ -115.2124695, 36.2593746 ], [ -115.2124695, 36.2593773 ], [ -115.212483, 36.2593773 ], [ -115.212483, 36.25938 ], [ -115.2124965, 36.25938 ], [ -115.2124965, 36.2593827 ], [ -115.21251, 36.2593827 ], [ -115.21251, 36.2593854 ], [ -115.2125181, 36.2593854 ], [ -115.2125181, 36.2593881 ], [ -115.2125235, 36.2593881 ], [ -115.2125235, 36.2593908 ], [ -115.2125262, 36.2593908 ], [ -115.2125262, 36.2593962 ], [ -115.2125289, 36.2593962 ], [ -115.2125289, 36.259407 ], [ -115.2125262, 36.259407 ], [ -115.2125262, 36.2594124 ], [ -115.2125235, 36.2594124 ], [ -115.2125235, 36.2594178 ], [ -115.2125208, 36.2594178 ], [ -115.2125208, 36.2594232 ], [ -115.2125181, 36.2594232 ], [ -115.2125181, 36.2594286 ], [ -115.2125154, 36.2594286 ], [ -115.2125154, 36.259434 ], [ -115.2125127, 36.259434 ], [ -115.2125127, 36.2594448 ], [ -115.21251, 36.2594448 ], [ -115.21251, 36.2594502 ], [ -115.2125073, 36.2594502 ], [ -115.2125073, 36.2594529 ], [ -115.2124965, 36.2594529 ], [ -115.2124965, 36.2594502 ], [ -115.2124857, 36.2594502 ], [ -115.2124857, 36.2594475 ], [ -115.2124749, 36.2594475 ], [ -115.2124749, 36.2594502 ], [ -115.2124722, 36.2594502 ], [ -115.2124722, 36.2594556 ], [ -115.2124695, 36.2594556 ], [ -115.2124695, 36.259461 ], [ -115.2124668, 36.259461 ], [ -115.2124668, 36.2594664 ], [ -115.2124641, 36.2594664 ], [ -115.2124641, 36.2594718 ], [ -115.2124614, 36.2594718 ], [ -115.2124614, 36.2594772 ] ] ] } },
{ "type": "Feature", "properties": { "value": 255.0 }, "geometry": { "type": "Polygon", "coordinates": [ [ [ -115.2119187, 36.2594664 ], [ -115.2118998, 36.2594664 ], [ -115.2118998, 36.2594637 ], [ -115.2118917, 36.2594637 ], [ -115.2118917, 36.259461 ], [ -115.2118836, 36.259461 ], [ -115.2118836, 36.2594583 ], [ -115.2118782, 36.2594583 ], [ -115.2118782, 36.2594556 ], [ -115.2118728, 36.2594556 ], [ -115.2118728, 36.2594529 ], [ -115.2118647, 36.2594529 ], [ -115.2118647, 36.2594502 ], [ -115.2118566, 36.2594502 ], [ -115.2118566, 36.2594475 ], [ -115.2118485, 36.2594475 ], [ -115.2118485, 36.2594448 ], [ -115.2118431, 36.2594448 ], [ -115.2118431, 36.2594421 ], [ -115.2118377, 36.2594421 ], [ -115.2118377, 36.2594394 ], [ -115.2118296, 36.2594394 ], [ -115.2118296, 36.2594367 ], [ -115.2118215, 36.2594367 ], [ -115.2118215, 36.259434 ], [ -115.2118134, 36.259434 ], [ -115.2118134, 36.2594313 ], [ -115.211808, 36.2594313 ], [ -115.211808, 36.2594286 ], [ -115.2118026, 36.2594286 ], [ -115.2118026, 36.2594259 ], [ -115.2117945, 36.2594259 ], [ -115.2117945, 36.2594232 ], [ -115.2117864, 36.2594232 ], [ -115.2117864, 36.2594205 ], [ -115.211781, 36.2594205 ], [ -115.211781, 36.2594178 ], [ -115.2117729, 36.2594178 ], [ -115.2117729, 36.2594151 ], [ -115.2117675, 36.2594151 ], [ -115.2117675, 36.2594124 ], [ -115.2117594, 36.2594124 ], [ -115.2117594, 36.2594097 ], [ -115.211754, 36.2594097 ], [ -115.211754, 36.259407 ], [ -115.2117459, 36.259407 ], [ -115.2117459, 36.2594043 ], [ -115.2117405, 36.2594043 ], [ -115.2117405, 36.2594016 ], [ -115.2117324, 36.2594016 ], [ -115.2117324, 36.2593989 ], [ -115.2117243, 36.2593989 ], [ -115.2117243, 36.2593962 ], [ -115.2117162, 36.2593962 ], [ -115.2117162, 36.2593935 ], [ -115.2117135, 36.2593935 ], [ -115.2117135, 36.2593746 ], [ -115.2117108, 36.2593746 ], [ -115.2117108, 36.2593719 ], [ -115.2117081, 36.2593719 ], [ -115.2117081, 36.2593692 ], [ -115.2117054, 36.2593692 ], [ -115.2117054, 36.2593665 ], [ -115.2117, 36.2593665 ], [ -115.2117, 36.2593638 ], [ -115.2116946, 36.2593638 ], [ -115.2116946, 36.2593449 ], [ -115.2116973, 36.2593449 ], [ -115.2116973, 36.2593395 ], [ -115.2117, 36.2593395 ], [ -115.2117, 36.2593341 ], [ -115.2117027, 36.2593341 ], [ -115.2117027, 36.2593314 ], [ -115.2117054, 36.2593314 ], [ -115.2117054, 36.2593287 ], [ -115.2117108, 36.2593287 ], [ -115.2117108, 36.2593233 ], [ -115.2117135, 36.2593233 ], [ -115.2117135, 36.2593152 ], [ -115.2117162, 36.2593152 ], [ -115.2117162, 36.2593125 ], [ -115.2117189, 36.2593125 ], [ -115.2117189, 36.2593071 ], [ -115.2117216, 36.2593071 ], [ -115.2117216, 36.2593017 ], [ -115.2117243, 36.2593017 ], [ -115.2117243, 36.259299 ], [ -115.211727, 36.259299 ], [ -115.211727, 36.2592936 ], [ -115.2117405, 36.2592936 ], [ -115.2117405, 36.2592963 ], [ -115.2117486, 36.2592963 ], [ -115.2117486, 36.259299 ], [ -115.2117567, 36.259299 ], [ -115.2117567, 36.2593017 ], [ -115.2117675, 36.2593017 ], [ -115.2117675, 36.2593044 ], [ -115.2117783, 36.2593044 ], [ -115.2117783, 36.2593071 ], [ -115.2117864, 36.2593071 ], [ -115.2117864, 36.2593098 ], [ -115.2117918, 36.2593098 ], [ -115.2117918, 36.2593125 ], [ -115.2117999, 36.2593125 ], [ -115.2117999, 36.2593152 ], [ -115.2118053, 36.2593152 ], [ -115.2118053, 36.2593179 ], [ -115.2118134, 36.2593179 ], [ -115.2118134, 36.2593206 ], [ -115.2118215, 36.2593206 ], [ -115.2118215, 36.2593233 ], [ -115.2118296, 36.2593233 ], [ -115.2118296, 36.259326 ], [ -115.2118377, 36.259326 ], [ -115.2118377, 36.2593287 ], [ -115.2118485, 36.2593287 ], [ -115.2118485, 36.2593314 ], [ -115.2118539, 36.2593314 ], [ -115.2118539, 36.2593341 ], [ -115.2118593, 36.2593341 ], [ -115.2118593, 36.2593368 ], [ -115.2118674, 36.2593368 ], [ -115.2118674, 36.2593395 ], [ -115.2118728, 36.2593395 ], [ -115.2118728, 36.2593422 ], [ -115.2118782, 36.2593422 ], [ -115.2118782, 36.2593449 ], [ -115.2118863, 36.2593449 ], [ -115.2118863, 36.2593476 ], [ -115.2118917, 36.2593476 ], [ -115.2118917, 36.2593503 ], [ -115.2118971, 36.2593503 ], [ -115.2118971, 36.259353 ], [ -115.2119025, 36.259353 ], [ -115.2119025, 36.2593557 ], [ -115.2119106, 36.2593557 ], [ -115.2119106, 36.2593584 ], [ -115.211916, 36.2593584 ], [ -115.211916, 36.2593611 ], [ -115.2119214, 36.2593611 ], [ -115.2119214, 36.2593638 ], [ -115.2119295, 36.2593638 ], [ -115.2119295, 36.2593665 ], [ -115.2119349, 36.2593665 ], [ -115.2119349, 36.2593692 ], [ -115.2119403, 36.2593692 ], [ -115.2119403, 36.2593719 ], [ -115.2119457, 36.2593719 ], [ -115.2119457, 36.25938 ], [ -115.211943, 36.25938 ], [ -115.211943, 36.2593854 ], [ -115.2119403, 36.2593854 ], [ -115.2119403, 36.2593881 ], [ -115.2119376, 36.2593881 ], [ -115.2119376, 36.2593908 ], [ -115.2119349, 36.2593908 ], [ -115.2119349, 36.259407 ], [ -115.2119376, 36.259407 ], [ -115.2119376, 36.2594097 ], [ -115.2119457, 36.2594097 ], [ -115.2119457, 36.2594259 ], [ -115.211943, 36.2594259 ], [ -115.211943, 36.2594286 ], [ -115.2119403, 36.2594286 ], [ -115.2119403, 36.259434 ], [ -115.2119376, 36.259434 ], [ -115.2119376, 36.2594367 ], [ -115.2119349, 36.2594367 ], [ -115.2119349, 36.2594421 ], [ -115.2119322, 36.2594421 ], [ -115.2119322, 36.2594475 ], [ -115.2119295, 36.2594475 ], [ -115.2119295, 36.2594529 ], [ -115.2119268, 36.2594529 ], [ -115.2119268, 36.2594556 ], [ -115.2119241, 36.2594556 ], [ -115.2119241, 36.259461 ], [ -115.2119214, 36.259461 ], [ -115.2119214, 36.2594637 ], [ -115.2119187, 36.2594637 ], [ -115.2119187, 36.2594664 ] ] ] } },
{ "type": "Feature", "properties": { "value": 255.0 }, "geometry": { "type": "Polygon", "coordinates": [ [ [ -115.2127476, 36.2593314 ], [ -115.2127233, 36.2593314 ], [ -115.2127233, 36.2593287 ], [ -115.212699, 36.2593287 ], [ -115.212699, 36.259326 ], [ -115.2126747, 36.259326 ], [ -115.2126747, 36.2593233 ], [ -115.212645, 36.2593233 ], [ -115.212645, 36.2593206 ], [ -115.2126396, 36.2593206 ], [ -115.2126396, 36.2592909 ], [ -115.2126423, 36.2592909 ], [ -115.2126423, 36.2592801 ], [ -115.212645, 36.2592801 ], [ -115.212645, 36.259272 ], [ -115.2126423, 36.259272 ], [ -115.2126423, 36.2592693 ], [ -115.2126369, 36.2592693 ], [ -115.2126369, 36.2592666 ], [ -115.2126261, 36.2592666 ], [ -115.2126261, 36.2592639 ], [ -115.2126207, 36.2592639 ], [ -115.2126207, 36.2592612 ], [ -115.212618, 36.2592612 ], [ -115.212618, 36.2592558 ], [ -115.2126207, 36.2592558 ], [ -115.2126207, 36.2592531 ], [ -115.212618, 36.2592531 ], [ -115.212618, 36.2592288 ], [ -115.2126207, 36.2592288 ], [ -115.2126207, 36.2592261 ], [ -115.2126234, 36.2592261 ], [ -115.2126234, 36.2592234 ], [ -115.2126261, 36.2592234 ], [ -115.2126261, 36.2592207 ], [ -115.212699, 36.2592207 ], [ -115.212699, 36.2592234 ], [ -115.2127152, 36.2592234 ], [ -115.2127152, 36.2592261 ], [ -115.2127395, 36.2592261 ], [ -115.2127395, 36.2592288 ], [ -115.2127476, 36.2592288 ], [ -115.2127476, 36.2593314 ] ] ] } },
{ "type": "Feature", "properties": { "value": 255.0 }, "geometry": { "type": "Polygon", "coordinates": [ [ [ -115.2114138, 36.2593827 ], [ -115.2114084, 36.2593827 ], [ -115.2114084, 36.25938 ], [ -115.2114003, 36.25938 ], [ -115.2114003, 36.2593773 ], [ -115.2113922, 36.2593773 ], [ -115.2113922, 36.2593746 ], [ -115.2113868, 36.2593746 ], [ -115.2113868, 36.2593719 ], [ -115.211376, 36.2593719 ], [ -115.211376, 36.2593746 ], [ -115.2113706, 36.2593746 ], [ -115.2113706, 36.2593773 ], [ -115.2113544, 36.2593773 ], [ -115.2113544, 36.2593746 ], [ -115.211349, 36.2593746 ], [ -115.211349, 36.2593719 ], [ -115.2113463, 36.2593719 ], [ -115.2113463, 36.2593692 ], [ -115.2113409, 36.2593692 ], [ -115.2113409, 36.2593665 ], [ -115.2113382, 36.2593665 ], [ -115.2113382, 36.2593638 ], [ -115.2113328, 36.2593638 ], [ -115.2113328, 36.2593611 ], [ -115.2113301, 36.2593611 ], [ -115.2113301, 36.2593584 ], [ -115.2113274, 36.2593584 ], [ -115.2113274, 36.2593557 ], [ -115.211322, 36.2593557 ], [ -115.211322, 36.259353 ], [ -115.2113166, 36.259353 ], [ -115.2113166, 36.2593503 ], [ -115.2113139, 36.2593503 ], [ -115.2113139, 36.2593476 ], [ -115.2113112, 36.2593476 ], [ -115.2113112, 36.2593449 ], [ -115.2113058, 36.2593449 ], [ -115.2113058, 36.2593422 ], [ -115.2113031, 36.2593422 ], [ -115.2113031, 36.2593395 ], [ -115.2112977, 36.2593395 ], [ -115.2112977, 36.2593368 ], [ -115.211295, 36.2593368 ], [ -115.211295, 36.2593341 ], [ -115.2112896, 36.2593341 ], [ -115.2112896, 36.2593314 ], [ -115.2112869, 36.2593314 ], [ -115.2112869, 36.2593287 ], [ -115.2112815, 36.2593287 ], [ -115.2112815, 36.259326 ], [ -115.2112788, 36.259326 ], [ -115.2112788, 36.2593233 ], [ -115.2112734, 36.2593233 ], [ -115.2112734, 36.2593206 ], [ -115.2112707, 36.2593206 ], [ -115.2112707, 36.2593179 ], [ -115.2112653, 36.2593179 ], [ -115.2112653, 36.2593152 ], [ -115.2112626, 36.2593152 ], [ -115.2112626, 36.2593125 ], [ -115.2112572, 36.2593125 ], [ -115.2112572, 36.2593098 ], [ -115.2112545, 36.2593098 ], [ -115.2112545, 36.2593071 ], [ -115.2112491, 36.2593071 ], [ -115.2112491, 36.2593044 ], [ -115.2112464, 36.2593044 ], [ -115.2112464, 36.2593017 ], [ -115.211241, 36.2593017 ], [ -115.211241, 36.259299 ], [ -115.2112356, 36.259299 ], [ -115.2112356, 36.2592963 ], [ -115.2112329, 36.2592963 ], [ -115.2112329, 36.2592936 ], [ -115.2112275, 36.2592936 ], [ -115.2112275, 36.2592909 ], [ -115.2112248, 36.2592909 ], [ -115.2112248, 36.2592882 ], [ -115.2112221, 36.2592882 ], [ -115.2112221, 36.2592855 ], [ -115.2112167, 36.2592855 ], [ -115.2112167, 36.2592828 ], [ -115.211214, 36.2592828 ], [ -115.211214, 36.2592801 ], [ -115.2112113, 36.2592801 ], [ -115.2112113, 36.2592774 ], [ -115.2112059, 36.2592774 ], [ -115.2112059, 36.2592747 ], [ -115.2112032, 36.2592747 ], [ -115.2112032, 36.259272 ], [ -115.2112005, 36.259272 ], [ -115.2112005, 36.2592693 ], [ -115.2111978, 36.2592693 ], [ -115.2111978, 36.2592666 ], [ -115.2111951, 36.2592666 ], [ -115.2111951, 36.2592612 ], [ -115.2111978, 36.2592612 ], [ -115.2111978, 36.2592585 ], [ -115.2112005, 36.2592585 ], [ -115.2112005, 36.2592558 ], [ -115.2112032, 36.2592558 ], [ -115.2112032, 36.2592531 ], [ -115.2112086, 36.2592531 ], [ -115.2112086, 36.2592504 ], [ -115.211214, 36.2592504 ], [ -115.211214, 36.2592477 ], [ -115.2112167, 36.2592477 ], [ -115.2112167, 36.259245 ], [ -115.2112194, 36.259245 ], [ -115.2112194, 36.2592423 ], [ -115.2112221, 36.2592423 ], [ -115.2112221, 36.2592396 ], [ -115.2112248, 36.2592396 ], [ -115.2112248, 36.2592369 ], [ -115.2112275, 36.2592369 ], [ -115.2112275, 36.2592342 ], [ -115.2112302, 36.2592342 ], [ -115.2112302, 36.2592315 ], [ -115.2112329, 36.2592315 ], [ -115.2112329, 36.2592261 ], [ -115.2112356, 36.2592261 ], [ -115.2112356, 36.2592234 ], [ -115.211241, 36.2592234 ], [ -115.211241, 36.2592207 ], [ -115.2112491, 36.2592207 ], [ -115.2112491, 36.2592234 ], [ -115.2112572, 36.2592234 ], [ -115.2112572, 36.2592207 ], [ -115.2112599, 36.2592207 ], [ -115.2112599, 36.2592153 ], [ -115.2112626, 36.2592153 ], [ -115.2112626, 36.2592126 ], [ -115.2112653, 36.2592126 ], [ -115.2112653, 36.2592153 ], [ -115.2112707, 36.2592153 ], [ -115.2112707, 36.2592126 ], [ -115.2112842, 36.2592126 ], [ -115.2112842, 36.2592099 ], [ -115.2112896, 36.2592099 ], [ -115.2112896, 36.2592126 ], [ -115.211295, 36.2592126 ], [ -115.211295, 36.2592153 ], [ -115.2113004, 36.2592153 ], [ -115.2113004, 36.259218 ], [ -115.2113031, 36.259218 ], [ -115.2113031, 36.2592207 ], [ -115.2113058, 36.2592207 ], [ -115.2113058, 36.2592234 ], [ -115.2113085, 36.2592234 ], [ -115.2113085, 36.2592261 ], [ -115.2113112, 36.2592261 ], [ -115.2113112, 36.2592288 ], [ -115.2113139, 36.2592288 ], [ -115.2113139, 36.2592315 ], [ -115.2113328, 36.2592315 ], [ -115.2113328, 36.2592342 ], [ -115.2113409, 36.2592342 ], [ -115.2113409, 36.2592369 ], [ -115.2113463, 36.2592369 ], [ -115.2113463, 36.2592396 ], [ -115.211349, 36.2592396 ], [ -115.211349, 36.2592423 ], [ -115.2113544, 36.2592423 ], [ -115.2113544, 36.259245 ], [ -115.2113571, 36.259245 ], [ -115.2113571, 36.2592477 ], [ -115.2113625, 36.2592477 ], [ -115.2113625, 36.2592504 ], [ -115.2113652, 36.2592504 ], [ -115.2113652, 36.2592531 ], [ -115.2113679, 36.2592531 ], [ -115.2113679, 36.2592558 ], [ -115.2113733, 36.2592558 ], [ -115.2113733, 36.2592585 ], [ -115.2113787, 36.2592585 ], [ -115.2113787, 36.2592612 ], [ -115.2113814, 36.2592612 ], [ -115.2113814, 36.2592639 ], [ -115.2113868, 36.2592639 ], [ -115.2113868, 36.2592666 ], [ -115.2113895, 36.2592666 ], [ -115.2113895, 36.2592693 ], [ -115.2113922, 36.2592693 ], [ -115.2113922, 36.259272 ], [ -115.2113976, 36.259272 ], [ -115.2113976, 36.2592747 ], [ -115.2114003, 36.2592747 ], [ -115.2114003, 36.2592774 ], [ -115.2114057, 36.2592774 ], [ -115.2114057, 36.2592801 ], [ -115.2114111, 36.2592801 ], [ -115.2114111, 36.2592828 ], [ -115.2114138, 36.2592828 ], [ -115.2114138, 36.2592855 ], [ -115.2114165, 36.2592855 ], [ -115.2114165, 36.2592882 ], [ -115.2114219, 36.2592882 ], [ -115.2114219, 36.2592909 ], [ -115.2114246, 36.2592909 ], [ -115.2114246, 36.2592936 ], [ -115.21143, 36.2592936 ], [ -115.21143, 36.2592963 ], [ -115.2114327, 36.2592963 ], [ -115.2114327, 36.259299 ], [ -115.2114354, 36.259299 ], [ -115.2114354, 36.2593017 ], [ -115.2114408, 36.2593017 ], [ -115.2114408, 36.2593152 ], [ -115.2114381, 36.2593152 ], [ -115.2114381, 36.2593233 ], [ -115.2114408, 36.2593233 ], [ -115.2114408, 36.259326 ], [ -115.2114435, 36.259326 ], [ -115.2114435, 36.2593287 ], [ -115.2114462, 36.2593287 ], [ -115.2114462, 36.2593314 ], [ -115.2114489, 36.2593314 ], [ -115.2114489, 36.2593341 ], [ -115.2114516, 36.2593341 ], [ -115.2114516, 36.2593368 ], [ -115.2114543, 36.2593368 ], [ -115.2114543, 36.2593449 ], [ -115.2114516, 36.2593449 ], [ -115.2114516, 36.2593476 ], [ -115.2114489, 36.2593476 ], [ -115.2114489, 36.2593503 ], [ -115.2114462, 36.2593503 ], [ -115.2114462, 36.259353 ], [ -115.2114435, 36.259353 ], [ -115.2114435, 36.2593557 ], [ -115.2114408, 36.2593557 ], [ -115.2114408, 36.2593611 ], [ -115.2114354, 36.2593611 ], [ -115.2114354, 36.2593638 ], [ -115.2114327, 36.2593638 ], [ -115.2114327, 36.2593665 ], [ -115.21143, 36.2593665 ], [ -115.21143, 36.2593692 ], [ -115.2114273, 36.2593692 ], [ -115.2114273, 36.2593719 ], [ -115.2114246, 36.2593719 ], [ -115.2114246, 36.2593746 ], [ -115.2114219, 36.2593746 ], [ -115.2114219, 36.2593773 ], [ -115.2114192, 36.2593773 ], [ -115.2114192, 36.25938 ], [ -115.2114138, 36.25938 ], [ -115.2114138, 36.2593827 ] ] ] } },
{ "type": "Feature", "properties": { "value": 255.0 }, "geometry": { "type": "Polygon", "coordinates": [ [ [ -115.2124722, 36.2593476 ], [ -115.212456, 36.2593476 ], [ -115.212456, 36.2593449 ], [ -115.2124452, 36.2593449 ], [ -115.2124452, 36.2593422 ], [ -115.2124371, 36.2593422 ], [ -115.2124371, 36.2593395 ], [ -115.212429, 36.2593395 ], [ -115.212429, 36.2593368 ], [ -115.2124209, 36.2593368 ], [ -115.2124209, 36.2593341 ], [ -115.2124101, 36.2593341 ], [ -115.2124101, 36.2593314 ], [ -115.212402, 36.2593314 ], [ -115.212402, 36.2593287 ], [ -115.2123939, 36.2593287 ], [ -115.2123939, 36.259326 ], [ -115.2123858, 36.259326 ], [ -115.2123858, 36.2593233 ], [ -115.2123777, 36.2593233 ], [ -115.2123777, 36.2593206 ], [ -115.2123696, 36.2593206 ], [ -115.2123696, 36.2593179 ], [ -115.2123588, 36.2593179 ], [ -115.2123588, 36.2593152 ], [ -115.2123507, 36.2593152 ], [ -115.2123507, 36.2593125 ], [ -115.2123426, 36.2593125 ], [ -115.2123426, 36.2593098 ], [ -115.2123345, 36.2593098 ], [ -115.2123345, 36.2593071 ], [ -115.2123237, 36.2593071 ], [ -115.2123237, 36.2593044 ], [ -115.2123156, 36.2593044 ], [ -115.2123156, 36.2593017 ], [ -115.2123102, 36.2593017 ], [ -115.2123102, 36.259299 ], [ -115.2123021, 36.259299 ], [ -115.2123021, 36.2592963 ], [ -115.212294, 36.2592963 ], [ -115.212294, 36.2592936 ], [ -115.2122859, 36.2592936 ], [ -115.2122859, 36.2592909 ], [ -115.2122751, 36.2592909 ], [ -115.2122751, 36.2592882 ], [ -115.212267, 36.2592882 ], [ -115.212267, 36.2592855 ], [ -115.2122643, 36.2592855 ], [ -115.2122643, 36.2592828 ], [ -115.2122616, 36.2592828 ], [ -115.2122616, 36.2592693 ], [ -115.2122643, 36.2592693 ], [ -115.2122643, 36.2592585 ], [ -115.212267, 36.2592585 ], [ -115.212267, 36.2592531 ], [ -115.2122697, 36.2592531 ], [ -115.2122697, 36.2592504 ], [ -115.2122724, 36.2592504 ], [ -115.2122724, 36.259245 ], [ -115.2122751, 36.259245 ], [ -115.2122751, 36.2592423 ], [ -115.2122778, 36.2592423 ], [ -115.2122778, 36.2592396 ], [ -115.2122805, 36.2592396 ], [ -115.2122805, 36.2592342 ], [ -115.2122832, 36.2592342 ], [ -115.2122832, 36.2592207 ], [ -115.2122805, 36.2592207 ], [ -115.2122805, 36.2592099 ], [ -115.2122832, 36.2592099 ], [ -115.2122832, 36.2592072 ], [ -115.2122913, 36.2592072 ], [ -115.2122913, 36.2592045 ], [ -115.2123075, 36.2592045 ], [ -115.2123075, 36.2592018 ], [ -115.2123237, 36.2592018 ], [ -115.2123237, 36.2591991 ], [ -115.2123345, 36.2591991 ], [ -115.2123345, 36.2592018 ], [ -115.212348, 36.2592018 ], [ -115.212348, 36.2592045 ], [ -115.2123642, 36.2592045 ], [ -115.2123642, 36.2592072 ], [ -115.212375, 36.2592072 ], [ -115.212375, 36.2592099 ], [ -115.2123777, 36.2592099 ], [ -115.2123777, 36.2592126 ], [ -115.2123885, 36.2592126 ], [ -115.2123885, 36.2592153 ], [ -115.2123966, 36.2592153 ], [ -115.2123966, 36.259218 ], [ -115.2124047, 36.259218 ], [ -115.2124047, 36.2592207 ], [ -115.2124101, 36.2592207 ], [ -115.2124101, 36.2592234 ], [ -115.2124209, 36.2592234 ], [ -115.2124209, 36.2592261 ], [ -115.2124317, 36.2592261 ], [ -115.2124317, 36.2592288 ], [ -115.2124398, 36.2592288 ], [ -115.2124398, 36.2592315 ], [ -115.2124479, 36.2592315 ], [ -115.2124479, 36.2592342 ], [ -115.212456, 36.2592342 ], [ -115.212456, 36.2592369 ], [ -115.2124614, 36.2592369 ], [ -115.2124614, 36.2592396 ], [ -115.2124668, 36.2592396 ], [ -115.2124668, 36.2592423 ], [ -115.2124722, 36.2592423 ], [ -115.2124722, 36.259245 ], [ -115.2124776, 36.259245 ], [ -115.2124776, 36.2592477 ], [ -115.2124803, 36.2592477 ], [ -115.2124803, 36.2592504 ], [ -115.212483, 36.2592504 ], [ -115.212483, 36.2592558 ], [ -115.2124803, 36.2592558 ], [ -115.2124803, 36.2592639 ], [ -115.2124776, 36.2592639 ], [ -115.2124776, 36.259272 ], [ -115.2124749, 36.259272 ], [ -115.2124749, 36.2592774 ], [ -115.2124776, 36.2592774 ], [ -115.2124776, 36.2592828 ], [ -115.2124803, 36.2592828 ], [ -115.2124803, 36.2592855 ], [ -115.2124911, 36.2592855 ], [ -115.2124911, 36.2592882 ], [ -115.2124938, 36.2592882 ], [ -115.2124938, 36.2592909 ], [ -115.2124992, 36.2592909 ], [ -115.2124992, 36.2592936 ], [ -115.2125019, 36.2592936 ], [ -115.2125019, 36.2593017 ], [ -115.2124992, 36.2593017 ], [ -115.2124992, 36.2593044 ], [ -115.2124965, 36.2593044 ], [ -115.2124965, 36.2593071 ], [ -115.2124938, 36.2593071 ], [ -115.2124938, 36.2593125 ], [ -115.2124911, 36.2593125 ], [ -115.2124911, 36.2593152 ], [ -115.2124884, 36.2593152 ], [ -115.2124884, 36.2593179 ], [ -115.2124857, 36.2593179 ], [ -115.2124857, 36.2593233 ], [ -115.212483, 36.2593233 ], [ -115.212483, 36.2593287 ], [ -115.2124803, 36.2593287 ], [ -115.2124803, 36.2593341 ], [ -115.2124776, 36.2593341 ], [ -115.2124776, 36.2593395 ], [ -115.2124749, 36.2593395 ], [ -115.2124749, 36.2593449 ], [ -115.2124722, 36.2593449 ], [ -115.2124722, 36.2593476 ] ] ] } },
{ "type": "Feature", "properties": { "value": 255.0 }, "geometry": { "type": "Polygon", "coordinates": [ [ [ -115.2119322, 36.2593233 ], [ -115.2119241, 36.2593233 ], [ -115.2119241, 36.2593206 ], [ -115.2119187, 36.2593206 ], [ -115.2119187, 36.2593179 ], [ -115.2119106, 36.2593179 ], [ -115.2119106, 36.2593152 ], [ -115.2119052, 36.2593152 ], [ -115.2119052, 36.2593125 ], [ -115.2118971, 36.2593125 ], [ -115.2118971, 36.2593098 ], [ -115.211889, 36.2593098 ], [ -115.211889, 36.2593071 ], [ -115.2118836, 36.2593071 ], [ -115.2118836, 36.2593044 ], [ -115.2118755, 36.2593044 ], [ -115.2118755, 36.2593017 ], [ -115.2118701, 36.2593017 ], [ -115.2118701, 36.259299 ], [ -115.211862, 36.259299 ], [ -115.211862, 36.2592963 ], [ -115.2118539, 36.2592963 ], [ -115.2118539, 36.2592936 ], [ -115.2118485, 36.2592936 ], [ -115.2118485, 36.2592909 ], [ -115.2118404, 36.2592909 ], [ -115.2118404, 36.2592882 ], [ -115.211835, 36.2592882 ], [ -115.211835, 36.2592855 ], [ -115.2118269, 36.2592855 ], [ -115.2118269, 36.2592828 ], [ -115.2118188, 36.2592828 ], [ -115.2118188, 36.2592801 ], [ -115.2118134, 36.2592801 ], [ -115.2118134, 36.2592774 ], [ -115.2118053, 36.2592774 ], [ -115.2118053, 36.2592747 ], [ -115.2117972, 36.2592747 ], [ -115.2117972, 36.259272 ], [ -115.2117891, 36.259272 ], [ -115.2117891, 36.2592693 ], [ -115.2117837, 36.2592693 ], [ -115.2117837, 36.2592666 ], [ -115.2117756, 36.2592666 ], [ -115.2117756, 36.2592639 ], [ -115.2117702, 36.2592639 ], [ -115.2117702, 36.2592612 ], [ -115.2117621, 36.2592612 ], [ -115.2117621, 36.2592585 ], [ -115.211754, 36.2592585 ], [ -115.211754, 36.2592558 ], [ -115.2117486, 36.2592558 ], [ -115.2117486, 36.2592531 ], [ -115.2117432, 36.2592531 ], [ -115.2117432, 36.2592504 ], [ -115.2117378, 36.2592504 ], [ -115.2117378, 36.2592477 ], [ -115.2117324, 36.2592477 ], [ -115.2117324, 36.259245 ], [ -115.2117297, 36.259245 ], [ -115.2117297, 36.2592423 ], [ -115.211727, 36.2592423 ], [ -115.211727, 36.2592396 ], [ -115.2117243, 36.2592396 ], [ -115.2117243, 36.2592369 ], [ -115.2117162, 36.2592369 ], [ -115.2117162, 36.2592342 ], [ -115.2117108, 36.2592342 ], [ -115.2117108, 36.2592315 ], [ -115.2117, 36.2592315 ], [ -115.2117, 36.2592288 ], [ -115.2116919, 36.2592288 ], [ -115.2116919, 36.2592261 ], [ -115.2116892, 36.2592261 ], [ -115.2116892, 36.2592153 ], [ -115.2116865, 36.2592153 ], [ -115.2116865, 36.2592045 ], [ -115.2116892, 36.2592045 ], [ -115.2116892, 36.2591937 ], [ -115.2116919, 36.2591937 ], [ -115.2116919, 36.2591883 ], [ -115.2116946, 36.2591883 ], [ -115.2116946, 36.2591856 ], [ -115.2117, 36.2591856 ], [ -115.2117, 36.2591829 ], [ -115.2117027, 36.2591829 ], [ -115.2117027, 36.2591802 ], [ -115.2117054, 36.2591802 ], [ -115.2117054, 36.2591775 ], [ -115.2117081, 36.2591775 ], [ -115.2117081, 36.2591748 ], [ -115.2117108, 36.2591748 ], [ -115.2117108, 36.2591721 ], [ -115.2117135, 36.2591721 ], [ -115.2117135, 36.2591694 ], [ -115.2117162, 36.2591694 ], [ -115.2117162, 36.259164 ], [ -115.2117189, 36.259164 ], [ -115.2117189, 36.2591613 ], [ -115.2117216, 36.2591613 ], [ -115.2117216, 36.2591586 ], [ -115.2117243, 36.2591586 ], [ -115.2117243, 36.2591559 ], [ -115.211727, 36.2591559 ], [ -115.211727, 36.2591532 ], [ -115.2117297, 36.2591532 ], [ -115.2117297, 36.2591505 ], [ -115.2117324, 36.2591505 ], [ -115.2117324, 36.2591451 ], [ -115.2117351, 36.2591451 ], [ -115.2117351, 36.2591424 ], [ -115.2117378, 36.2591424 ], [ -115.2117378, 36.2591397 ], [ -115.2117486, 36.2591397 ], [ -115.2117486, 36.2591424 ], [ -115.2117567, 36.2591424 ], [ -115.2117567, 36.2591451 ], [ -115.2117621, 36.2591451 ], [ -115.2117621, 36.2591478 ], [ -115.2117675, 36.2591478 ], [ -115.2117675, 36.2591505 ], [ -115.2117756, 36.2591505 ], [ -115.2117756, 36.2591532 ], [ -115.2117837, 36.2591532 ], [ -115.2117837, 36.2591559 ], [ -115.2117891, 36.2591559 ], [ -115.2117891, 36.2591586 ], [ -115.2117945, 36.2591586 ], [ -115.2117945, 36.2591613 ], [ -115.2118053, 36.2591613 ], [ -115.2118053, 36.259164 ], [ -115.2118107, 36.259164 ], [ -115.2118107, 36.2591667 ], [ -115.2118188, 36.2591667 ], [ -115.2118188, 36.2591694 ], [ -115.2118269, 36.2591694 ], [ -115.2118269, 36.2591721 ], [ -115.211835, 36.2591721 ], [ -115.211835, 36.2591748 ], [ -115.2118404, 36.2591748 ], [ -115.2118404, 36.2591775 ], [ -115.2118458, 36.2591775 ], [ -115.2118458, 36.2591802 ], [ -115.2118512, 36.2591802 ], [ -115.2118512, 36.2591829 ], [ -115.2118593, 36.2591829 ], [ -115.2118593, 36.2591856 ], [ -115.2118647, 36.2591856 ], [ -115.2118647, 36.2591883 ], [ -115.2118728, 36.2591883 ], [ -115.2118728, 36.259191 ], [ -115.2118782, 36.259191 ], [ -115.2118782, 36.2591937 ], [ -115.211889, 36.2591937 ], [ -115.211889, 36.2591964 ], [ -115.2118971, 36.2591964 ], [ -115.2118971, 36.2591991 ], [ -115.2119025, 36.2591991 ], [ -115.2119025, 36.2592018 ], [ -115.2119106, 36.2592018 ], [ -115.2119106, 36.2592045 ], [ -115.211916, 36.2592045 ], [ -115.211916, 36.2592072 ], [ -115.2119214, 36.2592072 ], [ -115.2119214, 36.2592099 ], [ -115.2119295, 36.2592099 ], [ -115.2119295, 36.2592126 ], [ -115.2119349, 36.2592126 ], [ -115.2119349, 36.2592153 ], [ -115.2119403, 36.2592153 ], [ -115.2119403, 36.259218 ], [ -115.2119457, 36.259218 ], [ -115.2119457, 36.2592207 ], [ -115.2119484, 36.2592207 ], [ -115.2119484, 36.2592234 ], [ -115.2119538, 36.2592234 ], [ -115.2119538, 36.2592261 ], [ -115.2119592, 36.2592261 ], [ -115.2119592, 36.2592342 ], [ -115.2119565, 36.2592342 ], [ -115.2119565, 36.2592423 ], [ -115.2119538, 36.2592423 ], [ -115.2119538, 36.2592477 ], [ -115.2119511, 36.2592477 ], [ -115.2119511, 36.2592612 ], [ -115.2119538, 36.2592612 ], [ -115.2119538, 36.2592639 ], [ -115.2119592, 36.2592639 ], [ -115.2119592, 36.2592828 ], [ -115.2119565, 36.2592828 ], [ -115.2119565, 36.2592882 ], [ -115.2119538, 36.2592882 ], [ -115.2119538, 36.2592936 ], [ -115.2119511, 36.2592936 ], [ -115.2119511, 36.259299 ], [ -115.2119484, 36.259299 ], [ -115.2119484, 36.2593017 ], [ -115.2119457, 36.2593017 ], [ -115.2119457, 36.2593071 ], [ -115.211943, 36.2593071 ], [ -115.211943, 36.2593125 ], [ -115.2119403, 36.2593125 ], [ -115.2119403, 36.2593152 ], [ -115.2119376, 36.2593152 ], [ -115.2119376, 36.2593179 ], [ -115.2119349, 36.2593179 ], [ -115.2119349, 36.2593206 ], [ -115.2119322, 36.2593206 ], [ -115.2119322, 36.2593233 ] ] ] } },
{ "type": "Feature", "properties": { "value": 255.0 }, "geometry": { "type": "Polygon", "coordinates": [ [ [ -115.2115299, 36.2592612 ], [ -115.2115137, 36.2592612 ], [ -115.2115137, 36.2592585 ], [ -115.2115056, 36.2592585 ], [ -115.2115056, 36.2592558 ], [ -115.2115002, 36.2592558 ], [ -115.2115002, 36.2592531 ], [ -115.2114948, 36.2592531 ], [ -115.2114948, 36.2592504 ], [ -115.2114867, 36.2592504 ], [ -115.2114867, 36.2592477 ], [ -115.2114813, 36.2592477 ], [ -115.2114813, 36.259245 ], [ -115.2114732, 36.259245 ], [ -115.2114732, 36.2592423 ], [ -115.2114678, 36.2592423 ], [ -115.2114678, 36.2592396 ], [ -115.2114624, 36.2592396 ], [ -115.2114624, 36.2592369 ], [ -115.211457, 36.2592369 ], [ -115.211457, 36.2592342 ], [ -115.2114489, 36.2592342 ], [ -115.2114489, 36.2592315 ], [ -115.2114435, 36.2592315 ], [ -115.2114435, 36.2592288 ], [ -115.2114381, 36.2592288 ], [ -115.2114381, 36.2592261 ], [ -115.21143, 36.2592261 ], [ -115.21143, 36.2592234 ], [ -115.2114246, 36.2592234 ], [ -115.2114246, 36.2592207 ], [ -115.2114192, 36.2592207 ], [ -115.2114192, 36.259218 ], [ -115.2114111, 36.259218 ], [ -115.2114111, 36.2592153 ], [ -115.2114057, 36.2592153 ], [ -115.2114057, 36.2592126 ], [ -115.2114003, 36.2592126 ], [ -115.2114003, 36.2592099 ], [ -115.2113949, 36.2592099 ], [ -115.2113949, 36.2592072 ], [ -115.2113868, 36.2592072 ], [ -115.2113868, 36.2592045 ], [ -115.2113814, 36.2592045 ], [ -115.2113814, 36.2592018 ], [ -115.2113733, 36.2592018 ], [ -115.2113733, 36.2591991 ], [ -115.2113679, 36.2591991 ], [ -115.2113679, 36.2591964 ], [ -115.2113625, 36.2591964 ], [ -115.2113625, 36.2591937 ], [ -115.2113544, 36.2591937 ], [ -115.2113544, 36.259191 ], [ -115.211349, 36.259191 ], [ -115.211349, 36.2591883 ], [ -115.2113436, 36.2591883 ], [ -115.2113436, 36.2591856 ], [ -115.2113355, 36.2591856 ], [ -115.2113355, 36.2591829 ], [ -115.2113301, 36.2591829 ], [ -115.2113301, 36.2591802 ], [ -115.2113274, 36.2591802 ], [ -115.2113274, 36.2591748 ], [ -115.2113301, 36.2591748 ], [ -115.2113301, 36.2591694 ], [ -115.2113328, 36.2591694 ], [ -115.2113328, 36.2591667 ], [ -115.2113355, 36.2591667 ], [ -115.2113355, 36.259164 ], [ -115.2113382, 36.259164 ], [ -115.2113382, 36.2591586 ], [ -115.2113409, 36.2591586 ], [ -115.2113409, 36.2591559 ], [ -115.2113436, 36.2591559 ], [ -115.2113436, 36.2591532 ], [ -115.2113463, 36.2591532 ], [ -115.2113463, 36.2591478 ], [ -115.211349, 36.2591478 ], [ -115.211349, 36.2591451 ], [ -115.2113517, 36.2591451 ], [ -115.2113517, 36.2591397 ], [ -115.2113544, 36.2591397 ], [ -115.2113544, 36.2591343 ], [ -115.2113571, 36.2591343 ], [ -115.2113571, 36.2591289 ], [ -115.2113598, 36.2591289 ], [ -115.2113598, 36.2591235 ], [ -115.2113625, 36.2591235 ], [ -115.2113625, 36.2591181 ], [ -115.2113652, 36.2591181 ], [ -115.2113652, 36.2591127 ], [ -115.2113706, 36.2591127 ], [ -115.2113706, 36.25911 ], [ -115.2113841, 36.25911 ], [ -115.2113841, 36.2591073 ], [ -115.2113922, 36.2591073 ], [ -115.2113922, 36.2591046 ], [ -115.2113949, 36.2591046 ], [ -115.2113949, 36.2591019 ], [ -115.2113976, 36.2591019 ], [ -115.2113976, 36.2590992 ], [ -115.2114003, 36.2590992 ], [ -115.2114003, 36.2590965 ], [ -115.2114111, 36.2590965 ], [ -115.2114111, 36.2590992 ], [ -115.2114192, 36.2590992 ], [ -115.2114192, 36.2591019 ], [ -115.2114246, 36.2591019 ], [ -115.2114246, 36.2591046 ], [ -115.21143, 36.2591046 ], [ -115.21143, 36.2591073 ], [ -115.2114381, 36.2591073 ], [ -115.2114381, 36.25911 ], [ -115.2114435, 36.25911 ], [ -115.2114435, 36.2591127 ], [ -115.2114489, 36.2591127 ], [ -115.2114489, 36.2591154 ], [ -115.211457, 36.2591154 ], [ -115.211457, 36.2591181 ], [ -115.2114624, 36.2591181 ], [ -115.2114624, 36.2591208 ], [ -115.2114678, 36.2591208 ], [ -115.2114678, 36.2591235 ], [ -115.2114732, 36.2591235 ], [ -115.2114732, 36.2591262 ], [ -115.2114813, 36.2591262 ], [ -115.2114813, 36.2591289 ], [ -115.2114867, 36.2591289 ], [ -115.2114867, 36.2591316 ], [ -115.2114948, 36.2591316 ], [ -115.2114948, 36.2591343 ], [ -115.2115002, 36.2591343 ], [ -115.2115002, 36.259137 ], [ -115.2115083, 36.259137 ], [ -115.2115083, 36.2591397 ], [ -115.2115137, 36.2591397 ], [ -115.2115137, 36.2591424 ], [ -115.2115191, 36.2591424 ], [ -115.2115191, 36.2591451 ], [ -115.2115272, 36.2591451 ], [ -115.2115272, 36.2591478 ], [ -115.2115353, 36.2591478 ], [ -115.2115353, 36.2591505 ], [ -115.2115407, 36.2591505 ], [ -115.2115407, 36.2591532 ], [ -115.2115461, 36.2591532 ], [ -115.2115461, 36.2591559 ], [ -115.2115515, 36.2591559 ], [ -115.2115515, 36.2591586 ], [ -115.2115569, 36.2591586 ], [ -115.2115569, 36.2591613 ], [ -115.2115596, 36.2591613 ], [ -115.2115596, 36.259164 ], [ -115.211565, 36.259164 ], [ -115.211565, 36.2591667 ], [ -115.2115704, 36.2591667 ], [ -115.2115704, 36.2591694 ], [ -115.2115758, 36.2591694 ], [ -115.2115758, 36.2591721 ], [ -115.2115785, 36.2591721 ], [ -115.2115785, 36.2591748 ], [ -115.2115839, 36.2591748 ], [ -115.2115839, 36.2591829 ], [ -115.2115812, 36.2591829 ], [ -115.2115812, 36.2591883 ], [ -115.2115785, 36.2591883 ], [ -115.2115785, 36.259191 ], [ -115.2115758, 36.259191 ], [ -115.2115758, 36.2591964 ], [ -115.2115731, 36.2591964 ], [ -115.2115731, 36.2591991 ], [ -115.2115704, 36.2591991 ], [ -115.2115704, 36.2592045 ], [ -115.2115677, 36.2592045 ], [ -115.2115677, 36.2592072 ], [ -115.211565, 36.2592072 ], [ -115.211565, 36.2592126 ], [ -115.2115623, 36.2592126 ], [ -115.2115623, 36.259218 ], [ -115.2115596, 36.259218 ], [ -115.2115596, 36.2592234 ], [ -115.2115569, 36.2592234 ], [ -115.2115569, 36.2592261 ], [ -115.2115542, 36.2592261 ], [ -115.2115542, 36.2592288 ], [ -115.2115515, 36.2592288 ], [ -115.2115515, 36.2592315 ], [ -115.2115488, 36.2592315 ], [ -115.2115488, 36.2592342 ], [ -115.2115461, 36.2592342 ], [ -115.2115461, 36.2592396 ], [ -115.2115434, 36.2592396 ], [ -115.2115434, 36.2592423 ], [ -115.2115407, 36.2592423 ], [ -115.2115407, 36.2592477 ], [ -115.211538, 36.2592477 ], [ -115.211538, 36.2592504 ], [ -115.2115353, 36.2592504 ], [ -115.2115353, 36.2592558 ], [ -115.2115326, 36.2592558 ], [ -115.2115326, 36.2592585 ], [ -115.2115299, 36.2592585 ], [ -115.2115299, 36.2592612 ] ] ] } },
{ "type": "Feature", "properties": { "value": 255.0 }, "geometry": { "type": "Polygon", "coordinates": [ [ [ -115.2125181, 36.2592288 ], [ -115.21251, 36.2592288 ], [ -115.21251, 36.2592261 ], [ -115.2125019, 36.2592261 ], [ -115.2125019, 36.2592234 ], [ -115.2124938, 36.2592234 ], [ -115.2124938, 36.2592207 ], [ -115.2124857, 36.2592207 ], [ -115.2124857, 36.259218 ], [ -115.2124776, 36.259218 ], [ -115.2124776, 36.2592153 ], [ -115.2124695, 36.2592153 ], [ -115.2124695, 36.2592126 ], [ -115.2124587, 36.2592126 ], [ -115.2124587, 36.2592099 ], [ -115.2124533, 36.2592099 ], [ -115.2124533, 36.2592072 ], [ -115.2124452, 36.2592072 ], [ -115.2124452, 36.2592045 ], [ -115.2124344, 36.2592045 ], [ -115.2124344, 36.2592018 ], [ -115.2124236, 36.2592018 ], [ -115.2124236, 36.2591991 ], [ -115.2124155, 36.2591991 ], [ -115.2124155, 36.2591964 ], [ -115.2124074, 36.2591964 ], [ -115.2124074, 36.2591937 ], [ -115.2123993, 36.2591937 ], [ -115.2123993, 36.259191 ], [ -115.2123912, 36.259191 ], [ -115.2123912, 36.2591883 ], [ -115.2123831, 36.2591883 ], [ -115.2123831, 36.2591856 ], [ -115.212375, 36.2591856 ], [ -115.212375, 36.2591829 ], [ -115.2123696, 36.2591829 ], [ -115.2123696, 36.2591802 ], [ -115.2123615, 36.2591802 ], [ -115.2123615, 36.2591775 ], [ -115.2123507, 36.2591775 ], [ -115.2123507, 36.2591748 ], [ -115.2123399, 36.2591748 ], [ -115.2123399, 36.2591721 ], [ -115.2123291, 36.2591721 ], [ -115.2123291, 36.2591694 ], [ -115.212321, 36.2591694 ], [ -115.212321, 36.2591667 ], [ -115.2123129, 36.2591667 ], [ -115.2123129, 36.259164 ], [ -115.2123102, 36.259164 ], [ -115.2123102, 36.2591613 ], [ -115.2123075, 36.2591613 ], [ -115.2123075, 36.2591586 ], [ -115.2123102, 36.2591586 ], [ -115.2123102, 36.2591532 ], [ -115.2123129, 36.2591532 ], [ -115.2123129, 36.2591478 ], [ -115.2123156, 36.2591478 ], [ -115.2123156, 36.2591424 ], [ -115.2123183, 36.2591424 ], [ -115.2123183, 36.259137 ], [ -115.212321, 36.259137 ], [ -115.212321, 36.2591316 ], [ -115.2123237, 36.2591316 ], [ -115.2123237, 36.2591235 ], [ -115.2123264, 36.2591235 ], [ -115.2123264, 36.2591154 ], [ -115.2123291, 36.2591154 ], [ -115.2123291, 36.2591073 ], [ -115.2123318, 36.2591073 ], [ -115.2123318, 36.2590965 ], [ -115.2123345, 36.2590965 ], [ -115.2123345, 36.2590884 ], [ -115.2123372, 36.2590884 ], [ -115.2123372, 36.2590857 ], [ -115.2123399, 36.2590857 ], [ -115.2123399, 36.259083 ], [ -115.2123453, 36.259083 ], [ -115.2123453, 36.2590803 ], [ -115.212348, 36.2590803 ], [ -115.212348, 36.2590776 ], [ -115.2123534, 36.2590776 ], [ -115.2123534, 36.2590749 ], [ -115.2123642, 36.2590749 ], [ -115.2123642, 36.2590722 ], [ -115.2123696, 36.2590722 ], [ -115.2123696, 36.2590695 ], [ -115.212375, 36.2590695 ], [ -115.212375, 36.2590776 ], [ -115.2123885, 36.2590776 ], [ -115.2123885, 36.2590803 ], [ -115.2123993, 36.2590803 ], [ -115.2123993, 36.259083 ], [ -115.2124074, 36.259083 ], [ -115.2124074, 36.2590857 ], [ -115.2124182, 36.2590857 ], [ -115.2124182, 36.2590884 ], [ -115.2124263, 36.2590884 ], [ -115.2124263, 36.2590911 ], [ -115.2124344, 36.2590911 ], [ -115.2124344, 36.2590938 ], [ -115.2124425, 36.2590938 ], [ -115.2124425, 36.2590965 ], [ -115.2124533, 36.2590965 ], [ -115.2124533, 36.2590992 ], [ -115.2124587, 36.2590992 ], [ -115.2124587, 36.2591019 ], [ -115.2124614, 36.2591019 ], [ -115.2124614, 36.2591046 ], [ -115.2124641, 36.2591046 ], [ -115.2124641, 36.2591073 ], [ -115.2124668, 36.2591073 ], [ -115.2124668, 36.25911 ], [ -115.2124722, 36.25911 ], [ -115.2124722, 36.2591127 ], [ -115.2125019, 36.2591127 ], [ -115.2125019, 36.2591154 ], [ -115.2125073, 36.2591154 ], [ -115.2125073, 36.2591181 ], [ -115.2125154, 36.2591181 ], [ -115.2125154, 36.2591208 ], [ -115.2125208, 36.2591208 ], [ -115.2125208, 36.2591235 ], [ -115.2125262, 36.2591235 ], [ -115.2125262, 36.2591262 ], [ -115.2125289, 36.2591262 ], [ -115.2125289, 36.2591289 ], [ -115.2125343, 36.2591289 ], [ -115.2125343, 36.2591316 ], [ -115.2125397, 36.2591316 ], [ -115.2125397, 36.2591343 ], [ -115.2125478, 36.2591343 ], [ -115.2125478, 36.259137 ], [ -115.2125532, 36.259137 ], [ -115.2125532, 36.2591397 ], [ -115.2125613, 36.2591397 ], [ -115.2125613, 36.2591424 ], [ -115.2125694, 36.2591424 ], [ -115.2125694, 36.2591451 ], [ -115.2125775, 36.2591451 ], [ -115.2125775, 36.2591505 ], [ -115.2125802, 36.2591505 ], [ -115.2125802, 36.2591586 ], [ -115.2125775, 36.2591586 ], [ -115.2125775, 36.259164 ], [ -115.2125748, 36.259164 ], [ -115.2125748, 36.2591694 ], [ -115.2125721, 36.2591694 ], [ -115.2125721, 36.2591748 ], [ -115.2125694, 36.2591748 ], [ -115.2125694, 36.2591829 ], [ -115.2125667, 36.2591829 ], [ -115.2125667, 36.2591883 ], [ -115.212564, 36.2591883 ], [ -115.212564, 36.259191 ], [ -115.2125613, 36.259191 ], [ -115.2125613, 36.2591964 ], [ -115.2125559, 36.2591964 ], [ -115.2125559, 36.2591991 ], [ -115.2125397, 36.2591991 ], [ -115.2125397, 36.2592018 ], [ -115.212537, 36.2592018 ], [ -115.212537, 36.2592072 ], [ -115.2125316, 36.2592072 ], [ -115.2125316, 36.2592126 ], [ -115.2125289, 36.2592126 ], [ -115.2125289, 36.2592153 ], [ -115.2125262, 36.2592153 ], [ -115.2125262, 36.2592207 ], [ -115.2125235, 36.2592207 ], [ -115.2125235, 36.2592261 ], [ -115.2125181, 36.2592261 ], [ -115.2125181, 36.2592288 ] ] ] } },
{ "type": "Feature", "properties": { "value": 255.0 }, "geometry": { "type": "Polygon", "coordinates": [ [ [ -115.2118998, 36.2591451 ], [ -115.211889, 36.2591451 ], [ -115.211889, 36.2591424 ], [ -115.2118782, 36.2591424 ], [ -115.2118782, 36.2591397 ], [ -115.2118728, 36.2591397 ], [ -115.2118728, 36.259137 ], [ -115.2118647, 36.259137 ], [ -115.2118647, 36.2591343 ], [ -115.2118566, 36.2591343 ], [ -115.2118566, 36.2591316 ], [ -115.2118485, 36.2591316 ], [ -115.2118485, 36.2591289 ], [ -115.2118404, 36.2591289 ], [ -115.2118404, 36.2591262 ], [ -115.2118323, 36.2591262 ], [ -115.2118323, 36.2591235 ], [ -115.2118269, 36.2591235 ], [ -115.2118269, 36.2591208 ], [ -115.2118188, 36.2591208 ], [ -115.2118188, 36.2591181 ], [ -115.2118107, 36.2591181 ], [ -115.2118107, 36.2591154 ], [ -115.2118026, 36.2591154 ], [ -115.2118026, 36.2591127 ], [ -115.2117945, 36.2591127 ], [ -115.2117945, 36.25911 ], [ -115.2117891, 36.25911 ], [ -115.2117891, 36.2591073 ], [ -115.2117783, 36.2591073 ], [ -115.2117783, 36.2591046 ], [ -115.2117729, 36.2591046 ], [ -115.2117729, 36.2591019 ], [ -115.2117675, 36.2591019 ], [ -115.2117675, 36.2590992 ], [ -115.2117648, 36.2590992 ], [ -115.2117648, 36.2590965 ], [ -115.2117621, 36.2590965 ], [ -115.2117621, 36.2590938 ], [ -115.2117594, 36.2590938 ], [ -115.2117594, 36.2590911 ], [ -115.211754, 36.2590911 ], [ -115.211754, 36.2590884 ], [ -115.2117513, 36.2590884 ], [ -115.2117513, 36.2590857 ], [ -115.2117432, 36.2590857 ], [ -115.2117432, 36.2590803 ], [ -115.2117459, 36.2590803 ], [ -115.2117459, 36.2590722 ], [ -115.2117486, 36.2590722 ], [ -115.2117486, 36.2590641 ], [ -115.2117513, 36.2590641 ], [ -115.2117513, 36.2590587 ], [ -115.211754, 36.2590587 ], [ -115.211754, 36.2590533 ], [ -115.2117567, 36.2590533 ], [ -115.2117567, 36.2590506 ], [ -115.2117594, 36.2590506 ], [ -115.2117594, 36.2590479 ], [ -115.2117621, 36.2590479 ], [ -115.2117621, 36.2590425 ], [ -115.2117648, 36.2590425 ], [ -115.2117648, 36.2590398 ], [ -115.2117675, 36.2590398 ], [ -115.2117675, 36.2590344 ], [ -115.2117702, 36.2590344 ], [ -115.2117702, 36.2590317 ], [ -115.2117729, 36.2590317 ], [ -115.2117729, 36.2590263 ], [ -115.2117756, 36.2590263 ], [ -115.2117756, 36.2590236 ], [ -115.2117783, 36.2590236 ], [ -115.2117783, 36.2590209 ], [ -115.211781, 36.2590209 ], [ -115.211781, 36.2590182 ], [ -115.2117837, 36.2590182 ], [ -115.2117837, 36.2590128 ], [ -115.2117864, 36.2590128 ], [ -115.2117864, 36.2590101 ], [ -115.2117891, 36.2590101 ], [ -115.2117891, 36.2590074 ], [ -115.2118242, 36.2590074 ], [ -115.2118242, 36.2590101 ], [ -115.2118323, 36.2590101 ], [ -115.2118323, 36.2590128 ], [ -115.2118377, 36.2590128 ], [ -115.2118377, 36.2590155 ], [ -115.2118431, 36.2590155 ], [ -115.2118431, 36.2590182 ], [ -115.2118485, 36.2590182 ], [ -115.2118485, 36.2590209 ], [ -115.2118566, 36.2590209 ], [ -115.2118566, 36.2590236 ], [ -115.211862, 36.2590236 ], [ -115.211862, 36.2590263 ], [ -115.2118728, 36.2590263 ], [ -115.2118728, 36.259029 ], [ -115.2118836, 36.259029 ], [ -115.2118836, 36.2590317 ], [ -115.2118944, 36.2590317 ], [ -115.2118944, 36.2590344 ], [ -115.2119025, 36.2590344 ], [ -115.2119025, 36.2590371 ], [ -115.2119106, 36.2590371 ], [ -115.2119106, 36.2590398 ], [ -115.211916, 36.2590398 ], [ -115.211916, 36.2590425 ], [ -115.2119241, 36.2590425 ], [ -115.2119241, 36.2590452 ], [ -115.2119322, 36.2590452 ], [ -115.2119322, 36.2590479 ], [ -115.211943, 36.2590479 ], [ -115.211943, 36.2590506 ], [ -115.2119538, 36.2590506 ], [ -115.2119538, 36.2590533 ], [ -115.2119619, 36.2590533 ], [ -115.2119619, 36.259056 ], [ -115.2119673, 36.259056 ], [ -115.2119673, 36.2590587 ], [ -115.2119754, 36.2590587 ], [ -115.2119754, 36.2590614 ], [ -115.2119835, 36.2590614 ], [ -115.2119835, 36.2590641 ], [ -115.2119889, 36.2590641 ], [ -115.2119889, 36.2590668 ], [ -115.211997, 36.2590668 ], [ -115.211997, 36.2590695 ], [ -115.2120024, 36.2590695 ], [ -115.2120024, 36.2590722 ], [ -115.2120078, 36.2590722 ], [ -115.2120078, 36.2590749 ], [ -115.2120105, 36.2590749 ], [ -115.2120105, 36.2590776 ], [ -115.2120159, 36.2590776 ], [ -115.2120159, 36.2590911 ], [ -115.2120132, 36.2590911 ], [ -115.2120132, 36.2590965 ], [ -115.2120105, 36.2590965 ], [ -115.2120105, 36.2591046 ], [ -115.2120078, 36.2591046 ], [ -115.2120078, 36.25911 ], [ -115.2120051, 36.25911 ], [ -115.2120051, 36.2591181 ], [ -115.2120024, 36.2591181 ], [ -115.2120024, 36.2591235 ], [ -115.2119997, 36.2591235 ], [ -115.2119997, 36.2591289 ], [ -115.211997, 36.2591289 ], [ -115.211997, 36.2591316 ], [ -115.2119808, 36.2591316 ], [ -115.2119808, 36.2591289 ], [ -115.2119727, 36.2591289 ], [ -115.2119727, 36.2591262 ], [ -115.2119646, 36.2591262 ], [ -115.2119646, 36.2591235 ], [ -115.2119565, 36.2591235 ], [ -115.2119565, 36.2591208 ], [ -115.2119484, 36.2591208 ], [ -115.2119484, 36.2591181 ], [ -115.2119403, 36.2591181 ], [ -115.2119403, 36.2591208 ], [ -115.2119349, 36.2591208 ], [ -115.2119349, 36.2591235 ], [ -115.2119322, 36.2591235 ], [ -115.2119322, 36.2591262 ], [ -115.2119268, 36.2591262 ], [ -115.2119268, 36.2591289 ], [ -115.2119133, 36.2591289 ], [ -115.2119133, 36.2591316 ], [ -115.2119106, 36.2591316 ], [ -115.2119106, 36.2591343 ], [ -115.2119052, 36.2591343 ], [ -115.2119052, 36.2591397 ], [ -115.2119025, 36.2591397 ], [ -115.2119025, 36.2591424 ], [ -115.2118998, 36.2591424 ], [ -115.2118998, 36.2591451 ] ] ] } },
{ "type": "Feature", "properties": { "value": 255.0 }, "geometry": { "type": "Polygon", "coordinates": [ [ [ -115.2116082, 36.2591478 ], [ -115.211592, 36.2591478 ], [ -115.211592, 36.2591451 ], [ -115.2115866, 36.2591451 ], [ -115.2115866, 36.2591424 ], [ -115.2115812, 36.2591424 ], [ -115.2115812, 36.2591397 ], [ -115.2115731, 36.2591397 ], [ -115.2115731, 36.259137 ], [ -115.2115677, 36.259137 ], [ -115.2115677, 36.2591343 ], [ -115.2115623, 36.2591343 ], [ -115.2115623, 36.2591316 ], [ -115.2115569, 36.2591316 ], [ -115.2115569, 36.2591289 ], [ -115.2115515, 36.2591289 ], [ -115.2115515, 36.2591262 ], [ -115.2115434, 36.2591262 ], [ -115.2115434, 36.2591235 ], [ -115.211538, 36.2591235 ], [ -115.211538, 36.2591208 ], [ -115.2115326, 36.2591208 ], [ -115.2115326, 36.2591181 ], [ -115.2115245, 36.2591181 ], [ -115.2115245, 36.2591154 ], [ -115.2115191, 36.2591154 ], [ -115.2115191, 36.2591127 ], [ -115.211511, 36.2591127 ], [ -115.211511, 36.25911 ], [ -115.2115056, 36.25911 ], [ -115.2115056, 36.2591073 ], [ -115.2115002, 36.2591073 ], [ -115.2115002, 36.2591046 ], [ -115.2114921, 36.2591046 ], [ -115.2114921, 36.2591019 ], [ -115.2114867, 36.2591019 ], [ -115.2114867, 36.2590992 ], [ -115.2114786, 36.2590992 ], [ -115.2114786, 36.2590965 ], [ -115.2114732, 36.2590965 ], [ -115.2114732, 36.2590938 ], [ -115.2114678, 36.2590938 ], [ -115.2114678, 36.2590911 ], [ -115.2114597, 36.2590911 ], [ -115.2114597, 36.2590884 ], [ -115.2114543, 36.2590884 ], [ -115.2114543, 36.2590857 ], [ -115.2114489, 36.2590857 ], [ -115.2114489, 36.259083 ], [ -115.2114435, 36.259083 ], [ -115.2114435, 36.2590803 ], [ -115.2114381, 36.2590803 ], [ -115.2114381, 36.2590776 ], [ -115.21143, 36.2590776 ], [ -115.21143, 36.2590749 ], [ -115.2114246, 36.2590749 ], [ -115.2114246, 36.2590722 ], [ -115.2114165, 36.2590722 ], [ -115.2114165, 36.2590695 ], [ -115.2114111, 36.2590695 ], [ -115.2114111, 36.2590668 ], [ -115.2114084, 36.2590668 ], [ -115.2114084, 36.2590641 ], [ -115.2114057, 36.2590641 ], [ -115.2114057, 36.2590587 ], [ -115.2114084, 36.2590587 ], [ -115.2114084, 36.259056 ], [ -115.2114111, 36.259056 ], [ -115.2114111, 36.2590533 ], [ -115.2114138, 36.2590533 ], [ -115.2114138, 36.2590479 ], [ -115.2114165, 36.2590479 ], [ -115.2114165, 36.2590452 ], [ -115.2114192, 36.2590452 ], [ -115.2114192, 36.2590425 ], [ -115.2114219, 36.2590425 ], [ -115.2114219, 36.2590371 ], [ -115.2114246, 36.2590371 ], [ -115.2114246, 36.2590344 ], [ -115.2114273, 36.2590344 ], [ -115.2114273, 36.2590317 ], [ -115.21143, 36.2590317 ], [ -115.21143, 36.259029 ], [ -115.2114327, 36.259029 ], [ -115.2114327, 36.2590236 ], [ -115.2114354, 36.2590236 ], [ -115.2114354, 36.2590182 ], [ -115.2114381, 36.2590182 ], [ -115.2114381, 36.2590128 ], [ -115.2114462, 36.2590128 ], [ -115.2114462, 36.2590101 ], [ -115.2114516, 36.2590101 ], [ -115.2114516, 36.2590074 ], [ -115.211457, 36.2590074 ], [ -115.211457, 36.2590047 ], [ -115.2114597, 36.2590047 ], [ -115.2114597, 36.259002 ], [ -115.2114651, 36.259002 ], [ -115.2114651, 36.2589966 ], [ -115.2114678, 36.2589966 ], [ -115.2114678, 36.2589912 ], [ -115.2114705, 36.2589912 ], [ -115.2114705, 36.2589885 ], [ -115.2114759, 36.2589885 ], [ -115.2114759, 36.2589858 ], [ -115.2114867, 36.2589858 ], [ -115.2114867, 36.2589885 ], [ -115.2114948, 36.2589885 ], [ -115.2114948, 36.2589912 ], [ -115.2115002, 36.2589912 ], [ -115.2115002, 36.2589939 ], [ -115.2115083, 36.2589939 ], [ -115.2115083, 36.2589966 ], [ -115.2115164, 36.2589966 ], [ -115.2115164, 36.2589993 ], [ -115.2115245, 36.2589993 ], [ -115.2115245, 36.259002 ], [ -115.2115299, 36.259002 ], [ -115.2115299, 36.2590047 ], [ -115.211538, 36.2590047 ], [ -115.211538, 36.2590074 ], [ -115.2115434, 36.2590074 ], [ -115.2115434, 36.2590101 ], [ -115.2115515, 36.2590101 ], [ -115.2115515, 36.2590128 ], [ -115.2115569, 36.2590128 ], [ -115.2115569, 36.2590155 ], [ -115.2115623, 36.2590155 ], [ -115.2115623, 36.2590182 ], [ -115.2115677, 36.2590182 ], [ -115.2115677, 36.2590209 ], [ -115.2115758, 36.2590209 ], [ -115.2115758, 36.2590236 ], [ -115.2115812, 36.2590236 ], [ -115.2115812, 36.2590263 ], [ -115.2115866, 36.2590263 ], [ -115.2115866, 36.259029 ], [ -115.2115947, 36.259029 ], [ -115.2115947, 36.2590317 ], [ -115.2116001, 36.2590317 ], [ -115.2116001, 36.2590344 ], [ -115.2116055, 36.2590344 ], [ -115.2116055, 36.2590371 ], [ -115.2116136, 36.2590371 ], [ -115.2116136, 36.2590398 ], [ -115.211619, 36.2590398 ], [ -115.211619, 36.2590425 ], [ -115.2116271, 36.2590425 ], [ -115.2116271, 36.2590452 ], [ -115.2116325, 36.2590452 ], [ -115.2116325, 36.2590479 ], [ -115.2116379, 36.2590479 ], [ -115.2116379, 36.2590506 ], [ -115.2116433, 36.2590506 ], [ -115.2116433, 36.2590533 ], [ -115.2116487, 36.2590533 ], [ -115.2116487, 36.259056 ], [ -115.2116568, 36.259056 ], [ -115.2116568, 36.2590587 ], [ -115.2116595, 36.2590587 ], [ -115.2116595, 36.2590614 ], [ -115.2116622, 36.2590614 ], [ -115.2116622, 36.2590641 ], [ -115.2116649, 36.2590641 ], [ -115.2116649, 36.2590668 ], [ -115.2116676, 36.2590668 ], [ -115.2116676, 36.2590695 ], [ -115.2116703, 36.2590695 ], [ -115.2116703, 36.2590722 ], [ -115.211673, 36.2590722 ], [ -115.211673, 36.2590749 ], [ -115.2116757, 36.2590749 ], [ -115.2116757, 36.2590884 ], [ -115.211673, 36.2590884 ], [ -115.211673, 36.2590938 ], [ -115.2116703, 36.2590938 ], [ -115.2116703, 36.2590965 ], [ -115.2116676, 36.2590965 ], [ -115.2116676, 36.2591019 ], [ -115.2116649, 36.2591019 ], [ -115.2116649, 36.2591046 ], [ -115.2116622, 36.2591046 ], [ -115.2116622, 36.25911 ], [ -115.2116595, 36.25911 ], [ -115.2116595, 36.2591127 ], [ -115.2116568, 36.2591127 ], [ -115.2116568, 36.2591154 ], [ -115.2116541, 36.2591154 ], [ -115.2116541, 36.2591208 ], [ -115.2116514, 36.2591208 ], [ -115.2116514, 36.2591235 ], [ -115.2116487, 36.2591235 ], [ -115.2116487, 36.2591262 ], [ -115.211646, 36.2591262 ], [ -115.211646, 36.2591289 ], [ -115.2116433, 36.2591289 ], [ -115.2116433, 36.2591316 ], [ -115.2116379, 36.2591316 ], [ -115.2116379, 36.2591343 ], [ -115.2116217, 36.2591343 ], [ -115.2116217, 36.259137 ], [ -115.2116163, 36.259137 ], [ -115.2116163, 36.2591397 ], [ -115.2116136, 36.2591397 ], [ -115.2116136, 36.2591424 ], [ -115.2116109, 36.2591424 ], [ -115.2116109, 36.2591451 ], [ -115.2116082, 36.2591451 ], [ -115.2116082, 36.2591478 ] ] ] } },
{ "type": "Feature", "properties": { "value": 255.0 }, "geometry": { "type": "Polygon", "coordinates": [ [ [ -115.2117081, 36.2590506 ], [ -115.2116946, 36.2590506 ], [ -115.2116946, 36.2590479 ], [ -115.2116892, 36.2590479 ], [ -115.2116892, 36.2590452 ], [ -115.2116838, 36.2590452 ], [ -115.2116838, 36.2590425 ], [ -115.2116784, 36.2590425 ], [ -115.2116784, 36.2590398 ], [ -115.2116703, 36.2590398 ], [ -115.2116703, 36.2590371 ], [ -115.2116622, 36.2590371 ], [ -115.2116622, 36.2590344 ], [ -115.2116568, 36.2590344 ], [ -115.2116568, 36.2590317 ], [ -115.2116514, 36.2590317 ], [ -115.2116514, 36.259029 ], [ -115.2116487, 36.259029 ], [ -115.2116487, 36.2590263 ], [ -115.2116406, 36.2590263 ], [ -115.2116406, 36.2590236 ], [ -115.2116298, 36.2590236 ], [ -115.2116298, 36.2590209 ], [ -115.2116244, 36.2590209 ], [ -115.2116244, 36.2590182 ], [ -115.211619, 36.2590182 ], [ -115.211619, 36.2590155 ], [ -115.2116136, 36.2590155 ], [ -115.2116136, 36.2590128 ], [ -115.2116082, 36.2590128 ], [ -115.2116082, 36.2590101 ], [ -115.2116001, 36.2590101 ], [ -115.2116001, 36.2590074 ], [ -115.2115947, 36.2590074 ], [ -115.2115947, 36.2590047 ], [ -115.2115893, 36.2590047 ], [ -115.2115893, 36.259002 ], [ -115.2115812, 36.259002 ], [ -115.2115812, 36.2589993 ], [ -115.2115758, 36.2589993 ], [ -115.2115758, 36.2589966 ], [ -115.2115704, 36.2589966 ], [ -115.2115704, 36.2589939 ], [ -115.211565, 36.2589939 ], [ -115.211565, 36.2589912 ], [ -115.2115569, 36.2589912 ], [ -115.2115569, 36.2589885 ], [ -115.2115515, 36.2589885 ], [ -115.2115515, 36.2589858 ], [ -115.2115461, 36.2589858 ], [ -115.2115461, 36.2589831 ], [ -115.2115407, 36.2589831 ], [ -115.2115407, 36.2589804 ], [ -115.2115326, 36.2589804 ], [ -115.2115326, 36.2589777 ], [ -115.2115272, 36.2589777 ], [ -115.2115272, 36.258975 ], [ -115.2115218, 36.258975 ], [ -115.2115218, 36.2589723 ], [ -115.2115164, 36.2589723 ], [ -115.2115164, 36.2589696 ], [ -115.2115083, 36.2589696 ], [ -115.2115083, 36.2589669 ], [ -115.2115002, 36.2589669 ], [ -115.2115002, 36.2589642 ], [ -115.2114921, 36.2589642 ], [ -115.2114921, 36.2589615 ], [ -115.2114894, 36.2589615 ], [ -115.2114894, 36.2589588 ], [ -115.2114867, 36.2589588 ], [ -115.2114867, 36.2589534 ], [ -115.211484, 36.2589534 ], [ -115.211484, 36.2589264 ], [ -115.2114867, 36.2589264 ], [ -115.2114867, 36.2589237 ], [ -115.2114894, 36.2589237 ], [ -115.2114894, 36.2589183 ], [ -115.2114921, 36.2589183 ], [ -115.2114921, 36.2589156 ], [ -115.2114948, 36.2589156 ], [ -115.2114948, 36.2589129 ], [ -115.2114975, 36.2589129 ], [ -115.2114975, 36.2589102 ], [ -115.2115029, 36.2589102 ], [ -115.2115029, 36.2589075 ], [ -115.2115083, 36.2589075 ], [ -115.2115083, 36.2589048 ], [ -115.2115434, 36.2589048 ], [ -115.2115434, 36.2589075 ], [ -115.2115488, 36.2589075 ], [ -115.2115488, 36.2589048 ], [ -115.2115596, 36.2589048 ], [ -115.2115596, 36.2589075 ], [ -115.2115812, 36.2589075 ], [ -115.2115812, 36.2589048 ], [ -115.2115866, 36.2589048 ], [ -115.2115866, 36.2589021 ], [ -115.2115947, 36.2589021 ], [ -115.2115947, 36.2588994 ], [ -115.2116136, 36.2588994 ], [ -115.2116136, 36.2589021 ], [ -115.211619, 36.2589021 ], [ -115.211619, 36.2589048 ], [ -115.2116271, 36.2589048 ], [ -115.2116271, 36.2589075 ], [ -115.2116325, 36.2589075 ], [ -115.2116325, 36.2589102 ], [ -115.2116406, 36.2589102 ], [ -115.2116406, 36.2589129 ], [ -115.2116487, 36.2589129 ], [ -115.2116487, 36.2589156 ], [ -115.2116541, 36.2589156 ], [ -115.2116541, 36.2589183 ], [ -115.2116595, 36.2589183 ], [ -115.2116595, 36.258921 ], [ -115.2116676, 36.258921 ], [ -115.2116676, 36.2589237 ], [ -115.2116757, 36.2589237 ], [ -115.2116757, 36.2589264 ], [ -115.2116811, 36.2589264 ], [ -115.2116811, 36.2589291 ], [ -115.2116892, 36.2589291 ], [ -115.2116892, 36.2589318 ], [ -115.2116946, 36.2589318 ], [ -115.2116946, 36.2589345 ], [ -115.2117, 36.2589345 ], [ -115.2117, 36.2589372 ], [ -115.2117054, 36.2589372 ], [ -115.2117054, 36.2589399 ], [ -115.2117108, 36.2589399 ], [ -115.2117108, 36.2589426 ], [ -115.2117162, 36.2589426 ], [ -115.2117162, 36.2589453 ], [ -115.2117243, 36.2589453 ], [ -115.2117243, 36.258948 ], [ -115.211727, 36.258948 ], [ -115.211727, 36.2589507 ], [ -115.2117297, 36.2589507 ], [ -115.2117297, 36.2589534 ], [ -115.2117324, 36.2589534 ], [ -115.2117324, 36.2589615 ], [ -115.2117297, 36.2589615 ], [ -115.2117297, 36.2589642 ], [ -115.211727, 36.2589642 ], [ -115.211727, 36.2589696 ], [ -115.2117243, 36.2589696 ], [ -115.2117243, 36.2589723 ], [ -115.2117216, 36.2589723 ], [ -115.2117216, 36.2589804 ], [ -115.2117243, 36.2589804 ], [ -115.2117243, 36.2589831 ], [ -115.2117216, 36.2589831 ], [ -115.2117216, 36.2589885 ], [ -115.2117243, 36.2589885 ], [ -115.2117243, 36.2589912 ], [ -115.211727, 36.2589912 ], [ -115.211727, 36.2589939 ], [ -115.2117297, 36.2589939 ], [ -115.2117297, 36.2589966 ], [ -115.2117324, 36.2589966 ], [ -115.2117324, 36.2589993 ], [ -115.2117351, 36.2589993 ], [ -115.2117351, 36.2590101 ], [ -115.2117324, 36.2590101 ], [ -115.2117324, 36.2590182 ], [ -115.2117297, 36.2590182 ], [ -115.2117297, 36.2590209 ], [ -115.211727, 36.2590209 ], [ -115.211727, 36.2590263 ], [ -115.2117243, 36.2590263 ], [ -115.2117243, 36.259029 ], [ -115.2117216, 36.259029 ], [ -115.2117216, 36.2590317 ], [ -115.2117189, 36.2590317 ], [ -115.2117189, 36.2590344 ], [ -115.2117162, 36.2590344 ], [ -115.2117162, 36.2590398 ], [ -115.2117135, 36.2590398 ], [ -115.2117135, 36.2590425 ], [ -115.2117108, 36.2590425 ], [ -115.2117108, 36.2590479 ], [ -115.2117081, 36.2590479 ], [ -115.2117081, 36.2590506 ] ] ] } },
{ "type": "Feature", "properties": { "value": 255.0 }, "geometry": { "type": "Polygon", "coordinates": [ [ [ -115.2120429, 36.2590452 ], [ -115.2120294, 36.2590452 ], [ -115.2120294, 36.2590425 ], [ -115.212024, 36.2590425 ], [ -115.212024, 36.2590398 ], [ -115.2120186, 36.2590398 ], [ -115.2120186, 36.2590371 ], [ -115.2120105, 36.2590371 ], [ -115.2120105, 36.2590344 ], [ -115.2120051, 36.2590344 ], [ -115.2120051, 36.2590317 ], [ -115.2119997, 36.2590317 ], [ -115.2119997, 36.259029 ], [ -115.2119943, 36.259029 ], [ -115.2119943, 36.2590263 ], [ -115.2119862, 36.2590263 ], [ -115.2119862, 36.2590236 ], [ -115.2119808, 36.2590236 ], [ -115.2119808, 36.2590209 ], [ -115.2119754, 36.2590209 ], [ -115.2119754, 36.2590182 ], [ -115.2119673, 36.2590182 ], [ -115.2119673, 36.2590155 ], [ -115.2119592, 36.2590155 ], [ -115.2119592, 36.2590128 ], [ -115.2119538, 36.2590128 ], [ -115.2119538, 36.2590101 ], [ -115.2119457, 36.2590101 ], [ -115.2119457, 36.2590074 ], [ -115.2119376, 36.2590074 ], [ -115.2119376, 36.2590047 ], [ -115.2119268, 36.2590047 ], [ -115.2119268, 36.259002 ], [ -115.2119187, 36.259002 ], [ -115.2119187, 36.2589993 ], [ -115.2119133, 36.2589993 ], [ -115.2119133, 36.2589966 ], [ -115.2119052, 36.2589966 ], [ -115.2119052, 36.2589939 ], [ -115.2118998, 36.2589939 ], [ -115.2118998, 36.2589912 ], [ -115.2118944, 36.2589912 ], [ -115.2118944, 36.2589885 ], [ -115.2118863, 36.2589885 ], [ -115.2118863, 36.2589858 ], [ -115.2118809, 36.2589858 ], [ -115.2118809, 36.2589831 ], [ -115.2118755, 36.2589831 ], [ -115.2118755, 36.2589804 ], [ -115.2118674, 36.2589804 ], [ -115.2118674, 36.2589777 ], [ -115.2118593, 36.2589777 ], [ -115.2118593, 36.258975 ], [ -115.2118512, 36.258975 ], [ -115.2118512, 36.2589723 ], [ -115.2118458, 36.2589723 ], [ -115.2118458, 36.2589696 ], [ -115.2118404, 36.2589696 ], [ -115.2118404, 36.2589669 ], [ -115.2118377, 36.2589669 ], [ -115.2118377, 36.2589642 ], [ -115.211835, 36.2589642 ], [ -115.211835, 36.2589534 ], [ -115.2118377, 36.2589534 ], [ -115.2118377, 36.258948 ], [ -115.2118404, 36.258948 ], [ -115.2118404, 36.2589426 ], [ -115.2118431, 36.2589426 ], [ -115.2118431, 36.2589399 ], [ -115.2118458, 36.2589399 ], [ -115.2118458, 36.2589372 ], [ -115.2118485, 36.2589372 ], [ -115.2118485, 36.2589318 ], [ -115.2118512, 36.2589318 ], [ -115.2118512, 36.2589291 ], [ -115.2118539, 36.2589291 ], [ -115.2118539, 36.2589264 ], [ -115.2118566, 36.2589264 ], [ -115.2118566, 36.2589237 ], [ -115.2118593, 36.2589237 ], [ -115.2118593, 36.2589183 ], [ -115.211862, 36.2589183 ], [ -115.211862, 36.2589156 ], [ -115.2118647, 36.2589156 ], [ -115.2118647, 36.2589102 ], [ -115.2118674, 36.2589102 ], [ -115.2118674, 36.2589075 ], [ -115.2118701, 36.2589075 ], [ -115.2118701, 36.2589048 ], [ -115.2118728, 36.2589048 ], [ -115.2118728, 36.2589021 ], [ -115.2118755, 36.2589021 ], [ -115.2118755, 36.2588994 ], [ -115.2118782, 36.2588994 ], [ -115.2118782, 36.2588967 ], [ -115.2118809, 36.2588967 ], [ -115.2118809, 36.2588913 ], [ -115.2118836, 36.2588913 ], [ -115.2118836, 36.2588859 ], [ -115.2118863, 36.2588859 ], [ -115.2118863, 36.2588832 ], [ -115.211889, 36.2588832 ], [ -115.211889, 36.2588805 ], [ -115.2119133, 36.2588805 ], [ -115.2119133, 36.2588832 ], [ -115.2119187, 36.2588832 ], [ -115.2119187, 36.2588859 ], [ -115.2119241, 36.2588859 ], [ -115.2119241, 36.2588886 ], [ -115.2119268, 36.2588886 ], [ -115.2119268, 36.2588913 ], [ -115.2119322, 36.2588913 ], [ -115.2119322, 36.258894 ], [ -115.2119376, 36.258894 ], [ -115.2119376, 36.2588967 ], [ -115.211943, 36.2588967 ], [ -115.211943, 36.2588994 ], [ -115.2119457, 36.2588994 ], [ -115.2119457, 36.2589021 ], [ -115.2119511, 36.2589021 ], [ -115.2119511, 36.2589048 ], [ -115.2119565, 36.2589048 ], [ -115.2119565, 36.2589075 ], [ -115.2119646, 36.2589075 ], [ -115.2119646, 36.2589102 ], [ -115.2119727, 36.2589102 ], [ -115.2119727, 36.2589129 ], [ -115.2119808, 36.2589129 ], [ -115.2119808, 36.2589156 ], [ -115.2119889, 36.2589156 ], [ -115.2119889, 36.2589183 ], [ -115.2119997, 36.2589183 ], [ -115.2119997, 36.258921 ], [ -115.2120078, 36.258921 ], [ -115.2120078, 36.2589237 ], [ -115.2120132, 36.2589237 ], [ -115.2120132, 36.2589264 ], [ -115.2120213, 36.2589264 ], [ -115.2120213, 36.2589291 ], [ -115.2120267, 36.2589291 ], [ -115.2120267, 36.2589318 ], [ -115.2120321, 36.2589318 ], [ -115.2120321, 36.2589345 ], [ -115.2120348, 36.2589345 ], [ -115.2120348, 36.2589453 ], [ -115.2120321, 36.2589453 ], [ -115.2120321, 36.2589507 ], [ -115.2120294, 36.2589507 ], [ -115.2120294, 36.2589561 ], [ -115.2120267, 36.2589561 ], [ -115.2120267, 36.2589588 ], [ -115.212024, 36.2589588 ], [ -115.212024, 36.2589723 ], [ -115.2120294, 36.2589723 ], [ -115.2120294, 36.258975 ], [ -115.2120348, 36.258975 ], [ -115.2120348, 36.2589777 ], [ -115.2120402, 36.2589777 ], [ -115.2120402, 36.2589804 ], [ -115.2120483, 36.2589804 ], [ -115.2120483, 36.2589831 ], [ -115.2120537, 36.2589831 ], [ -115.2120537, 36.2589858 ], [ -115.2120618, 36.2589858 ], [ -115.2120618, 36.2589885 ], [ -115.2120645, 36.2589885 ], [ -115.2120645, 36.2589939 ], [ -115.2120672, 36.2589939 ], [ -115.2120672, 36.2590047 ], [ -115.2120645, 36.2590047 ], [ -115.2120645, 36.2590101 ], [ -115.2120618, 36.2590101 ], [ -115.2120618, 36.2590155 ], [ -115.2120591, 36.2590155 ], [ -115.2120591, 36.2590236 ], [ -115.2120564, 36.2590236 ], [ -115.2120564, 36.259029 ], [ -115.2120537, 36.259029 ], [ -115.2120537, 36.2590344 ], [ -115.212051, 36.2590344 ], [ -115.212051, 36.2590398 ], [ -115.2120483, 36.2590398 ], [ -115.2120483, 36.2590425 ], [ -115.2120429, 36.2590425 ], [ -115.2120429, 36.2590452 ] ] ] } },
{ "type": "Feature", "properties": { "value": 255.0 }, "geometry": { "type": "Polygon", "coordinates": [ [ [ -115.2127476, 36.2589561 ], [ -115.2127422, 36.2589561 ], [ -115.2127422, 36.2589534 ], [ -115.2127341, 36.2589534 ], [ -115.2127341, 36.2589507 ], [ -115.212726, 36.2589507 ], [ -115.212726, 36.258948 ], [ -115.2127206, 36.258948 ], [ -115.2127206, 36.2589453 ], [ -115.2127125, 36.2589453 ], [ -115.2127125, 36.2589426 ], [ -115.2127071, 36.2589426 ], [ -115.2127071, 36.258921 ], [ -115.2127044, 36.258921 ], [ -115.2127044, 36.2589183 ], [ -115.212699, 36.2589183 ], [ -115.212699, 36.2589156 ], [ -115.2126909, 36.2589156 ], [ -115.2126909, 36.2589129 ], [ -115.2126882, 36.2589129 ], [ -115.2126882, 36.258894 ], [ -115.2126909, 36.258894 ], [ -115.2126909, 36.2588886 ], [ -115.2126936, 36.2588886 ], [ -115.2126936, 36.2588859 ], [ -115.2126963, 36.2588859 ], [ -115.2126963, 36.2588832 ], [ -115.212699, 36.2588832 ], [ -115.212699, 36.2588805 ], [ -115.2127017, 36.2588805 ], [ -115.2127017, 36.2588778 ], [ -115.2127044, 36.2588778 ], [ -115.2127044, 36.2588724 ], [ -115.2127071, 36.2588724 ], [ -115.2127071, 36.258867 ], [ -115.2127098, 36.258867 ], [ -115.2127098, 36.2588643 ], [ -115.2127125, 36.2588643 ], [ -115.2127125, 36.2588589 ], [ -115.2127152, 36.2588589 ], [ -115.2127152, 36.2588535 ], [ -115.2127179, 36.2588535 ], [ -115.2127179, 36.2588481 ], [ -115.2127206, 36.2588481 ], [ -115.2127206, 36.2588454 ], [ -115.2127233, 36.2588454 ], [ -115.2127233, 36.25884 ], [ -115.212726, 36.25884 ], [ -115.212726, 36.2588346 ], [ -115.2127287, 36.2588346 ], [ -115.2127287, 36.2588292 ], [ -115.2127314, 36.2588292 ], [ -115.2127314, 36.2588238 ], [ -115.2127341, 36.2588238 ], [ -115.2127341, 36.2588211 ], [ -115.2127368, 36.2588211 ], [ -115.2127368, 36.2588157 ], [ -115.2127395, 36.2588157 ], [ -115.2127395, 36.2588103 ], [ -115.2127422, 36.2588103 ], [ -115.2127422, 36.2588076 ], [ -115.2127449, 36.2588076 ], [ -115.2127449, 36.2588049 ], [ -115.2127476, 36.2588049 ], [ -115.2127476, 36.2589561 ] ] ] } },
{ "type": "Feature", "properties": { "value": 255.0 }, "geometry": { "type": "Polygon", "coordinates": [ [ [ -115.2111222, 36.2589237 ], [ -115.2111141, 36.2589237 ], [ -115.2111141, 36.258921 ], [ -115.2111087, 36.258921 ], [ -115.2111087, 36.2589183 ], [ -115.2111033, 36.2589183 ], [ -115.2111033, 36.2589156 ], [ -115.2110979, 36.2589156 ], [ -115.2110979, 36.2589129 ], [ -115.2110925, 36.2589129 ], [ -115.2110925, 36.2589102 ], [ -115.2110898, 36.2589102 ], [ -115.2110898, 36.2589075 ], [ -115.2110844, 36.2589075 ], [ -115.2110844, 36.2589048 ], [ -115.2110817, 36.2589048 ], [ -115.2110817, 36.2589021 ], [ -115.211079, 36.2589021 ], [ -115.211079, 36.2588994 ], [ -115.2110736, 36.2588994 ], [ -115.2110736, 36.2588967 ], [ -115.2110709, 36.2588967 ], [ -115.2110709, 36.2588913 ], [ -115.2110628, 36.2588913 ], [ -115.2110628, 36.258894 ], [ -115.2110547, 36.258894 ], [ -115.2110547, 36.2588967 ], [ -115.2110493, 36.2588967 ], [ -115.2110493, 36.2588994 ], [ -115.2110466, 36.2588994 ], [ -115.2110466, 36.2589021 ], [ -115.2110412, 36.2589021 ], [ -115.2110412, 36.2589048 ], [ -115.2110385, 36.2589048 ], [ -115.2110385, 36.2589075 ], [ -115.2110358, 36.2589075 ], [ -115.2110358, 36.2589102 ], [ -115.2110331, 36.2589102 ], [ -115.2110331, 36.2589129 ], [ -115.2110277, 36.2589129 ], [ -115.2110277, 36.2589156 ], [ -115.2110142, 36.2589156 ], [ -115.2110142, 36.2589129 ], [ -115.2110115, 36.2589129 ], [ -115.2110115, 36.2589102 ], [ -115.2110061, 36.2589102 ], [ -115.2110061, 36.2589075 ], [ -115.2110034, 36.2589075 ], [ -115.2110034, 36.2589048 ], [ -115.210998, 36.2589048 ], [ -115.210998, 36.2589021 ], [ -115.2109953, 36.2589021 ], [ -115.2109953, 36.2588994 ], [ -115.2109926, 36.2588994 ], [ -115.2109926, 36.258786 ], [ -115.2110088, 36.258786 ], [ -115.2110088, 36.2587887 ], [ -115.2110223, 36.2587887 ], [ -115.2110223, 36.2587914 ], [ -115.2110277, 36.2587914 ], [ -115.2110277, 36.2587941 ], [ -115.2110304, 36.2587941 ], [ -115.2110304, 36.2587968 ], [ -115.2110358, 36.2587968 ], [ -115.2110358, 36.2587995 ], [ -115.2110385, 36.2587995 ], [ -115.2110385, 36.2588022 ], [ -115.2110439, 36.2588022 ], [ -115.2110439, 36.2588049 ], [ -115.2110493, 36.2588049 ], [ -115.2110493, 36.2588076 ], [ -115.211052, 36.2588076 ], [ -115.211052, 36.2588103 ], [ -115.2110574, 36.2588103 ], [ -115.2110574, 36.258813 ], [ -115.2110601, 36.258813 ], [ -115.2110601, 36.2588157 ], [ -115.2110655, 36.2588157 ], [ -115.2110655, 36.2588184 ], [ -115.2110682, 36.2588184 ], [ -115.2110682, 36.2588211 ], [ -115.2110736, 36.2588211 ], [ -115.2110736, 36.2588238 ], [ -115.2110763, 36.2588238 ], [ -115.2110763, 36.2588265 ], [ -115.2110817, 36.2588265 ], [ -115.2110817, 36.2588292 ], [ -115.2110844, 36.2588292 ], [ -115.2110844, 36.2588319 ], [ -115.2110898, 36.2588319 ], [ -115.2110898, 36.2588346 ], [ -115.2110952, 36.2588346 ], [ -115.2110952, 36.2588373 ], [ -115.2110979, 36.2588373 ], [ -115.2110979, 36.25884 ], [ -115.2111033, 36.25884 ], [ -115.2111033, 36.2588427 ], [ -115.2111087, 36.2588427 ], [ -115.2111087, 36.2588454 ], [ -115.2111114, 36.2588454 ], [ -115.2111114, 36.2588481 ], [ -115.2111168, 36.2588481 ], [ -115.2111168, 36.2588508 ], [ -115.2111195, 36.2588508 ], [ -115.2111195, 36.2588535 ], [ -115.2111222, 36.2588535 ], [ -115.2111222, 36.2588562 ], [ -115.2111249, 36.2588562 ], [ -115.2111249, 36.2588589 ], [ -115.2111303, 36.2588589 ], [ -115.2111303, 36.2588616 ], [ -115.211133, 36.2588616 ], [ -115.211133, 36.2588643 ], [ -115.2111384, 36.2588643 ], [ -115.2111384, 36.258867 ], [ -115.2111411, 36.258867 ], [ -115.2111411, 36.2588697 ], [ -115.2111465, 36.2588697 ], [ -115.2111465, 36.2588724 ], [ -115.2111492, 36.2588724 ], [ -115.2111492, 36.2588751 ], [ -115.2111519, 36.2588751 ], [ -115.2111519, 36.2588778 ], [ -115.2111573, 36.2588778 ], [ -115.2111573, 36.2588805 ], [ -115.21116, 36.2588805 ], [ -115.21116, 36.2588886 ], [ -115.2111573, 36.2588886 ], [ -115.2111573, 36.2588913 ], [ -115.2111519, 36.2588913 ], [ -115.2111519, 36.258894 ], [ -115.2111492, 36.258894 ], [ -115.2111492, 36.2588967 ], [ -115.2111465, 36.2588967 ], [ -115.2111465, 36.2588994 ], [ -115.2111438, 36.2588994 ], [ -115.2111438, 36.2589021 ], [ -115.2111411, 36.2589021 ], [ -115.2111411, 36.2589048 ], [ -115.2111384, 36.2589048 ], [ -115.2111384, 36.2589075 ], [ -115.2111357, 36.2589075 ], [ -115.2111357, 36.2589102 ], [ -115.211133, 36.2589102 ], [ -115.211133, 36.2589156 ], [ -115.2111303, 36.2589156 ], [ -115.2111303, 36.2589183 ], [ -115.2111276, 36.2589183 ], [ -115.2111276, 36.258921 ], [ -115.2111222, 36.258921 ], [ -115.2111222, 36.2589237 ] ] ] } },
{ "type": "Feature", "properties": { "value": 255.0 }, "geometry": { "type": "Polygon", "coordinates": [ [ [ -115.211754, 36.2589264 ], [ -115.2117405, 36.2589264 ], [ -115.2117405, 36.2589237 ], [ -115.2117324, 36.2589237 ], [ -115.2117324, 36.258921 ], [ -115.2117243, 36.258921 ], [ -115.2117243, 36.2589183 ], [ -115.2117189, 36.2589183 ], [ -115.2117189, 36.2589156 ], [ -115.2117135, 36.2589156 ], [ -115.2117135, 36.2589129 ], [ -115.2117081, 36.2589129 ], [ -115.2117081, 36.2589102 ], [ -115.2117027, 36.2589102 ], [ -115.2117027, 36.2589075 ], [ -115.2116946, 36.2589075 ], [ -115.2116946, 36.2589048 ], [ -115.2116892, 36.2589048 ], [ -115.2116892, 36.2589021 ], [ -115.2116811, 36.2589021 ], [ -115.2116811, 36.2588994 ], [ -115.2116757, 36.2588994 ], [ -115.2116757, 36.2588967 ], [ -115.2116676, 36.2588967 ], [ -115.2116676, 36.258894 ], [ -115.2116595, 36.258894 ], [ -115.2116595, 36.2588913 ], [ -115.2116541, 36.2588913 ], [ -115.2116541, 36.2588886 ], [ -115.211646, 36.2588886 ], [ -115.211646, 36.2588859 ], [ -115.2116406, 36.2588859 ], [ -115.2116406, 36.2588832 ], [ -115.2116325, 36.2588832 ], [ -115.2116325, 36.2588805 ], [ -115.2116244, 36.2588805 ], [ -115.2116244, 36.2588778 ], [ -115.2116163, 36.2588778 ], [ -115.2116163, 36.2588751 ], [ -115.2116109, 36.2588751 ], [ -115.2116109, 36.2588724 ], [ -115.2116055, 36.2588724 ], [ -115.2116055, 36.2588697 ], [ -115.2115974, 36.2588697 ], [ -115.2115974, 36.258867 ], [ -115.211592, 36.258867 ], [ -115.211592, 36.2588643 ], [ -115.2115839, 36.2588643 ], [ -115.2115839, 36.2588616 ], [ -115.2115785, 36.2588616 ], [ -115.2115785, 36.2588589 ], [ -115.2115704, 36.2588589 ], [ -115.2115704, 36.2588562 ], [ -115.211565, 36.2588562 ], [ -115.211565, 36.2588535 ], [ -115.2115596, 36.2588535 ], [ -115.2115596, 36.2588508 ], [ -115.2115515, 36.2588508 ], [ -115.2115515, 36.25884 ], [ -115.2115542, 36.25884 ], [ -115.2115542, 36.2588373 ], [ -115.2115569, 36.2588373 ], [ -115.2115569, 36.2588346 ], [ -115.2115596, 36.2588346 ], [ -115.2115596, 36.2588292 ], [ -115.2115623, 36.2588292 ], [ -115.2115623, 36.2588238 ], [ -115.211565, 36.2588238 ], [ -115.211565, 36.2588184 ], [ -115.2115677, 36.2588184 ], [ -115.2115677, 36.2588157 ], [ -115.2115704, 36.2588157 ], [ -115.2115704, 36.2588103 ], [ -115.2115731, 36.2588103 ], [ -115.2115731, 36.2588049 ], [ -115.2115758, 36.2588049 ], [ -115.2115758, 36.2587995 ], [ -115.2115785, 36.2587995 ], [ -115.2115785, 36.2587968 ], [ -115.211592, 36.2587968 ], [ -115.211592, 36.2587995 ], [ -115.2116082, 36.2587995 ], [ -115.2116082, 36.2587968 ], [ -115.2116163, 36.2587968 ], [ -115.2116163, 36.2587941 ], [ -115.211619, 36.2587941 ], [ -115.211619, 36.2587914 ], [ -115.2116217, 36.2587914 ], [ -115.2116217, 36.2587887 ], [ -115.2116244, 36.2587887 ], [ -115.2116244, 36.258786 ], [ -115.2116406, 36.258786 ], [ -115.2116406, 36.2587887 ], [ -115.2116487, 36.2587887 ], [ -115.2116487, 36.2587914 ], [ -115.2116541, 36.2587914 ], [ -115.2116541, 36.2587887 ], [ -115.2116811, 36.2587887 ], [ -115.2116811, 36.2587914 ], [ -115.2116892, 36.2587914 ], [ -115.2116892, 36.2587941 ], [ -115.2116973, 36.2587941 ], [ -115.2116973, 36.2587968 ], [ -115.2117027, 36.2587968 ], [ -115.2117027, 36.2587995 ], [ -115.2117108, 36.2587995 ], [ -115.2117108, 36.2588022 ], [ -115.2117162, 36.2588022 ], [ -115.2117162, 36.2588049 ], [ -115.2117243, 36.2588049 ], [ -115.2117243, 36.2588076 ], [ -115.2117324, 36.2588076 ], [ -115.2117324, 36.2588103 ], [ -115.2117405, 36.2588103 ], [ -115.2117405, 36.258813 ], [ -115.2117459, 36.258813 ], [ -115.2117459, 36.2588157 ], [ -115.2117513, 36.2588157 ], [ -115.2117513, 36.2588184 ], [ -115.211754, 36.2588184 ], [ -115.211754, 36.2588211 ], [ -115.2117567, 36.2588211 ], [ -115.2117567, 36.2588346 ], [ -115.2117594, 36.2588346 ], [ -115.2117594, 36.25884 ], [ -115.2117621, 36.25884 ], [ -115.2117621, 36.2588427 ], [ -115.2117648, 36.2588427 ], [ -115.2117648, 36.2588454 ], [ -115.2117675, 36.2588454 ], [ -115.2117675, 36.2588481 ], [ -115.2117702, 36.2588481 ], [ -115.2117702, 36.2588508 ], [ -115.2117756, 36.2588508 ], [ -115.2117756, 36.2588535 ], [ -115.2117783, 36.2588535 ], [ -115.2117783, 36.2588562 ], [ -115.211781, 36.2588562 ], [ -115.211781, 36.2588589 ], [ -115.2117837, 36.2588589 ], [ -115.2117837, 36.2588616 ], [ -115.2117864, 36.2588616 ], [ -115.2117864, 36.258867 ], [ -115.2117891, 36.258867 ], [ -115.2117891, 36.2588724 ], [ -115.2117864, 36.2588724 ], [ -115.2117864, 36.2588778 ], [ -115.2117837, 36.2588778 ], [ -115.2117837, 36.2588832 ], [ -115.211781, 36.2588832 ], [ -115.211781, 36.2588886 ], [ -115.2117783, 36.2588886 ], [ -115.2117783, 36.2588913 ], [ -115.2117756, 36.2588913 ], [ -115.2117756, 36.258894 ], [ -115.2117729, 36.258894 ], [ -115.2117729, 36.2588994 ], [ -115.2117702, 36.2588994 ], [ -115.2117702, 36.2589048 ], [ -115.2117675, 36.2589048 ], [ -115.2117675, 36.2589075 ], [ -115.2117648, 36.2589075 ], [ -115.2117648, 36.2589129 ], [ -115.2117621, 36.2589129 ], [ -115.2117621, 36.2589156 ], [ -115.2117594, 36.2589156 ], [ -115.2117594, 36.258921 ], [ -115.2117567, 36.258921 ], [ -115.2117567, 36.2589237 ], [ -115.211754, 36.2589237 ], [ -115.211754, 36.2589264 ] ] ] } },
{ "type": "Feature", "properties": { "value": 255.0 }, "geometry": { "type": "Polygon", "coordinates": [ [ [ -115.2126531, 36.2589156 ], [ -115.2126369, 36.2589156 ], [ -115.2126369, 36.2589129 ], [ -115.2126288, 36.2589129 ], [ -115.2126288, 36.2589102 ], [ -115.212618, 36.2589102 ], [ -115.212618, 36.2589075 ], [ -115.2126126, 36.2589075 ], [ -115.2126126, 36.2589048 ], [ -115.2126045, 36.2589048 ], [ -115.2126045, 36.2589021 ], [ -115.2125937, 36.2589021 ], [ -115.2125937, 36.2588994 ], [ -115.2125856, 36.2588994 ], [ -115.2125856, 36.2588967 ], [ -115.2125802, 36.2588967 ], [ -115.2125802, 36.258894 ], [ -115.2125721, 36.258894 ], [ -115.2125721, 36.2588913 ], [ -115.2125667, 36.2588913 ], [ -115.2125667, 36.2588886 ], [ -115.212564, 36.2588886 ], [ -115.212564, 36.2588859 ], [ -115.2125613, 36.2588859 ], [ -115.2125613, 36.2588697 ], [ -115.2125586, 36.2588697 ], [ -115.2125586, 36.258867 ], [ -115.2125559, 36.258867 ], [ -115.2125559, 36.2588643 ], [ -115.2125505, 36.2588643 ], [ -115.2125505, 36.2588616 ], [ -115.2125478, 36.2588616 ], [ -115.2125478, 36.2588589 ], [ -115.2125451, 36.2588589 ], [ -115.2125451, 36.2588535 ], [ -115.2125478, 36.2588535 ], [ -115.2125478, 36.2588481 ], [ -115.2125505, 36.2588481 ], [ -115.2125505, 36.2588427 ], [ -115.2125532, 36.2588427 ], [ -115.2125532, 36.2588373 ], [ -115.2125559, 36.2588373 ], [ -115.2125559, 36.2588319 ], [ -115.2125586, 36.2588319 ], [ -115.2125586, 36.2588265 ], [ -115.2125613, 36.2588265 ], [ -115.2125613, 36.2588211 ], [ -115.212564, 36.2588211 ], [ -115.212564, 36.2588184 ], [ -115.2125667, 36.2588184 ], [ -115.2125667, 36.258813 ], [ -115.2125694, 36.258813 ], [ -115.2125694, 36.2588076 ], [ -115.2125721, 36.2588076 ], [ -115.2125721, 36.2588049 ], [ -115.2125748, 36.2588049 ], [ -115.2125748, 36.2587995 ], [ -115.2125775, 36.2587995 ], [ -115.2125775, 36.2587941 ], [ -115.2125802, 36.2587941 ], [ -115.2125802, 36.2587914 ], [ -115.2125829, 36.2587914 ], [ -115.2125829, 36.258786 ], [ -115.2125856, 36.258786 ], [ -115.2125856, 36.2587806 ], [ -115.2125883, 36.2587806 ], [ -115.2125883, 36.2587779 ], [ -115.212591, 36.2587779 ], [ -115.212591, 36.2587725 ], [ -115.2125937, 36.2587725 ], [ -115.2125937, 36.2587671 ], [ -115.2125964, 36.2587671 ], [ -115.2125964, 36.2587617 ], [ -115.2125991, 36.2587617 ], [ -115.2125991, 36.258759 ], [ -115.2126018, 36.258759 ], [ -115.2126018, 36.2587536 ], [ -115.2126045, 36.2587536 ], [ -115.2126045, 36.2587509 ], [ -115.2126072, 36.2587509 ], [ -115.2126072, 36.2587455 ], [ -115.2126099, 36.2587455 ], [ -115.2126099, 36.2587401 ], [ -115.2126126, 36.2587401 ], [ -115.2126126, 36.2587374 ], [ -115.2126153, 36.2587374 ], [ -115.2126153, 36.258732 ], [ -115.212618, 36.258732 ], [ -115.212618, 36.2587293 ], [ -115.2126207, 36.2587293 ], [ -115.2126207, 36.2587239 ], [ -115.2126234, 36.2587239 ], [ -115.2126234, 36.2587158 ], [ -115.2126261, 36.2587158 ], [ -115.2126261, 36.2587131 ], [ -115.2126288, 36.2587131 ], [ -115.2126288, 36.2587104 ], [ -115.2126315, 36.2587104 ], [ -115.2126315, 36.2587077 ], [ -115.2126342, 36.2587077 ], [ -115.2126342, 36.2587023 ], [ -115.2126396, 36.2587023 ], [ -115.2126396, 36.2586996 ], [ -115.2126423, 36.2586996 ], [ -115.2126423, 36.2586942 ], [ -115.212645, 36.2586942 ], [ -115.212645, 36.2586861 ], [ -115.2126477, 36.2586861 ], [ -115.2126477, 36.2586807 ], [ -115.2126504, 36.2586807 ], [ -115.2126504, 36.258678 ], [ -115.2126585, 36.258678 ], [ -115.2126585, 36.2586807 ], [ -115.2126612, 36.2586807 ], [ -115.2126612, 36.2586834 ], [ -115.2126693, 36.2586834 ], [ -115.2126693, 36.2586861 ], [ -115.2126747, 36.2586861 ], [ -115.2126747, 36.2586888 ], [ -115.2126774, 36.2586888 ], [ -115.2126774, 36.2586915 ], [ -115.2126828, 36.2586915 ], [ -115.2126828, 36.2586942 ], [ -115.2126882, 36.2586942 ], [ -115.2126882, 36.2586969 ], [ -115.2126909, 36.2586969 ], [ -115.2126909, 36.2586996 ], [ -115.2126936, 36.2586996 ], [ -115.2126936, 36.2587023 ], [ -115.2126963, 36.2587023 ], [ -115.2126963, 36.258705 ], [ -115.2126936, 36.258705 ], [ -115.2126936, 36.2587077 ], [ -115.2126909, 36.2587077 ], [ -115.2126909, 36.2587158 ], [ -115.2127017, 36.2587158 ], [ -115.2127017, 36.2587185 ], [ -115.212699, 36.2587185 ], [ -115.212699, 36.2587212 ], [ -115.2126963, 36.2587212 ], [ -115.2126963, 36.2587293 ], [ -115.212699, 36.2587293 ], [ -115.212699, 36.258732 ], [ -115.2127017, 36.258732 ], [ -115.2127017, 36.2587347 ], [ -115.2127044, 36.2587347 ], [ -115.2127044, 36.2587374 ], [ -115.2127098, 36.2587374 ], [ -115.2127098, 36.2587401 ], [ -115.2127152, 36.2587401 ], [ -115.2127152, 36.2587428 ], [ -115.2127206, 36.2587428 ], [ -115.2127206, 36.2587455 ], [ -115.212726, 36.2587455 ], [ -115.212726, 36.2587482 ], [ -115.2127341, 36.2587482 ], [ -115.2127341, 36.2587509 ], [ -115.2127368, 36.2587509 ], [ -115.2127368, 36.2587536 ], [ -115.2127395, 36.2587536 ], [ -115.2127395, 36.2587617 ], [ -115.2127368, 36.2587617 ], [ -115.2127368, 36.2587698 ], [ -115.2127341, 36.2587698 ], [ -115.2127341, 36.2587752 ], [ -115.2127314, 36.2587752 ], [ -115.2127314, 36.2587806 ], [ -115.2127287, 36.2587806 ], [ -115.2127287, 36.258786 ], [ -115.212726, 36.258786 ], [ -115.212726, 36.2587914 ], [ -115.2127233, 36.2587914 ], [ -115.2127233, 36.2587968 ], [ -115.2127206, 36.2587968 ], [ -115.2127206, 36.2587995 ], [ -115.2127179, 36.2587995 ], [ -115.2127179, 36.2588049 ], [ -115.2127152, 36.2588049 ], [ -115.2127152, 36.2588076 ], [ -115.2127125, 36.2588076 ], [ -115.2127125, 36.258813 ], [ -115.2127098, 36.258813 ], [ -115.2127098, 36.2588157 ], [ -115.2127071, 36.2588157 ], [ -115.2127071, 36.2588211 ], [ -115.2127044, 36.2588211 ], [ -115.2127044, 36.2588265 ], [ -115.2127017, 36.2588265 ], [ -115.2127017, 36.2588292 ], [ -115.212699, 36.2588292 ], [ -115.212699, 36.2588346 ], [ -115.2126963, 36.2588346 ], [ -115.2126963, 36.2588373 ], [ -115.2126936, 36.2588373 ], [ -115.2126936, 36.2588427 ], [ -115.2126909, 36.2588427 ], [ -115.2126909, 36.2588454 ], [ -115.2126882, 36.2588454 ], [ -115.2126882, 36.2588508 ], [ -115.2126855, 36.2588508 ], [ -115.2126855, 36.2588562 ], [ -115.2126828, 36.2588562 ], [ -115.2126828, 36.2588589 ], [ -115.2126801, 36.2588589 ], [ -115.2126801, 36.2588643 ], [ -115.2126774, 36.2588643 ], [ -115.2126774, 36.258867 ], [ -115.2126747, 36.258867 ], [ -115.2126747, 36.2588724 ], [ -115.212672, 36.2588724 ], [ -115.212672, 36.2588778 ], [ -115.2126693, 36.2588778 ], [ -115.2126693, 36.2588805 ], [ -115.2126666, 36.2588805 ], [ -115.2126666, 36.2588859 ], [ -115.2126639, 36.2588859 ], [ -115.2126639, 36.2588913 ], [ -115.2126612, 36.2588913 ], [ -115.2126612, 36.2588994 ], [ -115.2126585, 36.2588994 ], [ -115.2126585, 36.2589048 ], [ -115.2126558, 36.2589048 ], [ -115.2126558, 36.2589102 ], [ -115.2126531, 36.2589102 ], [ -115.2126531, 36.2589156 ] ], [ [ -115.2126909, 36.2587266 ], [ -115.2126909, 36.2587239 ], [ -115.2126936, 36.2587239 ], [ -115.2126936, 36.2587212 ], [ -115.2126882, 36.2587212 ], [ -115.2126882, 36.2587239 ], [ -115.2126855, 36.2587239 ], [ -115.2126855, 36.2587266 ], [ -115.2126909, 36.2587266 ] ] ] } },
{ "type": "Feature", "properties": { "value": 255.0 }, "geometry": { "type": "Polygon", "coordinates": [ [ [ -115.2111978, 36.2588481 ], [ -115.2111843, 36.2588481 ], [ -115.2111843, 36.2588454 ], [ -115.2111789, 36.2588454 ], [ -115.2111789, 36.2588427 ], [ -115.2111735, 36.2588427 ], [ -115.2111735, 36.25884 ], [ -115.2111681, 36.25884 ], [ -115.2111681, 36.2588373 ], [ -115.2111654, 36.2588373 ], [ -115.2111654, 36.2588346 ], [ -115.21116, 36.2588346 ], [ -115.21116, 36.2588319 ], [ -115.2111546, 36.2588319 ], [ -115.2111546, 36.2588292 ], [ -115.2111492, 36.2588292 ], [ -115.2111492, 36.2588265 ], [ -115.2111465, 36.2588265 ], [ -115.2111465, 36.2588238 ], [ -115.2111411, 36.2588238 ], [ -115.2111411, 36.2588211 ], [ -115.2111357, 36.2588211 ], [ -115.2111357, 36.2588184 ], [ -115.2111303, 36.2588184 ], [ -115.2111303, 36.2588157 ], [ -115.2111249, 36.2588157 ], [ -115.2111249, 36.258813 ], [ -115.2111195, 36.258813 ], [ -115.2111195, 36.2588103 ], [ -115.2111141, 36.2588103 ], [ -115.2111141, 36.2588076 ], [ -115.2111087, 36.2588076 ], [ -115.2111087, 36.2588049 ], [ -115.2111033, 36.2588049 ], [ -115.2111033, 36.2588022 ], [ -115.2111006, 36.2588022 ], [ -115.2111006, 36.2587995 ], [ -115.2110952, 36.2587995 ], [ -115.2110952, 36.2587968 ], [ -115.2110898, 36.2587968 ], [ -115.2110898, 36.2587941 ], [ -115.2110844, 36.2587941 ], [ -115.2110844, 36.2587914 ], [ -115.211079, 36.2587914 ], [ -115.211079, 36.2587887 ], [ -115.2110736, 36.2587887 ], [ -115.2110736, 36.258786 ], [ -115.2110682, 36.258786 ], [ -115.2110682, 36.2587833 ], [ -115.2110628, 36.2587833 ], [ -115.2110628, 36.2587806 ], [ -115.2110574, 36.2587806 ], [ -115.2110574, 36.2587779 ], [ -115.211052, 36.2587779 ], [ -115.211052, 36.2587752 ], [ -115.2110466, 36.2587752 ], [ -115.2110466, 36.2587725 ], [ -115.2110439, 36.2587725 ], [ -115.2110439, 36.2587698 ], [ -115.2110358, 36.2587698 ], [ -115.2110358, 36.2587671 ], [ -115.2110304, 36.2587671 ], [ -115.2110304, 36.2587644 ], [ -115.211025, 36.2587644 ], [ -115.211025, 36.2587617 ], [ -115.2110223, 36.2587617 ], [ -115.2110223, 36.258759 ], [ -115.2110169, 36.258759 ], [ -115.2110169, 36.2587563 ], [ -115.2110142, 36.2587563 ], [ -115.2110142, 36.2587536 ], [ -115.2110115, 36.2587536 ], [ -115.2110115, 36.2587509 ], [ -115.2110088, 36.2587509 ], [ -115.2110088, 36.2587401 ], [ -115.2110115, 36.2587401 ], [ -115.2110115, 36.2587374 ], [ -115.2110142, 36.2587374 ], [ -115.2110142, 36.2587347 ], [ -115.2110169, 36.2587347 ], [ -115.2110169, 36.258732 ], [ -115.2110196, 36.258732 ], [ -115.2110196, 36.2587266 ], [ -115.2110223, 36.2587266 ], [ -115.2110223, 36.2587239 ], [ -115.211025, 36.2587239 ], [ -115.211025, 36.2587212 ], [ -115.2110277, 36.2587212 ], [ -115.2110277, 36.2587185 ], [ -115.2110304, 36.2587185 ], [ -115.2110304, 36.2587158 ], [ -115.2110331, 36.2587158 ], [ -115.2110331, 36.2587131 ], [ -115.2110358, 36.2587131 ], [ -115.2110358, 36.2587104 ], [ -115.2110385, 36.2587104 ], [ -115.2110385, 36.258705 ], [ -115.2110412, 36.258705 ], [ -115.2110412, 36.2587023 ], [ -115.2110439, 36.2587023 ], [ -115.2110439, 36.2586996 ], [ -115.2110466, 36.2586996 ], [ -115.2110466, 36.2586969 ], [ -115.2110493, 36.2586969 ], [ -115.2110493, 36.2586942 ], [ -115.211052, 36.2586942 ], [ -115.211052, 36.2586915 ], [ -115.2110547, 36.2586915 ], [ -115.2110547, 36.2586888 ], [ -115.2110574, 36.2586888 ], [ -115.2110574, 36.2586834 ], [ -115.2110601, 36.2586834 ], [ -115.2110601, 36.2586807 ], [ -115.2110628, 36.2586807 ], [ -115.2110628, 36.2586753 ], [ -115.2110655, 36.2586753 ], [ -115.2110655, 36.2586699 ], [ -115.2110709, 36.2586699 ], [ -115.2110709, 36.2586672 ], [ -115.2110736, 36.2586672 ], [ -115.2110736, 36.2586699 ], [ -115.2110817, 36.2586699 ], [ -115.2110817, 36.2586726 ], [ -115.2110844, 36.2586726 ], [ -115.2110844, 36.2586753 ], [ -115.2110925, 36.2586753 ], [ -115.2110925, 36.258678 ], [ -115.2110979, 36.258678 ], [ -115.2110979, 36.2586807 ], [ -115.2111033, 36.2586807 ], [ -115.2111033, 36.2586834 ], [ -115.2111087, 36.2586834 ], [ -115.2111087, 36.2586861 ], [ -115.2111141, 36.2586861 ], [ -115.2111141, 36.2586888 ], [ -115.2111195, 36.2586888 ], [ -115.2111195, 36.2586915 ], [ -115.2111249, 36.2586915 ], [ -115.2111249, 36.2586942 ], [ -115.2111303, 36.2586942 ], [ -115.2111303, 36.2586969 ], [ -115.2111357, 36.2586969 ], [ -115.2111357, 36.2586996 ], [ -115.2111411, 36.2586996 ], [ -115.2111411, 36.2587023 ], [ -115.2111465, 36.2587023 ], [ -115.2111465, 36.258705 ], [ -115.2111519, 36.258705 ], [ -115.2111519, 36.2587077 ], [ -115.2111573, 36.2587077 ], [ -115.2111573, 36.2587104 ], [ -115.2111627, 36.2587104 ], [ -115.2111627, 36.2587131 ], [ -115.2111654, 36.2587131 ], [ -115.2111654, 36.2587158 ], [ -115.2111708, 36.2587158 ], [ -115.2111708, 36.2587185 ], [ -115.2111762, 36.2587185 ], [ -115.2111762, 36.2587212 ], [ -115.2111816, 36.2587212 ], [ -115.2111816, 36.2587239 ], [ -115.211187, 36.2587239 ], [ -115.211187, 36.2587266 ], [ -115.2111924, 36.2587266 ], [ -115.2111924, 36.2587293 ], [ -115.2112005, 36.2587293 ], [ -115.2112005, 36.258732 ], [ -115.2112086, 36.258732 ], [ -115.2112086, 36.2587347 ], [ -115.211214, 36.2587347 ], [ -115.211214, 36.2587374 ], [ -115.2112194, 36.2587374 ], [ -115.2112194, 36.2587401 ], [ -115.2112221, 36.2587401 ], [ -115.2112221, 36.2587428 ], [ -115.2112275, 36.2587428 ], [ -115.2112275, 36.2587482 ], [ -115.2112329, 36.2587482 ], [ -115.2112329, 36.2587509 ], [ -115.2112356, 36.2587509 ], [ -115.2112356, 36.2587536 ], [ -115.2112383, 36.2587536 ], [ -115.2112383, 36.2587563 ], [ -115.211241, 36.2587563 ], [ -115.211241, 36.2587617 ], [ -115.2112383, 36.2587617 ], [ -115.2112383, 36.2587644 ], [ -115.2112356, 36.2587644 ], [ -115.2112356, 36.2587698 ], [ -115.2112329, 36.2587698 ], [ -115.2112329, 36.2587725 ], [ -115.2112356, 36.2587725 ], [ -115.2112356, 36.2587806 ], [ -115.2112383, 36.2587806 ], [ -115.2112383, 36.2587833 ], [ -115.211241, 36.2587833 ], [ -115.211241, 36.2587968 ], [ -115.2112383, 36.2587968 ], [ -115.2112383, 36.2588022 ], [ -115.2112356, 36.2588022 ], [ -115.2112356, 36.2588049 ], [ -115.2112329, 36.2588049 ], [ -115.2112329, 36.2588103 ], [ -115.2112302, 36.2588103 ], [ -115.2112302, 36.258813 ], [ -115.2112275, 36.258813 ], [ -115.2112275, 36.2588157 ], [ -115.2112248, 36.2588157 ], [ -115.2112248, 36.2588211 ], [ -115.2112221, 36.2588211 ], [ -115.2112221, 36.2588238 ], [ -115.2112194, 36.2588238 ], [ -115.2112194, 36.2588265 ], [ -115.2112167, 36.2588265 ], [ -115.2112167, 36.2588292 ], [ -115.211214, 36.2588292 ], [ -115.211214, 36.2588319 ], [ -115.2112113, 36.2588319 ], [ -115.2112113, 36.2588346 ], [ -115.2112086, 36.2588346 ], [ -115.2112086, 36.2588373 ], [ -115.2112059, 36.2588373 ], [ -115.2112059, 36.25884 ], [ -115.2112032, 36.25884 ], [ -115.2112032, 36.2588427 ], [ -115.2112005, 36.2588427 ], [ -115.2112005, 36.2588454 ], [ -115.2111978, 36.2588454 ], [ -115.2111978, 36.2588481 ] ] ] } },
{ "type": "Feature", "properties": { "value": 255.0 }, "geometry": { "type": "Polygon", "coordinates": [ [ [ -115.2125127, 36.2588616 ], [ -115.2124965, 36.2588616 ], [ -115.2124965, 36.2588589 ], [ -115.2124884, 36.2588589 ], [ -115.2124884, 36.2588562 ], [ -115.2124776, 36.2588562 ], [ -115.2124776, 36.2588535 ], [ -115.2124695, 36.2588535 ], [ -115.2124695, 36.2588508 ], [ -115.2124641, 36.2588508 ], [ -115.2124641, 36.2588481 ], [ -115.212456, 36.2588481 ], [ -115.212456, 36.2588454 ], [ -115.2124506, 36.2588454 ], [ -115.2124506, 36.2588427 ], [ -115.2124479, 36.2588427 ], [ -115.2124479, 36.25884 ], [ -115.2124452, 36.25884 ], [ -115.2124452, 36.2588319 ], [ -115.2124479, 36.2588319 ], [ -115.2124479, 36.2588238 ], [ -115.2124506, 36.2588238 ], [ -115.2124506, 36.2588184 ], [ -115.2124533, 36.2588184 ], [ -115.2124533, 36.2588157 ], [ -115.212456, 36.2588157 ], [ -115.212456, 36.2588103 ], [ -115.2124587, 36.2588103 ], [ -115.2124587, 36.2588076 ], [ -115.2124614, 36.2588076 ], [ -115.2124614, 36.2588022 ], [ -115.2124641, 36.2588022 ], [ -115.2124641, 36.2587941 ], [ -115.2124614, 36.2587941 ], [ -115.2124614, 36.258786 ], [ -115.2124587, 36.258786 ], [ -115.2124587, 36.2587833 ], [ -115.212456, 36.2587833 ], [ -115.212456, 36.2587779 ], [ -115.2124506, 36.2587779 ], [ -115.2124506, 36.2587752 ], [ -115.2124479, 36.2587752 ], [ -115.2124479, 36.2587725 ], [ -115.2124425, 36.2587725 ], [ -115.2124425, 36.2587698 ], [ -115.2124344, 36.2587698 ], [ -115.2124344, 36.2587671 ], [ -115.2124317, 36.2587671 ], [ -115.2124317, 36.2587563 ], [ -115.2124344, 36.2587563 ], [ -115.2124344, 36.2587509 ], [ -115.2124371, 36.2587509 ], [ -115.2124371, 36.2587482 ], [ -115.2124398, 36.2587482 ], [ -115.2124398, 36.2587455 ], [ -115.2124425, 36.2587455 ], [ -115.2124425, 36.2587401 ], [ -115.2124452, 36.2587401 ], [ -115.2124452, 36.2587347 ], [ -115.2124479, 36.2587347 ], [ -115.2124479, 36.258732 ], [ -115.2124506, 36.258732 ], [ -115.2124506, 36.2587266 ], [ -115.2124533, 36.2587266 ], [ -115.2124533, 36.2587212 ], [ -115.212456, 36.2587212 ], [ -115.212456, 36.2587158 ], [ -115.2124587, 36.2587158 ], [ -115.2124587, 36.2587104 ], [ -115.2124614, 36.2587104 ], [ -115.2124614, 36.258705 ], [ -115.2124641, 36.258705 ], [ -115.2124641, 36.2586996 ], [ -115.2124668, 36.2586996 ], [ -115.2124668, 36.2586942 ], [ -115.2124695, 36.2586942 ], [ -115.2124695, 36.2586915 ], [ -115.2124722, 36.2586915 ], [ -115.2124722, 36.2586861 ], [ -115.2124749, 36.2586861 ], [ -115.2124749, 36.2586834 ], [ -115.2124776, 36.2586834 ], [ -115.2124776, 36.2586807 ], [ -115.2124803, 36.2586807 ], [ -115.2124803, 36.258678 ], [ -115.212483, 36.258678 ], [ -115.212483, 36.2586726 ], [ -115.2124857, 36.2586726 ], [ -115.2124857, 36.2586672 ], [ -115.2124884, 36.2586672 ], [ -115.2124884, 36.2586645 ], [ -115.2124911, 36.2586645 ], [ -115.2124911, 36.2586618 ], [ -115.2125019, 36.2586618 ], [ -115.2125019, 36.2586645 ], [ -115.2125073, 36.2586645 ], [ -115.2125073, 36.2586672 ], [ -115.2125154, 36.2586672 ], [ -115.2125154, 36.2586699 ], [ -115.2125235, 36.2586699 ], [ -115.2125235, 36.2586726 ], [ -115.2125289, 36.2586726 ], [ -115.2125289, 36.2586753 ], [ -115.2125424, 36.2586753 ], [ -115.2125424, 36.2586726 ], [ -115.2125451, 36.2586726 ], [ -115.2125451, 36.2586699 ], [ -115.2125478, 36.2586699 ], [ -115.2125478, 36.2586672 ], [ -115.2125505, 36.2586672 ], [ -115.2125505, 36.2586645 ], [ -115.2125721, 36.2586645 ], [ -115.2125721, 36.2586672 ], [ -115.2125748, 36.2586672 ], [ -115.2125748, 36.2586699 ], [ -115.2125829, 36.2586699 ], [ -115.2125829, 36.2586726 ], [ -115.2125856, 36.2586726 ], [ -115.2125856, 36.2586753 ], [ -115.212591, 36.2586753 ], [ -115.212591, 36.258678 ], [ -115.2125937, 36.258678 ], [ -115.2125937, 36.2586807 ], [ -115.2126045, 36.2586807 ], [ -115.2126045, 36.2586861 ], [ -115.2126072, 36.2586861 ], [ -115.2126072, 36.2586915 ], [ -115.2126045, 36.2586915 ], [ -115.2126045, 36.2587023 ], [ -115.2126018, 36.2587023 ], [ -115.2126018, 36.2587104 ], [ -115.2125991, 36.2587104 ], [ -115.2125991, 36.2587158 ], [ -115.2125964, 36.2587158 ], [ -115.2125964, 36.2587212 ], [ -115.2125937, 36.2587212 ], [ -115.2125937, 36.2587266 ], [ -115.212591, 36.2587266 ], [ -115.212591, 36.2587293 ], [ -115.2125883, 36.2587293 ], [ -115.2125883, 36.2587347 ], [ -115.2125856, 36.2587347 ], [ -115.2125856, 36.2587374 ], [ -115.2125829, 36.2587374 ], [ -115.2125829, 36.2587401 ], [ -115.2125802, 36.2587401 ], [ -115.2125802, 36.2587428 ], [ -115.2125775, 36.2587428 ], [ -115.2125775, 36.2587482 ], [ -115.2125748, 36.2587482 ], [ -115.2125748, 36.2587536 ], [ -115.2125721, 36.2587536 ], [ -115.2125721, 36.258759 ], [ -115.2125694, 36.258759 ], [ -115.2125694, 36.2587617 ], [ -115.2125667, 36.2587617 ], [ -115.2125667, 36.2587671 ], [ -115.212564, 36.2587671 ], [ -115.212564, 36.2587725 ], [ -115.2125613, 36.2587725 ], [ -115.2125613, 36.2587779 ], [ -115.2125586, 36.2587779 ], [ -115.2125586, 36.2587806 ], [ -115.2125559, 36.2587806 ], [ -115.2125559, 36.258786 ], [ -115.2125532, 36.258786 ], [ -115.2125532, 36.2587914 ], [ -115.2125505, 36.2587914 ], [ -115.2125505, 36.2587968 ], [ -115.2125478, 36.2587968 ], [ -115.2125478, 36.2587995 ], [ -115.2125451, 36.2587995 ], [ -115.2125451, 36.2588022 ], [ -115.2125424, 36.2588022 ], [ -115.2125424, 36.2588049 ], [ -115.2125397, 36.2588049 ], [ -115.2125397, 36.2588103 ], [ -115.212537, 36.2588103 ], [ -115.212537, 36.2588157 ], [ -115.2125343, 36.2588157 ], [ -115.2125343, 36.2588184 ], [ -115.2125316, 36.2588184 ], [ -115.2125316, 36.2588238 ], [ -115.2125289, 36.2588238 ], [ -115.2125289, 36.2588292 ], [ -115.2125262, 36.2588292 ], [ -115.2125262, 36.2588346 ], [ -115.2125235, 36.2588346 ], [ -115.2125235, 36.25884 ], [ -115.2125208, 36.25884 ], [ -115.2125208, 36.2588454 ], [ -115.2125181, 36.2588454 ], [ -115.2125181, 36.2588535 ], [ -115.2125154, 36.2588535 ], [ -115.2125154, 36.2588589 ], [ -115.2125127, 36.2588589 ], [ -115.2125127, 36.2588616 ] ] ] } },
{ "type": "Feature", "properties": { "value": 255.0 }, "geometry": { "type": "Polygon", "coordinates": [ [ [ -115.2123723, 36.2588076 ], [ -115.2123588, 36.2588076 ], [ -115.2123588, 36.2588049 ], [ -115.212348, 36.2588049 ], [ -115.212348, 36.2588022 ], [ -115.2123372, 36.2588022 ], [ -115.2123372, 36.2587995 ], [ -115.2123291, 36.2587995 ], [ -115.2123291, 36.2587968 ], [ -115.2123237, 36.2587968 ], [ -115.2123237, 36.2587941 ], [ -115.2123156, 36.2587941 ], [ -115.2123156, 36.2587914 ], [ -115.2123102, 36.2587914 ], [ -115.2123102, 36.2587887 ], [ -115.2123075, 36.2587887 ], [ -115.2123075, 36.258786 ], [ -115.2123048, 36.258786 ], [ -115.2123048, 36.2587779 ], [ -115.2123075, 36.2587779 ], [ -115.2123075, 36.2587644 ], [ -115.2123102, 36.2587644 ], [ -115.2123102, 36.258759 ], [ -115.2123129, 36.258759 ], [ -115.2123129, 36.2587563 ], [ -115.2123183, 36.2587563 ], [ -115.2123183, 36.2587536 ], [ -115.212321, 36.2587536 ], [ -115.212321, 36.2587482 ], [ -115.2123237, 36.2587482 ], [ -115.2123237, 36.2587428 ], [ -115.212321, 36.2587428 ], [ -115.212321, 36.2587401 ], [ -115.2123183, 36.2587401 ], [ -115.2123183, 36.2587374 ], [ -115.2123102, 36.2587374 ], [ -115.2123102, 36.2587347 ], [ -115.2123021, 36.2587347 ], [ -115.2123021, 36.258732 ], [ -115.212294, 36.258732 ], [ -115.212294, 36.2587293 ], [ -115.2122886, 36.2587293 ], [ -115.2122886, 36.2587266 ], [ -115.2122859, 36.2587266 ], [ -115.2122859, 36.2587158 ], [ -115.2122886, 36.2587158 ], [ -115.2122886, 36.2587104 ], [ -115.2122913, 36.2587104 ], [ -115.2122913, 36.2587077 ], [ -115.212294, 36.2587077 ], [ -115.212294, 36.258705 ], [ -115.2122967, 36.258705 ], [ -115.2122967, 36.2586996 ], [ -115.2122994, 36.2586996 ], [ -115.2122994, 36.2586969 ], [ -115.2123021, 36.2586969 ], [ -115.2123021, 36.2586942 ], [ -115.2123048, 36.2586942 ], [ -115.2123048, 36.2586915 ], [ -115.2123075, 36.2586915 ], [ -115.2123075, 36.2586888 ], [ -115.2123102, 36.2586888 ], [ -115.2123102, 36.2586861 ], [ -115.2123129, 36.2586861 ], [ -115.2123129, 36.2586807 ], [ -115.2123156, 36.2586807 ], [ -115.2123156, 36.2586753 ], [ -115.2123183, 36.2586753 ], [ -115.2123183, 36.2586699 ], [ -115.212321, 36.2586699 ], [ -115.212321, 36.2586645 ], [ -115.2123237, 36.2586645 ], [ -115.2123237, 36.2586618 ], [ -115.2123264, 36.2586618 ], [ -115.2123264, 36.2586564 ], [ -115.2123291, 36.2586564 ], [ -115.2123291, 36.258651 ], [ -115.2123318, 36.258651 ], [ -115.2123318, 36.2586456 ], [ -115.2123345, 36.2586456 ], [ -115.2123345, 36.2586375 ], [ -115.2123372, 36.2586375 ], [ -115.2123372, 36.2586348 ], [ -115.2123399, 36.2586348 ], [ -115.2123399, 36.2586294 ], [ -115.2123426, 36.2586294 ], [ -115.2123426, 36.258624 ], [ -115.2123453, 36.258624 ], [ -115.2123453, 36.2586213 ], [ -115.212348, 36.2586213 ], [ -115.212348, 36.2586132 ], [ -115.2123507, 36.2586132 ], [ -115.2123507, 36.2586105 ], [ -115.2123534, 36.2586105 ], [ -115.2123534, 36.2586078 ], [ -115.2123561, 36.2586078 ], [ -115.2123561, 36.2586051 ], [ -115.2123642, 36.2586051 ], [ -115.2123642, 36.2586024 ], [ -115.2123669, 36.2586024 ], [ -115.2123669, 36.2585997 ], [ -115.2123696, 36.2585997 ], [ -115.2123696, 36.2585943 ], [ -115.2123723, 36.2585943 ], [ -115.2123723, 36.2585916 ], [ -115.212375, 36.2585916 ], [ -115.212375, 36.2585862 ], [ -115.2123777, 36.2585862 ], [ -115.2123777, 36.2585889 ], [ -115.2123831, 36.2585889 ], [ -115.2123831, 36.2585862 ], [ -115.2123912, 36.2585862 ], [ -115.2123912, 36.2585889 ], [ -115.2123966, 36.2585889 ], [ -115.2123966, 36.2585916 ], [ -115.212402, 36.2585916 ], [ -115.212402, 36.2585943 ], [ -115.2124101, 36.2585943 ], [ -115.2124101, 36.258597 ], [ -115.2124182, 36.258597 ], [ -115.2124182, 36.2585997 ], [ -115.2124209, 36.2585997 ], [ -115.2124209, 36.2586105 ], [ -115.2124182, 36.2586105 ], [ -115.2124182, 36.2586159 ], [ -115.2124155, 36.2586159 ], [ -115.2124155, 36.258624 ], [ -115.2124182, 36.258624 ], [ -115.2124182, 36.2586267 ], [ -115.2124209, 36.2586267 ], [ -115.2124209, 36.2586294 ], [ -115.2124263, 36.2586294 ], [ -115.2124263, 36.2586321 ], [ -115.2124344, 36.2586321 ], [ -115.2124344, 36.2586348 ], [ -115.2124425, 36.2586348 ], [ -115.2124425, 36.2586375 ], [ -115.2124479, 36.2586375 ], [ -115.2124479, 36.2586402 ], [ -115.2124533, 36.2586402 ], [ -115.2124533, 36.2586429 ], [ -115.2124587, 36.2586429 ], [ -115.2124587, 36.2586456 ], [ -115.2124614, 36.2586456 ], [ -115.2124614, 36.2586483 ], [ -115.2124641, 36.2586483 ], [ -115.2124641, 36.2586591 ], [ -115.2124614, 36.2586591 ], [ -115.2124614, 36.2586672 ], [ -115.2124587, 36.2586672 ], [ -115.2124587, 36.2586726 ], [ -115.212456, 36.2586726 ], [ -115.212456, 36.2586753 ], [ -115.2124533, 36.2586753 ], [ -115.2124533, 36.2586807 ], [ -115.2124506, 36.2586807 ], [ -115.2124506, 36.2586834 ], [ -115.2124479, 36.2586834 ], [ -115.2124479, 36.2586861 ], [ -115.2124452, 36.2586861 ], [ -115.2124452, 36.2586915 ], [ -115.2124425, 36.2586915 ], [ -115.2124425, 36.2586969 ], [ -115.2124398, 36.2586969 ], [ -115.2124398, 36.2587023 ], [ -115.2124371, 36.2587023 ], [ -115.2124371, 36.2587104 ], [ -115.2124344, 36.2587104 ], [ -115.2124344, 36.2587158 ], [ -115.2124317, 36.2587158 ], [ -115.2124317, 36.2587212 ], [ -115.212429, 36.2587212 ], [ -115.212429, 36.2587239 ], [ -115.2124263, 36.2587239 ], [ -115.2124263, 36.2587266 ], [ -115.2124236, 36.2587266 ], [ -115.2124236, 36.2587293 ], [ -115.2124209, 36.2587293 ], [ -115.2124209, 36.258732 ], [ -115.2124182, 36.258732 ], [ -115.2124182, 36.2587347 ], [ -115.2124155, 36.2587347 ], [ -115.2124155, 36.2587401 ], [ -115.2124128, 36.2587401 ], [ -115.2124128, 36.2587428 ], [ -115.2124101, 36.2587428 ], [ -115.2124101, 36.2587455 ], [ -115.2124074, 36.2587455 ], [ -115.2124074, 36.2587509 ], [ -115.2124047, 36.2587509 ], [ -115.2124047, 36.2587536 ], [ -115.212402, 36.2587536 ], [ -115.212402, 36.258759 ], [ -115.2123993, 36.258759 ], [ -115.2123993, 36.2587617 ], [ -115.2123966, 36.2587617 ], [ -115.2123966, 36.2587644 ], [ -115.2123939, 36.2587644 ], [ -115.2123939, 36.2587698 ], [ -115.2123912, 36.2587698 ], [ -115.2123912, 36.2587725 ], [ -115.2123885, 36.2587725 ], [ -115.2123885, 36.2587779 ], [ -115.2123858, 36.2587779 ], [ -115.2123858, 36.2587833 ], [ -115.2123831, 36.2587833 ], [ -115.2123831, 36.2587887 ], [ -115.2123804, 36.2587887 ], [ -115.2123804, 36.2587941 ], [ -115.2123777, 36.2587941 ], [ -115.2123777, 36.2587995 ], [ -115.212375, 36.2587995 ], [ -115.212375, 36.2588049 ], [ -115.2123723, 36.2588049 ], [ -115.2123723, 36.2588076 ] ] ] } },
{ "type": "Feature", "properties": { "value": 255.0 }, "geometry": { "type": "Polygon", "coordinates": [ [ [ -115.2112869, 36.258732 ], [ -115.2112734, 36.258732 ], [ -115.2112734, 36.2587293 ], [ -115.2112653, 36.2587293 ], [ -115.2112653, 36.2587266 ], [ -115.2112572, 36.2587266 ], [ -115.2112572, 36.2587239 ], [ -115.2112545, 36.2587239 ], [ -115.2112545, 36.2587212 ], [ -115.2112491, 36.2587212 ], [ -115.2112491, 36.2587185 ], [ -115.2112437, 36.2587185 ], [ -115.2112437, 36.2587158 ], [ -115.2112383, 36.2587158 ], [ -115.2112383, 36.2587131 ], [ -115.2112329, 36.2587131 ], [ -115.2112329, 36.2587104 ], [ -115.2112275, 36.2587104 ], [ -115.2112275, 36.2587077 ], [ -115.2112221, 36.2587077 ], [ -115.2112221, 36.258705 ], [ -115.211214, 36.258705 ], [ -115.211214, 36.2587023 ], [ -115.2112086, 36.2587023 ], [ -115.2112086, 36.2586996 ], [ -115.2112032, 36.2586996 ], [ -115.2112032, 36.2586969 ], [ -115.2111978, 36.2586969 ], [ -115.2111978, 36.2586942 ], [ -115.2111924, 36.2586942 ], [ -115.2111924, 36.2586915 ], [ -115.2111843, 36.2586915 ], [ -115.2111843, 36.2586888 ], [ -115.2111789, 36.2586888 ], [ -115.2111789, 36.2586861 ], [ -115.2111708, 36.2586861 ], [ -115.2111708, 36.2586834 ], [ -115.2111654, 36.2586834 ], [ -115.2111654, 36.2586807 ], [ -115.21116, 36.2586807 ], [ -115.21116, 36.258678 ], [ -115.2111519, 36.258678 ], [ -115.2111519, 36.2586753 ], [ -115.2111465, 36.2586753 ], [ -115.2111465, 36.2586726 ], [ -115.2111411, 36.2586726 ], [ -115.2111411, 36.2586699 ], [ -115.2111357, 36.2586699 ], [ -115.2111357, 36.2586672 ], [ -115.2111276, 36.2586672 ], [ -115.2111276, 36.2586645 ], [ -115.2111222, 36.2586645 ], [ -115.2111222, 36.2586618 ], [ -115.2111168, 36.2586618 ], [ -115.2111168, 36.2586591 ], [ -115.2111114, 36.2586591 ], [ -115.2111114, 36.2586564 ], [ -115.211106, 36.2586564 ], [ -115.211106, 36.2586537 ], [ -115.2111006, 36.2586537 ], [ -115.2111006, 36.258651 ], [ -115.2110952, 36.258651 ], [ -115.2110952, 36.2586483 ], [ -115.2110925, 36.2586483 ], [ -115.2110925, 36.2586456 ], [ -115.2110871, 36.2586456 ], [ -115.2110871, 36.2586375 ], [ -115.2110898, 36.2586375 ], [ -115.2110898, 36.2586348 ], [ -115.2110925, 36.2586348 ], [ -115.2110925, 36.2586267 ], [ -115.2110952, 36.2586267 ], [ -115.2110952, 36.258624 ], [ -115.2110979, 36.258624 ], [ -115.2110979, 36.2586186 ], [ -115.2111006, 36.2586186 ], [ -115.2111006, 36.2586159 ], [ -115.2111033, 36.2586159 ], [ -115.2111033, 36.2586132 ], [ -115.211106, 36.2586132 ], [ -115.211106, 36.2586105 ], [ -115.2111087, 36.2586105 ], [ -115.2111087, 36.2586078 ], [ -115.2111141, 36.2586078 ], [ -115.2111141, 36.2586024 ], [ -115.2111168, 36.2586024 ], [ -115.2111168, 36.2585781 ], [ -115.2111195, 36.2585781 ], [ -115.2111195, 36.2585673 ], [ -115.2111222, 36.2585673 ], [ -115.2111222, 36.2585646 ], [ -115.2111249, 36.2585646 ], [ -115.2111249, 36.2585619 ], [ -115.2111303, 36.2585619 ], [ -115.2111303, 36.2585592 ], [ -115.2111519, 36.2585592 ], [ -115.2111519, 36.2585619 ], [ -115.21116, 36.2585619 ], [ -115.21116, 36.2585646 ], [ -115.2111654, 36.2585646 ], [ -115.2111654, 36.2585673 ], [ -115.2111708, 36.2585673 ], [ -115.2111708, 36.25857 ], [ -115.2111762, 36.25857 ], [ -115.2111762, 36.2585727 ], [ -115.2111816, 36.2585727 ], [ -115.2111816, 36.2585754 ], [ -115.2111897, 36.2585754 ], [ -115.2111897, 36.2585781 ], [ -115.2111951, 36.2585781 ], [ -115.2111951, 36.2585808 ], [ -115.2111978, 36.2585808 ], [ -115.2111978, 36.2585835 ], [ -115.2112032, 36.2585835 ], [ -115.2112032, 36.2585862 ], [ -115.2112086, 36.2585862 ], [ -115.2112086, 36.2585889 ], [ -115.2112167, 36.2585889 ], [ -115.2112167, 36.2585916 ], [ -115.2112221, 36.2585916 ], [ -115.2112221, 36.2585943 ], [ -115.2112302, 36.2585943 ], [ -115.2112302, 36.258597 ], [ -115.2112356, 36.258597 ], [ -115.2112356, 36.2585997 ], [ -115.2112437, 36.2585997 ], [ -115.2112437, 36.2586024 ], [ -115.2112491, 36.2586024 ], [ -115.2112491, 36.2586051 ], [ -115.2112572, 36.2586051 ], [ -115.2112572, 36.2586078 ], [ -115.2112626, 36.2586078 ], [ -115.2112626, 36.2586105 ], [ -115.211268, 36.2586105 ], [ -115.211268, 36.2586132 ], [ -115.2112734, 36.2586132 ], [ -115.2112734, 36.2586159 ], [ -115.2112788, 36.2586159 ], [ -115.2112788, 36.2586186 ], [ -115.2112842, 36.2586186 ], [ -115.2112842, 36.2586213 ], [ -115.2112896, 36.2586213 ], [ -115.2112896, 36.258624 ], [ -115.2112977, 36.258624 ], [ -115.2112977, 36.2586267 ], [ -115.2113031, 36.2586267 ], [ -115.2113031, 36.2586294 ], [ -115.2113085, 36.2586294 ], [ -115.2113085, 36.2586321 ], [ -115.2113139, 36.2586321 ], [ -115.2113139, 36.2586348 ], [ -115.2113166, 36.2586348 ], [ -115.2113166, 36.2586375 ], [ -115.2113193, 36.2586375 ], [ -115.2113193, 36.2586456 ], [ -115.2113166, 36.2586456 ], [ -115.2113166, 36.258651 ], [ -115.2113139, 36.258651 ], [ -115.2113139, 36.2586537 ], [ -115.2113112, 36.2586537 ], [ -115.2113112, 36.2586591 ], [ -115.2113085, 36.2586591 ], [ -115.2113085, 36.2586645 ], [ -115.2113058, 36.2586645 ], [ -115.2113058, 36.2586753 ], [ -115.2113031, 36.2586753 ], [ -115.2113031, 36.2586834 ], [ -115.2113058, 36.2586834 ], [ -115.2113058, 36.2586996 ], [ -115.2113031, 36.2586996 ], [ -115.2113031, 36.258705 ], [ -115.2113004, 36.258705 ], [ -115.2113004, 36.2587158 ], [ -115.2112977, 36.2587158 ], [ -115.2112977, 36.2587185 ], [ -115.211295, 36.2587185 ], [ -115.211295, 36.2587239 ], [ -115.2112923, 36.2587239 ], [ -115.2112923, 36.2587266 ], [ -115.2112896, 36.2587266 ], [ -115.2112896, 36.2587293 ], [ -115.2112869, 36.2587293 ], [ -115.2112869, 36.258732 ] ] ] } },
{ "type": "Feature", "properties": { "value": 255.0 }, "geometry": { "type": "Polygon", "coordinates": [ [ [ -115.2122319, 36.2587536 ], [ -115.2122211, 36.2587536 ], [ -115.2122211, 36.2587509 ], [ -115.212213, 36.2587509 ], [ -115.212213, 36.2587482 ], [ -115.2122022, 36.2587482 ], [ -115.2122022, 36.2587455 ], [ -115.2121914, 36.2587455 ], [ -115.2121914, 36.2587428 ], [ -115.212186, 36.2587428 ], [ -115.212186, 36.2587401 ], [ -115.2121752, 36.2587401 ], [ -115.2121752, 36.2587374 ], [ -115.2121698, 36.2587374 ], [ -115.2121698, 36.2587347 ], [ -115.2121617, 36.2587347 ], [ -115.2121617, 36.258732 ], [ -115.2121563, 36.258732 ], [ -115.2121563, 36.2587293 ], [ -115.2121509, 36.2587293 ], [ -115.2121509, 36.2587266 ], [ -115.2121482, 36.2587266 ], [ -115.2121482, 36.2587239 ], [ -115.2121455, 36.2587239 ], [ -115.2121455, 36.2587185 ], [ -115.2121482, 36.2587185 ], [ -115.2121482, 36.258705 ], [ -115.2121455, 36.258705 ], [ -115.2121455, 36.2587023 ], [ -115.2121428, 36.2587023 ], [ -115.2121428, 36.2586996 ], [ -115.212132, 36.2586996 ], [ -115.212132, 36.2586969 ], [ -115.2121293, 36.2586969 ], [ -115.2121293, 36.2586753 ], [ -115.212132, 36.2586753 ], [ -115.212132, 36.2586726 ], [ -115.2121347, 36.2586726 ], [ -115.2121347, 36.2586672 ], [ -115.2121401, 36.2586672 ], [ -115.2121401, 36.2586645 ], [ -115.2121428, 36.2586645 ], [ -115.2121428, 36.2586618 ], [ -115.2121455, 36.2586618 ], [ -115.2121455, 36.2586591 ], [ -115.2121482, 36.2586591 ], [ -115.2121482, 36.2586537 ], [ -115.2121509, 36.2586537 ], [ -115.2121509, 36.258651 ], [ -115.2121536, 36.258651 ], [ -115.2121536, 36.2586483 ], [ -115.2121563, 36.2586483 ], [ -115.2121563, 36.2586429 ], [ -115.212159, 36.2586429 ], [ -115.212159, 36.2586402 ], [ -115.2121617, 36.2586402 ], [ -115.2121617, 36.2586375 ], [ -115.2121644, 36.2586375 ], [ -115.2121644, 36.2586321 ], [ -115.2121671, 36.2586321 ], [ -115.2121671, 36.2586294 ], [ -115.2121698, 36.2586294 ], [ -115.2121698, 36.258624 ], [ -115.2121725, 36.258624 ], [ -115.2121725, 36.2586213 ], [ -115.2121752, 36.2586213 ], [ -115.2121752, 36.2586159 ], [ -115.2121779, 36.2586159 ], [ -115.2121779, 36.2586132 ], [ -115.2121806, 36.2586132 ], [ -115.2121806, 36.2586078 ], [ -115.2121833, 36.2586078 ], [ -115.2121833, 36.2586024 ], [ -115.212186, 36.2586024 ], [ -115.212186, 36.258597 ], [ -115.2121887, 36.258597 ], [ -115.2121887, 36.2585916 ], [ -115.2121914, 36.2585916 ], [ -115.2121914, 36.2585889 ], [ -115.2121941, 36.2585889 ], [ -115.2121941, 36.2585835 ], [ -115.2121968, 36.2585835 ], [ -115.2121968, 36.2585808 ], [ -115.2121995, 36.2585808 ], [ -115.2121995, 36.2585781 ], [ -115.2122022, 36.2585781 ], [ -115.2122022, 36.2585754 ], [ -115.2122049, 36.2585754 ], [ -115.2122049, 36.2585727 ], [ -115.212213, 36.2585727 ], [ -115.212213, 36.2585673 ], [ -115.2122157, 36.2585673 ], [ -115.2122157, 36.2585646 ], [ -115.2122184, 36.2585646 ], [ -115.2122184, 36.2585619 ], [ -115.2122211, 36.2585619 ], [ -115.2122211, 36.2585592 ], [ -115.2122265, 36.2585592 ], [ -115.2122265, 36.2585619 ], [ -115.2122373, 36.2585619 ], [ -115.2122373, 36.2585592 ], [ -115.21224, 36.2585592 ], [ -115.21224, 36.2585619 ], [ -115.2122454, 36.2585619 ], [ -115.2122454, 36.2585673 ], [ -115.2122481, 36.2585673 ], [ -115.2122481, 36.25857 ], [ -115.2122562, 36.25857 ], [ -115.2122562, 36.2585673 ], [ -115.2122616, 36.2585673 ], [ -115.2122616, 36.25857 ], [ -115.2122724, 36.25857 ], [ -115.2122724, 36.2585727 ], [ -115.2122805, 36.2585727 ], [ -115.2122805, 36.2585754 ], [ -115.2122886, 36.2585754 ], [ -115.2122886, 36.2585781 ], [ -115.2122967, 36.2585781 ], [ -115.2122967, 36.2585808 ], [ -115.2123021, 36.2585808 ], [ -115.2123021, 36.2585835 ], [ -115.2123075, 36.2585835 ], [ -115.2123075, 36.2585862 ], [ -115.2123156, 36.2585862 ], [ -115.2123156, 36.2585889 ], [ -115.2123237, 36.2585889 ], [ -115.2123237, 36.2585916 ], [ -115.2123264, 36.2585916 ], [ -115.2123264, 36.2586024 ], [ -115.2123237, 36.2586024 ], [ -115.2123237, 36.2586078 ], [ -115.212321, 36.2586078 ], [ -115.212321, 36.2586105 ], [ -115.2123183, 36.2586105 ], [ -115.2123183, 36.2586186 ], [ -115.2123156, 36.2586186 ], [ -115.2123156, 36.258624 ], [ -115.2123129, 36.258624 ], [ -115.2123129, 36.2586267 ], [ -115.2123102, 36.2586267 ], [ -115.2123102, 36.2586321 ], [ -115.2123075, 36.2586321 ], [ -115.2123075, 36.2586348 ], [ -115.2123048, 36.2586348 ], [ -115.2123048, 36.2586402 ], [ -115.2123021, 36.2586402 ], [ -115.2123021, 36.2586456 ], [ -115.2122994, 36.2586456 ], [ -115.2122994, 36.258651 ], [ -115.2122967, 36.258651 ], [ -115.2122967, 36.2586537 ], [ -115.212294, 36.2586537 ], [ -115.212294, 36.2586591 ], [ -115.2122913, 36.2586591 ], [ -115.2122913, 36.2586618 ], [ -115.2122886, 36.2586618 ], [ -115.2122886, 36.2586672 ], [ -115.2122859, 36.2586672 ], [ -115.2122859, 36.2586699 ], [ -115.2122832, 36.2586699 ], [ -115.2122832, 36.2586753 ], [ -115.2122805, 36.2586753 ], [ -115.2122805, 36.2586807 ], [ -115.2122778, 36.2586807 ], [ -115.2122778, 36.2586834 ], [ -115.2122751, 36.2586834 ], [ -115.2122751, 36.2586861 ], [ -115.2122724, 36.2586861 ], [ -115.2122724, 36.2586915 ], [ -115.2122697, 36.2586915 ], [ -115.2122697, 36.2586942 ], [ -115.212267, 36.2586942 ], [ -115.212267, 36.2586996 ], [ -115.2122643, 36.2586996 ], [ -115.2122643, 36.258705 ], [ -115.2122616, 36.258705 ], [ -115.2122616, 36.2587077 ], [ -115.2122589, 36.2587077 ], [ -115.2122589, 36.2587131 ], [ -115.2122562, 36.2587131 ], [ -115.2122562, 36.2587185 ], [ -115.2122535, 36.2587185 ], [ -115.2122535, 36.2587212 ], [ -115.2122508, 36.2587212 ], [ -115.2122508, 36.2587266 ], [ -115.2122481, 36.2587266 ], [ -115.2122481, 36.258732 ], [ -115.2122454, 36.258732 ], [ -115.2122454, 36.2587374 ], [ -115.2122427, 36.2587374 ], [ -115.2122427, 36.2587401 ], [ -115.21224, 36.2587401 ], [ -115.21224, 36.2587455 ], [ -115.2122373, 36.2587455 ], [ -115.2122373, 36.2587482 ], [ -115.2122346, 36.2587482 ], [ -115.2122346, 36.2587509 ], [ -115.2122319, 36.2587509 ], [ -115.2122319, 36.2587536 ] ] ] } },
{ "type": "Feature", "properties": { "value": 255.0 }, "geometry": { "type": "Polygon", "coordinates": [ [ [ -115.2109953, 36.2586672 ], [ -115.2109926, 36.2586672 ], [ -115.2109926, 36.2585133 ], [ -115.2109953, 36.2585133 ], [ -115.2109953, 36.258516 ], [ -115.210998, 36.258516 ], [ -115.210998, 36.2585133 ], [ -115.2110034, 36.2585133 ], [ -115.2110034, 36.258516 ], [ -115.2110061, 36.258516 ], [ -115.2110061, 36.2585187 ], [ -115.2110196, 36.2585187 ], [ -115.2110196, 36.2585214 ], [ -115.2110223, 36.2585214 ], [ -115.2110223, 36.2585241 ], [ -115.211025, 36.2585241 ], [ -115.211025, 36.2585268 ], [ -115.2110331, 36.2585268 ], [ -115.2110331, 36.2585241 ], [ -115.2110466, 36.2585241 ], [ -115.2110466, 36.2585268 ], [ -115.2110493, 36.2585268 ], [ -115.2110493, 36.2585295 ], [ -115.2110574, 36.2585295 ], [ -115.2110574, 36.2585349 ], [ -115.2110601, 36.2585349 ], [ -115.2110601, 36.2585403 ], [ -115.2110574, 36.2585403 ], [ -115.2110574, 36.2585673 ], [ -115.2110547, 36.2585673 ], [ -115.2110547, 36.2585754 ], [ -115.211052, 36.2585754 ], [ -115.211052, 36.2585781 ], [ -115.2110493, 36.2585781 ], [ -115.2110493, 36.2585808 ], [ -115.2110466, 36.2585808 ], [ -115.2110466, 36.2585916 ], [ -115.2110439, 36.2585916 ], [ -115.2110439, 36.2585997 ], [ -115.2110412, 36.2585997 ], [ -115.2110412, 36.2586051 ], [ -115.2110385, 36.2586051 ], [ -115.2110385, 36.2586078 ], [ -115.2110358, 36.2586078 ], [ -115.2110358, 36.2586132 ], [ -115.2110331, 36.2586132 ], [ -115.2110331, 36.2586159 ], [ -115.2110304, 36.2586159 ], [ -115.2110304, 36.2586186 ], [ -115.2110277, 36.2586186 ], [ -115.2110277, 36.2586213 ], [ -115.211025, 36.2586213 ], [ -115.211025, 36.2586267 ], [ -115.2110223, 36.2586267 ], [ -115.2110223, 36.2586294 ], [ -115.2110196, 36.2586294 ], [ -115.2110196, 36.2586348 ], [ -115.2110169, 36.2586348 ], [ -115.2110169, 36.2586402 ], [ -115.2110142, 36.2586402 ], [ -115.2110142, 36.2586429 ], [ -115.2110115, 36.2586429 ], [ -115.2110115, 36.2586483 ], [ -115.2110088, 36.2586483 ], [ -115.2110088, 36.258651 ], [ -115.2110061, 36.258651 ], [ -115.2110061, 36.2586564 ], [ -115.2110034, 36.2586564 ], [ -115.2110034, 36.2586618 ], [ -115.2110007, 36.2586618 ], [ -115.2110007, 36.2586645 ], [ -115.2109953, 36.2586645 ], [ -115.2109953, 36.2586672 ] ] ] } },
{ "type": "Feature", "properties": { "value": 255.0 }, "geometry": { "type": "Polygon", "coordinates": [ [ [ -115.2120915, 36.2586996 ], [ -115.2120861, 36.2586996 ], [ -115.2120861, 36.2586969 ], [ -115.212078, 36.2586969 ], [ -115.212078, 36.2586942 ], [ -115.2120699, 36.2586942 ], [ -115.2120699, 36.2586915 ], [ -115.2120591, 36.2586915 ], [ -115.2120591, 36.2586888 ], [ -115.212051, 36.2586888 ], [ -115.212051, 36.2586861 ], [ -115.2120456, 36.2586861 ], [ -115.2120456, 36.2586834 ], [ -115.2120375, 36.2586834 ], [ -115.2120375, 36.2586807 ], [ -115.2120321, 36.2586807 ], [ -115.2120321, 36.258678 ], [ -115.2120267, 36.258678 ], [ -115.2120267, 36.2586618 ], [ -115.2120294, 36.2586618 ], [ -115.2120294, 36.2586537 ], [ -115.2120321, 36.2586537 ], [ -115.2120321, 36.2586483 ], [ -115.2120375, 36.2586483 ], [ -115.2120375, 36.2586456 ], [ -115.2120402, 36.2586456 ], [ -115.2120402, 36.2586429 ], [ -115.2120429, 36.2586429 ], [ -115.2120429, 36.2586402 ], [ -115.2120456, 36.2586402 ], [ -115.2120456, 36.2586375 ], [ -115.2120429, 36.2586375 ], [ -115.2120429, 36.2586294 ], [ -115.2120402, 36.2586294 ], [ -115.2120402, 36.2586267 ], [ -115.2120348, 36.2586267 ], [ -115.2120348, 36.258624 ], [ -115.2120267, 36.258624 ], [ -115.2120267, 36.2586213 ], [ -115.2120186, 36.2586213 ], [ -115.2120186, 36.2586186 ], [ -115.2120132, 36.2586186 ], [ -115.2120132, 36.2586159 ], [ -115.2120105, 36.2586159 ], [ -115.2120105, 36.2586051 ], [ -115.2120132, 36.2586051 ], [ -115.2120132, 36.2586024 ], [ -115.2120159, 36.2586024 ], [ -115.2120159, 36.258597 ], [ -115.2120186, 36.258597 ], [ -115.2120186, 36.2585916 ], [ -115.2120213, 36.2585916 ], [ -115.2120213, 36.2585889 ], [ -115.212024, 36.2585889 ], [ -115.212024, 36.2585835 ], [ -115.2120267, 36.2585835 ], [ -115.2120267, 36.2585808 ], [ -115.2120294, 36.2585808 ], [ -115.2120294, 36.2585781 ], [ -115.2120321, 36.2585781 ], [ -115.2120321, 36.2585754 ], [ -115.2120348, 36.2585754 ], [ -115.2120348, 36.25857 ], [ -115.2120375, 36.25857 ], [ -115.2120375, 36.2585673 ], [ -115.2120402, 36.2585673 ], [ -115.2120402, 36.2585619 ], [ -115.2120429, 36.2585619 ], [ -115.2120429, 36.2585565 ], [ -115.2120456, 36.2585565 ], [ -115.2120456, 36.2585511 ], [ -115.2120483, 36.2585511 ], [ -115.2120483, 36.2585484 ], [ -115.212051, 36.2585484 ], [ -115.212051, 36.2585457 ], [ -115.2120537, 36.2585457 ], [ -115.2120537, 36.2585376 ], [ -115.2120564, 36.2585376 ], [ -115.2120564, 36.2585295 ], [ -115.2120591, 36.2585295 ], [ -115.2120591, 36.2585241 ], [ -115.2120618, 36.2585241 ], [ -115.2120618, 36.2585187 ], [ -115.2120645, 36.2585187 ], [ -115.2120645, 36.258516 ], [ -115.2120672, 36.258516 ], [ -115.2120672, 36.2585133 ], [ -115.2120726, 36.2585133 ], [ -115.2120726, 36.2585106 ], [ -115.212078, 36.2585106 ], [ -115.212078, 36.2585079 ], [ -115.2120807, 36.2585079 ], [ -115.2120807, 36.2585052 ], [ -115.2120834, 36.2585052 ], [ -115.2120834, 36.2585025 ], [ -115.2120888, 36.2585025 ], [ -115.2120888, 36.2584998 ], [ -115.2120996, 36.2584998 ], [ -115.2120996, 36.2585025 ], [ -115.2121104, 36.2585025 ], [ -115.2121104, 36.2585052 ], [ -115.2121185, 36.2585052 ], [ -115.2121185, 36.2585079 ], [ -115.2121239, 36.2585079 ], [ -115.2121239, 36.2585106 ], [ -115.2121293, 36.2585106 ], [ -115.2121293, 36.2585133 ], [ -115.2121401, 36.2585133 ], [ -115.2121401, 36.258516 ], [ -115.2121428, 36.258516 ], [ -115.2121428, 36.2585187 ], [ -115.2121482, 36.2585187 ], [ -115.2121482, 36.2585214 ], [ -115.2121536, 36.2585214 ], [ -115.2121536, 36.2585241 ], [ -115.2121617, 36.2585241 ], [ -115.2121617, 36.2585268 ], [ -115.2121671, 36.2585268 ], [ -115.2121671, 36.2585295 ], [ -115.2121725, 36.2585295 ], [ -115.2121725, 36.2585322 ], [ -115.2121779, 36.2585322 ], [ -115.2121779, 36.2585349 ], [ -115.2121833, 36.2585349 ], [ -115.2121833, 36.2585376 ], [ -115.2121887, 36.2585376 ], [ -115.2121887, 36.2585403 ], [ -115.2121914, 36.2585403 ], [ -115.2121914, 36.2585484 ], [ -115.2121887, 36.2585484 ], [ -115.2121887, 36.2585538 ], [ -115.212186, 36.2585538 ], [ -115.212186, 36.2585619 ], [ -115.2121833, 36.2585619 ], [ -115.2121833, 36.2585673 ], [ -115.2121806, 36.2585673 ], [ -115.2121806, 36.25857 ], [ -115.2121779, 36.25857 ], [ -115.2121779, 36.2585754 ], [ -115.2121752, 36.2585754 ], [ -115.2121752, 36.2585781 ], [ -115.2121725, 36.2585781 ], [ -115.2121725, 36.2585835 ], [ -115.2121698, 36.2585835 ], [ -115.2121698, 36.2585889 ], [ -115.2121671, 36.2585889 ], [ -115.2121671, 36.2585916 ], [ -115.2121644, 36.2585916 ], [ -115.2121644, 36.258597 ], [ -115.2121617, 36.258597 ], [ -115.2121617, 36.2586024 ], [ -115.212159, 36.2586024 ], [ -115.212159, 36.2586078 ], [ -115.2121563, 36.2586078 ], [ -115.2121563, 36.2586105 ], [ -115.2121536, 36.2586105 ], [ -115.2121536, 36.2586132 ], [ -115.2121509, 36.2586132 ], [ -115.2121509, 36.2586186 ], [ -115.2121482, 36.2586186 ], [ -115.2121482, 36.2586213 ], [ -115.2121455, 36.2586213 ], [ -115.2121455, 36.258624 ], [ -115.2121428, 36.258624 ], [ -115.2121428, 36.2586267 ], [ -115.2121401, 36.2586267 ], [ -115.2121401, 36.2586321 ], [ -115.2121374, 36.2586321 ], [ -115.2121374, 36.2586348 ], [ -115.2121347, 36.2586348 ], [ -115.2121347, 36.2586402 ], [ -115.212132, 36.2586402 ], [ -115.212132, 36.2586429 ], [ -115.2121293, 36.2586429 ], [ -115.2121293, 36.2586456 ], [ -115.2121266, 36.2586456 ], [ -115.2121266, 36.2586483 ], [ -115.2121239, 36.2586483 ], [ -115.2121239, 36.258651 ], [ -115.2121212, 36.258651 ], [ -115.2121212, 36.2586537 ], [ -115.2121185, 36.2586537 ], [ -115.2121185, 36.2586564 ], [ -115.2121158, 36.2586564 ], [ -115.2121158, 36.2586618 ], [ -115.2121131, 36.2586618 ], [ -115.2121131, 36.2586645 ], [ -115.2121104, 36.2586645 ], [ -115.2121104, 36.2586699 ], [ -115.2121077, 36.2586699 ], [ -115.2121077, 36.2586753 ], [ -115.212105, 36.2586753 ], [ -115.212105, 36.2586807 ], [ -115.2121023, 36.2586807 ], [ -115.2121023, 36.2586861 ], [ -115.2120996, 36.2586861 ], [ -115.2120996, 36.2586915 ], [ -115.2120969, 36.2586915 ], [ -115.2120969, 36.2586969 ], [ -115.2120915, 36.2586969 ], [ -115.2120915, 36.2586996 ] ] ] } },
{ "type": "Feature", "properties": { "value": 255.0 }, "geometry": { "type": "Polygon", "coordinates": [ [ [ -115.2119565, 36.2586402 ], [ -115.211943, 36.2586402 ], [ -115.211943, 36.2586375 ], [ -115.2119322, 36.2586375 ], [ -115.2119322, 36.2586348 ], [ -115.2119214, 36.2586348 ], [ -115.2119214, 36.2586321 ], [ -115.2119133, 36.2586321 ], [ -115.2119133, 36.2586294 ], [ -115.2119079, 36.2586294 ], [ -115.2119079, 36.2586267 ], [ -115.2119025, 36.2586267 ], [ -115.2119025, 36.258624 ], [ -115.2118971, 36.258624 ], [ -115.2118971, 36.2586213 ], [ -115.2118944, 36.2586213 ], [ -115.2118944, 36.2586186 ], [ -115.2118917, 36.2586186 ], [ -115.2118917, 36.2586105 ], [ -115.2118944, 36.2586105 ], [ -115.2118944, 36.2586024 ], [ -115.2118971, 36.2586024 ], [ -115.2118971, 36.2585916 ], [ -115.2118998, 36.2585916 ], [ -115.2118998, 36.2585565 ], [ -115.2118971, 36.2585565 ], [ -115.2118971, 36.2585538 ], [ -115.2118944, 36.2585538 ], [ -115.2118944, 36.2585511 ], [ -115.2118917, 36.2585511 ], [ -115.2118917, 36.2585484 ], [ -115.2118863, 36.2585484 ], [ -115.2118863, 36.2585457 ], [ -115.2118836, 36.2585457 ], [ -115.2118836, 36.258543 ], [ -115.2118809, 36.258543 ], [ -115.2118809, 36.2585349 ], [ -115.2118836, 36.2585349 ], [ -115.2118836, 36.2585295 ], [ -115.2118863, 36.2585295 ], [ -115.2118863, 36.2585268 ], [ -115.211889, 36.2585268 ], [ -115.211889, 36.2585214 ], [ -115.2118917, 36.2585214 ], [ -115.2118917, 36.2585187 ], [ -115.2118944, 36.2585187 ], [ -115.2118944, 36.258516 ], [ -115.2118971, 36.258516 ], [ -115.2118971, 36.2585133 ], [ -115.2118998, 36.2585133 ], [ -115.2118998, 36.2585079 ], [ -115.2119025, 36.2585079 ], [ -115.2119025, 36.2585025 ], [ -115.2119052, 36.2585025 ], [ -115.2119052, 36.2584971 ], [ -115.2119079, 36.2584971 ], [ -115.2119079, 36.2584917 ], [ -115.2119106, 36.2584917 ], [ -115.2119106, 36.2584863 ], [ -115.2119133, 36.2584863 ], [ -115.2119133, 36.2584809 ], [ -115.211916, 36.2584809 ], [ -115.211916, 36.2584782 ], [ -115.2119187, 36.2584782 ], [ -115.2119187, 36.2584728 ], [ -115.2119214, 36.2584728 ], [ -115.2119214, 36.2584701 ], [ -115.2119241, 36.2584701 ], [ -115.2119241, 36.2584647 ], [ -115.2119268, 36.2584647 ], [ -115.2119268, 36.258462 ], [ -115.2119295, 36.258462 ], [ -115.2119295, 36.2584566 ], [ -115.2119322, 36.2584566 ], [ -115.2119322, 36.2584512 ], [ -115.2119349, 36.2584512 ], [ -115.2119349, 36.2584458 ], [ -115.2119376, 36.2584458 ], [ -115.2119376, 36.2584431 ], [ -115.2119457, 36.2584431 ], [ -115.2119457, 36.2584404 ], [ -115.2119484, 36.2584404 ], [ -115.2119484, 36.2584431 ], [ -115.2119619, 36.2584431 ], [ -115.2119619, 36.2584458 ], [ -115.2119781, 36.2584458 ], [ -115.2119781, 36.2584431 ], [ -115.2120024, 36.2584431 ], [ -115.2120024, 36.2584404 ], [ -115.2120213, 36.2584404 ], [ -115.2120213, 36.2584431 ], [ -115.212024, 36.2584431 ], [ -115.212024, 36.2584458 ], [ -115.2120294, 36.2584458 ], [ -115.2120294, 36.2584485 ], [ -115.2120348, 36.2584485 ], [ -115.2120348, 36.2584512 ], [ -115.2120402, 36.2584512 ], [ -115.2120402, 36.2584539 ], [ -115.2120456, 36.2584539 ], [ -115.2120456, 36.2584566 ], [ -115.2120483, 36.2584566 ], [ -115.2120483, 36.2584593 ], [ -115.212051, 36.2584593 ], [ -115.212051, 36.258462 ], [ -115.2120537, 36.258462 ], [ -115.2120537, 36.2584647 ], [ -115.2120564, 36.2584647 ], [ -115.2120564, 36.2584728 ], [ -115.2120537, 36.2584728 ], [ -115.2120537, 36.2584809 ], [ -115.212051, 36.2584809 ], [ -115.212051, 36.258489 ], [ -115.2120483, 36.258489 ], [ -115.2120483, 36.2584944 ], [ -115.2120456, 36.2584944 ], [ -115.2120456, 36.2584998 ], [ -115.2120429, 36.2584998 ], [ -115.2120429, 36.2585052 ], [ -115.2120402, 36.2585052 ], [ -115.2120402, 36.2585106 ], [ -115.2120375, 36.2585106 ], [ -115.2120375, 36.2585133 ], [ -115.2120348, 36.2585133 ], [ -115.2120348, 36.2585187 ], [ -115.2120321, 36.2585187 ], [ -115.2120321, 36.2585241 ], [ -115.2120294, 36.2585241 ], [ -115.2120294, 36.2585268 ], [ -115.2120267, 36.2585268 ], [ -115.2120267, 36.2585322 ], [ -115.212024, 36.2585322 ], [ -115.212024, 36.2585349 ], [ -115.2120213, 36.2585349 ], [ -115.2120213, 36.2585403 ], [ -115.2120186, 36.2585403 ], [ -115.2120186, 36.258543 ], [ -115.2120159, 36.258543 ], [ -115.2120159, 36.2585484 ], [ -115.2120132, 36.2585484 ], [ -115.2120132, 36.2585538 ], [ -115.2120105, 36.2585538 ], [ -115.2120105, 36.2585565 ], [ -115.2120078, 36.2585565 ], [ -115.2120078, 36.2585619 ], [ -115.2120051, 36.2585619 ], [ -115.2120051, 36.2585646 ], [ -115.2120024, 36.2585646 ], [ -115.2120024, 36.25857 ], [ -115.2119997, 36.25857 ], [ -115.2119997, 36.2585727 ], [ -115.211997, 36.2585727 ], [ -115.211997, 36.2585781 ], [ -115.2119943, 36.2585781 ], [ -115.2119943, 36.2585808 ], [ -115.2119916, 36.2585808 ], [ -115.2119916, 36.2585862 ], [ -115.2119889, 36.2585862 ], [ -115.2119889, 36.2585916 ], [ -115.2119862, 36.2585916 ], [ -115.2119862, 36.2585943 ], [ -115.2119835, 36.2585943 ], [ -115.2119835, 36.2585997 ], [ -115.2119808, 36.2585997 ], [ -115.2119808, 36.2586024 ], [ -115.2119781, 36.2586024 ], [ -115.2119781, 36.2586078 ], [ -115.2119754, 36.2586078 ], [ -115.2119754, 36.2586132 ], [ -115.2119727, 36.2586132 ], [ -115.2119727, 36.2586159 ], [ -115.21197, 36.2586159 ], [ -115.21197, 36.2586213 ], [ -115.2119673, 36.2586213 ], [ -115.2119673, 36.2586267 ], [ -115.2119646, 36.2586267 ], [ -115.2119646, 36.2586294 ], [ -115.2119619, 36.2586294 ], [ -115.2119619, 36.2586348 ], [ -115.2119592, 36.2586348 ], [ -115.2119592, 36.2586375 ], [ -115.2119565, 36.2586375 ], [ -115.2119565, 36.2586402 ] ] ] } },
{ "type": "Feature", "properties": { "value": 255.0 }, "geometry": { "type": "Polygon", "coordinates": [ [ [ -115.2118188, 36.2585862 ], [ -115.211808, 36.2585862 ], [ -115.211808, 36.2585835 ], [ -115.2117999, 36.2585835 ], [ -115.2117999, 36.2585808 ], [ -115.2117918, 36.2585808 ], [ -115.2117918, 36.2585781 ], [ -115.2117837, 36.2585781 ], [ -115.2117837, 36.2585754 ], [ -115.2117783, 36.2585754 ], [ -115.2117783, 36.2585727 ], [ -115.2117729, 36.2585727 ], [ -115.2117729, 36.25857 ], [ -115.2117702, 36.25857 ], [ -115.2117702, 36.2585673 ], [ -115.2117675, 36.2585673 ], [ -115.2117675, 36.2585646 ], [ -115.2117648, 36.2585646 ], [ -115.2117648, 36.2585619 ], [ -115.2117621, 36.2585619 ], [ -115.2117621, 36.2585592 ], [ -115.2117594, 36.2585592 ], [ -115.2117594, 36.2585511 ], [ -115.2117567, 36.2585511 ], [ -115.2117567, 36.2585484 ], [ -115.211754, 36.2585484 ], [ -115.211754, 36.2585457 ], [ -115.2117486, 36.2585457 ], [ -115.2117486, 36.258543 ], [ -115.2117459, 36.258543 ], [ -115.2117459, 36.2585403 ], [ -115.2117405, 36.2585403 ], [ -115.2117405, 36.2585376 ], [ -115.2117351, 36.2585376 ], [ -115.2117351, 36.2585349 ], [ -115.2117297, 36.2585349 ], [ -115.2117297, 36.2585322 ], [ -115.2117216, 36.2585322 ], [ -115.2117216, 36.2585295 ], [ -115.2117189, 36.2585295 ], [ -115.2117189, 36.2585268 ], [ -115.2117162, 36.2585268 ], [ -115.2117162, 36.2585241 ], [ -115.2117189, 36.2585241 ], [ -115.2117189, 36.258516 ], [ -115.2117216, 36.258516 ], [ -115.2117216, 36.2585106 ], [ -115.2117243, 36.2585106 ], [ -115.2117243, 36.2585052 ], [ -115.211727, 36.2585052 ], [ -115.211727, 36.2584998 ], [ -115.2117297, 36.2584998 ], [ -115.2117297, 36.2584971 ], [ -115.2117324, 36.2584971 ], [ -115.2117324, 36.2584917 ], [ -115.2117351, 36.2584917 ], [ -115.2117351, 36.258489 ], [ -115.2117378, 36.258489 ], [ -115.2117378, 36.2584863 ], [ -115.2117405, 36.2584863 ], [ -115.2117405, 36.2584836 ], [ -115.2117432, 36.2584836 ], [ -115.2117432, 36.2584809 ], [ -115.2117459, 36.2584809 ], [ -115.2117459, 36.2584782 ], [ -115.2117513, 36.2584782 ], [ -115.2117513, 36.2584755 ], [ -115.211754, 36.2584755 ], [ -115.211754, 36.2584728 ], [ -115.2117594, 36.2584728 ], [ -115.2117594, 36.2584674 ], [ -115.2117621, 36.2584674 ], [ -115.2117621, 36.258462 ], [ -115.2117648, 36.258462 ], [ -115.2117648, 36.2584539 ], [ -115.2117675, 36.2584539 ], [ -115.2117675, 36.2584485 ], [ -115.2117702, 36.2584485 ], [ -115.2117702, 36.2584458 ], [ -115.2117729, 36.2584458 ], [ -115.2117729, 36.2584431 ], [ -115.2117756, 36.2584431 ], [ -115.2117756, 36.2584377 ], [ -115.2117783, 36.2584377 ], [ -115.2117783, 36.2584323 ], [ -115.211781, 36.2584323 ], [ -115.211781, 36.2584269 ], [ -115.2117837, 36.2584269 ], [ -115.2117837, 36.2584215 ], [ -115.2117864, 36.2584215 ], [ -115.2117864, 36.2584161 ], [ -115.2117891, 36.2584161 ], [ -115.2117891, 36.2584107 ], [ -115.2117918, 36.2584107 ], [ -115.2117918, 36.258408 ], [ -115.2117945, 36.258408 ], [ -115.2117945, 36.2584026 ], [ -115.2117972, 36.2584026 ], [ -115.2117972, 36.2583999 ], [ -115.2117999, 36.2583999 ], [ -115.2117999, 36.2583972 ], [ -115.2118026, 36.2583972 ], [ -115.2118026, 36.2583945 ], [ -115.2118053, 36.2583945 ], [ -115.2118053, 36.2583918 ], [ -115.211808, 36.2583918 ], [ -115.211808, 36.2583891 ], [ -115.2118107, 36.2583891 ], [ -115.2118107, 36.2583837 ], [ -115.2118134, 36.2583837 ], [ -115.2118134, 36.258381 ], [ -115.2118161, 36.258381 ], [ -115.2118161, 36.2583756 ], [ -115.2118188, 36.2583756 ], [ -115.2118188, 36.2583729 ], [ -115.2118323, 36.2583729 ], [ -115.2118323, 36.2583702 ], [ -115.211835, 36.2583702 ], [ -115.211835, 36.2583729 ], [ -115.2118512, 36.2583729 ], [ -115.2118512, 36.2583756 ], [ -115.2118593, 36.2583756 ], [ -115.2118593, 36.2583783 ], [ -115.2118647, 36.2583783 ], [ -115.2118647, 36.258381 ], [ -115.2118674, 36.258381 ], [ -115.2118674, 36.2583837 ], [ -115.2118701, 36.2583837 ], [ -115.2118701, 36.2583864 ], [ -115.2118728, 36.2583864 ], [ -115.2118728, 36.2583945 ], [ -115.2118755, 36.2583945 ], [ -115.2118755, 36.2583972 ], [ -115.2118782, 36.2583972 ], [ -115.2118782, 36.2583999 ], [ -115.2118809, 36.2583999 ], [ -115.2118809, 36.2584026 ], [ -115.2118836, 36.2584026 ], [ -115.2118836, 36.2584053 ], [ -115.2118863, 36.2584053 ], [ -115.2118863, 36.258408 ], [ -115.211889, 36.258408 ], [ -115.211889, 36.2584107 ], [ -115.2118944, 36.2584107 ], [ -115.2118944, 36.2584134 ], [ -115.2119025, 36.2584134 ], [ -115.2119025, 36.2584161 ], [ -115.2119079, 36.2584161 ], [ -115.2119079, 36.2584188 ], [ -115.211916, 36.2584188 ], [ -115.211916, 36.2584215 ], [ -115.2119187, 36.2584215 ], [ -115.2119187, 36.2584242 ], [ -115.2119214, 36.2584242 ], [ -115.2119214, 36.2584269 ], [ -115.2119187, 36.2584269 ], [ -115.2119187, 36.2584323 ], [ -115.211916, 36.2584323 ], [ -115.211916, 36.2584377 ], [ -115.2119133, 36.2584377 ], [ -115.2119133, 36.2584404 ], [ -115.2119106, 36.2584404 ], [ -115.2119106, 36.2584458 ], [ -115.2119079, 36.2584458 ], [ -115.2119079, 36.2584512 ], [ -115.2119052, 36.2584512 ], [ -115.2119052, 36.2584539 ], [ -115.2119025, 36.2584539 ], [ -115.2119025, 36.2584593 ], [ -115.2118998, 36.2584593 ], [ -115.2118998, 36.258462 ], [ -115.2118971, 36.258462 ], [ -115.2118971, 36.2584674 ], [ -115.2118944, 36.2584674 ], [ -115.2118944, 36.2584701 ], [ -115.2118917, 36.2584701 ], [ -115.2118917, 36.2584755 ], [ -115.211889, 36.2584755 ], [ -115.211889, 36.2584809 ], [ -115.2118863, 36.2584809 ], [ -115.2118863, 36.2584836 ], [ -115.2118836, 36.2584836 ], [ -115.2118836, 36.258489 ], [ -115.2118809, 36.258489 ], [ -115.2118809, 36.2584917 ], [ -115.2118782, 36.2584917 ], [ -115.2118782, 36.2584971 ], [ -115.2118755, 36.2584971 ], [ -115.2118755, 36.2584998 ], [ -115.2118728, 36.2584998 ], [ -115.2118728, 36.2585052 ], [ -115.2118701, 36.2585052 ], [ -115.2118701, 36.2585079 ], [ -115.2118674, 36.2585079 ], [ -115.2118674, 36.2585106 ], [ -115.2118647, 36.2585106 ], [ -115.2118647, 36.258516 ], [ -115.211862, 36.258516 ], [ -115.211862, 36.2585187 ], [ -115.2118593, 36.2585187 ], [ -115.2118593, 36.2585241 ], [ -115.2118566, 36.2585241 ], [ -115.2118566, 36.2585295 ], [ -115.2118539, 36.2585295 ], [ -115.2118539, 36.2585349 ], [ -115.2118512, 36.2585349 ], [ -115.2118512, 36.2585403 ], [ -115.2118485, 36.2585403 ], [ -115.2118485, 36.258543 ], [ -115.2118458, 36.258543 ], [ -115.2118458, 36.2585484 ], [ -115.2118431, 36.2585484 ], [ -115.2118431, 36.2585511 ], [ -115.2118404, 36.2585511 ], [ -115.2118404, 36.2585538 ], [ -115.2118377, 36.2585538 ], [ -115.2118377, 36.2585592 ], [ -115.211835, 36.2585592 ], [ -115.211835, 36.2585646 ], [ -115.2118323, 36.2585646 ], [ -115.2118323, 36.2585673 ], [ -115.2118296, 36.2585673 ], [ -115.2118296, 36.2585727 ], [ -115.2118269, 36.2585727 ], [ -115.2118269, 36.2585781 ], [ -115.2118242, 36.2585781 ], [ -115.2118242, 36.2585808 ], [ -115.2118215, 36.2585808 ], [ -115.2118215, 36.2585835 ], [ -115.2118188, 36.2585835 ], [ -115.2118188, 36.2585862 ] ] ] } },
{ "type": "Feature", "properties": { "value": 255.0 }, "geometry": { "type": "Polygon", "coordinates": [ [ [ -115.2116838, 36.2585268 ], [ -115.2116676, 36.2585268 ], [ -115.2116676, 36.2585241 ], [ -115.2116595, 36.2585241 ], [ -115.2116595, 36.2585214 ], [ -115.2116514, 36.2585214 ], [ -115.2116514, 36.2585187 ], [ -115.211646, 36.2585187 ], [ -115.211646, 36.258516 ], [ -115.2116379, 36.258516 ], [ -115.2116379, 36.2585133 ], [ -115.2116298, 36.2585133 ], [ -115.2116298, 36.2585106 ], [ -115.2116244, 36.2585106 ], [ -115.2116244, 36.2585079 ], [ -115.211619, 36.2585079 ], [ -115.211619, 36.2584944 ], [ -115.2116217, 36.2584944 ], [ -115.2116217, 36.258489 ], [ -115.2116244, 36.258489 ], [ -115.2116244, 36.2584755 ], [ -115.2116217, 36.2584755 ], [ -115.2116217, 36.2584728 ], [ -115.211619, 36.2584728 ], [ -115.211619, 36.2584701 ], [ -115.2116136, 36.2584701 ], [ -115.2116136, 36.2584674 ], [ -115.2116109, 36.2584674 ], [ -115.2116109, 36.2584647 ], [ -115.2116055, 36.2584647 ], [ -115.2116055, 36.2584485 ], [ -115.2116082, 36.2584485 ], [ -115.2116082, 36.2584404 ], [ -115.2116055, 36.2584404 ], [ -115.2116055, 36.2584296 ], [ -115.2116082, 36.2584296 ], [ -115.2116082, 36.2584242 ], [ -115.2116109, 36.2584242 ], [ -115.2116109, 36.2584188 ], [ -115.2116136, 36.2584188 ], [ -115.2116136, 36.2584134 ], [ -115.2116163, 36.2584134 ], [ -115.2116163, 36.2584107 ], [ -115.211619, 36.2584107 ], [ -115.211619, 36.2584053 ], [ -115.2116217, 36.2584053 ], [ -115.2116217, 36.2583999 ], [ -115.2116244, 36.2583999 ], [ -115.2116244, 36.2583945 ], [ -115.2116271, 36.2583945 ], [ -115.2116271, 36.2583918 ], [ -115.2116298, 36.2583918 ], [ -115.2116298, 36.2583891 ], [ -115.2116325, 36.2583891 ], [ -115.2116325, 36.2583837 ], [ -115.2116352, 36.2583837 ], [ -115.2116352, 36.2583783 ], [ -115.2116379, 36.2583783 ], [ -115.2116379, 36.2583729 ], [ -115.2116406, 36.2583729 ], [ -115.2116406, 36.2583675 ], [ -115.2116433, 36.2583675 ], [ -115.2116433, 36.2583621 ], [ -115.211646, 36.2583621 ], [ -115.211646, 36.2583567 ], [ -115.2116487, 36.2583567 ], [ -115.2116487, 36.2583513 ], [ -115.2116514, 36.2583513 ], [ -115.2116514, 36.2583459 ], [ -115.2116541, 36.2583459 ], [ -115.2116541, 36.2583432 ], [ -115.2116568, 36.2583432 ], [ -115.2116568, 36.2583405 ], [ -115.2116595, 36.2583405 ], [ -115.2116595, 36.2583378 ], [ -115.2116622, 36.2583378 ], [ -115.2116622, 36.2583351 ], [ -115.2116649, 36.2583351 ], [ -115.2116649, 36.2583297 ], [ -115.2116676, 36.2583297 ], [ -115.2116676, 36.258327 ], [ -115.211673, 36.258327 ], [ -115.211673, 36.2583243 ], [ -115.2116757, 36.2583243 ], [ -115.2116757, 36.2583216 ], [ -115.2116811, 36.2583216 ], [ -115.2116811, 36.2583189 ], [ -115.2116865, 36.2583189 ], [ -115.2116865, 36.2583162 ], [ -115.2116892, 36.2583162 ], [ -115.2116892, 36.2583135 ], [ -115.2116919, 36.2583135 ], [ -115.2116919, 36.2583108 ], [ -115.2116973, 36.2583108 ], [ -115.2116973, 36.2583081 ], [ -115.2117081, 36.2583081 ], [ -115.2117081, 36.2583108 ], [ -115.2117135, 36.2583108 ], [ -115.2117135, 36.2583135 ], [ -115.2117162, 36.2583135 ], [ -115.2117162, 36.2583162 ], [ -115.2117216, 36.2583162 ], [ -115.2117216, 36.2583189 ], [ -115.211727, 36.2583189 ], [ -115.211727, 36.2583216 ], [ -115.2117324, 36.2583216 ], [ -115.2117324, 36.2583243 ], [ -115.2117378, 36.2583243 ], [ -115.2117378, 36.258327 ], [ -115.2117432, 36.258327 ], [ -115.2117432, 36.2583297 ], [ -115.2117513, 36.2583297 ], [ -115.2117513, 36.2583324 ], [ -115.2117594, 36.2583324 ], [ -115.2117594, 36.2583351 ], [ -115.2117648, 36.2583351 ], [ -115.2117648, 36.2583378 ], [ -115.2117675, 36.2583378 ], [ -115.2117675, 36.2583405 ], [ -115.2117729, 36.2583405 ], [ -115.2117729, 36.2583432 ], [ -115.2117756, 36.2583432 ], [ -115.2117756, 36.2583459 ], [ -115.2117783, 36.2583459 ], [ -115.2117783, 36.2583486 ], [ -115.211781, 36.2583486 ], [ -115.211781, 36.2583513 ], [ -115.2117837, 36.2583513 ], [ -115.2117837, 36.258354 ], [ -115.2117864, 36.258354 ], [ -115.2117864, 36.2583594 ], [ -115.2117837, 36.2583594 ], [ -115.2117837, 36.2583648 ], [ -115.211781, 36.2583648 ], [ -115.211781, 36.2583756 ], [ -115.2117783, 36.2583756 ], [ -115.2117783, 36.2583837 ], [ -115.2117756, 36.2583837 ], [ -115.2117756, 36.2583864 ], [ -115.2117729, 36.2583864 ], [ -115.2117729, 36.2583918 ], [ -115.2117702, 36.2583918 ], [ -115.2117702, 36.2583972 ], [ -115.2117675, 36.2583972 ], [ -115.2117675, 36.2584026 ], [ -115.2117648, 36.2584026 ], [ -115.2117648, 36.2584053 ], [ -115.2117621, 36.2584053 ], [ -115.2117621, 36.2584107 ], [ -115.2117594, 36.2584107 ], [ -115.2117594, 36.2584134 ], [ -115.2117567, 36.2584134 ], [ -115.2117567, 36.2584188 ], [ -115.211754, 36.2584188 ], [ -115.211754, 36.2584242 ], [ -115.2117513, 36.2584242 ], [ -115.2117513, 36.2584269 ], [ -115.2117486, 36.2584269 ], [ -115.2117486, 36.2584323 ], [ -115.2117459, 36.2584323 ], [ -115.2117459, 36.258435 ], [ -115.2117432, 36.258435 ], [ -115.2117432, 36.2584404 ], [ -115.2117405, 36.2584404 ], [ -115.2117405, 36.2584431 ], [ -115.2117378, 36.2584431 ], [ -115.2117378, 36.2584485 ], [ -115.2117351, 36.2584485 ], [ -115.2117351, 36.2584512 ], [ -115.2117324, 36.2584512 ], [ -115.2117324, 36.2584539 ], [ -115.2117297, 36.2584539 ], [ -115.2117297, 36.2584593 ], [ -115.211727, 36.2584593 ], [ -115.211727, 36.258462 ], [ -115.2117243, 36.258462 ], [ -115.2117243, 36.2584647 ], [ -115.2117216, 36.2584647 ], [ -115.2117216, 36.2584674 ], [ -115.2117189, 36.2584674 ], [ -115.2117189, 36.2584728 ], [ -115.2117162, 36.2584728 ], [ -115.2117162, 36.2584755 ], [ -115.2117135, 36.2584755 ], [ -115.2117135, 36.2584809 ], [ -115.2117108, 36.2584809 ], [ -115.2117108, 36.2584836 ], [ -115.2117081, 36.2584836 ], [ -115.2117081, 36.258489 ], [ -115.2117054, 36.258489 ], [ -115.2117054, 36.2584917 ], [ -115.2117027, 36.2584917 ], [ -115.2117027, 36.2584971 ], [ -115.2117, 36.2584971 ], [ -115.2117, 36.2585025 ], [ -115.2116973, 36.2585025 ], [ -115.2116973, 36.2585079 ], [ -115.2116946, 36.2585079 ], [ -115.2116946, 36.2585133 ], [ -115.2116919, 36.2585133 ], [ -115.2116919, 36.258516 ], [ -115.2116892, 36.258516 ], [ -115.2116892, 36.2585214 ], [ -115.2116865, 36.2585214 ], [ -115.2116865, 36.2585241 ], [ -115.2116838, 36.2585241 ], [ -115.2116838, 36.2585268 ] ] ] } },
{ "type": "Feature", "properties": { "value": 255.0 }, "geometry": { "type": "Polygon", "coordinates": [ [ [ -115.2115461, 36.2584674 ], [ -115.2115299, 36.2584674 ], [ -115.2115299, 36.2584647 ], [ -115.2115218, 36.2584647 ], [ -115.2115218, 36.258462 ], [ -115.211511, 36.258462 ], [ -115.211511, 36.2584593 ], [ -115.2115056, 36.2584593 ], [ -115.2115056, 36.2584566 ], [ -115.2115002, 36.2584566 ], [ -115.2115002, 36.2584539 ], [ -115.2114948, 36.2584539 ], [ -115.2114948, 36.2584512 ], [ -115.2114894, 36.2584512 ], [ -115.2114894, 36.2584485 ], [ -115.2114813, 36.2584485 ], [ -115.2114813, 36.2584458 ], [ -115.2114786, 36.2584458 ], [ -115.2114786, 36.2584323 ], [ -115.2114813, 36.2584323 ], [ -115.2114813, 36.2584269 ], [ -115.211484, 36.2584269 ], [ -115.211484, 36.2584215 ], [ -115.2114867, 36.2584215 ], [ -115.2114867, 36.2584188 ], [ -115.2114894, 36.2584188 ], [ -115.2114894, 36.2584161 ], [ -115.2114921, 36.2584161 ], [ -115.2114921, 36.2584134 ], [ -115.2114948, 36.2584134 ], [ -115.2114948, 36.2583999 ], [ -115.2114921, 36.2583999 ], [ -115.2114921, 36.2583972 ], [ -115.2114894, 36.2583972 ], [ -115.2114894, 36.2583945 ], [ -115.211484, 36.2583945 ], [ -115.211484, 36.2583918 ], [ -115.2114786, 36.2583918 ], [ -115.2114786, 36.2583891 ], [ -115.2114705, 36.2583891 ], [ -115.2114705, 36.2583864 ], [ -115.2114624, 36.2583864 ], [ -115.2114624, 36.2583837 ], [ -115.2114597, 36.2583837 ], [ -115.2114597, 36.2583783 ], [ -115.2114624, 36.2583783 ], [ -115.2114624, 36.2583729 ], [ -115.2114651, 36.2583729 ], [ -115.2114651, 36.2583702 ], [ -115.2114678, 36.2583702 ], [ -115.2114678, 36.2583675 ], [ -115.2114705, 36.2583675 ], [ -115.2114705, 36.2583648 ], [ -115.2114732, 36.2583648 ], [ -115.2114732, 36.2583621 ], [ -115.2114759, 36.2583621 ], [ -115.2114759, 36.2583594 ], [ -115.2114786, 36.2583594 ], [ -115.2114786, 36.2583567 ], [ -115.211484, 36.2583567 ], [ -115.211484, 36.258354 ], [ -115.2114867, 36.258354 ], [ -115.2114867, 36.2583513 ], [ -115.2114894, 36.2583513 ], [ -115.2114894, 36.2583486 ], [ -115.2114921, 36.2583486 ], [ -115.2114921, 36.2583459 ], [ -115.2114948, 36.2583459 ], [ -115.2114948, 36.2583432 ], [ -115.2115002, 36.2583432 ], [ -115.2115002, 36.2583405 ], [ -115.2115029, 36.2583405 ], [ -115.2115029, 36.2583378 ], [ -115.2115056, 36.2583378 ], [ -115.2115056, 36.2583324 ], [ -115.2115083, 36.2583324 ], [ -115.2115083, 36.2583243 ], [ -115.211511, 36.2583243 ], [ -115.211511, 36.2583189 ], [ -115.2115137, 36.2583189 ], [ -115.2115137, 36.2583135 ], [ -115.2115164, 36.2583135 ], [ -115.2115164, 36.2583081 ], [ -115.2115191, 36.2583081 ], [ -115.2115191, 36.2583027 ], [ -115.2115218, 36.2583027 ], [ -115.2115218, 36.2582973 ], [ -115.2115245, 36.2582973 ], [ -115.2115245, 36.2582946 ], [ -115.2115272, 36.2582946 ], [ -115.2115272, 36.2582892 ], [ -115.2115434, 36.2582892 ], [ -115.2115434, 36.2582919 ], [ -115.2115488, 36.2582919 ], [ -115.2115488, 36.2582946 ], [ -115.2115542, 36.2582946 ], [ -115.2115542, 36.2582973 ], [ -115.2115623, 36.2582973 ], [ -115.2115623, 36.2583 ], [ -115.2115677, 36.2583 ], [ -115.2115677, 36.2583027 ], [ -115.2115758, 36.2583027 ], [ -115.2115758, 36.2583054 ], [ -115.2115812, 36.2583054 ], [ -115.2115812, 36.2583027 ], [ -115.2115839, 36.2583027 ], [ -115.2115839, 36.2582973 ], [ -115.2115866, 36.2582973 ], [ -115.2115866, 36.2582946 ], [ -115.211592, 36.2582946 ], [ -115.211592, 36.2582919 ], [ -115.2115974, 36.2582919 ], [ -115.2115974, 36.2582892 ], [ -115.2116028, 36.2582892 ], [ -115.2116028, 36.2582919 ], [ -115.2116082, 36.2582919 ], [ -115.2116082, 36.2582946 ], [ -115.2116163, 36.2582946 ], [ -115.2116163, 36.2582973 ], [ -115.2116217, 36.2582973 ], [ -115.2116217, 36.2583 ], [ -115.2116271, 36.2583 ], [ -115.2116271, 36.2583027 ], [ -115.2116325, 36.2583027 ], [ -115.2116325, 36.2583054 ], [ -115.2116352, 36.2583054 ], [ -115.2116352, 36.2583081 ], [ -115.2116406, 36.2583081 ], [ -115.2116406, 36.2583108 ], [ -115.2116433, 36.2583108 ], [ -115.2116433, 36.2583135 ], [ -115.211646, 36.2583135 ], [ -115.211646, 36.258327 ], [ -115.2116433, 36.258327 ], [ -115.2116433, 36.2583297 ], [ -115.2116406, 36.2583297 ], [ -115.2116406, 36.2583351 ], [ -115.2116379, 36.2583351 ], [ -115.2116379, 36.2583405 ], [ -115.2116352, 36.2583405 ], [ -115.2116352, 36.2583432 ], [ -115.2116325, 36.2583432 ], [ -115.2116325, 36.2583486 ], [ -115.2116298, 36.2583486 ], [ -115.2116298, 36.258354 ], [ -115.2116271, 36.258354 ], [ -115.2116271, 36.2583567 ], [ -115.2116244, 36.2583567 ], [ -115.2116244, 36.2583621 ], [ -115.2116217, 36.2583621 ], [ -115.2116217, 36.2583648 ], [ -115.211619, 36.2583648 ], [ -115.211619, 36.2583702 ], [ -115.2116163, 36.2583702 ], [ -115.2116163, 36.2583729 ], [ -115.2116136, 36.2583729 ], [ -115.2116136, 36.2583783 ], [ -115.2116109, 36.2583783 ], [ -115.2116109, 36.258381 ], [ -115.2116082, 36.258381 ], [ -115.2116082, 36.2583837 ], [ -115.2116055, 36.2583837 ], [ -115.2116055, 36.2583864 ], [ -115.2116028, 36.2583864 ], [ -115.2116028, 36.2583891 ], [ -115.2116001, 36.2583891 ], [ -115.2116001, 36.2583918 ], [ -115.2115974, 36.2583918 ], [ -115.2115974, 36.2583945 ], [ -115.2115947, 36.2583945 ], [ -115.2115947, 36.2583999 ], [ -115.211592, 36.2583999 ], [ -115.211592, 36.2584026 ], [ -115.2115893, 36.2584026 ], [ -115.2115893, 36.2584053 ], [ -115.2115866, 36.2584053 ], [ -115.2115866, 36.258408 ], [ -115.2115839, 36.258408 ], [ -115.2115839, 36.2584107 ], [ -115.2115812, 36.2584107 ], [ -115.2115812, 36.2584134 ], [ -115.2115785, 36.2584134 ], [ -115.2115785, 36.2584188 ], [ -115.2115758, 36.2584188 ], [ -115.2115758, 36.2584215 ], [ -115.2115731, 36.2584215 ], [ -115.2115731, 36.2584242 ], [ -115.2115704, 36.2584242 ], [ -115.2115704, 36.2584296 ], [ -115.2115677, 36.2584296 ], [ -115.2115677, 36.2584323 ], [ -115.211565, 36.2584323 ], [ -115.211565, 36.258435 ], [ -115.2115623, 36.258435 ], [ -115.2115623, 36.2584404 ], [ -115.2115596, 36.2584404 ], [ -115.2115596, 36.2584458 ], [ -115.2115569, 36.2584458 ], [ -115.2115569, 36.2584485 ], [ -115.2115542, 36.2584485 ], [ -115.2115542, 36.2584539 ], [ -115.2115515, 36.2584539 ], [ -115.2115515, 36.2584593 ], [ -115.2115488, 36.2584593 ], [ -115.2115488, 36.258462 ], [ -115.2115461, 36.258462 ], [ -115.2115461, 36.2584674 ] ] ] } },
{ "type": "Feature", "properties": { "value": 255.0 }, "geometry": { "type": "Polygon", "coordinates": [ [ [ -115.2114111, 36.258408 ], [ -115.2113976, 36.258408 ], [ -115.2113976, 36.2584053 ], [ -115.2113895, 36.2584053 ], [ -115.2113895, 36.2584026 ], [ -115.2113814, 36.2584026 ], [ -115.2113814, 36.2583999 ], [ -115.2113733, 36.2583999 ], [ -115.2113733, 36.2583972 ], [ -115.2113652, 36.2583972 ], [ -115.2113652, 36.2583945 ], [ -115.2113598, 36.2583945 ], [ -115.2113598, 36.2583918 ], [ -115.2113544, 36.2583918 ], [ -115.2113544, 36.2583891 ], [ -115.2113463, 36.2583891 ], [ -115.2113463, 36.2583864 ], [ -115.2113436, 36.2583864 ], [ -115.2113436, 36.2583756 ], [ -115.2113463, 36.2583756 ], [ -115.2113463, 36.2583702 ], [ -115.211349, 36.2583702 ], [ -115.211349, 36.2583675 ], [ -115.2113517, 36.2583675 ], [ -115.2113517, 36.2583621 ], [ -115.2113544, 36.2583621 ], [ -115.2113544, 36.2583594 ], [ -115.2113571, 36.2583594 ], [ -115.2113571, 36.258354 ], [ -115.2113598, 36.258354 ], [ -115.2113598, 36.2583513 ], [ -115.2113625, 36.2583513 ], [ -115.2113625, 36.2583459 ], [ -115.2113652, 36.2583459 ], [ -115.2113652, 36.2583405 ], [ -115.2113625, 36.2583405 ], [ -115.2113625, 36.2583378 ], [ -115.2113571, 36.2583378 ], [ -115.2113571, 36.2583351 ], [ -115.2113517, 36.2583351 ], [ -115.2113517, 36.2583324 ], [ -115.2113463, 36.2583324 ], [ -115.2113463, 36.2583297 ], [ -115.2113382, 36.2583297 ], [ -115.2113382, 36.258327 ], [ -115.2113328, 36.258327 ], [ -115.2113328, 36.2583243 ], [ -115.2113274, 36.2583243 ], [ -115.2113274, 36.2583135 ], [ -115.2113301, 36.2583135 ], [ -115.2113301, 36.2583108 ], [ -115.2113328, 36.2583108 ], [ -115.2113328, 36.2583081 ], [ -115.2113355, 36.2583081 ], [ -115.2113355, 36.2583027 ], [ -115.2113382, 36.2583027 ], [ -115.2113382, 36.2583 ], [ -115.2113409, 36.2583 ], [ -115.2113409, 36.2582973 ], [ -115.2113436, 36.2582973 ], [ -115.2113436, 36.2582946 ], [ -115.2113463, 36.2582946 ], [ -115.2113463, 36.2582892 ], [ -115.211349, 36.2582892 ], [ -115.211349, 36.2582865 ], [ -115.2113517, 36.2582865 ], [ -115.2113517, 36.2582811 ], [ -115.2113544, 36.2582811 ], [ -115.2113544, 36.2582784 ], [ -115.2113571, 36.2582784 ], [ -115.2113571, 36.2582757 ], [ -115.2113598, 36.2582757 ], [ -115.2113598, 36.2582703 ], [ -115.2113625, 36.2582703 ], [ -115.2113625, 36.2582649 ], [ -115.2113652, 36.2582649 ], [ -115.2113652, 36.2582568 ], [ -115.2113679, 36.2582568 ], [ -115.2113679, 36.2582541 ], [ -115.2113706, 36.2582541 ], [ -115.2113706, 36.2582514 ], [ -115.2113733, 36.2582514 ], [ -115.2113733, 36.2582487 ], [ -115.211376, 36.2582487 ], [ -115.211376, 36.2582433 ], [ -115.2113787, 36.2582433 ], [ -115.2113787, 36.2582352 ], [ -115.2113814, 36.2582352 ], [ -115.2113814, 36.2582298 ], [ -115.2113841, 36.2582298 ], [ -115.2113841, 36.2582271 ], [ -115.2113868, 36.2582271 ], [ -115.2113868, 36.2582244 ], [ -115.2113895, 36.2582244 ], [ -115.2113895, 36.2582217 ], [ -115.2113922, 36.2582217 ], [ -115.2113922, 36.258219 ], [ -115.2113949, 36.258219 ], [ -115.2113949, 36.2582163 ], [ -115.2114003, 36.2582163 ], [ -115.2114003, 36.2582136 ], [ -115.211403, 36.2582136 ], [ -115.211403, 36.2582109 ], [ -115.2114057, 36.2582109 ], [ -115.2114057, 36.2582082 ], [ -115.2114192, 36.2582082 ], [ -115.2114192, 36.2582109 ], [ -115.2114273, 36.2582109 ], [ -115.2114273, 36.2582136 ], [ -115.21143, 36.2582136 ], [ -115.21143, 36.2582163 ], [ -115.2114354, 36.2582163 ], [ -115.2114354, 36.258219 ], [ -115.2114435, 36.258219 ], [ -115.2114435, 36.2582217 ], [ -115.2114489, 36.2582217 ], [ -115.2114489, 36.2582244 ], [ -115.211457, 36.2582244 ], [ -115.211457, 36.2582271 ], [ -115.2114651, 36.2582271 ], [ -115.2114651, 36.2582298 ], [ -115.2114705, 36.2582298 ], [ -115.2114705, 36.2582325 ], [ -115.2114759, 36.2582325 ], [ -115.2114759, 36.2582352 ], [ -115.2114813, 36.2582352 ], [ -115.2114813, 36.2582379 ], [ -115.2114867, 36.2582379 ], [ -115.2114867, 36.2582406 ], [ -115.2114921, 36.2582406 ], [ -115.2114921, 36.2582433 ], [ -115.2114975, 36.2582433 ], [ -115.2114975, 36.258246 ], [ -115.2115029, 36.258246 ], [ -115.2115029, 36.2582487 ], [ -115.2115056, 36.2582487 ], [ -115.2115056, 36.2582541 ], [ -115.2115083, 36.2582541 ], [ -115.2115083, 36.2582622 ], [ -115.211511, 36.2582622 ], [ -115.211511, 36.2582676 ], [ -115.2115083, 36.2582676 ], [ -115.2115083, 36.258273 ], [ -115.2115056, 36.258273 ], [ -115.2115056, 36.2582757 ], [ -115.2115029, 36.2582757 ], [ -115.2115029, 36.2582784 ], [ -115.2115002, 36.2582784 ], [ -115.2115002, 36.2582838 ], [ -115.2114975, 36.2582838 ], [ -115.2114975, 36.2582892 ], [ -115.2114948, 36.2582892 ], [ -115.2114948, 36.2582919 ], [ -115.2114921, 36.2582919 ], [ -115.2114921, 36.2582973 ], [ -115.2114894, 36.2582973 ], [ -115.2114894, 36.2583027 ], [ -115.2114867, 36.2583027 ], [ -115.2114867, 36.2583108 ], [ -115.211484, 36.2583108 ], [ -115.211484, 36.2583189 ], [ -115.2114813, 36.2583189 ], [ -115.2114813, 36.2583216 ], [ -115.2114786, 36.2583216 ], [ -115.2114786, 36.2583243 ], [ -115.2114759, 36.2583243 ], [ -115.2114759, 36.258327 ], [ -115.2114732, 36.258327 ], [ -115.2114732, 36.2583297 ], [ -115.2114678, 36.2583297 ], [ -115.2114678, 36.2583324 ], [ -115.2114651, 36.2583324 ], [ -115.2114651, 36.2583351 ], [ -115.2114624, 36.2583351 ], [ -115.2114624, 36.2583378 ], [ -115.2114597, 36.2583378 ], [ -115.2114597, 36.2583405 ], [ -115.211457, 36.2583405 ], [ -115.211457, 36.2583459 ], [ -115.2114543, 36.2583459 ], [ -115.2114543, 36.2583486 ], [ -115.2114516, 36.2583486 ], [ -115.2114516, 36.2583513 ], [ -115.2114489, 36.2583513 ], [ -115.2114489, 36.258354 ], [ -115.2114462, 36.258354 ], [ -115.2114462, 36.2583594 ], [ -115.2114435, 36.2583594 ], [ -115.2114435, 36.2583621 ], [ -115.2114408, 36.2583621 ], [ -115.2114408, 36.2583648 ], [ -115.2114381, 36.2583648 ], [ -115.2114381, 36.2583675 ], [ -115.2114354, 36.2583675 ], [ -115.2114354, 36.2583729 ], [ -115.2114327, 36.2583729 ], [ -115.2114327, 36.2583756 ], [ -115.21143, 36.2583756 ], [ -115.21143, 36.258381 ], [ -115.2114273, 36.258381 ], [ -115.2114273, 36.2583837 ], [ -115.2114246, 36.2583837 ], [ -115.2114246, 36.2583891 ], [ -115.2114219, 36.2583891 ], [ -115.2114219, 36.2583918 ], [ -115.2114192, 36.2583918 ], [ -115.2114192, 36.2583972 ], [ -115.2114165, 36.2583972 ], [ -115.2114165, 36.2583999 ], [ -115.2114138, 36.2583999 ], [ -115.2114138, 36.2584053 ], [ -115.2114111, 36.2584053 ], [ -115.2114111, 36.258408 ] ] ] } },
{ "type": "Feature", "properties": { "value": 255.0 }, "geometry": { "type": "Polygon", "coordinates": [ [ [ -115.2112761, 36.2583459 ], [ -115.2112599, 36.2583459 ], [ -115.2112599, 36.2583432 ], [ -115.2112518, 36.2583432 ], [ -115.2112518, 36.2583405 ], [ -115.2112437, 36.2583405 ], [ -115.2112437, 36.2583378 ], [ -115.2112383, 36.2583378 ], [ -115.2112383, 36.2583351 ], [ -115.2112302, 36.2583351 ], [ -115.2112302, 36.2583324 ], [ -115.2112221, 36.2583324 ], [ -115.2112221, 36.2583297 ], [ -115.2112167, 36.2583297 ], [ -115.2112167, 36.258327 ], [ -115.2112113, 36.258327 ], [ -115.2112113, 36.2583243 ], [ -115.2112032, 36.2583243 ], [ -115.2112032, 36.2583216 ], [ -115.2111978, 36.2583216 ], [ -115.2111978, 36.2583189 ], [ -115.2111924, 36.2583189 ], [ -115.2111924, 36.2582946 ], [ -115.2111897, 36.2582946 ], [ -115.2111897, 36.2582919 ], [ -115.2111843, 36.2582919 ], [ -115.2111843, 36.2582892 ], [ -115.2111762, 36.2582892 ], [ -115.2111762, 36.2582784 ], [ -115.2111789, 36.2582784 ], [ -115.2111789, 36.258273 ], [ -115.2111816, 36.258273 ], [ -115.2111816, 36.2582703 ], [ -115.2111843, 36.2582703 ], [ -115.2111843, 36.2582676 ], [ -115.211187, 36.2582676 ], [ -115.211187, 36.2582622 ], [ -115.2111897, 36.2582622 ], [ -115.2111897, 36.2582595 ], [ -115.2111924, 36.2582595 ], [ -115.2111924, 36.2582568 ], [ -115.2111951, 36.2582568 ], [ -115.2111951, 36.2582514 ], [ -115.2111978, 36.2582514 ], [ -115.2111978, 36.258246 ], [ -115.2112005, 36.258246 ], [ -115.2112005, 36.2582433 ], [ -115.2112032, 36.2582433 ], [ -115.2112032, 36.2582379 ], [ -115.2112059, 36.2582379 ], [ -115.2112059, 36.2582352 ], [ -115.2112086, 36.2582352 ], [ -115.2112086, 36.2582298 ], [ -115.2112113, 36.2582298 ], [ -115.2112113, 36.2582271 ], [ -115.211214, 36.2582271 ], [ -115.211214, 36.2582217 ], [ -115.2112167, 36.2582217 ], [ -115.2112167, 36.258219 ], [ -115.2112194, 36.258219 ], [ -115.2112194, 36.2582163 ], [ -115.2112221, 36.2582163 ], [ -115.2112221, 36.2582109 ], [ -115.2112248, 36.2582109 ], [ -115.2112248, 36.2582082 ], [ -115.2112275, 36.2582082 ], [ -115.2112275, 36.2582055 ], [ -115.2112302, 36.2582055 ], [ -115.2112302, 36.2582028 ], [ -115.2112329, 36.2582028 ], [ -115.2112329, 36.2581974 ], [ -115.2112356, 36.2581974 ], [ -115.2112356, 36.2581947 ], [ -115.2112383, 36.2581947 ], [ -115.2112383, 36.258192 ], [ -115.211241, 36.258192 ], [ -115.211241, 36.2581893 ], [ -115.2112437, 36.2581893 ], [ -115.2112437, 36.2581866 ], [ -115.2112464, 36.2581866 ], [ -115.2112464, 36.2581839 ], [ -115.2112491, 36.2581839 ], [ -115.2112491, 36.2581812 ], [ -115.2112518, 36.2581812 ], [ -115.2112518, 36.2581785 ], [ -115.2112545, 36.2581785 ], [ -115.2112545, 36.2581758 ], [ -115.2112572, 36.2581758 ], [ -115.2112572, 36.2581677 ], [ -115.2113328, 36.2581677 ], [ -115.2113328, 36.2581704 ], [ -115.2113355, 36.2581704 ], [ -115.2113355, 36.2581731 ], [ -115.2113436, 36.2581731 ], [ -115.2113436, 36.2581758 ], [ -115.2113463, 36.2581758 ], [ -115.2113463, 36.2581785 ], [ -115.2113517, 36.2581785 ], [ -115.2113517, 36.2581812 ], [ -115.2113598, 36.2581812 ], [ -115.2113598, 36.2581839 ], [ -115.2113652, 36.2581839 ], [ -115.2113652, 36.2581866 ], [ -115.2113706, 36.2581866 ], [ -115.2113706, 36.2581893 ], [ -115.2113733, 36.2581893 ], [ -115.2113733, 36.258192 ], [ -115.211376, 36.258192 ], [ -115.211376, 36.2582028 ], [ -115.2113733, 36.2582028 ], [ -115.2113733, 36.2582082 ], [ -115.2113706, 36.2582082 ], [ -115.2113706, 36.2582109 ], [ -115.2113679, 36.2582109 ], [ -115.2113679, 36.2582163 ], [ -115.2113652, 36.2582163 ], [ -115.2113652, 36.258219 ], [ -115.2113625, 36.258219 ], [ -115.2113625, 36.2582244 ], [ -115.2113598, 36.2582244 ], [ -115.2113598, 36.2582298 ], [ -115.2113571, 36.2582298 ], [ -115.2113571, 36.2582325 ], [ -115.2113544, 36.2582325 ], [ -115.2113544, 36.2582352 ], [ -115.2113517, 36.2582352 ], [ -115.2113517, 36.2582406 ], [ -115.211349, 36.2582406 ], [ -115.211349, 36.258246 ], [ -115.2113463, 36.258246 ], [ -115.2113463, 36.2582487 ], [ -115.2113436, 36.2582487 ], [ -115.2113436, 36.2582514 ], [ -115.2113409, 36.2582514 ], [ -115.2113409, 36.2582568 ], [ -115.2113382, 36.2582568 ], [ -115.2113382, 36.2582595 ], [ -115.2113355, 36.2582595 ], [ -115.2113355, 36.2582649 ], [ -115.2113328, 36.2582649 ], [ -115.2113328, 36.2582676 ], [ -115.2113301, 36.2582676 ], [ -115.2113301, 36.258273 ], [ -115.2113274, 36.258273 ], [ -115.2113274, 36.2582757 ], [ -115.2113247, 36.2582757 ], [ -115.2113247, 36.2582784 ], [ -115.211322, 36.2582784 ], [ -115.211322, 36.2582838 ], [ -115.2113193, 36.2582838 ], [ -115.2113193, 36.2582865 ], [ -115.2113166, 36.2582865 ], [ -115.2113166, 36.2582892 ], [ -115.2113139, 36.2582892 ], [ -115.2113139, 36.2582919 ], [ -115.2113112, 36.2582919 ], [ -115.2113112, 36.2582973 ], [ -115.2113085, 36.2582973 ], [ -115.2113085, 36.2583 ], [ -115.2113058, 36.2583 ], [ -115.2113058, 36.2583054 ], [ -115.2113031, 36.2583054 ], [ -115.2113031, 36.2583108 ], [ -115.2113004, 36.2583108 ], [ -115.2113004, 36.2583135 ], [ -115.2112977, 36.2583135 ], [ -115.2112977, 36.2583189 ], [ -115.211295, 36.2583189 ], [ -115.211295, 36.2583216 ], [ -115.2112923, 36.2583216 ], [ -115.2112923, 36.2583243 ], [ -115.2112896, 36.2583243 ], [ -115.2112896, 36.2583297 ], [ -115.2112869, 36.2583297 ], [ -115.2112869, 36.2583324 ], [ -115.2112842, 36.2583324 ], [ -115.2112842, 36.2583378 ], [ -115.2112815, 36.2583378 ], [ -115.2112815, 36.2583405 ], [ -115.2112788, 36.2583405 ], [ -115.2112788, 36.2583432 ], [ -115.2112761, 36.2583432 ], [ -115.2112761, 36.2583459 ] ] ] } },
{ "type": "Feature", "properties": { "value": 255.0 }, "geometry": { "type": "Polygon", "coordinates": [ [ [ -115.2111438, 36.2582865 ], [ -115.2111249, 36.2582865 ], [ -115.2111249, 36.2582838 ], [ -115.2111195, 36.2582838 ], [ -115.2111195, 36.2582811 ], [ -115.2111141, 36.2582811 ], [ -115.2111141, 36.2582784 ], [ -115.211106, 36.2582784 ], [ -115.211106, 36.2582757 ], [ -115.2110979, 36.2582757 ], [ -115.2110979, 36.258273 ], [ -115.2110925, 36.258273 ], [ -115.2110925, 36.2582703 ], [ -115.2110871, 36.2582703 ], [ -115.2110871, 36.2582676 ], [ -115.2110844, 36.2582676 ], [ -115.2110844, 36.2582649 ], [ -115.211079, 36.2582649 ], [ -115.211079, 36.2582541 ], [ -115.2110817, 36.2582541 ], [ -115.2110817, 36.2582487 ], [ -115.2110844, 36.2582487 ], [ -115.2110844, 36.2582433 ], [ -115.2110871, 36.2582433 ], [ -115.2110871, 36.2582379 ], [ -115.2110898, 36.2582379 ], [ -115.2110898, 36.2582352 ], [ -115.2110925, 36.2582352 ], [ -115.2110925, 36.2582325 ], [ -115.2110952, 36.2582325 ], [ -115.2110952, 36.2582298 ], [ -115.2110979, 36.2582298 ], [ -115.2110979, 36.2582082 ], [ -115.2110952, 36.2582082 ], [ -115.2110952, 36.2582028 ], [ -115.2110925, 36.2582028 ], [ -115.2110925, 36.2582001 ], [ -115.2110898, 36.2582001 ], [ -115.2110898, 36.2581974 ], [ -115.2110871, 36.2581974 ], [ -115.2110871, 36.2581947 ], [ -115.2110844, 36.2581947 ], [ -115.2110844, 36.258192 ], [ -115.211079, 36.258192 ], [ -115.211079, 36.2581893 ], [ -115.2110763, 36.2581893 ], [ -115.2110763, 36.2581866 ], [ -115.2110736, 36.2581866 ], [ -115.2110736, 36.2581677 ], [ -115.2112221, 36.2581677 ], [ -115.2112221, 36.2581731 ], [ -115.2112194, 36.2581731 ], [ -115.2112194, 36.2581785 ], [ -115.2112167, 36.2581785 ], [ -115.2112167, 36.2581812 ], [ -115.211214, 36.2581812 ], [ -115.211214, 36.2581839 ], [ -115.2112113, 36.2581839 ], [ -115.2112113, 36.2581893 ], [ -115.2112086, 36.2581893 ], [ -115.2112086, 36.258192 ], [ -115.2112059, 36.258192 ], [ -115.2112059, 36.2581974 ], [ -115.2112032, 36.2581974 ], [ -115.2112032, 36.2582001 ], [ -115.2112005, 36.2582001 ], [ -115.2112005, 36.2582028 ], [ -115.2111978, 36.2582028 ], [ -115.2111978, 36.2582082 ], [ -115.2111951, 36.2582082 ], [ -115.2111951, 36.2582109 ], [ -115.2111924, 36.2582109 ], [ -115.2111924, 36.2582136 ], [ -115.2111897, 36.2582136 ], [ -115.2111897, 36.2582163 ], [ -115.211187, 36.2582163 ], [ -115.211187, 36.2582217 ], [ -115.2111843, 36.2582217 ], [ -115.2111843, 36.2582244 ], [ -115.2111816, 36.2582244 ], [ -115.2111816, 36.2582298 ], [ -115.2111789, 36.2582298 ], [ -115.2111789, 36.2582325 ], [ -115.2111762, 36.2582325 ], [ -115.2111762, 36.2582352 ], [ -115.2111735, 36.2582352 ], [ -115.2111735, 36.2582406 ], [ -115.2111708, 36.2582406 ], [ -115.2111708, 36.2582433 ], [ -115.2111681, 36.2582433 ], [ -115.2111681, 36.258246 ], [ -115.2111654, 36.258246 ], [ -115.2111654, 36.2582514 ], [ -115.2111627, 36.2582514 ], [ -115.2111627, 36.2582541 ], [ -115.21116, 36.2582541 ], [ -115.21116, 36.2582595 ], [ -115.2111573, 36.2582595 ], [ -115.2111573, 36.2582622 ], [ -115.2111546, 36.2582622 ], [ -115.2111546, 36.2582676 ], [ -115.2111519, 36.2582676 ], [ -115.2111519, 36.2582757 ], [ -115.2111492, 36.2582757 ], [ -115.2111492, 36.2582784 ], [ -115.2111465, 36.2582784 ], [ -115.2111465, 36.2582838 ], [ -115.2111438, 36.2582838 ], [ -115.2111438, 36.2582865 ] ] ] } },
{ "type": "Feature", "properties": { "value": 255.0 }, "geometry": { "type": "Polygon", "coordinates": [ [ [ -115.2110088, 36.2582271 ], [ -115.2109926, 36.2582271 ], [ -115.2109926, 36.2581677 ], [ -115.2110466, 36.2581677 ], [ -115.2110466, 36.2581704 ], [ -115.2110439, 36.2581704 ], [ -115.2110439, 36.2581758 ], [ -115.2110412, 36.2581758 ], [ -115.2110412, 36.2581785 ], [ -115.2110385, 36.2581785 ], [ -115.2110385, 36.2581812 ], [ -115.2110358, 36.2581812 ], [ -115.2110358, 36.2581839 ], [ -115.2110331, 36.2581839 ], [ -115.2110331, 36.2581893 ], [ -115.2110304, 36.2581893 ], [ -115.2110304, 36.258192 ], [ -115.2110277, 36.258192 ], [ -115.2110277, 36.2581974 ], [ -115.211025, 36.2581974 ], [ -115.211025, 36.2582028 ], [ -115.2110223, 36.2582028 ], [ -115.2110223, 36.2582082 ], [ -115.2110196, 36.2582082 ], [ -115.2110196, 36.2582136 ], [ -115.2110169, 36.2582136 ], [ -115.2110169, 36.2582163 ], [ -115.2110142, 36.2582163 ], [ -115.2110142, 36.258219 ], [ -115.2110115, 36.258219 ], [ -115.2110115, 36.2582244 ], [ -115.2110088, 36.2582244 ], [ -115.2110088, 36.2582271 ] ] ] } }
]
}
