{
"type": "FeatureCollection",
"crs": { "type": "name", "properties": { "name": "urn:ogc:def:crs:OGC:1.3:CRS84" } },
"features": [
{ "type": "Feature", "properties": { "value": 255.0 }, "geometry": { "type": "Polygon", "coordinates": [ [ [ -115.2592632, 36.186212699800002 ], [ -115.2592281, 36.186212699800002 ], [ -115.2592281, 36.186209999799999 ], [ -115.2592308, 36.186209999799999 ], [ -115.2592308, 36.186207299800003 ], [ -115.2592389, 36.186207299800003 ], [ -115.2592389, 36.1862045998 ], [ -115.259260500000011, 36.1862045998 ], [ -115.259260500000011, 36.186209999799999 ], [ -115.2592632, 36.186209999799999 ], [ -115.2592632, 36.186212699800002 ] ] ] } },
{ "type": "Feature", "properties": { "value": 255.0 }, "geometry": { "type": "Polygon", "coordinates": [ [ [ -115.2592011, 36.186212699800002 ], [ -115.2590958, 36.186212699800002 ], [ -115.2590958, 36.186209999799999 ], [ -115.2590931, 36.186209999799999 ], [ -115.2590931, 36.186207299800003 ], [ -115.2590958, 36.186207299800003 ], [ -115.2590958, 36.1862045998 ], [ -115.2591687, 36.1862045998 ], [ -115.2591687, 36.186207299800003 ], [ -115.2591957, 36.186207299800003 ], [ -115.2591957, 36.186209999799999 ], [ -115.2592011, 36.186209999799999 ], [ -115.2592011, 36.186212699800002 ] ] ] } },
{ "type": "Feature", "properties": { "value": 255.0 }, "geometry": { "type": "Polygon", "coordinates": [ [ [ -115.2589338, 36.186212699800002 ], [ -115.2587583, 36.186212699800002 ], [ -115.2587583, 36.186196499800005 ], [ -115.258761, 36.186196499800005 ], [ -115.258761, 36.186188399800002 ], [ -115.2587583, 36.186188399800002 ], [ -115.2587583, 36.1861559998 ], [ -115.2587799, 36.1861559998 ], [ -115.2587799, 36.186153299800004 ], [ -115.2588474, 36.186153299800004 ], [ -115.2588474, 36.1861559998 ], [ -115.25887440000001, 36.1861559998 ], [ -115.25887440000001, 36.186158699800004 ], [ -115.2588798, 36.186158699800004 ], [ -115.2588798, 36.1861613998 ], [ -115.2588852, 36.1861613998 ], [ -115.2588852, 36.186164099800003 ], [ -115.2588879, 36.186164099800003 ], [ -115.2588879, 36.186166799799999 ], [ -115.2588906, 36.186166799799999 ], [ -115.2588906, 36.186169499800002 ], [ -115.258896, 36.186169499800002 ], [ -115.258896, 36.186172199800005 ], [ -115.2589041, 36.186172199800005 ], [ -115.2589041, 36.186174899800001 ], [ -115.2589068, 36.186174899800001 ], [ -115.2589068, 36.186182999800003 ], [ -115.2589041, 36.186182999800003 ], [ -115.2589041, 36.186191099800006 ], [ -115.2589068, 36.186191099800006 ], [ -115.2589068, 36.186193799800002 ], [ -115.2589122, 36.186193799800002 ], [ -115.2589122, 36.186196499800005 ], [ -115.2589149, 36.186196499800005 ], [ -115.2589149, 36.186193799800002 ], [ -115.2589203, 36.186193799800002 ], [ -115.2589203, 36.186191099800006 ], [ -115.258923, 36.186191099800006 ], [ -115.258923, 36.186188399800002 ], [ -115.2589257, 36.186188399800002 ], [ -115.2589257, 36.186193799800002 ], [ -115.2589284, 36.186193799800002 ], [ -115.2589284, 36.186196499800005 ], [ -115.2589365, 36.186196499800005 ], [ -115.2589365, 36.186191099800006 ], [ -115.2589392, 36.186191099800006 ], [ -115.2589392, 36.186201899800004 ], [ -115.2589338, 36.186201899800004 ], [ -115.2589338, 36.186212699800002 ] ], [ [ -115.2588987, 36.186188399800002 ], [ -115.2588987, 36.186182999800003 ], [ -115.258896, 36.186182999800003 ], [ -115.258896, 36.1861802998 ], [ -115.2588906, 36.1861802998 ], [ -115.2588906, 36.186188399800002 ], [ -115.2588987, 36.186188399800002 ] ] ] } },
{ "type": "Feature", "properties": { "value": 255.0 }, "geometry": { "type": "Polygon", "coordinates": [ [ [ -115.25981130000001, 36.186212699800002 ], [ -115.2596493, 36.186212699800002 ], [ -115.2596493, 36.186207299800003 ], [ -115.259646600000011, 36.186207299800003 ], [ -115.259646600000011, 36.186201899800004 ], [ -115.2596493, 36.186201899800004 ], [ -115.2596493, 36.186177599800004 ], [ -115.259646600000011, 36.186177599800004 ], [ -115.259646600000011, 36.186169499800002 ], [ -115.2596493, 36.186169499800002 ], [ -115.2596493, 36.186153299800004 ], [ -115.259652, 36.186153299800004 ], [ -115.259652, 36.186150599800001 ], [ -115.259665500000011, 36.186150599800001 ], [ -115.259665500000011, 36.186147899800005 ], [ -115.2597114, 36.186147899800005 ], [ -115.2597114, 36.186150599800001 ], [ -115.25976, 36.186150599800001 ], [ -115.25976, 36.186153299800004 ], [ -115.2598059, 36.186153299800004 ], [ -115.2598059, 36.1861559998 ], [ -115.259814, 36.1861559998 ], [ -115.259814, 36.186174899800001 ], [ -115.25981130000001, 36.186174899800001 ], [ -115.25981130000001, 36.186177599800004 ], [ -115.259814, 36.186177599800004 ], [ -115.259814, 36.1861802998 ], [ -115.25981130000001, 36.1861802998 ], [ -115.25981130000001, 36.1862045998 ], [ -115.259814, 36.1862045998 ], [ -115.259814, 36.186209999799999 ], [ -115.25981130000001, 36.186209999799999 ], [ -115.25981130000001, 36.186212699800002 ] ] ] } },
{ "type": "Feature", "properties": { "value": 255.0 }, "geometry": { "type": "Polygon", "coordinates": [ [ [ -115.25956020000001, 36.186212699800002 ], [ -115.259481900000011, 36.186212699800002 ], [ -115.259481900000011, 36.186166799799999 ], [ -115.2594846, 36.186166799799999 ], [ -115.2594846, 36.1861559998 ], [ -115.259481900000011, 36.1861559998 ], [ -115.259481900000011, 36.186153299800004 ], [ -115.2594846, 36.186153299800004 ], [ -115.2594846, 36.186147899800005 ], [ -115.2594873, 36.186147899800005 ], [ -115.2594873, 36.186145199800002 ], [ -115.25949270000001, 36.186145199800002 ], [ -115.25949270000001, 36.186142499799999 ], [ -115.2595008, 36.186142499799999 ], [ -115.2595008, 36.186139799800003 ], [ -115.2595062, 36.186139799800003 ], [ -115.2595062, 36.1861370998 ], [ -115.2595089, 36.1861370998 ], [ -115.2595089, 36.186134399800004 ], [ -115.25951160000001, 36.186134399800004 ], [ -115.25951160000001, 36.186131699800001 ], [ -115.2595143, 36.186131699800001 ], [ -115.2595143, 36.186128999800005 ], [ -115.2595413, 36.186128999800005 ], [ -115.2595413, 36.1861370998 ], [ -115.259544, 36.1861370998 ], [ -115.259544, 36.186139799800003 ], [ -115.2595467, 36.186139799800003 ], [ -115.2595467, 36.186142499799999 ], [ -115.2595521, 36.186142499799999 ], [ -115.2595521, 36.186145199800002 ], [ -115.2595575, 36.186145199800002 ], [ -115.2595575, 36.186147899800005 ], [ -115.25956020000001, 36.186147899800005 ], [ -115.25956020000001, 36.186150599800001 ], [ -115.2595629, 36.186150599800001 ], [ -115.2595629, 36.186177599800004 ], [ -115.25956020000001, 36.186177599800004 ], [ -115.25956020000001, 36.1861802998 ], [ -115.2595629, 36.1861802998 ], [ -115.2595629, 36.186209999799999 ], [ -115.25956020000001, 36.186209999799999 ], [ -115.25956020000001, 36.186212699800002 ] ] ] } },
{ "type": "Feature", "properties": { "value": 255.0 }, "geometry": { "type": "Polygon", "coordinates": [ [ [ -115.259247, 36.186182999800003 ], [ -115.2591093, 36.186182999800003 ], [ -115.2591093, 36.1861802998 ], [ -115.2590931, 36.1861802998 ], [ -115.2590931, 36.186177599800004 ], [ -115.2590904, 36.186177599800004 ], [ -115.2590904, 36.186166799799999 ], [ -115.2590877, 36.186166799799999 ], [ -115.2590877, 36.186126299800002 ], [ -115.2590904, 36.186126299800002 ], [ -115.2590904, 36.186120899800002 ], [ -115.2590931, 36.186120899800002 ], [ -115.2590931, 36.186118199799999 ], [ -115.2590985, 36.186118199799999 ], [ -115.2590985, 36.186115499800003 ], [ -115.2591552, 36.186115499800003 ], [ -115.2591552, 36.1861127998 ], [ -115.2591633, 36.1861127998 ], [ -115.2591633, 36.186115499800003 ], [ -115.259166, 36.186115499800003 ], [ -115.259166, 36.1861127998 ], [ -115.2591795, 36.1861127998 ], [ -115.2591795, 36.186115499800003 ], [ -115.2592443, 36.186115499800003 ], [ -115.2592443, 36.186118199799999 ], [ -115.2592497, 36.186118199799999 ], [ -115.2592497, 36.186123599800005 ], [ -115.2592524, 36.186123599800005 ], [ -115.2592524, 36.186139799800003 ], [ -115.2592551, 36.186139799800003 ], [ -115.2592551, 36.186145199800002 ], [ -115.2592578, 36.186145199800002 ], [ -115.2592578, 36.186150599800001 ], [ -115.259260500000011, 36.186150599800001 ], [ -115.259260500000011, 36.186153299800004 ], [ -115.2592632, 36.186153299800004 ], [ -115.2592632, 36.1861559998 ], [ -115.2592659, 36.1861559998 ], [ -115.2592659, 36.186169499800002 ], [ -115.2592686, 36.186169499800002 ], [ -115.2592686, 36.186172199800005 ], [ -115.2592659, 36.186172199800005 ], [ -115.2592659, 36.186177599800004 ], [ -115.2592632, 36.186177599800004 ], [ -115.2592632, 36.1861802998 ], [ -115.259247, 36.1861802998 ], [ -115.259247, 36.186182999800003 ] ] ] } },
{ "type": "Feature", "properties": { "value": 255.0 }, "geometry": { "type": "Polygon", "coordinates": [ [ [ -115.25944410000001, 36.186212699800002 ], [ -115.2593658, 36.186212699800002 ], [ -115.2593658, 36.186164099800003 ], [ -115.2593631, 36.186164099800003 ], [ -115.2593631, 36.1861613998 ], [ -115.2593604, 36.1861613998 ], [ -115.2593604, 36.186158699800004 ], [ -115.25935770000001, 36.186158699800004 ], [ -115.25935770000001, 36.186150599800001 ], [ -115.259355, 36.186150599800001 ], [ -115.259355, 36.186142499799999 ], [ -115.25935770000001, 36.186142499799999 ], [ -115.25935770000001, 36.186139799800003 ], [ -115.2593658, 36.186139799800003 ], [ -115.2593658, 36.186134399800004 ], [ -115.2593685, 36.186134399800004 ], [ -115.2593685, 36.186131699800001 ], [ -115.2593658, 36.186131699800001 ], [ -115.2593658, 36.186128999800005 ], [ -115.2593631, 36.186128999800005 ], [ -115.2593631, 36.186126299800002 ], [ -115.2593658, 36.186126299800002 ], [ -115.2593658, 36.186120899800002 ], [ -115.2593712, 36.186120899800002 ], [ -115.2593712, 36.186118199799999 ], [ -115.259382, 36.186118199799999 ], [ -115.259382, 36.186115499800003 ], [ -115.2593928, 36.186115499800003 ], [ -115.2593928, 36.1861127998 ], [ -115.2594333, 36.1861127998 ], [ -115.2594333, 36.186115499800003 ], [ -115.2594414, 36.186115499800003 ], [ -115.2594414, 36.186123599800005 ], [ -115.25944410000001, 36.186123599800005 ], [ -115.25944410000001, 36.1861559998 ], [ -115.2594414, 36.1861559998 ], [ -115.2594414, 36.1861802998 ], [ -115.25944410000001, 36.1861802998 ], [ -115.25944410000001, 36.186185699799999 ], [ -115.2594414, 36.186185699799999 ], [ -115.2594414, 36.186207299800003 ], [ -115.25944410000001, 36.186207299800003 ], [ -115.25944410000001, 36.186212699800002 ] ] ] } },
{ "type": "Feature", "properties": { "value": 255.0 }, "geometry": { "type": "Polygon", "coordinates": [ [ [ -115.2586665, 36.186212699800002 ], [ -115.2585909, 36.186212699800002 ], [ -115.2585909, 36.186207299800003 ], [ -115.2585936, 36.186207299800003 ], [ -115.2585936, 36.1862045998 ], [ -115.2586017, 36.1862045998 ], [ -115.2586017, 36.186201899800004 ], [ -115.258599, 36.186201899800004 ], [ -115.258599, 36.186199199800001 ], [ -115.2585909, 36.186199199800001 ], [ -115.2585909, 36.186196499800005 ], [ -115.2585882, 36.186196499800005 ], [ -115.2585882, 36.186199199800001 ], [ -115.2585801, 36.186199199800001 ], [ -115.2585801, 36.186201899800004 ], [ -115.2585774, 36.186201899800004 ], [ -115.2585774, 36.1862045998 ], [ -115.2585747, 36.1862045998 ], [ -115.2585747, 36.186207299800003 ], [ -115.2585666, 36.186207299800003 ], [ -115.2585666, 36.1862045998 ], [ -115.2585639, 36.1862045998 ], [ -115.2585639, 36.186201899800004 ], [ -115.2585612, 36.186201899800004 ], [ -115.2585612, 36.186199199800001 ], [ -115.2585585, 36.186199199800001 ], [ -115.2585585, 36.186196499800005 ], [ -115.2585558, 36.186196499800005 ], [ -115.2585558, 36.186169499800002 ], [ -115.2585531, 36.186169499800002 ], [ -115.2585531, 36.186166799799999 ], [ -115.2585558, 36.186166799799999 ], [ -115.2585558, 36.186164099800003 ], [ -115.2585531, 36.186164099800003 ], [ -115.2585531, 36.186107399800001 ], [ -115.2585558, 36.186107399800001 ], [ -115.2585558, 36.186093899799999 ], [ -115.2585585, 36.186093899799999 ], [ -115.2585585, 36.186037199800005 ], [ -115.2585558, 36.186037199800005 ], [ -115.2585558, 36.186007499799999 ], [ -115.2585585, 36.186007499799999 ], [ -115.2585585, 36.1859966998 ], [ -115.2585612, 36.1859966998 ], [ -115.2585612, 36.185993999800004 ], [ -115.2585666, 36.185993999800004 ], [ -115.2585666, 36.185991299800001 ], [ -115.2585693, 36.185991299800001 ], [ -115.2585693, 36.185993999800004 ], [ -115.2585747, 36.185993999800004 ], [ -115.2585747, 36.185991299800001 ], [ -115.2585774, 36.185991299800001 ], [ -115.2585774, 36.1859966998 ], [ -115.2586476, 36.1859966998 ], [ -115.2586476, 36.185993999800004 ], [ -115.2586665, 36.185993999800004 ], [ -115.2586665, 36.1859966998 ], [ -115.2586692, 36.1859966998 ], [ -115.2586692, 36.186023699800003 ], [ -115.2586665, 36.186023699800003 ], [ -115.2586665, 36.186034499800002 ], [ -115.2586638, 36.186034499800002 ], [ -115.2586638, 36.1860452998 ], [ -115.2586611, 36.1860452998 ], [ -115.2586611, 36.186050699799999 ], [ -115.2586584, 36.186050699799999 ], [ -115.2586584, 36.186085799800004 ], [ -115.2586557, 36.186085799800004 ], [ -115.2586557, 36.1860884998 ], [ -115.258653, 36.1860884998 ], [ -115.258653, 36.186091199800003 ], [ -115.2586152, 36.186091199800003 ], [ -115.2586152, 36.1860884998 ], [ -115.2585963, 36.1860884998 ], [ -115.2585963, 36.186091199800003 ], [ -115.2585909, 36.186091199800003 ], [ -115.2585909, 36.186096599800003 ], [ -115.2586017, 36.186096599800003 ], [ -115.2586017, 36.186099299799999 ], [ -115.2586206, 36.186099299799999 ], [ -115.2586206, 36.186096599800003 ], [ -115.2586287, 36.186096599800003 ], [ -115.2586287, 36.186099299799999 ], [ -115.2586368, 36.186099299799999 ], [ -115.2586368, 36.186096599800003 ], [ -115.2586422, 36.186096599800003 ], [ -115.2586422, 36.186099299799999 ], [ -115.2586611, 36.186099299799999 ], [ -115.2586611, 36.186101999800002 ], [ -115.2586638, 36.186101999800002 ], [ -115.2586638, 36.186107399800001 ], [ -115.2586665, 36.186107399800001 ], [ -115.2586665, 36.186115499800003 ], [ -115.2586638, 36.186115499800003 ], [ -115.2586638, 36.186145199800002 ], [ -115.2586611, 36.186145199800002 ], [ -115.2586611, 36.186150599800001 ], [ -115.2586584, 36.186150599800001 ], [ -115.2586584, 36.186188399800002 ], [ -115.2586557, 36.186188399800002 ], [ -115.2586557, 36.186191099800006 ], [ -115.2586503, 36.186191099800006 ], [ -115.2586503, 36.186193799800002 ], [ -115.2586341, 36.186193799800002 ], [ -115.2586341, 36.186196499800005 ], [ -115.258626, 36.186196499800005 ], [ -115.258626, 36.1862045998 ], [ -115.2586611, 36.1862045998 ], [ -115.2586611, 36.186201899800004 ], [ -115.2586638, 36.186201899800004 ], [ -115.2586638, 36.1862045998 ], [ -115.2586665, 36.1862045998 ], [ -115.2586665, 36.186212699800002 ] ] ] } },
{ "type": "Feature", "properties": { "value": 255.0 }, "geometry": { "type": "Polygon", "coordinates": [ [ [ -115.2588285, 36.186010199800002 ], [ -115.2587718, 36.186010199800002 ], [ -115.2587718, 36.186007499799999 ], [ -115.2587637, 36.186007499799999 ], [ -115.2587637, 36.186004799800003 ], [ -115.258761, 36.186004799800003 ], [ -115.258761, 36.1859966998 ], [ -115.2587583, 36.1859966998 ], [ -115.2587583, 36.1859534998 ], [ -115.258761, 36.1859534998 ], [ -115.258761, 36.185950799800004 ], [ -115.2587745, 36.185950799800004 ], [ -115.2587745, 36.185948099800001 ], [ -115.258815, 36.185948099800001 ], [ -115.258815, 36.185950799800004 ], [ -115.2588393, 36.185950799800004 ], [ -115.2588393, 36.185948099800001 ], [ -115.2588933, 36.185948099800001 ], [ -115.2588933, 36.185945399800005 ], [ -115.25895, 36.185945399800005 ], [ -115.25895, 36.185948099800001 ], [ -115.2589554, 36.185948099800001 ], [ -115.2589554, 36.185950799800004 ], [ -115.2589581, 36.185950799800004 ], [ -115.2589581, 36.1859534998 ], [ -115.2589608, 36.1859534998 ], [ -115.2589608, 36.185961599800002 ], [ -115.2589581, 36.185961599800002 ], [ -115.2589581, 36.185966999800002 ], [ -115.2589608, 36.185966999800002 ], [ -115.2589608, 36.1859777998 ], [ -115.2589581, 36.1859777998 ], [ -115.2589581, 36.185983199799999 ], [ -115.2589554, 36.185983199799999 ], [ -115.2589554, 36.185985899800002 ], [ -115.258923, 36.185985899800002 ], [ -115.258923, 36.185991299800001 ], [ -115.2589203, 36.185991299800001 ], [ -115.2589203, 36.186004799800003 ], [ -115.2589176, 36.186004799800003 ], [ -115.2589176, 36.186007499799999 ], [ -115.2588285, 36.186007499799999 ], [ -115.2588285, 36.186010199800002 ] ] ] } },
{ "type": "Feature", "properties": { "value": 255.0 }, "geometry": { "type": "Polygon", "coordinates": [ [ [ -115.2591174, 36.1860020998 ], [ -115.2590796, 36.1860020998 ], [ -115.2590796, 36.185999399800004 ], [ -115.259076900000011, 36.185999399800004 ], [ -115.259076900000011, 36.1860020998 ], [ -115.2590715, 36.1860020998 ], [ -115.2590715, 36.185999399800004 ], [ -115.2590634, 36.185999399800004 ], [ -115.2590634, 36.185991299800001 ], [ -115.2590607, 36.185991299800001 ], [ -115.2590607, 36.185983199799999 ], [ -115.2590526, 36.185983199799999 ], [ -115.2590526, 36.185980499800003 ], [ -115.2590472, 36.185980499800003 ], [ -115.2590472, 36.185983199799999 ], [ -115.2590418, 36.185983199799999 ], [ -115.2590418, 36.185980499800003 ], [ -115.25903910000001, 36.185980499800003 ], [ -115.25903910000001, 36.185958899799999 ], [ -115.2590364, 36.185958899799999 ], [ -115.2590364, 36.185948099800001 ], [ -115.25903910000001, 36.185948099800001 ], [ -115.25903910000001, 36.185937299800003 ], [ -115.2590418, 36.185937299800003 ], [ -115.2590418, 36.185934599799999 ], [ -115.2590661, 36.185934599799999 ], [ -115.2590661, 36.185937299800003 ], [ -115.2590877, 36.185937299800003 ], [ -115.2590877, 36.185939999799999 ], [ -115.2591174, 36.185939999799999 ], [ -115.2591174, 36.185937299800003 ], [ -115.25922, 36.185937299800003 ], [ -115.25922, 36.185939999799999 ], [ -115.2592227, 36.185939999799999 ], [ -115.2592227, 36.185948099800001 ], [ -115.2592254, 36.185948099800001 ], [ -115.2592254, 36.185950799800004 ], [ -115.2592227, 36.185950799800004 ], [ -115.2592227, 36.1859966998 ], [ -115.259193, 36.1859966998 ], [ -115.259193, 36.185999399800004 ], [ -115.2591174, 36.185999399800004 ], [ -115.2591174, 36.1860020998 ] ] ] } },
{ "type": "Feature", "properties": { "value": 255.0 }, "geometry": { "type": "Polygon", "coordinates": [ [ [ -115.2591903, 36.185912999800003 ], [ -115.2590877, 36.185912999800003 ], [ -115.2590877, 36.1859102998 ], [ -115.2590661, 36.1859102998 ], [ -115.2590661, 36.185907599800004 ], [ -115.2590553, 36.185907599800004 ], [ -115.2590553, 36.185904899800001 ], [ -115.2590418, 36.185904899800001 ], [ -115.2590418, 36.185902199800005 ], [ -115.25903910000001, 36.185902199800005 ], [ -115.25903910000001, 36.185883299800004 ], [ -115.2590364, 36.185883299800004 ], [ -115.2590364, 36.185872499799999 ], [ -115.2590337, 36.185872499799999 ], [ -115.2590337, 36.185869799800003 ], [ -115.2590364, 36.185869799800003 ], [ -115.2590364, 36.1858616998 ], [ -115.25903910000001, 36.1858616998 ], [ -115.25903910000001, 36.185858999800004 ], [ -115.2590607, 36.185858999800004 ], [ -115.2590607, 36.185856299800001 ], [ -115.2590904, 36.185856299800001 ], [ -115.2590904, 36.185853599800005 ], [ -115.2591363, 36.185853599800005 ], [ -115.2591363, 36.185850899800002 ], [ -115.2591498, 36.185850899800002 ], [ -115.2591498, 36.185848199799999 ], [ -115.259211900000011, 36.185848199799999 ], [ -115.259211900000011, 36.185850899800002 ], [ -115.2592146, 36.185850899800002 ], [ -115.2592146, 36.185853599800005 ], [ -115.2592173, 36.185853599800005 ], [ -115.2592173, 36.185858999800004 ], [ -115.25922, 36.185858999800004 ], [ -115.25922, 36.185904899800001 ], [ -115.2592173, 36.185904899800001 ], [ -115.2592173, 36.185907599800004 ], [ -115.2592092, 36.185907599800004 ], [ -115.2592092, 36.1859102998 ], [ -115.2591903, 36.1859102998 ], [ -115.2591903, 36.185912999800003 ] ] ] } },
{ "type": "Feature", "properties": { "value": 255.0 }, "geometry": { "type": "Polygon", "coordinates": [ [ [ -115.2598059, 36.185956199800003 ], [ -115.259652, 36.185956199800003 ], [ -115.259652, 36.1859534998 ], [ -115.2596493, 36.1859534998 ], [ -115.2596493, 36.185950799800004 ], [ -115.259646600000011, 36.185950799800004 ], [ -115.259646600000011, 36.185907599800004 ], [ -115.2596439, 36.185907599800004 ], [ -115.2596439, 36.185899499800001 ], [ -115.259646600000011, 36.185899499800001 ], [ -115.259646600000011, 36.1858859998 ], [ -115.2596439, 36.1858859998 ], [ -115.2596439, 36.185821199800003 ], [ -115.259646600000011, 36.185821199800003 ], [ -115.259646600000011, 36.1858184998 ], [ -115.25969520000001, 36.1858184998 ], [ -115.25969520000001, 36.185821199800003 ], [ -115.259714100000011, 36.185821199800003 ], [ -115.259714100000011, 36.185823899799999 ], [ -115.25976, 36.185823899799999 ], [ -115.25976, 36.185829299799998 ], [ -115.25976270000001, 36.185829299799998 ], [ -115.25976270000001, 36.185834699800004 ], [ -115.2597654, 36.185834699800004 ], [ -115.2597654, 36.185840099800004 ], [ -115.2598221, 36.185840099800004 ], [ -115.2598221, 36.185850899800002 ], [ -115.2598248, 36.185850899800002 ], [ -115.2598248, 36.185864399800003 ], [ -115.2598221, 36.185864399800003 ], [ -115.2598221, 36.185875199800002 ], [ -115.259819400000012, 36.185875199800002 ], [ -115.259819400000012, 36.185877899800005 ], [ -115.2597654, 36.185877899800005 ], [ -115.2597654, 36.185880599800001 ], [ -115.25976, 36.185880599800001 ], [ -115.25976, 36.185883299800004 ], [ -115.2597303, 36.185883299800004 ], [ -115.2597303, 36.1858859998 ], [ -115.2597195, 36.1858859998 ], [ -115.2597195, 36.185883299800004 ], [ -115.2597033, 36.185883299800004 ], [ -115.2597033, 36.1858859998 ], [ -115.2596871, 36.1858859998 ], [ -115.2596871, 36.185891399799999 ], [ -115.2596925, 36.185891399799999 ], [ -115.2596925, 36.185894099800002 ], [ -115.25976, 36.185894099800002 ], [ -115.25976, 36.185896799799998 ], [ -115.2597654, 36.185896799799998 ], [ -115.2597654, 36.185894099800002 ], [ -115.2598032, 36.185894099800002 ], [ -115.2598032, 36.185896799799998 ], [ -115.2598086, 36.185896799799998 ], [ -115.2598086, 36.185915699799999 ], [ -115.25981130000001, 36.185915699799999 ], [ -115.25981130000001, 36.185934599799999 ], [ -115.2598086, 36.185934599799999 ], [ -115.2598086, 36.1859534998 ], [ -115.2598059, 36.1859534998 ], [ -115.2598059, 36.185956199800003 ] ] ] } },
{ "type": "Feature", "properties": { "value": 255.0 }, "geometry": { "type": "Polygon", "coordinates": [ [ [ -115.259530500000011, 36.185958899799999 ], [ -115.2594603, 36.185958899799999 ], [ -115.2594603, 36.185956199800003 ], [ -115.2594576, 36.185956199800003 ], [ -115.2594576, 36.185915699799999 ], [ -115.2594549, 36.185915699799999 ], [ -115.2594549, 36.185904899800001 ], [ -115.2594576, 36.185904899800001 ], [ -115.2594576, 36.185840099800004 ], [ -115.2594603, 36.185840099800004 ], [ -115.2594603, 36.185831999800001 ], [ -115.259463, 36.185831999800001 ], [ -115.259463, 36.185829299799998 ], [ -115.259530500000011, 36.185829299799998 ], [ -115.259530500000011, 36.185831999800001 ], [ -115.2595332, 36.185831999800001 ], [ -115.2595332, 36.185840099800004 ], [ -115.2595359, 36.185840099800004 ], [ -115.2595359, 36.185845499800003 ], [ -115.2595332, 36.185845499800003 ], [ -115.2595332, 36.185850899800002 ], [ -115.2595359, 36.185850899800002 ], [ -115.2595359, 36.1859534998 ], [ -115.2595332, 36.1859534998 ], [ -115.2595332, 36.185956199800003 ], [ -115.259530500000011, 36.185956199800003 ], [ -115.259530500000011, 36.185958899799999 ] ] ] } },
{ "type": "Feature", "properties": { "value": 255.0 }, "geometry": { "type": "Polygon", "coordinates": [ [ [ -115.2585801, 36.185988599800005 ], [ -115.2585747, 36.185988599800005 ], [ -115.2585747, 36.185985899800002 ], [ -115.2585666, 36.185985899800002 ], [ -115.2585666, 36.185988599800005 ], [ -115.2585639, 36.185988599800005 ], [ -115.2585639, 36.185985899800002 ], [ -115.2585585, 36.185985899800002 ], [ -115.2585585, 36.185983199799999 ], [ -115.2585558, 36.185983199799999 ], [ -115.2585558, 36.185980499800003 ], [ -115.2585531, 36.185980499800003 ], [ -115.2585531, 36.185964299799998 ], [ -115.2585504, 36.185964299799998 ], [ -115.2585504, 36.185958899799999 ], [ -115.2585531, 36.185958899799999 ], [ -115.2585531, 36.185939999799999 ], [ -115.2585504, 36.185939999799999 ], [ -115.2585504, 36.185926499800004 ], [ -115.2585531, 36.185926499800004 ], [ -115.2585531, 36.185894099800002 ], [ -115.2585558, 36.185894099800002 ], [ -115.2585558, 36.185891399799999 ], [ -115.2585612, 36.185891399799999 ], [ -115.2585612, 36.185888699800003 ], [ -115.2585639, 36.185888699800003 ], [ -115.2585639, 36.185883299800004 ], [ -115.2585612, 36.185883299800004 ], [ -115.2585612, 36.185880599800001 ], [ -115.2585585, 36.185880599800001 ], [ -115.2585585, 36.185848199799999 ], [ -115.2585558, 36.185848199799999 ], [ -115.2585558, 36.185823899799999 ], [ -115.2585585, 36.185823899799999 ], [ -115.2585585, 36.185791499800004 ], [ -115.2585612, 36.185791499800004 ], [ -115.2585612, 36.185788799800001 ], [ -115.2585639, 36.185788799800001 ], [ -115.2585639, 36.185786099800005 ], [ -115.2586638, 36.185786099800005 ], [ -115.2586638, 36.185788799800001 ], [ -115.2586665, 36.185788799800001 ], [ -115.2586665, 36.1857941998 ], [ -115.2586692, 36.1857941998 ], [ -115.2586692, 36.185826599800002 ], [ -115.2586665, 36.185826599800002 ], [ -115.2586665, 36.185840099800004 ], [ -115.2586584, 36.185840099800004 ], [ -115.2586584, 36.185848199799999 ], [ -115.2586557, 36.185848199799999 ], [ -115.2586557, 36.1858859998 ], [ -115.258653, 36.1858859998 ], [ -115.258653, 36.185888699800003 ], [ -115.2586557, 36.185888699800003 ], [ -115.2586557, 36.185891399799999 ], [ -115.2586584, 36.185891399799999 ], [ -115.2586584, 36.185894099800002 ], [ -115.2586611, 36.185894099800002 ], [ -115.2586611, 36.185899499800001 ], [ -115.2586638, 36.185899499800001 ], [ -115.2586638, 36.1859291998 ], [ -115.2586611, 36.1859291998 ], [ -115.2586611, 36.185945399800005 ], [ -115.2586584, 36.185945399800005 ], [ -115.2586584, 36.185969699800005 ], [ -115.2586557, 36.185969699800005 ], [ -115.2586557, 36.185980499800003 ], [ -115.258653, 36.185980499800003 ], [ -115.258653, 36.185983199799999 ], [ -115.2586503, 36.185983199799999 ], [ -115.2586503, 36.185985899800002 ], [ -115.2585801, 36.185985899800002 ], [ -115.2585801, 36.185988599800005 ] ], [ [ -115.2586395, 36.185894099800002 ], [ -115.2586395, 36.185891399799999 ], [ -115.2586449, 36.185891399799999 ], [ -115.2586449, 36.1858859998 ], [ -115.2585801, 36.1858859998 ], [ -115.2585801, 36.185888699800003 ], [ -115.2585828, 36.185888699800003 ], [ -115.2585828, 36.185891399799999 ], [ -115.2585936, 36.185891399799999 ], [ -115.2585936, 36.185894099800002 ], [ -115.2586395, 36.185894099800002 ] ] ] } },
{ "type": "Feature", "properties": { "value": 255.0 }, "geometry": { "type": "Polygon", "coordinates": [ [ [ -115.2589014, 36.1859291998 ], [ -115.2588933, 36.1859291998 ], [ -115.2588933, 36.185926499800004 ], [ -115.258869, 36.185926499800004 ], [ -115.258869, 36.185923799800001 ], [ -115.2588582, 36.185923799800001 ], [ -115.2588582, 36.185926499800004 ], [ -115.2587799, 36.185926499800004 ], [ -115.2587799, 36.185923799800001 ], [ -115.2587637, 36.185923799800001 ], [ -115.2587637, 36.185921099800005 ], [ -115.258761, 36.185921099800005 ], [ -115.258761, 36.185918399800002 ], [ -115.2587583, 36.185918399800002 ], [ -115.2587583, 36.185883299800004 ], [ -115.2587556, 36.185883299800004 ], [ -115.2587556, 36.185880599800001 ], [ -115.2587583, 36.185880599800001 ], [ -115.2587583, 36.185877899800005 ], [ -115.2587556, 36.185877899800005 ], [ -115.2587556, 36.185872499799999 ], [ -115.2587583, 36.185872499799999 ], [ -115.2587583, 36.185864399800003 ], [ -115.2587637, 36.185864399800003 ], [ -115.2587637, 36.1858616998 ], [ -115.2587691, 36.1858616998 ], [ -115.2587691, 36.185864399800003 ], [ -115.2587799, 36.185864399800003 ], [ -115.2587799, 36.1858616998 ], [ -115.258788, 36.1858616998 ], [ -115.258788, 36.185864399800003 ], [ -115.2588015, 36.185864399800003 ], [ -115.2588015, 36.1858616998 ], [ -115.2588096, 36.1858616998 ], [ -115.2588096, 36.185864399800003 ], [ -115.2588393, 36.185864399800003 ], [ -115.2588393, 36.1858616998 ], [ -115.258842, 36.1858616998 ], [ -115.258842, 36.185850899800002 ], [ -115.2588393, 36.185850899800002 ], [ -115.2588393, 36.185840099800004 ], [ -115.2588366, 36.185840099800004 ], [ -115.2588366, 36.185823899799999 ], [ -115.2588339, 36.185823899799999 ], [ -115.2588339, 36.185821199800003 ], [ -115.2588312, 36.185821199800003 ], [ -115.2588312, 36.185815799800004 ], [ -115.2588285, 36.185815799800004 ], [ -115.2588285, 36.185796899800003 ], [ -115.2588258, 36.185796899800003 ], [ -115.2588258, 36.185780699799999 ], [ -115.2588285, 36.185780699799999 ], [ -115.2588285, 36.1857698998 ], [ -115.2588312, 36.1857698998 ], [ -115.2588312, 36.185767199800004 ], [ -115.2588366, 36.185767199800004 ], [ -115.2588366, 36.185764499800001 ], [ -115.2589311, 36.185764499800001 ], [ -115.2589311, 36.185767199800004 ], [ -115.2589392, 36.185767199800004 ], [ -115.2589392, 36.1857698998 ], [ -115.2589446, 36.1857698998 ], [ -115.2589446, 36.185772599800003 ], [ -115.2589527, 36.185772599800003 ], [ -115.2589527, 36.185783399800002 ], [ -115.2589554, 36.185783399800002 ], [ -115.2589554, 36.1858373998 ], [ -115.2589527, 36.1858373998 ], [ -115.2589527, 36.185845499800003 ], [ -115.258941900000011, 36.185845499800003 ], [ -115.258941900000011, 36.185848199799999 ], [ -115.2589392, 36.185848199799999 ], [ -115.2589392, 36.185856299800001 ], [ -115.2589365, 36.185856299800001 ], [ -115.2589365, 36.185858999800004 ], [ -115.2589338, 36.185858999800004 ], [ -115.2589338, 36.1858616998 ], [ -115.2589311, 36.1858616998 ], [ -115.2589311, 36.185867099799999 ], [ -115.2589338, 36.185867099799999 ], [ -115.2589338, 36.185869799800003 ], [ -115.2589365, 36.185869799800003 ], [ -115.2589365, 36.185896799799998 ], [ -115.2589338, 36.185896799799998 ], [ -115.2589338, 36.185904899800001 ], [ -115.258923, 36.185904899800001 ], [ -115.258923, 36.185907599800004 ], [ -115.2589176, 36.185907599800004 ], [ -115.2589176, 36.185912999800003 ], [ -115.2589149, 36.185912999800003 ], [ -115.2589149, 36.185915699799999 ], [ -115.2589122, 36.185915699799999 ], [ -115.2589122, 36.185923799800001 ], [ -115.2589095, 36.185923799800001 ], [ -115.2589095, 36.185926499800004 ], [ -115.2589014, 36.185926499800004 ], [ -115.2589014, 36.1859291998 ] ], [ [ -115.2589095, 36.185872499799999 ], [ -115.2589095, 36.185869799800003 ], [ -115.2589149, 36.185869799800003 ], [ -115.2589149, 36.185867099799999 ], [ -115.2589176, 36.185867099799999 ], [ -115.2589176, 36.1858616998 ], [ -115.2589095, 36.1858616998 ], [ -115.2589095, 36.185858999800004 ], [ -115.2588528, 36.185858999800004 ], [ -115.2588528, 36.1858616998 ], [ -115.2588663, 36.1858616998 ], [ -115.2588663, 36.185864399800003 ], [ -115.258869, 36.185864399800003 ], [ -115.258869, 36.185867099799999 ], [ -115.25887440000001, 36.185867099799999 ], [ -115.25887440000001, 36.185869799800003 ], [ -115.2588906, 36.185869799800003 ], [ -115.2588906, 36.185872499799999 ], [ -115.2589095, 36.185872499799999 ] ] ] } },
{ "type": "Feature", "properties": { "value": 255.0 }, "geometry": { "type": "Polygon", "coordinates": [ [ [ -115.2590742, 36.185834699800004 ], [ -115.2590661, 36.185834699800004 ], [ -115.2590661, 36.185831999800001 ], [ -115.2590553, 36.185831999800001 ], [ -115.2590553, 36.185829299799998 ], [ -115.2590526, 36.185829299799998 ], [ -115.2590526, 36.185823899799999 ], [ -115.2590499, 36.185823899799999 ], [ -115.2590499, 36.185810399800005 ], [ -115.2590472, 36.185810399800005 ], [ -115.2590472, 36.185777999800003 ], [ -115.2590499, 36.185777999800003 ], [ -115.2590499, 36.185764499800001 ], [ -115.2590472, 36.185764499800001 ], [ -115.2590472, 36.1857266998 ], [ -115.2590445, 36.1857266998 ], [ -115.2590445, 36.185707799799999 ], [ -115.2590472, 36.185707799799999 ], [ -115.2590472, 36.185705099800003 ], [ -115.25910660000001, 36.185705099800003 ], [ -115.25910660000001, 36.1857023998 ], [ -115.2591228, 36.1857023998 ], [ -115.2591228, 36.185705099800003 ], [ -115.25912550000001, 36.185705099800003 ], [ -115.25912550000001, 36.185707799799999 ], [ -115.2591282, 36.185707799799999 ], [ -115.2591282, 36.185715899800002 ], [ -115.25912550000001, 36.185715899800002 ], [ -115.25912550000001, 36.185732099799999 ], [ -115.2591282, 36.185732099799999 ], [ -115.2591282, 36.185764499800001 ], [ -115.2591309, 36.185764499800001 ], [ -115.2591309, 36.185777999800003 ], [ -115.2591282, 36.185777999800003 ], [ -115.2591282, 36.185799599799999 ], [ -115.2591309, 36.185799599799999 ], [ -115.2591309, 36.185807699800002 ], [ -115.2591282, 36.185807699800002 ], [ -115.2591282, 36.185810399800005 ], [ -115.2591309, 36.185810399800005 ], [ -115.2591309, 36.185813099800001 ], [ -115.2591282, 36.185813099800001 ], [ -115.2591282, 36.185829299799998 ], [ -115.2591228, 36.185829299799998 ], [ -115.2591228, 36.185831999800001 ], [ -115.2590742, 36.185831999800001 ], [ -115.2590742, 36.185834699800004 ] ] ] } },
{ "type": "Feature", "properties": { "value": 255.0 }, "geometry": { "type": "Polygon", "coordinates": [ [ [ -115.259409, 36.185969699800005 ], [ -115.2593388, 36.185969699800005 ], [ -115.2593388, 36.185966999800002 ], [ -115.2593334, 36.185966999800002 ], [ -115.2593334, 36.185964299799998 ], [ -115.2593199, 36.185964299799998 ], [ -115.2593199, 36.185961599800002 ], [ -115.2593145, 36.185961599800002 ], [ -115.2593145, 36.185956199800003 ], [ -115.2593118, 36.185956199800003 ], [ -115.2593118, 36.185934599799999 ], [ -115.2593172, 36.185934599799999 ], [ -115.2593172, 36.185931899800003 ], [ -115.2593253, 36.185931899800003 ], [ -115.2593253, 36.1859291998 ], [ -115.259328, 36.1859291998 ], [ -115.259328, 36.185923799800001 ], [ -115.2593307, 36.185923799800001 ], [ -115.2593307, 36.185850899800002 ], [ -115.259328, 36.185850899800002 ], [ -115.259328, 36.185840099800004 ], [ -115.2593334, 36.185840099800004 ], [ -115.2593334, 36.1858373998 ], [ -115.2593307, 36.1858373998 ], [ -115.2593307, 36.185831999800001 ], [ -115.259328, 36.185831999800001 ], [ -115.259328, 36.185829299799998 ], [ -115.2593253, 36.185829299799998 ], [ -115.2593253, 36.185807699800002 ], [ -115.2593226, 36.185807699800002 ], [ -115.2593226, 36.185761799799998 ], [ -115.2593199, 36.185761799799998 ], [ -115.2593199, 36.185753699800003 ], [ -115.2593226, 36.185753699800003 ], [ -115.2593226, 36.185740199800001 ], [ -115.2593199, 36.185740199800001 ], [ -115.2593199, 36.185734799800002 ], [ -115.2593172, 36.185734799800002 ], [ -115.2593172, 36.185732099799999 ], [ -115.2593145, 36.185732099799999 ], [ -115.2593145, 36.185729399800003 ], [ -115.2593037, 36.185729399800003 ], [ -115.2593037, 36.185718599800005 ], [ -115.259301, 36.185718599800005 ], [ -115.259301, 36.185705099800003 ], [ -115.2593037, 36.185705099800003 ], [ -115.2593037, 36.1857023998 ], [ -115.2593118, 36.1857023998 ], [ -115.2593118, 36.185699699800004 ], [ -115.2593253, 36.185699699800004 ], [ -115.2593253, 36.185696999800001 ], [ -115.2593334, 36.185696999800001 ], [ -115.2593334, 36.185694299799998 ], [ -115.2593388, 36.185694299799998 ], [ -115.2593388, 36.185691599800002 ], [ -115.2593442, 36.185691599800002 ], [ -115.2593442, 36.185688899799999 ], [ -115.2593496, 36.185688899799999 ], [ -115.2593496, 36.1856834998 ], [ -115.259395500000011, 36.1856834998 ], [ -115.259395500000011, 36.1857023998 ], [ -115.2593982, 36.1857023998 ], [ -115.2593982, 36.185721299800001 ], [ -115.2594009, 36.185721299800001 ], [ -115.2594009, 36.185791499800004 ], [ -115.2594036, 36.185791499800004 ], [ -115.2594036, 36.185829299799998 ], [ -115.2594009, 36.185829299799998 ], [ -115.2594009, 36.185834699800004 ], [ -115.2593982, 36.185834699800004 ], [ -115.2593982, 36.1858373998 ], [ -115.2593928, 36.1858373998 ], [ -115.2593928, 36.185840099800004 ], [ -115.2594063, 36.185840099800004 ], [ -115.2594063, 36.1858427998 ], [ -115.259409, 36.1858427998 ], [ -115.259409, 36.185939999799999 ], [ -115.2594117, 36.185939999799999 ], [ -115.2594117, 36.185964299799998 ], [ -115.259409, 36.185964299799998 ], [ -115.259409, 36.185969699800005 ] ], [ [ -115.2593793, 36.185840099800004 ], [ -115.2593793, 36.1858373998 ], [ -115.25937660000001, 36.1858373998 ], [ -115.25937660000001, 36.185840099800004 ], [ -115.2593793, 36.185840099800004 ] ], [ [ -115.2593901, 36.185840099800004 ], [ -115.2593901, 36.1858373998 ], [ -115.2593847, 36.1858373998 ], [ -115.2593847, 36.185840099800004 ], [ -115.2593901, 36.185840099800004 ] ] ] } },
{ "type": "Feature", "properties": { "value": 255.0 }, "geometry": { "type": "Polygon", "coordinates": [ [ [ -115.2586206, 36.185767199800004 ], [ -115.2585801, 36.185767199800004 ], [ -115.2585801, 36.185764499800001 ], [ -115.2585774, 36.185764499800001 ], [ -115.2585774, 36.185756399799999 ], [ -115.2585747, 36.185756399799999 ], [ -115.2585747, 36.185753699800003 ], [ -115.258572, 36.185753699800003 ], [ -115.258572, 36.185748299800004 ], [ -115.2585693, 36.185748299800004 ], [ -115.2585693, 36.185745599800001 ], [ -115.2585585, 36.185745599800001 ], [ -115.2585585, 36.185729399800003 ], [ -115.2585558, 36.185729399800003 ], [ -115.2585558, 36.185721299800001 ], [ -115.2585531, 36.185721299800001 ], [ -115.2585531, 36.185699699800004 ], [ -115.2585558, 36.185699699800004 ], [ -115.2585558, 36.185696999800001 ], [ -115.2585585, 36.185696999800001 ], [ -115.2585585, 36.185694299799998 ], [ -115.2585963, 36.185694299799998 ], [ -115.2585963, 36.185696999800001 ], [ -115.25860440000001, 36.185696999800001 ], [ -115.25860440000001, 36.185694299799998 ], [ -115.2586152, 36.185694299799998 ], [ -115.2586152, 36.185696999800001 ], [ -115.2586854, 36.185696999800001 ], [ -115.2586854, 36.185699699800004 ], [ -115.2587286, 36.185699699800004 ], [ -115.2587286, 36.1857023998 ], [ -115.2587313, 36.1857023998 ], [ -115.2587313, 36.185705099800003 ], [ -115.258734, 36.185705099800003 ], [ -115.258734, 36.185756399799999 ], [ -115.2587313, 36.185756399799999 ], [ -115.2587313, 36.185761799799998 ], [ -115.2586368, 36.185761799799998 ], [ -115.2586368, 36.185764499800001 ], [ -115.2586206, 36.185764499800001 ], [ -115.2586206, 36.185767199800004 ] ] ] } },
{ "type": "Feature", "properties": { "value": 255.0 }, "geometry": { "type": "Polygon", "coordinates": [ [ [ -115.2592821, 36.1857698998 ], [ -115.25924160000001, 36.1857698998 ], [ -115.25924160000001, 36.185767199800004 ], [ -115.259193, 36.185767199800004 ], [ -115.259193, 36.185764499800001 ], [ -115.2591795, 36.185764499800001 ], [ -115.2591795, 36.185761799799998 ], [ -115.2591768, 36.185761799799998 ], [ -115.2591768, 36.185756399799999 ], [ -115.25917410000001, 36.185756399799999 ], [ -115.25917410000001, 36.185742899800005 ], [ -115.2591714, 36.185742899800005 ], [ -115.2591714, 36.185734799800002 ], [ -115.2591687, 36.185734799800002 ], [ -115.2591687, 36.185710499800003 ], [ -115.259166, 36.185710499800003 ], [ -115.259166, 36.185694299799998 ], [ -115.2591633, 36.185694299799998 ], [ -115.2591633, 36.1856834998 ], [ -115.259166, 36.1856834998 ], [ -115.259166, 36.185680799800004 ], [ -115.259274, 36.185680799800004 ], [ -115.259274, 36.1856834998 ], [ -115.259279400000011, 36.1856834998 ], [ -115.259279400000011, 36.185686199800003 ], [ -115.2592821, 36.185686199800003 ], [ -115.2592821, 36.185696999800001 ], [ -115.2592848, 36.185696999800001 ], [ -115.2592848, 36.185713199799999 ], [ -115.2592821, 36.185713199799999 ], [ -115.2592821, 36.185721299800001 ], [ -115.2592848, 36.185721299800001 ], [ -115.2592848, 36.185761799799998 ], [ -115.2592821, 36.185761799799998 ], [ -115.2592821, 36.1857698998 ] ] ] } },
{ "type": "Feature", "properties": { "value": 255.0 }, "geometry": { "type": "Polygon", "coordinates": [ [ [ -115.2597654, 36.185799599799999 ], [ -115.25969520000001, 36.185799599799999 ], [ -115.25969520000001, 36.185796899800003 ], [ -115.2596925, 36.185796899800003 ], [ -115.2596925, 36.185791499800004 ], [ -115.2596898, 36.185791499800004 ], [ -115.2596898, 36.185788799800001 ], [ -115.2596925, 36.185788799800001 ], [ -115.2596925, 36.185783399800002 ], [ -115.2596898, 36.185783399800002 ], [ -115.2596898, 36.185740199800001 ], [ -115.2596871, 36.185740199800001 ], [ -115.2596871, 36.185737499799998 ], [ -115.2596898, 36.185737499799998 ], [ -115.2596898, 36.185732099799999 ], [ -115.2596871, 36.185732099799999 ], [ -115.2596871, 36.185723999800004 ], [ -115.2596898, 36.185723999800004 ], [ -115.2596898, 36.185672699800001 ], [ -115.2596925, 36.185672699800001 ], [ -115.2596925, 36.185669999799998 ], [ -115.25976, 36.185669999799998 ], [ -115.25976, 36.185672699800001 ], [ -115.25976270000001, 36.185672699800001 ], [ -115.25976270000001, 36.185675399800004 ], [ -115.2597654, 36.185675399800004 ], [ -115.2597654, 36.185729399800003 ], [ -115.2597681, 36.185729399800003 ], [ -115.2597681, 36.185796899800003 ], [ -115.2597654, 36.185796899800003 ], [ -115.2597654, 36.185799599799999 ] ] ] } },
{ "type": "Feature", "properties": { "value": 255.0 }, "geometry": { "type": "Polygon", "coordinates": [ [ [ -115.2589311, 36.185745599800001 ], [ -115.2588879, 36.185745599800001 ], [ -115.2588879, 36.185742899800005 ], [ -115.2588636, 36.185742899800005 ], [ -115.2588636, 36.185740199800001 ], [ -115.2588231, 36.185740199800001 ], [ -115.2588231, 36.185742899800005 ], [ -115.2587664, 36.185742899800005 ], [ -115.2587664, 36.185737499799998 ], [ -115.2587637, 36.185737499799998 ], [ -115.2587637, 36.185691599800002 ], [ -115.2587664, 36.185691599800002 ], [ -115.2587664, 36.185686199800003 ], [ -115.2587691, 36.185686199800003 ], [ -115.2587691, 36.1856834998 ], [ -115.2588096, 36.1856834998 ], [ -115.2588096, 36.185680799800004 ], [ -115.2588204, 36.185680799800004 ], [ -115.2588204, 36.1856780998 ], [ -115.2588501, 36.1856780998 ], [ -115.2588501, 36.185675399800004 ], [ -115.2588798, 36.185675399800004 ], [ -115.2588798, 36.185672699800001 ], [ -115.2589365, 36.185672699800001 ], [ -115.2589365, 36.185669999799998 ], [ -115.258941900000011, 36.185669999799998 ], [ -115.258941900000011, 36.185672699800001 ], [ -115.2589527, 36.185672699800001 ], [ -115.2589527, 36.185713199799999 ], [ -115.25895, 36.185713199799999 ], [ -115.25895, 36.185729399800003 ], [ -115.2589446, 36.185729399800003 ], [ -115.2589446, 36.185732099799999 ], [ -115.2589392, 36.185732099799999 ], [ -115.2589392, 36.185737499799998 ], [ -115.2589365, 36.185737499799998 ], [ -115.2589365, 36.185742899800005 ], [ -115.2589311, 36.185742899800005 ], [ -115.2589311, 36.185745599800001 ] ] ] } },
{ "type": "Feature", "properties": { "value": 255.0 }, "geometry": { "type": "Polygon", "coordinates": [ [ [ -115.2595143, 36.185802299800002 ], [ -115.2594414, 36.185802299800002 ], [ -115.2594414, 36.185796899800003 ], [ -115.2594387, 36.185796899800003 ], [ -115.2594387, 36.185788799800001 ], [ -115.259436, 36.185788799800001 ], [ -115.259436, 36.185732099799999 ], [ -115.2594333, 36.185732099799999 ], [ -115.2594333, 36.185664599799999 ], [ -115.259436, 36.185664599799999 ], [ -115.259436, 36.185656499800004 ], [ -115.2594468, 36.185656499800004 ], [ -115.2594468, 36.185653799800001 ], [ -115.2594873, 36.185653799800001 ], [ -115.2594873, 36.185656499800004 ], [ -115.25949270000001, 36.185656499800004 ], [ -115.25949270000001, 36.1856591998 ], [ -115.25949, 36.1856591998 ], [ -115.25949, 36.185661899800003 ], [ -115.25949270000001, 36.185661899800003 ], [ -115.25949270000001, 36.185664599799999 ], [ -115.2594954, 36.185664599799999 ], [ -115.2594954, 36.185667299800002 ], [ -115.2594981, 36.185667299800002 ], [ -115.2594981, 36.185669999799998 ], [ -115.2595008, 36.185669999799998 ], [ -115.2595008, 36.185672699800001 ], [ -115.25951160000001, 36.185672699800001 ], [ -115.25951160000001, 36.185675399800004 ], [ -115.2595143, 36.185675399800004 ], [ -115.2595143, 36.185759099800002 ], [ -115.259517, 36.185759099800002 ], [ -115.259517, 36.185799599799999 ], [ -115.2595143, 36.185799599799999 ], [ -115.2595143, 36.185802299800002 ] ] ] } },
{ "type": "Feature", "properties": { "value": 255.0 }, "geometry": { "type": "Polygon", "coordinates": [ [ [ -115.2595953, 36.185734799800002 ], [ -115.2595467, 36.185734799800002 ], [ -115.2595467, 36.185732099799999 ], [ -115.259544, 36.185732099799999 ], [ -115.259544, 36.185729399800003 ], [ -115.2595413, 36.185729399800003 ], [ -115.2595413, 36.185715899800002 ], [ -115.2595386, 36.185715899800002 ], [ -115.2595386, 36.1856780998 ], [ -115.2595413, 36.1856780998 ], [ -115.2595413, 36.185669999799998 ], [ -115.2595386, 36.185669999799998 ], [ -115.2595386, 36.185648399800002 ], [ -115.2595413, 36.185648399800002 ], [ -115.2595413, 36.185642999800002 ], [ -115.259544, 36.185642999800002 ], [ -115.259544, 36.185629499800001 ], [ -115.2595467, 36.185629499800001 ], [ -115.2595467, 36.185621399799999 ], [ -115.2595656, 36.185621399799999 ], [ -115.2595656, 36.185624099800002 ], [ -115.2595683, 36.185624099800002 ], [ -115.2595683, 36.185629499800001 ], [ -115.2595764, 36.185629499800001 ], [ -115.2595764, 36.185640299799999 ], [ -115.2595818, 36.185640299799999 ], [ -115.2595818, 36.185642999800002 ], [ -115.2596547, 36.185642999800002 ], [ -115.2596547, 36.185648399800002 ], [ -115.2596574, 36.185648399800002 ], [ -115.2596574, 36.185721299800001 ], [ -115.2596547, 36.185721299800001 ], [ -115.2596547, 36.185723999800004 ], [ -115.2596493, 36.185723999800004 ], [ -115.2596493, 36.1857266998 ], [ -115.2596115, 36.1857266998 ], [ -115.2596115, 36.185729399800003 ], [ -115.2596061, 36.185729399800003 ], [ -115.2596061, 36.185732099799999 ], [ -115.2595953, 36.185732099799999 ], [ -115.2595953, 36.185734799800002 ] ] ] } },
{ "type": "Feature", "properties": { "value": 255.0 }, "geometry": { "type": "Polygon", "coordinates": [ [ [ -115.2597465, 36.185653799800001 ], [ -115.2597411, 36.185653799800001 ], [ -115.2597411, 36.185651099800005 ], [ -115.2597357, 36.185651099800005 ], [ -115.2597357, 36.185648399800002 ], [ -115.2597276, 36.185648399800002 ], [ -115.2597276, 36.185651099800005 ], [ -115.259714100000011, 36.185651099800005 ], [ -115.259714100000011, 36.185648399800002 ], [ -115.2597087, 36.185648399800002 ], [ -115.2597087, 36.185645699799998 ], [ -115.259706, 36.185645699799998 ], [ -115.259706, 36.185624099800002 ], [ -115.2597087, 36.185624099800002 ], [ -115.2597087, 36.185621399799999 ], [ -115.2597114, 36.185621399799999 ], [ -115.2597114, 36.185618699800003 ], [ -115.2597492, 36.185618699800003 ], [ -115.2597492, 36.185621399799999 ], [ -115.259751900000012, 36.185621399799999 ], [ -115.259751900000012, 36.185624099800002 ], [ -115.2597546, 36.185624099800002 ], [ -115.2597546, 36.185645699799998 ], [ -115.259751900000012, 36.185645699799998 ], [ -115.259751900000012, 36.185648399800002 ], [ -115.2597492, 36.185648399800002 ], [ -115.2597492, 36.185651099800005 ], [ -115.2597465, 36.185651099800005 ], [ -115.2597465, 36.185653799800001 ] ] ] } },
{ "type": "Feature", "properties": { "value": 255.0 }, "geometry": { "type": "Polygon", "coordinates": [ [ [ -115.2593415, 36.185580899800001 ], [ -115.2591903, 36.185580899800001 ], [ -115.2591903, 36.185578199799998 ], [ -115.2591876, 36.185578199799998 ], [ -115.2591876, 36.185575499800002 ], [ -115.2591849, 36.185575499800002 ], [ -115.2591849, 36.185548499799999 ], [ -115.2591822, 36.185548499799999 ], [ -115.2591822, 36.185532299800002 ], [ -115.2591795, 36.185532299800002 ], [ -115.2591795, 36.185526899800003 ], [ -115.2591822, 36.185526899800003 ], [ -115.2591822, 36.185521499800004 ], [ -115.2592956, 36.185521499800004 ], [ -115.2592956, 36.185518799800001 ], [ -115.2593388, 36.185518799800001 ], [ -115.2593388, 36.185521499800004 ], [ -115.2593415, 36.185521499800004 ], [ -115.2593415, 36.185534999799998 ], [ -115.2593442, 36.185534999799998 ], [ -115.2593442, 36.185578199799998 ], [ -115.2593415, 36.185578199799998 ], [ -115.2593415, 36.185580899800001 ] ] ] } },
{ "type": "Feature", "properties": { "value": 255.0 }, "geometry": { "type": "Polygon", "coordinates": [ [ [ -115.2585963, 36.185572799799999 ], [ -115.2585936, 36.185572799799999 ], [ -115.2585936, 36.185570099800003 ], [ -115.2585882, 36.185570099800003 ], [ -115.2585882, 36.1855673998 ], [ -115.2585855, 36.1855673998 ], [ -115.2585855, 36.185564699800004 ], [ -115.2585801, 36.185564699800004 ], [ -115.2585801, 36.185561999800001 ], [ -115.2585774, 36.185561999800001 ], [ -115.2585774, 36.185559299799998 ], [ -115.258572, 36.185559299799998 ], [ -115.258572, 36.185556599800002 ], [ -115.2585666, 36.185556599800002 ], [ -115.2585666, 36.185553899799999 ], [ -115.2585639, 36.185553899799999 ], [ -115.2585639, 36.185551199800003 ], [ -115.2585612, 36.185551199800003 ], [ -115.2585612, 36.185548499799999 ], [ -115.2585585, 36.185548499799999 ], [ -115.2585585, 36.185545799800003 ], [ -115.2585558, 36.185545799800003 ], [ -115.2585558, 36.1855430998 ], [ -115.2585531, 36.1855430998 ], [ -115.2585531, 36.185540399800004 ], [ -115.2585504, 36.185540399800004 ], [ -115.2585504, 36.185537699800001 ], [ -115.2585477, 36.185537699800001 ], [ -115.2585477, 36.185534999799998 ], [ -115.258545, 36.185534999799998 ], [ -115.258545, 36.185526899800003 ], [ -115.2585477, 36.185526899800003 ], [ -115.2585477, 36.1855241998 ], [ -115.2585504, 36.1855241998 ], [ -115.2585504, 36.185521499800004 ], [ -115.2585558, 36.185521499800004 ], [ -115.2585558, 36.185518799800001 ], [ -115.2585585, 36.185518799800001 ], [ -115.2585585, 36.185516099800004 ], [ -115.2585639, 36.185516099800004 ], [ -115.2585639, 36.185513399800001 ], [ -115.2585666, 36.185513399800001 ], [ -115.2585666, 36.185510699799998 ], [ -115.258572, 36.185510699799998 ], [ -115.258572, 36.185507999800002 ], [ -115.2585774, 36.185507999800002 ], [ -115.2585774, 36.185502599800003 ], [ -115.2585801, 36.185502599800003 ], [ -115.2585801, 36.1854998998 ], [ -115.2585855, 36.1854998998 ], [ -115.2585855, 36.185497199800004 ], [ -115.2585882, 36.185497199800004 ], [ -115.2585882, 36.185494499800001 ], [ -115.2585909, 36.185494499800001 ], [ -115.2585909, 36.185491799799998 ], [ -115.2585963, 36.185491799799998 ], [ -115.2585963, 36.185489099800002 ], [ -115.258599, 36.185489099800002 ], [ -115.258599, 36.185486399799998 ], [ -115.2586017, 36.185486399799998 ], [ -115.2586017, 36.185483699800002 ], [ -115.25860440000001, 36.185483699800002 ], [ -115.25860440000001, 36.185480999799999 ], [ -115.2586071, 36.185480999799999 ], [ -115.2586071, 36.185478299800003 ], [ -115.2586098, 36.185478299800003 ], [ -115.2586098, 36.1854755998 ], [ -115.2586125, 36.1854755998 ], [ -115.2586125, 36.185472899800004 ], [ -115.2586179, 36.185472899800004 ], [ -115.2586179, 36.185470199800001 ], [ -115.2586206, 36.185470199800001 ], [ -115.2586206, 36.185467499799998 ], [ -115.2586233, 36.185467499799998 ], [ -115.2586233, 36.185464799800002 ], [ -115.258626, 36.185464799800002 ], [ -115.258626, 36.185462099799999 ], [ -115.2586287, 36.185462099799999 ], [ -115.2586287, 36.185459399800003 ], [ -115.2586341, 36.185459399800003 ], [ -115.2586341, 36.1854566998 ], [ -115.2586368, 36.1854566998 ], [ -115.2586368, 36.185453999800004 ], [ -115.2586395, 36.185453999800004 ], [ -115.2586395, 36.1854512998 ], [ -115.2586422, 36.1854512998 ], [ -115.2586422, 36.185448599800004 ], [ -115.2586476, 36.185448599800004 ], [ -115.2586476, 36.185445899800001 ], [ -115.2586503, 36.185445899800001 ], [ -115.2586503, 36.185443199799998 ], [ -115.2586638, 36.185443199799998 ], [ -115.2586638, 36.185445899800001 ], [ -115.2586665, 36.185445899800001 ], [ -115.2586665, 36.185448599800004 ], [ -115.25867190000001, 36.185448599800004 ], [ -115.25867190000001, 36.1854512998 ], [ -115.2586746, 36.1854512998 ], [ -115.2586746, 36.185453999800004 ], [ -115.2586773, 36.185453999800004 ], [ -115.2586773, 36.1854566998 ], [ -115.25868, 36.1854566998 ], [ -115.25868, 36.185459399800003 ], [ -115.2586827, 36.185459399800003 ], [ -115.2586827, 36.185462099799999 ], [ -115.2586881, 36.185462099799999 ], [ -115.2586881, 36.185464799800002 ], [ -115.2586908, 36.185464799800002 ], [ -115.2586908, 36.185467499799998 ], [ -115.2586935, 36.185467499799998 ], [ -115.2586935, 36.185470199800001 ], [ -115.2586989, 36.185470199800001 ], [ -115.2586989, 36.1854755998 ], [ -115.2587016, 36.1854755998 ], [ -115.2587016, 36.185478299800003 ], [ -115.2587043, 36.185478299800003 ], [ -115.2587043, 36.185483699800002 ], [ -115.2587016, 36.185483699800002 ], [ -115.2587016, 36.185489099800002 ], [ -115.2586989, 36.185489099800002 ], [ -115.2586989, 36.185491799799998 ], [ -115.2586935, 36.185491799799998 ], [ -115.2586935, 36.185494499800001 ], [ -115.2586908, 36.185494499800001 ], [ -115.2586908, 36.185497199800004 ], [ -115.2586881, 36.185497199800004 ], [ -115.2586881, 36.1854998998 ], [ -115.2586854, 36.1854998998 ], [ -115.2586854, 36.185502599800003 ], [ -115.2586827, 36.185502599800003 ], [ -115.2586827, 36.185505299799999 ], [ -115.25868, 36.185505299799999 ], [ -115.25868, 36.185507999800002 ], [ -115.2586773, 36.185507999800002 ], [ -115.2586773, 36.185510699799998 ], [ -115.2586746, 36.185510699799998 ], [ -115.2586746, 36.185513399800001 ], [ -115.25867190000001, 36.185513399800001 ], [ -115.25867190000001, 36.185516099800004 ], [ -115.2586665, 36.185516099800004 ], [ -115.2586665, 36.185518799800001 ], [ -115.2586638, 36.185518799800001 ], [ -115.2586638, 36.185521499800004 ], [ -115.2586611, 36.185521499800004 ], [ -115.2586611, 36.1855241998 ], [ -115.2586584, 36.1855241998 ], [ -115.2586584, 36.185526899800003 ], [ -115.2586557, 36.185526899800003 ], [ -115.2586557, 36.185529599799999 ], [ -115.258653, 36.185529599799999 ], [ -115.258653, 36.185532299800002 ], [ -115.2586476, 36.185532299800002 ], [ -115.2586476, 36.185534999799998 ], [ -115.2586449, 36.185534999799998 ], [ -115.2586449, 36.185537699800001 ], [ -115.2586395, 36.185537699800001 ], [ -115.2586395, 36.185540399800004 ], [ -115.2586368, 36.185540399800004 ], [ -115.2586368, 36.1855430998 ], [ -115.2586314, 36.1855430998 ], [ -115.2586314, 36.185545799800003 ], [ -115.2586287, 36.185545799800003 ], [ -115.2586287, 36.185548499799999 ], [ -115.258626, 36.185548499799999 ], [ -115.258626, 36.185551199800003 ], [ -115.2586233, 36.185551199800003 ], [ -115.2586233, 36.185553899799999 ], [ -115.2586179, 36.185553899799999 ], [ -115.2586179, 36.185556599800002 ], [ -115.2586152, 36.185556599800002 ], [ -115.2586152, 36.185559299799998 ], [ -115.2586125, 36.185559299799998 ], [ -115.2586125, 36.185561999800001 ], [ -115.2586098, 36.185561999800001 ], [ -115.2586098, 36.185564699800004 ], [ -115.2586071, 36.185564699800004 ], [ -115.2586071, 36.1855673998 ], [ -115.25860440000001, 36.1855673998 ], [ -115.25860440000001, 36.185570099800003 ], [ -115.2585963, 36.185570099800003 ], [ -115.2585963, 36.185572799799999 ] ] ] } },
{ "type": "Feature", "properties": { "value": 255.0 }, "geometry": { "type": "Polygon", "coordinates": [ [ [ -115.2591282, 36.185435099800003 ], [ -115.2590553, 36.185435099800003 ], [ -115.2590553, 36.1854323998 ], [ -115.25903910000001, 36.1854323998 ], [ -115.25903910000001, 36.185429699800004 ], [ -115.2590364, 36.185429699800004 ], [ -115.2590364, 36.185424299799998 ], [ -115.25903910000001, 36.185424299799998 ], [ -115.25903910000001, 36.185416199800002 ], [ -115.2590364, 36.185416199800002 ], [ -115.2590364, 36.185410799800003 ], [ -115.25903910000001, 36.185410799800003 ], [ -115.25903910000001, 36.1853837998 ], [ -115.2590418, 36.1853837998 ], [ -115.2590418, 36.185381099800004 ], [ -115.2590445, 36.185381099800004 ], [ -115.2590445, 36.185378399800001 ], [ -115.2590499, 36.185378399800001 ], [ -115.2590499, 36.185375699799998 ], [ -115.259058, 36.185375699799998 ], [ -115.259058, 36.185372999800002 ], [ -115.2590958, 36.185372999800002 ], [ -115.2590958, 36.185375699799998 ], [ -115.2591039, 36.185375699799998 ], [ -115.2591039, 36.185372999800002 ], [ -115.2591633, 36.185372999800002 ], [ -115.2591633, 36.185370299799999 ], [ -115.2591984, 36.185370299799999 ], [ -115.2591984, 36.185372999800002 ], [ -115.2592011, 36.185372999800002 ], [ -115.2592011, 36.185375699799998 ], [ -115.2592038, 36.185375699799998 ], [ -115.2592038, 36.185429699800004 ], [ -115.2591795, 36.185429699800004 ], [ -115.2591795, 36.1854323998 ], [ -115.2591282, 36.1854323998 ], [ -115.2591282, 36.185435099800003 ] ] ] } },
{ "type": "Feature", "properties": { "value": 255.0 }, "geometry": { "type": "Polygon", "coordinates": [ [ [ -115.2585018, 36.1854566998 ], [ -115.2584856, 36.1854566998 ], [ -115.2584856, 36.185453999800004 ], [ -115.2584829, 36.185453999800004 ], [ -115.2584829, 36.1854512998 ], [ -115.2584802, 36.1854512998 ], [ -115.2584802, 36.185448599800004 ], [ -115.2584748, 36.185448599800004 ], [ -115.2584748, 36.185445899800001 ], [ -115.2584721, 36.185445899800001 ], [ -115.2584721, 36.185443199799998 ], [ -115.25846940000001, 36.185443199799998 ], [ -115.25846940000001, 36.185440499800002 ], [ -115.2584667, 36.185440499800002 ], [ -115.2584667, 36.185437799799999 ], [ -115.2584613, 36.185437799799999 ], [ -115.2584613, 36.185435099800003 ], [ -115.2584586, 36.185435099800003 ], [ -115.2584586, 36.1854323998 ], [ -115.2584559, 36.1854323998 ], [ -115.2584559, 36.185424299799998 ], [ -115.2584586, 36.185424299799998 ], [ -115.2584586, 36.185421599800002 ], [ -115.2584613, 36.185421599800002 ], [ -115.2584613, 36.185416199800002 ], [ -115.258464, 36.185416199800002 ], [ -115.258464, 36.185413499799999 ], [ -115.2584667, 36.185413499799999 ], [ -115.2584667, 36.185410799800003 ], [ -115.25846940000001, 36.185410799800003 ], [ -115.25846940000001, 36.1854080998 ], [ -115.2584721, 36.1854080998 ], [ -115.2584721, 36.185405399800004 ], [ -115.2584775, 36.185405399800004 ], [ -115.2584775, 36.185402699800001 ], [ -115.2584802, 36.185402699800001 ], [ -115.2584802, 36.185399999799998 ], [ -115.2584829, 36.185399999799998 ], [ -115.2584829, 36.185397299800002 ], [ -115.2584883, 36.185397299800002 ], [ -115.2584883, 36.185394599799999 ], [ -115.258491, 36.185394599799999 ], [ -115.258491, 36.185391899800003 ], [ -115.2584937, 36.185391899800003 ], [ -115.2584937, 36.185389199799999 ], [ -115.2584964, 36.185389199799999 ], [ -115.2584964, 36.185386499800003 ], [ -115.2585018, 36.185386499800003 ], [ -115.2585018, 36.1853837998 ], [ -115.2585045, 36.1853837998 ], [ -115.2585045, 36.185381099800004 ], [ -115.2585072, 36.185381099800004 ], [ -115.2585072, 36.185378399800001 ], [ -115.2585099, 36.185378399800001 ], [ -115.2585099, 36.185375699799998 ], [ -115.2585126, 36.185375699799998 ], [ -115.2585126, 36.185372999800002 ], [ -115.258518, 36.185372999800002 ], [ -115.258518, 36.185370299799999 ], [ -115.2585207, 36.185370299799999 ], [ -115.2585207, 36.185367599800003 ], [ -115.2585234, 36.185367599800003 ], [ -115.2585234, 36.1853648998 ], [ -115.2585288, 36.1853648998 ], [ -115.2585288, 36.185362199800004 ], [ -115.2585342, 36.185362199800004 ], [ -115.2585342, 36.185359499800001 ], [ -115.2585396, 36.185359499800001 ], [ -115.2585396, 36.185362199800004 ], [ -115.258545, 36.185362199800004 ], [ -115.258545, 36.1853648998 ], [ -115.2585477, 36.1853648998 ], [ -115.2585477, 36.185367599800003 ], [ -115.2585531, 36.185367599800003 ], [ -115.2585531, 36.185370299799999 ], [ -115.2585558, 36.185370299799999 ], [ -115.2585558, 36.185372999800002 ], [ -115.2585585, 36.185372999800002 ], [ -115.2585585, 36.185375699799998 ], [ -115.2585612, 36.185375699799998 ], [ -115.2585612, 36.185378399800001 ], [ -115.2585639, 36.185378399800001 ], [ -115.2585639, 36.185381099800004 ], [ -115.2585693, 36.185381099800004 ], [ -115.2585693, 36.1853837998 ], [ -115.258572, 36.1853837998 ], [ -115.258572, 36.185386499800003 ], [ -115.2585747, 36.185386499800003 ], [ -115.2585747, 36.185394599799999 ], [ -115.258572, 36.185394599799999 ], [ -115.258572, 36.185397299800002 ], [ -115.2585666, 36.185397299800002 ], [ -115.2585666, 36.185399999799998 ], [ -115.2585639, 36.185399999799998 ], [ -115.2585639, 36.185402699800001 ], [ -115.2585612, 36.185402699800001 ], [ -115.2585612, 36.185405399800004 ], [ -115.2585558, 36.185405399800004 ], [ -115.2585558, 36.1854080998 ], [ -115.2585531, 36.1854080998 ], [ -115.2585531, 36.185410799800003 ], [ -115.2585504, 36.185410799800003 ], [ -115.2585504, 36.185413499799999 ], [ -115.2585477, 36.185413499799999 ], [ -115.2585477, 36.185416199800002 ], [ -115.2585423, 36.185416199800002 ], [ -115.2585423, 36.185418899799998 ], [ -115.2585396, 36.185418899799998 ], [ -115.2585396, 36.185421599800002 ], [ -115.25853690000001, 36.185421599800002 ], [ -115.25853690000001, 36.185426999800001 ], [ -115.2585342, 36.185426999800001 ], [ -115.2585342, 36.185429699800004 ], [ -115.2585288, 36.185429699800004 ], [ -115.2585288, 36.1854323998 ], [ -115.2585261, 36.1854323998 ], [ -115.2585261, 36.185435099800003 ], [ -115.2585234, 36.185435099800003 ], [ -115.2585234, 36.185437799799999 ], [ -115.258518, 36.185437799799999 ], [ -115.258518, 36.185440499800002 ], [ -115.2585153, 36.185440499800002 ], [ -115.2585153, 36.185443199799998 ], [ -115.2585126, 36.185443199799998 ], [ -115.2585126, 36.185445899800001 ], [ -115.2585099, 36.185445899800001 ], [ -115.2585099, 36.185448599800004 ], [ -115.2585072, 36.185448599800004 ], [ -115.2585072, 36.1854512998 ], [ -115.2585045, 36.1854512998 ], [ -115.2585045, 36.185453999800004 ], [ -115.2585018, 36.185453999800004 ], [ -115.2585018, 36.1854566998 ] ] ] } },
{ "type": "Feature", "properties": { "value": 255.0 }, "geometry": { "type": "Polygon", "coordinates": [ [ [ -115.25942520000001, 36.185480999799999 ], [ -115.2593712, 36.185480999799999 ], [ -115.2593712, 36.185478299800003 ], [ -115.2593685, 36.185478299800003 ], [ -115.2593685, 36.185370299799999 ], [ -115.2593658, 36.185370299799999 ], [ -115.2593658, 36.185337899800004 ], [ -115.2593685, 36.185337899800004 ], [ -115.2593685, 36.185332499799998 ], [ -115.2593874, 36.185332499799998 ], [ -115.2593874, 36.185329799800002 ], [ -115.2593901, 36.185329799800002 ], [ -115.2593901, 36.185332499799998 ], [ -115.2594279, 36.185332499799998 ], [ -115.2594279, 36.185478299800003 ], [ -115.25942520000001, 36.185478299800003 ], [ -115.25942520000001, 36.185480999799999 ] ] ] } },
{ "type": "Feature", "properties": { "value": 255.0 }, "geometry": { "type": "Polygon", "coordinates": [ [ [ -115.25897160000001, 36.1854080998 ], [ -115.2589635, 36.1854080998 ], [ -115.2589635, 36.185405399800004 ], [ -115.2589581, 36.185405399800004 ], [ -115.2589581, 36.185402699800001 ], [ -115.2589554, 36.185402699800001 ], [ -115.2589554, 36.185399999799998 ], [ -115.2589527, 36.185399999799998 ], [ -115.2589527, 36.185397299800002 ], [ -115.2589473, 36.185397299800002 ], [ -115.2589473, 36.185394599799999 ], [ -115.2589446, 36.185394599799999 ], [ -115.2589446, 36.185391899800003 ], [ -115.258941900000011, 36.185391899800003 ], [ -115.258941900000011, 36.185389199799999 ], [ -115.2589392, 36.185389199799999 ], [ -115.2589392, 36.185386499800003 ], [ -115.2589338, 36.185386499800003 ], [ -115.2589338, 36.1853837998 ], [ -115.2589311, 36.1853837998 ], [ -115.2589311, 36.185381099800004 ], [ -115.2589284, 36.185381099800004 ], [ -115.2589284, 36.185378399800001 ], [ -115.258923, 36.185378399800001 ], [ -115.258923, 36.185375699799998 ], [ -115.2589203, 36.185375699799998 ], [ -115.2589203, 36.185372999800002 ], [ -115.2589176, 36.185372999800002 ], [ -115.2589176, 36.185370299799999 ], [ -115.2589149, 36.185370299799999 ], [ -115.2589149, 36.185367599800003 ], [ -115.2589095, 36.185367599800003 ], [ -115.2589095, 36.1853648998 ], [ -115.2589068, 36.1853648998 ], [ -115.2589068, 36.185362199800004 ], [ -115.2589041, 36.185362199800004 ], [ -115.2589041, 36.185359499800001 ], [ -115.2588987, 36.185359499800001 ], [ -115.2588987, 36.185356799799997 ], [ -115.258896, 36.185356799799997 ], [ -115.258896, 36.185354099800001 ], [ -115.2588933, 36.185354099800001 ], [ -115.2588933, 36.185351399799998 ], [ -115.2588906, 36.185351399799998 ], [ -115.2588906, 36.185348699800002 ], [ -115.2588852, 36.185348699800002 ], [ -115.2588852, 36.185345999799999 ], [ -115.2588825, 36.185345999799999 ], [ -115.2588825, 36.185343299800003 ], [ -115.2588798, 36.185343299800003 ], [ -115.2588798, 36.1853405998 ], [ -115.25887440000001, 36.1853405998 ], [ -115.25887440000001, 36.185337899800004 ], [ -115.2588717, 36.185337899800004 ], [ -115.2588717, 36.185335199800001 ], [ -115.258869, 36.185335199800001 ], [ -115.258869, 36.185332499799998 ], [ -115.2588663, 36.185332499799998 ], [ -115.2588663, 36.185329799800002 ], [ -115.2588636, 36.185329799800002 ], [ -115.2588636, 36.185327099799999 ], [ -115.2588582, 36.185327099799999 ], [ -115.2588582, 36.185324399800002 ], [ -115.25885550000001, 36.185324399800002 ], [ -115.25885550000001, 36.185321699799999 ], [ -115.2588528, 36.185321699799999 ], [ -115.2588528, 36.185318999800003 ], [ -115.2588501, 36.185318999800003 ], [ -115.2588501, 36.1853162998 ], [ -115.2588447, 36.1853162998 ], [ -115.2588447, 36.185313599800004 ], [ -115.258842, 36.185313599800004 ], [ -115.258842, 36.185310899800001 ], [ -115.2588393, 36.185310899800001 ], [ -115.2588393, 36.185308199799998 ], [ -115.2588366, 36.185308199799998 ], [ -115.2588366, 36.185305499800002 ], [ -115.2588339, 36.185305499800002 ], [ -115.2588339, 36.185302799799999 ], [ -115.2588285, 36.185302799799999 ], [ -115.2588285, 36.185300099800003 ], [ -115.2588258, 36.185300099800003 ], [ -115.2588258, 36.1852973998 ], [ -115.2588231, 36.1852973998 ], [ -115.2588231, 36.185294699800004 ], [ -115.2588204, 36.185294699800004 ], [ -115.2588204, 36.1852919998 ], [ -115.2588177, 36.1852919998 ], [ -115.2588177, 36.185289299799997 ], [ -115.2588123, 36.185289299799997 ], [ -115.2588123, 36.185286599800001 ], [ -115.2588096, 36.185286599800001 ], [ -115.2588096, 36.185283899799998 ], [ -115.25880690000001, 36.185283899799998 ], [ -115.25880690000001, 36.185281199800002 ], [ -115.2588015, 36.185281199800002 ], [ -115.2588015, 36.185278499799999 ], [ -115.2587988, 36.185278499799999 ], [ -115.2587988, 36.185275799800003 ], [ -115.2587961, 36.185275799800003 ], [ -115.2587961, 36.185270399800004 ], [ -115.2587934, 36.185270399800004 ], [ -115.2587934, 36.185264999799998 ], [ -115.2587961, 36.185264999799998 ], [ -115.2587961, 36.185262299800002 ], [ -115.2587988, 36.185262299800002 ], [ -115.2587988, 36.185259599799998 ], [ -115.2588015, 36.185259599799998 ], [ -115.2588015, 36.185256899800002 ], [ -115.2588042, 36.185256899800002 ], [ -115.2588042, 36.185254199799999 ], [ -115.25880690000001, 36.185254199799999 ], [ -115.25880690000001, 36.185243399800001 ], [ -115.2588096, 36.185243399800001 ], [ -115.2588096, 36.185240699799998 ], [ -115.258815, 36.185240699799998 ], [ -115.258815, 36.185237999800002 ], [ -115.2588204, 36.185237999800002 ], [ -115.2588204, 36.185235299799999 ], [ -115.2588258, 36.185235299799999 ], [ -115.2588258, 36.185232599800003 ], [ -115.2588366, 36.185232599800003 ], [ -115.2588366, 36.185235299799999 ], [ -115.2588447, 36.185235299799999 ], [ -115.2588447, 36.185237999800002 ], [ -115.2588501, 36.185237999800002 ], [ -115.2588501, 36.185240699799998 ], [ -115.25885550000001, 36.185240699799998 ], [ -115.25885550000001, 36.185243399800001 ], [ -115.2588582, 36.185243399800001 ], [ -115.2588582, 36.185246099800004 ], [ -115.2588609, 36.185246099800004 ], [ -115.2588609, 36.1852487998 ], [ -115.2588636, 36.1852487998 ], [ -115.2588636, 36.185251499800003 ], [ -115.2588663, 36.185251499800003 ], [ -115.2588663, 36.185254199799999 ], [ -115.258869, 36.185254199799999 ], [ -115.258869, 36.185256899800002 ], [ -115.2588717, 36.185256899800002 ], [ -115.2588717, 36.185259599799998 ], [ -115.25887440000001, 36.185259599799998 ], [ -115.25887440000001, 36.185262299800002 ], [ -115.2588771, 36.185262299800002 ], [ -115.2588771, 36.185264999799998 ], [ -115.2588798, 36.185264999799998 ], [ -115.2588798, 36.185267699800001 ], [ -115.2588825, 36.185267699800001 ], [ -115.2588825, 36.185270399800004 ], [ -115.2588852, 36.185270399800004 ], [ -115.2588852, 36.1852730998 ], [ -115.2588879, 36.1852730998 ], [ -115.2588879, 36.185278499799999 ], [ -115.2588906, 36.185278499799999 ], [ -115.2588906, 36.185281199800002 ], [ -115.258896, 36.185281199800002 ], [ -115.258896, 36.185283899799998 ], [ -115.2588987, 36.185283899799998 ], [ -115.2588987, 36.185286599800001 ], [ -115.2589014, 36.185286599800001 ], [ -115.2589014, 36.185289299799997 ], [ -115.2589041, 36.185289299799997 ], [ -115.2589041, 36.1852919998 ], [ -115.2589095, 36.1852919998 ], [ -115.2589095, 36.185294699800004 ], [ -115.2589122, 36.185294699800004 ], [ -115.2589122, 36.1852973998 ], [ -115.2589176, 36.1852973998 ], [ -115.2589176, 36.185300099800003 ], [ -115.258923, 36.185300099800003 ], [ -115.258923, 36.185302799799999 ], [ -115.2589284, 36.185302799799999 ], [ -115.2589284, 36.185305499800002 ], [ -115.2589311, 36.185305499800002 ], [ -115.2589311, 36.185308199799998 ], [ -115.2589365, 36.185308199799998 ], [ -115.2589365, 36.185310899800001 ], [ -115.2589392, 36.185310899800001 ], [ -115.2589392, 36.185313599800004 ], [ -115.258941900000011, 36.185313599800004 ], [ -115.258941900000011, 36.1853162998 ], [ -115.2589446, 36.1853162998 ], [ -115.2589446, 36.185318999800003 ], [ -115.2589473, 36.185318999800003 ], [ -115.2589473, 36.185321699799999 ], [ -115.25895, 36.185321699799999 ], [ -115.25895, 36.185324399800002 ], [ -115.2589554, 36.185324399800002 ], [ -115.2589554, 36.185327099799999 ], [ -115.2589635, 36.185327099799999 ], [ -115.2589635, 36.185329799800002 ], [ -115.2589689, 36.185329799800002 ], [ -115.2589689, 36.185332499799998 ], [ -115.2589743, 36.185332499799998 ], [ -115.2589743, 36.185335199800001 ], [ -115.258977, 36.185335199800001 ], [ -115.258977, 36.185337899800004 ], [ -115.2589797, 36.185337899800004 ], [ -115.2589797, 36.185343299800003 ], [ -115.2589824, 36.185343299800003 ], [ -115.2589824, 36.185345999799999 ], [ -115.2589851, 36.185345999799999 ], [ -115.2589851, 36.185351399799998 ], [ -115.2589878, 36.185351399799998 ], [ -115.2589878, 36.185354099800001 ], [ -115.25899050000001, 36.185354099800001 ], [ -115.25899050000001, 36.185356799799997 ], [ -115.2589932, 36.185356799799997 ], [ -115.2589932, 36.185359499800001 ], [ -115.2589959, 36.185359499800001 ], [ -115.2589959, 36.185362199800004 ], [ -115.2589986, 36.185362199800004 ], [ -115.2589986, 36.1853648998 ], [ -115.2590013, 36.1853648998 ], [ -115.2590013, 36.185367599800003 ], [ -115.259004, 36.185367599800003 ], [ -115.259004, 36.185370299799999 ], [ -115.2590067, 36.185370299799999 ], [ -115.2590067, 36.185372999800002 ], [ -115.259009400000011, 36.185372999800002 ], [ -115.259009400000011, 36.185381099800004 ], [ -115.2590067, 36.185381099800004 ], [ -115.2590067, 36.1853837998 ], [ -115.2589986, 36.1853837998 ], [ -115.2589986, 36.185386499800003 ], [ -115.2589959, 36.185386499800003 ], [ -115.2589959, 36.185389199799999 ], [ -115.2589932, 36.185389199799999 ], [ -115.2589932, 36.185391899800003 ], [ -115.2589878, 36.185391899800003 ], [ -115.2589878, 36.185394599799999 ], [ -115.2589851, 36.185394599799999 ], [ -115.2589851, 36.185397299800002 ], [ -115.2589797, 36.185397299800002 ], [ -115.2589797, 36.185399999799998 ], [ -115.258977, 36.185399999799998 ], [ -115.258977, 36.185402699800001 ], [ -115.2589743, 36.185402699800001 ], [ -115.2589743, 36.185405399800004 ], [ -115.25897160000001, 36.185405399800004 ], [ -115.25897160000001, 36.1854080998 ] ] ] } },
{ "type": "Feature", "properties": { "value": 255.0 }, "geometry": { "type": "Polygon", "coordinates": [ [ [ -115.2586557, 36.185329799800002 ], [ -115.2586449, 36.185329799800002 ], [ -115.2586449, 36.185327099799999 ], [ -115.2586395, 36.185327099799999 ], [ -115.2586395, 36.185324399800002 ], [ -115.2586368, 36.185324399800002 ], [ -115.2586368, 36.185321699799999 ], [ -115.2586341, 36.185321699799999 ], [ -115.2586341, 36.185318999800003 ], [ -115.2586314, 36.185318999800003 ], [ -115.2586314, 36.1853162998 ], [ -115.258626, 36.1853162998 ], [ -115.258626, 36.185313599800004 ], [ -115.2586233, 36.185313599800004 ], [ -115.2586233, 36.185310899800001 ], [ -115.2586206, 36.185310899800001 ], [ -115.2586206, 36.185308199799998 ], [ -115.2586152, 36.185308199799998 ], [ -115.2586152, 36.185305499800002 ], [ -115.2586125, 36.185305499800002 ], [ -115.2586125, 36.1852919998 ], [ -115.2586152, 36.1852919998 ], [ -115.2586152, 36.185289299799997 ], [ -115.2586179, 36.185289299799997 ], [ -115.2586179, 36.185286599800001 ], [ -115.2586206, 36.185286599800001 ], [ -115.2586206, 36.185283899799998 ], [ -115.258626, 36.185283899799998 ], [ -115.258626, 36.185281199800002 ], [ -115.2586287, 36.185281199800002 ], [ -115.2586287, 36.185278499799999 ], [ -115.2586314, 36.185278499799999 ], [ -115.2586314, 36.185275799800003 ], [ -115.2586341, 36.185275799800003 ], [ -115.2586341, 36.1852730998 ], [ -115.2586368, 36.1852730998 ], [ -115.2586368, 36.185270399800004 ], [ -115.2586395, 36.185270399800004 ], [ -115.2586395, 36.185267699800001 ], [ -115.2586449, 36.185267699800001 ], [ -115.2586449, 36.185264999799998 ], [ -115.2586476, 36.185264999799998 ], [ -115.2586476, 36.185262299800002 ], [ -115.2586503, 36.185262299800002 ], [ -115.2586503, 36.185259599799998 ], [ -115.258653, 36.185259599799998 ], [ -115.258653, 36.185256899800002 ], [ -115.2586557, 36.185256899800002 ], [ -115.2586557, 36.185254199799999 ], [ -115.2586584, 36.185254199799999 ], [ -115.2586584, 36.185251499800003 ], [ -115.2586611, 36.185251499800003 ], [ -115.2586611, 36.1852487998 ], [ -115.2586665, 36.1852487998 ], [ -115.2586665, 36.185246099800004 ], [ -115.25867190000001, 36.185246099800004 ], [ -115.25867190000001, 36.185243399800001 ], [ -115.2586746, 36.185243399800001 ], [ -115.2586746, 36.185240699799998 ], [ -115.25868, 36.185240699799998 ], [ -115.25868, 36.185237999800002 ], [ -115.2586854, 36.185237999800002 ], [ -115.2586854, 36.185235299799999 ], [ -115.2587016, 36.185235299799999 ], [ -115.2587016, 36.185237999800002 ], [ -115.258707, 36.185237999800002 ], [ -115.258707, 36.185240699799998 ], [ -115.2587097, 36.185240699799998 ], [ -115.2587097, 36.185243399800001 ], [ -115.2587124, 36.185243399800001 ], [ -115.2587124, 36.185246099800004 ], [ -115.2587151, 36.185246099800004 ], [ -115.2587151, 36.1852487998 ], [ -115.2587178, 36.1852487998 ], [ -115.2587178, 36.185251499800003 ], [ -115.25872050000001, 36.185251499800003 ], [ -115.25872050000001, 36.185254199799999 ], [ -115.2587232, 36.185254199799999 ], [ -115.2587232, 36.185256899800002 ], [ -115.2587259, 36.185256899800002 ], [ -115.2587259, 36.185259599799998 ], [ -115.2587286, 36.185259599799998 ], [ -115.2587286, 36.185262299800002 ], [ -115.2587313, 36.185262299800002 ], [ -115.2587313, 36.185267699800001 ], [ -115.2587286, 36.185267699800001 ], [ -115.2587286, 36.185270399800004 ], [ -115.2587232, 36.185270399800004 ], [ -115.2587232, 36.1852730998 ], [ -115.25872050000001, 36.1852730998 ], [ -115.25872050000001, 36.185275799800003 ], [ -115.2587178, 36.185275799800003 ], [ -115.2587178, 36.185278499799999 ], [ -115.2587124, 36.185278499799999 ], [ -115.2587124, 36.185281199800002 ], [ -115.2587097, 36.185281199800002 ], [ -115.2587097, 36.185283899799998 ], [ -115.258707, 36.185283899799998 ], [ -115.258707, 36.185286599800001 ], [ -115.2587043, 36.185286599800001 ], [ -115.2587043, 36.185289299799997 ], [ -115.2587016, 36.185289299799997 ], [ -115.2587016, 36.1852919998 ], [ -115.2586989, 36.1852919998 ], [ -115.2586989, 36.185294699800004 ], [ -115.2586935, 36.185294699800004 ], [ -115.2586935, 36.1852973998 ], [ -115.2586908, 36.1852973998 ], [ -115.2586908, 36.185300099800003 ], [ -115.2586881, 36.185300099800003 ], [ -115.2586881, 36.185302799799999 ], [ -115.2586827, 36.185302799799999 ], [ -115.2586827, 36.185305499800002 ], [ -115.25868, 36.185305499800002 ], [ -115.25868, 36.185308199799998 ], [ -115.2586746, 36.185308199799998 ], [ -115.2586746, 36.185310899800001 ], [ -115.25867190000001, 36.185310899800001 ], [ -115.25867190000001, 36.185313599800004 ], [ -115.2586692, 36.185313599800004 ], [ -115.2586692, 36.1853162998 ], [ -115.2586665, 36.1853162998 ], [ -115.2586665, 36.185318999800003 ], [ -115.2586638, 36.185318999800003 ], [ -115.2586638, 36.185321699799999 ], [ -115.2586611, 36.185321699799999 ], [ -115.2586611, 36.185324399800002 ], [ -115.2586584, 36.185324399800002 ], [ -115.2586584, 36.185327099799999 ], [ -115.2586557, 36.185327099799999 ], [ -115.2586557, 36.185329799800002 ] ] ] } },
{ "type": "Feature", "properties": { "value": 255.0 }, "geometry": { "type": "Polygon", "coordinates": [ [ [ -115.259279400000011, 36.185354099800001 ], [ -115.2592227, 36.185354099800001 ], [ -115.2592227, 36.185351399799998 ], [ -115.25922, 36.185351399799998 ], [ -115.25922, 36.1852244998 ], [ -115.2592227, 36.1852244998 ], [ -115.2592227, 36.185210999799999 ], [ -115.2592254, 36.185210999799999 ], [ -115.2592254, 36.185208299800003 ], [ -115.2592335, 36.185208299800003 ], [ -115.2592335, 36.1852055998 ], [ -115.2592767, 36.1852055998 ], [ -115.2592767, 36.185210999799999 ], [ -115.259279400000011, 36.185210999799999 ], [ -115.259279400000011, 36.185354099800001 ] ] ] } },
{ "type": "Feature", "properties": { "value": 255.0 }, "geometry": { "type": "Polygon", "coordinates": [ [ [ -115.2593901, 36.185308199799998 ], [ -115.2593685, 36.185308199799998 ], [ -115.2593685, 36.185264999799998 ], [ -115.2593658, 36.185264999799998 ], [ -115.2593658, 36.185111099800004 ], [ -115.25937660000001, 36.185111099800004 ], [ -115.25937660000001, 36.185108399800001 ], [ -115.2593928, 36.185108399800001 ], [ -115.2593928, 36.185111099800004 ], [ -115.2594225, 36.185111099800004 ], [ -115.2594225, 36.1851137998 ], [ -115.25942520000001, 36.1851137998 ], [ -115.25942520000001, 36.185246099800004 ], [ -115.2594279, 36.185246099800004 ], [ -115.2594279, 36.185305499800002 ], [ -115.2593901, 36.185305499800002 ], [ -115.2593901, 36.185308199799998 ] ] ] } },
{ "type": "Feature", "properties": { "value": 255.0 }, "geometry": { "type": "Polygon", "coordinates": [ [ [ -115.2596412, 36.1855241998 ], [ -115.2595683, 36.1855241998 ], [ -115.2595683, 36.185521499800004 ], [ -115.2595521, 36.185521499800004 ], [ -115.2595521, 36.1855241998 ], [ -115.259549400000012, 36.1855241998 ], [ -115.259549400000012, 36.185521499800004 ], [ -115.2595089, 36.185521499800004 ], [ -115.2595089, 36.185518799800001 ], [ -115.2595035, 36.185518799800001 ], [ -115.2595035, 36.185505299799999 ], [ -115.2595008, 36.185505299799999 ], [ -115.2595008, 36.185502599800003 ], [ -115.2594981, 36.185502599800003 ], [ -115.2594981, 36.1854998998 ], [ -115.2594954, 36.1854998998 ], [ -115.2594954, 36.185497199800004 ], [ -115.25949270000001, 36.185497199800004 ], [ -115.25949270000001, 36.185494499800001 ], [ -115.25949, 36.185494499800001 ], [ -115.25949, 36.185478299800003 ], [ -115.2594873, 36.185478299800003 ], [ -115.2594873, 36.185445899800001 ], [ -115.25949, 36.185445899800001 ], [ -115.25949, 36.185443199799998 ], [ -115.2594954, 36.185443199799998 ], [ -115.2594954, 36.185440499800002 ], [ -115.2595062, 36.185440499800002 ], [ -115.2595062, 36.185437799799999 ], [ -115.2595089, 36.185437799799999 ], [ -115.2595089, 36.185435099800003 ], [ -115.25951160000001, 36.185435099800003 ], [ -115.25951160000001, 36.1854323998 ], [ -115.2595143, 36.1854323998 ], [ -115.2595143, 36.185426999800001 ], [ -115.2595089, 36.185426999800001 ], [ -115.2595089, 36.185424299799998 ], [ -115.2595062, 36.185424299799998 ], [ -115.2595062, 36.185421599800002 ], [ -115.2595035, 36.185421599800002 ], [ -115.2595035, 36.185418899799998 ], [ -115.2594981, 36.185418899799998 ], [ -115.2594981, 36.185416199800002 ], [ -115.25949, 36.185416199800002 ], [ -115.25949, 36.185413499799999 ], [ -115.2594846, 36.185413499799999 ], [ -115.2594846, 36.185410799800003 ], [ -115.259481900000011, 36.185410799800003 ], [ -115.259481900000011, 36.185405399800004 ], [ -115.2594792, 36.185405399800004 ], [ -115.2594792, 36.185399999799998 ], [ -115.2594765, 36.185399999799998 ], [ -115.2594765, 36.185386499800003 ], [ -115.2594792, 36.185386499800003 ], [ -115.2594792, 36.185370299799999 ], [ -115.25949, 36.185370299799999 ], [ -115.25949, 36.185367599800003 ], [ -115.2595008, 36.185367599800003 ], [ -115.2595008, 36.1853648998 ], [ -115.2595035, 36.1853648998 ], [ -115.2595035, 36.185362199800004 ], [ -115.2595062, 36.185362199800004 ], [ -115.2595062, 36.185359499800001 ], [ -115.2595089, 36.185359499800001 ], [ -115.2595089, 36.185351399799998 ], [ -115.25951160000001, 36.185351399799998 ], [ -115.25951160000001, 36.1853405998 ], [ -115.2595143, 36.1853405998 ], [ -115.2595143, 36.185332499799998 ], [ -115.259517, 36.185332499799998 ], [ -115.259517, 36.185329799800002 ], [ -115.2595197, 36.185329799800002 ], [ -115.2595197, 36.185327099799999 ], [ -115.2595224, 36.185327099799999 ], [ -115.2595224, 36.1852973998 ], [ -115.2595197, 36.1852973998 ], [ -115.2595197, 36.185289299799997 ], [ -115.259517, 36.185289299799997 ], [ -115.259517, 36.185286599800001 ], [ -115.2595143, 36.185286599800001 ], [ -115.2595143, 36.1852730998 ], [ -115.25951160000001, 36.1852730998 ], [ -115.25951160000001, 36.185270399800004 ], [ -115.2595008, 36.185270399800004 ], [ -115.2595008, 36.185267699800001 ], [ -115.25949270000001, 36.185267699800001 ], [ -115.25949270000001, 36.185264999799998 ], [ -115.2594873, 36.185264999799998 ], [ -115.2594873, 36.185262299800002 ], [ -115.2594846, 36.185262299800002 ], [ -115.2594846, 36.185251499800003 ], [ -115.259481900000011, 36.185251499800003 ], [ -115.259481900000011, 36.185237999800002 ], [ -115.2594792, 36.185237999800002 ], [ -115.2594792, 36.185235299799999 ], [ -115.259481900000011, 36.185235299799999 ], [ -115.259481900000011, 36.185229899799999 ], [ -115.2594846, 36.185229899799999 ], [ -115.2594846, 36.185227199800003 ], [ -115.2595035, 36.185227199800003 ], [ -115.2595035, 36.1852244998 ], [ -115.25951160000001, 36.1852244998 ], [ -115.25951160000001, 36.185216399799998 ], [ -115.2595143, 36.185216399799998 ], [ -115.2595143, 36.1852055998 ], [ -115.2595089, 36.1852055998 ], [ -115.2595089, 36.185200199800001 ], [ -115.2595035, 36.185200199800001 ], [ -115.2595035, 36.185197499799997 ], [ -115.25949, 36.185197499799997 ], [ -115.25949, 36.185194799800001 ], [ -115.2594873, 36.185194799800001 ], [ -115.2594873, 36.185192099799998 ], [ -115.259481900000011, 36.185192099799998 ], [ -115.259481900000011, 36.1851812998 ], [ -115.2594792, 36.1851812998 ], [ -115.2594792, 36.1851380998 ], [ -115.2594846, 36.1851380998 ], [ -115.2594846, 36.185135399800004 ], [ -115.2594873, 36.185135399800004 ], [ -115.2594873, 36.185129999799997 ], [ -115.25949, 36.185129999799997 ], [ -115.25949, 36.185124599799998 ], [ -115.25949270000001, 36.185124599799998 ], [ -115.25949270000001, 36.185121899800002 ], [ -115.2595656, 36.185121899800002 ], [ -115.2595656, 36.185124599799998 ], [ -115.2595764, 36.185124599799998 ], [ -115.2595764, 36.185127299800001 ], [ -115.2596223, 36.185127299800001 ], [ -115.2596223, 36.185124599799998 ], [ -115.2596304, 36.185124599799998 ], [ -115.2596304, 36.185121899800002 ], [ -115.2596385, 36.185121899800002 ], [ -115.2596385, 36.185119199799999 ], [ -115.2596547, 36.185119199799999 ], [ -115.2596547, 36.185116499800003 ], [ -115.259665500000011, 36.185116499800003 ], [ -115.259665500000011, 36.185119199799999 ], [ -115.2596925, 36.185119199799999 ], [ -115.2596925, 36.185121899800002 ], [ -115.25969520000001, 36.185121899800002 ], [ -115.25969520000001, 36.185124599799998 ], [ -115.2597006, 36.185124599799998 ], [ -115.2597006, 36.185129999799997 ], [ -115.2597033, 36.185129999799997 ], [ -115.2597033, 36.185135399800004 ], [ -115.259706, 36.185135399800004 ], [ -115.259706, 36.1851380998 ], [ -115.2597087, 36.1851380998 ], [ -115.2597087, 36.185146199800002 ], [ -115.2597114, 36.185146199800002 ], [ -115.2597114, 36.185170499800002 ], [ -115.259714100000011, 36.185170499800002 ], [ -115.259714100000011, 36.185173199799998 ], [ -115.2597114, 36.185173199799998 ], [ -115.2597114, 36.185192099799998 ], [ -115.2597087, 36.185192099799998 ], [ -115.2597087, 36.185194799800001 ], [ -115.2596979, 36.185194799800001 ], [ -115.2596979, 36.185197499799997 ], [ -115.2596925, 36.185197499799997 ], [ -115.2596925, 36.185200199800001 ], [ -115.2596898, 36.185200199800001 ], [ -115.2596898, 36.185202899800004 ], [ -115.2596871, 36.185202899800004 ], [ -115.2596871, 36.185216399799998 ], [ -115.2596898, 36.185216399799998 ], [ -115.2596898, 36.185221799799997 ], [ -115.25969520000001, 36.185221799799997 ], [ -115.25969520000001, 36.1852244998 ], [ -115.2597087, 36.1852244998 ], [ -115.2597087, 36.185227199800003 ], [ -115.259714100000011, 36.185227199800003 ], [ -115.259714100000011, 36.185237999800002 ], [ -115.2597168, 36.185237999800002 ], [ -115.2597168, 36.185246099800004 ], [ -115.259714100000011, 36.185246099800004 ], [ -115.259714100000011, 36.185254199799999 ], [ -115.2597114, 36.185254199799999 ], [ -115.2597114, 36.185256899800002 ], [ -115.2597087, 36.185256899800002 ], [ -115.2597087, 36.185259599799998 ], [ -115.259706, 36.185259599799998 ], [ -115.259706, 36.185262299800002 ], [ -115.2597033, 36.185262299800002 ], [ -115.2597033, 36.185264999799998 ], [ -115.2596925, 36.185264999799998 ], [ -115.2596925, 36.185267699800001 ], [ -115.2596871, 36.185267699800001 ], [ -115.2596871, 36.185270399800004 ], [ -115.2596817, 36.185270399800004 ], [ -115.2596817, 36.185275799800003 ], [ -115.259679, 36.185275799800003 ], [ -115.259679, 36.185281199800002 ], [ -115.25967630000001, 36.185281199800002 ], [ -115.25967630000001, 36.185283899799998 ], [ -115.2596736, 36.185283899799998 ], [ -115.2596736, 36.185294699800004 ], [ -115.2596709, 36.185294699800004 ], [ -115.2596709, 36.185318999800003 ], [ -115.2596736, 36.185318999800003 ], [ -115.2596736, 36.185337899800004 ], [ -115.25967630000001, 36.185337899800004 ], [ -115.25967630000001, 36.185345999799999 ], [ -115.259679, 36.185345999799999 ], [ -115.259679, 36.185351399799998 ], [ -115.2596817, 36.185351399799998 ], [ -115.2596817, 36.185356799799997 ], [ -115.2596871, 36.185356799799997 ], [ -115.2596871, 36.185359499800001 ], [ -115.2596898, 36.185359499800001 ], [ -115.2596898, 36.185362199800004 ], [ -115.2596979, 36.185362199800004 ], [ -115.2596979, 36.1853648998 ], [ -115.2597033, 36.1853648998 ], [ -115.2597033, 36.185367599800003 ], [ -115.259706, 36.185367599800003 ], [ -115.259706, 36.185370299799999 ], [ -115.2597087, 36.185370299799999 ], [ -115.2597087, 36.185372999800002 ], [ -115.2597114, 36.185372999800002 ], [ -115.2597114, 36.185375699799998 ], [ -115.259714100000011, 36.185375699799998 ], [ -115.259714100000011, 36.1853837998 ], [ -115.2597168, 36.1853837998 ], [ -115.2597168, 36.185405399800004 ], [ -115.259714100000011, 36.185405399800004 ], [ -115.259714100000011, 36.185410799800003 ], [ -115.2597087, 36.185410799800003 ], [ -115.2597087, 36.185413499799999 ], [ -115.2597006, 36.185413499799999 ], [ -115.2597006, 36.185416199800002 ], [ -115.2596979, 36.185416199800002 ], [ -115.2596979, 36.185418899799998 ], [ -115.2596925, 36.185418899799998 ], [ -115.2596925, 36.185421599800002 ], [ -115.2596871, 36.185421599800002 ], [ -115.2596871, 36.185426999800001 ], [ -115.2596898, 36.185426999800001 ], [ -115.2596898, 36.185435099800003 ], [ -115.2596925, 36.185435099800003 ], [ -115.2596925, 36.185440499800002 ], [ -115.2596979, 36.185440499800002 ], [ -115.2596979, 36.185443199799998 ], [ -115.2597114, 36.185443199799998 ], [ -115.2597114, 36.185445899800001 ], [ -115.259714100000011, 36.185445899800001 ], [ -115.259714100000011, 36.185494499800001 ], [ -115.2597114, 36.185494499800001 ], [ -115.2597114, 36.185505299799999 ], [ -115.2597087, 36.185505299799999 ], [ -115.2597087, 36.185507999800002 ], [ -115.259706, 36.185507999800002 ], [ -115.259706, 36.185513399800001 ], [ -115.2597033, 36.185513399800001 ], [ -115.2597033, 36.185516099800004 ], [ -115.2596925, 36.185516099800004 ], [ -115.2596925, 36.185518799800001 ], [ -115.2596682, 36.185518799800001 ], [ -115.2596682, 36.185521499800004 ], [ -115.2596412, 36.185521499800004 ], [ -115.2596412, 36.1855241998 ] ] ] } },
{ "type": "Feature", "properties": { "value": 255.0 }, "geometry": { "type": "Polygon", "coordinates": [ [ [ -115.2583803, 36.185443199799998 ], [ -115.2583776, 36.185443199799998 ], [ -115.2583776, 36.185165099800003 ], [ -115.2583803, 36.185165099800003 ], [ -115.2583803, 36.185170499800002 ], [ -115.258383, 36.185170499800002 ], [ -115.258383, 36.185167799799999 ], [ -115.2583857, 36.185167799799999 ], [ -115.2583857, 36.185165099800003 ], [ -115.2583884, 36.185165099800003 ], [ -115.2583884, 36.185162399799999 ], [ -115.2583938, 36.185162399799999 ], [ -115.2583938, 36.185159699800003 ], [ -115.2583965, 36.185159699800003 ], [ -115.2583965, 36.1851569998 ], [ -115.2583992, 36.1851569998 ], [ -115.2583992, 36.185154299799997 ], [ -115.2584046, 36.185154299799997 ], [ -115.2584046, 36.185151599800001 ], [ -115.25841, 36.185151599800001 ], [ -115.25841, 36.185148899799998 ], [ -115.2584208, 36.185148899799998 ], [ -115.2584208, 36.185146199800002 ], [ -115.2584289, 36.185146199800002 ], [ -115.2584289, 36.185148899799998 ], [ -115.2584424, 36.185148899799998 ], [ -115.2584424, 36.185151599800001 ], [ -115.2584451, 36.185151599800001 ], [ -115.2584451, 36.185154299799997 ], [ -115.2584505, 36.185154299799997 ], [ -115.2584505, 36.1851569998 ], [ -115.2584532, 36.1851569998 ], [ -115.2584532, 36.185159699800003 ], [ -115.2584667, 36.185159699800003 ], [ -115.2584667, 36.1851569998 ], [ -115.2584748, 36.1851569998 ], [ -115.2584748, 36.185154299799997 ], [ -115.2584775, 36.185154299799997 ], [ -115.2584775, 36.185146199800002 ], [ -115.2584748, 36.185146199800002 ], [ -115.2584748, 36.185143499799999 ], [ -115.2584721, 36.185143499799999 ], [ -115.2584721, 36.185140799800003 ], [ -115.25846940000001, 36.185140799800003 ], [ -115.25846940000001, 36.1851380998 ], [ -115.2584667, 36.1851380998 ], [ -115.2584667, 36.1851326998 ], [ -115.258464, 36.1851326998 ], [ -115.258464, 36.185129999799997 ], [ -115.2584586, 36.185129999799997 ], [ -115.2584586, 36.185127299800001 ], [ -115.2584559, 36.185127299800001 ], [ -115.2584559, 36.185116499800003 ], [ -115.2584586, 36.185116499800003 ], [ -115.2584586, 36.185111099800004 ], [ -115.2584613, 36.185111099800004 ], [ -115.2584613, 36.185108399800001 ], [ -115.2584667, 36.185108399800001 ], [ -115.2584667, 36.185105699799998 ], [ -115.25846940000001, 36.185105699799998 ], [ -115.25846940000001, 36.185102999800002 ], [ -115.2584721, 36.185102999800002 ], [ -115.2584721, 36.185100299799998 ], [ -115.2584748, 36.185100299799998 ], [ -115.2584748, 36.185097599800002 ], [ -115.2584802, 36.185097599800002 ], [ -115.2584802, 36.185094899799999 ], [ -115.2584829, 36.185094899799999 ], [ -115.2584829, 36.185092199800003 ], [ -115.2584856, 36.185092199800003 ], [ -115.2584856, 36.1850894998 ], [ -115.2584883, 36.1850894998 ], [ -115.2584883, 36.185086799799997 ], [ -115.258491, 36.185086799799997 ], [ -115.258491, 36.185084099800001 ], [ -115.2584937, 36.185084099800001 ], [ -115.2584937, 36.185081399799998 ], [ -115.2584991, 36.185081399799998 ], [ -115.2584991, 36.185078699800002 ], [ -115.2585018, 36.185078699800002 ], [ -115.2585018, 36.185075999799999 ], [ -115.2585045, 36.185075999799999 ], [ -115.2585045, 36.185073299800003 ], [ -115.2585072, 36.185073299800003 ], [ -115.2585072, 36.1850705998 ], [ -115.2585099, 36.1850705998 ], [ -115.2585099, 36.185067899800003 ], [ -115.2585126, 36.185067899800003 ], [ -115.2585126, 36.1850651998 ], [ -115.2585153, 36.1850651998 ], [ -115.2585153, 36.185059799800001 ], [ -115.258518, 36.185059799800001 ], [ -115.258518, 36.185057099799998 ], [ -115.2585504, 36.185057099799998 ], [ -115.2585504, 36.185054399800002 ], [ -115.2585531, 36.185054399800002 ], [ -115.2585531, 36.185057099799998 ], [ -115.2585585, 36.185057099799998 ], [ -115.2585585, 36.185059799800001 ], [ -115.2585639, 36.185059799800001 ], [ -115.2585639, 36.185062499799997 ], [ -115.2585693, 36.185062499799997 ], [ -115.2585693, 36.1850651998 ], [ -115.258572, 36.1850651998 ], [ -115.258572, 36.185067899800003 ], [ -115.2585747, 36.185067899800003 ], [ -115.2585747, 36.1850705998 ], [ -115.2585801, 36.1850705998 ], [ -115.2585801, 36.185073299800003 ], [ -115.2585855, 36.185073299800003 ], [ -115.2585855, 36.185075999799999 ], [ -115.2585882, 36.185075999799999 ], [ -115.2585882, 36.185078699800002 ], [ -115.2585936, 36.185078699800002 ], [ -115.2585936, 36.185081399799998 ], [ -115.2585963, 36.185081399799998 ], [ -115.2585963, 36.185084099800001 ], [ -115.258599, 36.185084099800001 ], [ -115.258599, 36.185086799799997 ], [ -115.25860440000001, 36.185086799799997 ], [ -115.25860440000001, 36.185092199800003 ], [ -115.2586071, 36.185092199800003 ], [ -115.2586071, 36.185094899799999 ], [ -115.2586098, 36.185094899799999 ], [ -115.2586098, 36.185097599800002 ], [ -115.2586125, 36.185097599800002 ], [ -115.2586125, 36.185100299799998 ], [ -115.2586152, 36.185100299799998 ], [ -115.2586152, 36.185102999800002 ], [ -115.2586179, 36.185102999800002 ], [ -115.2586179, 36.185105699799998 ], [ -115.2586206, 36.185105699799998 ], [ -115.2586206, 36.185111099800004 ], [ -115.2586233, 36.185111099800004 ], [ -115.2586233, 36.1851137998 ], [ -115.2586287, 36.1851137998 ], [ -115.2586287, 36.185116499800003 ], [ -115.2586314, 36.185116499800003 ], [ -115.2586314, 36.185119199799999 ], [ -115.2586341, 36.185119199799999 ], [ -115.2586341, 36.185121899800002 ], [ -115.2586395, 36.185121899800002 ], [ -115.2586395, 36.185124599799998 ], [ -115.2586449, 36.185124599799998 ], [ -115.2586449, 36.185127299800001 ], [ -115.2586476, 36.185127299800001 ], [ -115.2586476, 36.185129999799997 ], [ -115.2586503, 36.185129999799997 ], [ -115.2586503, 36.1851326998 ], [ -115.2586557, 36.1851326998 ], [ -115.2586557, 36.185135399800004 ], [ -115.2586584, 36.185135399800004 ], [ -115.2586584, 36.1851380998 ], [ -115.2586611, 36.1851380998 ], [ -115.2586611, 36.185140799800003 ], [ -115.2586638, 36.185140799800003 ], [ -115.2586638, 36.185143499799999 ], [ -115.2586665, 36.185143499799999 ], [ -115.2586665, 36.185146199800002 ], [ -115.25867190000001, 36.185146199800002 ], [ -115.25867190000001, 36.185148899799998 ], [ -115.2586746, 36.185148899799998 ], [ -115.2586746, 36.185151599800001 ], [ -115.25868, 36.185151599800001 ], [ -115.25868, 36.185154299799997 ], [ -115.2586827, 36.185154299799997 ], [ -115.2586827, 36.1851569998 ], [ -115.2586854, 36.1851569998 ], [ -115.2586854, 36.185159699800003 ], [ -115.2586881, 36.185159699800003 ], [ -115.2586881, 36.185162399799999 ], [ -115.2586908, 36.185162399799999 ], [ -115.2586908, 36.185173199799998 ], [ -115.2586881, 36.185173199799998 ], [ -115.2586881, 36.185178599800004 ], [ -115.2586854, 36.185178599800004 ], [ -115.2586854, 36.185186699799999 ], [ -115.2586827, 36.185186699799999 ], [ -115.2586827, 36.185200199800001 ], [ -115.25868, 36.185200199800001 ], [ -115.25868, 36.1852055998 ], [ -115.2586773, 36.1852055998 ], [ -115.2586773, 36.185210999799999 ], [ -115.2586746, 36.185210999799999 ], [ -115.2586746, 36.185213699800002 ], [ -115.25867190000001, 36.185213699800002 ], [ -115.25867190000001, 36.185216399799998 ], [ -115.2586692, 36.185216399799998 ], [ -115.2586692, 36.185219099800001 ], [ -115.2586611, 36.185219099800001 ], [ -115.2586611, 36.185221799799997 ], [ -115.2586557, 36.185221799799997 ], [ -115.2586557, 36.1852244998 ], [ -115.2586476, 36.1852244998 ], [ -115.2586476, 36.185227199800003 ], [ -115.2586422, 36.185227199800003 ], [ -115.2586422, 36.185229899799999 ], [ -115.2586368, 36.185229899799999 ], [ -115.2586368, 36.185232599800003 ], [ -115.2586314, 36.185232599800003 ], [ -115.2586314, 36.185235299799999 ], [ -115.258626, 36.185235299799999 ], [ -115.258626, 36.185237999800002 ], [ -115.2586206, 36.185237999800002 ], [ -115.2586206, 36.185240699799998 ], [ -115.2586071, 36.185240699799998 ], [ -115.2586071, 36.185237999800002 ], [ -115.2585909, 36.185237999800002 ], [ -115.2585909, 36.185235299799999 ], [ -115.2585855, 36.185235299799999 ], [ -115.2585855, 36.185232599800003 ], [ -115.2585774, 36.185232599800003 ], [ -115.2585774, 36.185229899799999 ], [ -115.258572, 36.185229899799999 ], [ -115.258572, 36.185227199800003 ], [ -115.2585666, 36.185227199800003 ], [ -115.2585666, 36.185235299799999 ], [ -115.2585693, 36.185235299799999 ], [ -115.2585693, 36.185251499800003 ], [ -115.258572, 36.185251499800003 ], [ -115.258572, 36.185254199799999 ], [ -115.2585747, 36.185254199799999 ], [ -115.2585747, 36.185256899800002 ], [ -115.2585774, 36.185256899800002 ], [ -115.2585774, 36.185259599799998 ], [ -115.2585801, 36.185259599799998 ], [ -115.2585801, 36.185262299800002 ], [ -115.2585828, 36.185262299800002 ], [ -115.2585828, 36.185267699800001 ], [ -115.2585855, 36.185267699800001 ], [ -115.2585855, 36.185270399800004 ], [ -115.2585828, 36.185270399800004 ], [ -115.2585828, 36.1852730998 ], [ -115.2585801, 36.1852730998 ], [ -115.2585801, 36.185275799800003 ], [ -115.2585774, 36.185275799800003 ], [ -115.2585774, 36.185278499799999 ], [ -115.2585747, 36.185278499799999 ], [ -115.2585747, 36.185281199800002 ], [ -115.258572, 36.185281199800002 ], [ -115.258572, 36.185283899799998 ], [ -115.2585666, 36.185283899799998 ], [ -115.2585666, 36.185286599800001 ], [ -115.2585639, 36.185286599800001 ], [ -115.2585639, 36.185289299799997 ], [ -115.2585585, 36.185289299799997 ], [ -115.2585585, 36.1852919998 ], [ -115.2585558, 36.1852919998 ], [ -115.2585558, 36.185294699800004 ], [ -115.2585504, 36.185294699800004 ], [ -115.2585504, 36.1852973998 ], [ -115.2585261, 36.1852973998 ], [ -115.2585261, 36.185300099800003 ], [ -115.258518, 36.185300099800003 ], [ -115.258518, 36.185302799799999 ], [ -115.2585126, 36.185302799799999 ], [ -115.2585126, 36.185305499800002 ], [ -115.2585099, 36.185305499800002 ], [ -115.2585099, 36.185308199799998 ], [ -115.2585072, 36.185308199799998 ], [ -115.2585072, 36.185310899800001 ], [ -115.2585045, 36.185310899800001 ], [ -115.2585045, 36.185313599800004 ], [ -115.2584991, 36.185313599800004 ], [ -115.2584991, 36.185318999800003 ], [ -115.2584964, 36.185318999800003 ], [ -115.2584964, 36.185324399800002 ], [ -115.2584937, 36.185324399800002 ], [ -115.2584937, 36.185345999799999 ], [ -115.258491, 36.185345999799999 ], [ -115.258491, 36.185348699800002 ], [ -115.2584883, 36.185348699800002 ], [ -115.2584883, 36.185351399799998 ], [ -115.2584856, 36.185351399799998 ], [ -115.2584856, 36.185354099800001 ], [ -115.2584802, 36.185354099800001 ], [ -115.2584802, 36.185356799799997 ], [ -115.2584775, 36.185356799799997 ], [ -115.2584775, 36.185359499800001 ], [ -115.2584721, 36.185359499800001 ], [ -115.2584721, 36.185362199800004 ], [ -115.2584559, 36.185362199800004 ], [ -115.2584559, 36.185359499800001 ], [ -115.2584451, 36.185359499800001 ], [ -115.2584451, 36.185356799799997 ], [ -115.2584397, 36.185356799799997 ], [ -115.2584397, 36.185354099800001 ], [ -115.2584316, 36.185354099800001 ], [ -115.2584316, 36.185356799799997 ], [ -115.2584289, 36.185356799799997 ], [ -115.2584289, 36.185359499800001 ], [ -115.2584235, 36.185359499800001 ], [ -115.2584235, 36.185362199800004 ], [ -115.2584208, 36.185362199800004 ], [ -115.2584208, 36.1853648998 ], [ -115.2584181, 36.1853648998 ], [ -115.2584181, 36.185372999800002 ], [ -115.2584208, 36.185372999800002 ], [ -115.2584208, 36.185375699799998 ], [ -115.2584235, 36.185375699799998 ], [ -115.2584235, 36.185378399800001 ], [ -115.2584289, 36.185378399800001 ], [ -115.2584289, 36.185381099800004 ], [ -115.2584316, 36.185381099800004 ], [ -115.2584316, 36.185386499800003 ], [ -115.2584343, 36.185386499800003 ], [ -115.2584343, 36.185389199799999 ], [ -115.258437, 36.185389199799999 ], [ -115.258437, 36.185394599799999 ], [ -115.2584343, 36.185394599799999 ], [ -115.2584343, 36.185397299800002 ], [ -115.2584316, 36.185397299800002 ], [ -115.2584316, 36.185399999799998 ], [ -115.2584289, 36.185399999799998 ], [ -115.2584289, 36.185402699800001 ], [ -115.2584235, 36.185402699800001 ], [ -115.2584235, 36.185405399800004 ], [ -115.2584208, 36.185405399800004 ], [ -115.2584208, 36.1854080998 ], [ -115.2584154, 36.1854080998 ], [ -115.2584154, 36.185410799800003 ], [ -115.2584127, 36.185410799800003 ], [ -115.2584127, 36.185413499799999 ], [ -115.25841, 36.185413499799999 ], [ -115.25841, 36.185418899799998 ], [ -115.2584073, 36.185418899799998 ], [ -115.2584073, 36.185421599800002 ], [ -115.2584046, 36.185421599800002 ], [ -115.2584046, 36.185424299799998 ], [ -115.25840190000001, 36.185424299799998 ], [ -115.25840190000001, 36.185426999800001 ], [ -115.2583965, 36.185426999800001 ], [ -115.2583965, 36.185429699800004 ], [ -115.2583938, 36.185429699800004 ], [ -115.2583938, 36.1854323998 ], [ -115.2583911, 36.1854323998 ], [ -115.2583911, 36.185435099800003 ], [ -115.2583884, 36.185435099800003 ], [ -115.2583884, 36.185437799799999 ], [ -115.258383, 36.185437799799999 ], [ -115.258383, 36.185440499800002 ], [ -115.2583803, 36.185440499800002 ], [ -115.2583803, 36.185443199799998 ] ] ] } },
{ "type": "Feature", "properties": { "value": 255.0 }, "geometry": { "type": "Polygon", "coordinates": [ [ [ -115.2592389, 36.1851137998 ], [ -115.2592308, 36.1851137998 ], [ -115.2592308, 36.185111099800004 ], [ -115.2592254, 36.185111099800004 ], [ -115.2592254, 36.185108399800001 ], [ -115.2592227, 36.185108399800001 ], [ -115.2592227, 36.185105699799998 ], [ -115.2592173, 36.185105699799998 ], [ -115.2592173, 36.185102999800002 ], [ -115.2592146, 36.185102999800002 ], [ -115.2592146, 36.185100299799998 ], [ -115.259211900000011, 36.185100299799998 ], [ -115.259211900000011, 36.185097599800002 ], [ -115.2592065, 36.185097599800002 ], [ -115.2592065, 36.185094899799999 ], [ -115.2592038, 36.185094899799999 ], [ -115.2592038, 36.185092199800003 ], [ -115.2592011, 36.185092199800003 ], [ -115.2592011, 36.1850894998 ], [ -115.2591984, 36.1850894998 ], [ -115.2591984, 36.185086799799997 ], [ -115.259193, 36.185086799799997 ], [ -115.259193, 36.185084099800001 ], [ -115.2591903, 36.185084099800001 ], [ -115.2591903, 36.185081399799998 ], [ -115.2591876, 36.185081399799998 ], [ -115.2591876, 36.185078699800002 ], [ -115.2591849, 36.185078699800002 ], [ -115.2591849, 36.185075999799999 ], [ -115.2591822, 36.185075999799999 ], [ -115.2591822, 36.185073299800003 ], [ -115.2591768, 36.185073299800003 ], [ -115.2591768, 36.1850705998 ], [ -115.25917410000001, 36.1850705998 ], [ -115.25917410000001, 36.185067899800003 ], [ -115.2591714, 36.185067899800003 ], [ -115.2591714, 36.1850651998 ], [ -115.2591687, 36.1850651998 ], [ -115.2591687, 36.185062499799997 ], [ -115.2591633, 36.185062499799997 ], [ -115.2591633, 36.185059799800001 ], [ -115.2591606, 36.185059799800001 ], [ -115.2591606, 36.185057099799998 ], [ -115.2591579, 36.185057099799998 ], [ -115.2591579, 36.185054399800002 ], [ -115.2591552, 36.185054399800002 ], [ -115.2591552, 36.185051699799999 ], [ -115.2591498, 36.185051699799999 ], [ -115.2591498, 36.185048999800003 ], [ -115.2591471, 36.185048999800003 ], [ -115.2591471, 36.1850462998 ], [ -115.259144400000011, 36.1850462998 ], [ -115.259144400000011, 36.185043599800004 ], [ -115.2591417, 36.185043599800004 ], [ -115.2591417, 36.185040899800001 ], [ -115.259139, 36.185040899800001 ], [ -115.259139, 36.185038199799997 ], [ -115.2591336, 36.185038199799997 ], [ -115.2591336, 36.185035499800001 ], [ -115.2591309, 36.185035499800001 ], [ -115.2591309, 36.185032799799998 ], [ -115.2591282, 36.185032799799998 ], [ -115.2591282, 36.185030099800002 ], [ -115.25912550000001, 36.185030099800002 ], [ -115.25912550000001, 36.185027399799999 ], [ -115.2591228, 36.185027399799999 ], [ -115.2591228, 36.185024699800003 ], [ -115.2591201, 36.185024699800003 ], [ -115.2591201, 36.1850219998 ], [ -115.2591174, 36.1850219998 ], [ -115.2591174, 36.185019299799997 ], [ -115.2591147, 36.185019299799997 ], [ -115.2591147, 36.185016599800001 ], [ -115.259112, 36.185016599800001 ], [ -115.259112, 36.185011199800002 ], [ -115.2591093, 36.185011199800002 ], [ -115.2591093, 36.185005799800003 ], [ -115.25910660000001, 36.185005799800003 ], [ -115.25910660000001, 36.1849976998 ], [ -115.2591093, 36.1849976998 ], [ -115.2591093, 36.184989599799998 ], [ -115.259112, 36.184989599799998 ], [ -115.259112, 36.184986899800002 ], [ -115.2591174, 36.184986899800002 ], [ -115.2591174, 36.184984199799999 ], [ -115.25912550000001, 36.184984199799999 ], [ -115.25912550000001, 36.184986899800002 ], [ -115.2591282, 36.184986899800002 ], [ -115.2591282, 36.184984199799999 ], [ -115.259139, 36.184984199799999 ], [ -115.259139, 36.184981499800003 ], [ -115.259144400000011, 36.184981499800003 ], [ -115.259144400000011, 36.1849787998 ], [ -115.2591471, 36.1849787998 ], [ -115.2591471, 36.184981499800003 ], [ -115.2591525, 36.184981499800003 ], [ -115.2591525, 36.184984199799999 ], [ -115.2591552, 36.184984199799999 ], [ -115.2591552, 36.184986899800002 ], [ -115.2591579, 36.184986899800002 ], [ -115.2591579, 36.184989599799998 ], [ -115.2591633, 36.184989599799998 ], [ -115.2591633, 36.184992299800001 ], [ -115.259166, 36.184992299800001 ], [ -115.259166, 36.184994999799997 ], [ -115.2591687, 36.184994999799997 ], [ -115.2591687, 36.1849976998 ], [ -115.25917410000001, 36.1849976998 ], [ -115.25917410000001, 36.185000399800003 ], [ -115.2591768, 36.185000399800003 ], [ -115.2591768, 36.185003099799999 ], [ -115.2591795, 36.185003099799999 ], [ -115.2591795, 36.185005799800003 ], [ -115.2591849, 36.185005799800003 ], [ -115.2591849, 36.185008499799999 ], [ -115.2591876, 36.185008499799999 ], [ -115.2591876, 36.185011199800002 ], [ -115.2591903, 36.185011199800002 ], [ -115.2591903, 36.185013899799998 ], [ -115.259193, 36.185013899799998 ], [ -115.259193, 36.185016599800001 ], [ -115.2591984, 36.185016599800001 ], [ -115.2591984, 36.185019299799997 ], [ -115.2592011, 36.185019299799997 ], [ -115.2592011, 36.1850219998 ], [ -115.2592038, 36.1850219998 ], [ -115.2592038, 36.185024699800003 ], [ -115.2592065, 36.185024699800003 ], [ -115.2592065, 36.185027399799999 ], [ -115.2592092, 36.185027399799999 ], [ -115.2592092, 36.185030099800002 ], [ -115.2592146, 36.185030099800002 ], [ -115.2592146, 36.185032799799998 ], [ -115.2592173, 36.185032799799998 ], [ -115.2592173, 36.185035499800001 ], [ -115.25922, 36.185035499800001 ], [ -115.25922, 36.185038199799997 ], [ -115.2592227, 36.185038199799997 ], [ -115.2592227, 36.185040899800001 ], [ -115.2592281, 36.185040899800001 ], [ -115.2592281, 36.185043599800004 ], [ -115.2592308, 36.185043599800004 ], [ -115.2592308, 36.1850462998 ], [ -115.2592335, 36.1850462998 ], [ -115.2592335, 36.185048999800003 ], [ -115.2592362, 36.185048999800003 ], [ -115.2592362, 36.185051699799999 ], [ -115.25924160000001, 36.185051699799999 ], [ -115.25924160000001, 36.185054399800002 ], [ -115.2592443, 36.185054399800002 ], [ -115.2592443, 36.185057099799998 ], [ -115.259247, 36.185057099799998 ], [ -115.259247, 36.185059799800001 ], [ -115.2592497, 36.185059799800001 ], [ -115.2592497, 36.185062499799997 ], [ -115.2592524, 36.185062499799997 ], [ -115.2592524, 36.1850651998 ], [ -115.2592578, 36.1850651998 ], [ -115.2592578, 36.185067899800003 ], [ -115.259260500000011, 36.185067899800003 ], [ -115.259260500000011, 36.1850705998 ], [ -115.2592632, 36.1850705998 ], [ -115.2592632, 36.185073299800003 ], [ -115.2592686, 36.185073299800003 ], [ -115.2592686, 36.185075999799999 ], [ -115.2592713, 36.185075999799999 ], [ -115.2592713, 36.185086799799997 ], [ -115.2592686, 36.185086799799997 ], [ -115.2592686, 36.1850894998 ], [ -115.2592659, 36.1850894998 ], [ -115.2592659, 36.185092199800003 ], [ -115.2592632, 36.185092199800003 ], [ -115.2592632, 36.185094899799999 ], [ -115.259260500000011, 36.185094899799999 ], [ -115.259260500000011, 36.185097599800002 ], [ -115.2592578, 36.185097599800002 ], [ -115.2592578, 36.185100299799998 ], [ -115.2592551, 36.185100299799998 ], [ -115.2592551, 36.185102999800002 ], [ -115.2592497, 36.185102999800002 ], [ -115.2592497, 36.185105699799998 ], [ -115.259247, 36.185105699799998 ], [ -115.259247, 36.185108399800001 ], [ -115.2592443, 36.185108399800001 ], [ -115.2592443, 36.185111099800004 ], [ -115.2592389, 36.185111099800004 ], [ -115.2592389, 36.1851137998 ] ] ] } },
{ "type": "Feature", "properties": { "value": 255.0 }, "geometry": { "type": "Polygon", "coordinates": [ [ [ -115.2590823, 36.185337899800004 ], [ -115.2590742, 36.185337899800004 ], [ -115.2590742, 36.185335199800001 ], [ -115.2590688, 36.185335199800001 ], [ -115.2590688, 36.185332499799998 ], [ -115.2590661, 36.185332499799998 ], [ -115.2590661, 36.185329799800002 ], [ -115.2590634, 36.185329799800002 ], [ -115.2590634, 36.185327099799999 ], [ -115.259058, 36.185327099799999 ], [ -115.259058, 36.185324399800002 ], [ -115.2590445, 36.185324399800002 ], [ -115.2590445, 36.185321699799999 ], [ -115.2590418, 36.185321699799999 ], [ -115.2590418, 36.185318999800003 ], [ -115.2590256, 36.185318999800003 ], [ -115.2590256, 36.185321699799999 ], [ -115.2590175, 36.185321699799999 ], [ -115.2590175, 36.185324399800002 ], [ -115.259009400000011, 36.185324399800002 ], [ -115.259009400000011, 36.185321699799999 ], [ -115.259004, 36.185321699799999 ], [ -115.259004, 36.185318999800003 ], [ -115.2590013, 36.185318999800003 ], [ -115.2590013, 36.1853162998 ], [ -115.2589986, 36.1853162998 ], [ -115.2589986, 36.185313599800004 ], [ -115.2589932, 36.185313599800004 ], [ -115.2589932, 36.185310899800001 ], [ -115.2589878, 36.185310899800001 ], [ -115.2589878, 36.185308199799998 ], [ -115.2589851, 36.185308199799998 ], [ -115.2589851, 36.185305499800002 ], [ -115.2589824, 36.185305499800002 ], [ -115.2589824, 36.1852973998 ], [ -115.2589797, 36.1852973998 ], [ -115.2589797, 36.185294699800004 ], [ -115.2589824, 36.185294699800004 ], [ -115.2589824, 36.1852919998 ], [ -115.2589851, 36.1852919998 ], [ -115.2589851, 36.185281199800002 ], [ -115.2589824, 36.185281199800002 ], [ -115.2589824, 36.185275799800003 ], [ -115.2589797, 36.185275799800003 ], [ -115.2589797, 36.1852730998 ], [ -115.258977, 36.1852730998 ], [ -115.258977, 36.185270399800004 ], [ -115.25897160000001, 36.185270399800004 ], [ -115.25897160000001, 36.185267699800001 ], [ -115.2589635, 36.185267699800001 ], [ -115.2589635, 36.185270399800004 ], [ -115.2589581, 36.185270399800004 ], [ -115.2589581, 36.185267699800001 ], [ -115.2589338, 36.185267699800001 ], [ -115.2589338, 36.185264999799998 ], [ -115.2589284, 36.185264999799998 ], [ -115.2589284, 36.185262299800002 ], [ -115.2589257, 36.185262299800002 ], [ -115.2589257, 36.185259599799998 ], [ -115.258923, 36.185259599799998 ], [ -115.258923, 36.185256899800002 ], [ -115.2589203, 36.185256899800002 ], [ -115.2589203, 36.185254199799999 ], [ -115.2589176, 36.185254199799999 ], [ -115.2589176, 36.185251499800003 ], [ -115.2589122, 36.185251499800003 ], [ -115.2589122, 36.1852487998 ], [ -115.2589068, 36.1852487998 ], [ -115.2589068, 36.185246099800004 ], [ -115.2589041, 36.185246099800004 ], [ -115.2589041, 36.185243399800001 ], [ -115.2588987, 36.185243399800001 ], [ -115.2588987, 36.185240699799998 ], [ -115.258896, 36.185240699799998 ], [ -115.258896, 36.185237999800002 ], [ -115.2588906, 36.185237999800002 ], [ -115.2588906, 36.185235299799999 ], [ -115.2588852, 36.185235299799999 ], [ -115.2588852, 36.185232599800003 ], [ -115.2588825, 36.185232599800003 ], [ -115.2588825, 36.185229899799999 ], [ -115.2588771, 36.185229899799999 ], [ -115.2588771, 36.185219099800001 ], [ -115.2588798, 36.185219099800001 ], [ -115.2588798, 36.185216399799998 ], [ -115.2588825, 36.185216399799998 ], [ -115.2588825, 36.185213699800002 ], [ -115.2588852, 36.185213699800002 ], [ -115.2588852, 36.185210999799999 ], [ -115.2588906, 36.185210999799999 ], [ -115.2588906, 36.185208299800003 ], [ -115.258896, 36.185208299800003 ], [ -115.258896, 36.1852055998 ], [ -115.2589014, 36.1852055998 ], [ -115.2589014, 36.185202899800004 ], [ -115.2589041, 36.185202899800004 ], [ -115.2589041, 36.185194799800001 ], [ -115.2589014, 36.185194799800001 ], [ -115.2589014, 36.185192099799998 ], [ -115.2588987, 36.185192099799998 ], [ -115.2588987, 36.185189399800002 ], [ -115.258896, 36.185189399800002 ], [ -115.258896, 36.185183999800003 ], [ -115.2588933, 36.185183999800003 ], [ -115.2588933, 36.185175899800001 ], [ -115.2588906, 36.185175899800001 ], [ -115.2588906, 36.185173199799998 ], [ -115.2588717, 36.185173199799998 ], [ -115.2588717, 36.185175899800001 ], [ -115.2588663, 36.185175899800001 ], [ -115.2588663, 36.185178599800004 ], [ -115.2588609, 36.185178599800004 ], [ -115.2588609, 36.1851812998 ], [ -115.2588582, 36.1851812998 ], [ -115.2588582, 36.185183999800003 ], [ -115.2588528, 36.185183999800003 ], [ -115.2588528, 36.185186699799999 ], [ -115.2588474, 36.185186699799999 ], [ -115.2588474, 36.185189399800002 ], [ -115.2588393, 36.185189399800002 ], [ -115.2588393, 36.185186699799999 ], [ -115.2588339, 36.185186699799999 ], [ -115.2588339, 36.185183999800003 ], [ -115.2588312, 36.185183999800003 ], [ -115.2588312, 36.1851812998 ], [ -115.2588258, 36.1851812998 ], [ -115.2588258, 36.185178599800004 ], [ -115.2588231, 36.185178599800004 ], [ -115.2588231, 36.185175899800001 ], [ -115.2588177, 36.185175899800001 ], [ -115.2588177, 36.185173199799998 ], [ -115.258815, 36.185173199799998 ], [ -115.258815, 36.185170499800002 ], [ -115.2588096, 36.185170499800002 ], [ -115.2588096, 36.185167799799999 ], [ -115.25880690000001, 36.185167799799999 ], [ -115.25880690000001, 36.185165099800003 ], [ -115.2588015, 36.185165099800003 ], [ -115.2588015, 36.185162399799999 ], [ -115.2587988, 36.185162399799999 ], [ -115.2587988, 36.185159699800003 ], [ -115.2587961, 36.185159699800003 ], [ -115.2587961, 36.1851569998 ], [ -115.2587907, 36.1851569998 ], [ -115.2587907, 36.185154299799997 ], [ -115.258788, 36.185154299799997 ], [ -115.258788, 36.185151599800001 ], [ -115.2587853, 36.185151599800001 ], [ -115.2587853, 36.185148899799998 ], [ -115.2587826, 36.185148899799998 ], [ -115.2587826, 36.185146199800002 ], [ -115.2587799, 36.185146199800002 ], [ -115.2587799, 36.185143499799999 ], [ -115.2587772, 36.185143499799999 ], [ -115.2587772, 36.1851380998 ], [ -115.2587718, 36.1851380998 ], [ -115.2587718, 36.185129999799997 ], [ -115.2587745, 36.185129999799997 ], [ -115.2587745, 36.185127299800001 ], [ -115.2587718, 36.185127299800001 ], [ -115.2587718, 36.185124599799998 ], [ -115.2587691, 36.185124599799998 ], [ -115.2587691, 36.185121899800002 ], [ -115.2587718, 36.185121899800002 ], [ -115.2587718, 36.185116499800003 ], [ -115.2587691, 36.185116499800003 ], [ -115.2587691, 36.185119199799999 ], [ -115.2587664, 36.185119199799999 ], [ -115.2587664, 36.185121899800002 ], [ -115.2587583, 36.185121899800002 ], [ -115.2587583, 36.185116499800003 ], [ -115.2587556, 36.185116499800003 ], [ -115.2587556, 36.1851137998 ], [ -115.2587502, 36.1851137998 ], [ -115.2587502, 36.185108399800001 ], [ -115.2587448, 36.185108399800001 ], [ -115.2587448, 36.185105699799998 ], [ -115.2587421, 36.185105699799998 ], [ -115.2587421, 36.185102999800002 ], [ -115.25873940000001, 36.185102999800002 ], [ -115.25873940000001, 36.185100299799998 ], [ -115.2587313, 36.185100299799998 ], [ -115.2587313, 36.185097599800002 ], [ -115.2587286, 36.185097599800002 ], [ -115.2587286, 36.185094899799999 ], [ -115.2587259, 36.185094899799999 ], [ -115.2587259, 36.185092199800003 ], [ -115.2587232, 36.185092199800003 ], [ -115.2587232, 36.185086799799997 ], [ -115.25872050000001, 36.185086799799997 ], [ -115.25872050000001, 36.185084099800001 ], [ -115.2587232, 36.185084099800001 ], [ -115.2587232, 36.185075999799999 ], [ -115.25872050000001, 36.185075999799999 ], [ -115.25872050000001, 36.1850705998 ], [ -115.2587178, 36.1850705998 ], [ -115.2587178, 36.185062499799997 ], [ -115.2587151, 36.185062499799997 ], [ -115.2587151, 36.185054399800002 ], [ -115.2587124, 36.185054399800002 ], [ -115.2587124, 36.185048999800003 ], [ -115.2587097, 36.185048999800003 ], [ -115.2587097, 36.185043599800004 ], [ -115.2587124, 36.185043599800004 ], [ -115.2587124, 36.185027399799999 ], [ -115.2587151, 36.185027399799999 ], [ -115.2587151, 36.1850219998 ], [ -115.2587178, 36.1850219998 ], [ -115.2587178, 36.185019299799997 ], [ -115.25872050000001, 36.185019299799997 ], [ -115.25872050000001, 36.185013899799998 ], [ -115.2587232, 36.185013899799998 ], [ -115.2587232, 36.185011199800002 ], [ -115.2587259, 36.185011199800002 ], [ -115.2587259, 36.185008499799999 ], [ -115.2587286, 36.185008499799999 ], [ -115.2587286, 36.185005799800003 ], [ -115.2587313, 36.185005799800003 ], [ -115.2587313, 36.185003099799999 ], [ -115.258734, 36.185003099799999 ], [ -115.258734, 36.185000399800003 ], [ -115.2587367, 36.185000399800003 ], [ -115.2587367, 36.1849976998 ], [ -115.2587421, 36.1849976998 ], [ -115.2587421, 36.184994999799997 ], [ -115.2587475, 36.184994999799997 ], [ -115.2587475, 36.184992299800001 ], [ -115.2587502, 36.184992299800001 ], [ -115.2587502, 36.184986899800002 ], [ -115.2587529, 36.184986899800002 ], [ -115.2587529, 36.184984199799999 ], [ -115.2587556, 36.184984199799999 ], [ -115.2587556, 36.1849787998 ], [ -115.2587583, 36.1849787998 ], [ -115.2587583, 36.1849733998 ], [ -115.2587691, 36.1849733998 ], [ -115.2587691, 36.184970699799997 ], [ -115.2587853, 36.184970699799997 ], [ -115.2587853, 36.184967999800001 ], [ -115.2587934, 36.184967999800001 ], [ -115.2587934, 36.184965299799998 ], [ -115.2587961, 36.184965299799998 ], [ -115.2587961, 36.184962599800002 ], [ -115.2587988, 36.184962599800002 ], [ -115.2587988, 36.184959899799999 ], [ -115.2588096, 36.184959899799999 ], [ -115.2588096, 36.1849544998 ], [ -115.2588123, 36.1849544998 ], [ -115.2588123, 36.184951799799997 ], [ -115.2588204, 36.184951799799997 ], [ -115.2588204, 36.184949099800001 ], [ -115.258842, 36.184949099800001 ], [ -115.258842, 36.184951799799997 ], [ -115.2588528, 36.184951799799997 ], [ -115.2588528, 36.184949099800001 ], [ -115.25887440000001, 36.184949099800001 ], [ -115.25887440000001, 36.184951799799997 ], [ -115.2588771, 36.184951799799997 ], [ -115.2588771, 36.1849544998 ], [ -115.2588798, 36.1849544998 ], [ -115.2588798, 36.184957199800003 ], [ -115.2588825, 36.184957199800003 ], [ -115.2588825, 36.184959899799999 ], [ -115.2588879, 36.184959899799999 ], [ -115.2588879, 36.184962599800002 ], [ -115.2588906, 36.184962599800002 ], [ -115.2588906, 36.184965299799998 ], [ -115.258896, 36.184965299799998 ], [ -115.258896, 36.184967999800001 ], [ -115.2588987, 36.184967999800001 ], [ -115.2588987, 36.184970699799997 ], [ -115.2589014, 36.184970699799997 ], [ -115.2589014, 36.1849733998 ], [ -115.2589068, 36.1849733998 ], [ -115.2589068, 36.184976099800004 ], [ -115.2589095, 36.184976099800004 ], [ -115.2589095, 36.1849787998 ], [ -115.2589122, 36.1849787998 ], [ -115.2589122, 36.184981499800003 ], [ -115.2589149, 36.184981499800003 ], [ -115.2589149, 36.184984199799999 ], [ -115.2589176, 36.184984199799999 ], [ -115.2589176, 36.184986899800002 ], [ -115.258923, 36.184986899800002 ], [ -115.258923, 36.1849976998 ], [ -115.2589257, 36.1849976998 ], [ -115.2589257, 36.185000399800003 ], [ -115.2589284, 36.185000399800003 ], [ -115.2589284, 36.185003099799999 ], [ -115.2589311, 36.185003099799999 ], [ -115.2589311, 36.185008499799999 ], [ -115.2589365, 36.185008499799999 ], [ -115.2589365, 36.185011199800002 ], [ -115.2589392, 36.185011199800002 ], [ -115.2589392, 36.185013899799998 ], [ -115.2589446, 36.185013899799998 ], [ -115.2589446, 36.185016599800001 ], [ -115.2589473, 36.185016599800001 ], [ -115.2589473, 36.185019299799997 ], [ -115.25895, 36.185019299799997 ], [ -115.25895, 36.1850219998 ], [ -115.2589554, 36.1850219998 ], [ -115.2589554, 36.185024699800003 ], [ -115.2589608, 36.185024699800003 ], [ -115.2589608, 36.185027399799999 ], [ -115.2589662, 36.185027399799999 ], [ -115.2589662, 36.185030099800002 ], [ -115.2589743, 36.185030099800002 ], [ -115.2589743, 36.185032799799998 ], [ -115.2589797, 36.185032799799998 ], [ -115.2589797, 36.185035499800001 ], [ -115.2589824, 36.185035499800001 ], [ -115.2589824, 36.185038199799997 ], [ -115.2589851, 36.185038199799997 ], [ -115.2589851, 36.185040899800001 ], [ -115.2589878, 36.185040899800001 ], [ -115.2589878, 36.185043599800004 ], [ -115.2589932, 36.185043599800004 ], [ -115.2589932, 36.1850462998 ], [ -115.2589959, 36.1850462998 ], [ -115.2589959, 36.185051699799999 ], [ -115.2589986, 36.185051699799999 ], [ -115.2589986, 36.185054399800002 ], [ -115.2590013, 36.185054399800002 ], [ -115.2590013, 36.185057099799998 ], [ -115.2589986, 36.185057099799998 ], [ -115.2589986, 36.185062499799997 ], [ -115.2589959, 36.185062499799997 ], [ -115.2589959, 36.1850651998 ], [ -115.2589932, 36.1850651998 ], [ -115.2589932, 36.185067899800003 ], [ -115.25899050000001, 36.185067899800003 ], [ -115.25899050000001, 36.1850705998 ], [ -115.2589878, 36.1850705998 ], [ -115.2589878, 36.185081399799998 ], [ -115.2589851, 36.185081399799998 ], [ -115.2589851, 36.185086799799997 ], [ -115.2589824, 36.185086799799997 ], [ -115.2589824, 36.185092199800003 ], [ -115.2589851, 36.185092199800003 ], [ -115.2589851, 36.185094899799999 ], [ -115.2589878, 36.185094899799999 ], [ -115.2589878, 36.185100299799998 ], [ -115.25899050000001, 36.185100299799998 ], [ -115.25899050000001, 36.185102999800002 ], [ -115.2589959, 36.185102999800002 ], [ -115.2589959, 36.185105699799998 ], [ -115.2589986, 36.185105699799998 ], [ -115.2589986, 36.185108399800001 ], [ -115.259004, 36.185108399800001 ], [ -115.259004, 36.185105699799998 ], [ -115.2590067, 36.185105699799998 ], [ -115.2590067, 36.185102999800002 ], [ -115.259009400000011, 36.185102999800002 ], [ -115.259009400000011, 36.185100299799998 ], [ -115.2590121, 36.185100299799998 ], [ -115.2590121, 36.185097599800002 ], [ -115.2590148, 36.185097599800002 ], [ -115.2590148, 36.185094899799999 ], [ -115.2590175, 36.185094899799999 ], [ -115.2590175, 36.185092199800003 ], [ -115.2590229, 36.185092199800003 ], [ -115.2590229, 36.1850894998 ], [ -115.2590283, 36.1850894998 ], [ -115.2590283, 36.185086799799997 ], [ -115.2590472, 36.185086799799997 ], [ -115.2590472, 36.1850894998 ], [ -115.2590526, 36.1850894998 ], [ -115.2590526, 36.185092199800003 ], [ -115.2590553, 36.185092199800003 ], [ -115.2590553, 36.185094899799999 ], [ -115.259058, 36.185094899799999 ], [ -115.259058, 36.185097599800002 ], [ -115.2590607, 36.185097599800002 ], [ -115.2590607, 36.185100299799998 ], [ -115.2590634, 36.185100299799998 ], [ -115.2590634, 36.185102999800002 ], [ -115.2590661, 36.185102999800002 ], [ -115.2590661, 36.185105699799998 ], [ -115.2590688, 36.185105699799998 ], [ -115.2590688, 36.185108399800001 ], [ -115.2590742, 36.185108399800001 ], [ -115.2590742, 36.185111099800004 ], [ -115.259076900000011, 36.185111099800004 ], [ -115.259076900000011, 36.1851137998 ], [ -115.2590796, 36.1851137998 ], [ -115.2590796, 36.185116499800003 ], [ -115.2590823, 36.185116499800003 ], [ -115.2590823, 36.185119199799999 ], [ -115.2590877, 36.185119199799999 ], [ -115.2590877, 36.185121899800002 ], [ -115.2590904, 36.185121899800002 ], [ -115.2590904, 36.185124599799998 ], [ -115.2590958, 36.185124599799998 ], [ -115.2590958, 36.185127299800001 ], [ -115.2590985, 36.185127299800001 ], [ -115.2590985, 36.185129999799997 ], [ -115.2591039, 36.185129999799997 ], [ -115.2591039, 36.1851326998 ], [ -115.25910660000001, 36.1851326998 ], [ -115.25910660000001, 36.185135399800004 ], [ -115.2591093, 36.185135399800004 ], [ -115.2591093, 36.185140799800003 ], [ -115.259112, 36.185140799800003 ], [ -115.259112, 36.185146199800002 ], [ -115.2591174, 36.185146199800002 ], [ -115.2591174, 36.185151599800001 ], [ -115.2591201, 36.185151599800001 ], [ -115.2591201, 36.185154299799997 ], [ -115.2591228, 36.185154299799997 ], [ -115.2591228, 36.1851569998 ], [ -115.25912550000001, 36.1851569998 ], [ -115.25912550000001, 36.185159699800003 ], [ -115.2591309, 36.185159699800003 ], [ -115.2591309, 36.185162399799999 ], [ -115.2591363, 36.185162399799999 ], [ -115.2591363, 36.185165099800003 ], [ -115.2591417, 36.185165099800003 ], [ -115.2591417, 36.185167799799999 ], [ -115.259144400000011, 36.185167799799999 ], [ -115.259144400000011, 36.185170499800002 ], [ -115.2591471, 36.185170499800002 ], [ -115.2591471, 36.185173199799998 ], [ -115.2591525, 36.185173199799998 ], [ -115.2591525, 36.185175899800001 ], [ -115.2591552, 36.185175899800001 ], [ -115.2591552, 36.185178599800004 ], [ -115.2591579, 36.185178599800004 ], [ -115.2591579, 36.1851812998 ], [ -115.2591633, 36.1851812998 ], [ -115.2591633, 36.185183999800003 ], [ -115.2591687, 36.185183999800003 ], [ -115.2591687, 36.185186699799999 ], [ -115.2591714, 36.185186699799999 ], [ -115.2591714, 36.185197499799997 ], [ -115.2591687, 36.185197499799997 ], [ -115.2591687, 36.185202899800004 ], [ -115.259166, 36.185202899800004 ], [ -115.259166, 36.185208299800003 ], [ -115.2591633, 36.185208299800003 ], [ -115.2591633, 36.1852244998 ], [ -115.259166, 36.1852244998 ], [ -115.259166, 36.185229899799999 ], [ -115.2591687, 36.185229899799999 ], [ -115.2591687, 36.185232599800003 ], [ -115.2591714, 36.185232599800003 ], [ -115.2591714, 36.185237999800002 ], [ -115.25917410000001, 36.185237999800002 ], [ -115.25917410000001, 36.185240699799998 ], [ -115.2591768, 36.185240699799998 ], [ -115.2591768, 36.185243399800001 ], [ -115.2591795, 36.185243399800001 ], [ -115.2591795, 36.1852487998 ], [ -115.2591822, 36.1852487998 ], [ -115.2591822, 36.185254199799999 ], [ -115.2591795, 36.185254199799999 ], [ -115.2591795, 36.185262299800002 ], [ -115.2591768, 36.185262299800002 ], [ -115.2591768, 36.185267699800001 ], [ -115.25917410000001, 36.185267699800001 ], [ -115.25917410000001, 36.185270399800004 ], [ -115.2591714, 36.185270399800004 ], [ -115.2591714, 36.1852730998 ], [ -115.2591687, 36.1852730998 ], [ -115.2591687, 36.185275799800003 ], [ -115.2591633, 36.185275799800003 ], [ -115.2591633, 36.185278499799999 ], [ -115.2591606, 36.185278499799999 ], [ -115.2591606, 36.185281199800002 ], [ -115.2591579, 36.185281199800002 ], [ -115.2591579, 36.185283899799998 ], [ -115.2591552, 36.185283899799998 ], [ -115.2591552, 36.185286599800001 ], [ -115.2591525, 36.185286599800001 ], [ -115.2591525, 36.1852919998 ], [ -115.2591498, 36.1852919998 ], [ -115.2591498, 36.1852973998 ], [ -115.2591471, 36.1852973998 ], [ -115.2591471, 36.185302799799999 ], [ -115.259144400000011, 36.185302799799999 ], [ -115.259144400000011, 36.185305499800002 ], [ -115.2591417, 36.185305499800002 ], [ -115.2591417, 36.185308199799998 ], [ -115.259139, 36.185308199799998 ], [ -115.259139, 36.185310899800001 ], [ -115.2591336, 36.185310899800001 ], [ -115.2591336, 36.185313599800004 ], [ -115.25912550000001, 36.185313599800004 ], [ -115.25912550000001, 36.1853162998 ], [ -115.2591174, 36.1853162998 ], [ -115.2591174, 36.185318999800003 ], [ -115.259112, 36.185318999800003 ], [ -115.259112, 36.185321699799999 ], [ -115.25910660000001, 36.185321699799999 ], [ -115.25910660000001, 36.185324399800002 ], [ -115.2591012, 36.185324399800002 ], [ -115.2591012, 36.185327099799999 ], [ -115.2590985, 36.185327099799999 ], [ -115.2590985, 36.185329799800002 ], [ -115.2590931, 36.185329799800002 ], [ -115.2590931, 36.185332499799998 ], [ -115.2590877, 36.185332499799998 ], [ -115.2590877, 36.185335199800001 ], [ -115.2590823, 36.185335199800001 ], [ -115.2590823, 36.185337899800004 ] ], [ [ -115.2589311, 36.185154299799997 ], [ -115.2589311, 36.185151599800001 ], [ -115.2589365, 36.185151599800001 ], [ -115.2589365, 36.185148899799998 ], [ -115.2589392, 36.185148899799998 ], [ -115.2589392, 36.185146199800002 ], [ -115.258941900000011, 36.185146199800002 ], [ -115.258941900000011, 36.185140799800003 ], [ -115.2589365, 36.185140799800003 ], [ -115.2589365, 36.185143499799999 ], [ -115.2589311, 36.185143499799999 ], [ -115.2589311, 36.185146199800002 ], [ -115.2589284, 36.185146199800002 ], [ -115.2589284, 36.185148899799998 ], [ -115.2589257, 36.185148899799998 ], [ -115.2589257, 36.185151599800001 ], [ -115.2589284, 36.185151599800001 ], [ -115.2589284, 36.185154299799997 ], [ -115.2589311, 36.185154299799997 ] ], [ [ -115.2589608, 36.185124599799998 ], [ -115.2589608, 36.185121899800002 ], [ -115.2589581, 36.185121899800002 ], [ -115.2589581, 36.185124599799998 ], [ -115.2589608, 36.185124599799998 ] ], [ [ -115.2589581, 36.185124599799998 ], [ -115.2589554, 36.185124599799998 ], [ -115.2589554, 36.185127299800001 ], [ -115.2589581, 36.185127299800001 ], [ -115.2589581, 36.185124599799998 ] ], [ [ -115.2589554, 36.185127299800001 ], [ -115.2589527, 36.185127299800001 ], [ -115.2589527, 36.185129999799997 ], [ -115.2589554, 36.185129999799997 ], [ -115.2589554, 36.185127299800001 ] ] ] } },
{ "type": "Feature", "properties": { "value": 255.0 }, "geometry": { "type": "Polygon", "coordinates": [ [ [ -115.2584316, 36.185003099799999 ], [ -115.258437, 36.185003099799999 ], [ -115.258437, 36.185000399800003 ], [ -115.2584397, 36.185000399800003 ], [ -115.2584397, 36.1849976998 ], [ -115.2584451, 36.1849976998 ], [ -115.2584451, 36.184992299800001 ], [ -115.2584478, 36.184992299800001 ], [ -115.2584478, 36.184989599799998 ], [ -115.2584505, 36.184989599799998 ], [ -115.2584505, 36.184986899800002 ], [ -115.2584532, 36.184986899800002 ], [ -115.2584532, 36.184984199799999 ], [ -115.2584559, 36.184984199799999 ], [ -115.2584559, 36.1849787998 ], [ -115.2584586, 36.1849787998 ], [ -115.2584586, 36.1849733998 ], [ -115.2584613, 36.1849733998 ], [ -115.2584613, 36.184970699799997 ], [ -115.2584667, 36.184970699799997 ], [ -115.2584667, 36.184967999800001 ], [ -115.2584748, 36.184967999800001 ], [ -115.2584748, 36.184970699799997 ], [ -115.2584802, 36.184970699799997 ], [ -115.2584802, 36.1849733998 ], [ -115.2584829, 36.1849733998 ], [ -115.2584829, 36.184976099800004 ], [ -115.2584856, 36.184976099800004 ], [ -115.2584856, 36.1849787998 ], [ -115.258491, 36.1849787998 ], [ -115.258491, 36.184981499800003 ], [ -115.2584964, 36.184981499800003 ], [ -115.2584964, 36.184984199799999 ], [ -115.2585045, 36.184984199799999 ], [ -115.2585045, 36.184986899800002 ], [ -115.2585072, 36.184986899800002 ], [ -115.2585072, 36.184989599799998 ], [ -115.2585126, 36.184989599799998 ], [ -115.2585126, 36.184992299800001 ], [ -115.2585153, 36.184992299800001 ], [ -115.2585153, 36.184994999799997 ], [ -115.258518, 36.184994999799997 ], [ -115.258518, 36.185000399800003 ], [ -115.2585207, 36.185000399800003 ], [ -115.2585207, 36.185005799800003 ], [ -115.258518, 36.185005799800003 ], [ -115.258518, 36.185008499799999 ], [ -115.2585153, 36.185008499799999 ], [ -115.2585153, 36.185013899799998 ], [ -115.2585099, 36.185013899799998 ], [ -115.2585099, 36.185016599800001 ], [ -115.2585072, 36.185016599800001 ], [ -115.2585072, 36.185019299799997 ], [ -115.2585018, 36.185019299799997 ], [ -115.2585018, 36.1850219998 ], [ -115.2584991, 36.1850219998 ], [ -115.2584991, 36.185024699800003 ], [ -115.2584964, 36.185024699800003 ], [ -115.2584964, 36.185027399799999 ], [ -115.2584937, 36.185027399799999 ], [ -115.2584937, 36.185030099800002 ], [ -115.258491, 36.185030099800002 ], [ -115.258491, 36.185032799799998 ], [ -115.2584883, 36.185032799799998 ], [ -115.2584883, 36.185035499800001 ], [ -115.2584829, 36.185035499800001 ], [ -115.2584829, 36.185038199799997 ], [ -115.2584802, 36.185038199799997 ], [ -115.2584802, 36.185040899800001 ], [ -115.2584775, 36.185040899800001 ], [ -115.2584775, 36.185043599800004 ], [ -115.2584748, 36.185043599800004 ], [ -115.2584748, 36.1850462998 ], [ -115.2584721, 36.1850462998 ], [ -115.2584721, 36.185048999800003 ], [ -115.2584667, 36.185048999800003 ], [ -115.2584667, 36.185051699799999 ], [ -115.258464, 36.185051699799999 ], [ -115.258464, 36.185054399800002 ], [ -115.2584613, 36.185054399800002 ], [ -115.2584613, 36.185057099799998 ], [ -115.2584586, 36.185057099799998 ], [ -115.2584586, 36.185059799800001 ], [ -115.2584532, 36.185059799800001 ], [ -115.2584532, 36.185062499799997 ], [ -115.2584505, 36.185062499799997 ], [ -115.2584505, 36.1850651998 ], [ -115.2584478, 36.1850651998 ], [ -115.2584478, 36.185067899800003 ], [ -115.2584424, 36.185067899800003 ], [ -115.2584424, 36.1850705998 ], [ -115.2584397, 36.1850705998 ], [ -115.2584397, 36.185073299800003 ], [ -115.258437, 36.185073299800003 ], [ -115.258437, 36.185075999799999 ], [ -115.2584343, 36.185075999799999 ], [ -115.2584343, 36.185078699800002 ], [ -115.2584316, 36.185078699800002 ], [ -115.2584316, 36.185081399799998 ], [ -115.2584289, 36.185081399799998 ], [ -115.2584289, 36.185084099800001 ], [ -115.2584235, 36.185084099800001 ], [ -115.2584235, 36.185086799799997 ], [ -115.2584208, 36.185086799799997 ], [ -115.2584208, 36.1850894998 ], [ -115.2584181, 36.1850894998 ], [ -115.2584181, 36.185092199800003 ], [ -115.2584154, 36.185092199800003 ], [ -115.2584154, 36.185094899799999 ], [ -115.25841, 36.185094899799999 ], [ -115.25841, 36.185097599800002 ], [ -115.2584073, 36.185097599800002 ], [ -115.2584073, 36.185100299799998 ], [ -115.25840190000001, 36.185100299799998 ], [ -115.25840190000001, 36.185102999800002 ], [ -115.2583992, 36.185102999800002 ], [ -115.2583992, 36.185105699799998 ], [ -115.2583965, 36.185105699799998 ], [ -115.2583965, 36.185108399800001 ], [ -115.2583938, 36.185108399800001 ], [ -115.2583938, 36.185111099800004 ], [ -115.2583911, 36.185111099800004 ], [ -115.2583911, 36.1851137998 ], [ -115.2583884, 36.1851137998 ], [ -115.2583884, 36.185116499800003 ], [ -115.2583857, 36.185116499800003 ], [ -115.2583857, 36.185119199799999 ], [ -115.2583803, 36.185119199799999 ], [ -115.2583803, 36.185121899800002 ], [ -115.2583776, 36.185121899800002 ], [ -115.2583776, 36.185051699799999 ], [ -115.2583803, 36.185051699799999 ], [ -115.2583803, 36.185048999800003 ], [ -115.258383, 36.185048999800003 ], [ -115.258383, 36.1850462998 ], [ -115.2583857, 36.1850462998 ], [ -115.2583857, 36.185043599800004 ], [ -115.2583884, 36.185043599800004 ], [ -115.2583884, 36.185040899800001 ], [ -115.2583911, 36.185040899800001 ], [ -115.2583911, 36.185038199799997 ], [ -115.2583938, 36.185038199799997 ], [ -115.2583938, 36.185035499800001 ], [ -115.2583965, 36.185035499800001 ], [ -115.2583965, 36.185032799799998 ], [ -115.25840190000001, 36.185032799799998 ], [ -115.25840190000001, 36.185030099800002 ], [ -115.2584046, 36.185030099800002 ], [ -115.2584046, 36.185024699800003 ], [ -115.2584073, 36.185024699800003 ], [ -115.2584073, 36.185011199800002 ], [ -115.25840190000001, 36.185011199800002 ], [ -115.25840190000001, 36.185013899799998 ], [ -115.2583992, 36.185013899799998 ], [ -115.2583992, 36.185016599800001 ], [ -115.2583965, 36.185016599800001 ], [ -115.2583965, 36.1850219998 ], [ -115.2583938, 36.1850219998 ], [ -115.2583938, 36.185024699800003 ], [ -115.2583911, 36.185024699800003 ], [ -115.2583911, 36.1850219998 ], [ -115.2583857, 36.1850219998 ], [ -115.2583857, 36.185019299799997 ], [ -115.2583803, 36.185019299799997 ], [ -115.2583803, 36.185024699800003 ], [ -115.2583776, 36.185024699800003 ], [ -115.2583776, 36.184916699799999 ], [ -115.258383, 36.184916699799999 ], [ -115.258383, 36.184919399800002 ], [ -115.2583857, 36.184919399800002 ], [ -115.2583857, 36.184916699799999 ], [ -115.2583911, 36.184916699799999 ], [ -115.2583911, 36.184919399800002 ], [ -115.25840190000001, 36.184919399800002 ], [ -115.25840190000001, 36.184927499799997 ], [ -115.2584046, 36.184927499799997 ], [ -115.2584046, 36.184932899800003 ], [ -115.2584073, 36.184932899800003 ], [ -115.2584073, 36.184935599799999 ], [ -115.2584127, 36.184935599799999 ], [ -115.2584127, 36.184938299800002 ], [ -115.2584154, 36.184938299800002 ], [ -115.2584154, 36.184940999799998 ], [ -115.2584181, 36.184940999799998 ], [ -115.2584181, 36.184943699800002 ], [ -115.2584208, 36.184943699800002 ], [ -115.2584208, 36.184946399799998 ], [ -115.2584235, 36.184946399799998 ], [ -115.2584235, 36.184951799799997 ], [ -115.2584262, 36.184951799799997 ], [ -115.2584262, 36.1849544998 ], [ -115.2584289, 36.1849544998 ], [ -115.2584289, 36.184962599800002 ], [ -115.2584316, 36.184962599800002 ], [ -115.2584316, 36.184967999800001 ], [ -115.2584343, 36.184967999800001 ], [ -115.2584343, 36.184970699799997 ], [ -115.258437, 36.184970699799997 ], [ -115.258437, 36.1849733998 ], [ -115.2584397, 36.1849733998 ], [ -115.2584397, 36.184984199799999 ], [ -115.2584424, 36.184984199799999 ], [ -115.2584424, 36.184989599799998 ], [ -115.2584397, 36.184989599799998 ], [ -115.2584397, 36.184994999799997 ], [ -115.258437, 36.184994999799997 ], [ -115.258437, 36.1849976998 ], [ -115.2584343, 36.1849976998 ], [ -115.2584343, 36.185000399800003 ], [ -115.2584316, 36.185000399800003 ], [ -115.2584316, 36.185003099799999 ] ], [ [ -115.2584316, 36.185003099799999 ], [ -115.2584289, 36.185003099799999 ], [ -115.2584289, 36.185005799800003 ], [ -115.2584316, 36.185005799800003 ], [ -115.2584316, 36.185003099799999 ] ] ] } },
{ "type": "Feature", "properties": { "value": 255.0 }, "geometry": { "type": "Polygon", "coordinates": [ [ [ -115.2594225, 36.185011199800002 ], [ -115.2593685, 36.185011199800002 ], [ -115.2593685, 36.185008499799999 ], [ -115.2593658, 36.185008499799999 ], [ -115.2593658, 36.185000399800003 ], [ -115.2593631, 36.185000399800003 ], [ -115.2593631, 36.184992299800001 ], [ -115.2593658, 36.184992299800001 ], [ -115.2593658, 36.184986899800002 ], [ -115.2593631, 36.184986899800002 ], [ -115.2593631, 36.184868099799999 ], [ -115.2593658, 36.184868099799999 ], [ -115.2593658, 36.184865399800003 ], [ -115.25937660000001, 36.184865399800003 ], [ -115.25937660000001, 36.1848626998 ], [ -115.2593847, 36.1848626998 ], [ -115.2593847, 36.184865399800003 ], [ -115.2594198, 36.184865399800003 ], [ -115.2594198, 36.184868099799999 ], [ -115.2594225, 36.184868099799999 ], [ -115.2594225, 36.185011199800002 ] ] ] } },
{ "type": "Feature", "properties": { "value": 255.0 }, "geometry": { "type": "Polygon", "coordinates": [ [ [ -115.2591768, 36.184949099800001 ], [ -115.2591606, 36.184949099800001 ], [ -115.2591606, 36.184946399799998 ], [ -115.2591579, 36.184946399799998 ], [ -115.2591579, 36.184943699800002 ], [ -115.2591552, 36.184943699800002 ], [ -115.2591552, 36.184940999799998 ], [ -115.2591525, 36.184940999799998 ], [ -115.2591525, 36.184938299800002 ], [ -115.2591471, 36.184938299800002 ], [ -115.2591471, 36.184935599799999 ], [ -115.259144400000011, 36.184935599799999 ], [ -115.259144400000011, 36.184932899800003 ], [ -115.259139, 36.184932899800003 ], [ -115.259139, 36.1849301998 ], [ -115.2591363, 36.1849301998 ], [ -115.2591363, 36.184927499799997 ], [ -115.2591336, 36.184927499799997 ], [ -115.2591336, 36.184924799800001 ], [ -115.2591309, 36.184924799800001 ], [ -115.2591309, 36.184913999800003 ], [ -115.2591336, 36.184913999800003 ], [ -115.2591336, 36.184908599800004 ], [ -115.2591363, 36.184908599800004 ], [ -115.2591363, 36.1849058998 ], [ -115.259139, 36.1849058998 ], [ -115.259139, 36.184900499800001 ], [ -115.2591417, 36.184900499800001 ], [ -115.2591417, 36.184897799799998 ], [ -115.259144400000011, 36.184897799799998 ], [ -115.259144400000011, 36.184895099800002 ], [ -115.2591471, 36.184895099800002 ], [ -115.2591471, 36.184892399799999 ], [ -115.2591552, 36.184892399799999 ], [ -115.2591552, 36.184889699800003 ], [ -115.2591606, 36.184889699800003 ], [ -115.2591606, 36.1848869998 ], [ -115.259166, 36.1848869998 ], [ -115.259166, 36.184884299799997 ], [ -115.2591687, 36.184884299799997 ], [ -115.2591687, 36.184881599800001 ], [ -115.2591714, 36.184881599800001 ], [ -115.2591714, 36.184878899799997 ], [ -115.25917410000001, 36.184878899799997 ], [ -115.25917410000001, 36.184876199800001 ], [ -115.2591795, 36.184876199800001 ], [ -115.2591795, 36.184873499799998 ], [ -115.2591822, 36.184873499799998 ], [ -115.2591822, 36.184868099799999 ], [ -115.2591849, 36.184868099799999 ], [ -115.2591849, 36.184865399800003 ], [ -115.2591903, 36.184865399800003 ], [ -115.2591903, 36.1848626998 ], [ -115.259193, 36.1848626998 ], [ -115.259193, 36.184865399800003 ], [ -115.2591984, 36.184865399800003 ], [ -115.2591984, 36.184868099799999 ], [ -115.2592011, 36.184868099799999 ], [ -115.2592011, 36.184870799800002 ], [ -115.2592092, 36.184870799800002 ], [ -115.2592092, 36.184873499799998 ], [ -115.2592146, 36.184873499799998 ], [ -115.2592146, 36.184876199800001 ], [ -115.2592173, 36.184876199800001 ], [ -115.2592173, 36.184878899799997 ], [ -115.25922, 36.184878899799997 ], [ -115.25922, 36.184881599800001 ], [ -115.2592227, 36.184881599800001 ], [ -115.2592227, 36.184884299799997 ], [ -115.2592281, 36.184884299799997 ], [ -115.2592281, 36.184900499800001 ], [ -115.2592254, 36.184900499800001 ], [ -115.2592254, 36.184903199799997 ], [ -115.2592227, 36.184903199799997 ], [ -115.2592227, 36.1849058998 ], [ -115.25922, 36.1849058998 ], [ -115.25922, 36.184908599800004 ], [ -115.2592173, 36.184908599800004 ], [ -115.2592173, 36.1849112998 ], [ -115.2592146, 36.1849112998 ], [ -115.2592146, 36.184913999800003 ], [ -115.259211900000011, 36.184913999800003 ], [ -115.259211900000011, 36.184916699799999 ], [ -115.2592092, 36.184916699799999 ], [ -115.2592092, 36.184919399800002 ], [ -115.2592065, 36.184919399800002 ], [ -115.2592065, 36.184922099799998 ], [ -115.2592011, 36.184922099799998 ], [ -115.2592011, 36.184927499799997 ], [ -115.2591984, 36.184927499799997 ], [ -115.2591984, 36.1849301998 ], [ -115.2591957, 36.1849301998 ], [ -115.2591957, 36.184932899800003 ], [ -115.259193, 36.184932899800003 ], [ -115.259193, 36.184935599799999 ], [ -115.2591903, 36.184935599799999 ], [ -115.2591903, 36.184938299800002 ], [ -115.2591849, 36.184938299800002 ], [ -115.2591849, 36.184940999799998 ], [ -115.2591822, 36.184940999799998 ], [ -115.2591822, 36.184943699800002 ], [ -115.2591795, 36.184943699800002 ], [ -115.2591795, 36.184946399799998 ], [ -115.2591768, 36.184946399799998 ], [ -115.2591768, 36.184949099800001 ] ] ] } },
{ "type": "Feature", "properties": { "value": 255.0 }, "geometry": { "type": "Polygon", "coordinates": [ [ [ -115.2584937, 36.184957199800003 ], [ -115.2584883, 36.184957199800003 ], [ -115.2584883, 36.1849544998 ], [ -115.2584829, 36.1849544998 ], [ -115.2584829, 36.184951799799997 ], [ -115.2584802, 36.184951799799997 ], [ -115.2584802, 36.184949099800001 ], [ -115.2584748, 36.184949099800001 ], [ -115.2584748, 36.184946399799998 ], [ -115.2584721, 36.184946399799998 ], [ -115.2584721, 36.184943699800002 ], [ -115.2584667, 36.184943699800002 ], [ -115.2584667, 36.184940999799998 ], [ -115.258464, 36.184940999799998 ], [ -115.258464, 36.184938299800002 ], [ -115.2584613, 36.184938299800002 ], [ -115.2584613, 36.184935599799999 ], [ -115.2584559, 36.184935599799999 ], [ -115.2584559, 36.184932899800003 ], [ -115.2584532, 36.184932899800003 ], [ -115.2584532, 36.1849301998 ], [ -115.2584478, 36.1849301998 ], [ -115.2584478, 36.184927499799997 ], [ -115.2584451, 36.184927499799997 ], [ -115.2584451, 36.184924799800001 ], [ -115.2584424, 36.184924799800001 ], [ -115.2584424, 36.184922099799998 ], [ -115.2584397, 36.184922099799998 ], [ -115.2584397, 36.184919399800002 ], [ -115.2584343, 36.184919399800002 ], [ -115.2584343, 36.184916699799999 ], [ -115.2584316, 36.184916699799999 ], [ -115.2584316, 36.184913999800003 ], [ -115.2584289, 36.184913999800003 ], [ -115.2584289, 36.1849112998 ], [ -115.2584262, 36.1849112998 ], [ -115.2584262, 36.184908599800004 ], [ -115.2584235, 36.184908599800004 ], [ -115.2584235, 36.1849058998 ], [ -115.2584181, 36.1849058998 ], [ -115.2584181, 36.184903199799997 ], [ -115.2584154, 36.184903199799997 ], [ -115.2584154, 36.184900499800001 ], [ -115.2584127, 36.184900499800001 ], [ -115.2584127, 36.184897799799998 ], [ -115.25841, 36.184897799799998 ], [ -115.25841, 36.184895099800002 ], [ -115.2584046, 36.184895099800002 ], [ -115.2584046, 36.184892399799999 ], [ -115.25840190000001, 36.184892399799999 ], [ -115.25840190000001, 36.184889699800003 ], [ -115.2583965, 36.184889699800003 ], [ -115.2583965, 36.1848869998 ], [ -115.2583938, 36.1848869998 ], [ -115.2583938, 36.184884299799997 ], [ -115.2583884, 36.184884299799997 ], [ -115.2583884, 36.184881599800001 ], [ -115.2583857, 36.184881599800001 ], [ -115.2583857, 36.184878899799997 ], [ -115.258383, 36.184878899799997 ], [ -115.258383, 36.184876199800001 ], [ -115.2583803, 36.184876199800001 ], [ -115.2583803, 36.184873499799998 ], [ -115.2583776, 36.184873499799998 ], [ -115.2583776, 36.184835699799997 ], [ -115.258383, 36.184835699799997 ], [ -115.258383, 36.184830299799998 ], [ -115.2583911, 36.184830299799998 ], [ -115.2583911, 36.184827599800002 ], [ -115.2583965, 36.184827599800002 ], [ -115.2583965, 36.184824899799999 ], [ -115.2584154, 36.184824899799999 ], [ -115.2584154, 36.184827599800002 ], [ -115.2584235, 36.184827599800002 ], [ -115.2584235, 36.184830299799998 ], [ -115.258437, 36.184830299799998 ], [ -115.258437, 36.1848383998 ], [ -115.2584397, 36.1848383998 ], [ -115.2584397, 36.184843799799999 ], [ -115.2584424, 36.184843799799999 ], [ -115.2584424, 36.184846499800003 ], [ -115.2584451, 36.184846499800003 ], [ -115.2584451, 36.184851899800002 ], [ -115.2584478, 36.184851899800002 ], [ -115.2584478, 36.184854599799998 ], [ -115.2584505, 36.184854599799998 ], [ -115.2584505, 36.184857299800001 ], [ -115.2584532, 36.184857299800001 ], [ -115.2584532, 36.184859999799997 ], [ -115.2584559, 36.184859999799997 ], [ -115.2584559, 36.1848626998 ], [ -115.2584586, 36.1848626998 ], [ -115.2584586, 36.184865399800003 ], [ -115.2584613, 36.184865399800003 ], [ -115.2584613, 36.184868099799999 ], [ -115.258464, 36.184868099799999 ], [ -115.258464, 36.184870799800002 ], [ -115.2584667, 36.184870799800002 ], [ -115.2584667, 36.184873499799998 ], [ -115.25846940000001, 36.184873499799998 ], [ -115.25846940000001, 36.184876199800001 ], [ -115.2584748, 36.184876199800001 ], [ -115.2584748, 36.184878899799997 ], [ -115.2584775, 36.184878899799997 ], [ -115.2584775, 36.184881599800001 ], [ -115.2584802, 36.184881599800001 ], [ -115.2584802, 36.184884299799997 ], [ -115.2584829, 36.184884299799997 ], [ -115.2584829, 36.1848869998 ], [ -115.2584883, 36.1848869998 ], [ -115.2584883, 36.184889699800003 ], [ -115.258491, 36.184889699800003 ], [ -115.258491, 36.184892399799999 ], [ -115.2584964, 36.184892399799999 ], [ -115.2584964, 36.184895099800002 ], [ -115.2584991, 36.184895099800002 ], [ -115.2584991, 36.184897799799998 ], [ -115.2585045, 36.184897799799998 ], [ -115.2585045, 36.184900499800001 ], [ -115.2585072, 36.184900499800001 ], [ -115.2585072, 36.184903199799997 ], [ -115.2585099, 36.184903199799997 ], [ -115.2585099, 36.1849058998 ], [ -115.2585126, 36.1849058998 ], [ -115.2585126, 36.184908599800004 ], [ -115.2585153, 36.184908599800004 ], [ -115.2585153, 36.1849112998 ], [ -115.2585207, 36.1849112998 ], [ -115.2585207, 36.184913999800003 ], [ -115.2585261, 36.184913999800003 ], [ -115.2585261, 36.184916699799999 ], [ -115.2585288, 36.184916699799999 ], [ -115.2585288, 36.184919399800002 ], [ -115.2585315, 36.184919399800002 ], [ -115.2585315, 36.1849301998 ], [ -115.2585288, 36.1849301998 ], [ -115.2585288, 36.184932899800003 ], [ -115.2585261, 36.184932899800003 ], [ -115.2585261, 36.184935599799999 ], [ -115.2585234, 36.184935599799999 ], [ -115.2585234, 36.184938299800002 ], [ -115.2585207, 36.184938299800002 ], [ -115.2585207, 36.184940999799998 ], [ -115.2585153, 36.184940999799998 ], [ -115.2585153, 36.184943699800002 ], [ -115.2585126, 36.184943699800002 ], [ -115.2585126, 36.184946399799998 ], [ -115.2585072, 36.184946399799998 ], [ -115.2585072, 36.184949099800001 ], [ -115.2585045, 36.184949099800001 ], [ -115.2585045, 36.184951799799997 ], [ -115.2584991, 36.184951799799997 ], [ -115.2584991, 36.1849544998 ], [ -115.2584937, 36.1849544998 ], [ -115.2584937, 36.184957199800003 ] ] ] } },
{ "type": "Feature", "properties": { "value": 255.0 }, "geometry": { "type": "Polygon", "coordinates": [ [ [ -115.2596034, 36.185059799800001 ], [ -115.25957910000001, 36.185059799800001 ], [ -115.25957910000001, 36.185057099799998 ], [ -115.2595467, 36.185057099799998 ], [ -115.2595467, 36.185054399800002 ], [ -115.2595359, 36.185054399800002 ], [ -115.2595359, 36.185051699799999 ], [ -115.259530500000011, 36.185051699799999 ], [ -115.259530500000011, 36.185048999800003 ], [ -115.2595251, 36.185048999800003 ], [ -115.2595251, 36.1850462998 ], [ -115.2595224, 36.1850462998 ], [ -115.2595224, 36.185040899800001 ], [ -115.2595197, 36.185040899800001 ], [ -115.2595197, 36.185024699800003 ], [ -115.259517, 36.185024699800003 ], [ -115.259517, 36.185016599800001 ], [ -115.2595143, 36.185016599800001 ], [ -115.2595143, 36.185011199800002 ], [ -115.25951160000001, 36.185011199800002 ], [ -115.25951160000001, 36.185008499799999 ], [ -115.2595035, 36.185008499799999 ], [ -115.2595035, 36.185005799800003 ], [ -115.2594954, 36.185005799800003 ], [ -115.2594954, 36.185003099799999 ], [ -115.2594873, 36.185003099799999 ], [ -115.2594873, 36.185000399800003 ], [ -115.259481900000011, 36.185000399800003 ], [ -115.259481900000011, 36.1849976998 ], [ -115.2594792, 36.1849976998 ], [ -115.2594792, 36.184994999799997 ], [ -115.2594765, 36.184994999799997 ], [ -115.2594765, 36.184976099800004 ], [ -115.2594738, 36.184976099800004 ], [ -115.2594738, 36.184967999800001 ], [ -115.2594765, 36.184967999800001 ], [ -115.2594765, 36.184959899799999 ], [ -115.2595035, 36.184959899799999 ], [ -115.2595035, 36.184957199800003 ], [ -115.2595062, 36.184957199800003 ], [ -115.2595062, 36.1849544998 ], [ -115.2595089, 36.1849544998 ], [ -115.2595089, 36.184938299800002 ], [ -115.2595062, 36.184938299800002 ], [ -115.2595062, 36.184935599799999 ], [ -115.2595035, 36.184935599799999 ], [ -115.2595035, 36.1849301998 ], [ -115.2594954, 36.1849301998 ], [ -115.2594954, 36.184927499799997 ], [ -115.259481900000011, 36.184927499799997 ], [ -115.259481900000011, 36.184924799800001 ], [ -115.2594765, 36.184924799800001 ], [ -115.2594765, 36.184922099799998 ], [ -115.2594738, 36.184922099799998 ], [ -115.2594738, 36.184892399799999 ], [ -115.2594711, 36.184892399799999 ], [ -115.2594711, 36.184870799800002 ], [ -115.2594738, 36.184870799800002 ], [ -115.2594738, 36.1848626998 ], [ -115.2594765, 36.1848626998 ], [ -115.2594765, 36.184857299800001 ], [ -115.259481900000011, 36.184857299800001 ], [ -115.259481900000011, 36.184854599799998 ], [ -115.2594954, 36.184854599799998 ], [ -115.2594954, 36.184851899800002 ], [ -115.2595035, 36.184851899800002 ], [ -115.2595035, 36.184854599799998 ], [ -115.2595089, 36.184854599799998 ], [ -115.2595089, 36.184851899800002 ], [ -115.259517, 36.184851899800002 ], [ -115.259517, 36.184849199799999 ], [ -115.2595224, 36.184849199799999 ], [ -115.2595224, 36.184846499800003 ], [ -115.2595251, 36.184846499800003 ], [ -115.2595251, 36.184841099800003 ], [ -115.2595278, 36.184841099800003 ], [ -115.2595278, 36.1848383998 ], [ -115.2595332, 36.1848383998 ], [ -115.2595332, 36.184835699799997 ], [ -115.259549400000012, 36.184835699799997 ], [ -115.259549400000012, 36.1848383998 ], [ -115.2595683, 36.1848383998 ], [ -115.2595683, 36.184841099800003 ], [ -115.2595818, 36.184841099800003 ], [ -115.2595818, 36.184843799799999 ], [ -115.2595926, 36.184843799799999 ], [ -115.2595926, 36.184841099800003 ], [ -115.2596007, 36.184841099800003 ], [ -115.2596007, 36.184843799799999 ], [ -115.2596196, 36.184843799799999 ], [ -115.2596196, 36.184841099800003 ], [ -115.25962770000001, 36.184841099800003 ], [ -115.25962770000001, 36.1848383998 ], [ -115.2596358, 36.1848383998 ], [ -115.2596358, 36.184835699799997 ], [ -115.2596628, 36.184835699799997 ], [ -115.2596628, 36.1848383998 ], [ -115.259665500000011, 36.1848383998 ], [ -115.259665500000011, 36.184851899800002 ], [ -115.2596682, 36.184851899800002 ], [ -115.2596682, 36.184854599799998 ], [ -115.2596925, 36.184854599799998 ], [ -115.2596925, 36.184857299800001 ], [ -115.2597087, 36.184857299800001 ], [ -115.2597087, 36.184859999799997 ], [ -115.2597114, 36.184859999799997 ], [ -115.2597114, 36.184878899799997 ], [ -115.259714100000011, 36.184878899799997 ], [ -115.259714100000011, 36.184884299799997 ], [ -115.2597114, 36.184884299799997 ], [ -115.2597114, 36.184903199799997 ], [ -115.2597087, 36.184903199799997 ], [ -115.2597087, 36.184916699799999 ], [ -115.259706, 36.184916699799999 ], [ -115.259706, 36.184922099799998 ], [ -115.2597006, 36.184922099799998 ], [ -115.2597006, 36.184924799800001 ], [ -115.2596925, 36.184924799800001 ], [ -115.2596925, 36.184927499799997 ], [ -115.2596871, 36.184927499799997 ], [ -115.2596871, 36.1849301998 ], [ -115.259684400000012, 36.1849301998 ], [ -115.259684400000012, 36.184932899800003 ], [ -115.2596817, 36.184932899800003 ], [ -115.2596817, 36.184940999799998 ], [ -115.259684400000012, 36.184940999799998 ], [ -115.259684400000012, 36.1849544998 ], [ -115.2596871, 36.1849544998 ], [ -115.2596871, 36.184957199800003 ], [ -115.2597006, 36.184957199800003 ], [ -115.2597006, 36.184959899799999 ], [ -115.2597087, 36.184959899799999 ], [ -115.2597087, 36.184965299799998 ], [ -115.2597114, 36.184965299799998 ], [ -115.2597114, 36.184984199799999 ], [ -115.2597087, 36.184984199799999 ], [ -115.2597087, 36.184992299800001 ], [ -115.259706, 36.184992299800001 ], [ -115.259706, 36.1849976998 ], [ -115.2597033, 36.1849976998 ], [ -115.2597033, 36.185000399800003 ], [ -115.25969520000001, 36.185000399800003 ], [ -115.25969520000001, 36.185003099799999 ], [ -115.259684400000012, 36.185003099799999 ], [ -115.259684400000012, 36.185005799800003 ], [ -115.2596817, 36.185005799800003 ], [ -115.2596817, 36.185008499799999 ], [ -115.259679, 36.185008499799999 ], [ -115.259679, 36.185011199800002 ], [ -115.25967630000001, 36.185011199800002 ], [ -115.25967630000001, 36.185024699800003 ], [ -115.2596736, 36.185024699800003 ], [ -115.2596736, 36.185040899800001 ], [ -115.2596709, 36.185040899800001 ], [ -115.2596709, 36.1850462998 ], [ -115.2596682, 36.1850462998 ], [ -115.2596682, 36.185048999800003 ], [ -115.2596628, 36.185048999800003 ], [ -115.2596628, 36.185051699799999 ], [ -115.2596439, 36.185051699799999 ], [ -115.2596439, 36.185054399800002 ], [ -115.259625, 36.185054399800002 ], [ -115.259625, 36.185057099799998 ], [ -115.2596034, 36.185057099799998 ], [ -115.2596034, 36.185059799800001 ] ] ] } },
{ "type": "Feature", "properties": { "value": 255.0 }, "geometry": { "type": "Polygon", "coordinates": [ [ [ -115.2590445, 36.184938299800002 ], [ -115.259031, 36.184938299800002 ], [ -115.259031, 36.184935599799999 ], [ -115.2590283, 36.184935599799999 ], [ -115.2590283, 36.184932899800003 ], [ -115.2590229, 36.184932899800003 ], [ -115.2590229, 36.1849301998 ], [ -115.2590202, 36.1849301998 ], [ -115.2590202, 36.184927499799997 ], [ -115.2590148, 36.184927499799997 ], [ -115.2590148, 36.184924799800001 ], [ -115.259009400000011, 36.184924799800001 ], [ -115.259009400000011, 36.184922099799998 ], [ -115.2590067, 36.184922099799998 ], [ -115.2590067, 36.184919399800002 ], [ -115.259004, 36.184919399800002 ], [ -115.259004, 36.184916699799999 ], [ -115.2590013, 36.184916699799999 ], [ -115.2590013, 36.184913999800003 ], [ -115.2589959, 36.184913999800003 ], [ -115.2589959, 36.1849112998 ], [ -115.2589932, 36.1849112998 ], [ -115.2589932, 36.184908599800004 ], [ -115.25899050000001, 36.184908599800004 ], [ -115.25899050000001, 36.1849058998 ], [ -115.2589878, 36.1849058998 ], [ -115.2589878, 36.184903199799997 ], [ -115.2589851, 36.184903199799997 ], [ -115.2589851, 36.184900499800001 ], [ -115.2589824, 36.184900499800001 ], [ -115.2589824, 36.184897799799998 ], [ -115.2589797, 36.184897799799998 ], [ -115.2589797, 36.184895099800002 ], [ -115.258977, 36.184895099800002 ], [ -115.258977, 36.184889699800003 ], [ -115.25897160000001, 36.184889699800003 ], [ -115.25897160000001, 36.1848869998 ], [ -115.2589635, 36.1848869998 ], [ -115.2589635, 36.184884299799997 ], [ -115.2589581, 36.184884299799997 ], [ -115.2589581, 36.184881599800001 ], [ -115.2589554, 36.184881599800001 ], [ -115.2589554, 36.184878899799997 ], [ -115.25895, 36.184878899799997 ], [ -115.25895, 36.184876199800001 ], [ -115.258941900000011, 36.184876199800001 ], [ -115.258941900000011, 36.184873499799998 ], [ -115.2589392, 36.184873499799998 ], [ -115.2589392, 36.184870799800002 ], [ -115.2589365, 36.184870799800002 ], [ -115.2589365, 36.184868099799999 ], [ -115.2589311, 36.184868099799999 ], [ -115.2589311, 36.1848626998 ], [ -115.2589284, 36.1848626998 ], [ -115.2589284, 36.184849199799999 ], [ -115.2589257, 36.184849199799999 ], [ -115.2589257, 36.184830299799998 ], [ -115.2589203, 36.184830299799998 ], [ -115.2589203, 36.184827599800002 ], [ -115.2589176, 36.184827599800002 ], [ -115.2589176, 36.184803299800002 ], [ -115.2589203, 36.184803299800002 ], [ -115.2589203, 36.1847951998 ], [ -115.258923, 36.1847951998 ], [ -115.258923, 36.184784399800002 ], [ -115.2589257, 36.184784399800002 ], [ -115.2589257, 36.184781699799998 ], [ -115.2589284, 36.184781699799998 ], [ -115.2589284, 36.184778999800002 ], [ -115.2589311, 36.184778999800002 ], [ -115.2589311, 36.184776299799999 ], [ -115.2589338, 36.184776299799999 ], [ -115.2589338, 36.184773599800003 ], [ -115.2589365, 36.184773599800003 ], [ -115.2589365, 36.1847708998 ], [ -115.2589446, 36.1847708998 ], [ -115.2589446, 36.184768199799997 ], [ -115.25895, 36.184768199799997 ], [ -115.25895, 36.184765499800001 ], [ -115.2589554, 36.184765499800001 ], [ -115.2589554, 36.184762799799998 ], [ -115.2589635, 36.184762799799998 ], [ -115.2589635, 36.184760099800002 ], [ -115.2589689, 36.184760099800002 ], [ -115.2589689, 36.184762799799998 ], [ -115.2589743, 36.184762799799998 ], [ -115.2589743, 36.184768199799997 ], [ -115.25897160000001, 36.184768199799997 ], [ -115.25897160000001, 36.184773599800003 ], [ -115.2589743, 36.184773599800003 ], [ -115.2589743, 36.184776299799999 ], [ -115.258977, 36.184776299799999 ], [ -115.258977, 36.184778999800002 ], [ -115.2589824, 36.184778999800002 ], [ -115.2589824, 36.184781699799998 ], [ -115.25899050000001, 36.184781699799998 ], [ -115.25899050000001, 36.184778999800002 ], [ -115.2589959, 36.184778999800002 ], [ -115.2589959, 36.184773599800003 ], [ -115.2589932, 36.184773599800003 ], [ -115.2589932, 36.1847708998 ], [ -115.25899050000001, 36.1847708998 ], [ -115.25899050000001, 36.184768199799997 ], [ -115.2589878, 36.184768199799997 ], [ -115.2589878, 36.184765499800001 ], [ -115.2589851, 36.184765499800001 ], [ -115.2589851, 36.184760099800002 ], [ -115.2589824, 36.184760099800002 ], [ -115.2589824, 36.184757399799999 ], [ -115.2589797, 36.184757399799999 ], [ -115.2589797, 36.184754699800003 ], [ -115.2589743, 36.184754699800003 ], [ -115.2589743, 36.184738499799998 ], [ -115.258977, 36.184738499799998 ], [ -115.258977, 36.184735799800002 ], [ -115.2589797, 36.184735799800002 ], [ -115.2589797, 36.184733099799999 ], [ -115.2589824, 36.184733099799999 ], [ -115.2589824, 36.184730399800003 ], [ -115.2589851, 36.184730399800003 ], [ -115.2589851, 36.1847276998 ], [ -115.2589878, 36.1847276998 ], [ -115.2589878, 36.184724999799997 ], [ -115.25899050000001, 36.184724999799997 ], [ -115.25899050000001, 36.184722299800001 ], [ -115.2589932, 36.184722299800001 ], [ -115.2589932, 36.184719599799998 ], [ -115.2589959, 36.184719599799998 ], [ -115.2589959, 36.184716899800001 ], [ -115.2589986, 36.184716899800001 ], [ -115.2589986, 36.184714199799998 ], [ -115.259004, 36.184714199799998 ], [ -115.259004, 36.184711499800002 ], [ -115.2590067, 36.184711499800002 ], [ -115.2590067, 36.184708799799999 ], [ -115.2590148, 36.184708799799999 ], [ -115.2590148, 36.184706099800003 ], [ -115.2590229, 36.184706099800003 ], [ -115.2590229, 36.184708799799999 ], [ -115.2590364, 36.184708799799999 ], [ -115.2590364, 36.184711499800002 ], [ -115.2590499, 36.184711499800002 ], [ -115.2590499, 36.184714199799998 ], [ -115.2590661, 36.184714199799998 ], [ -115.2590661, 36.184716899800001 ], [ -115.2590715, 36.184716899800001 ], [ -115.2590715, 36.184719599799998 ], [ -115.2590742, 36.184719599799998 ], [ -115.2590742, 36.184722299800001 ], [ -115.259076900000011, 36.184722299800001 ], [ -115.259076900000011, 36.1847276998 ], [ -115.2590796, 36.1847276998 ], [ -115.2590796, 36.184733099799999 ], [ -115.2590823, 36.184733099799999 ], [ -115.2590823, 36.184741199800001 ], [ -115.259085, 36.184741199800001 ], [ -115.259085, 36.184743899799997 ], [ -115.2590877, 36.184743899799997 ], [ -115.2590877, 36.1847465998 ], [ -115.2590931, 36.1847465998 ], [ -115.2590931, 36.1847519998 ], [ -115.2590958, 36.1847519998 ], [ -115.2590958, 36.184754699800003 ], [ -115.2590985, 36.184754699800003 ], [ -115.2590985, 36.184757399799999 ], [ -115.2591039, 36.184757399799999 ], [ -115.2591039, 36.184760099800002 ], [ -115.2591093, 36.184760099800002 ], [ -115.2591093, 36.184762799799998 ], [ -115.259112, 36.184762799799998 ], [ -115.259112, 36.184765499800001 ], [ -115.2591174, 36.184765499800001 ], [ -115.2591174, 36.184768199799997 ], [ -115.2591201, 36.184768199799997 ], [ -115.2591201, 36.1847708998 ], [ -115.2591228, 36.1847708998 ], [ -115.2591228, 36.184773599800003 ], [ -115.2591282, 36.184773599800003 ], [ -115.2591282, 36.184776299799999 ], [ -115.2591309, 36.184776299799999 ], [ -115.2591309, 36.184778999800002 ], [ -115.2591363, 36.184778999800002 ], [ -115.2591363, 36.184781699799998 ], [ -115.259139, 36.184781699799998 ], [ -115.259139, 36.184784399800002 ], [ -115.2591417, 36.184784399800002 ], [ -115.2591417, 36.184787099799998 ], [ -115.2591471, 36.184787099799998 ], [ -115.2591471, 36.184789799800001 ], [ -115.2591498, 36.184789799800001 ], [ -115.2591498, 36.184792499799997 ], [ -115.2591552, 36.184792499799997 ], [ -115.2591552, 36.1847951998 ], [ -115.2591579, 36.1847951998 ], [ -115.2591579, 36.184797899800003 ], [ -115.2591606, 36.184797899800003 ], [ -115.2591606, 36.184800599799999 ], [ -115.2591633, 36.184800599799999 ], [ -115.2591633, 36.184803299800002 ], [ -115.259166, 36.184803299800002 ], [ -115.259166, 36.184805999799998 ], [ -115.2591687, 36.184805999799998 ], [ -115.2591687, 36.184808699800001 ], [ -115.2591714, 36.184808699800001 ], [ -115.2591714, 36.184830299799998 ], [ -115.2591687, 36.184830299799998 ], [ -115.2591687, 36.1848383998 ], [ -115.259166, 36.1848383998 ], [ -115.259166, 36.184846499800003 ], [ -115.2591633, 36.184846499800003 ], [ -115.2591633, 36.184849199799999 ], [ -115.2591606, 36.184849199799999 ], [ -115.2591606, 36.184851899800002 ], [ -115.2591579, 36.184851899800002 ], [ -115.2591579, 36.184854599799998 ], [ -115.2591552, 36.184854599799998 ], [ -115.2591552, 36.184857299800001 ], [ -115.2591498, 36.184857299800001 ], [ -115.2591498, 36.184859999799997 ], [ -115.2591471, 36.184859999799997 ], [ -115.2591471, 36.1848626998 ], [ -115.2591417, 36.1848626998 ], [ -115.2591417, 36.184865399800003 ], [ -115.2591363, 36.184865399800003 ], [ -115.2591363, 36.184868099799999 ], [ -115.2591228, 36.184868099799999 ], [ -115.2591228, 36.184865399800003 ], [ -115.2591174, 36.184865399800003 ], [ -115.2591174, 36.1848626998 ], [ -115.2591093, 36.1848626998 ], [ -115.2591093, 36.184859999799997 ], [ -115.2591039, 36.184859999799997 ], [ -115.2591039, 36.184857299800001 ], [ -115.2590958, 36.184857299800001 ], [ -115.2590958, 36.184854599799998 ], [ -115.2590904, 36.184854599799998 ], [ -115.2590904, 36.184851899800002 ], [ -115.2590877, 36.184851899800002 ], [ -115.2590877, 36.184849199799999 ], [ -115.259076900000011, 36.184849199799999 ], [ -115.259076900000011, 36.184854599799998 ], [ -115.2590796, 36.184854599799998 ], [ -115.2590796, 36.184857299800001 ], [ -115.2590823, 36.184857299800001 ], [ -115.2590823, 36.184873499799998 ], [ -115.259085, 36.184873499799998 ], [ -115.259085, 36.184876199800001 ], [ -115.2590877, 36.184876199800001 ], [ -115.2590877, 36.184878899799997 ], [ -115.2590904, 36.184878899799997 ], [ -115.2590904, 36.184881599800001 ], [ -115.2590931, 36.184881599800001 ], [ -115.2590931, 36.184884299799997 ], [ -115.2590958, 36.184884299799997 ], [ -115.2590958, 36.1848869998 ], [ -115.2590985, 36.1848869998 ], [ -115.2590985, 36.184889699800003 ], [ -115.2591012, 36.184889699800003 ], [ -115.2591012, 36.184897799799998 ], [ -115.2590985, 36.184897799799998 ], [ -115.2590985, 36.184903199799997 ], [ -115.2590958, 36.184903199799997 ], [ -115.2590958, 36.1849058998 ], [ -115.2590931, 36.1849058998 ], [ -115.2590931, 36.184908599800004 ], [ -115.2590904, 36.184908599800004 ], [ -115.2590904, 36.1849112998 ], [ -115.2590877, 36.1849112998 ], [ -115.2590877, 36.184913999800003 ], [ -115.259085, 36.184913999800003 ], [ -115.259085, 36.184916699799999 ], [ -115.2590823, 36.184916699799999 ], [ -115.2590823, 36.184919399800002 ], [ -115.259076900000011, 36.184919399800002 ], [ -115.259076900000011, 36.184922099799998 ], [ -115.2590742, 36.184922099799998 ], [ -115.2590742, 36.184924799800001 ], [ -115.2590715, 36.184924799800001 ], [ -115.2590715, 36.184927499799997 ], [ -115.2590688, 36.184927499799997 ], [ -115.2590688, 36.1849301998 ], [ -115.2590661, 36.1849301998 ], [ -115.2590661, 36.184932899800003 ], [ -115.2590499, 36.184932899800003 ], [ -115.2590499, 36.184935599799999 ], [ -115.2590445, 36.184935599799999 ], [ -115.2590445, 36.184938299800002 ] ] ] } },
{ "type": "Feature", "properties": { "value": 255.0 }, "geometry": { "type": "Polygon", "coordinates": [ [ [ -115.2592362, 36.184805999799998 ], [ -115.2592227, 36.184805999799998 ], [ -115.2592227, 36.184803299800002 ], [ -115.2592173, 36.184803299800002 ], [ -115.2592173, 36.184797899800003 ], [ -115.2592146, 36.184797899800003 ], [ -115.2592146, 36.184657499799997 ], [ -115.2592227, 36.184657499799997 ], [ -115.2592227, 36.184654799800001 ], [ -115.2592713, 36.184654799800001 ], [ -115.2592713, 36.184662899800003 ], [ -115.259274, 36.184662899800003 ], [ -115.259274, 36.184797899800003 ], [ -115.2592713, 36.184797899800003 ], [ -115.2592713, 36.184800599799999 ], [ -115.2592686, 36.184800599799999 ], [ -115.2592686, 36.184803299800002 ], [ -115.2592362, 36.184803299800002 ], [ -115.2592362, 36.184805999799998 ] ] ] } },
{ "type": "Feature", "properties": { "value": 255.0 }, "geometry": { "type": "Polygon", "coordinates": [ [ [ -115.2596628, 36.184830299799998 ], [ -115.25962770000001, 36.184830299799998 ], [ -115.25962770000001, 36.184827599800002 ], [ -115.2596358, 36.184827599800002 ], [ -115.2596358, 36.184824899799999 ], [ -115.2596331, 36.184824899799999 ], [ -115.2596331, 36.1848194998 ], [ -115.2596061, 36.1848194998 ], [ -115.2596061, 36.184822199800003 ], [ -115.2595953, 36.184822199800003 ], [ -115.2595953, 36.1848194998 ], [ -115.2595629, 36.1848194998 ], [ -115.2595629, 36.184822199800003 ], [ -115.2595521, 36.184822199800003 ], [ -115.2595521, 36.1848194998 ], [ -115.259544, 36.1848194998 ], [ -115.259544, 36.184822199800003 ], [ -115.2595332, 36.184822199800003 ], [ -115.2595332, 36.1848194998 ], [ -115.259530500000011, 36.1848194998 ], [ -115.259530500000011, 36.184816799799997 ], [ -115.2595251, 36.184816799799997 ], [ -115.2595251, 36.184814099800001 ], [ -115.25949270000001, 36.184814099800001 ], [ -115.25949270000001, 36.184811399799997 ], [ -115.259481900000011, 36.184811399799997 ], [ -115.259481900000011, 36.184808699800001 ], [ -115.2594765, 36.184808699800001 ], [ -115.2594765, 36.184803299800002 ], [ -115.2594738, 36.184803299800002 ], [ -115.2594738, 36.184754699800003 ], [ -115.2594711, 36.184754699800003 ], [ -115.2594711, 36.184743899799997 ], [ -115.2594738, 36.184743899799997 ], [ -115.2594738, 36.184738499799998 ], [ -115.259481900000011, 36.184738499799998 ], [ -115.259481900000011, 36.184735799800002 ], [ -115.2595008, 36.184735799800002 ], [ -115.2595008, 36.184733099799999 ], [ -115.2595035, 36.184733099799999 ], [ -115.2595035, 36.184724999799997 ], [ -115.2595008, 36.184724999799997 ], [ -115.2595008, 36.184722299800001 ], [ -115.2595035, 36.184722299800001 ], [ -115.2595035, 36.184716899800001 ], [ -115.2595062, 36.184716899800001 ], [ -115.2595062, 36.184708799799999 ], [ -115.2595008, 36.184708799799999 ], [ -115.2595008, 36.184706099800003 ], [ -115.2594954, 36.184706099800003 ], [ -115.2594954, 36.1847033998 ], [ -115.259481900000011, 36.1847033998 ], [ -115.259481900000011, 36.184700699799997 ], [ -115.2594792, 36.184700699799997 ], [ -115.2594792, 36.1846790998 ], [ -115.259481900000011, 36.1846790998 ], [ -115.259481900000011, 36.184662899800003 ], [ -115.2594846, 36.184662899800003 ], [ -115.2594846, 36.184652099799997 ], [ -115.2594873, 36.184652099799997 ], [ -115.2594873, 36.184627799799998 ], [ -115.25949, 36.184627799799998 ], [ -115.25949, 36.184622399799999 ], [ -115.25949270000001, 36.184622399799999 ], [ -115.25949270000001, 36.184616999799999 ], [ -115.2594954, 36.184616999799999 ], [ -115.2594954, 36.184614299799996 ], [ -115.2594981, 36.184614299799996 ], [ -115.2594981, 36.1846115998 ], [ -115.2595035, 36.1846115998 ], [ -115.2595035, 36.184608899799997 ], [ -115.2595089, 36.184608899799997 ], [ -115.2595089, 36.184606199800001 ], [ -115.25951160000001, 36.184606199800001 ], [ -115.25951160000001, 36.184603499799998 ], [ -115.2595251, 36.184603499799998 ], [ -115.2595251, 36.184600799800002 ], [ -115.259530500000011, 36.184600799800002 ], [ -115.259530500000011, 36.184603499799998 ], [ -115.2596493, 36.184603499799998 ], [ -115.2596493, 36.184606199800001 ], [ -115.2596574, 36.184606199800001 ], [ -115.2596574, 36.184608899799997 ], [ -115.2596601, 36.184608899799997 ], [ -115.2596601, 36.1846115998 ], [ -115.259665500000011, 36.1846115998 ], [ -115.259665500000011, 36.184614299799996 ], [ -115.2596682, 36.184614299799996 ], [ -115.2596682, 36.184616999799999 ], [ -115.2596709, 36.184616999799999 ], [ -115.2596709, 36.184625099800002 ], [ -115.2596736, 36.184625099800002 ], [ -115.2596736, 36.184633199799997 ], [ -115.25967630000001, 36.184633199799997 ], [ -115.25967630000001, 36.1846358998 ], [ -115.259679, 36.1846358998 ], [ -115.259679, 36.184638599800003 ], [ -115.2596817, 36.184638599800003 ], [ -115.2596817, 36.184641299799999 ], [ -115.259684400000012, 36.184641299799999 ], [ -115.259684400000012, 36.184646699799998 ], [ -115.2596871, 36.184646699799998 ], [ -115.2596871, 36.184649399800001 ], [ -115.2596898, 36.184649399800001 ], [ -115.2596898, 36.184652099799997 ], [ -115.2596925, 36.184652099799997 ], [ -115.2596925, 36.184654799800001 ], [ -115.25969520000001, 36.184654799800001 ], [ -115.25969520000001, 36.184657499799997 ], [ -115.2596979, 36.184657499799997 ], [ -115.2596979, 36.1846601998 ], [ -115.2597006, 36.1846601998 ], [ -115.2597006, 36.184665599799999 ], [ -115.2597033, 36.184665599799999 ], [ -115.2597033, 36.184670999799998 ], [ -115.259706, 36.184670999799998 ], [ -115.259706, 36.184692599800002 ], [ -115.2597033, 36.184692599800002 ], [ -115.2597033, 36.184697999800001 ], [ -115.2596979, 36.184697999800001 ], [ -115.2596979, 36.184700699799997 ], [ -115.2596925, 36.184700699799997 ], [ -115.2596925, 36.1847033998 ], [ -115.2596871, 36.1847033998 ], [ -115.2596871, 36.184706099800003 ], [ -115.259684400000012, 36.184706099800003 ], [ -115.259684400000012, 36.184711499800002 ], [ -115.2596817, 36.184711499800002 ], [ -115.2596817, 36.184733099799999 ], [ -115.259684400000012, 36.184733099799999 ], [ -115.259684400000012, 36.184735799800002 ], [ -115.2597087, 36.184735799800002 ], [ -115.2597087, 36.184738499799998 ], [ -115.2597114, 36.184738499799998 ], [ -115.2597114, 36.184773599800003 ], [ -115.259714100000011, 36.184773599800003 ], [ -115.259714100000011, 36.184803299800002 ], [ -115.2597114, 36.184803299800002 ], [ -115.2597114, 36.184808699800001 ], [ -115.2597087, 36.184808699800001 ], [ -115.2597087, 36.184811399799997 ], [ -115.2596736, 36.184811399799997 ], [ -115.2596736, 36.184814099800001 ], [ -115.2596574, 36.184814099800001 ], [ -115.2596574, 36.184816799799997 ], [ -115.2596493, 36.184816799799997 ], [ -115.2596493, 36.1848194998 ], [ -115.259646600000011, 36.1848194998 ], [ -115.259646600000011, 36.184822199800003 ], [ -115.2596439, 36.184822199800003 ], [ -115.2596439, 36.184824899799999 ], [ -115.2596547, 36.184824899799999 ], [ -115.2596547, 36.184827599800002 ], [ -115.2596628, 36.184827599800002 ], [ -115.2596628, 36.184830299799998 ] ] ] } },
{ "type": "Feature", "properties": { "value": 255.0 }, "geometry": { "type": "Polygon", "coordinates": [ [ [ -115.259414400000011, 36.184816799799997 ], [ -115.2593658, 36.184816799799997 ], [ -115.2593658, 36.184814099800001 ], [ -115.2593631, 36.184814099800001 ], [ -115.2593631, 36.1847276998 ], [ -115.2593604, 36.1847276998 ], [ -115.2593604, 36.184619699800002 ], [ -115.2593631, 36.184619699800002 ], [ -115.2593631, 36.184616999799999 ], [ -115.259409, 36.184616999799999 ], [ -115.259409, 36.184619699800002 ], [ -115.2594198, 36.184619699800002 ], [ -115.2594198, 36.184625099800002 ], [ -115.2594225, 36.184625099800002 ], [ -115.2594225, 36.184654799800001 ], [ -115.2594198, 36.184654799800001 ], [ -115.2594198, 36.184708799799999 ], [ -115.2594225, 36.184708799799999 ], [ -115.2594225, 36.184814099800001 ], [ -115.259414400000011, 36.184814099800001 ], [ -115.259414400000011, 36.184816799799997 ] ] ] } },
{ "type": "Feature", "properties": { "value": 255.0 }, "geometry": { "type": "Polygon", "coordinates": [ [ [ -115.2586557, 36.184916699799999 ], [ -115.2586395, 36.184916699799999 ], [ -115.2586395, 36.184913999800003 ], [ -115.2586341, 36.184913999800003 ], [ -115.2586341, 36.1849112998 ], [ -115.2586287, 36.1849112998 ], [ -115.2586287, 36.184908599800004 ], [ -115.2586233, 36.184908599800004 ], [ -115.2586233, 36.1849058998 ], [ -115.2586071, 36.1849058998 ], [ -115.2586071, 36.184903199799997 ], [ -115.2586017, 36.184903199799997 ], [ -115.2586017, 36.184900499800001 ], [ -115.2585936, 36.184900499800001 ], [ -115.2585936, 36.184903199799997 ], [ -115.258572, 36.184903199799997 ], [ -115.258572, 36.184900499800001 ], [ -115.2585693, 36.184900499800001 ], [ -115.2585693, 36.184897799799998 ], [ -115.2585666, 36.184897799799998 ], [ -115.2585666, 36.184895099800002 ], [ -115.2585585, 36.184895099800002 ], [ -115.2585585, 36.184892399799999 ], [ -115.2585531, 36.184892399799999 ], [ -115.2585531, 36.184889699800003 ], [ -115.2585504, 36.184889699800003 ], [ -115.2585504, 36.1848869998 ], [ -115.2585477, 36.1848869998 ], [ -115.2585477, 36.184870799800002 ], [ -115.2585504, 36.184870799800002 ], [ -115.2585504, 36.184859999799997 ], [ -115.2585477, 36.184859999799997 ], [ -115.2585477, 36.184857299800001 ], [ -115.258545, 36.184857299800001 ], [ -115.258545, 36.184854599799998 ], [ -115.2585396, 36.184854599799998 ], [ -115.2585396, 36.184851899800002 ], [ -115.2585207, 36.184851899800002 ], [ -115.2585207, 36.184849199799999 ], [ -115.2585126, 36.184849199799999 ], [ -115.2585126, 36.184851899800002 ], [ -115.2585099, 36.184851899800002 ], [ -115.2585099, 36.184849199799999 ], [ -115.2585018, 36.184849199799999 ], [ -115.2585018, 36.184846499800003 ], [ -115.2584991, 36.184846499800003 ], [ -115.2584991, 36.184843799799999 ], [ -115.2584937, 36.184843799799999 ], [ -115.2584937, 36.184841099800003 ], [ -115.258491, 36.184841099800003 ], [ -115.258491, 36.1848383998 ], [ -115.2584856, 36.1848383998 ], [ -115.2584856, 36.184832999800001 ], [ -115.2584829, 36.184832999800001 ], [ -115.2584829, 36.184830299799998 ], [ -115.2584775, 36.184830299799998 ], [ -115.2584775, 36.184827599800002 ], [ -115.2584721, 36.184827599800002 ], [ -115.2584721, 36.184824899799999 ], [ -115.25846940000001, 36.184824899799999 ], [ -115.25846940000001, 36.184822199800003 ], [ -115.2584667, 36.184822199800003 ], [ -115.2584667, 36.1848194998 ], [ -115.2584613, 36.1848194998 ], [ -115.2584613, 36.184816799799997 ], [ -115.2584559, 36.184816799799997 ], [ -115.2584559, 36.184814099800001 ], [ -115.2584505, 36.184814099800001 ], [ -115.2584505, 36.184811399799997 ], [ -115.2584478, 36.184811399799997 ], [ -115.2584478, 36.184808699800001 ], [ -115.2584451, 36.184808699800001 ], [ -115.2584451, 36.184800599799999 ], [ -115.2584478, 36.184800599799999 ], [ -115.2584478, 36.184797899800003 ], [ -115.2584505, 36.184797899800003 ], [ -115.2584505, 36.1847951998 ], [ -115.2584532, 36.1847951998 ], [ -115.2584532, 36.184792499799997 ], [ -115.2584586, 36.184792499799997 ], [ -115.2584586, 36.184789799800001 ], [ -115.258464, 36.184789799800001 ], [ -115.258464, 36.184787099799998 ], [ -115.25846940000001, 36.184787099799998 ], [ -115.25846940000001, 36.184776299799999 ], [ -115.2584667, 36.184776299799999 ], [ -115.2584667, 36.184773599800003 ], [ -115.258464, 36.184773599800003 ], [ -115.258464, 36.1847708998 ], [ -115.2584613, 36.1847708998 ], [ -115.2584613, 36.184765499800001 ], [ -115.2584559, 36.184765499800001 ], [ -115.2584559, 36.184762799799998 ], [ -115.2584532, 36.184762799799998 ], [ -115.2584532, 36.184760099800002 ], [ -115.2584505, 36.184760099800002 ], [ -115.2584505, 36.184757399799999 ], [ -115.2584424, 36.184757399799999 ], [ -115.2584424, 36.184760099800002 ], [ -115.2584262, 36.184760099800002 ], [ -115.2584262, 36.184762799799998 ], [ -115.2584235, 36.184762799799998 ], [ -115.2584235, 36.184765499800001 ], [ -115.2584181, 36.184765499800001 ], [ -115.2584181, 36.184768199799997 ], [ -115.2584127, 36.184768199799997 ], [ -115.2584127, 36.1847708998 ], [ -115.2583992, 36.1847708998 ], [ -115.2583992, 36.184768199799997 ], [ -115.2583965, 36.184768199799997 ], [ -115.2583965, 36.184765499800001 ], [ -115.2583884, 36.184765499800001 ], [ -115.2583884, 36.184762799799998 ], [ -115.258383, 36.184762799799998 ], [ -115.258383, 36.184760099800002 ], [ -115.2583803, 36.184760099800002 ], [ -115.2583803, 36.184754699800003 ], [ -115.2583776, 36.184754699800003 ], [ -115.2583776, 36.184541399799997 ], [ -115.258383, 36.184541399799997 ], [ -115.258383, 36.184538699800001 ], [ -115.2583911, 36.184538699800001 ], [ -115.2583911, 36.184541399799997 ], [ -115.2583965, 36.184541399799997 ], [ -115.2583965, 36.184538699800001 ], [ -115.2584127, 36.184538699800001 ], [ -115.2584127, 36.184535999799998 ], [ -115.2584262, 36.184535999799998 ], [ -115.2584262, 36.184533299800002 ], [ -115.2584397, 36.184533299800002 ], [ -115.2584397, 36.184535999799998 ], [ -115.2584451, 36.184535999799998 ], [ -115.2584451, 36.184538699800001 ], [ -115.2584478, 36.184538699800001 ], [ -115.2584478, 36.184541399799997 ], [ -115.2584532, 36.184541399799997 ], [ -115.2584532, 36.1845440998 ], [ -115.2584559, 36.1845440998 ], [ -115.2584559, 36.184546799799996 ], [ -115.2584586, 36.184546799799996 ], [ -115.2584586, 36.184549499799999 ], [ -115.2584667, 36.184549499799999 ], [ -115.2584667, 36.184552199800002 ], [ -115.25846940000001, 36.184552199800002 ], [ -115.25846940000001, 36.184554899799998 ], [ -115.2584748, 36.184554899799998 ], [ -115.2584748, 36.184557599800002 ], [ -115.2584775, 36.184557599800002 ], [ -115.2584775, 36.184560299799998 ], [ -115.2584802, 36.184560299799998 ], [ -115.2584802, 36.184562999800001 ], [ -115.2584829, 36.184562999800001 ], [ -115.2584829, 36.184565699799997 ], [ -115.2584856, 36.184565699799997 ], [ -115.2584856, 36.1845683998 ], [ -115.2584883, 36.1845683998 ], [ -115.2584883, 36.184571099800003 ], [ -115.258491, 36.184571099800003 ], [ -115.258491, 36.184576499800002 ], [ -115.2584937, 36.184576499800002 ], [ -115.2584937, 36.184581899800001 ], [ -115.2584991, 36.184581899800001 ], [ -115.2584991, 36.184584599799997 ], [ -115.2585045, 36.184584599799997 ], [ -115.2585045, 36.1845872998 ], [ -115.2585099, 36.1845872998 ], [ -115.2585099, 36.184589999799996 ], [ -115.2585153, 36.184589999799996 ], [ -115.2585153, 36.1845926998 ], [ -115.258518, 36.1845926998 ], [ -115.258518, 36.184595399800003 ], [ -115.2585207, 36.184595399800003 ], [ -115.2585207, 36.184598099799999 ], [ -115.2585261, 36.184598099799999 ], [ -115.2585261, 36.184600799800002 ], [ -115.2585288, 36.184600799800002 ], [ -115.2585288, 36.184603499799998 ], [ -115.2585315, 36.184603499799998 ], [ -115.2585315, 36.184606199800001 ], [ -115.2585342, 36.184606199800001 ], [ -115.2585342, 36.184608899799997 ], [ -115.25853690000001, 36.184608899799997 ], [ -115.25853690000001, 36.1846115998 ], [ -115.2585423, 36.1846115998 ], [ -115.2585423, 36.184614299799996 ], [ -115.258545, 36.184614299799996 ], [ -115.258545, 36.184616999799999 ], [ -115.2585477, 36.184616999799999 ], [ -115.2585477, 36.184619699800002 ], [ -115.2585504, 36.184619699800002 ], [ -115.2585504, 36.184622399799999 ], [ -115.2585558, 36.184622399799999 ], [ -115.2585558, 36.184625099800002 ], [ -115.2585585, 36.184625099800002 ], [ -115.2585585, 36.184627799799998 ], [ -115.2585612, 36.184627799799998 ], [ -115.2585612, 36.184630499800001 ], [ -115.2585639, 36.184630499800001 ], [ -115.2585639, 36.184633199799997 ], [ -115.2585666, 36.184633199799997 ], [ -115.2585666, 36.1846358998 ], [ -115.2585693, 36.1846358998 ], [ -115.2585693, 36.184641299799999 ], [ -115.2585666, 36.184641299799999 ], [ -115.2585666, 36.184646699799998 ], [ -115.2585639, 36.184646699799998 ], [ -115.2585639, 36.184652099799997 ], [ -115.2585666, 36.184652099799997 ], [ -115.2585666, 36.184657499799997 ], [ -115.2585693, 36.184657499799997 ], [ -115.2585693, 36.1846601998 ], [ -115.2585666, 36.1846601998 ], [ -115.2585666, 36.184668299800002 ], [ -115.2585639, 36.184668299800002 ], [ -115.2585639, 36.184673699800001 ], [ -115.2585666, 36.184673699800001 ], [ -115.2585666, 36.184676399799997 ], [ -115.2585693, 36.184676399799997 ], [ -115.2585693, 36.1846790998 ], [ -115.258572, 36.1846790998 ], [ -115.258572, 36.184676399799997 ], [ -115.2585747, 36.184676399799997 ], [ -115.2585747, 36.184673699800001 ], [ -115.2585936, 36.184673699800001 ], [ -115.2585936, 36.184670999799998 ], [ -115.258599, 36.184670999799998 ], [ -115.258599, 36.184673699800001 ], [ -115.2586017, 36.184673699800001 ], [ -115.2586017, 36.184670999799998 ], [ -115.25860440000001, 36.184670999799998 ], [ -115.25860440000001, 36.184673699800001 ], [ -115.2586179, 36.184673699800001 ], [ -115.2586179, 36.184676399799997 ], [ -115.2586233, 36.184676399799997 ], [ -115.2586233, 36.1846790998 ], [ -115.258626, 36.1846790998 ], [ -115.258626, 36.184681799799996 ], [ -115.2586287, 36.184681799799996 ], [ -115.2586287, 36.184684499799999 ], [ -115.2586314, 36.184684499799999 ], [ -115.2586314, 36.184687199800003 ], [ -115.2586341, 36.184687199800003 ], [ -115.2586341, 36.184689899799999 ], [ -115.2586368, 36.184689899799999 ], [ -115.2586368, 36.184692599800002 ], [ -115.2586422, 36.184692599800002 ], [ -115.2586422, 36.184695299799998 ], [ -115.2586449, 36.184695299799998 ], [ -115.2586449, 36.184697999800001 ], [ -115.2586476, 36.184697999800001 ], [ -115.2586476, 36.184700699799997 ], [ -115.2586503, 36.184700699799997 ], [ -115.2586503, 36.1847033998 ], [ -115.2586557, 36.1847033998 ], [ -115.2586557, 36.184706099800003 ], [ -115.2586611, 36.184706099800003 ], [ -115.2586611, 36.184708799799999 ], [ -115.2586638, 36.184708799799999 ], [ -115.2586638, 36.184711499800002 ], [ -115.2586692, 36.184711499800002 ], [ -115.2586692, 36.184714199799998 ], [ -115.25867190000001, 36.184714199799998 ], [ -115.25867190000001, 36.184716899800001 ], [ -115.2586773, 36.184716899800001 ], [ -115.2586773, 36.184719599799998 ], [ -115.25868, 36.184719599799998 ], [ -115.25868, 36.184724999799997 ], [ -115.2586827, 36.184724999799997 ], [ -115.2586827, 36.1847276998 ], [ -115.2586854, 36.1847276998 ], [ -115.2586854, 36.184733099799999 ], [ -115.2586881, 36.184733099799999 ], [ -115.2586881, 36.184735799800002 ], [ -115.2586935, 36.184735799800002 ], [ -115.2586935, 36.184741199800001 ], [ -115.2586989, 36.184741199800001 ], [ -115.2586989, 36.184743899799997 ], [ -115.2587016, 36.184743899799997 ], [ -115.2587016, 36.1847465998 ], [ -115.258707, 36.1847465998 ], [ -115.258707, 36.184749299799996 ], [ -115.2587124, 36.184749299799996 ], [ -115.2587124, 36.184754699800003 ], [ -115.2587151, 36.184754699800003 ], [ -115.2587151, 36.184757399799999 ], [ -115.2587178, 36.184757399799999 ], [ -115.2587178, 36.184760099800002 ], [ -115.25872050000001, 36.184760099800002 ], [ -115.25872050000001, 36.184762799799998 ], [ -115.2587232, 36.184762799799998 ], [ -115.2587232, 36.184765499800001 ], [ -115.2587259, 36.184765499800001 ], [ -115.2587259, 36.1847708998 ], [ -115.2587286, 36.1847708998 ], [ -115.2587286, 36.184778999800002 ], [ -115.2587313, 36.184778999800002 ], [ -115.2587313, 36.184797899800003 ], [ -115.2587286, 36.184797899800003 ], [ -115.2587286, 36.184800599799999 ], [ -115.2587313, 36.184800599799999 ], [ -115.2587313, 36.184805999799998 ], [ -115.258734, 36.184805999799998 ], [ -115.258734, 36.184811399799997 ], [ -115.2587367, 36.184811399799997 ], [ -115.2587367, 36.184814099800001 ], [ -115.25873940000001, 36.184814099800001 ], [ -115.25873940000001, 36.184822199800003 ], [ -115.2587421, 36.184822199800003 ], [ -115.2587421, 36.184824899799999 ], [ -115.2587448, 36.184824899799999 ], [ -115.2587448, 36.184830299799998 ], [ -115.2587475, 36.184830299799998 ], [ -115.2587475, 36.1848383998 ], [ -115.2587448, 36.1848383998 ], [ -115.2587448, 36.184843799799999 ], [ -115.2587421, 36.184843799799999 ], [ -115.2587421, 36.184849199799999 ], [ -115.25873940000001, 36.184849199799999 ], [ -115.25873940000001, 36.184851899800002 ], [ -115.2587367, 36.184851899800002 ], [ -115.2587367, 36.184857299800001 ], [ -115.258734, 36.184857299800001 ], [ -115.258734, 36.184859999799997 ], [ -115.2587313, 36.184859999799997 ], [ -115.2587313, 36.184865399800003 ], [ -115.2587286, 36.184865399800003 ], [ -115.2587286, 36.184868099799999 ], [ -115.2587259, 36.184868099799999 ], [ -115.2587259, 36.184873499799998 ], [ -115.2587232, 36.184873499799998 ], [ -115.2587232, 36.184876199800001 ], [ -115.25872050000001, 36.184876199800001 ], [ -115.25872050000001, 36.184881599800001 ], [ -115.2587178, 36.184881599800001 ], [ -115.2587178, 36.184884299799997 ], [ -115.2587151, 36.184884299799997 ], [ -115.2587151, 36.1848869998 ], [ -115.2587124, 36.1848869998 ], [ -115.2587124, 36.184889699800003 ], [ -115.258707, 36.184889699800003 ], [ -115.258707, 36.184892399799999 ], [ -115.2586989, 36.184892399799999 ], [ -115.2586989, 36.184895099800002 ], [ -115.2586935, 36.184895099800002 ], [ -115.2586935, 36.184897799799998 ], [ -115.2586854, 36.184897799799998 ], [ -115.2586854, 36.184900499800001 ], [ -115.25868, 36.184900499800001 ], [ -115.25868, 36.184903199799997 ], [ -115.2586746, 36.184903199799997 ], [ -115.2586746, 36.1849058998 ], [ -115.2586692, 36.1849058998 ], [ -115.2586692, 36.184908599800004 ], [ -115.2586638, 36.184908599800004 ], [ -115.2586638, 36.1849112998 ], [ -115.2586584, 36.1849112998 ], [ -115.2586584, 36.184913999800003 ], [ -115.2586557, 36.184913999800003 ], [ -115.2586557, 36.184916699799999 ] ] ] } },
{ "type": "Feature", "properties": { "value": 255.0 }, "geometry": { "type": "Polygon", "coordinates": [ [ [ -115.2588906, 36.184606199800001 ], [ -115.2588258, 36.184606199800001 ], [ -115.2588258, 36.184603499799998 ], [ -115.25880690000001, 36.184603499799998 ], [ -115.25880690000001, 36.184600799800002 ], [ -115.2587988, 36.184600799800002 ], [ -115.2587988, 36.184598099799999 ], [ -115.2587745, 36.184598099799999 ], [ -115.2587745, 36.184600799800002 ], [ -115.2587664, 36.184600799800002 ], [ -115.2587664, 36.184598099799999 ], [ -115.258761, 36.184598099799999 ], [ -115.258761, 36.184595399800003 ], [ -115.2587583, 36.184595399800003 ], [ -115.2587583, 36.184576499800002 ], [ -115.2587556, 36.184576499800002 ], [ -115.2587556, 36.184535999799998 ], [ -115.2587583, 36.184535999799998 ], [ -115.2587583, 36.184530599799999 ], [ -115.2587637, 36.184530599799999 ], [ -115.2587637, 36.184527899800003 ], [ -115.2587691, 36.184527899800003 ], [ -115.2587691, 36.184522499799996 ], [ -115.2587718, 36.184522499799996 ], [ -115.2587718, 36.1845197998 ], [ -115.2587745, 36.1845197998 ], [ -115.2587745, 36.184511699799998 ], [ -115.2587772, 36.184511699799998 ], [ -115.2587772, 36.184508999800002 ], [ -115.2587826, 36.184508999800002 ], [ -115.2587826, 36.184506299799999 ], [ -115.2587853, 36.184506299799999 ], [ -115.2587853, 36.1845008998 ], [ -115.258788, 36.1845008998 ], [ -115.258788, 36.184498199799997 ], [ -115.2587907, 36.184498199799997 ], [ -115.2587907, 36.184492799799997 ], [ -115.2587934, 36.184492799799997 ], [ -115.2587934, 36.184479299799996 ], [ -115.2587907, 36.184479299799996 ], [ -115.2587907, 36.184473899799997 ], [ -115.258788, 36.184473899799997 ], [ -115.258788, 36.184468499799998 ], [ -115.2587853, 36.184468499799998 ], [ -115.2587853, 36.184457699799999 ], [ -115.2590013, 36.184457699799999 ], [ -115.2590013, 36.184460399800003 ], [ -115.2589986, 36.184460399800003 ], [ -115.2589986, 36.184463099799999 ], [ -115.2590013, 36.184463099799999 ], [ -115.2590013, 36.184468499799998 ], [ -115.2589986, 36.184468499799998 ], [ -115.2589986, 36.1844765998 ], [ -115.2589959, 36.1844765998 ], [ -115.2589959, 36.184479299799996 ], [ -115.25899050000001, 36.184479299799996 ], [ -115.25899050000001, 36.1844765998 ], [ -115.2589878, 36.1844765998 ], [ -115.2589878, 36.184479299799996 ], [ -115.2589743, 36.184479299799996 ], [ -115.2589743, 36.184481999799999 ], [ -115.25897160000001, 36.184481999799999 ], [ -115.25897160000001, 36.184484699800002 ], [ -115.2589689, 36.184484699800002 ], [ -115.2589689, 36.184535999799998 ], [ -115.2589662, 36.184535999799998 ], [ -115.2589662, 36.184538699800001 ], [ -115.2589635, 36.184538699800001 ], [ -115.2589635, 36.184541399799997 ], [ -115.2589608, 36.184541399799997 ], [ -115.2589608, 36.1845440998 ], [ -115.2589581, 36.1845440998 ], [ -115.2589581, 36.184554899799998 ], [ -115.2589608, 36.184554899799998 ], [ -115.2589608, 36.184573799799999 ], [ -115.2589581, 36.184573799799999 ], [ -115.2589581, 36.184579199799998 ], [ -115.2589554, 36.184579199799998 ], [ -115.2589554, 36.1845872998 ], [ -115.2589527, 36.1845872998 ], [ -115.2589527, 36.1845926998 ], [ -115.25895, 36.1845926998 ], [ -115.25895, 36.184598099799999 ], [ -115.2589446, 36.184598099799999 ], [ -115.2589446, 36.184600799800002 ], [ -115.2589311, 36.184600799800002 ], [ -115.2589311, 36.184603499799998 ], [ -115.2588906, 36.184603499799998 ], [ -115.2588906, 36.184606199800001 ] ] ] } }
]
}
