{
"type": "FeatureCollection",
"crs": { "type": "name", "properties": { "name": "urn:ogc:def:crs:OGC:1.3:CRS84" } },
"features": [
{ "type": "Feature", "properties": { "value": 255.0 }, "geometry": { "type": "Polygon", "coordinates": [ [ [ -115.1553078, 36.221288399899997 ], [ -115.15528350000001, 36.221288399899997 ], [ -115.15528350000001, 36.221282999899998 ], [ -115.1552808, 36.221282999899998 ], [ -115.1552808, 36.221280299899995 ], [ -115.15528350000001, 36.221280299899995 ], [ -115.15528350000001, 36.221269499899996 ], [ -115.1553078, 36.221269499899996 ], [ -115.1553078, 36.2212721999 ], [ -115.1553105, 36.2212721999 ], [ -115.1553105, 36.221285699899994 ], [ -115.1553078, 36.221285699899994 ], [ -115.1553078, 36.221288399899997 ] ] ] } },
{ "type": "Feature", "properties": { "value": 255.0 }, "geometry": { "type": "Polygon", "coordinates": [ [ [ -115.1556885, 36.221274899899996 ], [ -115.1556588, 36.221274899899996 ], [ -115.1556588, 36.2212721999 ], [ -115.1556561, 36.2212721999 ], [ -115.1556561, 36.221255999899995 ], [ -115.1556588, 36.221255999899995 ], [ -115.1556588, 36.221253299899999 ], [ -115.1556885, 36.221253299899999 ], [ -115.1556885, 36.221261399899994 ], [ -115.1556912, 36.221261399899994 ], [ -115.1556912, 36.221269499899996 ], [ -115.1556885, 36.221269499899996 ], [ -115.1556885, 36.221274899899996 ] ] ] } },
{ "type": "Feature", "properties": { "value": 255.0 }, "geometry": { "type": "Polygon", "coordinates": [ [ [ -115.1550486, 36.221282999899998 ], [ -115.1550432, 36.221282999899998 ], [ -115.1550432, 36.221280299899995 ], [ -115.1550243, 36.221280299899995 ], [ -115.1550243, 36.221274899899996 ], [ -115.1550216, 36.221274899899996 ], [ -115.1550216, 36.221261399899994 ], [ -115.1550243, 36.221261399899994 ], [ -115.1550243, 36.221253299899999 ], [ -115.155051300000011, 36.221253299899999 ], [ -115.155051300000011, 36.221264099899997 ], [ -115.155054, 36.221264099899997 ], [ -115.155054, 36.221269499899996 ], [ -115.155051300000011, 36.221269499899996 ], [ -115.155051300000011, 36.221280299899995 ], [ -115.1550486, 36.221280299899995 ], [ -115.1550486, 36.221282999899998 ] ] ] } },
{ "type": "Feature", "properties": { "value": 255.0 }, "geometry": { "type": "Polygon", "coordinates": [ [ [ -115.1565876, 36.221312699899997 ], [ -115.1565606, 36.221312699899997 ], [ -115.1565606, 36.221309999899994 ], [ -115.156563299999988, 36.221309999899994 ], [ -115.156563299999988, 36.221304599899995 ], [ -115.1565606, 36.221304599899995 ], [ -115.1565606, 36.221280299899995 ], [ -115.1565579, 36.221280299899995 ], [ -115.1565579, 36.221277599899999 ], [ -115.1565552, 36.221277599899999 ], [ -115.1565552, 36.221274899899996 ], [ -115.156552499999989, 36.221274899899996 ], [ -115.156552499999989, 36.2212721999 ], [ -115.1565471, 36.2212721999 ], [ -115.1565471, 36.221269499899996 ], [ -115.1565444, 36.221269499899996 ], [ -115.1565444, 36.221261399899994 ], [ -115.1565417, 36.221261399899994 ], [ -115.1565417, 36.221234399899998 ], [ -115.156539, 36.221234399899998 ], [ -115.156539, 36.221210099899999 ], [ -115.1565363, 36.221210099899999 ], [ -115.1565363, 36.221177699899997 ], [ -115.1565417, 36.221177699899997 ], [ -115.1565417, 36.221174999900001 ], [ -115.1565579, 36.221174999900001 ], [ -115.1565579, 36.221172299899997 ], [ -115.1565795, 36.221172299899997 ], [ -115.1565795, 36.221174999900001 ], [ -115.1565849, 36.221174999900001 ], [ -115.1565849, 36.221172299899997 ], [ -115.1565876, 36.221172299899997 ], [ -115.1565876, 36.221312699899997 ] ] ] } },
{ "type": "Feature", "properties": { "value": 255.0 }, "geometry": { "type": "Polygon", "coordinates": [ [ [ -115.1562609, 36.221215499899998 ], [ -115.1562528, 36.221215499899998 ], [ -115.1562528, 36.221212799899995 ], [ -115.1561961, 36.221212799899995 ], [ -115.1561961, 36.221210099899999 ], [ -115.1561313, 36.221210099899999 ], [ -115.1561313, 36.221207399899995 ], [ -115.1561259, 36.221207399899995 ], [ -115.1561259, 36.2211992999 ], [ -115.1561232, 36.2211992999 ], [ -115.1561232, 36.221177699899997 ], [ -115.1561259, 36.221177699899997 ], [ -115.1561259, 36.221164199899995 ], [ -115.1561232, 36.221164199899995 ], [ -115.1561232, 36.221161499899999 ], [ -115.1560989, 36.221161499899999 ], [ -115.1560989, 36.221158799899996 ], [ -115.1560962, 36.221158799899996 ], [ -115.1560962, 36.221115599899996 ], [ -115.1560989, 36.221115599899996 ], [ -115.1560989, 36.221102099899994 ], [ -115.1561016, 36.221102099899994 ], [ -115.1561016, 36.221099399899998 ], [ -115.1561151, 36.221099399899998 ], [ -115.1561151, 36.221102099899994 ], [ -115.1561637, 36.221102099899994 ], [ -115.1561637, 36.221104799899997 ], [ -115.1561934, 36.221104799899997 ], [ -115.1561934, 36.2211074999 ], [ -115.1562123, 36.2211074999 ], [ -115.1562123, 36.221110199899996 ], [ -115.156215, 36.221110199899996 ], [ -115.156215, 36.221134499899996 ], [ -115.1562177, 36.221134499899996 ], [ -115.1562177, 36.221137199899999 ], [ -115.1562663, 36.221137199899999 ], [ -115.1562663, 36.221139899899995 ], [ -115.156269, 36.221139899899995 ], [ -115.156269, 36.221142599899999 ], [ -115.1562717, 36.221142599899999 ], [ -115.1562717, 36.221169599899994 ], [ -115.156269, 36.221169599899994 ], [ -115.156269, 36.221196599899997 ], [ -115.1562663, 36.221196599899997 ], [ -115.1562663, 36.221210099899999 ], [ -115.1562636, 36.221210099899999 ], [ -115.1562636, 36.221212799899995 ], [ -115.1562609, 36.221212799899995 ], [ -115.1562609, 36.221215499899998 ] ] ] } },
{ "type": "Feature", "properties": { "value": 255.0 }, "geometry": { "type": "Polygon", "coordinates": [ [ [ -115.156026, 36.221196599899997 ], [ -115.1560152, 36.221196599899997 ], [ -115.1560152, 36.221193899899994 ], [ -115.1559828, 36.221193899899994 ], [ -115.1559828, 36.221191199899998 ], [ -115.1559504, 36.221191199899998 ], [ -115.1559504, 36.221188499899995 ], [ -115.1559045, 36.221188499899995 ], [ -115.1559045, 36.221185799899999 ], [ -115.1558937, 36.221185799899999 ], [ -115.1558937, 36.221183099899996 ], [ -115.155891, 36.221183099899996 ], [ -115.155891, 36.221110199899996 ], [ -115.1558937, 36.221110199899996 ], [ -115.1558937, 36.2211074999 ], [ -115.1558964, 36.2211074999 ], [ -115.1558964, 36.221104799899997 ], [ -115.1559099, 36.221104799899997 ], [ -115.1559099, 36.2211074999 ], [ -115.155918, 36.2211074999 ], [ -115.155918, 36.221104799899997 ], [ -115.1559234, 36.221104799899997 ], [ -115.1559234, 36.221099399899998 ], [ -115.1559261, 36.221099399899998 ], [ -115.1559261, 36.221096699899995 ], [ -115.1559315, 36.221096699899995 ], [ -115.1559315, 36.221093999899999 ], [ -115.1559666, 36.221093999899999 ], [ -115.1559666, 36.221091299899996 ], [ -115.1560098, 36.221091299899996 ], [ -115.1560098, 36.221093999899999 ], [ -115.1560368, 36.221093999899999 ], [ -115.1560368, 36.221096699899995 ], [ -115.1560395, 36.221096699899995 ], [ -115.1560395, 36.221099399899998 ], [ -115.1560422, 36.221099399899998 ], [ -115.1560422, 36.221102099899994 ], [ -115.1560449, 36.221102099899994 ], [ -115.1560449, 36.221104799899997 ], [ -115.1560692, 36.221104799899997 ], [ -115.1560692, 36.221129099899997 ], [ -115.1560665, 36.221129099899997 ], [ -115.1560665, 36.221145299899995 ], [ -115.1560638, 36.221145299899995 ], [ -115.1560638, 36.221153399899997 ], [ -115.1560611, 36.221153399899997 ], [ -115.1560611, 36.2211560999 ], [ -115.1560422, 36.2211560999 ], [ -115.1560422, 36.221158799899996 ], [ -115.1560395, 36.221158799899996 ], [ -115.1560395, 36.221161499899999 ], [ -115.1560368, 36.221161499899999 ], [ -115.1560368, 36.221166899899998 ], [ -115.1560341, 36.221166899899998 ], [ -115.1560341, 36.221177699899997 ], [ -115.1560314, 36.221177699899997 ], [ -115.1560314, 36.221191199899998 ], [ -115.1560287, 36.221191199899998 ], [ -115.1560287, 36.221193899899994 ], [ -115.156026, 36.221193899899994 ], [ -115.156026, 36.221196599899997 ] ] ] } },
{ "type": "Feature", "properties": { "value": 255.0 }, "geometry": { "type": "Polygon", "coordinates": [ [ [ -115.1558127, 36.221242499899994 ], [ -115.1557587, 36.221242499899994 ], [ -115.1557587, 36.221239799899998 ], [ -115.1557182, 36.221239799899998 ], [ -115.1557182, 36.221237099899994 ], [ -115.1557128, 36.221237099899994 ], [ -115.1557128, 36.221204699899999 ], [ -115.1557101, 36.221204699899999 ], [ -115.1557101, 36.221201999899996 ], [ -115.1556777, 36.221201999899996 ], [ -115.1556777, 36.2211992999 ], [ -115.155675, 36.2211992999 ], [ -115.155675, 36.221153399899997 ], [ -115.1556777, 36.221153399899997 ], [ -115.1556777, 36.221126399899994 ], [ -115.1556804, 36.221126399899994 ], [ -115.1556804, 36.2211074999 ], [ -115.1556831, 36.2211074999 ], [ -115.1556831, 36.221061599899997 ], [ -115.1556858, 36.221061599899997 ], [ -115.1556858, 36.221058899900001 ], [ -115.1557155, 36.221058899900001 ], [ -115.1557155, 36.221061599899997 ], [ -115.1557803, 36.221061599899997 ], [ -115.1557803, 36.2210642999 ], [ -115.1558019, 36.2210642999 ], [ -115.1558019, 36.221066999899996 ], [ -115.1558127, 36.221066999899996 ], [ -115.1558127, 36.2210642999 ], [ -115.1558262, 36.2210642999 ], [ -115.1558262, 36.221066999899996 ], [ -115.155837, 36.221066999899996 ], [ -115.155837, 36.221096699899995 ], [ -115.1558397, 36.221096699899995 ], [ -115.1558397, 36.221110199899996 ], [ -115.155837, 36.221110199899996 ], [ -115.155837, 36.221139899899995 ], [ -115.1558343, 36.221139899899995 ], [ -115.1558343, 36.221150699899994 ], [ -115.1558316, 36.221150699899994 ], [ -115.1558316, 36.221158799899996 ], [ -115.1558289, 36.221158799899996 ], [ -115.1558289, 36.2211803999 ], [ -115.1558262, 36.2211803999 ], [ -115.1558262, 36.221193899899994 ], [ -115.1558235, 36.221193899899994 ], [ -115.1558235, 36.221204699899999 ], [ -115.1558208, 36.221204699899999 ], [ -115.1558208, 36.221210099899999 ], [ -115.1558181, 36.221210099899999 ], [ -115.1558181, 36.221215499899998 ], [ -115.1558154, 36.221215499899998 ], [ -115.1558154, 36.2212235999 ], [ -115.1558127, 36.2212235999 ], [ -115.1558127, 36.221242499899994 ] ] ] } },
{ "type": "Feature", "properties": { "value": 255.0 }, "geometry": { "type": "Polygon", "coordinates": [ [ [ -115.1556102, 36.221218199899994 ], [ -115.1555832, 36.221218199899994 ], [ -115.1555832, 36.221215499899998 ], [ -115.1555454, 36.221215499899998 ], [ -115.1555454, 36.221212799899995 ], [ -115.1554941, 36.221212799899995 ], [ -115.1554941, 36.221210099899999 ], [ -115.1554914, 36.221210099899999 ], [ -115.1554914, 36.221191199899998 ], [ -115.1554887, 36.221191199899998 ], [ -115.1554887, 36.221183099899996 ], [ -115.1554914, 36.221183099899996 ], [ -115.1554914, 36.221150699899994 ], [ -115.1554941, 36.221150699899994 ], [ -115.1554941, 36.221129099899997 ], [ -115.1554968, 36.221129099899997 ], [ -115.1554968, 36.221110199899996 ], [ -115.1554995, 36.221110199899996 ], [ -115.1554995, 36.221083199900001 ], [ -115.1555022, 36.221083199900001 ], [ -115.1555022, 36.221042699899996 ], [ -115.1555454, 36.221042699899996 ], [ -115.1555454, 36.221045399899999 ], [ -115.1555697, 36.221045399899999 ], [ -115.1555697, 36.221048099899996 ], [ -115.1555832, 36.221048099899996 ], [ -115.1555832, 36.221050799899999 ], [ -115.1556075, 36.221050799899999 ], [ -115.1556075, 36.221053499899995 ], [ -115.1556507, 36.221053499899995 ], [ -115.1556507, 36.221056199899998 ], [ -115.1556534, 36.221056199899998 ], [ -115.1556534, 36.221058899900001 ], [ -115.1556561, 36.221058899900001 ], [ -115.1556561, 36.221110199899996 ], [ -115.1556534, 36.221110199899996 ], [ -115.1556534, 36.221126399899994 ], [ -115.1556507, 36.221126399899994 ], [ -115.1556507, 36.221139899899995 ], [ -115.155648, 36.221139899899995 ], [ -115.155648, 36.221147999899998 ], [ -115.1556453, 36.221147999899998 ], [ -115.1556453, 36.221191199899998 ], [ -115.1556426, 36.221191199899998 ], [ -115.1556426, 36.221196599899997 ], [ -115.1556129, 36.221196599899997 ], [ -115.1556129, 36.221215499899998 ], [ -115.1556102, 36.221215499899998 ], [ -115.1556102, 36.221218199899994 ] ] ] } },
{ "type": "Feature", "properties": { "value": 255.0 }, "geometry": { "type": "Polygon", "coordinates": [ [ [ -115.15501350000001, 36.221169599899994 ], [ -115.1548542, 36.221169599899994 ], [ -115.1548542, 36.221166899899998 ], [ -115.154848800000011, 36.221166899899998 ], [ -115.154848800000011, 36.221164199899995 ], [ -115.1548461, 36.221164199899995 ], [ -115.1548461, 36.221153399899997 ], [ -115.1548434, 36.221153399899997 ], [ -115.1548434, 36.221083199900001 ], [ -115.1548461, 36.221083199900001 ], [ -115.1548461, 36.221080499899998 ], [ -115.1548434, 36.221080499899998 ], [ -115.1548434, 36.221066999899996 ], [ -115.1548461, 36.221066999899996 ], [ -115.1548461, 36.221026499899999 ], [ -115.154848800000011, 36.221026499899999 ], [ -115.154848800000011, 36.221023799899996 ], [ -115.1549136, 36.221023799899996 ], [ -115.1549136, 36.221026499899999 ], [ -115.1549217, 36.221026499899999 ], [ -115.1549217, 36.221029199899995 ], [ -115.1549433, 36.221029199899995 ], [ -115.1549433, 36.221031899899998 ], [ -115.1550189, 36.221031899899998 ], [ -115.1550189, 36.221034599899994 ], [ -115.1550216, 36.221034599899994 ], [ -115.1550216, 36.221164199899995 ], [ -115.1550189, 36.221164199899995 ], [ -115.1550189, 36.221166899899998 ], [ -115.15501350000001, 36.221166899899998 ], [ -115.15501350000001, 36.221169599899994 ] ] ] } },
{ "type": "Feature", "properties": { "value": 255.0 }, "geometry": { "type": "Polygon", "coordinates": [ [ [ -115.156566, 36.221153399899997 ], [ -115.1565552, 36.221153399899997 ], [ -115.1565552, 36.221150699899994 ], [ -115.156552499999989, 36.221150699899994 ], [ -115.156552499999989, 36.221153399899997 ], [ -115.1565498, 36.221153399899997 ], [ -115.1565498, 36.221150699899994 ], [ -115.1565417, 36.221150699899994 ], [ -115.1565417, 36.221147999899998 ], [ -115.156539, 36.221147999899998 ], [ -115.156539, 36.221137199899999 ], [ -115.1565363, 36.221137199899999 ], [ -115.1565363, 36.221091299899996 ], [ -115.156533599999989, 36.221091299899996 ], [ -115.156533599999989, 36.221083199900001 ], [ -115.1565309, 36.221083199900001 ], [ -115.1565309, 36.221080499899998 ], [ -115.1565282, 36.221080499899998 ], [ -115.1565282, 36.221061599899997 ], [ -115.1565255, 36.221061599899997 ], [ -115.1565255, 36.221029199899995 ], [ -115.1565282, 36.221029199899995 ], [ -115.1565282, 36.221026499899999 ], [ -115.1565849, 36.221026499899999 ], [ -115.1565849, 36.221023799899996 ], [ -115.1565876, 36.221023799899996 ], [ -115.1565876, 36.221150699899994 ], [ -115.156566, 36.221150699899994 ], [ -115.156566, 36.221153399899997 ] ] ] } },
{ "type": "Feature", "properties": { "value": 255.0 }, "geometry": { "type": "Polygon", "coordinates": [ [ [ -115.155378, 36.221207399899995 ], [ -115.1553726, 36.221207399899995 ], [ -115.1553726, 36.221204699899999 ], [ -115.1553645, 36.221204699899999 ], [ -115.1553645, 36.221207399899995 ], [ -115.155351, 36.221207399899995 ], [ -115.155351, 36.221204699899999 ], [ -115.1553483, 36.221204699899999 ], [ -115.1553483, 36.221191199899998 ], [ -115.155351, 36.221191199899998 ], [ -115.155351, 36.2211803999 ], [ -115.1553483, 36.2211803999 ], [ -115.1553483, 36.221177699899997 ], [ -115.1552889, 36.221177699899997 ], [ -115.1552889, 36.221174999900001 ], [ -115.15528350000001, 36.221174999900001 ], [ -115.15528350000001, 36.221172299899997 ], [ -115.1552808, 36.221172299899997 ], [ -115.1552808, 36.221123699899998 ], [ -115.15528350000001, 36.221123699899998 ], [ -115.15528350000001, 36.221096699899995 ], [ -115.1552781, 36.221096699899995 ], [ -115.1552781, 36.221093999899999 ], [ -115.15527, 36.221093999899999 ], [ -115.15527, 36.221091299899996 ], [ -115.1552673, 36.221091299899996 ], [ -115.1552673, 36.221083199900001 ], [ -115.15527, 36.221083199900001 ], [ -115.15527, 36.221058899900001 ], [ -115.1552673, 36.221058899900001 ], [ -115.1552673, 36.221034599899994 ], [ -115.1553375, 36.221034599899994 ], [ -115.1553375, 36.221031899899998 ], [ -115.1553537, 36.221031899899998 ], [ -115.1553537, 36.221034599899994 ], [ -115.1554347, 36.221034599899994 ], [ -115.1554347, 36.221037299899997 ], [ -115.1554374, 36.221037299899997 ], [ -115.1554374, 36.221042699899996 ], [ -115.1554401, 36.221042699899996 ], [ -115.1554401, 36.221077799899994 ], [ -115.1554428, 36.221077799899994 ], [ -115.1554428, 36.221093999899999 ], [ -115.1554401, 36.221093999899999 ], [ -115.1554401, 36.221123699899998 ], [ -115.1554374, 36.221123699899998 ], [ -115.1554374, 36.221169599899994 ], [ -115.1554347, 36.221169599899994 ], [ -115.1554347, 36.2211803999 ], [ -115.155378, 36.2211803999 ], [ -115.155378, 36.221185799899999 ], [ -115.1553807, 36.221185799899999 ], [ -115.1553807, 36.221191199899998 ], [ -115.1553834, 36.221191199899998 ], [ -115.1553834, 36.221201999899996 ], [ -115.1553807, 36.221201999899996 ], [ -115.1553807, 36.221204699899999 ], [ -115.155378, 36.221204699899999 ], [ -115.155378, 36.221207399899995 ] ] ] } },
{ "type": "Feature", "properties": { "value": 255.0 }, "geometry": { "type": "Polygon", "coordinates": [ [ [ -115.1552268, 36.221174999900001 ], [ -115.1552052, 36.221174999900001 ], [ -115.1552052, 36.221172299899997 ], [ -115.1550972, 36.221172299899997 ], [ -115.1550972, 36.221169599899994 ], [ -115.1550594, 36.221169599899994 ], [ -115.1550594, 36.221166899899998 ], [ -115.155054, 36.221166899899998 ], [ -115.155054, 36.2211317999 ], [ -115.1550567, 36.2211317999 ], [ -115.1550567, 36.221099399899998 ], [ -115.1550594, 36.221099399899998 ], [ -115.1550594, 36.221034599899994 ], [ -115.1550621, 36.221034599899994 ], [ -115.1550621, 36.221031899899998 ], [ -115.1551107, 36.221031899899998 ], [ -115.1551107, 36.221034599899994 ], [ -115.1551404, 36.221034599899994 ], [ -115.1551404, 36.221031899899998 ], [ -115.1551593, 36.221031899899998 ], [ -115.1551593, 36.221034599899994 ], [ -115.155162, 36.221034599899994 ], [ -115.155162, 36.221031899899998 ], [ -115.1552106, 36.221031899899998 ], [ -115.1552106, 36.221029199899995 ], [ -115.1552349, 36.221029199899995 ], [ -115.1552349, 36.221031899899998 ], [ -115.1552376, 36.221031899899998 ], [ -115.1552376, 36.221061599899997 ], [ -115.1552349, 36.221061599899997 ], [ -115.1552349, 36.2211128999 ], [ -115.1552322, 36.2211128999 ], [ -115.1552322, 36.221169599899994 ], [ -115.1552295, 36.221169599899994 ], [ -115.1552295, 36.221172299899997 ], [ -115.1552268, 36.221172299899997 ], [ -115.1552268, 36.221174999900001 ] ] ] } },
{ "type": "Feature", "properties": { "value": 255.0 }, "geometry": { "type": "Polygon", "coordinates": [ [ [ -115.1565741, 36.220983299899999 ], [ -115.1565714, 36.220983299899999 ], [ -115.1565714, 36.220980599899995 ], [ -115.156563299999988, 36.220980599899995 ], [ -115.156563299999988, 36.220983299899999 ], [ -115.1565363, 36.220983299899999 ], [ -115.1565363, 36.220980599899995 ], [ -115.156533599999989, 36.220980599899995 ], [ -115.156533599999989, 36.220950899899997 ], [ -115.1565309, 36.220950899899997 ], [ -115.1565309, 36.220931999899996 ], [ -115.1565282, 36.220931999899996 ], [ -115.1565282, 36.220923899900001 ], [ -115.1565255, 36.220923899900001 ], [ -115.1565255, 36.2209049999 ], [ -115.1565228, 36.2209049999 ], [ -115.1565228, 36.220896899899998 ], [ -115.1565201, 36.220896899899998 ], [ -115.1565201, 36.220894199899995 ], [ -115.1565228, 36.220894199899995 ], [ -115.1565228, 36.220891499899999 ], [ -115.1565201, 36.220891499899999 ], [ -115.1565201, 36.2208617999 ], [ -115.1565174, 36.2208617999 ], [ -115.1565174, 36.220845599899995 ], [ -115.1565201, 36.220845599899995 ], [ -115.1565201, 36.220842899899999 ], [ -115.1565498, 36.220842899899999 ], [ -115.1565498, 36.220840199899996 ], [ -115.1565849, 36.220840199899996 ], [ -115.1565849, 36.2208374999 ], [ -115.1565876, 36.2208374999 ], [ -115.1565876, 36.220980599899995 ], [ -115.1565741, 36.220980599899995 ], [ -115.1565741, 36.220983299899999 ] ] ] } },
{ "type": "Feature", "properties": { "value": 255.0 }, "geometry": { "type": "Polygon", "coordinates": [ [ [ -115.1560287, 36.220869899899995 ], [ -115.1560125, 36.220869899899995 ], [ -115.1560125, 36.220867199899999 ], [ -115.1559882, 36.220867199899999 ], [ -115.1559882, 36.220864499899996 ], [ -115.1559396, 36.220864499899996 ], [ -115.1559396, 36.220867199899999 ], [ -115.1559342, 36.220867199899999 ], [ -115.1559342, 36.220864499899996 ], [ -115.1558883, 36.220864499899996 ], [ -115.1558883, 36.2208617999 ], [ -115.1558802, 36.2208617999 ], [ -115.1558802, 36.220823999899999 ], [ -115.1558829, 36.220823999899999 ], [ -115.1558829, 36.220815899899996 ], [ -115.1558856, 36.220815899899996 ], [ -115.1558856, 36.220783499900001 ], [ -115.1558883, 36.220783499900001 ], [ -115.1558883, 36.220761899899998 ], [ -115.155891, 36.220761899899998 ], [ -115.155891, 36.220732199899999 ], [ -115.1558937, 36.220732199899999 ], [ -115.1558937, 36.2207267999 ], [ -115.155891, 36.2207267999 ], [ -115.155891, 36.2207213999 ], [ -115.1558937, 36.2207213999 ], [ -115.1558937, 36.220718699899997 ], [ -115.1558964, 36.220718699899997 ], [ -115.1558964, 36.220715999900001 ], [ -115.1559423, 36.220715999900001 ], [ -115.1559423, 36.220718699899997 ], [ -115.155972, 36.220718699899997 ], [ -115.155972, 36.2207213999 ], [ -115.1559882, 36.2207213999 ], [ -115.1559882, 36.220724099899996 ], [ -115.1560071, 36.220724099899996 ], [ -115.1560071, 36.2207267999 ], [ -115.1560422, 36.2207267999 ], [ -115.1560422, 36.220729499899996 ], [ -115.1560476, 36.220729499899996 ], [ -115.1560476, 36.220775399899999 ], [ -115.1560449, 36.220775399899999 ], [ -115.1560449, 36.220786199899997 ], [ -115.1560422, 36.220786199899997 ], [ -115.1560422, 36.220796999899996 ], [ -115.1560395, 36.220796999899996 ], [ -115.1560395, 36.2208131999 ], [ -115.1560368, 36.2208131999 ], [ -115.1560368, 36.220823999899999 ], [ -115.1560341, 36.220823999899999 ], [ -115.1560341, 36.220850999900001 ], [ -115.1560314, 36.220850999900001 ], [ -115.1560314, 36.220864499899996 ], [ -115.1560287, 36.220864499899996 ], [ -115.1560287, 36.220869899899995 ] ] ] } },
{ "type": "Feature", "properties": { "value": 255.0 }, "geometry": { "type": "Polygon", "coordinates": [ [ [ -115.1562285, 36.220883399899996 ], [ -115.156215, 36.220883399899996 ], [ -115.156215, 36.2208806999 ], [ -115.1562042, 36.2208806999 ], [ -115.1562042, 36.220877999899997 ], [ -115.1561961, 36.220877999899997 ], [ -115.1561961, 36.220875299900001 ], [ -115.1561907, 36.220875299900001 ], [ -115.1561907, 36.220872599899998 ], [ -115.1561853, 36.220872599899998 ], [ -115.1561853, 36.220869899899995 ], [ -115.1561394, 36.220869899899995 ], [ -115.1561394, 36.220872599899998 ], [ -115.1561313, 36.220872599899998 ], [ -115.1561313, 36.220875299900001 ], [ -115.1561016, 36.220875299900001 ], [ -115.1561016, 36.220877999899997 ], [ -115.1560638, 36.220877999899997 ], [ -115.1560638, 36.220875299900001 ], [ -115.1560584, 36.220875299900001 ], [ -115.1560584, 36.220840199899996 ], [ -115.1560611, 36.220840199899996 ], [ -115.1560611, 36.220826699899995 ], [ -115.1560638, 36.220826699899995 ], [ -115.1560638, 36.220810499899997 ], [ -115.1560665, 36.220810499899997 ], [ -115.1560665, 36.2207942999 ], [ -115.1560692, 36.2207942999 ], [ -115.1560692, 36.220780799899998 ], [ -115.1560719, 36.220780799899998 ], [ -115.1560719, 36.220767299899997 ], [ -115.1560746, 36.220767299899997 ], [ -115.1560746, 36.220748399899996 ], [ -115.1560773, 36.220748399899996 ], [ -115.1560773, 36.220734899899995 ], [ -115.15608, 36.220734899899995 ], [ -115.15608, 36.220732199899999 ], [ -115.1561097, 36.220732199899999 ], [ -115.1561097, 36.220734899899995 ], [ -115.1561367, 36.220734899899995 ], [ -115.1561367, 36.220737599899998 ], [ -115.1561556, 36.220737599899998 ], [ -115.1561556, 36.220740299900001 ], [ -115.1561772, 36.220740299900001 ], [ -115.1561772, 36.220742999899997 ], [ -115.1562096, 36.220742999899997 ], [ -115.1562096, 36.2207456999 ], [ -115.156242, 36.2207456999 ], [ -115.156242, 36.220748399899996 ], [ -115.1562474, 36.220748399899996 ], [ -115.1562474, 36.220751099899999 ], [ -115.1562501, 36.220751099899999 ], [ -115.1562501, 36.2207699999 ], [ -115.1562474, 36.2207699999 ], [ -115.1562474, 36.220796999899996 ], [ -115.1562447, 36.220796999899996 ], [ -115.1562447, 36.220810499899997 ], [ -115.156242, 36.220810499899997 ], [ -115.156242, 36.220826699899995 ], [ -115.1562393, 36.220826699899995 ], [ -115.1562393, 36.220840199899996 ], [ -115.1562366, 36.220840199899996 ], [ -115.1562366, 36.220850999900001 ], [ -115.1562339, 36.220850999900001 ], [ -115.1562339, 36.220872599899998 ], [ -115.1562312, 36.220872599899998 ], [ -115.1562312, 36.2208806999 ], [ -115.1562285, 36.2208806999 ], [ -115.1562285, 36.220883399899996 ] ] ] } },
{ "type": "Feature", "properties": { "value": 255.0 }, "geometry": { "type": "Polygon", "coordinates": [ [ [ -115.1558046, 36.220850999900001 ], [ -115.1557479, 36.220850999900001 ], [ -115.1557479, 36.220848299899998 ], [ -115.1557398, 36.220848299899998 ], [ -115.1557398, 36.220845599899995 ], [ -115.1557344, 36.220845599899995 ], [ -115.1557344, 36.220842899899999 ], [ -115.1557263, 36.220842899899999 ], [ -115.1557263, 36.220840199899996 ], [ -115.1556912, 36.220840199899996 ], [ -115.1556912, 36.2208374999 ], [ -115.1556588, 36.2208374999 ], [ -115.1556588, 36.220834799899997 ], [ -115.1556561, 36.220834799899997 ], [ -115.1556561, 36.220791599899997 ], [ -115.1556588, 36.220791599899997 ], [ -115.1556588, 36.220764599900001 ], [ -115.1556615, 36.220764599900001 ], [ -115.1556615, 36.220724099899996 ], [ -115.1556642, 36.220724099899996 ], [ -115.1556642, 36.2207213999 ], [ -115.1556615, 36.2207213999 ], [ -115.1556615, 36.220715999900001 ], [ -115.1556642, 36.220715999900001 ], [ -115.1556642, 36.220697099900001 ], [ -115.1556669, 36.220697099900001 ], [ -115.1556669, 36.220694399899998 ], [ -115.1556966, 36.220694399899998 ], [ -115.1556966, 36.220697099900001 ], [ -115.1557533, 36.220697099900001 ], [ -115.1557533, 36.220699799899997 ], [ -115.1557668, 36.220699799899997 ], [ -115.1557668, 36.2207024999 ], [ -115.1558073, 36.2207024999 ], [ -115.1558073, 36.220705199899996 ], [ -115.1558127, 36.220705199899996 ], [ -115.1558127, 36.220715999900001 ], [ -115.1558154, 36.220715999900001 ], [ -115.1558154, 36.220761899899998 ], [ -115.1558127, 36.220761899899998 ], [ -115.1558127, 36.220796999899996 ], [ -115.15581, 36.220796999899996 ], [ -115.15581, 36.220818599899999 ], [ -115.1558073, 36.220818599899999 ], [ -115.1558073, 36.220848299899998 ], [ -115.1558046, 36.220848299899998 ], [ -115.1558046, 36.220850999900001 ] ] ] } },
{ "type": "Feature", "properties": { "value": 255.0 }, "geometry": { "type": "Polygon", "coordinates": [ [ [ -115.1565876, 36.220818599899999 ], [ -115.1565849, 36.220818599899999 ], [ -115.1565849, 36.220815899899996 ], [ -115.1565417, 36.220815899899996 ], [ -115.1565417, 36.220818599899999 ], [ -115.1565174, 36.220818599899999 ], [ -115.1565174, 36.220780799899998 ], [ -115.156514699999988, 36.220780799899998 ], [ -115.156514699999988, 36.220772699899996 ], [ -115.1565174, 36.220772699899996 ], [ -115.1565174, 36.220761899899998 ], [ -115.1565201, 36.220761899899998 ], [ -115.1565201, 36.220729499899996 ], [ -115.1565228, 36.220729499899996 ], [ -115.1565228, 36.2207213999 ], [ -115.1565201, 36.2207213999 ], [ -115.1565201, 36.220699799899997 ], [ -115.1565174, 36.220699799899997 ], [ -115.1565174, 36.220680899899996 ], [ -115.1565201, 36.220680899899996 ], [ -115.1565201, 36.2206781999 ], [ -115.1565363, 36.2206781999 ], [ -115.1565363, 36.220675499899997 ], [ -115.1565876, 36.220675499899997 ], [ -115.1565876, 36.220818599899999 ] ] ] } },
{ "type": "Feature", "properties": { "value": 255.0 }, "geometry": { "type": "Polygon", "coordinates": [ [ [ -115.154867700000011, 36.220802399899995 ], [ -115.1548326, 36.220802399899995 ], [ -115.1548326, 36.220688999899998 ], [ -115.1548434, 36.220688999899998 ], [ -115.1548434, 36.220686299899995 ], [ -115.1548596, 36.220686299899995 ], [ -115.1548596, 36.220683599899999 ], [ -115.154867700000011, 36.220683599899999 ], [ -115.154867700000011, 36.220686299899995 ], [ -115.1548731, 36.220686299899995 ], [ -115.1548731, 36.220688999899998 ], [ -115.1548785, 36.220688999899998 ], [ -115.1548785, 36.220697099900001 ], [ -115.1548812, 36.220697099900001 ], [ -115.1548812, 36.2207024999 ], [ -115.1548839, 36.2207024999 ], [ -115.1548839, 36.220705199899996 ], [ -115.154886600000012, 36.220705199899996 ], [ -115.154886600000012, 36.220707899899999 ], [ -115.15489740000001, 36.220707899899999 ], [ -115.15489740000001, 36.220710599899995 ], [ -115.1549001, 36.220710599899995 ], [ -115.1549001, 36.220713299899998 ], [ -115.1549028, 36.220713299899998 ], [ -115.1549028, 36.2207267999 ], [ -115.154905500000012, 36.2207267999 ], [ -115.154905500000012, 36.220732199899999 ], [ -115.1549028, 36.220732199899999 ], [ -115.1549028, 36.220740299900001 ], [ -115.154905500000012, 36.220740299900001 ], [ -115.154905500000012, 36.220791599899997 ], [ -115.1549028, 36.220791599899997 ], [ -115.1549028, 36.2207942999 ], [ -115.154886600000012, 36.2207942999 ], [ -115.154886600000012, 36.220796999899996 ], [ -115.1548785, 36.220796999899996 ], [ -115.1548785, 36.220799699899999 ], [ -115.154867700000011, 36.220799699899999 ], [ -115.154867700000011, 36.220802399899995 ] ] ] } },
{ "type": "Feature", "properties": { "value": 255.0 }, "geometry": { "type": "Polygon", "coordinates": [ [ [ -115.1556237, 36.220834799899997 ], [ -115.1555832, 36.220834799899997 ], [ -115.1555832, 36.220832099900001 ], [ -115.1555589, 36.220832099900001 ], [ -115.1555589, 36.220829399899998 ], [ -115.1555508, 36.220829399899998 ], [ -115.1555508, 36.220826699899995 ], [ -115.1555481, 36.220826699899995 ], [ -115.1555481, 36.220815899899996 ], [ -115.1555508, 36.220815899899996 ], [ -115.1555508, 36.220805099899998 ], [ -115.1555481, 36.220805099899998 ], [ -115.1555481, 36.220802399899995 ], [ -115.1555454, 36.220802399899995 ], [ -115.1555454, 36.220799699899999 ], [ -115.1555157, 36.220799699899999 ], [ -115.1555157, 36.220796999899996 ], [ -115.1554941, 36.220796999899996 ], [ -115.1554941, 36.220791599899997 ], [ -115.1554914, 36.220791599899997 ], [ -115.1554914, 36.220748399899996 ], [ -115.1554941, 36.220748399899996 ], [ -115.1554941, 36.2207024999 ], [ -115.1554968, 36.2207024999 ], [ -115.1554968, 36.220688999899998 ], [ -115.1555454, 36.220688999899998 ], [ -115.1555454, 36.220691699900001 ], [ -115.1555805, 36.220691699900001 ], [ -115.1555805, 36.220694399899998 ], [ -115.1556264, 36.220694399899998 ], [ -115.1556264, 36.220697099900001 ], [ -115.1556345, 36.220697099900001 ], [ -115.1556345, 36.220699799899997 ], [ -115.1556372, 36.220699799899997 ], [ -115.1556372, 36.2207267999 ], [ -115.1556345, 36.2207267999 ], [ -115.1556345, 36.220748399899996 ], [ -115.1556318, 36.220748399899996 ], [ -115.1556318, 36.220759199900002 ], [ -115.1556291, 36.220759199900002 ], [ -115.1556291, 36.220778099899995 ], [ -115.1556264, 36.220778099899995 ], [ -115.1556264, 36.220821299899995 ], [ -115.1556237, 36.220821299899995 ], [ -115.1556237, 36.220834799899997 ] ] ] } },
{ "type": "Feature", "properties": { "value": 255.0 }, "geometry": { "type": "Polygon", "coordinates": [ [ [ -115.1553969, 36.220823999899999 ], [ -115.1553402, 36.220823999899999 ], [ -115.1553402, 36.220821299899995 ], [ -115.1553348, 36.220821299899995 ], [ -115.1553348, 36.220818599899999 ], [ -115.1553294, 36.220818599899999 ], [ -115.1553294, 36.220815899899996 ], [ -115.1552862, 36.220815899899996 ], [ -115.1552862, 36.2208131999 ], [ -115.1552781, 36.2208131999 ], [ -115.1552781, 36.220815899899996 ], [ -115.1552592, 36.220815899899996 ], [ -115.1552592, 36.2208131999 ], [ -115.1552538, 36.2208131999 ], [ -115.1552538, 36.220810499899997 ], [ -115.1552511, 36.220810499899997 ], [ -115.1552511, 36.220748399899996 ], [ -115.1552538, 36.220748399899996 ], [ -115.1552538, 36.220715999900001 ], [ -115.1552565, 36.220715999900001 ], [ -115.1552565, 36.220694399899998 ], [ -115.1552538, 36.220694399899998 ], [ -115.1552538, 36.220680899899996 ], [ -115.1552565, 36.220680899899996 ], [ -115.1552565, 36.220675499899997 ], [ -115.1552592, 36.220675499899997 ], [ -115.1552592, 36.220672799900001 ], [ -115.1553294, 36.220672799900001 ], [ -115.1553294, 36.220670099899998 ], [ -115.15533210000001, 36.220670099899998 ], [ -115.15533210000001, 36.220656599899996 ], [ -115.1553348, 36.220656599899996 ], [ -115.1553348, 36.2206538999 ], [ -115.1553375, 36.2206538999 ], [ -115.1553375, 36.220648499900001 ], [ -115.1554023, 36.220648499900001 ], [ -115.1554023, 36.220651199899997 ], [ -115.155405, 36.220651199899997 ], [ -115.155405, 36.220664699899999 ], [ -115.1554077, 36.220664699899999 ], [ -115.1554077, 36.220742999899997 ], [ -115.155405, 36.220742999899997 ], [ -115.155405, 36.220761899899998 ], [ -115.1554023, 36.220761899899998 ], [ -115.1554023, 36.220805099899998 ], [ -115.1553996, 36.220805099899998 ], [ -115.1553996, 36.220821299899995 ], [ -115.1553969, 36.220821299899995 ], [ -115.1553969, 36.220823999899999 ] ] ] } },
{ "type": "Feature", "properties": { "value": 255.0 }, "geometry": { "type": "Polygon", "coordinates": [ [ [ -115.1552133, 36.220815899899996 ], [ -115.1551782, 36.220815899899996 ], [ -115.1551782, 36.2208131999 ], [ -115.1551377, 36.2208131999 ], [ -115.1551377, 36.220810499899997 ], [ -115.1551134, 36.220810499899997 ], [ -115.1551134, 36.220807799900001 ], [ -115.155108, 36.220807799900001 ], [ -115.155108, 36.220786199899997 ], [ -115.1551053, 36.220786199899997 ], [ -115.1551053, 36.220780799899998 ], [ -115.155051300000011, 36.220780799899998 ], [ -115.155051300000011, 36.220778099899995 ], [ -115.1550486, 36.220778099899995 ], [ -115.1550486, 36.220761899899998 ], [ -115.1550459, 36.220761899899998 ], [ -115.1550459, 36.220688999899998 ], [ -115.1550486, 36.220688999899998 ], [ -115.1550486, 36.220686299899995 ], [ -115.1550459, 36.220686299899995 ], [ -115.1550459, 36.220683599899999 ], [ -115.1550486, 36.220683599899999 ], [ -115.1550486, 36.220670099899998 ], [ -115.155051300000011, 36.220670099899998 ], [ -115.155051300000011, 36.220667399900002 ], [ -115.155054, 36.220667399900002 ], [ -115.155054, 36.220656599899996 ], [ -115.1550567, 36.220656599899996 ], [ -115.1550567, 36.220648499900001 ], [ -115.1550594, 36.220648499900001 ], [ -115.1550594, 36.220645799899998 ], [ -115.1550648, 36.220645799899998 ], [ -115.1550648, 36.220648499900001 ], [ -115.155070200000011, 36.220648499900001 ], [ -115.155070200000011, 36.220645799899998 ], [ -115.1550864, 36.220645799899998 ], [ -115.1550864, 36.220648499900001 ], [ -115.1551431, 36.220648499900001 ], [ -115.1551431, 36.220651199899997 ], [ -115.1551458, 36.220651199899997 ], [ -115.1551458, 36.2206538999 ], [ -115.15514850000001, 36.2206538999 ], [ -115.15514850000001, 36.220670099899998 ], [ -115.1551512, 36.220670099899998 ], [ -115.1551512, 36.220672799900001 ], [ -115.1551755, 36.220672799900001 ], [ -115.1551755, 36.220675499899997 ], [ -115.155189, 36.220675499899997 ], [ -115.155189, 36.2206781999 ], [ -115.1551917, 36.2206781999 ], [ -115.1551917, 36.220691699900001 ], [ -115.1551944, 36.220691699900001 ], [ -115.1551944, 36.220699799899997 ], [ -115.1551917, 36.220699799899997 ], [ -115.1551917, 36.220742999899997 ], [ -115.1551944, 36.220742999899997 ], [ -115.1551944, 36.220748399899996 ], [ -115.1552025, 36.220748399899996 ], [ -115.1552025, 36.220751099899999 ], [ -115.1552052, 36.220751099899999 ], [ -115.1552052, 36.2206781999 ], [ -115.1552268, 36.2206781999 ], [ -115.1552268, 36.220680899899996 ], [ -115.1552295, 36.220680899899996 ], [ -115.1552295, 36.220713299899998 ], [ -115.1552268, 36.220713299899998 ], [ -115.1552268, 36.2207213999 ], [ -115.1552241, 36.2207213999 ], [ -115.1552241, 36.2207267999 ], [ -115.1552187, 36.2207267999 ], [ -115.1552187, 36.220729499899996 ], [ -115.155216, 36.220729499899996 ], [ -115.155216, 36.220748399899996 ], [ -115.1552187, 36.220748399899996 ], [ -115.1552187, 36.220810499899997 ], [ -115.155216, 36.220810499899997 ], [ -115.155216, 36.2208131999 ], [ -115.1552133, 36.2208131999 ], [ -115.1552133, 36.220815899899996 ] ] ] } },
{ "type": "Feature", "properties": { "value": 255.0 }, "geometry": { "type": "Polygon", "coordinates": [ [ [ -115.1561097, 36.220643099900002 ], [ -115.1560854, 36.220643099900002 ], [ -115.1560854, 36.220640399899999 ], [ -115.1560692, 36.220640399899999 ], [ -115.1560692, 36.2206349999 ], [ -115.1560665, 36.2206349999 ], [ -115.1560665, 36.220553999899998 ], [ -115.1560638, 36.220553999899998 ], [ -115.1560638, 36.220529699899998 ], [ -115.1560692, 36.220529699899998 ], [ -115.1560692, 36.220526999899995 ], [ -115.1560935, 36.220526999899995 ], [ -115.1560935, 36.220524299899999 ], [ -115.1561745, 36.220524299899999 ], [ -115.1561745, 36.220521599899996 ], [ -115.1561934, 36.220521599899996 ], [ -115.1561934, 36.220524299899999 ], [ -115.1561961, 36.220524299899999 ], [ -115.1561961, 36.220526999899995 ], [ -115.1561988, 36.220526999899995 ], [ -115.1561988, 36.2205674999 ], [ -115.1562015, 36.2205674999 ], [ -115.1562015, 36.220570199899996 ], [ -115.156215, 36.220570199899996 ], [ -115.156215, 36.220572899899999 ], [ -115.1562366, 36.220572899899999 ], [ -115.1562366, 36.220578299899998 ], [ -115.1562393, 36.220578299899998 ], [ -115.1562393, 36.220583699899997 ], [ -115.1562366, 36.220583699899997 ], [ -115.1562366, 36.2205863999 ], [ -115.1562393, 36.2205863999 ], [ -115.1562393, 36.220597199899998 ], [ -115.1562366, 36.220597199899998 ], [ -115.1562366, 36.2206106999 ], [ -115.1562393, 36.2206106999 ], [ -115.1562393, 36.220613399899996 ], [ -115.1562366, 36.220613399899996 ], [ -115.1562366, 36.220624199900001 ], [ -115.1562393, 36.220624199900001 ], [ -115.1562393, 36.220629599900001 ], [ -115.1562366, 36.220629599900001 ], [ -115.1562366, 36.220632299899997 ], [ -115.1562339, 36.220632299899997 ], [ -115.1562339, 36.2206349999 ], [ -115.1562096, 36.2206349999 ], [ -115.1562096, 36.220637699899996 ], [ -115.1561772, 36.220637699899996 ], [ -115.1561772, 36.220640399899999 ], [ -115.1561097, 36.220640399899999 ], [ -115.1561097, 36.220643099900002 ] ] ] } },
{ "type": "Feature", "properties": { "value": 255.0 }, "geometry": { "type": "Polygon", "coordinates": [ [ [ -115.1565876, 36.220640399899999 ], [ -115.1565444, 36.220640399899999 ], [ -115.1565444, 36.220637699899996 ], [ -115.1565417, 36.220637699899996 ], [ -115.1565417, 36.220629599900001 ], [ -115.156539, 36.220629599900001 ], [ -115.156539, 36.220613399899996 ], [ -115.1565417, 36.220613399899996 ], [ -115.1565417, 36.2206106999 ], [ -115.156539, 36.2206106999 ], [ -115.156539, 36.220594499899995 ], [ -115.1565363, 36.220594499899995 ], [ -115.1565363, 36.220589099899996 ], [ -115.1565093, 36.220589099899996 ], [ -115.1565093, 36.2205863999 ], [ -115.1565039, 36.2205863999 ], [ -115.1565039, 36.220583699899997 ], [ -115.1565012, 36.220583699899997 ], [ -115.1565012, 36.220575599900002 ], [ -115.1564985, 36.220575599900002 ], [ -115.1564985, 36.220516199899997 ], [ -115.1564958, 36.220516199899997 ], [ -115.1564958, 36.220502699899995 ], [ -115.1565012, 36.220502699899995 ], [ -115.1565012, 36.220499999899999 ], [ -115.1565687, 36.220499999899999 ], [ -115.1565687, 36.220497299899996 ], [ -115.1565768, 36.220497299899996 ], [ -115.1565768, 36.220499999899999 ], [ -115.1565876, 36.220499999899999 ], [ -115.1565876, 36.220640399899999 ] ] ] } },
{ "type": "Feature", "properties": { "value": 255.0 }, "geometry": { "type": "Polygon", "coordinates": [ [ [ -115.1548758, 36.2206349999 ], [ -115.1548326, 36.2206349999 ], [ -115.1548326, 36.220491899899997 ], [ -115.1548704, 36.220491899899997 ], [ -115.1548704, 36.2204945999 ], [ -115.1548758, 36.2204945999 ], [ -115.1548758, 36.220497299899996 ], [ -115.1548785, 36.220497299899996 ], [ -115.1548785, 36.220513499900001 ], [ -115.1548812, 36.220513499900001 ], [ -115.1548812, 36.220548599899999 ], [ -115.1548839, 36.220548599899999 ], [ -115.1548839, 36.220551299900002 ], [ -115.1549082, 36.220551299900002 ], [ -115.1549082, 36.220553999899998 ], [ -115.1549109, 36.220553999899998 ], [ -115.1549109, 36.220591799899999 ], [ -115.1549136, 36.220591799899999 ], [ -115.1549136, 36.220599899900002 ], [ -115.1549109, 36.220599899900002 ], [ -115.1549109, 36.220616099899999 ], [ -115.1549136, 36.220616099899999 ], [ -115.1549136, 36.220618799899995 ], [ -115.1549109, 36.220618799899995 ], [ -115.1549109, 36.220629599900001 ], [ -115.1549082, 36.220629599900001 ], [ -115.1549082, 36.220632299899997 ], [ -115.1548758, 36.220632299899997 ], [ -115.1548758, 36.2206349999 ] ] ] } },
{ "type": "Feature", "properties": { "value": 255.0 }, "geometry": { "type": "Polygon", "coordinates": [ [ [ -115.1549379, 36.220513499900001 ], [ -115.1549109, 36.220513499900001 ], [ -115.1549109, 36.220510799899998 ], [ -115.1549082, 36.220510799899998 ], [ -115.1549082, 36.220491899899997 ], [ -115.1549109, 36.220491899899997 ], [ -115.1549109, 36.220489199900001 ], [ -115.1549244, 36.220489199900001 ], [ -115.1549244, 36.220491899899997 ], [ -115.1549298, 36.220491899899997 ], [ -115.1549298, 36.220489199900001 ], [ -115.154935200000011, 36.220489199900001 ], [ -115.154935200000011, 36.220491899899997 ], [ -115.1549379, 36.220491899899997 ], [ -115.1549379, 36.2204945999 ], [ -115.1549406, 36.2204945999 ], [ -115.1549406, 36.220510799899998 ], [ -115.1549379, 36.220510799899998 ], [ -115.1549379, 36.220513499900001 ] ] ] } },
{ "type": "Feature", "properties": { "value": 255.0 }, "geometry": { "type": "Polygon", "coordinates": [ [ [ -115.1557263, 36.220602599899998 ], [ -115.1557074, 36.220602599899998 ], [ -115.1557074, 36.220599899900002 ], [ -115.1557047, 36.220599899900002 ], [ -115.1557047, 36.220597199899998 ], [ -115.1556993, 36.220597199899998 ], [ -115.1556993, 36.220594499899995 ], [ -115.1556939, 36.220594499899995 ], [ -115.1556939, 36.220591799899999 ], [ -115.1556885, 36.220591799899999 ], [ -115.1556885, 36.220589099899996 ], [ -115.1556831, 36.220589099899996 ], [ -115.1556831, 36.2205863999 ], [ -115.155675, 36.2205863999 ], [ -115.155675, 36.220583699899997 ], [ -115.1556696, 36.220583699899997 ], [ -115.1556696, 36.220580999900001 ], [ -115.1556642, 36.220580999900001 ], [ -115.1556642, 36.220578299899998 ], [ -115.1556588, 36.220578299899998 ], [ -115.1556588, 36.220575599900002 ], [ -115.1556507, 36.220575599900002 ], [ -115.1556507, 36.220572899899999 ], [ -115.1556453, 36.220572899899999 ], [ -115.1556453, 36.220570199899996 ], [ -115.1556399, 36.220570199899996 ], [ -115.1556399, 36.2205674999 ], [ -115.1556345, 36.2205674999 ], [ -115.1556345, 36.220564799899996 ], [ -115.1556291, 36.220564799899996 ], [ -115.1556291, 36.2205620999 ], [ -115.1556237, 36.2205620999 ], [ -115.1556237, 36.220559399899997 ], [ -115.1556183, 36.220559399899997 ], [ -115.1556183, 36.220556699900001 ], [ -115.1556129, 36.220556699900001 ], [ -115.1556129, 36.220553999899998 ], [ -115.1556075, 36.220553999899998 ], [ -115.1556075, 36.220551299900002 ], [ -115.1556021, 36.220551299900002 ], [ -115.1556021, 36.220548599899999 ], [ -115.155594, 36.220548599899999 ], [ -115.155594, 36.220545899899996 ], [ -115.1555859, 36.220545899899996 ], [ -115.1555859, 36.2205431999 ], [ -115.1555805, 36.2205431999 ], [ -115.1555805, 36.220540499899997 ], [ -115.1555751, 36.220540499899997 ], [ -115.1555751, 36.220537799900001 ], [ -115.1555697, 36.220537799900001 ], [ -115.1555697, 36.220532399900002 ], [ -115.155567, 36.220532399900002 ], [ -115.155567, 36.220524299899999 ], [ -115.1555697, 36.220524299899999 ], [ -115.1555697, 36.2205188999 ], [ -115.1555724, 36.2205188999 ], [ -115.1555724, 36.220516199899997 ], [ -115.1555751, 36.220516199899997 ], [ -115.1555751, 36.220513499900001 ], [ -115.1555805, 36.220513499900001 ], [ -115.1555805, 36.220510799899998 ], [ -115.1555859, 36.220510799899998 ], [ -115.1555859, 36.220508099900002 ], [ -115.1555886, 36.220508099900002 ], [ -115.1555886, 36.220505399899999 ], [ -115.1555913, 36.220505399899999 ], [ -115.1555913, 36.220502699899995 ], [ -115.155594, 36.220502699899995 ], [ -115.155594, 36.220499999899999 ], [ -115.1555967, 36.220499999899999 ], [ -115.1555967, 36.220497299899996 ], [ -115.1555994, 36.220497299899996 ], [ -115.1555994, 36.2204945999 ], [ -115.1556021, 36.2204945999 ], [ -115.1556021, 36.220491899899997 ], [ -115.1556075, 36.220491899899997 ], [ -115.1556075, 36.220489199900001 ], [ -115.1556102, 36.220489199900001 ], [ -115.1556102, 36.220486499899998 ], [ -115.1556129, 36.220486499899998 ], [ -115.1556129, 36.220483799900002 ], [ -115.1556156, 36.220483799900002 ], [ -115.1556156, 36.220481099899999 ], [ -115.155621, 36.220481099899999 ], [ -115.155621, 36.220478399899996 ], [ -115.1556237, 36.220478399899996 ], [ -115.1556237, 36.2204756999 ], [ -115.1556264, 36.2204756999 ], [ -115.1556264, 36.220470299900001 ], [ -115.1556291, 36.220470299900001 ], [ -115.1556291, 36.220467599899997 ], [ -115.1556318, 36.220467599899997 ], [ -115.1556318, 36.220470299900001 ], [ -115.1556399, 36.220470299900001 ], [ -115.1556399, 36.220467599899997 ], [ -115.1556426, 36.220467599899997 ], [ -115.1556426, 36.220462199899998 ], [ -115.1556453, 36.220462199899998 ], [ -115.1556453, 36.220459499900002 ], [ -115.1556507, 36.220459499900002 ], [ -115.1556507, 36.220454099899996 ], [ -115.1556534, 36.220454099899996 ], [ -115.1556534, 36.220432499899999 ], [ -115.1556561, 36.220432499899999 ], [ -115.1556561, 36.2204270999 ], [ -115.1556588, 36.2204270999 ], [ -115.1556588, 36.220424399899997 ], [ -115.1556642, 36.220424399899997 ], [ -115.1556642, 36.220421699900001 ], [ -115.1556777, 36.220421699900001 ], [ -115.1556777, 36.220424399899997 ], [ -115.1556885, 36.220424399899997 ], [ -115.1556885, 36.2204270999 ], [ -115.1556939, 36.2204270999 ], [ -115.1556939, 36.220429799899996 ], [ -115.1556966, 36.220429799899996 ], [ -115.1556966, 36.220432499899999 ], [ -115.1557047, 36.220432499899999 ], [ -115.1557047, 36.220435199899995 ], [ -115.1557101, 36.220435199899995 ], [ -115.1557101, 36.220437899899999 ], [ -115.1557155, 36.220437899899999 ], [ -115.1557155, 36.220440599900002 ], [ -115.1557209, 36.220440599900002 ], [ -115.1557209, 36.220443299899998 ], [ -115.1557263, 36.220443299899998 ], [ -115.1557263, 36.220445999900001 ], [ -115.1557344, 36.220445999900001 ], [ -115.1557344, 36.220448699899997 ], [ -115.1557425, 36.220448699899997 ], [ -115.1557425, 36.2204513999 ], [ -115.1557479, 36.2204513999 ], [ -115.1557479, 36.220454099899996 ], [ -115.1557533, 36.220454099899996 ], [ -115.1557533, 36.220456799899999 ], [ -115.1557614, 36.220456799899999 ], [ -115.1557614, 36.220459499900002 ], [ -115.1557668, 36.220459499900002 ], [ -115.1557668, 36.220462199899998 ], [ -115.1557749, 36.220462199899998 ], [ -115.1557749, 36.220464899900001 ], [ -115.1557776, 36.220464899900001 ], [ -115.1557776, 36.220467599899997 ], [ -115.155783, 36.220467599899997 ], [ -115.155783, 36.220470299900001 ], [ -115.1557857, 36.220470299900001 ], [ -115.1557857, 36.220472999899997 ], [ -115.1557911, 36.220472999899997 ], [ -115.1557911, 36.2204756999 ], [ -115.1557965, 36.2204756999 ], [ -115.1557965, 36.220478399899996 ], [ -115.1557992, 36.220478399899996 ], [ -115.1557992, 36.220481099899999 ], [ -115.1558046, 36.220481099899999 ], [ -115.1558046, 36.220483799900002 ], [ -115.1558073, 36.220483799900002 ], [ -115.1558073, 36.220486499899998 ], [ -115.1558127, 36.220486499899998 ], [ -115.1558127, 36.220489199900001 ], [ -115.1558154, 36.220489199900001 ], [ -115.1558154, 36.220491899899997 ], [ -115.1558208, 36.220491899899997 ], [ -115.1558208, 36.2204945999 ], [ -115.1558235, 36.2204945999 ], [ -115.1558235, 36.220497299899996 ], [ -115.1558262, 36.220497299899996 ], [ -115.1558262, 36.220499999899999 ], [ -115.1558289, 36.220499999899999 ], [ -115.1558289, 36.220508099900002 ], [ -115.1558262, 36.220508099900002 ], [ -115.1558262, 36.220513499900001 ], [ -115.1558235, 36.220513499900001 ], [ -115.1558235, 36.220516199899997 ], [ -115.1558208, 36.220516199899997 ], [ -115.1558208, 36.220521599899996 ], [ -115.1558181, 36.220521599899996 ], [ -115.1558181, 36.220526999899995 ], [ -115.1558154, 36.220526999899995 ], [ -115.1558154, 36.220529699899998 ], [ -115.1558127, 36.220529699899998 ], [ -115.1558127, 36.220532399900002 ], [ -115.15581, 36.220532399900002 ], [ -115.15581, 36.220537799900001 ], [ -115.1558073, 36.220537799900001 ], [ -115.1558073, 36.220540499899997 ], [ -115.1558046, 36.220540499899997 ], [ -115.1558046, 36.220545899899996 ], [ -115.1558019, 36.220545899899996 ], [ -115.1558019, 36.220551299900002 ], [ -115.1557992, 36.220551299900002 ], [ -115.1557992, 36.220556699900001 ], [ -115.1557965, 36.220556699900001 ], [ -115.1557965, 36.2205620999 ], [ -115.1557938, 36.2205620999 ], [ -115.1557938, 36.220564799899996 ], [ -115.1557911, 36.220564799899996 ], [ -115.1557911, 36.220570199899996 ], [ -115.1557884, 36.220570199899996 ], [ -115.1557884, 36.220572899899999 ], [ -115.1557857, 36.220572899899999 ], [ -115.1557857, 36.220578299899998 ], [ -115.155783, 36.220578299899998 ], [ -115.155783, 36.220580999900001 ], [ -115.1557803, 36.220580999900001 ], [ -115.1557803, 36.220583699899997 ], [ -115.1557776, 36.220583699899997 ], [ -115.1557776, 36.2205863999 ], [ -115.1557749, 36.2205863999 ], [ -115.1557749, 36.220589099899996 ], [ -115.1557722, 36.220589099899996 ], [ -115.1557722, 36.220591799899999 ], [ -115.1557695, 36.220591799899999 ], [ -115.1557695, 36.220594499899995 ], [ -115.1557668, 36.220594499899995 ], [ -115.1557668, 36.220597199899998 ], [ -115.1557641, 36.220597199899998 ], [ -115.1557641, 36.220599899900002 ], [ -115.1557479, 36.220599899900002 ], [ -115.1557479, 36.220597199899998 ], [ -115.155729, 36.220597199899998 ], [ -115.155729, 36.220599899900002 ], [ -115.1557263, 36.220599899900002 ], [ -115.1557263, 36.220602599899998 ] ] ] } },
{ "type": "Feature", "properties": { "value": 255.0 }, "geometry": { "type": "Polygon", "coordinates": [ [ [ -115.1552295, 36.220578299899998 ], [ -115.1552133, 36.220578299899998 ], [ -115.1552133, 36.220575599900002 ], [ -115.1552106, 36.220575599900002 ], [ -115.1552106, 36.220572899899999 ], [ -115.1552052, 36.220572899899999 ], [ -115.1552052, 36.2205674999 ], [ -115.1552025, 36.2205674999 ], [ -115.1552025, 36.220564799899996 ], [ -115.1551998, 36.220564799899996 ], [ -115.1551998, 36.2205620999 ], [ -115.1551971, 36.2205620999 ], [ -115.1551971, 36.220559399899997 ], [ -115.1551944, 36.220559399899997 ], [ -115.1551944, 36.220556699900001 ], [ -115.1551917, 36.220556699900001 ], [ -115.1551917, 36.220553999899998 ], [ -115.1551863, 36.220553999899998 ], [ -115.1551863, 36.220551299900002 ], [ -115.1551836, 36.220551299900002 ], [ -115.1551836, 36.220548599899999 ], [ -115.1551809, 36.220548599899999 ], [ -115.1551809, 36.220545899899996 ], [ -115.1551782, 36.220545899899996 ], [ -115.1551782, 36.2205431999 ], [ -115.1551755, 36.2205431999 ], [ -115.1551755, 36.220540499899997 ], [ -115.1551728, 36.220540499899997 ], [ -115.1551728, 36.220537799900001 ], [ -115.155167400000011, 36.220537799900001 ], [ -115.155167400000011, 36.220535099899998 ], [ -115.1551647, 36.220535099899998 ], [ -115.1551647, 36.220532399900002 ], [ -115.1551593, 36.220532399900002 ], [ -115.1551593, 36.220529699899998 ], [ -115.1551566, 36.220529699899998 ], [ -115.1551566, 36.220526999899995 ], [ -115.1551539, 36.220526999899995 ], [ -115.1551539, 36.220524299899999 ], [ -115.15514850000001, 36.220524299899999 ], [ -115.15514850000001, 36.220521599899996 ], [ -115.1551458, 36.220521599899996 ], [ -115.1551458, 36.2205188999 ], [ -115.1551431, 36.2205188999 ], [ -115.1551431, 36.220516199899997 ], [ -115.1551404, 36.220516199899997 ], [ -115.1551404, 36.220513499900001 ], [ -115.155135, 36.220513499900001 ], [ -115.155135, 36.220510799899998 ], [ -115.1551323, 36.220510799899998 ], [ -115.1551323, 36.220508099900002 ], [ -115.1551296, 36.220508099900002 ], [ -115.1551296, 36.220505399899999 ], [ -115.1551269, 36.220505399899999 ], [ -115.1551269, 36.220502699899995 ], [ -115.1551242, 36.220502699899995 ], [ -115.1551242, 36.220499999899999 ], [ -115.1551215, 36.220499999899999 ], [ -115.1551215, 36.220497299899996 ], [ -115.155118800000011, 36.220497299899996 ], [ -115.155118800000011, 36.2204945999 ], [ -115.1551161, 36.2204945999 ], [ -115.1551161, 36.220491899899997 ], [ -115.1551134, 36.220491899899997 ], [ -115.1551134, 36.220489199900001 ], [ -115.155108, 36.220489199900001 ], [ -115.155108, 36.220483799900002 ], [ -115.1551053, 36.220483799900002 ], [ -115.1551053, 36.220472999899997 ], [ -115.155108, 36.220472999899997 ], [ -115.155108, 36.220470299900001 ], [ -115.1551134, 36.220470299900001 ], [ -115.1551134, 36.220467599899997 ], [ -115.1551161, 36.220467599899997 ], [ -115.1551161, 36.220464899900001 ], [ -115.155118800000011, 36.220464899900001 ], [ -115.155118800000011, 36.220462199899998 ], [ -115.1551215, 36.220462199899998 ], [ -115.1551215, 36.220459499900002 ], [ -115.1551269, 36.220459499900002 ], [ -115.1551269, 36.220456799899999 ], [ -115.1551296, 36.220456799899999 ], [ -115.1551296, 36.220454099899996 ], [ -115.1551323, 36.220454099899996 ], [ -115.1551323, 36.2204513999 ], [ -115.155135, 36.2204513999 ], [ -115.155135, 36.220448699899997 ], [ -115.1551404, 36.220448699899997 ], [ -115.1551404, 36.220445999900001 ], [ -115.1551431, 36.220445999900001 ], [ -115.1551431, 36.220443299899998 ], [ -115.1551458, 36.220443299899998 ], [ -115.1551458, 36.220440599900002 ], [ -115.1551512, 36.220440599900002 ], [ -115.1551512, 36.220437899899999 ], [ -115.1551539, 36.220437899899999 ], [ -115.1551539, 36.220435199899995 ], [ -115.1551566, 36.220435199899995 ], [ -115.1551566, 36.220432499899999 ], [ -115.155162, 36.220432499899999 ], [ -115.155162, 36.220429799899996 ], [ -115.1551647, 36.220429799899996 ], [ -115.1551647, 36.2204270999 ], [ -115.155167400000011, 36.2204270999 ], [ -115.155167400000011, 36.220424399899997 ], [ -115.1551701, 36.220424399899997 ], [ -115.1551701, 36.220421699900001 ], [ -115.1551755, 36.220421699900001 ], [ -115.1551755, 36.220418999899998 ], [ -115.1551782, 36.220418999899998 ], [ -115.1551782, 36.220416299900002 ], [ -115.1551836, 36.220416299900002 ], [ -115.1551836, 36.220413599899999 ], [ -115.1551863, 36.220413599899999 ], [ -115.1551863, 36.220410899899996 ], [ -115.155189, 36.220410899899996 ], [ -115.155189, 36.2204081999 ], [ -115.1551944, 36.2204081999 ], [ -115.1551944, 36.220405499899996 ], [ -115.1551971, 36.220405499899996 ], [ -115.1551971, 36.2204027999 ], [ -115.1552025, 36.2204027999 ], [ -115.1552025, 36.220400099899997 ], [ -115.1552052, 36.220400099899997 ], [ -115.1552052, 36.220397399900001 ], [ -115.1552079, 36.220397399900001 ], [ -115.1552079, 36.220394699899998 ], [ -115.1552106, 36.220394699899998 ], [ -115.1552106, 36.220391999900002 ], [ -115.1552187, 36.220391999900002 ], [ -115.1552187, 36.220389299899999 ], [ -115.1552241, 36.220389299899999 ], [ -115.1552241, 36.220391999900002 ], [ -115.1552295, 36.220391999900002 ], [ -115.1552295, 36.220394699899998 ], [ -115.1552322, 36.220394699899998 ], [ -115.1552322, 36.220397399900001 ], [ -115.1552349, 36.220397399900001 ], [ -115.1552349, 36.220400099899997 ], [ -115.1552376, 36.220400099899997 ], [ -115.1552376, 36.2204027999 ], [ -115.1552403, 36.2204027999 ], [ -115.1552403, 36.220405499899996 ], [ -115.155243, 36.220405499899996 ], [ -115.155243, 36.2204081999 ], [ -115.1552457, 36.2204081999 ], [ -115.1552457, 36.220410899899996 ], [ -115.1552484, 36.220410899899996 ], [ -115.1552484, 36.220413599899999 ], [ -115.1552511, 36.220413599899999 ], [ -115.1552511, 36.220418999899998 ], [ -115.1552538, 36.220418999899998 ], [ -115.1552538, 36.220421699900001 ], [ -115.1552592, 36.220421699900001 ], [ -115.1552592, 36.220424399899997 ], [ -115.15526460000001, 36.220424399899997 ], [ -115.15526460000001, 36.2204270999 ], [ -115.1552727, 36.2204270999 ], [ -115.1552727, 36.220429799899996 ], [ -115.1552754, 36.220429799899996 ], [ -115.1552754, 36.220432499899999 ], [ -115.1552781, 36.220432499899999 ], [ -115.1552781, 36.220435199899995 ], [ -115.15528350000001, 36.220435199899995 ], [ -115.15528350000001, 36.220437899899999 ], [ -115.1552916, 36.220437899899999 ], [ -115.1552916, 36.220440599900002 ], [ -115.155297, 36.220440599900002 ], [ -115.155297, 36.220443299899998 ], [ -115.1553024, 36.220443299899998 ], [ -115.1553024, 36.220445999900001 ], [ -115.1553051, 36.220445999900001 ], [ -115.1553051, 36.220448699899997 ], [ -115.1553078, 36.220448699899997 ], [ -115.1553078, 36.2204513999 ], [ -115.1553105, 36.2204513999 ], [ -115.1553105, 36.220456799899999 ], [ -115.1553132, 36.220456799899999 ], [ -115.1553132, 36.220459499900002 ], [ -115.1553159, 36.220459499900002 ], [ -115.1553159, 36.220462199899998 ], [ -115.1553186, 36.220462199899998 ], [ -115.1553186, 36.220464899900001 ], [ -115.1553213, 36.220464899900001 ], [ -115.1553213, 36.220467599899997 ], [ -115.1553267, 36.220467599899997 ], [ -115.1553267, 36.220470299900001 ], [ -115.15533210000001, 36.220470299900001 ], [ -115.15533210000001, 36.220472999899997 ], [ -115.1553348, 36.220472999899997 ], [ -115.1553348, 36.2204756999 ], [ -115.1553402, 36.2204756999 ], [ -115.1553402, 36.220478399899996 ], [ -115.1553429, 36.220478399899996 ], [ -115.1553429, 36.220489199900001 ], [ -115.1553402, 36.220489199900001 ], [ -115.1553402, 36.220491899899997 ], [ -115.1553375, 36.220491899899997 ], [ -115.1553375, 36.2204945999 ], [ -115.1553348, 36.2204945999 ], [ -115.1553348, 36.220497299899996 ], [ -115.15533210000001, 36.220497299899996 ], [ -115.15533210000001, 36.220499999899999 ], [ -115.1553294, 36.220499999899999 ], [ -115.1553294, 36.220502699899995 ], [ -115.1553267, 36.220502699899995 ], [ -115.1553267, 36.220505399899999 ], [ -115.155324, 36.220505399899999 ], [ -115.155324, 36.220508099900002 ], [ -115.1553186, 36.220508099900002 ], [ -115.1553186, 36.220510799899998 ], [ -115.1553132, 36.220510799899998 ], [ -115.1553132, 36.220513499900001 ], [ -115.1553105, 36.220513499900001 ], [ -115.1553105, 36.220516199899997 ], [ -115.1553051, 36.220516199899997 ], [ -115.1553051, 36.2205188999 ], [ -115.1553024, 36.2205188999 ], [ -115.1553024, 36.220521599899996 ], [ -115.1552997, 36.220521599899996 ], [ -115.1552997, 36.220524299899999 ], [ -115.1552943, 36.220524299899999 ], [ -115.1552943, 36.220526999899995 ], [ -115.1552916, 36.220526999899995 ], [ -115.1552916, 36.220529699899998 ], [ -115.1552889, 36.220529699899998 ], [ -115.1552889, 36.220532399900002 ], [ -115.1552862, 36.220532399900002 ], [ -115.1552862, 36.220535099899998 ], [ -115.1552808, 36.220535099899998 ], [ -115.1552808, 36.220537799900001 ], [ -115.1552781, 36.220537799900001 ], [ -115.1552781, 36.220540499899997 ], [ -115.1552727, 36.220540499899997 ], [ -115.1552727, 36.2205431999 ], [ -115.15527, 36.2205431999 ], [ -115.15527, 36.220545899899996 ], [ -115.1552673, 36.220545899899996 ], [ -115.1552673, 36.220548599899999 ], [ -115.15526460000001, 36.220548599899999 ], [ -115.15526460000001, 36.220551299900002 ], [ -115.1552592, 36.220551299900002 ], [ -115.1552592, 36.220553999899998 ], [ -115.1552565, 36.220553999899998 ], [ -115.1552565, 36.220556699900001 ], [ -115.1552538, 36.220556699900001 ], [ -115.1552538, 36.220559399899997 ], [ -115.1552484, 36.220559399899997 ], [ -115.1552484, 36.2205620999 ], [ -115.1552457, 36.2205620999 ], [ -115.1552457, 36.220564799899996 ], [ -115.1552403, 36.220564799899996 ], [ -115.1552403, 36.2205674999 ], [ -115.1552376, 36.2205674999 ], [ -115.1552376, 36.220570199899996 ], [ -115.1552349, 36.220570199899996 ], [ -115.1552349, 36.220572899899999 ], [ -115.1552322, 36.220572899899999 ], [ -115.1552322, 36.220575599900002 ], [ -115.1552295, 36.220575599900002 ], [ -115.1552295, 36.220578299899998 ] ] ] } },
{ "type": "Feature", "properties": { "value": 255.0 }, "geometry": { "type": "Polygon", "coordinates": [ [ [ -115.1558127, 36.220418999899998 ], [ -115.1557884, 36.220418999899998 ], [ -115.1557884, 36.220416299900002 ], [ -115.1557857, 36.220416299900002 ], [ -115.1557857, 36.220413599899999 ], [ -115.155783, 36.220413599899999 ], [ -115.155783, 36.220386599899996 ], [ -115.1557857, 36.220386599899996 ], [ -115.1557857, 36.2203838999 ], [ -115.1558073, 36.2203838999 ], [ -115.1558073, 36.220381199899997 ], [ -115.15581, 36.220381199899997 ], [ -115.15581, 36.2203838999 ], [ -115.1558154, 36.2203838999 ], [ -115.1558154, 36.220416299900002 ], [ -115.1558127, 36.220416299900002 ], [ -115.1558127, 36.220418999899998 ] ] ] } },
{ "type": "Feature", "properties": { "value": 255.0 }, "geometry": { "type": "Polygon", "coordinates": [ [ [ -115.154865, 36.220443299899998 ], [ -115.1548326, 36.220443299899998 ], [ -115.1548326, 36.220329899900001 ], [ -115.154856900000013, 36.220329899900001 ], [ -115.154856900000013, 36.220327199899998 ], [ -115.1548623, 36.220327199899998 ], [ -115.1548623, 36.220329899900001 ], [ -115.154867700000011, 36.220329899900001 ], [ -115.154867700000011, 36.220332599899997 ], [ -115.1548704, 36.220332599899997 ], [ -115.1548704, 36.2203352999 ], [ -115.1548731, 36.2203352999 ], [ -115.1548731, 36.220340699899999 ], [ -115.1548758, 36.220340699899999 ], [ -115.1548758, 36.220343399900003 ], [ -115.1548947, 36.220343399900003 ], [ -115.1548947, 36.220394699899998 ], [ -115.1548731, 36.220394699899998 ], [ -115.1548731, 36.220397399900001 ], [ -115.1548704, 36.220397399900001 ], [ -115.1548704, 36.220437899899999 ], [ -115.154867700000011, 36.220437899899999 ], [ -115.154867700000011, 36.220440599900002 ], [ -115.154865, 36.220440599900002 ], [ -115.154865, 36.220443299899998 ] ] ] } },
{ "type": "Feature", "properties": { "value": 255.0 }, "geometry": { "type": "Polygon", "coordinates": [ [ [ -115.1560665, 36.2204513999 ], [ -115.1560638, 36.2204513999 ], [ -115.1560638, 36.220448699899997 ], [ -115.1560584, 36.220448699899997 ], [ -115.1560584, 36.220445999900001 ], [ -115.1560557, 36.220445999900001 ], [ -115.1560557, 36.220394699899998 ], [ -115.156053, 36.220394699899998 ], [ -115.156053, 36.220351499899998 ], [ -115.1560503, 36.220351499899998 ], [ -115.1560503, 36.220337999899996 ], [ -115.156053, 36.220337999899996 ], [ -115.156053, 36.2203352999 ], [ -115.1560557, 36.2203352999 ], [ -115.1560557, 36.220332599899997 ], [ -115.1561637, 36.220332599899997 ], [ -115.1561637, 36.220329899900001 ], [ -115.1561772, 36.220329899900001 ], [ -115.1561772, 36.220332599899997 ], [ -115.1561826, 36.220332599899997 ], [ -115.1561826, 36.2203352999 ], [ -115.1561853, 36.2203352999 ], [ -115.1561853, 36.220340699899999 ], [ -115.156188, 36.220340699899999 ], [ -115.156188, 36.220348799900002 ], [ -115.1561853, 36.220348799900002 ], [ -115.1561853, 36.220354199900001 ], [ -115.156188, 36.220354199900001 ], [ -115.156188, 36.220375799899998 ], [ -115.1561907, 36.220375799899998 ], [ -115.1561907, 36.220378499900001 ], [ -115.1562204, 36.220378499900001 ], [ -115.1562204, 36.220381199899997 ], [ -115.1562231, 36.220381199899997 ], [ -115.1562231, 36.220386599899996 ], [ -115.1562258, 36.220386599899996 ], [ -115.1562258, 36.220437899899999 ], [ -115.1562231, 36.220437899899999 ], [ -115.1562231, 36.220440599900002 ], [ -115.1562096, 36.220440599900002 ], [ -115.1562096, 36.220443299899998 ], [ -115.1561799, 36.220443299899998 ], [ -115.1561799, 36.220445999900001 ], [ -115.1561178, 36.220445999900001 ], [ -115.1561178, 36.220448699899997 ], [ -115.1560665, 36.220448699899997 ], [ -115.1560665, 36.2204513999 ] ] ] } },
{ "type": "Feature", "properties": { "value": 255.0 }, "geometry": { "type": "Polygon", "coordinates": [ [ [ -115.1565876, 36.220421699900001 ], [ -115.1565849, 36.220421699900001 ], [ -115.1565849, 36.220418999899998 ], [ -115.1565687, 36.220418999899998 ], [ -115.1565687, 36.220421699900001 ], [ -115.1564985, 36.220421699900001 ], [ -115.1564985, 36.220418999899998 ], [ -115.1564958, 36.220418999899998 ], [ -115.1564958, 36.220416299900002 ], [ -115.1564931, 36.220416299900002 ], [ -115.1564931, 36.220397399900001 ], [ -115.1564904, 36.220397399900001 ], [ -115.1564904, 36.220370399899998 ], [ -115.1564877, 36.220370399899998 ], [ -115.1564877, 36.220351499899998 ], [ -115.156485, 36.220351499899998 ], [ -115.156485, 36.220343399900003 ], [ -115.1564823, 36.220343399900003 ], [ -115.1564823, 36.220324499900002 ], [ -115.156485, 36.220324499900002 ], [ -115.156485, 36.220321799899999 ], [ -115.1564985, 36.220321799899999 ], [ -115.1564985, 36.220319099899996 ], [ -115.1565174, 36.220319099899996 ], [ -115.1565174, 36.2203163999 ], [ -115.1565201, 36.2203163999 ], [ -115.1565201, 36.220310999900001 ], [ -115.1565228, 36.220310999900001 ], [ -115.1565228, 36.220308299899997 ], [ -115.1565363, 36.220308299899997 ], [ -115.1565363, 36.220305599900001 ], [ -115.1565876, 36.220305599900001 ], [ -115.1565876, 36.220421699900001 ] ] ] } },
{ "type": "Feature", "properties": { "value": 255.0 }, "geometry": { "type": "Polygon", "coordinates": [ [ [ -115.1557317, 36.220362299899996 ], [ -115.1556993, 36.220362299899996 ], [ -115.1556993, 36.2203595999 ], [ -115.1556939, 36.2203595999 ], [ -115.1556939, 36.220354199900001 ], [ -115.1556912, 36.220354199900001 ], [ -115.1556912, 36.220332599899997 ], [ -115.1556939, 36.220332599899997 ], [ -115.1556939, 36.220310999900001 ], [ -115.1556966, 36.220310999900001 ], [ -115.1556966, 36.220300199900002 ], [ -115.1556993, 36.220300199900002 ], [ -115.1556993, 36.220273199899999 ], [ -115.155702, 36.220273199899999 ], [ -115.155702, 36.220265099899997 ], [ -115.1556993, 36.220265099899997 ], [ -115.1556993, 36.220251599900003 ], [ -115.155702, 36.220251599900003 ], [ -115.155702, 36.2202434999 ], [ -115.1556993, 36.2202434999 ], [ -115.1556993, 36.220221899899997 ], [ -115.155702, 36.220221899899997 ], [ -115.155702, 36.220219199900001 ], [ -115.1557182, 36.220219199900001 ], [ -115.1557182, 36.220216499899998 ], [ -115.1558721, 36.220216499899998 ], [ -115.1558721, 36.220219199900001 ], [ -115.1558748, 36.220219199900001 ], [ -115.1558748, 36.220221899899997 ], [ -115.1558775, 36.220221899899997 ], [ -115.1558775, 36.2202245999 ], [ -115.1558856, 36.2202245999 ], [ -115.1558856, 36.220221899899997 ], [ -115.1558964, 36.220221899899997 ], [ -115.1558964, 36.2202245999 ], [ -115.1558991, 36.2202245999 ], [ -115.1558991, 36.2202920999 ], [ -115.1559018, 36.2202920999 ], [ -115.1559018, 36.220324499900002 ], [ -115.1558991, 36.220324499900002 ], [ -115.1558991, 36.220327199899998 ], [ -115.1558964, 36.220327199899998 ], [ -115.1558964, 36.220329899900001 ], [ -115.1558775, 36.220329899900001 ], [ -115.1558775, 36.220332599899997 ], [ -115.1558748, 36.220332599899997 ], [ -115.1558748, 36.220340699899999 ], [ -115.1558721, 36.220340699899999 ], [ -115.1558721, 36.220356899899997 ], [ -115.1558694, 36.220356899899997 ], [ -115.1558694, 36.2203595999 ], [ -115.1558262, 36.2203595999 ], [ -115.1558262, 36.220356899899997 ], [ -115.1558154, 36.220356899899997 ], [ -115.1558154, 36.2203595999 ], [ -115.1557317, 36.2203595999 ], [ -115.1557317, 36.220362299899996 ] ] ] } },
{ "type": "Feature", "properties": { "value": 255.0 }, "geometry": { "type": "Polygon", "coordinates": [ [ [ -115.1551539, 36.2203163999 ], [ -115.1550783, 36.2203163999 ], [ -115.1550783, 36.220305599900001 ], [ -115.1550756, 36.220305599900001 ], [ -115.1550756, 36.220283999899998 ], [ -115.1550729, 36.220283999899998 ], [ -115.1550729, 36.220184099900003 ], [ -115.155070200000011, 36.220184099900003 ], [ -115.155070200000011, 36.220178699899996 ], [ -115.1550729, 36.220178699899996 ], [ -115.1550729, 36.2201759999 ], [ -115.1551431, 36.2201759999 ], [ -115.1551431, 36.220173299899997 ], [ -115.155243, 36.220173299899997 ], [ -115.155243, 36.2201759999 ], [ -115.1552484, 36.2201759999 ], [ -115.1552484, 36.220216499899998 ], [ -115.1552457, 36.220216499899998 ], [ -115.1552457, 36.220229999899999 ], [ -115.155243, 36.220229999899999 ], [ -115.155243, 36.220238099900001 ], [ -115.1552403, 36.220238099900001 ], [ -115.1552403, 36.220259699899998 ], [ -115.1552376, 36.220259699899998 ], [ -115.1552376, 36.220275899900003 ], [ -115.1552403, 36.220275899900003 ], [ -115.1552403, 36.220313699899997 ], [ -115.1551539, 36.220313699899997 ], [ -115.1551539, 36.2203163999 ] ] ] } },
{ "type": "Feature", "properties": { "value": 255.0 }, "geometry": { "type": "Polygon", "coordinates": [ [ [ -115.1560638, 36.220283999899998 ], [ -115.1560449, 36.220283999899998 ], [ -115.1560449, 36.220281299900002 ], [ -115.1560422, 36.220281299900002 ], [ -115.1560422, 36.2202677999 ], [ -115.1560395, 36.2202677999 ], [ -115.1560395, 36.220221899899997 ], [ -115.1560368, 36.220221899899997 ], [ -115.1560368, 36.220170599900001 ], [ -115.1560341, 36.220170599900001 ], [ -115.1560341, 36.220146299900001 ], [ -115.1560368, 36.220146299900001 ], [ -115.1560368, 36.220143599899998 ], [ -115.1560557, 36.220143599899998 ], [ -115.1560557, 36.220140899900002 ], [ -115.1560935, 36.220140899900002 ], [ -115.1560935, 36.220138199899999 ], [ -115.1561448, 36.220138199899999 ], [ -115.1561448, 36.220135499900003 ], [ -115.156215, 36.220135499900003 ], [ -115.156215, 36.220138199899999 ], [ -115.1562177, 36.220138199899999 ], [ -115.1562177, 36.220140899900002 ], [ -115.1562204, 36.220140899900002 ], [ -115.1562204, 36.220148999899997 ], [ -115.1562177, 36.220148999899997 ], [ -115.1562177, 36.220165199900002 ], [ -115.156215, 36.220165199900002 ], [ -115.156215, 36.2201759999 ], [ -115.1562123, 36.2201759999 ], [ -115.1562123, 36.220189499900002 ], [ -115.1562096, 36.220189499900002 ], [ -115.1562096, 36.220194899900001 ], [ -115.1562069, 36.220194899900001 ], [ -115.1562069, 36.220205699899999 ], [ -115.1562042, 36.220205699899999 ], [ -115.1562042, 36.220213799900002 ], [ -115.1562069, 36.220213799900002 ], [ -115.1562069, 36.2202488999 ], [ -115.1562042, 36.2202488999 ], [ -115.1562042, 36.220251599900003 ], [ -115.1562069, 36.220251599900003 ], [ -115.1562069, 36.220275899900003 ], [ -115.1562015, 36.220275899900003 ], [ -115.1562015, 36.220278599899999 ], [ -115.1561178, 36.220278599899999 ], [ -115.1561178, 36.220281299900002 ], [ -115.1560638, 36.220281299900002 ], [ -115.1560638, 36.220283999899998 ] ] ] } },
{ "type": "Feature", "properties": { "value": 255.0 }, "geometry": { "type": "Polygon", "coordinates": [ [ [ -115.1565201, 36.2202434999 ], [ -115.1564958, 36.2202434999 ], [ -115.1564958, 36.220240799899997 ], [ -115.1564904, 36.220240799899997 ], [ -115.1564904, 36.220238099900001 ], [ -115.1564877, 36.220238099900001 ], [ -115.1564877, 36.220192199899998 ], [ -115.156485, 36.220192199899998 ], [ -115.156485, 36.220148999899997 ], [ -115.1564823, 36.220148999899997 ], [ -115.1564823, 36.220143599899998 ], [ -115.1564796, 36.220143599899998 ], [ -115.1564796, 36.220140899900002 ], [ -115.1564715, 36.220140899900002 ], [ -115.1564715, 36.220138199899999 ], [ -115.1564688, 36.220138199899999 ], [ -115.1564688, 36.2201327999 ], [ -115.156466099999989, 36.2201327999 ], [ -115.156466099999989, 36.2201084999 ], [ -115.1564688, 36.2201084999 ], [ -115.1564688, 36.220103099900001 ], [ -115.1564769, 36.220103099900001 ], [ -115.1564769, 36.220100399899998 ], [ -115.1565687, 36.220100399899998 ], [ -115.1565687, 36.220097699900002 ], [ -115.1565768, 36.220097699900002 ], [ -115.1565768, 36.220100399899998 ], [ -115.1565876, 36.220100399899998 ], [ -115.1565876, 36.220240799899997 ], [ -115.1565201, 36.220240799899997 ], [ -115.1565201, 36.2202434999 ] ] ] } },
{ "type": "Feature", "properties": { "value": 255.0 }, "geometry": { "type": "Polygon", "coordinates": [ [ [ -115.1557236, 36.220170599900001 ], [ -115.155594, 36.220170599900001 ], [ -115.155594, 36.220167899899998 ], [ -115.1555913, 36.220167899899998 ], [ -115.1555913, 36.220049099900002 ], [ -115.155594, 36.220049099900002 ], [ -115.155594, 36.220046399899999 ], [ -115.1556264, 36.220046399899999 ], [ -115.1556264, 36.220043699900003 ], [ -115.1557641, 36.220043699900003 ], [ -115.1557641, 36.220046399899999 ], [ -115.1557668, 36.220046399899999 ], [ -115.1557668, 36.220049099900002 ], [ -115.1557749, 36.220049099900002 ], [ -115.1557749, 36.220051799899998 ], [ -115.1557938, 36.220051799899998 ], [ -115.1557938, 36.220054499900002 ], [ -115.1557965, 36.220054499900002 ], [ -115.1557965, 36.2200895999 ], [ -115.1557992, 36.2200895999 ], [ -115.1557992, 36.220127399900001 ], [ -115.1557965, 36.220127399900001 ], [ -115.1557965, 36.220130099899997 ], [ -115.1557938, 36.220130099899997 ], [ -115.1557938, 36.2201327999 ], [ -115.1557668, 36.2201327999 ], [ -115.1557668, 36.220167899899998 ], [ -115.1557236, 36.220167899899998 ], [ -115.1557236, 36.220170599900001 ] ] ] } },
{ "type": "Feature", "properties": { "value": 255.0 }, "geometry": { "type": "Polygon", "coordinates": [ [ [ -115.1548623, 36.220140899900002 ], [ -115.1548326, 36.220140899900002 ], [ -115.1548326, 36.220024799900003 ], [ -115.154856900000013, 36.220024799900003 ], [ -115.154856900000013, 36.220027499899999 ], [ -115.1548596, 36.220027499899999 ], [ -115.1548596, 36.220030199900002 ], [ -115.1548623, 36.220030199900002 ], [ -115.1548623, 36.220038299899997 ], [ -115.1548596, 36.220038299899997 ], [ -115.1548596, 36.2200409999 ], [ -115.1548623, 36.2200409999 ], [ -115.1548623, 36.220124699899998 ], [ -115.154865, 36.220124699899998 ], [ -115.154865, 36.220138199899999 ], [ -115.1548623, 36.220138199899999 ], [ -115.1548623, 36.220140899900002 ] ] ] } },
{ "type": "Feature", "properties": { "value": 255.0 }, "geometry": { "type": "Polygon", "coordinates": [ [ [ -115.1553186, 36.220148999899997 ], [ -115.1553159, 36.220148999899997 ], [ -115.1553159, 36.220146299900001 ], [ -115.1553078, 36.220146299900001 ], [ -115.1553078, 36.220148999899997 ], [ -115.1552862, 36.220148999899997 ], [ -115.1552862, 36.220146299900001 ], [ -115.1552808, 36.220146299900001 ], [ -115.1552808, 36.220148999899997 ], [ -115.15527, 36.220148999899997 ], [ -115.15527, 36.220146299900001 ], [ -115.1552619, 36.220146299900001 ], [ -115.1552619, 36.220148999899997 ], [ -115.1552511, 36.220148999899997 ], [ -115.1552511, 36.220146299900001 ], [ -115.1552484, 36.220146299900001 ], [ -115.1552484, 36.220143599899998 ], [ -115.1552457, 36.220143599899998 ], [ -115.1552457, 36.220135499900003 ], [ -115.155243, 36.220135499900003 ], [ -115.155243, 36.220130099899997 ], [ -115.1552403, 36.220130099899997 ], [ -115.1552403, 36.220127399900001 ], [ -115.1551998, 36.220127399900001 ], [ -115.1551998, 36.220124699899998 ], [ -115.155162, 36.220124699899998 ], [ -115.155162, 36.220121999900002 ], [ -115.1551512, 36.220121999900002 ], [ -115.1551512, 36.220119299899999 ], [ -115.15514850000001, 36.220119299899999 ], [ -115.15514850000001, 36.220113899899999 ], [ -115.1551458, 36.220113899899999 ], [ -115.1551458, 36.220105799899997 ], [ -115.15514850000001, 36.220105799899997 ], [ -115.15514850000001, 36.220081499899997 ], [ -115.1551458, 36.220081499899997 ], [ -115.1551458, 36.220057199899998 ], [ -115.1551431, 36.220057199899998 ], [ -115.1551431, 36.220054499900002 ], [ -115.1551458, 36.220054499900002 ], [ -115.1551458, 36.220035599900001 ], [ -115.1551431, 36.220035599900001 ], [ -115.1551431, 36.220024799900003 ], [ -115.1551458, 36.220024799900003 ], [ -115.1551458, 36.220019399899996 ], [ -115.1551431, 36.220019399899996 ], [ -115.1551431, 36.220013999899997 ], [ -115.1551458, 36.220013999899997 ], [ -115.1551458, 36.220011299900001 ], [ -115.15514850000001, 36.220011299900001 ], [ -115.15514850000001, 36.220008599899998 ], [ -115.1552619, 36.220008599899998 ], [ -115.1552619, 36.220005899900002 ], [ -115.1552781, 36.220005899900002 ], [ -115.1552781, 36.220008599899998 ], [ -115.15528350000001, 36.220008599899998 ], [ -115.15528350000001, 36.220011299900001 ], [ -115.1552862, 36.220011299900001 ], [ -115.1552862, 36.220054499900002 ], [ -115.1552916, 36.220054499900002 ], [ -115.1552916, 36.220057199899998 ], [ -115.1553186, 36.220057199899998 ], [ -115.1553186, 36.220059899900001 ], [ -115.1553213, 36.220059899900001 ], [ -115.1553213, 36.220067999900003 ], [ -115.155324, 36.220067999900003 ], [ -115.155324, 36.220092299900003 ], [ -115.1553267, 36.220092299900003 ], [ -115.1553267, 36.220146299900001 ], [ -115.1553186, 36.220146299900001 ], [ -115.1553186, 36.220148999899997 ] ] ] } },
{ "type": "Feature", "properties": { "value": 255.0 }, "geometry": { "type": "Polygon", "coordinates": [ [ [ -115.1558694, 36.220043699900003 ], [ -115.155864, 36.220043699900003 ], [ -115.155864, 36.2200409999 ], [ -115.1558505, 36.2200409999 ], [ -115.1558505, 36.220043699900003 ], [ -115.1558397, 36.220043699900003 ], [ -115.1558397, 36.2200409999 ], [ -115.155837, 36.2200409999 ], [ -115.155837, 36.220038299899997 ], [ -115.1558343, 36.220038299899997 ], [ -115.1558343, 36.220008599899998 ], [ -115.155837, 36.220008599899998 ], [ -115.155837, 36.220005899900002 ], [ -115.1558532, 36.220005899900002 ], [ -115.1558532, 36.220008599899998 ], [ -115.1558694, 36.220008599899998 ], [ -115.1558694, 36.220011299900001 ], [ -115.1558721, 36.220011299900001 ], [ -115.1558721, 36.220013999899997 ], [ -115.1558748, 36.220013999899997 ], [ -115.1558748, 36.220032899899998 ], [ -115.1558721, 36.220032899899998 ], [ -115.1558721, 36.2200409999 ], [ -115.1558694, 36.2200409999 ], [ -115.1558694, 36.220043699900003 ] ] ] } },
{ "type": "Feature", "properties": { "value": 255.0 }, "geometry": { "type": "Polygon", "coordinates": [ [ [ -115.1561205, 36.220119299899999 ], [ -115.1560557, 36.220119299899999 ], [ -115.1560557, 36.220116599900003 ], [ -115.1560341, 36.220116599900003 ], [ -115.1560341, 36.220113899899999 ], [ -115.1560287, 36.220113899899999 ], [ -115.1560287, 36.220111199899996 ], [ -115.1560233, 36.220111199899996 ], [ -115.1560233, 36.2201084999 ], [ -115.1560206, 36.2201084999 ], [ -115.1560206, 36.220086899899997 ], [ -115.1560233, 36.220086899899997 ], [ -115.1560233, 36.220073399900002 ], [ -115.156026, 36.220073399900002 ], [ -115.156026, 36.220062599899997 ], [ -115.1560287, 36.220062599899997 ], [ -115.1560287, 36.220051799899998 ], [ -115.1560314, 36.220051799899998 ], [ -115.1560314, 36.220003199899999 ], [ -115.1560449, 36.220003199899999 ], [ -115.1560449, 36.220000499900003 ], [ -115.1560692, 36.220000499900003 ], [ -115.1560692, 36.220003199899999 ], [ -115.1561205, 36.220003199899999 ], [ -115.1561205, 36.220000499900003 ], [ -115.156161, 36.220000499900003 ], [ -115.156161, 36.220003199899999 ], [ -115.1561637, 36.220003199899999 ], [ -115.1561637, 36.220005899900002 ], [ -115.1561664, 36.220005899900002 ], [ -115.1561664, 36.220035599900001 ], [ -115.1561691, 36.220035599900001 ], [ -115.1561691, 36.220046399899999 ], [ -115.1561718, 36.220046399899999 ], [ -115.1561718, 36.220049099900002 ], [ -115.1562015, 36.220049099900002 ], [ -115.1562015, 36.220051799899998 ], [ -115.1562042, 36.220051799899998 ], [ -115.1562042, 36.220057199899998 ], [ -115.1562069, 36.220057199899998 ], [ -115.1562069, 36.220059899900001 ], [ -115.1562042, 36.220059899900001 ], [ -115.1562042, 36.220086899899997 ], [ -115.1562069, 36.220086899899997 ], [ -115.1562069, 36.220111199899996 ], [ -115.1562015, 36.220111199899996 ], [ -115.1562015, 36.220113899899999 ], [ -115.1561529, 36.220113899899999 ], [ -115.1561529, 36.220116599900003 ], [ -115.1561205, 36.220116599900003 ], [ -115.1561205, 36.220119299899999 ] ] ] } },
{ "type": "Feature", "properties": { "value": 255.0 }, "geometry": { "type": "Polygon", "coordinates": [ [ [ -115.1565876, 36.220081499899997 ], [ -115.1565849, 36.220081499899997 ], [ -115.1565849, 36.220078799900001 ], [ -115.1565255, 36.220078799900001 ], [ -115.1565255, 36.220076099899998 ], [ -115.1565039, 36.220076099899998 ], [ -115.1565039, 36.220078799900001 ], [ -115.1564796, 36.220078799900001 ], [ -115.1564796, 36.220076099899998 ], [ -115.1564769, 36.220076099899998 ], [ -115.1564769, 36.220073399900002 ], [ -115.1564742, 36.220073399900002 ], [ -115.1564742, 36.220070699899999 ], [ -115.1564715, 36.220070699899999 ], [ -115.1564715, 36.220062599899997 ], [ -115.1564688, 36.220062599899997 ], [ -115.1564688, 36.220051799899998 ], [ -115.156466099999989, 36.220051799899998 ], [ -115.156466099999989, 36.2200166999 ], [ -115.1564634, 36.2200166999 ], [ -115.1564634, 36.220011299900001 ], [ -115.1564607, 36.220011299900001 ], [ -115.1564607, 36.220003199899999 ], [ -115.156458, 36.220003199899999 ], [ -115.156458, 36.219984299899998 ], [ -115.1564607, 36.219984299899998 ], [ -115.1564607, 36.219978899899999 ], [ -115.156466099999989, 36.219978899899999 ], [ -115.156466099999989, 36.219976199900003 ], [ -115.1564958, 36.219976199900003 ], [ -115.1564958, 36.2199734999 ], [ -115.1564985, 36.2199734999 ], [ -115.1564985, 36.219968099900001 ], [ -115.1565012, 36.219968099900001 ], [ -115.1565012, 36.219965399899998 ], [ -115.156512, 36.219965399899998 ], [ -115.156512, 36.219962699900002 ], [ -115.1565876, 36.219962699900002 ], [ -115.1565876, 36.220081499899997 ] ] ] } },
{ "type": "Feature", "properties": { "value": 255.0 }, "geometry": { "type": "Polygon", "coordinates": [ [ [ -115.154838, 36.220005899900002 ], [ -115.1548326, 36.220005899900002 ], [ -115.1548326, 36.219941099899998 ], [ -115.1548353, 36.219941099899998 ], [ -115.1548353, 36.219943799900001 ], [ -115.1548407, 36.219943799900001 ], [ -115.1548407, 36.2199491999 ], [ -115.1548434, 36.2199491999 ], [ -115.1548434, 36.220000499900003 ], [ -115.1548407, 36.220000499900003 ], [ -115.1548407, 36.220003199899999 ], [ -115.154838, 36.220003199899999 ], [ -115.154838, 36.220005899900002 ] ] ] } },
{ "type": "Feature", "properties": { "value": 255.0 }, "geometry": { "type": "Polygon", "coordinates": [ [ [ -115.1556453, 36.219962699900002 ], [ -115.1556237, 36.219962699900002 ], [ -115.1556237, 36.219959999899999 ], [ -115.155621, 36.219959999899999 ], [ -115.155621, 36.219957299900003 ], [ -115.1556183, 36.219957299900003 ], [ -115.1556183, 36.219938399900002 ], [ -115.155621, 36.219938399900002 ], [ -115.155621, 36.219935699899999 ], [ -115.1556453, 36.219935699899999 ], [ -115.1556453, 36.219962699900002 ] ] ] } },
{ "type": "Feature", "properties": { "value": 255.0 }, "geometry": { "type": "Polygon", "coordinates": [ [ [ -115.1565876, 36.219851999900001 ], [ -115.1565849, 36.219851999900001 ], [ -115.1565849, 36.219849299899998 ], [ -115.156582199999988, 36.219849299899998 ], [ -115.156582199999988, 36.219851999900001 ], [ -115.1565741, 36.219851999900001 ], [ -115.1565741, 36.219849299899998 ], [ -115.1565687, 36.219849299899998 ], [ -115.1565687, 36.219846599900002 ], [ -115.156563299999988, 36.219846599900002 ], [ -115.156563299999988, 36.219843899899999 ], [ -115.1565579, 36.219843899899999 ], [ -115.1565579, 36.219841199900003 ], [ -115.1565552, 36.219841199900003 ], [ -115.1565552, 36.2198384999 ], [ -115.1565498, 36.2198384999 ], [ -115.1565498, 36.219835799900004 ], [ -115.1565471, 36.219835799900004 ], [ -115.1565471, 36.219833099900001 ], [ -115.1565444, 36.219833099900001 ], [ -115.1565444, 36.219830399899998 ], [ -115.156539, 36.219830399899998 ], [ -115.156539, 36.219827699900002 ], [ -115.156533599999989, 36.219827699900002 ], [ -115.156533599999989, 36.219824999899998 ], [ -115.1565282, 36.219824999899998 ], [ -115.1565282, 36.219827699900002 ], [ -115.1565228, 36.219827699900002 ], [ -115.1565228, 36.219830399899998 ], [ -115.1565201, 36.219830399899998 ], [ -115.1565201, 36.219833099900001 ], [ -115.1565174, 36.219833099900001 ], [ -115.1565174, 36.2198384999 ], [ -115.156512, 36.2198384999 ], [ -115.156512, 36.219841199900003 ], [ -115.1565039, 36.219841199900003 ], [ -115.1565039, 36.2198384999 ], [ -115.1564985, 36.2198384999 ], [ -115.1564985, 36.219835799900004 ], [ -115.1564931, 36.219835799900004 ], [ -115.1564931, 36.219833099900001 ], [ -115.1564904, 36.219833099900001 ], [ -115.1564904, 36.219830399899998 ], [ -115.1564877, 36.219830399899998 ], [ -115.1564877, 36.219827699900002 ], [ -115.1564823, 36.219827699900002 ], [ -115.1564823, 36.219824999899998 ], [ -115.1564715, 36.219824999899998 ], [ -115.1564715, 36.219822299900002 ], [ -115.156466099999989, 36.219822299900002 ], [ -115.156466099999989, 36.219819599899999 ], [ -115.1564634, 36.219819599899999 ], [ -115.1564634, 36.219816899900003 ], [ -115.156458, 36.219816899900003 ], [ -115.156458, 36.2198141999 ], [ -115.1564526, 36.2198141999 ], [ -115.1564526, 36.219811499899997 ], [ -115.1564472, 36.219811499899997 ], [ -115.1564472, 36.219808799900001 ], [ -115.1564445, 36.219808799900001 ], [ -115.1564445, 36.219806099899998 ], [ -115.1564391, 36.219806099899998 ], [ -115.1564391, 36.219803399900002 ], [ -115.1564364, 36.219803399900002 ], [ -115.1564364, 36.219800699899999 ], [ -115.156431, 36.219800699899999 ], [ -115.156431, 36.219797999900003 ], [ -115.1564256, 36.219797999900003 ], [ -115.1564256, 36.219795299899999 ], [ -115.1564202, 36.219795299899999 ], [ -115.1564202, 36.219781799899998 ], [ -115.1564229, 36.219781799899998 ], [ -115.1564229, 36.219779099900002 ], [ -115.1564256, 36.219779099900002 ], [ -115.1564256, 36.219776399899999 ], [ -115.1564283, 36.219776399899999 ], [ -115.1564283, 36.219773699900003 ], [ -115.1564337, 36.219773699900003 ], [ -115.1564337, 36.2197709999 ], [ -115.1564364, 36.2197709999 ], [ -115.1564364, 36.219768299900004 ], [ -115.1564391, 36.219768299900004 ], [ -115.1564391, 36.219765599900001 ], [ -115.1564418, 36.219765599900001 ], [ -115.1564418, 36.219762899899997 ], [ -115.1564445, 36.219762899899997 ], [ -115.1564445, 36.219760199900001 ], [ -115.1564499, 36.219760199900001 ], [ -115.1564499, 36.219757499899998 ], [ -115.1564526, 36.219757499899998 ], [ -115.1564526, 36.219754799900002 ], [ -115.1564553, 36.219754799900002 ], [ -115.1564553, 36.219752099899999 ], [ -115.156458, 36.219752099899999 ], [ -115.156458, 36.219749399900003 ], [ -115.1564634, 36.219749399900003 ], [ -115.1564634, 36.2197466999 ], [ -115.156466099999989, 36.2197466999 ], [ -115.156466099999989, 36.219743999900004 ], [ -115.1564769, 36.219743999900004 ], [ -115.1564769, 36.2197466999 ], [ -115.1564931, 36.2197466999 ], [ -115.1564931, 36.219749399900003 ], [ -115.1564985, 36.219749399900003 ], [ -115.1564985, 36.2197466999 ], [ -115.1565066, 36.2197466999 ], [ -115.1565066, 36.219743999900004 ], [ -115.156512, 36.219743999900004 ], [ -115.156512, 36.219741299900001 ], [ -115.156514699999988, 36.219741299900001 ], [ -115.156514699999988, 36.219735899900002 ], [ -115.1565174, 36.219735899900002 ], [ -115.1565174, 36.219733199899999 ], [ -115.1565201, 36.219733199899999 ], [ -115.1565201, 36.219730499900002 ], [ -115.1565228, 36.219730499900002 ], [ -115.1565228, 36.219727799899999 ], [ -115.1565255, 36.219727799899999 ], [ -115.1565255, 36.219725099900003 ], [ -115.1565282, 36.219725099900003 ], [ -115.1565282, 36.2197223999 ], [ -115.1565309, 36.2197223999 ], [ -115.1565309, 36.219719699900004 ], [ -115.156533599999989, 36.219719699900004 ], [ -115.156533599999989, 36.219716999900001 ], [ -115.1565363, 36.219716999900001 ], [ -115.1565363, 36.219714299899998 ], [ -115.156539, 36.219714299899998 ], [ -115.156539, 36.219708899899999 ], [ -115.1565444, 36.219708899899999 ], [ -115.1565444, 36.219706199900003 ], [ -115.1565498, 36.219706199900003 ], [ -115.1565498, 36.2197034999 ], [ -115.1565552, 36.2197034999 ], [ -115.1565552, 36.219700799900004 ], [ -115.156563299999988, 36.219700799900004 ], [ -115.156563299999988, 36.2197034999 ], [ -115.1565714, 36.2197034999 ], [ -115.1565714, 36.219706199900003 ], [ -115.1565768, 36.219706199900003 ], [ -115.1565768, 36.219708899899999 ], [ -115.156582199999988, 36.219708899899999 ], [ -115.156582199999988, 36.219711599900002 ], [ -115.1565849, 36.219711599900002 ], [ -115.1565849, 36.219708899899999 ], [ -115.1565876, 36.219708899899999 ], [ -115.1565876, 36.219851999900001 ] ] ] } },
{ "type": "Feature", "properties": { "value": 255.0 }, "geometry": { "type": "Polygon", "coordinates": [ [ [ -115.154973, 36.219779099900002 ], [ -115.154905500000012, 36.219779099900002 ], [ -115.154905500000012, 36.219776399899999 ], [ -115.1549028, 36.219776399899999 ], [ -115.1549028, 36.219754799900002 ], [ -115.1549001, 36.219754799900002 ], [ -115.1549001, 36.219752099899999 ], [ -115.15489740000001, 36.219752099899999 ], [ -115.15489740000001, 36.219749399900003 ], [ -115.1548407, 36.219749399900003 ], [ -115.1548407, 36.219743999900004 ], [ -115.154838, 36.219743999900004 ], [ -115.154838, 36.219644099900002 ], [ -115.1548407, 36.219644099900002 ], [ -115.1548407, 36.219641399899999 ], [ -115.154892, 36.219641399899999 ], [ -115.154892, 36.219638699900003 ], [ -115.1549757, 36.219638699900003 ], [ -115.1549757, 36.219641399899999 ], [ -115.1549784, 36.219641399899999 ], [ -115.1549784, 36.219735899900002 ], [ -115.1549811, 36.219735899900002 ], [ -115.1549811, 36.219741299900001 ], [ -115.1549784, 36.219741299900001 ], [ -115.1549784, 36.219776399899999 ], [ -115.154973, 36.219776399899999 ], [ -115.154973, 36.219779099900002 ] ] ] } },
{ "type": "Feature", "properties": { "value": 255.0 }, "geometry": { "type": "Polygon", "coordinates": [ [ [ -115.1559909, 36.2197709999 ], [ -115.1559261, 36.2197709999 ], [ -115.1559261, 36.219768299900004 ], [ -115.155891, 36.219768299900004 ], [ -115.155891, 36.219765599900001 ], [ -115.1558883, 36.219765599900001 ], [ -115.1558883, 36.219752099899999 ], [ -115.1558856, 36.219752099899999 ], [ -115.1558856, 36.219741299900001 ], [ -115.1558775, 36.219741299900001 ], [ -115.1558775, 36.219738599899998 ], [ -115.1558694, 36.219738599899998 ], [ -115.1558694, 36.219741299900001 ], [ -115.1558289, 36.219741299900001 ], [ -115.1558289, 36.219738599899998 ], [ -115.1558262, 36.219738599899998 ], [ -115.1558262, 36.219735899900002 ], [ -115.1558235, 36.219735899900002 ], [ -115.1558235, 36.219660299899999 ], [ -115.1558208, 36.219660299899999 ], [ -115.1558208, 36.2196305999 ], [ -115.1558316, 36.2196305999 ], [ -115.1558316, 36.219627899900004 ], [ -115.1559423, 36.219627899900004 ], [ -115.1559423, 36.2196305999 ], [ -115.1559612, 36.2196305999 ], [ -115.1559612, 36.219635999899999 ], [ -115.1559639, 36.219635999899999 ], [ -115.1559639, 36.219692699900001 ], [ -115.1559666, 36.219692699900001 ], [ -115.1559666, 36.219700799900004 ], [ -115.1559693, 36.219700799900004 ], [ -115.1559693, 36.2197034999 ], [ -115.1559909, 36.2197034999 ], [ -115.1559909, 36.219706199900003 ], [ -115.1559936, 36.219706199900003 ], [ -115.1559936, 36.219708899899999 ], [ -115.1559963, 36.219708899899999 ], [ -115.1559963, 36.219768299900004 ], [ -115.1559909, 36.219768299900004 ], [ -115.1559909, 36.2197709999 ] ] ] } },
{ "type": "Feature", "properties": { "value": 255.0 }, "geometry": { "type": "Polygon", "coordinates": [ [ [ -115.1561502, 36.219768299900004 ], [ -115.1561394, 36.219768299900004 ], [ -115.1561394, 36.219765599900001 ], [ -115.1561124, 36.219765599900001 ], [ -115.1561124, 36.219762899899997 ], [ -115.156107, 36.219762899899997 ], [ -115.156107, 36.219760199900001 ], [ -115.1560287, 36.219760199900001 ], [ -115.1560287, 36.219749399900003 ], [ -115.156026, 36.219749399900003 ], [ -115.156026, 36.219684599899999 ], [ -115.1560287, 36.219684599899999 ], [ -115.1560287, 36.219681899900003 ], [ -115.156026, 36.219681899900003 ], [ -115.156026, 36.219641399899999 ], [ -115.1560233, 36.219641399899999 ], [ -115.1560233, 36.219635999899999 ], [ -115.156026, 36.219635999899999 ], [ -115.156026, 36.219633299900003 ], [ -115.1560233, 36.219633299900003 ], [ -115.1560233, 36.219619799900002 ], [ -115.1560287, 36.219619799900002 ], [ -115.1560287, 36.219617099899999 ], [ -115.1561745, 36.219617099899999 ], [ -115.1561745, 36.219619799900002 ], [ -115.1561772, 36.219619799900002 ], [ -115.1561772, 36.219622499899998 ], [ -115.1561799, 36.219622499899998 ], [ -115.1561799, 36.219716999900001 ], [ -115.1561826, 36.219716999900001 ], [ -115.1561826, 36.219725099900003 ], [ -115.1561799, 36.219725099900003 ], [ -115.1561799, 36.219762899899997 ], [ -115.1561772, 36.219762899899997 ], [ -115.1561772, 36.219765599900001 ], [ -115.1561502, 36.219765599900001 ], [ -115.1561502, 36.219768299900004 ] ] ] } },
{ "type": "Feature", "properties": { "value": 255.0 }, "geometry": { "type": "Polygon", "coordinates": [ [ [ -115.1553834, 36.219776399899999 ], [ -115.1553105, 36.219776399899999 ], [ -115.1553105, 36.219773699900003 ], [ -115.1552781, 36.219773699900003 ], [ -115.1552781, 36.2197709999 ], [ -115.1552754, 36.2197709999 ], [ -115.1552754, 36.219749399900003 ], [ -115.1552727, 36.219749399900003 ], [ -115.1552727, 36.2197466999 ], [ -115.1552673, 36.2197466999 ], [ -115.1552673, 36.219743999900004 ], [ -115.1552511, 36.219743999900004 ], [ -115.1552511, 36.2197466999 ], [ -115.1552457, 36.2197466999 ], [ -115.1552457, 36.219743999900004 ], [ -115.155243, 36.219743999900004 ], [ -115.155243, 36.2197466999 ], [ -115.155216, 36.2197466999 ], [ -115.155216, 36.219743999900004 ], [ -115.1552133, 36.219743999900004 ], [ -115.1552133, 36.219733199899999 ], [ -115.1552106, 36.219733199899999 ], [ -115.1552106, 36.219638699900003 ], [ -115.1552133, 36.219638699900003 ], [ -115.1552133, 36.219614399900003 ], [ -115.155216, 36.219614399900003 ], [ -115.155216, 36.2196116999 ], [ -115.1552781, 36.2196116999 ], [ -115.1552781, 36.219614399900003 ], [ -115.1552808, 36.219614399900003 ], [ -115.1552808, 36.2196305999 ], [ -115.15528350000001, 36.2196305999 ], [ -115.15528350000001, 36.219633299900003 ], [ -115.1552862, 36.219633299900003 ], [ -115.1552862, 36.219635999899999 ], [ -115.1553483, 36.219635999899999 ], [ -115.1553483, 36.219641399899999 ], [ -115.155351, 36.219641399899999 ], [ -115.155351, 36.219657599900003 ], [ -115.1553537, 36.219657599900003 ], [ -115.1553537, 36.219695399899997 ], [ -115.1553564, 36.219695399899997 ], [ -115.1553564, 36.2197034999 ], [ -115.1553591, 36.2197034999 ], [ -115.1553591, 36.219708899899999 ], [ -115.1553645, 36.219708899899999 ], [ -115.1553645, 36.219711599900002 ], [ -115.1553834, 36.219711599900002 ], [ -115.1553834, 36.219714299899998 ], [ -115.1553861, 36.219714299899998 ], [ -115.1553861, 36.219773699900003 ], [ -115.1553834, 36.219773699900003 ], [ -115.1553834, 36.219776399899999 ] ] ] } },
{ "type": "Feature", "properties": { "value": 255.0 }, "geometry": { "type": "Polygon", "coordinates": [ [ [ -115.155675, 36.219779099900002 ], [ -115.1556237, 36.219779099900002 ], [ -115.1556237, 36.219776399899999 ], [ -115.155621, 36.219776399899999 ], [ -115.155621, 36.2197709999 ], [ -115.1556183, 36.2197709999 ], [ -115.1556183, 36.2196116999 ], [ -115.1556156, 36.2196116999 ], [ -115.1556156, 36.219608999900004 ], [ -115.1556183, 36.219608999900004 ], [ -115.1556183, 36.219603599899997 ], [ -115.1556669, 36.219603599899997 ], [ -115.1556669, 36.219600899900001 ], [ -115.1557209, 36.219600899900001 ], [ -115.1557209, 36.219606299900001 ], [ -115.1557236, 36.219606299900001 ], [ -115.1557236, 36.219625199900001 ], [ -115.1557263, 36.219625199900001 ], [ -115.1557263, 36.219627899900004 ], [ -115.1557479, 36.219627899900004 ], [ -115.1557479, 36.219625199900001 ], [ -115.1557506, 36.219625199900001 ], [ -115.1557506, 36.219627899900004 ], [ -115.1557614, 36.219627899900004 ], [ -115.1557614, 36.219625199900001 ], [ -115.1557695, 36.219625199900001 ], [ -115.1557695, 36.219627899900004 ], [ -115.1557722, 36.219627899900004 ], [ -115.1557722, 36.219649499900001 ], [ -115.1557749, 36.219649499900001 ], [ -115.1557749, 36.219689999899998 ], [ -115.1557776, 36.219689999899998 ], [ -115.1557776, 36.219706199900003 ], [ -115.1557803, 36.219706199900003 ], [ -115.1557803, 36.219719699900004 ], [ -115.155783, 36.219719699900004 ], [ -115.155783, 36.2197223999 ], [ -115.1557857, 36.2197223999 ], [ -115.1557857, 36.219725099900003 ], [ -115.1557884, 36.219725099900003 ], [ -115.1557884, 36.219738599899998 ], [ -115.1557911, 36.219738599899998 ], [ -115.1557911, 36.219741299900001 ], [ -115.1557938, 36.219741299900001 ], [ -115.1557938, 36.2197466999 ], [ -115.1557965, 36.2197466999 ], [ -115.1557965, 36.219752099899999 ], [ -115.1557938, 36.219752099899999 ], [ -115.1557938, 36.219765599900001 ], [ -115.1557911, 36.219765599900001 ], [ -115.1557911, 36.219768299900004 ], [ -115.1557371, 36.219768299900004 ], [ -115.1557371, 36.2197709999 ], [ -115.1556993, 36.2197709999 ], [ -115.1556993, 36.219773699900003 ], [ -115.1556912, 36.219773699900003 ], [ -115.1556912, 36.219776399899999 ], [ -115.155675, 36.219776399899999 ], [ -115.155675, 36.219779099900002 ] ] ] } },
{ "type": "Feature", "properties": { "value": 255.0 }, "geometry": { "type": "Polygon", "coordinates": [ [ [ -115.1551809, 36.219776399899999 ], [ -115.155108, 36.219776399899999 ], [ -115.155108, 36.2197709999 ], [ -115.1551053, 36.2197709999 ], [ -115.1551053, 36.219749399900003 ], [ -115.1551026, 36.219749399900003 ], [ -115.1551026, 36.2197466999 ], [ -115.1550648, 36.2197466999 ], [ -115.1550648, 36.219749399900003 ], [ -115.1550486, 36.219749399900003 ], [ -115.1550486, 36.2197466999 ], [ -115.1550459, 36.2197466999 ], [ -115.1550459, 36.219743999900004 ], [ -115.1550432, 36.219743999900004 ], [ -115.1550432, 36.219700799900004 ], [ -115.1550405, 36.219700799900004 ], [ -115.1550405, 36.219644099900002 ], [ -115.1550432, 36.219644099900002 ], [ -115.1550432, 36.219641399899999 ], [ -115.1550405, 36.219641399899999 ], [ -115.1550405, 36.219606299900001 ], [ -115.1550432, 36.219606299900001 ], [ -115.1550432, 36.219603599899997 ], [ -115.1550567, 36.219603599899997 ], [ -115.1550567, 36.219600899900001 ], [ -115.1551458, 36.219600899900001 ], [ -115.1551458, 36.219598199899998 ], [ -115.1551755, 36.219598199899998 ], [ -115.1551755, 36.219600899900001 ], [ -115.1551809, 36.219600899900001 ], [ -115.1551809, 36.219625199900001 ], [ -115.1551836, 36.219625199900001 ], [ -115.1551836, 36.219692699900001 ], [ -115.1551809, 36.219692699900001 ], [ -115.1551809, 36.219711599900002 ], [ -115.1551836, 36.219711599900002 ], [ -115.1551836, 36.219773699900003 ], [ -115.1551809, 36.219773699900003 ], [ -115.1551809, 36.219776399899999 ] ] ] } },
{ "type": "Feature", "properties": { "value": 255.0 }, "geometry": { "type": "Polygon", "coordinates": [ [ [ -115.155594, 36.219619799900002 ], [ -115.1555751, 36.219619799900002 ], [ -115.1555751, 36.219617099899999 ], [ -115.1555724, 36.219617099899999 ], [ -115.1555724, 36.219614399900003 ], [ -115.1555697, 36.219614399900003 ], [ -115.1555697, 36.219598199899998 ], [ -115.1555724, 36.219598199899998 ], [ -115.1555724, 36.219595499900002 ], [ -115.1555778, 36.219595499900002 ], [ -115.1555778, 36.219598199899998 ], [ -115.1555805, 36.219598199899998 ], [ -115.1555805, 36.219595499900002 ], [ -115.1555967, 36.219595499900002 ], [ -115.1555967, 36.219608999900004 ], [ -115.1555994, 36.219608999900004 ], [ -115.1555994, 36.2196116999 ], [ -115.1555967, 36.2196116999 ], [ -115.1555967, 36.219617099899999 ], [ -115.155594, 36.219617099899999 ], [ -115.155594, 36.219619799900002 ] ] ] } },
{ "type": "Feature", "properties": { "value": 255.0 }, "geometry": { "type": "Polygon", "coordinates": [ [ [ -115.1555886, 36.219773699900003 ], [ -115.1555535, 36.219773699900003 ], [ -115.1555535, 36.2197709999 ], [ -115.15554, 36.2197709999 ], [ -115.15554, 36.219768299900004 ], [ -115.1555238, 36.219768299900004 ], [ -115.1555238, 36.219765599900001 ], [ -115.1555184, 36.219765599900001 ], [ -115.1555184, 36.219762899899997 ], [ -115.1554617, 36.219762899899997 ], [ -115.1554617, 36.219765599900001 ], [ -115.1554455, 36.219765599900001 ], [ -115.1554455, 36.219768299900004 ], [ -115.1554212, 36.219768299900004 ], [ -115.1554212, 36.219765599900001 ], [ -115.1554158, 36.219765599900001 ], [ -115.1554158, 36.219762899899997 ], [ -115.1554131, 36.219762899899997 ], [ -115.1554131, 36.219752099899999 ], [ -115.1554104, 36.219752099899999 ], [ -115.1554104, 36.219743999900004 ], [ -115.1554131, 36.219743999900004 ], [ -115.1554131, 36.219687299900002 ], [ -115.1554104, 36.219687299900002 ], [ -115.1554104, 36.219660299899999 ], [ -115.1554131, 36.219660299899999 ], [ -115.1554131, 36.219652199900004 ], [ -115.1554104, 36.219652199900004 ], [ -115.1554104, 36.219638699900003 ], [ -115.1554131, 36.219638699900003 ], [ -115.1554131, 36.219633299900003 ], [ -115.1554185, 36.219633299900003 ], [ -115.1554185, 36.2196305999 ], [ -115.1554212, 36.2196305999 ], [ -115.1554212, 36.219617099899999 ], [ -115.1554239, 36.219617099899999 ], [ -115.1554239, 36.2196116999 ], [ -115.1554266, 36.2196116999 ], [ -115.1554266, 36.219608999900004 ], [ -115.1554401, 36.219608999900004 ], [ -115.1554401, 36.219606299900001 ], [ -115.1554455, 36.219606299900001 ], [ -115.1554455, 36.219608999900004 ], [ -115.1554428, 36.219608999900004 ], [ -115.1554428, 36.219617099899999 ], [ -115.1554509, 36.219617099899999 ], [ -115.1554509, 36.2196116999 ], [ -115.1554536, 36.2196116999 ], [ -115.1554536, 36.219608999900004 ], [ -115.1554509, 36.219608999900004 ], [ -115.1554509, 36.219606299900001 ], [ -115.1554536, 36.219606299900001 ], [ -115.1554536, 36.219603599899997 ], [ -115.1554644, 36.219603599899997 ], [ -115.1554644, 36.219600899900001 ], [ -115.1554698, 36.219600899900001 ], [ -115.1554698, 36.219598199899998 ], [ -115.1555022, 36.219598199899998 ], [ -115.1555022, 36.219600899900001 ], [ -115.1555049, 36.219600899900001 ], [ -115.1555049, 36.219627899900004 ], [ -115.1555076, 36.219627899900004 ], [ -115.1555076, 36.2196305999 ], [ -115.1555292, 36.2196305999 ], [ -115.1555292, 36.219627899900004 ], [ -115.1555751, 36.219627899900004 ], [ -115.1555751, 36.219625199900001 ], [ -115.1555805, 36.219625199900001 ], [ -115.1555805, 36.219627899900004 ], [ -115.1555832, 36.219627899900004 ], [ -115.1555832, 36.2196305999 ], [ -115.1555859, 36.2196305999 ], [ -115.1555859, 36.219633299900003 ], [ -115.1555886, 36.219633299900003 ], [ -115.1555886, 36.219752099899999 ], [ -115.1555913, 36.219752099899999 ], [ -115.1555913, 36.219768299900004 ], [ -115.1555886, 36.219768299900004 ], [ -115.1555886, 36.219773699900003 ] ] ] } },
{ "type": "Feature", "properties": { "value": 255.0 }, "geometry": { "type": "Polygon", "coordinates": [ [ [ -115.1562528, 36.219619799900002 ], [ -115.1562501, 36.219619799900002 ], [ -115.1562501, 36.219617099899999 ], [ -115.156242, 36.219617099899999 ], [ -115.156242, 36.219619799900002 ], [ -115.1562312, 36.219619799900002 ], [ -115.1562312, 36.219617099899999 ], [ -115.1562258, 36.219617099899999 ], [ -115.1562258, 36.219584699900004 ], [ -115.1562285, 36.219584699900004 ], [ -115.1562285, 36.219581999900001 ], [ -115.1562555, 36.219581999900001 ], [ -115.1562555, 36.219617099899999 ], [ -115.1562528, 36.219617099899999 ], [ -115.1562528, 36.219619799900002 ] ] ] } },
{ "type": "Feature", "properties": { "value": 255.0 }, "geometry": { "type": "Polygon", "coordinates": [ [ [ -115.1563986, 36.219765599900001 ], [ -115.1563905, 36.219765599900001 ], [ -115.1563905, 36.219762899899997 ], [ -115.1563824, 36.219762899899997 ], [ -115.1563824, 36.219760199900001 ], [ -115.1563797, 36.219760199900001 ], [ -115.1563797, 36.219757499899998 ], [ -115.1563743, 36.219757499899998 ], [ -115.1563743, 36.219754799900002 ], [ -115.1563689, 36.219754799900002 ], [ -115.1563689, 36.219752099899999 ], [ -115.1563635, 36.219752099899999 ], [ -115.1563635, 36.219749399900003 ], [ -115.1563581, 36.219749399900003 ], [ -115.1563581, 36.2197466999 ], [ -115.1563554, 36.2197466999 ], [ -115.1563554, 36.219743999900004 ], [ -115.15635, 36.219743999900004 ], [ -115.15635, 36.219741299900001 ], [ -115.1563473, 36.219741299900001 ], [ -115.1563473, 36.219738599899998 ], [ -115.1563446, 36.219738599899998 ], [ -115.1563446, 36.219735899900002 ], [ -115.1563419, 36.219735899900002 ], [ -115.1563419, 36.219727799899999 ], [ -115.1563446, 36.219727799899999 ], [ -115.1563446, 36.219725099900003 ], [ -115.1563473, 36.219725099900003 ], [ -115.1563473, 36.2197223999 ], [ -115.15635, 36.2197223999 ], [ -115.15635, 36.219719699900004 ], [ -115.1563527, 36.219719699900004 ], [ -115.1563527, 36.219708899899999 ], [ -115.15635, 36.219708899899999 ], [ -115.15635, 36.219706199900003 ], [ -115.1563473, 36.219706199900003 ], [ -115.1563473, 36.2197034999 ], [ -115.1563446, 36.2197034999 ], [ -115.1563446, 36.219700799900004 ], [ -115.1563392, 36.219700799900004 ], [ -115.1563392, 36.2196980999 ], [ -115.1563365, 36.2196980999 ], [ -115.1563365, 36.219695399899997 ], [ -115.1563311, 36.219695399899997 ], [ -115.1563311, 36.219692699900001 ], [ -115.1563284, 36.219692699900001 ], [ -115.1563284, 36.219689999899998 ], [ -115.156323, 36.219689999899998 ], [ -115.156323, 36.219687299900002 ], [ -115.1563203, 36.219687299900002 ], [ -115.1563203, 36.219681899900003 ], [ -115.1563176, 36.219681899900003 ], [ -115.1563176, 36.219676499900004 ], [ -115.1563203, 36.219676499900004 ], [ -115.1563203, 36.219673799900001 ], [ -115.156323, 36.219673799900001 ], [ -115.156323, 36.219671099899998 ], [ -115.1563257, 36.219671099899998 ], [ -115.1563257, 36.219668399900002 ], [ -115.1563284, 36.219668399900002 ], [ -115.1563284, 36.219665699899998 ], [ -115.1563311, 36.219665699899998 ], [ -115.1563311, 36.219662999900002 ], [ -115.1563338, 36.219662999900002 ], [ -115.1563338, 36.219660299899999 ], [ -115.1563365, 36.219660299899999 ], [ -115.1563365, 36.219657599900003 ], [ -115.1563392, 36.219657599900003 ], [ -115.1563392, 36.2196548999 ], [ -115.1563419, 36.2196548999 ], [ -115.1563419, 36.219652199900004 ], [ -115.1563446, 36.219652199900004 ], [ -115.1563446, 36.219649499900001 ], [ -115.1563473, 36.219649499900001 ], [ -115.1563473, 36.219646799899998 ], [ -115.15635, 36.219646799899998 ], [ -115.15635, 36.219644099900002 ], [ -115.1563527, 36.219644099900002 ], [ -115.1563527, 36.219641399899999 ], [ -115.1563554, 36.219641399899999 ], [ -115.1563554, 36.219635999899999 ], [ -115.1563581, 36.219635999899999 ], [ -115.1563581, 36.219633299900003 ], [ -115.1563608, 36.219633299900003 ], [ -115.1563608, 36.2196305999 ], [ -115.1563635, 36.2196305999 ], [ -115.1563635, 36.219627899900004 ], [ -115.1563662, 36.219627899900004 ], [ -115.1563662, 36.219625199900001 ], [ -115.1563689, 36.219625199900001 ], [ -115.1563689, 36.219619799900002 ], [ -115.1563716, 36.219619799900002 ], [ -115.1563716, 36.219617099899999 ], [ -115.1563743, 36.219617099899999 ], [ -115.1563743, 36.219614399900003 ], [ -115.156377, 36.219614399900003 ], [ -115.156377, 36.2196116999 ], [ -115.1563797, 36.2196116999 ], [ -115.1563797, 36.219608999900004 ], [ -115.1563824, 36.219608999900004 ], [ -115.1563824, 36.219606299900001 ], [ -115.1563851, 36.219606299900001 ], [ -115.1563851, 36.219603599899997 ], [ -115.1563878, 36.219603599899997 ], [ -115.1563878, 36.219600899900001 ], [ -115.1563905, 36.219600899900001 ], [ -115.1563905, 36.219598199899998 ], [ -115.1563932, 36.219598199899998 ], [ -115.1563932, 36.219595499900002 ], [ -115.1563986, 36.219595499900002 ], [ -115.1563986, 36.219592799899999 ], [ -115.1564013, 36.219592799899999 ], [ -115.1564013, 36.219590099900003 ], [ -115.156404, 36.219590099900003 ], [ -115.156404, 36.2195873999 ], [ -115.1564094, 36.2195873999 ], [ -115.1564094, 36.219584699900004 ], [ -115.1564121, 36.219584699900004 ], [ -115.1564121, 36.219581999900001 ], [ -115.1564256, 36.219581999900001 ], [ -115.1564256, 36.219584699900004 ], [ -115.156431, 36.219584699900004 ], [ -115.156431, 36.2195873999 ], [ -115.1564364, 36.2195873999 ], [ -115.1564364, 36.219590099900003 ], [ -115.1564391, 36.219590099900003 ], [ -115.1564391, 36.219592799899999 ], [ -115.1564445, 36.219592799899999 ], [ -115.1564445, 36.219598199899998 ], [ -115.1564418, 36.219598199899998 ], [ -115.1564418, 36.219603599899997 ], [ -115.1564391, 36.219603599899997 ], [ -115.1564391, 36.219608999900004 ], [ -115.1564364, 36.219608999900004 ], [ -115.1564364, 36.219622499899998 ], [ -115.1564445, 36.219622499899998 ], [ -115.1564445, 36.219625199900001 ], [ -115.1564499, 36.219625199900001 ], [ -115.1564499, 36.219627899900004 ], [ -115.1564553, 36.219627899900004 ], [ -115.1564553, 36.2196305999 ], [ -115.156458, 36.2196305999 ], [ -115.156458, 36.219633299900003 ], [ -115.1564634, 36.219633299900003 ], [ -115.1564634, 36.219635999899999 ], [ -115.156466099999989, 36.219635999899999 ], [ -115.156466099999989, 36.219638699900003 ], [ -115.1564715, 36.219638699900003 ], [ -115.1564715, 36.219641399899999 ], [ -115.1564742, 36.219641399899999 ], [ -115.1564742, 36.219644099900002 ], [ -115.1564769, 36.219644099900002 ], [ -115.1564769, 36.219646799899998 ], [ -115.1564823, 36.219646799899998 ], [ -115.1564823, 36.219649499900001 ], [ -115.1564877, 36.219649499900001 ], [ -115.1564877, 36.219652199900004 ], [ -115.1564904, 36.219652199900004 ], [ -115.1564904, 36.2196548999 ], [ -115.1564931, 36.2196548999 ], [ -115.1564931, 36.219657599900003 ], [ -115.1564958, 36.219657599900003 ], [ -115.1564958, 36.219660299899999 ], [ -115.1564985, 36.219660299899999 ], [ -115.1564985, 36.219673799900001 ], [ -115.1564958, 36.219673799900001 ], [ -115.1564958, 36.219676499900004 ], [ -115.1564931, 36.219676499900004 ], [ -115.1564931, 36.2196791999 ], [ -115.1564904, 36.2196791999 ], [ -115.1564904, 36.219681899900003 ], [ -115.1564877, 36.219681899900003 ], [ -115.1564877, 36.219684599899999 ], [ -115.156485, 36.219684599899999 ], [ -115.156485, 36.219687299900002 ], [ -115.1564823, 36.219687299900002 ], [ -115.1564823, 36.219692699900001 ], [ -115.1564796, 36.219692699900001 ], [ -115.1564796, 36.219695399899997 ], [ -115.1564769, 36.219695399899997 ], [ -115.1564769, 36.2196980999 ], [ -115.1564742, 36.2196980999 ], [ -115.1564742, 36.219700799900004 ], [ -115.1564715, 36.219700799900004 ], [ -115.1564715, 36.2197034999 ], [ -115.1564688, 36.2197034999 ], [ -115.1564688, 36.219706199900003 ], [ -115.156466099999989, 36.219706199900003 ], [ -115.156466099999989, 36.219711599900002 ], [ -115.1564634, 36.219711599900002 ], [ -115.1564634, 36.219714299899998 ], [ -115.1564607, 36.219714299899998 ], [ -115.1564607, 36.219716999900001 ], [ -115.156458, 36.219716999900001 ], [ -115.156458, 36.219719699900004 ], [ -115.1564553, 36.219719699900004 ], [ -115.1564553, 36.2197223999 ], [ -115.1564526, 36.2197223999 ], [ -115.1564526, 36.219725099900003 ], [ -115.1564499, 36.219725099900003 ], [ -115.1564499, 36.219727799899999 ], [ -115.1564445, 36.219727799899999 ], [ -115.1564445, 36.219730499900002 ], [ -115.1564418, 36.219730499900002 ], [ -115.1564418, 36.219733199899999 ], [ -115.1564391, 36.219733199899999 ], [ -115.1564391, 36.219735899900002 ], [ -115.1564364, 36.219735899900002 ], [ -115.1564364, 36.219738599899998 ], [ -115.1564337, 36.219738599899998 ], [ -115.1564337, 36.219741299900001 ], [ -115.1564283, 36.219741299900001 ], [ -115.1564283, 36.219743999900004 ], [ -115.1564256, 36.219743999900004 ], [ -115.1564256, 36.2197466999 ], [ -115.1564229, 36.2197466999 ], [ -115.1564229, 36.219749399900003 ], [ -115.1564202, 36.219749399900003 ], [ -115.1564202, 36.219752099899999 ], [ -115.156417499999989, 36.219752099899999 ], [ -115.156417499999989, 36.219754799900002 ], [ -115.1564148, 36.219754799900002 ], [ -115.1564148, 36.219757499899998 ], [ -115.1564094, 36.219757499899998 ], [ -115.1564094, 36.219760199900001 ], [ -115.1564067, 36.219760199900001 ], [ -115.1564067, 36.219762899899997 ], [ -115.1563986, 36.219762899899997 ], [ -115.1563986, 36.219765599900001 ] ] ] } },
{ "type": "Feature", "properties": { "value": 255.0 }, "geometry": { "type": "Polygon", "coordinates": [ [ [ -115.1565201, 36.219600899900001 ], [ -115.1565066, 36.219600899900001 ], [ -115.1565066, 36.219598199899998 ], [ -115.1564985, 36.219598199899998 ], [ -115.1564985, 36.219595499900002 ], [ -115.1564958, 36.219595499900002 ], [ -115.1564958, 36.219584699900004 ], [ -115.1564931, 36.219584699900004 ], [ -115.1564931, 36.219579299899998 ], [ -115.1564958, 36.219579299899998 ], [ -115.1564958, 36.219571199900003 ], [ -115.1564985, 36.219571199900003 ], [ -115.1564985, 36.219568499899999 ], [ -115.1565012, 36.219568499899999 ], [ -115.1565012, 36.219565799900003 ], [ -115.1565201, 36.219565799900003 ], [ -115.1565201, 36.2195630999 ], [ -115.1565255, 36.2195630999 ], [ -115.1565255, 36.219560399900004 ], [ -115.1565363, 36.219560399900004 ], [ -115.1565363, 36.219565799900003 ], [ -115.156539, 36.219565799900003 ], [ -115.156539, 36.219571199900003 ], [ -115.1565417, 36.219571199900003 ], [ -115.1565417, 36.219590099900003 ], [ -115.156539, 36.219590099900003 ], [ -115.156539, 36.219595499900002 ], [ -115.1565363, 36.219595499900002 ], [ -115.1565363, 36.219598199899998 ], [ -115.1565201, 36.219598199899998 ], [ -115.1565201, 36.219600899900001 ] ] ] } }
]
}
