{
"type": "FeatureCollection",
"crs": { "type": "name", "properties": { "name": "urn:ogc:def:crs:OGC:1.3:CRS84" } },
"features": [
{ "type": "Feature", "properties": { "value": 255.0 }, "geometry": { "type": "Polygon", "coordinates": [ [ [ -115.3016289, 36.179192699799998 ], [ -115.3015695, 36.179192699799998 ], [ -115.3015695, 36.179189999799995 ], [ -115.3015776, 36.179189999799995 ], [ -115.3015776, 36.179187299799999 ], [ -115.3015857, 36.179187299799999 ], [ -115.3015857, 36.179184599799996 ], [ -115.3015884, 36.179184599799996 ], [ -115.3015884, 36.179187299799999 ], [ -115.3016046, 36.179187299799999 ], [ -115.3016046, 36.179189999799995 ], [ -115.30161, 36.179189999799995 ], [ -115.30161, 36.179187299799999 ], [ -115.3016181, 36.179187299799999 ], [ -115.3016181, 36.179189999799995 ], [ -115.3016289, 36.179189999799995 ], [ -115.3016289, 36.179192699799998 ] ] ] } },
{ "type": "Feature", "properties": { "value": 255.0 }, "geometry": { "type": "Polygon", "coordinates": [ [ [ -115.3008108, 36.179192699799998 ], [ -115.3007892, 36.179192699799998 ], [ -115.3007892, 36.1791818998 ], [ -115.3007973, 36.1791818998 ], [ -115.3007973, 36.179179199799997 ], [ -115.3008027, 36.179179199799997 ], [ -115.3008027, 36.1791818998 ], [ -115.3008108, 36.1791818998 ], [ -115.3008108, 36.179192699799998 ] ] ] } },
{ "type": "Feature", "properties": { "value": 255.0 }, "geometry": { "type": "Polygon", "coordinates": [ [ [ -115.3015371, 36.179192699799998 ], [ -115.3014156, 36.179192699799998 ], [ -115.3014156, 36.179184599799996 ], [ -115.3014183, 36.179184599799996 ], [ -115.3014183, 36.1791818998 ], [ -115.301421, 36.1791818998 ], [ -115.301421, 36.179179199799997 ], [ -115.3014237, 36.179179199799997 ], [ -115.3014237, 36.1791764998 ], [ -115.3014264, 36.1791764998 ], [ -115.3014264, 36.179173799799997 ], [ -115.3014291, 36.179173799799997 ], [ -115.3014291, 36.179171099800001 ], [ -115.3014318, 36.179171099800001 ], [ -115.3014318, 36.179168399799998 ], [ -115.3014345, 36.179168399799998 ], [ -115.3014345, 36.179165699799995 ], [ -115.3014399, 36.179165699799995 ], [ -115.3014399, 36.179162999799999 ], [ -115.3014426, 36.179162999799999 ], [ -115.3014426, 36.179160299799996 ], [ -115.3014561, 36.179160299799996 ], [ -115.3014561, 36.1791575998 ], [ -115.3014804, 36.1791575998 ], [ -115.3014804, 36.179160299799996 ], [ -115.3014858, 36.179160299799996 ], [ -115.3014858, 36.179162999799999 ], [ -115.3014912, 36.179162999799999 ], [ -115.3014912, 36.179165699799995 ], [ -115.3014966, 36.179165699799995 ], [ -115.3014966, 36.179168399799998 ], [ -115.3014993, 36.179168399799998 ], [ -115.3014993, 36.179171099800001 ], [ -115.3015047, 36.179171099800001 ], [ -115.3015047, 36.179173799799997 ], [ -115.3015074, 36.179173799799997 ], [ -115.3015074, 36.1791764998 ], [ -115.3015101, 36.1791764998 ], [ -115.3015101, 36.179179199799997 ], [ -115.3015155, 36.179179199799997 ], [ -115.3015155, 36.1791818998 ], [ -115.3015209, 36.1791818998 ], [ -115.3015209, 36.179184599799996 ], [ -115.3015263, 36.179184599799996 ], [ -115.3015263, 36.179187299799999 ], [ -115.301529, 36.179187299799999 ], [ -115.301529, 36.179189999799995 ], [ -115.3015371, 36.179189999799995 ], [ -115.3015371, 36.179192699799998 ] ] ] } },
{ "type": "Feature", "properties": { "value": 255.0 }, "geometry": { "type": "Polygon", "coordinates": [ [ [ -115.30053, 36.179192699799998 ], [ -115.3004976, 36.179192699799998 ], [ -115.3004976, 36.1790900998 ], [ -115.3005084, 36.1790900998 ], [ -115.3005084, 36.179092799799996 ], [ -115.3005138, 36.179092799799996 ], [ -115.3005138, 36.179095499799999 ], [ -115.3005192, 36.179095499799999 ], [ -115.3005192, 36.179098199799995 ], [ -115.3005246, 36.179098199799995 ], [ -115.3005246, 36.179100899799998 ], [ -115.3005273, 36.179100899799998 ], [ -115.3005273, 36.179103599800001 ], [ -115.30053, 36.179103599800001 ], [ -115.30053, 36.179106299799997 ], [ -115.3005327, 36.179106299799997 ], [ -115.3005327, 36.1791089998 ], [ -115.3005381, 36.1791089998 ], [ -115.3005381, 36.179111699799996 ], [ -115.3005435, 36.179111699799996 ], [ -115.3005435, 36.1791143998 ], [ -115.3005462, 36.1791143998 ], [ -115.3005462, 36.179117099799996 ], [ -115.3005489, 36.179117099799996 ], [ -115.3005489, 36.179119799799999 ], [ -115.3005462, 36.179119799799999 ], [ -115.3005462, 36.179125199799998 ], [ -115.3005489, 36.179125199799998 ], [ -115.3005489, 36.179138699799999 ], [ -115.3005462, 36.179138699799999 ], [ -115.3005462, 36.179141399799995 ], [ -115.3005435, 36.179141399799995 ], [ -115.3005435, 36.179149499799998 ], [ -115.3005462, 36.179149499799998 ], [ -115.3005462, 36.179154899799997 ], [ -115.3005435, 36.179154899799997 ], [ -115.3005435, 36.179162999799999 ], [ -115.3005462, 36.179162999799999 ], [ -115.3005462, 36.179165699799995 ], [ -115.3005489, 36.179165699799995 ], [ -115.3005489, 36.179171099800001 ], [ -115.3005462, 36.179171099800001 ], [ -115.3005462, 36.1791764998 ], [ -115.3005435, 36.1791764998 ], [ -115.3005435, 36.179179199799997 ], [ -115.3005381, 36.179179199799997 ], [ -115.3005381, 36.1791818998 ], [ -115.3005354, 36.1791818998 ], [ -115.3005354, 36.179184599799996 ], [ -115.30053, 36.179184599799996 ], [ -115.30053, 36.179192699799998 ] ] ] } },
{ "type": "Feature", "properties": { "value": 255.0 }, "geometry": { "type": "Polygon", "coordinates": [ [ [ -115.3007541, 36.179192699799998 ], [ -115.300611, 36.179192699799998 ], [ -115.300611, 36.179189999799995 ], [ -115.3006083, 36.179189999799995 ], [ -115.3006083, 36.179184599799996 ], [ -115.3006056, 36.179184599799996 ], [ -115.3006056, 36.1791818998 ], [ -115.3006029, 36.1791818998 ], [ -115.3006029, 36.179171099800001 ], [ -115.3006002, 36.179171099800001 ], [ -115.3006002, 36.1791575998 ], [ -115.3006029, 36.1791575998 ], [ -115.3006029, 36.179122499799995 ], [ -115.3006056, 36.179122499799995 ], [ -115.3006056, 36.179111699799996 ], [ -115.3006083, 36.179111699799996 ], [ -115.3006083, 36.179106299799997 ], [ -115.300611, 36.179106299799997 ], [ -115.300611, 36.179100899799998 ], [ -115.3006083, 36.179100899799998 ], [ -115.3006083, 36.179095499799999 ], [ -115.300611, 36.179095499799999 ], [ -115.300611, 36.179084699800001 ], [ -115.3006191, 36.179084699800001 ], [ -115.3006191, 36.179076599799998 ], [ -115.3006218, 36.179076599799998 ], [ -115.3006218, 36.179060399800001 ], [ -115.3006245, 36.179060399800001 ], [ -115.3006245, 36.179046899799999 ], [ -115.3006272, 36.179046899799999 ], [ -115.3006272, 36.1790414998 ], [ -115.3006299, 36.1790414998 ], [ -115.3006299, 36.179036099800001 ], [ -115.3006326, 36.179036099800001 ], [ -115.3006326, 36.179019899799997 ], [ -115.3006353, 36.179019899799997 ], [ -115.3006353, 36.179011799800001 ], [ -115.300638, 36.179011799800001 ], [ -115.300638, 36.179003699799999 ], [ -115.3006407, 36.179003699799999 ], [ -115.3006407, 36.1789982998 ], [ -115.300638, 36.1789982998 ], [ -115.300638, 36.178992899800001 ], [ -115.3006407, 36.178992899800001 ], [ -115.3006407, 36.178990199799998 ], [ -115.3006515, 36.178990199799998 ], [ -115.3006515, 36.178987499800002 ], [ -115.3006839, 36.178987499800002 ], [ -115.3006839, 36.178984799799998 ], [ -115.300719, 36.178984799799998 ], [ -115.300719, 36.178987499800002 ], [ -115.3007217, 36.178987499800002 ], [ -115.3007217, 36.178992899800001 ], [ -115.3007244, 36.178992899800001 ], [ -115.3007244, 36.179017199800001 ], [ -115.3007217, 36.179017199800001 ], [ -115.3007217, 36.179038799799997 ], [ -115.300719, 36.179038799799997 ], [ -115.300719, 36.1790414998 ], [ -115.3007163, 36.1790414998 ], [ -115.3007163, 36.179044199799996 ], [ -115.3007136, 36.179044199799996 ], [ -115.3007136, 36.179046899799999 ], [ -115.3007001, 36.179046899799999 ], [ -115.3007001, 36.179049599799995 ], [ -115.3007028, 36.179049599799995 ], [ -115.3007028, 36.179057699799998 ], [ -115.3007055, 36.179057699799998 ], [ -115.3007055, 36.179060399800001 ], [ -115.3007109, 36.179060399800001 ], [ -115.3007109, 36.179063099799997 ], [ -115.3007136, 36.179063099799997 ], [ -115.3007136, 36.1790657998 ], [ -115.3007163, 36.1790657998 ], [ -115.3007163, 36.179068499799996 ], [ -115.300719, 36.179068499799996 ], [ -115.300719, 36.179073899799995 ], [ -115.3007217, 36.179073899799995 ], [ -115.3007217, 36.179095499799999 ], [ -115.300719, 36.179095499799999 ], [ -115.300719, 36.179103599800001 ], [ -115.3007163, 36.179103599800001 ], [ -115.3007163, 36.179106299799997 ], [ -115.3007136, 36.179106299799997 ], [ -115.3007136, 36.179111699799996 ], [ -115.3007109, 36.179111699799996 ], [ -115.3007109, 36.1791143998 ], [ -115.3007082, 36.1791143998 ], [ -115.3007082, 36.179119799799999 ], [ -115.3007136, 36.179119799799999 ], [ -115.3007136, 36.179122499799995 ], [ -115.3007109, 36.179122499799995 ], [ -115.3007109, 36.1791332998 ], [ -115.3007082, 36.1791332998 ], [ -115.3007082, 36.179141399799995 ], [ -115.3007244, 36.179141399799995 ], [ -115.3007244, 36.179146799800002 ], [ -115.3007271, 36.179146799800002 ], [ -115.3007271, 36.179149499799998 ], [ -115.3007352, 36.179149499799998 ], [ -115.3007352, 36.179152199800001 ], [ -115.3007379, 36.179152199800001 ], [ -115.3007379, 36.179154899799997 ], [ -115.3007433, 36.179154899799997 ], [ -115.3007433, 36.1791575998 ], [ -115.300746, 36.1791575998 ], [ -115.300746, 36.179160299799996 ], [ -115.3007487, 36.179160299799996 ], [ -115.3007487, 36.179168399799998 ], [ -115.300746, 36.179168399799998 ], [ -115.300746, 36.179171099800001 ], [ -115.3007487, 36.179171099800001 ], [ -115.3007487, 36.179173799799997 ], [ -115.3007676, 36.179173799799997 ], [ -115.3007676, 36.1791764998 ], [ -115.3007595, 36.1791764998 ], [ -115.3007595, 36.179184599799996 ], [ -115.3007568, 36.179184599799996 ], [ -115.3007568, 36.179187299799999 ], [ -115.3007541, 36.179187299799999 ], [ -115.3007541, 36.179192699799998 ] ], [ [ -115.300665, 36.179044199799996 ], [ -115.300665, 36.1790414998 ], [ -115.3006623, 36.1790414998 ], [ -115.3006623, 36.179038799799997 ], [ -115.3006596, 36.179038799799997 ], [ -115.3006596, 36.179036099800001 ], [ -115.3006488, 36.179036099800001 ], [ -115.3006488, 36.179038799799997 ], [ -115.3006515, 36.179038799799997 ], [ -115.3006515, 36.1790414998 ], [ -115.3006569, 36.1790414998 ], [ -115.3006569, 36.179044199799996 ], [ -115.300665, 36.179044199799996 ] ] ] } },
{ "type": "Feature", "properties": { "value": 255.0 }, "geometry": { "type": "Polygon", "coordinates": [ [ [ -115.3005111, 36.178857899800001 ], [ -115.300503, 36.178857899800001 ], [ -115.300503, 36.178855199799997 ], [ -115.3005003, 36.178855199799997 ], [ -115.3005003, 36.178857899800001 ], [ -115.3004976, 36.178857899800001 ], [ -115.3004976, 36.178836299799997 ], [ -115.3005003, 36.178836299799997 ], [ -115.3005003, 36.178849799799998 ], [ -115.3005084, 36.178849799799998 ], [ -115.3005084, 36.178855199799997 ], [ -115.3005111, 36.178855199799997 ], [ -115.3005111, 36.178857899800001 ] ] ] } },
{ "type": "Feature", "properties": { "value": 255.0 }, "geometry": { "type": "Polygon", "coordinates": [ [ [ -115.3019178, 36.179087399799997 ], [ -115.3019043, 36.179087399799997 ], [ -115.3019043, 36.179084699800001 ], [ -115.3019016, 36.179084699800001 ], [ -115.3019016, 36.179081999799998 ], [ -115.3018962, 36.179081999799998 ], [ -115.3018962, 36.179079299800001 ], [ -115.3018935, 36.179079299800001 ], [ -115.3018935, 36.179076599799998 ], [ -115.3018908, 36.179076599799998 ], [ -115.3018908, 36.179073899799995 ], [ -115.3018881, 36.179073899799995 ], [ -115.3018881, 36.179071199799999 ], [ -115.3018854, 36.179071199799999 ], [ -115.3018854, 36.179068499799996 ], [ -115.3018827, 36.179068499799996 ], [ -115.3018827, 36.1790657998 ], [ -115.30188, 36.1790657998 ], [ -115.30188, 36.179063099799997 ], [ -115.3018773, 36.179063099799997 ], [ -115.3018773, 36.179060399800001 ], [ -115.3018719, 36.179060399800001 ], [ -115.3018719, 36.179057699799998 ], [ -115.3018692, 36.179057699799998 ], [ -115.3018692, 36.179054999800002 ], [ -115.3018638, 36.179054999800002 ], [ -115.3018638, 36.179052299799999 ], [ -115.3018611, 36.179052299799999 ], [ -115.3018611, 36.179049599799995 ], [ -115.3018557, 36.179049599799995 ], [ -115.3018557, 36.179044199799996 ], [ -115.301853, 36.179044199799996 ], [ -115.301853, 36.179038799799997 ], [ -115.3018503, 36.179038799799997 ], [ -115.3018503, 36.179036099800001 ], [ -115.3018449, 36.179036099800001 ], [ -115.3018449, 36.179033399799998 ], [ -115.3018422, 36.179033399799998 ], [ -115.3018422, 36.179030699799995 ], [ -115.3018368, 36.179030699799995 ], [ -115.3018368, 36.179027999799999 ], [ -115.3018341, 36.179027999799999 ], [ -115.3018341, 36.179025299799996 ], [ -115.3018314, 36.179025299799996 ], [ -115.3018314, 36.1790225998 ], [ -115.301826, 36.1790225998 ], [ -115.301826, 36.179019899799997 ], [ -115.3018233, 36.179019899799997 ], [ -115.3018233, 36.179017199800001 ], [ -115.3018206, 36.179017199800001 ], [ -115.3018206, 36.179014499799997 ], [ -115.3018152, 36.179014499799997 ], [ -115.3018152, 36.179011799800001 ], [ -115.3018098, 36.179011799800001 ], [ -115.3018098, 36.179009099799998 ], [ -115.3018071, 36.179009099799998 ], [ -115.3018071, 36.179006399799995 ], [ -115.3018044, 36.179006399799995 ], [ -115.3018044, 36.179003699799999 ], [ -115.3018071, 36.179003699799999 ], [ -115.3018071, 36.1789982998 ], [ -115.3018044, 36.1789982998 ], [ -115.3018044, 36.178995599799997 ], [ -115.301799, 36.178995599799997 ], [ -115.301799, 36.178992899800001 ], [ -115.3017963, 36.178992899800001 ], [ -115.3017963, 36.178987499800002 ], [ -115.301799, 36.178987499800002 ], [ -115.301799, 36.178982099799995 ], [ -115.3018071, 36.178982099799995 ], [ -115.3018071, 36.178976699799996 ], [ -115.3018017, 36.178976699799996 ], [ -115.3018017, 36.1789739998 ], [ -115.301799, 36.1789739998 ], [ -115.301799, 36.178968599800001 ], [ -115.3018152, 36.178968599800001 ], [ -115.3018152, 36.178965899799998 ], [ -115.3018206, 36.178965899799998 ], [ -115.3018206, 36.178960499799999 ], [ -115.3018341, 36.178960499799999 ], [ -115.3018341, 36.178957799799996 ], [ -115.3018503, 36.178957799799996 ], [ -115.3018503, 36.1789550998 ], [ -115.301853, 36.1789550998 ], [ -115.301853, 36.178952399799996 ], [ -115.3018557, 36.178952399799996 ], [ -115.3018557, 36.1789496998 ], [ -115.3018611, 36.1789496998 ], [ -115.3018611, 36.178946999799997 ], [ -115.3018692, 36.178946999799997 ], [ -115.3018692, 36.178944299800001 ], [ -115.30188, 36.178944299800001 ], [ -115.30188, 36.178933499799996 ], [ -115.3018908, 36.178933499799996 ], [ -115.3018908, 36.1789307998 ], [ -115.3018935, 36.1789307998 ], [ -115.3018935, 36.178919999800002 ], [ -115.3018908, 36.178919999800002 ], [ -115.3018908, 36.178914599799995 ], [ -115.3018935, 36.178914599799995 ], [ -115.3018935, 36.178903799799997 ], [ -115.3018908, 36.178903799799997 ], [ -115.3018908, 36.178901099800001 ], [ -115.3018854, 36.178901099800001 ], [ -115.3018854, 36.178898399799998 ], [ -115.3018827, 36.178898399799998 ], [ -115.3018827, 36.178895699800002 ], [ -115.30188, 36.178895699800002 ], [ -115.30188, 36.178892999799999 ], [ -115.3018746, 36.178892999799999 ], [ -115.3018746, 36.178895699800002 ], [ -115.3018719, 36.178895699800002 ], [ -115.3018719, 36.178898399799998 ], [ -115.3018638, 36.178898399799998 ], [ -115.3018638, 36.178901099800001 ], [ -115.301853, 36.178901099800001 ], [ -115.301853, 36.178903799799997 ], [ -115.3018503, 36.178903799799997 ], [ -115.3018503, 36.1789064998 ], [ -115.3018449, 36.1789064998 ], [ -115.3018449, 36.178909199799996 ], [ -115.3018395, 36.178909199799996 ], [ -115.3018395, 36.178911899799999 ], [ -115.3018314, 36.178911899799999 ], [ -115.3018314, 36.178914599799995 ], [ -115.3018287, 36.178914599799995 ], [ -115.3018287, 36.178917299799998 ], [ -115.3018233, 36.178917299799998 ], [ -115.3018233, 36.178919999800002 ], [ -115.3018206, 36.178919999800002 ], [ -115.3018206, 36.178922699799998 ], [ -115.3018179, 36.178922699799998 ], [ -115.3018179, 36.178925399800001 ], [ -115.3018152, 36.178925399800001 ], [ -115.3018152, 36.178928099799997 ], [ -115.3018044, 36.178928099799997 ], [ -115.3018044, 36.1789307998 ], [ -115.3018017, 36.1789307998 ], [ -115.3018017, 36.178933499799996 ], [ -115.301799, 36.178933499799996 ], [ -115.301799, 36.178936199799999 ], [ -115.3017936, 36.178936199799999 ], [ -115.3017936, 36.178938899800002 ], [ -115.3017909, 36.178938899800002 ], [ -115.3017909, 36.178941599799998 ], [ -115.3017855, 36.178941599799998 ], [ -115.3017855, 36.178944299800001 ], [ -115.3017828, 36.178944299800001 ], [ -115.3017828, 36.178946999799997 ], [ -115.3017801, 36.178946999799997 ], [ -115.3017801, 36.1789496998 ], [ -115.3017774, 36.1789496998 ], [ -115.3017774, 36.178952399799996 ], [ -115.301772, 36.178952399799996 ], [ -115.301772, 36.1789550998 ], [ -115.3017666, 36.1789550998 ], [ -115.3017666, 36.178957799799996 ], [ -115.3017612, 36.178957799799996 ], [ -115.3017612, 36.178960499799999 ], [ -115.3017369, 36.178960499799999 ], [ -115.3017369, 36.178957799799996 ], [ -115.3017315, 36.178957799799996 ], [ -115.3017315, 36.1789550998 ], [ -115.3017261, 36.1789550998 ], [ -115.3017261, 36.178952399799996 ], [ -115.3017234, 36.178952399799996 ], [ -115.3017234, 36.1789496998 ], [ -115.3017207, 36.1789496998 ], [ -115.3017207, 36.178946999799997 ], [ -115.301718, 36.178946999799997 ], [ -115.301718, 36.178944299800001 ], [ -115.3017153, 36.178944299800001 ], [ -115.3017153, 36.178941599799998 ], [ -115.3017126, 36.178941599799998 ], [ -115.3017126, 36.178938899800002 ], [ -115.3017072, 36.178938899800002 ], [ -115.3017072, 36.178936199799999 ], [ -115.3017045, 36.178936199799999 ], [ -115.3017045, 36.178933499799996 ], [ -115.3016991, 36.178933499799996 ], [ -115.3016991, 36.1789307998 ], [ -115.3016964, 36.1789307998 ], [ -115.3016964, 36.178928099799997 ], [ -115.3016937, 36.178928099799997 ], [ -115.3016937, 36.178922699799998 ], [ -115.3016964, 36.178922699799998 ], [ -115.3016964, 36.178919999800002 ], [ -115.3016991, 36.178919999800002 ], [ -115.3016991, 36.178914599799995 ], [ -115.3017045, 36.178914599799995 ], [ -115.3017045, 36.178909199799996 ], [ -115.3017072, 36.178909199799996 ], [ -115.3017072, 36.178903799799997 ], [ -115.3017099, 36.178903799799997 ], [ -115.3017099, 36.178898399799998 ], [ -115.3017153, 36.178898399799998 ], [ -115.3017153, 36.178895699800002 ], [ -115.301718, 36.178895699800002 ], [ -115.301718, 36.178892999799999 ], [ -115.3017207, 36.178892999799999 ], [ -115.3017207, 36.178890299799995 ], [ -115.3017234, 36.178890299799995 ], [ -115.3017234, 36.178887599799999 ], [ -115.3017261, 36.178887599799999 ], [ -115.3017261, 36.178884899799996 ], [ -115.3017315, 36.178884899799996 ], [ -115.3017315, 36.1788821998 ], [ -115.3017342, 36.1788821998 ], [ -115.3017342, 36.178879499799997 ], [ -115.3017369, 36.178879499799997 ], [ -115.3017369, 36.178876799800001 ], [ -115.3017423, 36.178876799800001 ], [ -115.3017423, 36.178874099799998 ], [ -115.3017558, 36.178874099799998 ], [ -115.3017558, 36.178871399800002 ], [ -115.3017639, 36.178871399800002 ], [ -115.3017639, 36.178868699799999 ], [ -115.3017693, 36.178868699799999 ], [ -115.3017693, 36.178865999799996 ], [ -115.301772, 36.178865999799996 ], [ -115.301772, 36.1788632998 ], [ -115.3017801, 36.1788632998 ], [ -115.3017801, 36.178860599799997 ], [ -115.3017855, 36.178860599799997 ], [ -115.3017855, 36.1788632998 ], [ -115.3017963, 36.1788632998 ], [ -115.3017963, 36.178849799799998 ], [ -115.3017936, 36.178849799799998 ], [ -115.3017936, 36.178847099800002 ], [ -115.3017909, 36.178847099800002 ], [ -115.3017909, 36.178844399799999 ], [ -115.3017882, 36.178844399799999 ], [ -115.3017882, 36.178836299799997 ], [ -115.3017909, 36.178836299799997 ], [ -115.3017909, 36.178830899799998 ], [ -115.3017936, 36.178830899799998 ], [ -115.3017936, 36.178825499799999 ], [ -115.3017963, 36.178825499799999 ], [ -115.3017963, 36.178820099799999 ], [ -115.3018044, 36.178820099799999 ], [ -115.3018044, 36.178817399799996 ], [ -115.3018098, 36.178817399799996 ], [ -115.3018098, 36.1788146998 ], [ -115.3018152, 36.1788146998 ], [ -115.3018152, 36.178811999799997 ], [ -115.3018206, 36.178811999799997 ], [ -115.3018206, 36.178809299800001 ], [ -115.3018233, 36.178809299800001 ], [ -115.3018233, 36.178806599799998 ], [ -115.301826, 36.178806599799998 ], [ -115.301826, 36.178803899800002 ], [ -115.3018287, 36.178803899800002 ], [ -115.3018287, 36.178801199799999 ], [ -115.3018341, 36.178801199799999 ], [ -115.3018341, 36.178798499799996 ], [ -115.3018395, 36.178798499799996 ], [ -115.3018395, 36.1787957998 ], [ -115.3018557, 36.1787957998 ], [ -115.3018557, 36.178798499799996 ], [ -115.3018611, 36.178798499799996 ], [ -115.3018611, 36.178801199799999 ], [ -115.3018638, 36.178801199799999 ], [ -115.3018638, 36.178803899800002 ], [ -115.3018665, 36.178803899800002 ], [ -115.3018665, 36.178806599799998 ], [ -115.3018692, 36.178806599799998 ], [ -115.3018692, 36.178809299800001 ], [ -115.3018719, 36.178809299800001 ], [ -115.3018719, 36.178811999799997 ], [ -115.3018746, 36.178811999799997 ], [ -115.3018746, 36.1788146998 ], [ -115.3018773, 36.1788146998 ], [ -115.3018773, 36.178817399799996 ], [ -115.30188, 36.178817399799996 ], [ -115.30188, 36.178820099799999 ], [ -115.3018854, 36.178820099799999 ], [ -115.3018854, 36.178822799799995 ], [ -115.3018908, 36.178822799799995 ], [ -115.3018908, 36.178825499799999 ], [ -115.3018935, 36.178825499799999 ], [ -115.3018935, 36.178828199800002 ], [ -115.3019151, 36.178828199800002 ], [ -115.3019151, 36.178825499799999 ], [ -115.301934, 36.178825499799999 ], [ -115.301934, 36.178822799799995 ], [ -115.3019556, 36.178822799799995 ], [ -115.3019556, 36.178825499799999 ], [ -115.3019583, 36.178825499799999 ], [ -115.3019583, 36.178828199800002 ], [ -115.301961, 36.178828199800002 ], [ -115.301961, 36.178830899799998 ], [ -115.3019637, 36.178830899799998 ], [ -115.3019637, 36.178833599800001 ], [ -115.3019664, 36.178833599800001 ], [ -115.3019664, 36.178836299799997 ], [ -115.3019691, 36.178836299799997 ], [ -115.3019691, 36.1788389998 ], [ -115.3019718, 36.1788389998 ], [ -115.3019718, 36.178841699799996 ], [ -115.3019826, 36.178841699799996 ], [ -115.3019826, 36.178844399799999 ], [ -115.3019907, 36.178844399799999 ], [ -115.3019907, 36.178847099800002 ], [ -115.3019934, 36.178847099800002 ], [ -115.3019934, 36.178849799799998 ], [ -115.3019988, 36.178849799799998 ], [ -115.3019988, 36.178852499800001 ], [ -115.3020015, 36.178852499800001 ], [ -115.3020015, 36.178855199799997 ], [ -115.3020042, 36.178855199799997 ], [ -115.3020042, 36.178860599799997 ], [ -115.3020069, 36.178860599799997 ], [ -115.3020069, 36.178879499799997 ], [ -115.3020042, 36.178879499799997 ], [ -115.3020042, 36.1788821998 ], [ -115.3020015, 36.1788821998 ], [ -115.3020015, 36.178898399799998 ], [ -115.3020042, 36.178898399799998 ], [ -115.3020042, 36.178903799799997 ], [ -115.3020069, 36.178903799799997 ], [ -115.3020069, 36.1789064998 ], [ -115.3020096, 36.1789064998 ], [ -115.3020096, 36.178909199799996 ], [ -115.3020123, 36.178909199799996 ], [ -115.3020123, 36.178911899799999 ], [ -115.302015, 36.178911899799999 ], [ -115.302015, 36.178914599799995 ], [ -115.3020177, 36.178914599799995 ], [ -115.3020177, 36.178917299799998 ], [ -115.3020204, 36.178917299799998 ], [ -115.3020204, 36.178919999800002 ], [ -115.3020231, 36.178919999800002 ], [ -115.3020231, 36.178922699799998 ], [ -115.3020258, 36.178922699799998 ], [ -115.3020258, 36.178925399800001 ], [ -115.3020285, 36.178925399800001 ], [ -115.3020285, 36.178928099799997 ], [ -115.3020339, 36.178928099799997 ], [ -115.3020339, 36.1789307998 ], [ -115.3020366, 36.1789307998 ], [ -115.3020366, 36.178933499799996 ], [ -115.3020393, 36.178933499799996 ], [ -115.3020393, 36.178938899800002 ], [ -115.302042, 36.178938899800002 ], [ -115.302042, 36.178944299800001 ], [ -115.3020447, 36.178944299800001 ], [ -115.3020447, 36.1789550998 ], [ -115.3020474, 36.1789550998 ], [ -115.3020474, 36.178963199800002 ], [ -115.3020501, 36.178963199800002 ], [ -115.3020501, 36.178965899799998 ], [ -115.3020528, 36.178965899799998 ], [ -115.3020528, 36.178976699799996 ], [ -115.3020501, 36.178976699799996 ], [ -115.3020501, 36.178979399799999 ], [ -115.3020447, 36.178979399799999 ], [ -115.3020447, 36.178982099799995 ], [ -115.302042, 36.178982099799995 ], [ -115.302042, 36.178984799799998 ], [ -115.3020366, 36.178984799799998 ], [ -115.3020366, 36.178987499800002 ], [ -115.3020339, 36.178987499800002 ], [ -115.3020339, 36.178992899800001 ], [ -115.3020312, 36.178992899800001 ], [ -115.3020312, 36.178995599799997 ], [ -115.3020285, 36.178995599799997 ], [ -115.3020285, 36.1789982998 ], [ -115.3020258, 36.1789982998 ], [ -115.3020258, 36.179000999799996 ], [ -115.3020231, 36.179000999799996 ], [ -115.3020231, 36.179003699799999 ], [ -115.3020204, 36.179003699799999 ], [ -115.3020204, 36.179006399799995 ], [ -115.3020177, 36.179006399799995 ], [ -115.3020177, 36.179014499799997 ], [ -115.302015, 36.179014499799997 ], [ -115.302015, 36.179017199800001 ], [ -115.3020123, 36.179017199800001 ], [ -115.3020123, 36.1790225998 ], [ -115.3020096, 36.1790225998 ], [ -115.3020096, 36.179025299799996 ], [ -115.3020069, 36.179025299799996 ], [ -115.3020069, 36.179027999799999 ], [ -115.3020015, 36.179027999799999 ], [ -115.3020015, 36.179030699799995 ], [ -115.3019988, 36.179030699799995 ], [ -115.3019988, 36.179033399799998 ], [ -115.3019961, 36.179033399799998 ], [ -115.3019961, 36.179036099800001 ], [ -115.3019934, 36.179036099800001 ], [ -115.3019934, 36.179038799799997 ], [ -115.3019907, 36.179038799799997 ], [ -115.3019907, 36.1790414998 ], [ -115.301988, 36.1790414998 ], [ -115.301988, 36.179046899799999 ], [ -115.3019853, 36.179046899799999 ], [ -115.3019853, 36.179054999800002 ], [ -115.301988, 36.179054999800002 ], [ -115.301988, 36.179063099799997 ], [ -115.3019853, 36.179063099799997 ], [ -115.3019853, 36.1790657998 ], [ -115.3019772, 36.1790657998 ], [ -115.3019772, 36.179068499799996 ], [ -115.3019691, 36.179068499799996 ], [ -115.3019691, 36.179071199799999 ], [ -115.3019637, 36.179071199799999 ], [ -115.3019637, 36.179073899799995 ], [ -115.3019583, 36.179073899799995 ], [ -115.3019583, 36.179071199799999 ], [ -115.3019475, 36.179071199799999 ], [ -115.3019475, 36.179073899799995 ], [ -115.301934, 36.179073899799995 ], [ -115.301934, 36.179076599799998 ], [ -115.3019286, 36.179076599799998 ], [ -115.3019286, 36.179079299800001 ], [ -115.3019232, 36.179079299800001 ], [ -115.3019232, 36.179081999799998 ], [ -115.3019205, 36.179081999799998 ], [ -115.3019205, 36.179084699800001 ], [ -115.3019178, 36.179084699800001 ], [ -115.3019178, 36.179087399799997 ] ] ] } },
{ "type": "Feature", "properties": { "value": 255.0 }, "geometry": { "type": "Polygon", "coordinates": [ [ [ -115.3011051, 36.179098199799995 ], [ -115.3010565, 36.179098199799995 ], [ -115.3010565, 36.179095499799999 ], [ -115.301043, 36.179095499799999 ], [ -115.301043, 36.179092799799996 ], [ -115.3010403, 36.179092799799996 ], [ -115.3010403, 36.1790900998 ], [ -115.3010376, 36.1790900998 ], [ -115.3010376, 36.179087399799997 ], [ -115.3010349, 36.179087399799997 ], [ -115.3010349, 36.179081999799998 ], [ -115.3010322, 36.179081999799998 ], [ -115.3010322, 36.179076599799998 ], [ -115.3010295, 36.179076599799998 ], [ -115.3010295, 36.179073899799995 ], [ -115.3010241, 36.179073899799995 ], [ -115.3010241, 36.179071199799999 ], [ -115.3010079, 36.179071199799999 ], [ -115.3010079, 36.179068499799996 ], [ -115.3010052, 36.179068499799996 ], [ -115.3010052, 36.179063099799997 ], [ -115.3010025, 36.179063099799997 ], [ -115.3010025, 36.179060399800001 ], [ -115.3009998, 36.179060399800001 ], [ -115.3009998, 36.179054999800002 ], [ -115.3009971, 36.179054999800002 ], [ -115.3009971, 36.179052299799999 ], [ -115.3009944, 36.179052299799999 ], [ -115.3009944, 36.179049599799995 ], [ -115.3009917, 36.179049599799995 ], [ -115.3009917, 36.179044199799996 ], [ -115.300989, 36.179044199799996 ], [ -115.300989, 36.179038799799997 ], [ -115.3009863, 36.179038799799997 ], [ -115.3009863, 36.179036099800001 ], [ -115.3009836, 36.179036099800001 ], [ -115.3009836, 36.179033399799998 ], [ -115.3009809, 36.179033399799998 ], [ -115.3009809, 36.179030699799995 ], [ -115.3009782, 36.179030699799995 ], [ -115.3009782, 36.179027999799999 ], [ -115.3009755, 36.179027999799999 ], [ -115.3009755, 36.1790225998 ], [ -115.3009728, 36.1790225998 ], [ -115.3009728, 36.179017199800001 ], [ -115.3009701, 36.179017199800001 ], [ -115.3009701, 36.179009099799998 ], [ -115.3009674, 36.179009099799998 ], [ -115.3009674, 36.179006399799995 ], [ -115.3009647, 36.179006399799995 ], [ -115.3009647, 36.179000999799996 ], [ -115.300962, 36.179000999799996 ], [ -115.300962, 36.178987499800002 ], [ -115.3009647, 36.178987499800002 ], [ -115.3009647, 36.178971299799997 ], [ -115.3009674, 36.178971299799997 ], [ -115.3009674, 36.178963199800002 ], [ -115.3009647, 36.178963199800002 ], [ -115.3009647, 36.178960499799999 ], [ -115.3009431, 36.178960499799999 ], [ -115.3009431, 36.178957799799996 ], [ -115.3009134, 36.178957799799996 ], [ -115.3009134, 36.1789550998 ], [ -115.3009026, 36.1789550998 ], [ -115.3009026, 36.178952399799996 ], [ -115.3008972, 36.178952399799996 ], [ -115.3008972, 36.178946999799997 ], [ -115.3008945, 36.178946999799997 ], [ -115.3008945, 36.178944299800001 ], [ -115.3008918, 36.178944299800001 ], [ -115.3008918, 36.178941599799998 ], [ -115.300881, 36.178941599799998 ], [ -115.300881, 36.178944299800001 ], [ -115.3008756, 36.178944299800001 ], [ -115.3008756, 36.178946999799997 ], [ -115.3008702, 36.178946999799997 ], [ -115.3008702, 36.1789496998 ], [ -115.3008567, 36.1789496998 ], [ -115.3008567, 36.178946999799997 ], [ -115.3008513, 36.178946999799997 ], [ -115.3008513, 36.178944299800001 ], [ -115.3008459, 36.178944299800001 ], [ -115.3008459, 36.178938899800002 ], [ -115.3008432, 36.178938899800002 ], [ -115.3008432, 36.178917299799998 ], [ -115.3008405, 36.178917299799998 ], [ -115.3008405, 36.178914599799995 ], [ -115.3008324, 36.178914599799995 ], [ -115.3008324, 36.178911899799999 ], [ -115.300827, 36.178911899799999 ], [ -115.300827, 36.178909199799996 ], [ -115.3008243, 36.178909199799996 ], [ -115.3008243, 36.1789064998 ], [ -115.3008216, 36.1789064998 ], [ -115.3008216, 36.178895699800002 ], [ -115.3008243, 36.178895699800002 ], [ -115.3008243, 36.178892999799999 ], [ -115.3008297, 36.178892999799999 ], [ -115.3008297, 36.178890299799995 ], [ -115.3008324, 36.178890299799995 ], [ -115.3008324, 36.178887599799999 ], [ -115.3008351, 36.178887599799999 ], [ -115.3008351, 36.178884899799996 ], [ -115.3008459, 36.178884899799996 ], [ -115.3008459, 36.1788821998 ], [ -115.3008513, 36.1788821998 ], [ -115.3008513, 36.178879499799997 ], [ -115.300854, 36.178879499799997 ], [ -115.300854, 36.178876799800001 ], [ -115.3008594, 36.178876799800001 ], [ -115.3008594, 36.178874099799998 ], [ -115.3008621, 36.178874099799998 ], [ -115.3008621, 36.178871399800002 ], [ -115.3008702, 36.178871399800002 ], [ -115.3008702, 36.178876799800001 ], [ -115.3008756, 36.178876799800001 ], [ -115.3008756, 36.178874099799998 ], [ -115.3008783, 36.178874099799998 ], [ -115.3008783, 36.178871399800002 ], [ -115.3008837, 36.178871399800002 ], [ -115.3008837, 36.178868699799999 ], [ -115.3008864, 36.178868699799999 ], [ -115.3008864, 36.1788632998 ], [ -115.3008891, 36.1788632998 ], [ -115.3008891, 36.178860599799997 ], [ -115.3008918, 36.178860599799997 ], [ -115.3008918, 36.178857899800001 ], [ -115.3008945, 36.178857899800001 ], [ -115.3008945, 36.178855199799997 ], [ -115.3008972, 36.178855199799997 ], [ -115.3008972, 36.178852499800001 ], [ -115.3009026, 36.178852499800001 ], [ -115.3009026, 36.178849799799998 ], [ -115.3009134, 36.178849799799998 ], [ -115.3009134, 36.178847099800002 ], [ -115.3009188, 36.178847099800002 ], [ -115.3009188, 36.178844399799999 ], [ -115.3009242, 36.178844399799999 ], [ -115.3009242, 36.178841699799996 ], [ -115.3009269, 36.178841699799996 ], [ -115.3009269, 36.1788389998 ], [ -115.3009323, 36.1788389998 ], [ -115.3009323, 36.178836299799997 ], [ -115.3009512, 36.178836299799997 ], [ -115.3009512, 36.178833599800001 ], [ -115.3009647, 36.178833599800001 ], [ -115.3009647, 36.178830899799998 ], [ -115.3009728, 36.178830899799998 ], [ -115.3009728, 36.178828199800002 ], [ -115.3009755, 36.178828199800002 ], [ -115.3009755, 36.178825499799999 ], [ -115.3009782, 36.178825499799999 ], [ -115.3009782, 36.178822799799995 ], [ -115.3009836, 36.178822799799995 ], [ -115.3009836, 36.1788146998 ], [ -115.3009863, 36.1788146998 ], [ -115.3009863, 36.178811999799997 ], [ -115.3009917, 36.178811999799997 ], [ -115.3009917, 36.178809299800001 ], [ -115.3009971, 36.178809299800001 ], [ -115.3009971, 36.178806599799998 ], [ -115.3010052, 36.178806599799998 ], [ -115.3010052, 36.178809299800001 ], [ -115.3010106, 36.178809299800001 ], [ -115.3010106, 36.178806599799998 ], [ -115.301016, 36.178806599799998 ], [ -115.301016, 36.178803899800002 ], [ -115.3010187, 36.178803899800002 ], [ -115.3010187, 36.178801199799999 ], [ -115.3010214, 36.178801199799999 ], [ -115.3010214, 36.178798499799996 ], [ -115.3010295, 36.178798499799996 ], [ -115.3010295, 36.1787957998 ], [ -115.3010322, 36.1787957998 ], [ -115.3010322, 36.178782299799998 ], [ -115.3010349, 36.178782299799998 ], [ -115.3010349, 36.178779599800002 ], [ -115.3010376, 36.178779599800002 ], [ -115.3010376, 36.178776899799999 ], [ -115.3010403, 36.178776899799999 ], [ -115.3010403, 36.178774199799996 ], [ -115.3010457, 36.178774199799996 ], [ -115.3010457, 36.1787714998 ], [ -115.3010511, 36.1787714998 ], [ -115.3010511, 36.178768799799997 ], [ -115.3010565, 36.178768799799997 ], [ -115.3010565, 36.178766099800001 ], [ -115.3010619, 36.178766099800001 ], [ -115.3010619, 36.178763399799998 ], [ -115.301097, 36.178763399799998 ], [ -115.301097, 36.178766099800001 ], [ -115.3011105, 36.178766099800001 ], [ -115.3011105, 36.178768799799997 ], [ -115.3011159, 36.178768799799997 ], [ -115.3011159, 36.1787714998 ], [ -115.3011186, 36.1787714998 ], [ -115.3011186, 36.178776899799999 ], [ -115.3011213, 36.178776899799999 ], [ -115.3011213, 36.178806599799998 ], [ -115.301124, 36.178806599799998 ], [ -115.301124, 36.1788146998 ], [ -115.3011294, 36.1788146998 ], [ -115.3011294, 36.178817399799996 ], [ -115.3011348, 36.178817399799996 ], [ -115.3011348, 36.178820099799999 ], [ -115.3011483, 36.178820099799999 ], [ -115.3011483, 36.178849799799998 ], [ -115.301151, 36.178849799799998 ], [ -115.301151, 36.178865999799996 ], [ -115.3011537, 36.178865999799996 ], [ -115.3011537, 36.178871399800002 ], [ -115.3011591, 36.178871399800002 ], [ -115.3011591, 36.178874099799998 ], [ -115.3011672, 36.178874099799998 ], [ -115.3011672, 36.178876799800001 ], [ -115.3011753, 36.178876799800001 ], [ -115.3011753, 36.178879499799997 ], [ -115.3011807, 36.178879499799997 ], [ -115.3011807, 36.1788821998 ], [ -115.3011834, 36.1788821998 ], [ -115.3011834, 36.178884899799996 ], [ -115.3011861, 36.178884899799996 ], [ -115.3011861, 36.178895699800002 ], [ -115.3011888, 36.178895699800002 ], [ -115.3011888, 36.178901099800001 ], [ -115.3011915, 36.178901099800001 ], [ -115.3011915, 36.178922699799998 ], [ -115.3011969, 36.178922699799998 ], [ -115.3011969, 36.178925399800001 ], [ -115.301205, 36.178925399800001 ], [ -115.301205, 36.178928099799997 ], [ -115.3012077, 36.178928099799997 ], [ -115.3012077, 36.178933499799996 ], [ -115.3012104, 36.178933499799996 ], [ -115.3012104, 36.1789982998 ], [ -115.3012077, 36.1789982998 ], [ -115.3012077, 36.179000999799996 ], [ -115.301205, 36.179000999799996 ], [ -115.301205, 36.179003699799999 ], [ -115.3011564, 36.179003699799999 ], [ -115.3011564, 36.179006399799995 ], [ -115.301151, 36.179006399799995 ], [ -115.301151, 36.179011799800001 ], [ -115.3011483, 36.179011799800001 ], [ -115.3011483, 36.179049599799995 ], [ -115.3011456, 36.179049599799995 ], [ -115.3011456, 36.179054999800002 ], [ -115.3011429, 36.179054999800002 ], [ -115.3011429, 36.179060399800001 ], [ -115.3011402, 36.179060399800001 ], [ -115.3011402, 36.179076599799998 ], [ -115.3011375, 36.179076599799998 ], [ -115.3011375, 36.179079299800001 ], [ -115.3011348, 36.179079299800001 ], [ -115.3011348, 36.179081999799998 ], [ -115.301124, 36.179081999799998 ], [ -115.301124, 36.179084699800001 ], [ -115.3011213, 36.179084699800001 ], [ -115.3011213, 36.1790900998 ], [ -115.3011186, 36.1790900998 ], [ -115.3011186, 36.179092799799996 ], [ -115.3011159, 36.179092799799996 ], [ -115.3011159, 36.179095499799999 ], [ -115.3011051, 36.179095499799999 ], [ -115.3011051, 36.179098199799995 ] ] ] } },
{ "type": "Feature", "properties": { "value": 255.0 }, "geometry": { "type": "Polygon", "coordinates": [ [ [ -115.3021608, 36.178911899799999 ], [ -115.3021527, 36.178911899799999 ], [ -115.3021527, 36.178909199799996 ], [ -115.30215, 36.178909199799996 ], [ -115.30215, 36.1789064998 ], [ -115.3021473, 36.1789064998 ], [ -115.3021473, 36.178903799799997 ], [ -115.3021446, 36.178903799799997 ], [ -115.3021446, 36.178898399799998 ], [ -115.3021419, 36.178898399799998 ], [ -115.3021419, 36.178895699800002 ], [ -115.3021392, 36.178895699800002 ], [ -115.3021392, 36.178892999799999 ], [ -115.3021365, 36.178892999799999 ], [ -115.3021365, 36.178890299799995 ], [ -115.3021338, 36.178890299799995 ], [ -115.3021338, 36.178884899799996 ], [ -115.3021311, 36.178884899799996 ], [ -115.3021311, 36.1788821998 ], [ -115.3021284, 36.1788821998 ], [ -115.3021284, 36.178879499799997 ], [ -115.3021257, 36.178879499799997 ], [ -115.3021257, 36.178876799800001 ], [ -115.302123, 36.178876799800001 ], [ -115.302123, 36.178874099799998 ], [ -115.3021203, 36.178874099799998 ], [ -115.3021203, 36.178871399800002 ], [ -115.3021176, 36.178871399800002 ], [ -115.3021176, 36.178868699799999 ], [ -115.3021149, 36.178868699799999 ], [ -115.3021149, 36.178865999799996 ], [ -115.3021122, 36.178865999799996 ], [ -115.3021122, 36.1788632998 ], [ -115.3021095, 36.1788632998 ], [ -115.3021095, 36.178860599799997 ], [ -115.3020933, 36.178860599799997 ], [ -115.3020933, 36.178857899800001 ], [ -115.3020879, 36.178857899800001 ], [ -115.3020879, 36.178852499800001 ], [ -115.3020852, 36.178852499800001 ], [ -115.3020852, 36.178849799799998 ], [ -115.3020825, 36.178849799799998 ], [ -115.3020825, 36.178847099800002 ], [ -115.3020798, 36.178847099800002 ], [ -115.3020798, 36.178844399799999 ], [ -115.3020771, 36.178844399799999 ], [ -115.3020771, 36.178841699799996 ], [ -115.3020744, 36.178841699799996 ], [ -115.3020744, 36.1788389998 ], [ -115.3020717, 36.1788389998 ], [ -115.3020717, 36.178836299799997 ], [ -115.302069, 36.178836299799997 ], [ -115.302069, 36.178833599800001 ], [ -115.3020663, 36.178833599800001 ], [ -115.3020663, 36.178830899799998 ], [ -115.3020636, 36.178830899799998 ], [ -115.3020636, 36.178828199800002 ], [ -115.3020609, 36.178828199800002 ], [ -115.3020609, 36.178825499799999 ], [ -115.3020582, 36.178825499799999 ], [ -115.3020582, 36.178822799799995 ], [ -115.3020555, 36.178822799799995 ], [ -115.3020555, 36.178820099799999 ], [ -115.3020528, 36.178820099799999 ], [ -115.3020528, 36.1788146998 ], [ -115.3020501, 36.1788146998 ], [ -115.3020501, 36.178811999799997 ], [ -115.3020474, 36.178811999799997 ], [ -115.3020474, 36.178809299800001 ], [ -115.3020447, 36.178809299800001 ], [ -115.3020447, 36.178806599799998 ], [ -115.302042, 36.178806599799998 ], [ -115.302042, 36.178803899800002 ], [ -115.3020393, 36.178803899800002 ], [ -115.3020393, 36.178801199799999 ], [ -115.3020366, 36.178801199799999 ], [ -115.3020366, 36.178798499799996 ], [ -115.3020339, 36.178798499799996 ], [ -115.3020339, 36.178793099799996 ], [ -115.3020312, 36.178793099799996 ], [ -115.3020312, 36.1787903998 ], [ -115.3020285, 36.1787903998 ], [ -115.3020285, 36.178787699799997 ], [ -115.3020258, 36.178787699799997 ], [ -115.3020258, 36.178784999800001 ], [ -115.3020231, 36.178784999800001 ], [ -115.3020231, 36.178782299799998 ], [ -115.3020204, 36.178782299799998 ], [ -115.3020204, 36.178779599800002 ], [ -115.3020177, 36.178779599800002 ], [ -115.3020177, 36.178776899799999 ], [ -115.302015, 36.178776899799999 ], [ -115.302015, 36.178774199799996 ], [ -115.3020096, 36.178774199799996 ], [ -115.3020096, 36.178768799799997 ], [ -115.3020069, 36.178768799799997 ], [ -115.3020069, 36.178766099800001 ], [ -115.3020042, 36.178766099800001 ], [ -115.3020042, 36.178763399799998 ], [ -115.3020015, 36.178763399799998 ], [ -115.3020015, 36.178760699800002 ], [ -115.3019988, 36.178760699800002 ], [ -115.3019988, 36.178755299800002 ], [ -115.3019961, 36.178755299800002 ], [ -115.3019961, 36.178752599799999 ], [ -115.3019934, 36.178752599799999 ], [ -115.3019934, 36.178749899799996 ], [ -115.3019907, 36.178749899799996 ], [ -115.3019907, 36.1787471998 ], [ -115.301988, 36.1787471998 ], [ -115.301988, 36.178741799800001 ], [ -115.3019853, 36.178741799800001 ], [ -115.3019853, 36.178739099799998 ], [ -115.3019826, 36.178739099799998 ], [ -115.3019826, 36.178736399800002 ], [ -115.3019799, 36.178736399800002 ], [ -115.3019799, 36.178733699799999 ], [ -115.3019772, 36.178733699799999 ], [ -115.3019772, 36.178730999800003 ], [ -115.3019745, 36.178730999800003 ], [ -115.3019745, 36.178728299799999 ], [ -115.3019718, 36.178728299799999 ], [ -115.3019718, 36.1787228998 ], [ -115.3019691, 36.1787228998 ], [ -115.3019691, 36.178714799799998 ], [ -115.3019718, 36.178714799799998 ], [ -115.3019718, 36.178709399799999 ], [ -115.3019745, 36.178709399799999 ], [ -115.3019745, 36.178706699799996 ], [ -115.3019772, 36.178706699799996 ], [ -115.3019772, 36.1787039998 ], [ -115.3019799, 36.1787039998 ], [ -115.3019799, 36.178701299799997 ], [ -115.3019826, 36.178701299799997 ], [ -115.3019826, 36.178698599800001 ], [ -115.3019853, 36.178698599800001 ], [ -115.3019853, 36.178695899799997 ], [ -115.301988, 36.178695899799997 ], [ -115.301988, 36.178693199800001 ], [ -115.3019907, 36.178693199800001 ], [ -115.3019907, 36.178687799800002 ], [ -115.3019934, 36.178687799800002 ], [ -115.3019934, 36.178685099799999 ], [ -115.3019988, 36.178685099799999 ], [ -115.3019988, 36.178682399799996 ], [ -115.3020042, 36.178682399799996 ], [ -115.3020042, 36.1786796998 ], [ -115.3020123, 36.1786796998 ], [ -115.3020123, 36.178676999799997 ], [ -115.3020204, 36.178676999799997 ], [ -115.3020204, 36.178674299800001 ], [ -115.3020393, 36.178674299800001 ], [ -115.3020393, 36.178676999799997 ], [ -115.3020447, 36.178676999799997 ], [ -115.3020447, 36.1786796998 ], [ -115.3020474, 36.1786796998 ], [ -115.3020474, 36.178682399799996 ], [ -115.3020501, 36.178682399799996 ], [ -115.3020501, 36.178685099799999 ], [ -115.3020555, 36.178685099799999 ], [ -115.3020555, 36.178687799800002 ], [ -115.3020609, 36.178687799800002 ], [ -115.3020609, 36.178690499799998 ], [ -115.3020663, 36.178690499799998 ], [ -115.3020663, 36.178693199800001 ], [ -115.3020717, 36.178693199800001 ], [ -115.3020717, 36.178695899799997 ], [ -115.3020744, 36.178695899799997 ], [ -115.3020744, 36.178698599800001 ], [ -115.3020771, 36.178698599800001 ], [ -115.3020771, 36.178701299799997 ], [ -115.3020798, 36.178701299799997 ], [ -115.3020798, 36.1787039998 ], [ -115.3020825, 36.1787039998 ], [ -115.3020825, 36.178706699799996 ], [ -115.3020852, 36.178706699799996 ], [ -115.3020852, 36.178709399799999 ], [ -115.3020933, 36.178709399799999 ], [ -115.3020933, 36.178712099800002 ], [ -115.302096, 36.178712099800002 ], [ -115.302096, 36.178714799799998 ], [ -115.3020987, 36.178714799799998 ], [ -115.3020987, 36.178717499800001 ], [ -115.3021041, 36.178717499800001 ], [ -115.3021041, 36.178720199799997 ], [ -115.3021068, 36.178720199799997 ], [ -115.3021068, 36.1787228998 ], [ -115.3021122, 36.1787228998 ], [ -115.3021122, 36.178725599799996 ], [ -115.3021149, 36.178725599799996 ], [ -115.3021149, 36.178728299799999 ], [ -115.3021203, 36.178728299799999 ], [ -115.3021203, 36.178730999800003 ], [ -115.302123, 36.178730999800003 ], [ -115.302123, 36.178733699799999 ], [ -115.3021311, 36.178733699799999 ], [ -115.3021311, 36.178736399800002 ], [ -115.3021392, 36.178736399800002 ], [ -115.3021392, 36.178739099799998 ], [ -115.3021419, 36.178739099799998 ], [ -115.3021419, 36.178741799800001 ], [ -115.3021446, 36.178741799800001 ], [ -115.3021446, 36.178744499799997 ], [ -115.30215, 36.178744499799997 ], [ -115.30215, 36.178741799800001 ], [ -115.3021581, 36.178741799800001 ], [ -115.3021581, 36.178725599799996 ], [ -115.3021527, 36.178725599799996 ], [ -115.3021527, 36.1787228998 ], [ -115.3021473, 36.1787228998 ], [ -115.3021473, 36.178720199799997 ], [ -115.3021392, 36.178720199799997 ], [ -115.3021392, 36.178717499800001 ], [ -115.3021338, 36.178717499800001 ], [ -115.3021338, 36.178714799799998 ], [ -115.3021311, 36.178714799799998 ], [ -115.3021311, 36.178712099800002 ], [ -115.3021284, 36.178712099800002 ], [ -115.3021284, 36.178709399799999 ], [ -115.3021257, 36.178709399799999 ], [ -115.3021257, 36.178706699799996 ], [ -115.302123, 36.178706699799996 ], [ -115.302123, 36.178701299799997 ], [ -115.3021203, 36.178701299799997 ], [ -115.3021203, 36.178695899799997 ], [ -115.3021176, 36.178695899799997 ], [ -115.3021176, 36.178690499799998 ], [ -115.3021149, 36.178690499799998 ], [ -115.3021149, 36.178685099799999 ], [ -115.3021122, 36.178685099799999 ], [ -115.3021122, 36.178676999799997 ], [ -115.3021068, 36.178676999799997 ], [ -115.3021068, 36.178674299800001 ], [ -115.3021041, 36.178674299800001 ], [ -115.3021041, 36.178668899800002 ], [ -115.3021014, 36.178668899800002 ], [ -115.3021014, 36.178666199799999 ], [ -115.302096, 36.178666199799999 ], [ -115.302096, 36.178663499800003 ], [ -115.3020906, 36.178663499800003 ], [ -115.3020906, 36.178660799799999 ], [ -115.3020879, 36.178660799799999 ], [ -115.3020879, 36.178652699799997 ], [ -115.3020852, 36.178652699799997 ], [ -115.3020852, 36.178647299799998 ], [ -115.3020825, 36.178647299799998 ], [ -115.3020825, 36.1786364998 ], [ -115.3020852, 36.1786364998 ], [ -115.3020852, 36.178628399799997 ], [ -115.3020879, 36.178628399799997 ], [ -115.3020879, 36.178625699800001 ], [ -115.3020906, 36.178625699800001 ], [ -115.3020906, 36.178622999799998 ], [ -115.3021122, 36.178622999799998 ], [ -115.3021122, 36.178620299800002 ], [ -115.302123, 36.178620299800002 ], [ -115.302123, 36.178622999799998 ], [ -115.3021257, 36.178622999799998 ], [ -115.3021257, 36.178625699800001 ], [ -115.3021284, 36.178625699800001 ], [ -115.3021284, 36.178628399799997 ], [ -115.3021311, 36.178628399799997 ], [ -115.3021311, 36.178633799799996 ], [ -115.3021338, 36.178633799799996 ], [ -115.3021338, 36.1786364998 ], [ -115.3021365, 36.1786364998 ], [ -115.3021365, 36.178639199800003 ], [ -115.3021392, 36.178639199800003 ], [ -115.3021392, 36.178641899799999 ], [ -115.3021473, 36.178641899799999 ], [ -115.3021473, 36.178647299799998 ], [ -115.30215, 36.178647299799998 ], [ -115.30215, 36.178649999800001 ], [ -115.3021527, 36.178649999800001 ], [ -115.3021527, 36.1786553998 ], [ -115.3021581, 36.1786553998 ], [ -115.3021581, 36.178649999800001 ], [ -115.3021662, 36.178649999800001 ], [ -115.3021662, 36.178647299799998 ], [ -115.3021689, 36.178647299799998 ], [ -115.3021689, 36.178649999800001 ], [ -115.3021716, 36.178649999800001 ], [ -115.3021716, 36.178647299799998 ], [ -115.302177, 36.178647299799998 ], [ -115.302177, 36.178652699799997 ], [ -115.3021797, 36.178652699799997 ], [ -115.3021797, 36.1786553998 ], [ -115.3021824, 36.1786553998 ], [ -115.3021824, 36.178652699799997 ], [ -115.3021905, 36.178652699799997 ], [ -115.3021905, 36.178649999800001 ], [ -115.3022067, 36.178649999800001 ], [ -115.3022067, 36.178652699799997 ], [ -115.3022121, 36.178652699799997 ], [ -115.3022121, 36.178649999800001 ], [ -115.3022256, 36.178649999800001 ], [ -115.3022256, 36.1786553998 ], [ -115.3022283, 36.1786553998 ], [ -115.3022283, 36.178658099799996 ], [ -115.302231, 36.178658099799996 ], [ -115.302231, 36.178660799799999 ], [ -115.3022418, 36.178660799799999 ], [ -115.3022418, 36.178663499800003 ], [ -115.3022445, 36.178663499800003 ], [ -115.3022445, 36.178666199799999 ], [ -115.3022472, 36.178666199799999 ], [ -115.3022472, 36.178663499800003 ], [ -115.3022526, 36.178663499800003 ], [ -115.3022526, 36.1788389998 ], [ -115.3022499, 36.1788389998 ], [ -115.3022499, 36.178841699799996 ], [ -115.3022445, 36.178841699799996 ], [ -115.3022445, 36.178844399799999 ], [ -115.3022391, 36.178844399799999 ], [ -115.3022391, 36.178847099800002 ], [ -115.3022364, 36.178847099800002 ], [ -115.3022364, 36.178849799799998 ], [ -115.3022337, 36.178849799799998 ], [ -115.3022337, 36.178852499800001 ], [ -115.302231, 36.178852499800001 ], [ -115.302231, 36.178855199799997 ], [ -115.3022283, 36.178855199799997 ], [ -115.3022283, 36.178860599799997 ], [ -115.3022256, 36.178860599799997 ], [ -115.3022256, 36.1788632998 ], [ -115.3022229, 36.1788632998 ], [ -115.3022229, 36.178865999799996 ], [ -115.3022067, 36.178865999799996 ], [ -115.3022067, 36.178868699799999 ], [ -115.3021986, 36.178868699799999 ], [ -115.3021986, 36.178871399800002 ], [ -115.3021932, 36.178871399800002 ], [ -115.3021932, 36.178874099799998 ], [ -115.3021878, 36.178874099799998 ], [ -115.3021878, 36.178876799800001 ], [ -115.3021824, 36.178876799800001 ], [ -115.3021824, 36.178879499799997 ], [ -115.302177, 36.178879499799997 ], [ -115.302177, 36.1788821998 ], [ -115.3021743, 36.1788821998 ], [ -115.3021743, 36.178887599799999 ], [ -115.3021716, 36.178887599799999 ], [ -115.3021716, 36.178890299799995 ], [ -115.3021689, 36.178890299799995 ], [ -115.3021689, 36.178895699800002 ], [ -115.3021662, 36.178895699800002 ], [ -115.3021662, 36.1789064998 ], [ -115.3021635, 36.1789064998 ], [ -115.3021635, 36.178909199799996 ], [ -115.3021608, 36.178909199799996 ], [ -115.3021608, 36.178911899799999 ] ] ] } },
{ "type": "Feature", "properties": { "value": 255.0 }, "geometry": { "type": "Polygon", "coordinates": [ [ [ -115.3005948, 36.178682399799996 ], [ -115.3005651, 36.178682399799996 ], [ -115.3005651, 36.1786796998 ], [ -115.3005597, 36.1786796998 ], [ -115.3005597, 36.178666199799999 ], [ -115.300557, 36.178666199799999 ], [ -115.300557, 36.178652699799997 ], [ -115.3005543, 36.178652699799997 ], [ -115.3005543, 36.178633799799996 ], [ -115.300557, 36.178633799799996 ], [ -115.300557, 36.1786310998 ], [ -115.3005651, 36.1786310998 ], [ -115.3005651, 36.178628399799997 ], [ -115.3005867, 36.178628399799997 ], [ -115.3005867, 36.1786310998 ], [ -115.3005921, 36.1786310998 ], [ -115.3005921, 36.178633799799996 ], [ -115.3005975, 36.178633799799996 ], [ -115.3005975, 36.178639199800003 ], [ -115.3006002, 36.178639199800003 ], [ -115.3006002, 36.1786796998 ], [ -115.3005948, 36.1786796998 ], [ -115.3005948, 36.178682399799996 ] ] ] } },
{ "type": "Feature", "properties": { "value": 255.0 }, "geometry": { "type": "Polygon", "coordinates": [ [ [ -115.3005003, 36.178803899800002 ], [ -115.3004976, 36.178803899800002 ], [ -115.3004976, 36.178620299800002 ], [ -115.300503, 36.178620299800002 ], [ -115.300503, 36.178622999799998 ], [ -115.3005084, 36.178622999799998 ], [ -115.3005084, 36.178625699800001 ], [ -115.3005111, 36.178625699800001 ], [ -115.3005111, 36.178628399799997 ], [ -115.3005138, 36.178628399799997 ], [ -115.3005138, 36.1786310998 ], [ -115.3005111, 36.1786310998 ], [ -115.3005111, 36.178668899800002 ], [ -115.3005084, 36.178668899800002 ], [ -115.3005084, 36.178674299800001 ], [ -115.3005057, 36.178674299800001 ], [ -115.3005057, 36.178671599799998 ], [ -115.300503, 36.178671599799998 ], [ -115.300503, 36.178682399799996 ], [ -115.3005057, 36.178682399799996 ], [ -115.3005057, 36.178690499799998 ], [ -115.3005084, 36.178690499799998 ], [ -115.3005084, 36.178720199799997 ], [ -115.3005057, 36.178720199799997 ], [ -115.3005057, 36.178730999800003 ], [ -115.3005084, 36.178730999800003 ], [ -115.3005084, 36.178739099799998 ], [ -115.3005111, 36.178739099799998 ], [ -115.3005111, 36.178744499799997 ], [ -115.3005138, 36.178744499799997 ], [ -115.3005138, 36.178752599799999 ], [ -115.3005165, 36.178752599799999 ], [ -115.3005165, 36.178768799799997 ], [ -115.3005192, 36.178768799799997 ], [ -115.3005192, 36.178776899799999 ], [ -115.3005219, 36.178776899799999 ], [ -115.3005219, 36.178784999800001 ], [ -115.3005246, 36.178784999800001 ], [ -115.3005246, 36.178787699799997 ], [ -115.3005219, 36.178787699799997 ], [ -115.3005219, 36.1787957998 ], [ -115.3005192, 36.1787957998 ], [ -115.3005192, 36.178801199799999 ], [ -115.3005003, 36.178801199799999 ], [ -115.3005003, 36.178803899800002 ] ] ] } },
{ "type": "Feature", "properties": { "value": 255.0 }, "geometry": { "type": "Polygon", "coordinates": [ [ [ -115.3008567, 36.178779599800002 ], [ -115.300827, 36.178779599800002 ], [ -115.300827, 36.178776899799999 ], [ -115.3008, 36.178776899799999 ], [ -115.3008, 36.178774199799996 ], [ -115.3007973, 36.178774199799996 ], [ -115.3007973, 36.178776899799999 ], [ -115.300773, 36.178776899799999 ], [ -115.300773, 36.178774199799996 ], [ -115.3007649, 36.178774199799996 ], [ -115.3007649, 36.1787714998 ], [ -115.3007622, 36.1787714998 ], [ -115.3007622, 36.178768799799997 ], [ -115.3007595, 36.178768799799997 ], [ -115.3007595, 36.178766099800001 ], [ -115.3007541, 36.178766099800001 ], [ -115.3007541, 36.1787471998 ], [ -115.3007514, 36.1787471998 ], [ -115.3007514, 36.178728299799999 ], [ -115.3007487, 36.178728299799999 ], [ -115.3007487, 36.1787228998 ], [ -115.300746, 36.1787228998 ], [ -115.300746, 36.178717499800001 ], [ -115.3007433, 36.178717499800001 ], [ -115.3007433, 36.178714799799998 ], [ -115.3007406, 36.178714799799998 ], [ -115.3007406, 36.178712099800002 ], [ -115.3007379, 36.178712099800002 ], [ -115.3007379, 36.178706699799996 ], [ -115.3007352, 36.178706699799996 ], [ -115.3007352, 36.1787039998 ], [ -115.3007271, 36.1787039998 ], [ -115.3007271, 36.178701299799997 ], [ -115.3007217, 36.178701299799997 ], [ -115.3007217, 36.178693199800001 ], [ -115.300719, 36.178693199800001 ], [ -115.300719, 36.178690499799998 ], [ -115.3007136, 36.178690499799998 ], [ -115.3007136, 36.178687799800002 ], [ -115.3007109, 36.178687799800002 ], [ -115.3007109, 36.178682399799996 ], [ -115.3007082, 36.178682399799996 ], [ -115.3007082, 36.1786796998 ], [ -115.3007055, 36.1786796998 ], [ -115.3007055, 36.178674299800001 ], [ -115.3007028, 36.178674299800001 ], [ -115.3007028, 36.178666199799999 ], [ -115.3007001, 36.178666199799999 ], [ -115.3007001, 36.178658099799996 ], [ -115.3006974, 36.178658099799996 ], [ -115.3006974, 36.178652699799997 ], [ -115.3006947, 36.178652699799997 ], [ -115.3006947, 36.1786364998 ], [ -115.300692, 36.1786364998 ], [ -115.300692, 36.178628399799997 ], [ -115.3006893, 36.178628399799997 ], [ -115.3006893, 36.178614899799996 ], [ -115.3006866, 36.178614899799996 ], [ -115.3006866, 36.1786121998 ], [ -115.3006839, 36.1786121998 ], [ -115.3006839, 36.178604099799998 ], [ -115.3006812, 36.178604099799998 ], [ -115.3006812, 36.178598699799998 ], [ -115.3006839, 36.178598699799998 ], [ -115.3006839, 36.178595999800002 ], [ -115.3006866, 36.178595999800002 ], [ -115.3006866, 36.178593299799999 ], [ -115.300692, 36.178593299799999 ], [ -115.300692, 36.178590599799996 ], [ -115.3006947, 36.178590599799996 ], [ -115.3006947, 36.1785878998 ], [ -115.3006974, 36.1785878998 ], [ -115.3006974, 36.178585199799997 ], [ -115.3007028, 36.178585199799997 ], [ -115.3007028, 36.178582499800001 ], [ -115.3007055, 36.178582499800001 ], [ -115.3007055, 36.178579799799998 ], [ -115.3007109, 36.178579799799998 ], [ -115.3007109, 36.178577099800002 ], [ -115.3007163, 36.178577099800002 ], [ -115.3007163, 36.178574399799999 ], [ -115.300719, 36.178574399799999 ], [ -115.300719, 36.178571699800003 ], [ -115.3007271, 36.178571699800003 ], [ -115.3007271, 36.1785689998 ], [ -115.3007325, 36.1785689998 ], [ -115.3007325, 36.178566299799996 ], [ -115.3007406, 36.178566299799996 ], [ -115.3007406, 36.1785635998 ], [ -115.3007514, 36.1785635998 ], [ -115.3007514, 36.178560899799997 ], [ -115.3007622, 36.178560899799997 ], [ -115.3007622, 36.178558199800001 ], [ -115.3007784, 36.178558199800001 ], [ -115.3007784, 36.178555499799998 ], [ -115.3007946, 36.178555499799998 ], [ -115.3007946, 36.178552799800002 ], [ -115.3008027, 36.178552799800002 ], [ -115.3008027, 36.178550099799999 ], [ -115.3008162, 36.178550099799999 ], [ -115.3008162, 36.178547399800003 ], [ -115.3008243, 36.178547399800003 ], [ -115.3008243, 36.1785446998 ], [ -115.3008378, 36.1785446998 ], [ -115.3008378, 36.178541999799997 ], [ -115.300854, 36.178541999799997 ], [ -115.300854, 36.178539299800001 ], [ -115.3008567, 36.178539299800001 ], [ -115.3008567, 36.178531199799998 ], [ -115.3008594, 36.178531199799998 ], [ -115.3008594, 36.178525799799999 ], [ -115.3008648, 36.178525799799999 ], [ -115.3008648, 36.178523099800003 ], [ -115.3008675, 36.178523099800003 ], [ -115.3008675, 36.1785203998 ], [ -115.3008702, 36.1785203998 ], [ -115.3008702, 36.178517699799997 ], [ -115.3008783, 36.178517699799997 ], [ -115.3008783, 36.178514999800001 ], [ -115.300881, 36.178514999800001 ], [ -115.300881, 36.178512299799998 ], [ -115.3008891, 36.178512299799998 ], [ -115.3008891, 36.178509599800002 ], [ -115.3009161, 36.178509599800002 ], [ -115.3009161, 36.178512299799998 ], [ -115.3009188, 36.178512299799998 ], [ -115.3009188, 36.178509599800002 ], [ -115.3009404, 36.178509599800002 ], [ -115.3009404, 36.178512299799998 ], [ -115.3009539, 36.178512299799998 ], [ -115.3009539, 36.178536599799997 ], [ -115.3009512, 36.178536599799997 ], [ -115.3009512, 36.1785446998 ], [ -115.3009485, 36.1785446998 ], [ -115.3009485, 36.178547399800003 ], [ -115.3009458, 36.178547399800003 ], [ -115.3009458, 36.178550099799999 ], [ -115.3009431, 36.178550099799999 ], [ -115.3009431, 36.178555499799998 ], [ -115.3009485, 36.178555499799998 ], [ -115.3009485, 36.178558199800001 ], [ -115.3009566, 36.178558199800001 ], [ -115.3009566, 36.178555499799998 ], [ -115.300962, 36.178555499799998 ], [ -115.300962, 36.178558199800001 ], [ -115.3009674, 36.178558199800001 ], [ -115.3009674, 36.178560899799997 ], [ -115.3009782, 36.178560899799997 ], [ -115.3009782, 36.1785635998 ], [ -115.3009836, 36.1785635998 ], [ -115.3009836, 36.178566299799996 ], [ -115.3009917, 36.178566299799996 ], [ -115.3009917, 36.178571699800003 ], [ -115.3009944, 36.178571699800003 ], [ -115.3009944, 36.178585199799997 ], [ -115.3009971, 36.178585199799997 ], [ -115.3009971, 36.178598699799998 ], [ -115.3009998, 36.178598699799998 ], [ -115.3009998, 36.178604099799998 ], [ -115.3010025, 36.178604099799998 ], [ -115.3010025, 36.178614899799996 ], [ -115.3010052, 36.178614899799996 ], [ -115.3010052, 36.178641899799999 ], [ -115.3010079, 36.178641899799999 ], [ -115.3010079, 36.178647299799998 ], [ -115.3010106, 36.178647299799998 ], [ -115.3010106, 36.178649999800001 ], [ -115.3010133, 36.178649999800001 ], [ -115.3010133, 36.178652699799997 ], [ -115.301016, 36.178652699799997 ], [ -115.301016, 36.1786553998 ], [ -115.3010187, 36.1786553998 ], [ -115.3010187, 36.178658099799996 ], [ -115.3010268, 36.178658099799996 ], [ -115.3010268, 36.178660799799999 ], [ -115.3010295, 36.178660799799999 ], [ -115.3010295, 36.178663499800003 ], [ -115.3010322, 36.178663499800003 ], [ -115.3010322, 36.178666199799999 ], [ -115.3010349, 36.178666199799999 ], [ -115.3010349, 36.178674299800001 ], [ -115.3010376, 36.178674299800001 ], [ -115.3010376, 36.1786796998 ], [ -115.3010403, 36.1786796998 ], [ -115.3010403, 36.178685099799999 ], [ -115.301043, 36.178685099799999 ], [ -115.301043, 36.178687799800002 ], [ -115.3010457, 36.178687799800002 ], [ -115.3010457, 36.178693199800001 ], [ -115.3010484, 36.178693199800001 ], [ -115.3010484, 36.178698599800001 ], [ -115.3010511, 36.178698599800001 ], [ -115.3010511, 36.178701299799997 ], [ -115.3010538, 36.178701299799997 ], [ -115.3010538, 36.178709399799999 ], [ -115.3010511, 36.178709399799999 ], [ -115.3010511, 36.178714799799998 ], [ -115.3010484, 36.178714799799998 ], [ -115.3010484, 36.178717499800001 ], [ -115.3010457, 36.178717499800001 ], [ -115.3010457, 36.178720199799997 ], [ -115.3010376, 36.178720199799997 ], [ -115.3010376, 36.1787228998 ], [ -115.3010295, 36.1787228998 ], [ -115.3010295, 36.178725599799996 ], [ -115.3010187, 36.178725599799996 ], [ -115.3010187, 36.178728299799999 ], [ -115.3010106, 36.178728299799999 ], [ -115.3010106, 36.178730999800003 ], [ -115.3010025, 36.178730999800003 ], [ -115.3010025, 36.178733699799999 ], [ -115.3009944, 36.178733699799999 ], [ -115.3009944, 36.178736399800002 ], [ -115.3009863, 36.178736399800002 ], [ -115.3009863, 36.178739099799998 ], [ -115.3009809, 36.178739099799998 ], [ -115.3009809, 36.178741799800001 ], [ -115.3009728, 36.178741799800001 ], [ -115.3009728, 36.178744499799997 ], [ -115.3009674, 36.178744499799997 ], [ -115.3009674, 36.1787471998 ], [ -115.3009593, 36.1787471998 ], [ -115.3009593, 36.178749899799996 ], [ -115.3009566, 36.178749899799996 ], [ -115.3009566, 36.178752599799999 ], [ -115.3009539, 36.178752599799999 ], [ -115.3009539, 36.178763399799998 ], [ -115.3009512, 36.178763399799998 ], [ -115.3009512, 36.178766099800001 ], [ -115.3009458, 36.178766099800001 ], [ -115.3009458, 36.178768799799997 ], [ -115.3009431, 36.178768799799997 ], [ -115.3009431, 36.1787714998 ], [ -115.3009404, 36.1787714998 ], [ -115.3009404, 36.178774199799996 ], [ -115.300935, 36.178774199799996 ], [ -115.300935, 36.1787714998 ], [ -115.3009269, 36.1787714998 ], [ -115.3009269, 36.178774199799996 ], [ -115.3009026, 36.178774199799996 ], [ -115.3009026, 36.1787714998 ], [ -115.3008756, 36.1787714998 ], [ -115.3008756, 36.178774199799996 ], [ -115.3008675, 36.178774199799996 ], [ -115.3008675, 36.178776899799999 ], [ -115.3008567, 36.178776899799999 ], [ -115.3008567, 36.178779599800002 ] ], [ [ -115.300908, 36.178560899799997 ], [ -115.300908, 36.178558199800001 ], [ -115.3008999, 36.178558199800001 ], [ -115.3008999, 36.178560899799997 ], [ -115.300908, 36.178560899799997 ] ] ] } },
{ "type": "Feature", "properties": { "value": 255.0 }, "geometry": { "type": "Polygon", "coordinates": [ [ [ -115.3015344, 36.1786553998 ], [ -115.3015209, 36.1786553998 ], [ -115.3015209, 36.178652699799997 ], [ -115.3015182, 36.178652699799997 ], [ -115.3015182, 36.178649999800001 ], [ -115.3015155, 36.178649999800001 ], [ -115.3015155, 36.178647299799998 ], [ -115.3015128, 36.178647299799998 ], [ -115.3015128, 36.178641899799999 ], [ -115.3015101, 36.178641899799999 ], [ -115.3015101, 36.178633799799996 ], [ -115.3015074, 36.178633799799996 ], [ -115.3015074, 36.178628399799997 ], [ -115.3015047, 36.178628399799997 ], [ -115.3015047, 36.178625699800001 ], [ -115.301502, 36.178625699800001 ], [ -115.301502, 36.178622999799998 ], [ -115.3014939, 36.178622999799998 ], [ -115.3014939, 36.178620299800002 ], [ -115.3014831, 36.178620299800002 ], [ -115.3014831, 36.178617599799999 ], [ -115.3014777, 36.178617599799999 ], [ -115.3014777, 36.178620299800002 ], [ -115.3014615, 36.178620299800002 ], [ -115.3014615, 36.178622999799998 ], [ -115.3014453, 36.178622999799998 ], [ -115.3014453, 36.178625699800001 ], [ -115.3014237, 36.178625699800001 ], [ -115.3014237, 36.178622999799998 ], [ -115.3014102, 36.178622999799998 ], [ -115.3014102, 36.178625699800001 ], [ -115.3013967, 36.178625699800001 ], [ -115.3013967, 36.178622999799998 ], [ -115.301394, 36.178622999799998 ], [ -115.301394, 36.178620299800002 ], [ -115.3013913, 36.178620299800002 ], [ -115.3013913, 36.178617599799999 ], [ -115.3013886, 36.178617599799999 ], [ -115.3013886, 36.178614899799996 ], [ -115.3013859, 36.178614899799996 ], [ -115.3013859, 36.178609499799997 ], [ -115.3013832, 36.178609499799997 ], [ -115.3013832, 36.178595999800002 ], [ -115.3013805, 36.178595999800002 ], [ -115.3013805, 36.178593299799999 ], [ -115.3013778, 36.178593299799999 ], [ -115.3013778, 36.178590599799996 ], [ -115.3013724, 36.178590599799996 ], [ -115.3013724, 36.1785878998 ], [ -115.3013697, 36.1785878998 ], [ -115.3013697, 36.178582499800001 ], [ -115.301367, 36.178582499800001 ], [ -115.301367, 36.178579799799998 ], [ -115.3013643, 36.178579799799998 ], [ -115.3013643, 36.178574399799999 ], [ -115.3013616, 36.178574399799999 ], [ -115.3013616, 36.1785689998 ], [ -115.3013589, 36.1785689998 ], [ -115.3013589, 36.178560899799997 ], [ -115.3013562, 36.178560899799997 ], [ -115.3013562, 36.1785446998 ], [ -115.3013535, 36.1785446998 ], [ -115.3013535, 36.178539299800001 ], [ -115.3013508, 36.178539299800001 ], [ -115.3013508, 36.178533899800001 ], [ -115.3013481, 36.178533899800001 ], [ -115.3013481, 36.178528499800002 ], [ -115.3013454, 36.178528499800002 ], [ -115.3013454, 36.178523099800003 ], [ -115.3013427, 36.178523099800003 ], [ -115.3013427, 36.1785203998 ], [ -115.30134, 36.1785203998 ], [ -115.30134, 36.178514999800001 ], [ -115.3013373, 36.178514999800001 ], [ -115.3013373, 36.178509599800002 ], [ -115.3013346, 36.178509599800002 ], [ -115.3013346, 36.178506899799999 ], [ -115.3013319, 36.178506899799999 ], [ -115.3013319, 36.178485299800002 ], [ -115.3013346, 36.178485299800002 ], [ -115.3013346, 36.178482599799999 ], [ -115.3013373, 36.178482599799999 ], [ -115.3013373, 36.178479899800003 ], [ -115.30134, 36.178479899800003 ], [ -115.30134, 36.1784771998 ], [ -115.3013508, 36.1784771998 ], [ -115.3013508, 36.178474499799997 ], [ -115.3013616, 36.178474499799997 ], [ -115.3013616, 36.1784717998 ], [ -115.3013697, 36.1784717998 ], [ -115.3013697, 36.178469099799997 ], [ -115.3013751, 36.178469099799997 ], [ -115.3013751, 36.178466399800001 ], [ -115.3013805, 36.178466399800001 ], [ -115.3013805, 36.178463699799998 ], [ -115.3013859, 36.178463699799998 ], [ -115.3013859, 36.178460999800002 ], [ -115.3013886, 36.178460999800002 ], [ -115.3013886, 36.178458299799999 ], [ -115.3013913, 36.178458299799999 ], [ -115.3013913, 36.178455599800003 ], [ -115.3014075, 36.178455599800003 ], [ -115.3014075, 36.1784528998 ], [ -115.3014291, 36.1784528998 ], [ -115.3014291, 36.178450199799997 ], [ -115.3014426, 36.178450199799997 ], [ -115.3014426, 36.178447499800001 ], [ -115.3014588, 36.178447499800001 ], [ -115.3014588, 36.178444799799998 ], [ -115.3014669, 36.178444799799998 ], [ -115.3014669, 36.178442099800002 ], [ -115.301475, 36.178442099800002 ], [ -115.301475, 36.178439399799998 ], [ -115.3014831, 36.178439399799998 ], [ -115.3014831, 36.178436699800002 ], [ -115.3014885, 36.178436699800002 ], [ -115.3014885, 36.178433999799999 ], [ -115.3014966, 36.178433999799999 ], [ -115.3014966, 36.178431299800003 ], [ -115.301502, 36.178431299800003 ], [ -115.301502, 36.1784285998 ], [ -115.3015101, 36.1784285998 ], [ -115.3015101, 36.178425899799997 ], [ -115.3015209, 36.178425899799997 ], [ -115.3015209, 36.178423199800001 ], [ -115.301529, 36.178423199800001 ], [ -115.301529, 36.178420499799998 ], [ -115.3015371, 36.178420499799998 ], [ -115.3015371, 36.178417799800002 ], [ -115.3015452, 36.178417799800002 ], [ -115.3015452, 36.178415099799999 ], [ -115.301556, 36.178415099799999 ], [ -115.301556, 36.178412399800003 ], [ -115.3015776, 36.178412399800003 ], [ -115.3015776, 36.178415099799999 ], [ -115.3015803, 36.178415099799999 ], [ -115.3015803, 36.178417799800002 ], [ -115.301583, 36.178417799800002 ], [ -115.301583, 36.178420499799998 ], [ -115.3015857, 36.178420499799998 ], [ -115.3015857, 36.178423199800001 ], [ -115.3015884, 36.178423199800001 ], [ -115.3015884, 36.178425899799997 ], [ -115.3015911, 36.178425899799997 ], [ -115.3015911, 36.1784285998 ], [ -115.3015938, 36.1784285998 ], [ -115.3015938, 36.178431299800003 ], [ -115.3016019, 36.178431299800003 ], [ -115.3016019, 36.178433999799999 ], [ -115.3016046, 36.178433999799999 ], [ -115.3016046, 36.178436699800002 ], [ -115.3016073, 36.178436699800002 ], [ -115.3016073, 36.178433999799999 ], [ -115.3016127, 36.178433999799999 ], [ -115.3016127, 36.178436699800002 ], [ -115.3016154, 36.178436699800002 ], [ -115.3016154, 36.178439399799998 ], [ -115.3016208, 36.178439399799998 ], [ -115.3016208, 36.178442099800002 ], [ -115.3016235, 36.178442099800002 ], [ -115.3016235, 36.178444799799998 ], [ -115.3016262, 36.178444799799998 ], [ -115.3016262, 36.178450199799997 ], [ -115.3016289, 36.178450199799997 ], [ -115.3016289, 36.178455599800003 ], [ -115.3016316, 36.178455599800003 ], [ -115.3016316, 36.178458299799999 ], [ -115.3016397, 36.178458299799999 ], [ -115.3016397, 36.178460999800002 ], [ -115.3016451, 36.178460999800002 ], [ -115.3016451, 36.178463699799998 ], [ -115.3016478, 36.178463699799998 ], [ -115.3016478, 36.178469099799997 ], [ -115.3016505, 36.178469099799997 ], [ -115.3016505, 36.1784717998 ], [ -115.3016532, 36.1784717998 ], [ -115.3016532, 36.178474499799997 ], [ -115.3016559, 36.178474499799997 ], [ -115.3016559, 36.178479899800003 ], [ -115.3016586, 36.178479899800003 ], [ -115.3016586, 36.178485299800002 ], [ -115.3016613, 36.178485299800002 ], [ -115.3016613, 36.178487999799998 ], [ -115.301664, 36.178487999799998 ], [ -115.301664, 36.178493399799997 ], [ -115.3016667, 36.178493399799997 ], [ -115.3016667, 36.1784960998 ], [ -115.3016694, 36.1784960998 ], [ -115.3016694, 36.178498799799996 ], [ -115.3016721, 36.178498799799996 ], [ -115.3016721, 36.178506899799999 ], [ -115.3016748, 36.178506899799999 ], [ -115.3016748, 36.178509599800002 ], [ -115.3016775, 36.178509599800002 ], [ -115.3016775, 36.178525799799999 ], [ -115.3016802, 36.178525799799999 ], [ -115.3016802, 36.178536599799997 ], [ -115.3016829, 36.178536599799997 ], [ -115.3016829, 36.178541999799997 ], [ -115.3016802, 36.178541999799997 ], [ -115.3016802, 36.178547399800003 ], [ -115.3016775, 36.178547399800003 ], [ -115.3016775, 36.178550099799999 ], [ -115.3016694, 36.178550099799999 ], [ -115.3016694, 36.178552799800002 ], [ -115.3016613, 36.178552799800002 ], [ -115.3016613, 36.178555499799998 ], [ -115.3016559, 36.178555499799998 ], [ -115.3016559, 36.178558199800001 ], [ -115.3016532, 36.178558199800001 ], [ -115.3016532, 36.1785635998 ], [ -115.3016505, 36.1785635998 ], [ -115.3016505, 36.1785689998 ], [ -115.3016478, 36.1785689998 ], [ -115.3016478, 36.178571699800003 ], [ -115.3016424, 36.178571699800003 ], [ -115.3016424, 36.178574399799999 ], [ -115.3016316, 36.178574399799999 ], [ -115.3016316, 36.178577099800002 ], [ -115.3016289, 36.178577099800002 ], [ -115.3016289, 36.178579799799998 ], [ -115.3016262, 36.178579799799998 ], [ -115.3016262, 36.178585199799997 ], [ -115.3016289, 36.178585199799997 ], [ -115.3016289, 36.178590599799996 ], [ -115.3016316, 36.178590599799996 ], [ -115.3016316, 36.178598699799998 ], [ -115.3016343, 36.178598699799998 ], [ -115.3016343, 36.178604099799998 ], [ -115.301637, 36.178604099799998 ], [ -115.301637, 36.1786121998 ], [ -115.3016343, 36.1786121998 ], [ -115.3016343, 36.178614899799996 ], [ -115.3016316, 36.178614899799996 ], [ -115.3016316, 36.178617599799999 ], [ -115.3016208, 36.178617599799999 ], [ -115.3016208, 36.178620299800002 ], [ -115.3016154, 36.178620299800002 ], [ -115.3016154, 36.178622999799998 ], [ -115.3016073, 36.178622999799998 ], [ -115.3016073, 36.178625699800001 ], [ -115.3016019, 36.178625699800001 ], [ -115.3016019, 36.178628399799997 ], [ -115.3015965, 36.178628399799997 ], [ -115.3015965, 36.1786310998 ], [ -115.3015938, 36.1786310998 ], [ -115.3015938, 36.178633799799996 ], [ -115.3015884, 36.178633799799996 ], [ -115.3015884, 36.1786364998 ], [ -115.3015857, 36.1786364998 ], [ -115.3015857, 36.178639199800003 ], [ -115.3015776, 36.178639199800003 ], [ -115.3015776, 36.178641899799999 ], [ -115.3015695, 36.178641899799999 ], [ -115.3015695, 36.178644599800002 ], [ -115.3015614, 36.178644599800002 ], [ -115.3015614, 36.178647299799998 ], [ -115.3015506, 36.178647299799998 ], [ -115.3015506, 36.178649999800001 ], [ -115.3015425, 36.178649999800001 ], [ -115.3015425, 36.178652699799997 ], [ -115.3015344, 36.178652699799997 ], [ -115.3015344, 36.1786553998 ] ] ] } },
{ "type": "Feature", "properties": { "value": 255.0 }, "geometry": { "type": "Polygon", "coordinates": [ [ [ -115.3005246, 36.178401599799997 ], [ -115.3004976, 36.178401599799997 ], [ -115.3004976, 36.1783178998 ], [ -115.3005057, 36.1783178998 ], [ -115.3005057, 36.178320599800003 ], [ -115.3005246, 36.178320599800003 ], [ -115.3005246, 36.178323299799999 ], [ -115.3005327, 36.178323299799999 ], [ -115.3005327, 36.178325999800002 ], [ -115.3005381, 36.178325999800002 ], [ -115.3005381, 36.178328699799998 ], [ -115.3005435, 36.178328699799998 ], [ -115.3005435, 36.178331399800001 ], [ -115.3005462, 36.178331399800001 ], [ -115.3005462, 36.178344899800003 ], [ -115.3005489, 36.178344899800003 ], [ -115.3005489, 36.178352999799998 ], [ -115.3005516, 36.178352999799998 ], [ -115.3005516, 36.178382699799997 ], [ -115.3005543, 36.178382699799997 ], [ -115.3005543, 36.178390799799999 ], [ -115.300557, 36.178390799799999 ], [ -115.300557, 36.178396199799998 ], [ -115.3005543, 36.178396199799998 ], [ -115.3005543, 36.178398899800001 ], [ -115.3005246, 36.178398899800001 ], [ -115.3005246, 36.178401599799997 ] ] ] } },
{ "type": "Feature", "properties": { "value": 255.0 }, "geometry": { "type": "Polygon", "coordinates": [ [ [ -115.3007163, 36.178487999799998 ], [ -115.300665, 36.178487999799998 ], [ -115.300665, 36.178485299800002 ], [ -115.3006569, 36.178485299800002 ], [ -115.3006569, 36.178479899800003 ], [ -115.3006542, 36.178479899800003 ], [ -115.3006542, 36.178442099800002 ], [ -115.3006515, 36.178442099800002 ], [ -115.3006515, 36.1784096998 ], [ -115.3006488, 36.1784096998 ], [ -115.3006488, 36.178398899800001 ], [ -115.3006461, 36.178398899800001 ], [ -115.3006461, 36.178363799800003 ], [ -115.3006488, 36.178363799800003 ], [ -115.3006488, 36.178352999799998 ], [ -115.3006515, 36.178352999799998 ], [ -115.3006515, 36.178339499800003 ], [ -115.3006488, 36.178339499800003 ], [ -115.3006488, 36.178315199799997 ], [ -115.3006461, 36.178315199799997 ], [ -115.3006461, 36.178288199800001 ], [ -115.3006488, 36.178288199800001 ], [ -115.3006488, 36.178280099799998 ], [ -115.3006515, 36.178280099799998 ], [ -115.3006515, 36.178271999800003 ], [ -115.3006542, 36.178271999800003 ], [ -115.3006542, 36.178261199799998 ], [ -115.3006569, 36.178261199799998 ], [ -115.3006569, 36.178255799799999 ], [ -115.3006596, 36.178255799799999 ], [ -115.3006596, 36.1782503998 ], [ -115.3006677, 36.1782503998 ], [ -115.3006677, 36.178247699800004 ], [ -115.3006731, 36.178247699800004 ], [ -115.3006731, 36.1782449998 ], [ -115.3006758, 36.1782449998 ], [ -115.3006758, 36.178242299799997 ], [ -115.3006866, 36.178242299799997 ], [ -115.3006866, 36.1782449998 ], [ -115.3006893, 36.1782449998 ], [ -115.3006893, 36.178242299799997 ], [ -115.300719, 36.178242299799997 ], [ -115.300719, 36.178239599800001 ], [ -115.3007352, 36.178239599800001 ], [ -115.3007352, 36.178236899799998 ], [ -115.3007487, 36.178236899799998 ], [ -115.3007487, 36.178234199800002 ], [ -115.300827, 36.178234199800002 ], [ -115.300827, 36.178231499799999 ], [ -115.3008702, 36.178231499799999 ], [ -115.3008702, 36.178239599800001 ], [ -115.3008756, 36.178239599800001 ], [ -115.3008756, 36.178242299799997 ], [ -115.300881, 36.178242299799997 ], [ -115.300881, 36.1782449998 ], [ -115.3008783, 36.1782449998 ], [ -115.3008783, 36.178253099800003 ], [ -115.300881, 36.178253099800003 ], [ -115.300881, 36.178255799799999 ], [ -115.3008837, 36.178255799799999 ], [ -115.3008837, 36.178258499800002 ], [ -115.3008864, 36.178258499800002 ], [ -115.3008864, 36.1782692998 ], [ -115.3008918, 36.1782692998 ], [ -115.3008918, 36.178271999800003 ], [ -115.3008972, 36.178271999800003 ], [ -115.3008972, 36.178274699799999 ], [ -115.3008999, 36.178274699799999 ], [ -115.3008999, 36.178277399800002 ], [ -115.3009026, 36.178277399800002 ], [ -115.3009026, 36.178282799800002 ], [ -115.3009053, 36.178282799800002 ], [ -115.3009053, 36.178288199800001 ], [ -115.300908, 36.178288199800001 ], [ -115.300908, 36.178290899799997 ], [ -115.3009107, 36.178290899799997 ], [ -115.3009107, 36.178298999799999 ], [ -115.3009134, 36.178298999799999 ], [ -115.3009134, 36.178312499800001 ], [ -115.3009161, 36.178312499800001 ], [ -115.3009161, 36.1783178998 ], [ -115.3009188, 36.1783178998 ], [ -115.3009188, 36.178320599800003 ], [ -115.3009404, 36.178320599800003 ], [ -115.3009404, 36.178323299799999 ], [ -115.3009485, 36.178323299799999 ], [ -115.3009485, 36.178325999800002 ], [ -115.3009539, 36.178325999800002 ], [ -115.3009539, 36.178328699799998 ], [ -115.3009566, 36.178328699799998 ], [ -115.3009566, 36.178344899800003 ], [ -115.3009593, 36.178344899800003 ], [ -115.3009593, 36.178379999800001 ], [ -115.300962, 36.178379999800001 ], [ -115.300962, 36.178388099800003 ], [ -115.3009593, 36.178388099800003 ], [ -115.3009593, 36.178401599799997 ], [ -115.3009539, 36.178401599799997 ], [ -115.3009539, 36.1784042998 ], [ -115.3009458, 36.1784042998 ], [ -115.3009458, 36.178415099799999 ], [ -115.3009431, 36.178415099799999 ], [ -115.3009431, 36.1784285998 ], [ -115.3009404, 36.1784285998 ], [ -115.3009404, 36.178431299800003 ], [ -115.3009377, 36.178431299800003 ], [ -115.3009377, 36.178450199799997 ], [ -115.300935, 36.178450199799997 ], [ -115.300935, 36.1784528998 ], [ -115.3009377, 36.1784528998 ], [ -115.3009377, 36.178458299799999 ], [ -115.300935, 36.178458299799999 ], [ -115.300935, 36.1784717998 ], [ -115.3009323, 36.1784717998 ], [ -115.3009323, 36.178474499799997 ], [ -115.300881, 36.178474499799997 ], [ -115.300881, 36.1784771998 ], [ -115.3008189, 36.1784771998 ], [ -115.3008189, 36.178479899800003 ], [ -115.3007838, 36.178479899800003 ], [ -115.3007838, 36.178482599799999 ], [ -115.3007514, 36.178482599799999 ], [ -115.3007514, 36.178485299800002 ], [ -115.3007163, 36.178485299800002 ], [ -115.3007163, 36.178487999799998 ] ], [ [ -115.3007487, 36.178366499799999 ], [ -115.3007487, 36.178363799800003 ], [ -115.3007595, 36.178363799800003 ], [ -115.3007595, 36.1783610998 ], [ -115.3007622, 36.1783610998 ], [ -115.3007622, 36.178347599799999 ], [ -115.3007595, 36.178347599799999 ], [ -115.3007595, 36.178344899800003 ], [ -115.3007568, 36.178344899800003 ], [ -115.3007568, 36.178342199799999 ], [ -115.3007433, 36.178342199799999 ], [ -115.3007433, 36.178344899800003 ], [ -115.3007352, 36.178344899800003 ], [ -115.3007352, 36.178347599799999 ], [ -115.3007298, 36.178347599799999 ], [ -115.3007298, 36.178350299800002 ], [ -115.3007271, 36.178350299800002 ], [ -115.3007271, 36.178355699800001 ], [ -115.3007244, 36.178355699800001 ], [ -115.3007244, 36.1783610998 ], [ -115.3007217, 36.1783610998 ], [ -115.3007217, 36.178366499799999 ], [ -115.3007487, 36.178366499799999 ] ] ] } },
{ "type": "Feature", "properties": { "value": 255.0 }, "geometry": { "type": "Polygon", "coordinates": [ [ [ -115.3018854, 36.178420499799998 ], [ -115.30188, 36.178420499799998 ], [ -115.30188, 36.178417799800002 ], [ -115.3018746, 36.178417799800002 ], [ -115.3018746, 36.178420499799998 ], [ -115.3018557, 36.178420499799998 ], [ -115.3018557, 36.178417799800002 ], [ -115.301853, 36.178417799800002 ], [ -115.301853, 36.178415099799999 ], [ -115.3018503, 36.178415099799999 ], [ -115.3018503, 36.178412399800003 ], [ -115.3018476, 36.178412399800003 ], [ -115.3018476, 36.178406999799996 ], [ -115.3018449, 36.178406999799996 ], [ -115.3018449, 36.178401599799997 ], [ -115.3018422, 36.178401599799997 ], [ -115.3018422, 36.178398899800001 ], [ -115.3018395, 36.178398899800001 ], [ -115.3018395, 36.178393499800002 ], [ -115.3018368, 36.178393499800002 ], [ -115.3018368, 36.178388099800003 ], [ -115.3018341, 36.178388099800003 ], [ -115.3018341, 36.1783853998 ], [ -115.3018314, 36.1783853998 ], [ -115.3018314, 36.178382699799997 ], [ -115.3018287, 36.178382699799997 ], [ -115.3018287, 36.178379999800001 ], [ -115.301826, 36.178379999800001 ], [ -115.301826, 36.178374599800001 ], [ -115.3018206, 36.178374599800001 ], [ -115.3018206, 36.178371899799998 ], [ -115.3018179, 36.178371899799998 ], [ -115.3018179, 36.178374599800001 ], [ -115.3018098, 36.178374599800001 ], [ -115.3018098, 36.178377299799998 ], [ -115.3018071, 36.178377299799998 ], [ -115.3018071, 36.178379999800001 ], [ -115.301799, 36.178379999800001 ], [ -115.301799, 36.178382699799997 ], [ -115.3017963, 36.178382699799997 ], [ -115.3017963, 36.1783853998 ], [ -115.3017828, 36.1783853998 ], [ -115.3017828, 36.178388099800003 ], [ -115.3017747, 36.178388099800003 ], [ -115.3017747, 36.178390799799999 ], [ -115.3017612, 36.178390799799999 ], [ -115.3017612, 36.178388099800003 ], [ -115.3017585, 36.178388099800003 ], [ -115.3017585, 36.1783853998 ], [ -115.3017558, 36.1783853998 ], [ -115.3017558, 36.178382699799997 ], [ -115.3017531, 36.178382699799997 ], [ -115.3017531, 36.178379999800001 ], [ -115.3017504, 36.178379999800001 ], [ -115.3017504, 36.178374599800001 ], [ -115.3017477, 36.178374599800001 ], [ -115.3017477, 36.178371899799998 ], [ -115.301745, 36.178371899799998 ], [ -115.301745, 36.178366499799999 ], [ -115.3017423, 36.178366499799999 ], [ -115.3017423, 36.178363799800003 ], [ -115.3017396, 36.178363799800003 ], [ -115.3017396, 36.1783610998 ], [ -115.3017369, 36.1783610998 ], [ -115.3017369, 36.178355699800001 ], [ -115.3017342, 36.178355699800001 ], [ -115.3017342, 36.178352999799998 ], [ -115.3017288, 36.178352999799998 ], [ -115.3017288, 36.178344899800003 ], [ -115.3017261, 36.178344899800003 ], [ -115.3017261, 36.1783367998 ], [ -115.3017234, 36.1783367998 ], [ -115.3017234, 36.178331399800001 ], [ -115.3017261, 36.178331399800001 ], [ -115.3017261, 36.178328699799998 ], [ -115.3017396, 36.178328699799998 ], [ -115.3017396, 36.178325999800002 ], [ -115.3017423, 36.178325999800002 ], [ -115.3017423, 36.178323299799999 ], [ -115.301745, 36.178323299799999 ], [ -115.301745, 36.178320599800003 ], [ -115.3017531, 36.178320599800003 ], [ -115.3017531, 36.1783178998 ], [ -115.3017558, 36.1783178998 ], [ -115.3017558, 36.178315199799997 ], [ -115.3017612, 36.178315199799997 ], [ -115.3017612, 36.178312499800001 ], [ -115.3017639, 36.178312499800001 ], [ -115.3017639, 36.178301699800002 ], [ -115.3017666, 36.178301699800002 ], [ -115.3017666, 36.178298999799999 ], [ -115.3017639, 36.178298999799999 ], [ -115.3017639, 36.178296299800003 ], [ -115.3017612, 36.178296299800003 ], [ -115.3017612, 36.1782935998 ], [ -115.3017558, 36.1782935998 ], [ -115.3017558, 36.178290899799997 ], [ -115.3017531, 36.178290899799997 ], [ -115.3017531, 36.178288199800001 ], [ -115.3017504, 36.178288199800001 ], [ -115.3017504, 36.178282799800002 ], [ -115.3017477, 36.178282799800002 ], [ -115.3017477, 36.178280099799998 ], [ -115.301745, 36.178280099799998 ], [ -115.301745, 36.178274699799999 ], [ -115.3017423, 36.178274699799999 ], [ -115.3017423, 36.1782692998 ], [ -115.3017396, 36.1782692998 ], [ -115.3017396, 36.178263899800001 ], [ -115.3017369, 36.178263899800001 ], [ -115.3017369, 36.178261199799998 ], [ -115.3017342, 36.178261199799998 ], [ -115.3017342, 36.178258499800002 ], [ -115.3017315, 36.178258499800002 ], [ -115.3017315, 36.178255799799999 ], [ -115.3017288, 36.178255799799999 ], [ -115.3017288, 36.1782503998 ], [ -115.3017315, 36.1782503998 ], [ -115.3017315, 36.1782449998 ], [ -115.3017342, 36.1782449998 ], [ -115.3017342, 36.178242299799997 ], [ -115.3017369, 36.178242299799997 ], [ -115.3017369, 36.178239599800001 ], [ -115.3017423, 36.178239599800001 ], [ -115.3017423, 36.178236899799998 ], [ -115.3017477, 36.178236899799998 ], [ -115.3017477, 36.178234199800002 ], [ -115.3017531, 36.178234199800002 ], [ -115.3017531, 36.178231499799999 ], [ -115.3017585, 36.178231499799999 ], [ -115.3017585, 36.178228799800003 ], [ -115.3017639, 36.178228799800003 ], [ -115.3017639, 36.1782260998 ], [ -115.3017693, 36.1782260998 ], [ -115.3017693, 36.178223399800004 ], [ -115.3017747, 36.178223399800004 ], [ -115.3017747, 36.178220699800001 ], [ -115.3017774, 36.178220699800001 ], [ -115.3017774, 36.178217999799998 ], [ -115.3017828, 36.178217999799998 ], [ -115.3017828, 36.178215299800002 ], [ -115.3017855, 36.178215299800002 ], [ -115.3017855, 36.178212599799998 ], [ -115.3017882, 36.178212599799998 ], [ -115.3017882, 36.178209899800002 ], [ -115.3017909, 36.178209899800002 ], [ -115.3017909, 36.178199099799997 ], [ -115.3017963, 36.178199099799997 ], [ -115.3017963, 36.178193699799998 ], [ -115.301799, 36.178193699799998 ], [ -115.301799, 36.178190999800002 ], [ -115.3018017, 36.178190999800002 ], [ -115.3018017, 36.178188299799999 ], [ -115.3018071, 36.178188299799999 ], [ -115.3018071, 36.178185599800003 ], [ -115.3018152, 36.178185599800003 ], [ -115.3018152, 36.178182899799999 ], [ -115.3018314, 36.178182899799999 ], [ -115.3018314, 36.178180199800003 ], [ -115.3018557, 36.178180199800003 ], [ -115.3018557, 36.1781774998 ], [ -115.3018881, 36.1781774998 ], [ -115.3018881, 36.178180199800003 ], [ -115.3018908, 36.178180199800003 ], [ -115.3018908, 36.178182899799999 ], [ -115.3018935, 36.178182899799999 ], [ -115.3018935, 36.178185599800003 ], [ -115.3018962, 36.178185599800003 ], [ -115.3018962, 36.178188299799999 ], [ -115.3018989, 36.178188299799999 ], [ -115.3018989, 36.178190999800002 ], [ -115.3019016, 36.178190999800002 ], [ -115.3019016, 36.178193699799998 ], [ -115.301907, 36.178193699799998 ], [ -115.301907, 36.178196399800001 ], [ -115.3019151, 36.178196399800001 ], [ -115.3019151, 36.178199099799997 ], [ -115.3019232, 36.178199099799997 ], [ -115.3019232, 36.1782017998 ], [ -115.3019286, 36.1782017998 ], [ -115.3019286, 36.178204499800003 ], [ -115.3019394, 36.178204499800003 ], [ -115.3019394, 36.178207199799999 ], [ -115.3019421, 36.178207199799999 ], [ -115.3019421, 36.178209899800002 ], [ -115.3019448, 36.178209899800002 ], [ -115.3019448, 36.178212599799998 ], [ -115.3019475, 36.178212599799998 ], [ -115.3019475, 36.178217999799998 ], [ -115.3019502, 36.178217999799998 ], [ -115.3019502, 36.178223399800004 ], [ -115.3019529, 36.178223399800004 ], [ -115.3019529, 36.1782260998 ], [ -115.3019556, 36.1782260998 ], [ -115.3019556, 36.178231499799999 ], [ -115.3019583, 36.178231499799999 ], [ -115.3019583, 36.178242299799997 ], [ -115.3019556, 36.178242299799997 ], [ -115.3019556, 36.1782503998 ], [ -115.3019583, 36.1782503998 ], [ -115.3019583, 36.178255799799999 ], [ -115.3019556, 36.178255799799999 ], [ -115.3019556, 36.178258499800002 ], [ -115.3019583, 36.178258499800002 ], [ -115.3019583, 36.178263899800001 ], [ -115.3019556, 36.178263899800001 ], [ -115.3019556, 36.178266599799997 ], [ -115.3019529, 36.178266599799997 ], [ -115.3019529, 36.178274699799999 ], [ -115.3019556, 36.178274699799999 ], [ -115.3019556, 36.178280099799998 ], [ -115.3019583, 36.178280099799998 ], [ -115.3019583, 36.178285499799998 ], [ -115.301961, 36.178285499799998 ], [ -115.301961, 36.178288199800001 ], [ -115.3019637, 36.178288199800001 ], [ -115.3019637, 36.178290899799997 ], [ -115.3019664, 36.178290899799997 ], [ -115.3019664, 36.1782935998 ], [ -115.3019691, 36.1782935998 ], [ -115.3019691, 36.178298999799999 ], [ -115.3019718, 36.178298999799999 ], [ -115.3019718, 36.178309799799997 ], [ -115.3019691, 36.178309799799997 ], [ -115.3019691, 36.178312499800001 ], [ -115.3019664, 36.178312499800001 ], [ -115.3019664, 36.178315199799997 ], [ -115.3019529, 36.178315199799997 ], [ -115.3019529, 36.1783178998 ], [ -115.3019421, 36.1783178998 ], [ -115.3019421, 36.178320599800003 ], [ -115.3019394, 36.178320599800003 ], [ -115.3019394, 36.178323299799999 ], [ -115.301934, 36.178323299799999 ], [ -115.301934, 36.178325999800002 ], [ -115.3019313, 36.178325999800002 ], [ -115.3019313, 36.178328699799998 ], [ -115.3019286, 36.178328699799998 ], [ -115.3019286, 36.178334099799997 ], [ -115.3019259, 36.178334099799997 ], [ -115.3019259, 36.1783367998 ], [ -115.3019205, 36.1783367998 ], [ -115.3019205, 36.178339499800003 ], [ -115.3019151, 36.178339499800003 ], [ -115.3019151, 36.178342199799999 ], [ -115.3019097, 36.178342199799999 ], [ -115.3019097, 36.178344899800003 ], [ -115.301907, 36.178344899800003 ], [ -115.301907, 36.178350299800002 ], [ -115.3019043, 36.178350299800002 ], [ -115.3019043, 36.178352999799998 ], [ -115.3019016, 36.178352999799998 ], [ -115.3019016, 36.178358399799997 ], [ -115.301907, 36.178358399799997 ], [ -115.301907, 36.178363799800003 ], [ -115.3019097, 36.178363799800003 ], [ -115.3019097, 36.178369199800002 ], [ -115.3019124, 36.178369199800002 ], [ -115.3019124, 36.178377299799998 ], [ -115.3019151, 36.178377299799998 ], [ -115.3019151, 36.178388099800003 ], [ -115.3019124, 36.178388099800003 ], [ -115.3019124, 36.178398899800001 ], [ -115.3019097, 36.178398899800001 ], [ -115.3019097, 36.1784042998 ], [ -115.3019043, 36.1784042998 ], [ -115.3019043, 36.178406999799996 ], [ -115.3018989, 36.178406999799996 ], [ -115.3018989, 36.1784096998 ], [ -115.3018935, 36.1784096998 ], [ -115.3018935, 36.178412399800003 ], [ -115.3018908, 36.178412399800003 ], [ -115.3018908, 36.178415099799999 ], [ -115.3018881, 36.178415099799999 ], [ -115.3018881, 36.178417799800002 ], [ -115.3018854, 36.178417799800002 ], [ -115.3018854, 36.178420499799998 ] ] ] } },
{ "type": "Feature", "properties": { "value": 255.0 }, "geometry": { "type": "Polygon", "coordinates": [ [ [ -115.3007271, 36.1782017998 ], [ -115.3007055, 36.1782017998 ], [ -115.3007055, 36.178199099799997 ], [ -115.3007028, 36.178199099799997 ], [ -115.3007028, 36.178188299799999 ], [ -115.3007055, 36.178188299799999 ], [ -115.3007055, 36.178185599800003 ], [ -115.3007082, 36.178185599800003 ], [ -115.3007082, 36.178180199800003 ], [ -115.3007109, 36.178180199800003 ], [ -115.3007109, 36.178174799799997 ], [ -115.3007163, 36.178174799799997 ], [ -115.3007163, 36.178172099800001 ], [ -115.3007271, 36.178172099800001 ], [ -115.3007271, 36.178174799799997 ], [ -115.3007298, 36.178174799799997 ], [ -115.3007298, 36.178199099799997 ], [ -115.3007271, 36.178199099799997 ], [ -115.3007271, 36.1782017998 ] ] ] } },
{ "type": "Feature", "properties": { "value": 255.0 }, "geometry": { "type": "Polygon", "coordinates": [ [ [ -115.3013454, 36.1784042998 ], [ -115.3012941, 36.1784042998 ], [ -115.3012941, 36.178401599799997 ], [ -115.3012914, 36.178401599799997 ], [ -115.3012914, 36.178398899800001 ], [ -115.3012887, 36.178398899800001 ], [ -115.3012887, 36.178342199799999 ], [ -115.301286, 36.178342199799999 ], [ -115.301286, 36.1783367998 ], [ -115.3012887, 36.1783367998 ], [ -115.3012887, 36.178331399800001 ], [ -115.3012941, 36.178331399800001 ], [ -115.3012941, 36.178328699799998 ], [ -115.3013535, 36.178328699799998 ], [ -115.3013535, 36.178325999800002 ], [ -115.3013643, 36.178325999800002 ], [ -115.3013643, 36.178320599800003 ], [ -115.301367, 36.178320599800003 ], [ -115.301367, 36.178290899799997 ], [ -115.3013643, 36.178290899799997 ], [ -115.3013643, 36.178285499799998 ], [ -115.3013616, 36.178285499799998 ], [ -115.3013616, 36.178253099800003 ], [ -115.3013589, 36.178253099800003 ], [ -115.3013589, 36.178239599800001 ], [ -115.3013535, 36.178239599800001 ], [ -115.3013535, 36.178236899799998 ], [ -115.3013427, 36.178236899799998 ], [ -115.3013427, 36.178239599800001 ], [ -115.3012914, 36.178239599800001 ], [ -115.3012914, 36.178242299799997 ], [ -115.3012806, 36.178242299799997 ], [ -115.3012806, 36.178239599800001 ], [ -115.3012779, 36.178239599800001 ], [ -115.3012779, 36.178193699799998 ], [ -115.3012752, 36.178193699799998 ], [ -115.3012752, 36.178166699800002 ], [ -115.3012779, 36.178166699800002 ], [ -115.3012779, 36.178163999799999 ], [ -115.3012833, 36.178163999799999 ], [ -115.3012833, 36.178161299800003 ], [ -115.3012914, 36.178161299800003 ], [ -115.3012914, 36.1781585998 ], [ -115.3014048, 36.1781585998 ], [ -115.3014048, 36.178155899800004 ], [ -115.301475, 36.178155899800004 ], [ -115.301475, 36.178153199800001 ], [ -115.3015101, 36.178153199800001 ], [ -115.3015101, 36.178150499799997 ], [ -115.3015803, 36.178150499799997 ], [ -115.3015803, 36.178153199800001 ], [ -115.30161, 36.178153199800001 ], [ -115.30161, 36.178155899800004 ], [ -115.3016127, 36.178155899800004 ], [ -115.3016127, 36.1781585998 ], [ -115.3016154, 36.1781585998 ], [ -115.3016154, 36.178236899799998 ], [ -115.3016127, 36.178236899799998 ], [ -115.3016127, 36.1782449998 ], [ -115.30161, 36.1782449998 ], [ -115.30161, 36.178247699800004 ], [ -115.3016046, 36.178247699800004 ], [ -115.3016046, 36.1782503998 ], [ -115.3016019, 36.1782503998 ], [ -115.3016019, 36.178253099800003 ], [ -115.3015992, 36.178253099800003 ], [ -115.3015992, 36.178255799799999 ], [ -115.3015965, 36.178255799799999 ], [ -115.3015965, 36.178261199799998 ], [ -115.3015938, 36.178261199799998 ], [ -115.3015938, 36.178298999799999 ], [ -115.3015911, 36.178298999799999 ], [ -115.3015911, 36.178301699800002 ], [ -115.3015938, 36.178301699800002 ], [ -115.3015938, 36.178312499800001 ], [ -115.3015965, 36.178312499800001 ], [ -115.3015965, 36.178339499800003 ], [ -115.3015938, 36.178339499800003 ], [ -115.3015938, 36.178342199799999 ], [ -115.3015911, 36.178342199799999 ], [ -115.3015911, 36.178347599799999 ], [ -115.3015614, 36.178347599799999 ], [ -115.3015614, 36.178350299800002 ], [ -115.3015533, 36.178350299800002 ], [ -115.3015533, 36.178352999799998 ], [ -115.3015479, 36.178352999799998 ], [ -115.3015479, 36.178355699800001 ], [ -115.3015398, 36.178355699800001 ], [ -115.3015398, 36.178358399799997 ], [ -115.301529, 36.178358399799997 ], [ -115.301529, 36.1783610998 ], [ -115.3015101, 36.1783610998 ], [ -115.3015101, 36.178363799800003 ], [ -115.3014912, 36.178363799800003 ], [ -115.3014912, 36.178366499799999 ], [ -115.301475, 36.178366499799999 ], [ -115.301475, 36.178369199800002 ], [ -115.3014723, 36.178369199800002 ], [ -115.3014723, 36.178371899799998 ], [ -115.3014696, 36.178371899799998 ], [ -115.3014696, 36.178377299799998 ], [ -115.3014642, 36.178377299799998 ], [ -115.3014642, 36.178379999800001 ], [ -115.3014345, 36.178379999800001 ], [ -115.3014345, 36.178371899799998 ], [ -115.3014318, 36.178371899799998 ], [ -115.3014318, 36.178363799800003 ], [ -115.3014264, 36.178363799800003 ], [ -115.3014264, 36.1783610998 ], [ -115.3014183, 36.1783610998 ], [ -115.3014183, 36.178366499799999 ], [ -115.3014156, 36.178366499799999 ], [ -115.3014156, 36.178369199800002 ], [ -115.3014129, 36.178369199800002 ], [ -115.3014129, 36.178374599800001 ], [ -115.3014156, 36.178374599800001 ], [ -115.3014156, 36.178377299799998 ], [ -115.3014129, 36.178377299799998 ], [ -115.3014129, 36.1783853998 ], [ -115.3014102, 36.1783853998 ], [ -115.3014102, 36.178388099800003 ], [ -115.3014075, 36.178388099800003 ], [ -115.3014075, 36.178390799799999 ], [ -115.3013967, 36.178390799799999 ], [ -115.3013967, 36.178393499800002 ], [ -115.301394, 36.178393499800002 ], [ -115.301394, 36.178396199799998 ], [ -115.3013913, 36.178396199799998 ], [ -115.3013913, 36.178398899800001 ], [ -115.3013859, 36.178398899800001 ], [ -115.3013859, 36.178401599799997 ], [ -115.3013454, 36.178401599799997 ], [ -115.3013454, 36.1784042998 ] ] ] } },
{ "type": "Feature", "properties": { "value": 255.0 }, "geometry": { "type": "Polygon", "coordinates": [ [ [ -115.3021959, 36.178282799800002 ], [ -115.3021689, 36.178282799800002 ], [ -115.3021689, 36.178280099799998 ], [ -115.3021662, 36.178280099799998 ], [ -115.3021662, 36.178277399800002 ], [ -115.3021446, 36.178277399800002 ], [ -115.3021446, 36.178280099799998 ], [ -115.3021338, 36.178280099799998 ], [ -115.3021338, 36.178277399800002 ], [ -115.3021311, 36.178277399800002 ], [ -115.3021311, 36.178274699799999 ], [ -115.3021284, 36.178274699799999 ], [ -115.3021284, 36.1782692998 ], [ -115.3021257, 36.1782692998 ], [ -115.3021257, 36.178261199799998 ], [ -115.302123, 36.178261199799998 ], [ -115.302123, 36.178255799799999 ], [ -115.3021203, 36.178255799799999 ], [ -115.3021203, 36.1782503998 ], [ -115.3021176, 36.1782503998 ], [ -115.3021176, 36.1782449998 ], [ -115.3021149, 36.1782449998 ], [ -115.3021149, 36.178242299799997 ], [ -115.3021122, 36.178242299799997 ], [ -115.3021122, 36.178239599800001 ], [ -115.3020987, 36.178239599800001 ], [ -115.3020987, 36.178242299799997 ], [ -115.3020825, 36.178242299799997 ], [ -115.3020825, 36.1782449998 ], [ -115.3020744, 36.1782449998 ], [ -115.3020744, 36.178242299799997 ], [ -115.302069, 36.178242299799997 ], [ -115.302069, 36.178239599800001 ], [ -115.3020663, 36.178239599800001 ], [ -115.3020663, 36.178234199800002 ], [ -115.3020636, 36.178234199800002 ], [ -115.3020636, 36.178228799800003 ], [ -115.3020609, 36.178228799800003 ], [ -115.3020609, 36.178223399800004 ], [ -115.3020582, 36.178223399800004 ], [ -115.3020582, 36.178215299800002 ], [ -115.3020555, 36.178215299800002 ], [ -115.3020555, 36.178209899800002 ], [ -115.3020528, 36.178209899800002 ], [ -115.3020528, 36.178204499800003 ], [ -115.3020501, 36.178204499800003 ], [ -115.3020501, 36.178196399800001 ], [ -115.3020474, 36.178196399800001 ], [ -115.3020474, 36.178188299799999 ], [ -115.3020447, 36.178188299799999 ], [ -115.3020447, 36.178182899799999 ], [ -115.302042, 36.178182899799999 ], [ -115.302042, 36.178174799799997 ], [ -115.3020393, 36.178174799799997 ], [ -115.3020393, 36.178166699800002 ], [ -115.3020366, 36.178166699800002 ], [ -115.3020366, 36.178161299800003 ], [ -115.3020339, 36.178161299800003 ], [ -115.3020339, 36.1781585998 ], [ -115.3020312, 36.1781585998 ], [ -115.3020312, 36.178147799800001 ], [ -115.3020339, 36.178147799800001 ], [ -115.3020339, 36.178145099799998 ], [ -115.3020393, 36.178145099799998 ], [ -115.3020393, 36.178142399800002 ], [ -115.302042, 36.178142399800002 ], [ -115.302042, 36.178139699799999 ], [ -115.3020474, 36.178139699799999 ], [ -115.3020474, 36.178136999800003 ], [ -115.3020501, 36.178136999800003 ], [ -115.3020501, 36.178126199799998 ], [ -115.3020474, 36.178126199799998 ], [ -115.3020474, 36.178115399799999 ], [ -115.3020447, 36.178115399799999 ], [ -115.3020447, 36.178107299799997 ], [ -115.302042, 36.178107299799997 ], [ -115.302042, 36.178099199800002 ], [ -115.3020393, 36.178099199800002 ], [ -115.3020393, 36.1780910998 ], [ -115.3020366, 36.1780910998 ], [ -115.3020366, 36.178080299800001 ], [ -115.3020339, 36.178080299800001 ], [ -115.3020339, 36.1780667998 ], [ -115.3020366, 36.1780667998 ], [ -115.3020366, 36.178061399800001 ], [ -115.3020393, 36.178061399800001 ], [ -115.3020393, 36.178055999800002 ], [ -115.302042, 36.178055999800002 ], [ -115.302042, 36.178053299799998 ], [ -115.3020474, 36.178053299799998 ], [ -115.3020474, 36.178050599800002 ], [ -115.3020501, 36.178050599800002 ], [ -115.3020501, 36.178047899799999 ], [ -115.3020555, 36.178047899799999 ], [ -115.3020555, 36.178045199800003 ], [ -115.3020582, 36.178045199800003 ], [ -115.3020582, 36.1780424998 ], [ -115.3020636, 36.1780424998 ], [ -115.3020636, 36.178039799800004 ], [ -115.302069, 36.178039799800004 ], [ -115.302069, 36.178037099800001 ], [ -115.3020744, 36.178037099800001 ], [ -115.3020744, 36.178034399799998 ], [ -115.3020852, 36.178034399799998 ], [ -115.3020852, 36.178031699800002 ], [ -115.3021284, 36.178031699800002 ], [ -115.3021284, 36.178034399799998 ], [ -115.3021473, 36.178034399799998 ], [ -115.3021473, 36.178037099800001 ], [ -115.3021689, 36.178037099800001 ], [ -115.3021689, 36.178034399799998 ], [ -115.3021851, 36.178034399799998 ], [ -115.3021851, 36.178031699800002 ], [ -115.3021932, 36.178031699800002 ], [ -115.3021932, 36.178028999799999 ], [ -115.3021986, 36.178028999799999 ], [ -115.3021986, 36.178026299800003 ], [ -115.302204, 36.178026299800003 ], [ -115.302204, 36.178023599799999 ], [ -115.3022067, 36.178023599799999 ], [ -115.3022067, 36.178020899800003 ], [ -115.3022175, 36.178020899800003 ], [ -115.3022175, 36.1780181998 ], [ -115.3022337, 36.1780181998 ], [ -115.3022337, 36.178020899800003 ], [ -115.3022391, 36.178020899800003 ], [ -115.3022391, 36.178026299800003 ], [ -115.3022418, 36.178026299800003 ], [ -115.3022418, 36.178028999799999 ], [ -115.3022445, 36.178028999799999 ], [ -115.3022445, 36.178034399799998 ], [ -115.3022472, 36.178034399799998 ], [ -115.3022472, 36.178039799800004 ], [ -115.3022499, 36.178039799800004 ], [ -115.3022499, 36.178045199800003 ], [ -115.3022526, 36.178045199800003 ], [ -115.3022526, 36.1782503998 ], [ -115.3022499, 36.1782503998 ], [ -115.3022499, 36.178253099800003 ], [ -115.3022445, 36.178253099800003 ], [ -115.3022445, 36.178258499800002 ], [ -115.3022418, 36.178258499800002 ], [ -115.3022418, 36.1782692998 ], [ -115.3022391, 36.1782692998 ], [ -115.3022391, 36.178271999800003 ], [ -115.302231, 36.178271999800003 ], [ -115.302231, 36.178274699799999 ], [ -115.3022202, 36.178274699799999 ], [ -115.3022202, 36.178277399800002 ], [ -115.3022148, 36.178277399800002 ], [ -115.3022148, 36.178280099799998 ], [ -115.3021959, 36.178280099799998 ], [ -115.3021959, 36.178282799800002 ] ] ] } },
{ "type": "Feature", "properties": { "value": 255.0 }, "geometry": { "type": "Polygon", "coordinates": [ [ [ -115.30053, 36.178180199800003 ], [ -115.3004976, 36.178180199800003 ], [ -115.3004976, 36.177915599800002 ], [ -115.300503, 36.177915599800002 ], [ -115.300503, 36.177912899799999 ], [ -115.3005084, 36.177912899799999 ], [ -115.3005084, 36.177910199800003 ], [ -115.3005138, 36.177910199800003 ], [ -115.3005138, 36.1779074998 ], [ -115.3005219, 36.1779074998 ], [ -115.3005219, 36.177910199800003 ], [ -115.3005273, 36.177910199800003 ], [ -115.3005273, 36.177912899799999 ], [ -115.30053, 36.177912899799999 ], [ -115.30053, 36.177910199800003 ], [ -115.3005516, 36.177910199800003 ], [ -115.3005516, 36.1779074998 ], [ -115.3005651, 36.1779074998 ], [ -115.3005651, 36.177904799800004 ], [ -115.300584, 36.177904799800004 ], [ -115.300584, 36.177902099800001 ], [ -115.3006056, 36.177902099800001 ], [ -115.3006056, 36.177904799800004 ], [ -115.3006137, 36.177904799800004 ], [ -115.3006137, 36.1779074998 ], [ -115.3006164, 36.1779074998 ], [ -115.3006164, 36.177910199800003 ], [ -115.3006191, 36.177910199800003 ], [ -115.3006191, 36.177912899799999 ], [ -115.3006218, 36.177912899799999 ], [ -115.3006218, 36.177915599800002 ], [ -115.3006245, 36.177915599800002 ], [ -115.3006245, 36.177920999800001 ], [ -115.3006272, 36.177920999800001 ], [ -115.3006272, 36.177964199800002 ], [ -115.3006299, 36.177964199800002 ], [ -115.3006299, 36.178026299800003 ], [ -115.3006326, 36.178026299800003 ], [ -115.3006326, 36.178058699799998 ], [ -115.3006353, 36.178058699799998 ], [ -115.3006353, 36.178104599800001 ], [ -115.300638, 36.178104599800001 ], [ -115.300638, 36.178123499800002 ], [ -115.3006407, 36.178123499800002 ], [ -115.3006407, 36.178145099799998 ], [ -115.3006434, 36.178145099799998 ], [ -115.3006434, 36.178155899800004 ], [ -115.3006407, 36.178155899800004 ], [ -115.3006407, 36.1781585998 ], [ -115.300638, 36.1781585998 ], [ -115.300638, 36.178161299800003 ], [ -115.3005759, 36.178161299800003 ], [ -115.3005759, 36.178163999799999 ], [ -115.3005705, 36.178163999799999 ], [ -115.3005705, 36.178166699800002 ], [ -115.3005678, 36.178166699800002 ], [ -115.3005678, 36.178169399799998 ], [ -115.3005651, 36.178169399799998 ], [ -115.3005651, 36.178174799799997 ], [ -115.3005624, 36.178174799799997 ], [ -115.3005624, 36.1781774998 ], [ -115.30053, 36.1781774998 ], [ -115.30053, 36.178180199800003 ] ] ] } },
{ "type": "Feature", "properties": { "value": 255.0 }, "geometry": { "type": "Polygon", "coordinates": [ [ [ -115.3014561, 36.1781099998 ], [ -115.3014318, 36.1781099998 ], [ -115.3014318, 36.178107299799997 ], [ -115.3014102, 36.178107299799997 ], [ -115.3014102, 36.1781099998 ], [ -115.3014021, 36.1781099998 ], [ -115.3014021, 36.178107299799997 ], [ -115.301394, 36.178107299799997 ], [ -115.301394, 36.1781099998 ], [ -115.3013859, 36.1781099998 ], [ -115.3013859, 36.178107299799997 ], [ -115.3013805, 36.178107299799997 ], [ -115.3013805, 36.178104599800001 ], [ -115.3013778, 36.178104599800001 ], [ -115.3013778, 36.1780856998 ], [ -115.3013751, 36.1780856998 ], [ -115.3013751, 36.178064099800004 ], [ -115.3013724, 36.178064099800004 ], [ -115.3013724, 36.178058699799998 ], [ -115.3013697, 36.178058699799998 ], [ -115.3013697, 36.178050599800002 ], [ -115.301367, 36.178050599800002 ], [ -115.301367, 36.178045199800003 ], [ -115.3013616, 36.178045199800003 ], [ -115.3013616, 36.1780424998 ], [ -115.3013481, 36.1780424998 ], [ -115.3013481, 36.178045199800003 ], [ -115.3013265, 36.178045199800003 ], [ -115.3013265, 36.1780424998 ], [ -115.301313, 36.1780424998 ], [ -115.301313, 36.178045199800003 ], [ -115.3012887, 36.178045199800003 ], [ -115.3012887, 36.1780424998 ], [ -115.301286, 36.1780424998 ], [ -115.301286, 36.178039799800004 ], [ -115.3012833, 36.178039799800004 ], [ -115.3012833, 36.177988499800001 ], [ -115.3012806, 36.177988499800001 ], [ -115.3012806, 36.1779749998 ], [ -115.3012833, 36.1779749998 ], [ -115.3012833, 36.177972299800004 ], [ -115.3012806, 36.177972299800004 ], [ -115.3012806, 36.177969599800001 ], [ -115.3012833, 36.177969599800001 ], [ -115.3012833, 36.177961499799999 ], [ -115.301286, 36.177961499799999 ], [ -115.301286, 36.177956099799999 ], [ -115.3012887, 36.177956099799999 ], [ -115.3012887, 36.1779506998 ], [ -115.3012941, 36.1779506998 ], [ -115.3012941, 36.177945299800001 ], [ -115.3012968, 36.177945299800001 ], [ -115.3012968, 36.177942599799998 ], [ -115.3012995, 36.177942599799998 ], [ -115.3012995, 36.177939899800002 ], [ -115.3013049, 36.177939899800002 ], [ -115.3013049, 36.177942599799998 ], [ -115.3013076, 36.177942599799998 ], [ -115.3013076, 36.177945299800001 ], [ -115.301313, 36.177945299800001 ], [ -115.301313, 36.177942599799998 ], [ -115.3013238, 36.177942599799998 ], [ -115.3013238, 36.177939899800002 ], [ -115.3013265, 36.177939899800002 ], [ -115.3013265, 36.1779317998 ], [ -115.3013292, 36.1779317998 ], [ -115.3013292, 36.177915599800002 ], [ -115.3013319, 36.177915599800002 ], [ -115.3013319, 36.177912899799999 ], [ -115.3013346, 36.177912899799999 ], [ -115.3013346, 36.177910199800003 ], [ -115.3013373, 36.177910199800003 ], [ -115.3013373, 36.1779074998 ], [ -115.30134, 36.1779074998 ], [ -115.30134, 36.177899399799998 ], [ -115.3013535, 36.177899399799998 ], [ -115.3013535, 36.177896699800002 ], [ -115.3013616, 36.177896699800002 ], [ -115.3013616, 36.177899399799998 ], [ -115.3013751, 36.177899399799998 ], [ -115.3013751, 36.177896699800002 ], [ -115.3013913, 36.177896699800002 ], [ -115.3013913, 36.177899399799998 ], [ -115.3014264, 36.177899399799998 ], [ -115.3014264, 36.177902099800001 ], [ -115.3014372, 36.177902099800001 ], [ -115.3014372, 36.177904799800004 ], [ -115.3014453, 36.177904799800004 ], [ -115.3014453, 36.177910199800003 ], [ -115.301448, 36.177910199800003 ], [ -115.301448, 36.177918299799998 ], [ -115.3014453, 36.177918299799998 ], [ -115.3014453, 36.1779263998 ], [ -115.301448, 36.1779263998 ], [ -115.301448, 36.177945299800001 ], [ -115.3014507, 36.177945299800001 ], [ -115.3014507, 36.177953399800003 ], [ -115.3014534, 36.177953399800003 ], [ -115.3014534, 36.177958799800003 ], [ -115.3014561, 36.177958799800003 ], [ -115.3014561, 36.177964199800002 ], [ -115.3014588, 36.177964199800002 ], [ -115.3014588, 36.177966899799998 ], [ -115.3014669, 36.177966899799998 ], [ -115.3014669, 36.177964199800002 ], [ -115.3014696, 36.177964199800002 ], [ -115.3014696, 36.177966899799998 ], [ -115.3014831, 36.177966899799998 ], [ -115.3014831, 36.177964199800002 ], [ -115.3014858, 36.177964199800002 ], [ -115.3014858, 36.177961499799999 ], [ -115.3014912, 36.177961499799999 ], [ -115.3014912, 36.177958799800003 ], [ -115.3014993, 36.177958799800003 ], [ -115.3014993, 36.177956099799999 ], [ -115.3015047, 36.177956099799999 ], [ -115.3015047, 36.177953399800003 ], [ -115.3015128, 36.177953399800003 ], [ -115.3015128, 36.1779506998 ], [ -115.3015236, 36.1779506998 ], [ -115.3015236, 36.177947999800004 ], [ -115.3015317, 36.177947999800004 ], [ -115.3015317, 36.177945299800001 ], [ -115.301556, 36.177945299800001 ], [ -115.301556, 36.177947999800004 ], [ -115.3015614, 36.177947999800004 ], [ -115.3015614, 36.177945299800001 ], [ -115.3015641, 36.177945299800001 ], [ -115.3015641, 36.177942599799998 ], [ -115.3015695, 36.177942599799998 ], [ -115.3015695, 36.177939899800002 ], [ -115.3015722, 36.177939899800002 ], [ -115.3015722, 36.177912899799999 ], [ -115.3015695, 36.177912899799999 ], [ -115.3015695, 36.177899399799998 ], [ -115.3015722, 36.177899399799998 ], [ -115.3015722, 36.177893999799998 ], [ -115.3015749, 36.177893999799998 ], [ -115.3015749, 36.177891299800002 ], [ -115.3015776, 36.177891299800002 ], [ -115.3015776, 36.177888599799999 ], [ -115.3015803, 36.177888599799999 ], [ -115.3015803, 36.177885899800003 ], [ -115.3016532, 36.177885899800003 ], [ -115.3016532, 36.177888599799999 ], [ -115.3016559, 36.177888599799999 ], [ -115.3016559, 36.177891299800002 ], [ -115.3016586, 36.177891299800002 ], [ -115.3016586, 36.177910199800003 ], [ -115.3016613, 36.177910199800003 ], [ -115.3016613, 36.177915599800002 ], [ -115.3016586, 36.177915599800002 ], [ -115.3016586, 36.177939899800002 ], [ -115.3016613, 36.177939899800002 ], [ -115.3016613, 36.1779749998 ], [ -115.301664, 36.1779749998 ], [ -115.301664, 36.1779992998 ], [ -115.3016667, 36.1779992998 ], [ -115.3016667, 36.178010099799998 ], [ -115.3016694, 36.178010099799998 ], [ -115.3016694, 36.178012799800001 ], [ -115.3016802, 36.178012799800001 ], [ -115.3016802, 36.178015499800004 ], [ -115.3016829, 36.178015499800004 ], [ -115.3016829, 36.178023599799999 ], [ -115.3016856, 36.178023599799999 ], [ -115.3016856, 36.178031699800002 ], [ -115.3016883, 36.178031699800002 ], [ -115.3016883, 36.178034399799998 ], [ -115.3016856, 36.178034399799998 ], [ -115.3016856, 36.178037099800001 ], [ -115.3016829, 36.178037099800001 ], [ -115.3016829, 36.178055999800002 ], [ -115.3016802, 36.178055999800002 ], [ -115.3016802, 36.178088399800004 ], [ -115.3016748, 36.178088399800004 ], [ -115.3016748, 36.1780910998 ], [ -115.301664, 36.1780910998 ], [ -115.301664, 36.178093799800003 ], [ -115.3016505, 36.178093799800003 ], [ -115.3016505, 36.178096499799999 ], [ -115.3016262, 36.178096499799999 ], [ -115.3016262, 36.178099199800002 ], [ -115.3016181, 36.178099199800002 ], [ -115.3016181, 36.178101899799998 ], [ -115.3015965, 36.178101899799998 ], [ -115.3015965, 36.178104599800001 ], [ -115.3015398, 36.178104599800001 ], [ -115.3015398, 36.178107299799997 ], [ -115.3014561, 36.178107299799997 ], [ -115.3014561, 36.1781099998 ] ] ] } },
{ "type": "Feature", "properties": { "value": 255.0 }, "geometry": { "type": "Polygon", "coordinates": [ [ [ -115.3007919, 36.178153199800001 ], [ -115.3007109, 36.178153199800001 ], [ -115.3007109, 36.178147799800001 ], [ -115.3007082, 36.178147799800001 ], [ -115.3007082, 36.178139699799999 ], [ -115.3007055, 36.178139699799999 ], [ -115.3007055, 36.178050599800002 ], [ -115.3007028, 36.178050599800002 ], [ -115.3007028, 36.1780181998 ], [ -115.3007001, 36.1780181998 ], [ -115.3007001, 36.178004699799999 ], [ -115.3006974, 36.178004699799999 ], [ -115.3006974, 36.177996599800004 ], [ -115.3006947, 36.177996599800004 ], [ -115.3006947, 36.1779506998 ], [ -115.300692, 36.1779506998 ], [ -115.300692, 36.177945299800001 ], [ -115.3006893, 36.177945299800001 ], [ -115.3006893, 36.177939899800002 ], [ -115.3006866, 36.177939899800002 ], [ -115.3006866, 36.1779317998 ], [ -115.3006893, 36.1779317998 ], [ -115.3006893, 36.177912899799999 ], [ -115.3006866, 36.177912899799999 ], [ -115.3006866, 36.177910199800003 ], [ -115.3006893, 36.177910199800003 ], [ -115.3006893, 36.1779074998 ], [ -115.3006866, 36.1779074998 ], [ -115.3006866, 36.177885899800003 ], [ -115.3006893, 36.177885899800003 ], [ -115.3006893, 36.1778831998 ], [ -115.3006947, 36.1778831998 ], [ -115.3006947, 36.177880499800004 ], [ -115.3007055, 36.177880499800004 ], [ -115.3007055, 36.177877799800001 ], [ -115.3007568, 36.177877799800001 ], [ -115.3007568, 36.177875099799998 ], [ -115.3008, 36.177875099799998 ], [ -115.3008, 36.177872399800002 ], [ -115.3008135, 36.177872399800002 ], [ -115.3008135, 36.177869699799999 ], [ -115.3008594, 36.177869699799999 ], [ -115.3008594, 36.177872399800002 ], [ -115.3008702, 36.177872399800002 ], [ -115.3008702, 36.177869699799999 ], [ -115.3009053, 36.177869699799999 ], [ -115.3009053, 36.177872399800002 ], [ -115.3009161, 36.177872399800002 ], [ -115.3009161, 36.177875099799998 ], [ -115.3009269, 36.177875099799998 ], [ -115.3009269, 36.177877799800001 ], [ -115.3009404, 36.177877799800001 ], [ -115.3009404, 36.177880499800004 ], [ -115.3009431, 36.177880499800004 ], [ -115.3009431, 36.1778831998 ], [ -115.3009458, 36.1778831998 ], [ -115.3009458, 36.177885899800003 ], [ -115.3009485, 36.177885899800003 ], [ -115.3009485, 36.177923699800004 ], [ -115.3009512, 36.177923699800004 ], [ -115.3009512, 36.177947999800004 ], [ -115.3009566, 36.177947999800004 ], [ -115.3009566, 36.1779506998 ], [ -115.3009593, 36.1779506998 ], [ -115.3009593, 36.177953399800003 ], [ -115.300962, 36.177953399800003 ], [ -115.300962, 36.177972299800004 ], [ -115.3009647, 36.177972299800004 ], [ -115.3009647, 36.177983099800002 ], [ -115.3009674, 36.177983099800002 ], [ -115.3009674, 36.1780181998 ], [ -115.3009701, 36.1780181998 ], [ -115.3009701, 36.178053299799998 ], [ -115.3009728, 36.178053299799998 ], [ -115.3009728, 36.178061399800001 ], [ -115.3009755, 36.178061399800001 ], [ -115.3009755, 36.178072199799999 ], [ -115.3009782, 36.178072199799999 ], [ -115.3009782, 36.178077599799998 ], [ -115.3009755, 36.178077599799998 ], [ -115.3009755, 36.1780856998 ], [ -115.3009782, 36.1780856998 ], [ -115.3009782, 36.178088399800004 ], [ -115.3009755, 36.178088399800004 ], [ -115.3009755, 36.178112699800003 ], [ -115.3009782, 36.178112699800003 ], [ -115.3009782, 36.1781342998 ], [ -115.3009755, 36.1781342998 ], [ -115.3009755, 36.178142399800002 ], [ -115.3009728, 36.178142399800002 ], [ -115.3009728, 36.178145099799998 ], [ -115.3009026, 36.178145099799998 ], [ -115.3009026, 36.178147799800001 ], [ -115.3008297, 36.178147799800001 ], [ -115.3008297, 36.178150499799997 ], [ -115.3007919, 36.178150499799997 ], [ -115.3007919, 36.178153199800001 ] ] ] } },
{ "type": "Feature", "properties": { "value": 255.0 }, "geometry": { "type": "Polygon", "coordinates": [ [ [ -115.30188, 36.178026299800003 ], [ -115.3018746, 36.178026299800003 ], [ -115.3018746, 36.178023599799999 ], [ -115.3018692, 36.178023599799999 ], [ -115.3018692, 36.1780181998 ], [ -115.3018665, 36.1780181998 ], [ -115.3018665, 36.178012799800001 ], [ -115.3018638, 36.178012799800001 ], [ -115.3018638, 36.178007399800002 ], [ -115.3018611, 36.178007399800002 ], [ -115.3018611, 36.178001999800003 ], [ -115.3018584, 36.178001999800003 ], [ -115.3018584, 36.177993899800001 ], [ -115.3018557, 36.177993899800001 ], [ -115.3018557, 36.177991199799997 ], [ -115.301853, 36.177991199799997 ], [ -115.301853, 36.177983099800002 ], [ -115.3018503, 36.177983099800002 ], [ -115.3018503, 36.177972299800004 ], [ -115.301853, 36.177972299800004 ], [ -115.301853, 36.177969599800001 ], [ -115.3018557, 36.177969599800001 ], [ -115.3018557, 36.177966899799998 ], [ -115.3018611, 36.177966899799998 ], [ -115.3018611, 36.177964199800002 ], [ -115.3018665, 36.177964199800002 ], [ -115.3018665, 36.177961499799999 ], [ -115.3018773, 36.177961499799999 ], [ -115.3018773, 36.177958799800003 ], [ -115.30188, 36.177958799800003 ], [ -115.30188, 36.177953399800003 ], [ -115.3018827, 36.177953399800003 ], [ -115.3018827, 36.177947999800004 ], [ -115.3018854, 36.177947999800004 ], [ -115.3018854, 36.177945299800001 ], [ -115.3018881, 36.177945299800001 ], [ -115.3018881, 36.177929099800004 ], [ -115.3018908, 36.177929099800004 ], [ -115.3018908, 36.177923699800004 ], [ -115.3018935, 36.177923699800004 ], [ -115.3018935, 36.177920999800001 ], [ -115.3018989, 36.177920999800001 ], [ -115.3018989, 36.177915599800002 ], [ -115.3019016, 36.177915599800002 ], [ -115.3019016, 36.177912899799999 ], [ -115.3019043, 36.177912899799999 ], [ -115.3019043, 36.177910199800003 ], [ -115.3019016, 36.177910199800003 ], [ -115.3019016, 36.177891299800002 ], [ -115.3018989, 36.177891299800002 ], [ -115.3018989, 36.177885899800003 ], [ -115.3018962, 36.177885899800003 ], [ -115.3018962, 36.177880499800004 ], [ -115.30188, 36.177880499800004 ], [ -115.30188, 36.1778831998 ], [ -115.3018692, 36.1778831998 ], [ -115.3018692, 36.177880499800004 ], [ -115.3018638, 36.177880499800004 ], [ -115.3018638, 36.177877799800001 ], [ -115.3018584, 36.177877799800001 ], [ -115.3018584, 36.177875099799998 ], [ -115.3018557, 36.177875099799998 ], [ -115.3018557, 36.177877799800001 ], [ -115.3018503, 36.177877799800001 ], [ -115.3018503, 36.177875099799998 ], [ -115.3018476, 36.177875099799998 ], [ -115.3018476, 36.177877799800001 ], [ -115.3018233, 36.177877799800001 ], [ -115.3018233, 36.177875099799998 ], [ -115.3018206, 36.177875099799998 ], [ -115.3018206, 36.177869699799999 ], [ -115.3018179, 36.177869699799999 ], [ -115.3018179, 36.1778642998 ], [ -115.3018152, 36.1778642998 ], [ -115.3018152, 36.1778588998 ], [ -115.3018125, 36.1778588998 ], [ -115.3018125, 36.177850799799998 ], [ -115.3018098, 36.177850799799998 ], [ -115.3018098, 36.177845399799999 ], [ -115.3018071, 36.177845399799999 ], [ -115.3018071, 36.177837299800004 ], [ -115.3018044, 36.177837299800004 ], [ -115.3018044, 36.177831899800005 ], [ -115.3018017, 36.177831899800005 ], [ -115.3018017, 36.1778156998 ], [ -115.3018071, 36.1778156998 ], [ -115.3018071, 36.177812999800004 ], [ -115.3018125, 36.177812999800004 ], [ -115.3018125, 36.177810299800001 ], [ -115.3018287, 36.177810299800001 ], [ -115.3018287, 36.177807599800005 ], [ -115.3018341, 36.177807599800005 ], [ -115.3018341, 36.177804899800002 ], [ -115.3018368, 36.177804899800002 ], [ -115.3018368, 36.177802199799999 ], [ -115.3018395, 36.177802199799999 ], [ -115.3018395, 36.177799499800003 ], [ -115.3018422, 36.177799499800003 ], [ -115.3018422, 36.177794099800003 ], [ -115.3018476, 36.177794099800003 ], [ -115.3018476, 36.1777913998 ], [ -115.3018503, 36.1777913998 ], [ -115.3018503, 36.177788699800004 ], [ -115.301853, 36.177788699800004 ], [ -115.301853, 36.177783299799998 ], [ -115.3018557, 36.177783299799998 ], [ -115.3018557, 36.177780599800002 ], [ -115.3018611, 36.177780599800002 ], [ -115.3018611, 36.177775199800003 ], [ -115.3018638, 36.177775199800003 ], [ -115.3018638, 36.1777724998 ], [ -115.3018692, 36.1777724998 ], [ -115.3018692, 36.177769799800004 ], [ -115.3018773, 36.177769799800004 ], [ -115.3018773, 36.1777670998 ], [ -115.30188, 36.1777670998 ], [ -115.30188, 36.177761699800001 ], [ -115.3019286, 36.177761699800001 ], [ -115.3019286, 36.177758999799998 ], [ -115.301934, 36.177758999799998 ], [ -115.301934, 36.177756299800002 ], [ -115.3019502, 36.177756299800002 ], [ -115.3019502, 36.177753599799999 ], [ -115.301961, 36.177753599799999 ], [ -115.301961, 36.177750899800003 ], [ -115.3019799, 36.177750899800003 ], [ -115.3019799, 36.1777481998 ], [ -115.3020123, 36.1777481998 ], [ -115.3020123, 36.177745499800004 ], [ -115.3020204, 36.177745499800004 ], [ -115.3020204, 36.177742799800001 ], [ -115.3020231, 36.177742799800001 ], [ -115.3020231, 36.177740099800005 ], [ -115.3020393, 36.177740099800005 ], [ -115.3020393, 36.177737399800002 ], [ -115.3020501, 36.177737399800002 ], [ -115.3020501, 36.177740099800005 ], [ -115.3020636, 36.177740099800005 ], [ -115.3020636, 36.177742799800001 ], [ -115.3020717, 36.177742799800001 ], [ -115.3020717, 36.177745499800004 ], [ -115.3020906, 36.177745499800004 ], [ -115.3020906, 36.177742799800001 ], [ -115.3021014, 36.177742799800001 ], [ -115.3021014, 36.177740099800005 ], [ -115.3021176, 36.177740099800005 ], [ -115.3021176, 36.177737399800002 ], [ -115.3021311, 36.177737399800002 ], [ -115.3021311, 36.177740099800005 ], [ -115.3021527, 36.177740099800005 ], [ -115.3021527, 36.177742799800001 ], [ -115.3021554, 36.177742799800001 ], [ -115.3021554, 36.177745499800004 ], [ -115.3021581, 36.177745499800004 ], [ -115.3021581, 36.1777481998 ], [ -115.3021608, 36.1777481998 ], [ -115.3021608, 36.177750899800003 ], [ -115.3021635, 36.177750899800003 ], [ -115.3021635, 36.177753599799999 ], [ -115.3021662, 36.177753599799999 ], [ -115.3021662, 36.177756299800002 ], [ -115.3021689, 36.177756299800002 ], [ -115.3021689, 36.177758999799998 ], [ -115.3021716, 36.177758999799998 ], [ -115.3021716, 36.177761699800001 ], [ -115.3021743, 36.177761699800001 ], [ -115.3021743, 36.177764399800004 ], [ -115.302177, 36.177764399800004 ], [ -115.302177, 36.177769799800004 ], [ -115.3021797, 36.177769799800004 ], [ -115.3021797, 36.177777899799999 ], [ -115.3021824, 36.177777899799999 ], [ -115.3021824, 36.177785999800001 ], [ -115.3021851, 36.177785999800001 ], [ -115.3021851, 36.177796799799999 ], [ -115.3021878, 36.177796799799999 ], [ -115.3021878, 36.177810299800001 ], [ -115.3021905, 36.177810299800001 ], [ -115.3021905, 36.177812999800004 ], [ -115.3021878, 36.177812999800004 ], [ -115.3021878, 36.1778156998 ], [ -115.3021824, 36.1778156998 ], [ -115.3021824, 36.177818399800003 ], [ -115.3021743, 36.177818399800003 ], [ -115.3021743, 36.177821099799999 ], [ -115.3021689, 36.177821099799999 ], [ -115.3021689, 36.177823799800002 ], [ -115.3021554, 36.177823799800002 ], [ -115.3021554, 36.177826499799998 ], [ -115.30215, 36.177826499799998 ], [ -115.30215, 36.177837299800004 ], [ -115.3021527, 36.177837299800004 ], [ -115.3021527, 36.177842699800003 ], [ -115.3021554, 36.177842699800003 ], [ -115.3021554, 36.177850799799998 ], [ -115.3021581, 36.177850799799998 ], [ -115.3021581, 36.1778588998 ], [ -115.3021554, 36.1778588998 ], [ -115.3021554, 36.177861599800003 ], [ -115.3021527, 36.177861599800003 ], [ -115.3021527, 36.1778642998 ], [ -115.3021446, 36.1778642998 ], [ -115.3021446, 36.177866999800003 ], [ -115.3021392, 36.177866999800003 ], [ -115.3021392, 36.177869699799999 ], [ -115.3021365, 36.177869699799999 ], [ -115.3021365, 36.1778831998 ], [ -115.3021419, 36.1778831998 ], [ -115.3021419, 36.177885899800003 ], [ -115.3021608, 36.177885899800003 ], [ -115.3021608, 36.177888599799999 ], [ -115.3021716, 36.177888599799999 ], [ -115.3021716, 36.177891299800002 ], [ -115.3021824, 36.177891299800002 ], [ -115.3021824, 36.177893999799998 ], [ -115.3021851, 36.177893999799998 ], [ -115.3021851, 36.177896699800002 ], [ -115.3021878, 36.177896699800002 ], [ -115.3021878, 36.177899399799998 ], [ -115.3021905, 36.177899399799998 ], [ -115.3021905, 36.177918299799998 ], [ -115.3021932, 36.177918299799998 ], [ -115.3021932, 36.1779263998 ], [ -115.3021905, 36.1779263998 ], [ -115.3021905, 36.1779317998 ], [ -115.3021878, 36.1779317998 ], [ -115.3021878, 36.177934499800003 ], [ -115.3021824, 36.177934499800003 ], [ -115.3021824, 36.177937199799999 ], [ -115.3021743, 36.177937199799999 ], [ -115.3021743, 36.177939899800002 ], [ -115.3021635, 36.177939899800002 ], [ -115.3021635, 36.177942599799998 ], [ -115.3021554, 36.177942599799998 ], [ -115.3021554, 36.177945299800001 ], [ -115.3021473, 36.177945299800001 ], [ -115.3021473, 36.177947999800004 ], [ -115.3021365, 36.177947999800004 ], [ -115.3021365, 36.1779506998 ], [ -115.3021284, 36.1779506998 ], [ -115.3021284, 36.177953399800003 ], [ -115.3021176, 36.177953399800003 ], [ -115.3021176, 36.177956099799999 ], [ -115.3021068, 36.177956099799999 ], [ -115.3021068, 36.177958799800003 ], [ -115.3020987, 36.177958799800003 ], [ -115.3020987, 36.177961499799999 ], [ -115.302096, 36.177961499799999 ], [ -115.302096, 36.177964199800002 ], [ -115.3020879, 36.177964199800002 ], [ -115.3020879, 36.177966899799998 ], [ -115.3020798, 36.177966899799998 ], [ -115.3020798, 36.177969599800001 ], [ -115.3020717, 36.177969599800001 ], [ -115.3020717, 36.177966899799998 ], [ -115.302069, 36.177966899799998 ], [ -115.302069, 36.177964199800002 ], [ -115.3020663, 36.177964199800002 ], [ -115.3020663, 36.177958799800003 ], [ -115.3020609, 36.177958799800003 ], [ -115.3020609, 36.177956099799999 ], [ -115.3020366, 36.177956099799999 ], [ -115.3020366, 36.177958799800003 ], [ -115.3020231, 36.177958799800003 ], [ -115.3020231, 36.177956099799999 ], [ -115.3020177, 36.177956099799999 ], [ -115.3020177, 36.177953399800003 ], [ -115.3020042, 36.177953399800003 ], [ -115.3020042, 36.177956099799999 ], [ -115.3019961, 36.177956099799999 ], [ -115.3019961, 36.177958799800003 ], [ -115.3019934, 36.177958799800003 ], [ -115.3019934, 36.177961499799999 ], [ -115.3019907, 36.177961499799999 ], [ -115.3019907, 36.1779749998 ], [ -115.301988, 36.1779749998 ], [ -115.301988, 36.177977699800003 ], [ -115.3019853, 36.177977699800003 ], [ -115.3019853, 36.177983099800002 ], [ -115.3019826, 36.177983099800002 ], [ -115.3019826, 36.177985799799998 ], [ -115.3019799, 36.177985799799998 ], [ -115.3019799, 36.177991199799997 ], [ -115.3019772, 36.177991199799997 ], [ -115.3019772, 36.177996599800004 ], [ -115.3019745, 36.177996599800004 ], [ -115.3019745, 36.1779992998 ], [ -115.3019664, 36.1779992998 ], [ -115.3019664, 36.178001999800003 ], [ -115.3019556, 36.178001999800003 ], [ -115.3019556, 36.178004699799999 ], [ -115.3019475, 36.178004699799999 ], [ -115.3019475, 36.178007399800002 ], [ -115.3019367, 36.178007399800002 ], [ -115.3019367, 36.178010099799998 ], [ -115.3019259, 36.178010099799998 ], [ -115.3019259, 36.178012799800001 ], [ -115.3019205, 36.178012799800001 ], [ -115.3019205, 36.178015499800004 ], [ -115.3019124, 36.178015499800004 ], [ -115.3019124, 36.1780181998 ], [ -115.3018989, 36.1780181998 ], [ -115.3018989, 36.178020899800003 ], [ -115.3018908, 36.178020899800003 ], [ -115.3018908, 36.178023599799999 ], [ -115.30188, 36.178023599799999 ], [ -115.30188, 36.178026299800003 ] ], [ [ -115.302096, 36.1778642998 ], [ -115.302096, 36.177861599800003 ], [ -115.3020906, 36.177861599800003 ], [ -115.3020906, 36.1778642998 ], [ -115.302096, 36.1778642998 ] ] ] } },
{ "type": "Feature", "properties": { "value": 255.0 }, "geometry": { "type": "Polygon", "coordinates": [ [ [ -115.3014075, 36.177829199800001 ], [ -115.3013859, 36.177829199800001 ], [ -115.3013859, 36.177826499799998 ], [ -115.3013832, 36.177826499799998 ], [ -115.3013832, 36.177818399800003 ], [ -115.3013805, 36.177818399800003 ], [ -115.3013805, 36.177810299800001 ], [ -115.3013778, 36.177810299800001 ], [ -115.3013778, 36.177764399800004 ], [ -115.3013805, 36.177764399800004 ], [ -115.3013805, 36.1777481998 ], [ -115.3013832, 36.1777481998 ], [ -115.3013832, 36.177742799800001 ], [ -115.3013859, 36.177742799800001 ], [ -115.3013859, 36.177740099800005 ], [ -115.3013886, 36.177740099800005 ], [ -115.3013886, 36.177734699799998 ], [ -115.3013913, 36.177734699799998 ], [ -115.3013913, 36.177731999800002 ], [ -115.3013967, 36.177731999800002 ], [ -115.3013967, 36.177729299799999 ], [ -115.3013994, 36.177729299799999 ], [ -115.3013994, 36.1777238998 ], [ -115.3013967, 36.1777238998 ], [ -115.3013967, 36.177718499800001 ], [ -115.301394, 36.177718499800001 ], [ -115.301394, 36.177715799800005 ], [ -115.3013886, 36.177715799800005 ], [ -115.3013886, 36.177713099800002 ], [ -115.3013859, 36.177713099800002 ], [ -115.3013859, 36.177710399799999 ], [ -115.3013778, 36.177710399799999 ], [ -115.3013778, 36.177707699800003 ], [ -115.3013697, 36.177707699800003 ], [ -115.3013697, 36.1777049998 ], [ -115.3013643, 36.1777049998 ], [ -115.3013643, 36.177702299800004 ], [ -115.3013562, 36.177702299800004 ], [ -115.3013562, 36.1776995998 ], [ -115.3013508, 36.1776995998 ], [ -115.3013508, 36.177696899800004 ], [ -115.3013373, 36.177696899800004 ], [ -115.3013373, 36.177694199800001 ], [ -115.3013319, 36.177694199800001 ], [ -115.3013319, 36.177691499799998 ], [ -115.3013292, 36.177691499799998 ], [ -115.3013292, 36.177688799800002 ], [ -115.3013265, 36.177688799800002 ], [ -115.3013265, 36.177686099799999 ], [ -115.3013238, 36.177686099799999 ], [ -115.3013238, 36.177683399800003 ], [ -115.3013184, 36.177683399800003 ], [ -115.3013184, 36.1776806998 ], [ -115.3013157, 36.1776806998 ], [ -115.3013157, 36.177664499800002 ], [ -115.3013238, 36.177664499800002 ], [ -115.3013238, 36.177661799799999 ], [ -115.3013292, 36.177661799799999 ], [ -115.3013292, 36.1776563998 ], [ -115.3013319, 36.1776563998 ], [ -115.3013319, 36.177634799800003 ], [ -115.3013346, 36.177634799800003 ], [ -115.3013346, 36.1776320998 ], [ -115.30134, 36.1776320998 ], [ -115.30134, 36.177629399800004 ], [ -115.3013427, 36.177629399800004 ], [ -115.3013427, 36.177626699800001 ], [ -115.3013481, 36.177626699800001 ], [ -115.3013481, 36.177623999800005 ], [ -115.3013508, 36.177623999800005 ], [ -115.3013508, 36.177621299800002 ], [ -115.3013535, 36.177621299800002 ], [ -115.3013535, 36.177615899800003 ], [ -115.3013562, 36.177615899800003 ], [ -115.3013562, 36.177605099800004 ], [ -115.3013589, 36.177605099800004 ], [ -115.3013589, 36.177599699800005 ], [ -115.3013616, 36.177599699800005 ], [ -115.3013616, 36.177594299799999 ], [ -115.3013643, 36.177594299799999 ], [ -115.3013643, 36.177559199800001 ], [ -115.301367, 36.177559199800001 ], [ -115.301367, 36.177553799800002 ], [ -115.3013697, 36.177553799800002 ], [ -115.3013697, 36.177551099799999 ], [ -115.3013724, 36.177551099799999 ], [ -115.3013724, 36.1775456998 ], [ -115.3013805, 36.1775456998 ], [ -115.3013805, 36.177542999800004 ], [ -115.3013859, 36.177542999800004 ], [ -115.3013859, 36.1775456998 ], [ -115.3014075, 36.1775456998 ], [ -115.3014075, 36.177548399800003 ], [ -115.3014156, 36.177548399800003 ], [ -115.3014156, 36.177551099799999 ], [ -115.3014237, 36.177551099799999 ], [ -115.3014237, 36.177553799800002 ], [ -115.3014345, 36.177553799800002 ], [ -115.3014345, 36.177556499800005 ], [ -115.3014507, 36.177556499800005 ], [ -115.3014507, 36.177559199800001 ], [ -115.301502, 36.177559199800001 ], [ -115.301502, 36.177561899800004 ], [ -115.3015074, 36.177561899800004 ], [ -115.3015074, 36.177578099800002 ], [ -115.3015263, 36.177578099800002 ], [ -115.3015263, 36.177580799800005 ], [ -115.3015371, 36.177580799800005 ], [ -115.3015371, 36.177583499800001 ], [ -115.3015398, 36.177583499800001 ], [ -115.3015398, 36.177586199800004 ], [ -115.3015452, 36.177586199800004 ], [ -115.3015452, 36.1775888998 ], [ -115.3015479, 36.1775888998 ], [ -115.3015479, 36.177591599800003 ], [ -115.3015533, 36.177591599800003 ], [ -115.3015533, 36.177594299799999 ], [ -115.301556, 36.177594299799999 ], [ -115.301556, 36.177596999800002 ], [ -115.3015587, 36.177596999800002 ], [ -115.3015587, 36.177599699800005 ], [ -115.3015614, 36.177599699800005 ], [ -115.3015614, 36.177602399800001 ], [ -115.3015668, 36.177602399800001 ], [ -115.3015668, 36.177605099800004 ], [ -115.3015695, 36.177605099800004 ], [ -115.3015695, 36.177610499800004 ], [ -115.3015722, 36.177610499800004 ], [ -115.3015722, 36.1776131998 ], [ -115.3015749, 36.1776131998 ], [ -115.3015749, 36.177618599799999 ], [ -115.3015776, 36.177618599799999 ], [ -115.3015776, 36.177623999800005 ], [ -115.3015803, 36.177623999800005 ], [ -115.3015803, 36.177626699800001 ], [ -115.301583, 36.177626699800001 ], [ -115.301583, 36.177629399800004 ], [ -115.3015857, 36.177629399800004 ], [ -115.3015857, 36.177637499799999 ], [ -115.3015884, 36.177637499799999 ], [ -115.3015884, 36.1776563998 ], [ -115.3015911, 36.1776563998 ], [ -115.3015911, 36.177694199800001 ], [ -115.3015884, 36.177694199800001 ], [ -115.3015884, 36.1776995998 ], [ -115.3015857, 36.1776995998 ], [ -115.3015857, 36.177707699800003 ], [ -115.301583, 36.177707699800003 ], [ -115.301583, 36.177737399800002 ], [ -115.3015857, 36.177737399800002 ], [ -115.3015857, 36.177742799800001 ], [ -115.30161, 36.177742799800001 ], [ -115.30161, 36.177745499800004 ], [ -115.3016181, 36.177745499800004 ], [ -115.3016181, 36.1777481998 ], [ -115.3016208, 36.1777481998 ], [ -115.3016208, 36.177764399800004 ], [ -115.3016235, 36.177764399800004 ], [ -115.3016235, 36.177788699800004 ], [ -115.3016262, 36.177788699800004 ], [ -115.3016262, 36.177807599800005 ], [ -115.3016235, 36.177807599800005 ], [ -115.3016235, 36.177810299800001 ], [ -115.3016208, 36.177810299800001 ], [ -115.3016208, 36.177812999800004 ], [ -115.3015911, 36.177812999800004 ], [ -115.3015911, 36.1778156998 ], [ -115.3015506, 36.1778156998 ], [ -115.3015506, 36.177818399800003 ], [ -115.3015155, 36.177818399800003 ], [ -115.3015155, 36.177821099799999 ], [ -115.3014777, 36.177821099799999 ], [ -115.3014777, 36.177823799800002 ], [ -115.3014399, 36.177823799800002 ], [ -115.3014399, 36.177826499799998 ], [ -115.3014075, 36.177826499799998 ], [ -115.3014075, 36.177829199800001 ] ] ] } },
{ "type": "Feature", "properties": { "value": 255.0 }, "geometry": { "type": "Polygon", "coordinates": [ [ [ -115.3017666, 36.177745499800004 ], [ -115.3017288, 36.177745499800004 ], [ -115.3017288, 36.177742799800001 ], [ -115.3017261, 36.177742799800001 ], [ -115.3017261, 36.177731999800002 ], [ -115.3017234, 36.177731999800002 ], [ -115.3017234, 36.177721199800004 ], [ -115.3017207, 36.177721199800004 ], [ -115.3017207, 36.177694199800001 ], [ -115.3017234, 36.177694199800001 ], [ -115.3017234, 36.177688799800002 ], [ -115.3017261, 36.177688799800002 ], [ -115.3017261, 36.177683399800003 ], [ -115.3017369, 36.177683399800003 ], [ -115.3017369, 36.177677999800004 ], [ -115.3017396, 36.177677999800004 ], [ -115.3017396, 36.177672599800005 ], [ -115.3017477, 36.177672599800005 ], [ -115.3017477, 36.177675299800001 ], [ -115.3017531, 36.177675299800001 ], [ -115.3017531, 36.177672599800005 ], [ -115.3017558, 36.177672599800005 ], [ -115.3017558, 36.177667199799998 ], [ -115.3017531, 36.177667199799998 ], [ -115.3017531, 36.177664499800002 ], [ -115.301745, 36.177664499800002 ], [ -115.301745, 36.177667199799998 ], [ -115.3017396, 36.177667199799998 ], [ -115.3017396, 36.177659099800003 ], [ -115.3017504, 36.177659099800003 ], [ -115.3017504, 36.1776563998 ], [ -115.3017531, 36.1776563998 ], [ -115.3017531, 36.177653699800004 ], [ -115.3017558, 36.177653699800004 ], [ -115.3017558, 36.177650999800001 ], [ -115.3017585, 36.177650999800001 ], [ -115.3017585, 36.177648299800005 ], [ -115.3017639, 36.177648299800005 ], [ -115.3017639, 36.177645599800002 ], [ -115.3017666, 36.177645599800002 ], [ -115.3017666, 36.177634799800003 ], [ -115.3017693, 36.177634799800003 ], [ -115.3017693, 36.177623999800005 ], [ -115.3017666, 36.177623999800005 ], [ -115.3017666, 36.177618599799999 ], [ -115.3017639, 36.177618599799999 ], [ -115.3017639, 36.177605099800004 ], [ -115.3017612, 36.177605099800004 ], [ -115.3017612, 36.177594299799999 ], [ -115.3017585, 36.177594299799999 ], [ -115.3017585, 36.177586199800004 ], [ -115.3017558, 36.177586199800004 ], [ -115.3017558, 36.177561899800004 ], [ -115.3017585, 36.177561899800004 ], [ -115.3017585, 36.177551099799999 ], [ -115.3017612, 36.177551099799999 ], [ -115.3017612, 36.177537599800004 ], [ -115.3017585, 36.177537599800004 ], [ -115.3017585, 36.177488999800005 ], [ -115.3017612, 36.177488999800005 ], [ -115.3017612, 36.177480899800003 ], [ -115.3017639, 36.177480899800003 ], [ -115.3017639, 36.177475499800003 ], [ -115.3017666, 36.177475499800003 ], [ -115.3017666, 36.177470099800004 ], [ -115.3017693, 36.177470099800004 ], [ -115.3017693, 36.177467399800001 ], [ -115.301772, 36.177467399800001 ], [ -115.301772, 36.177464699800005 ], [ -115.3017774, 36.177464699800005 ], [ -115.3017774, 36.177461999800002 ], [ -115.3018233, 36.177461999800002 ], [ -115.3018233, 36.177459299799999 ], [ -115.3018476, 36.177459299799999 ], [ -115.3018476, 36.177456599800003 ], [ -115.3018638, 36.177456599800003 ], [ -115.3018638, 36.177459299799999 ], [ -115.3018773, 36.177459299799999 ], [ -115.3018773, 36.177461999800002 ], [ -115.30188, 36.177461999800002 ], [ -115.30188, 36.177459299799999 ], [ -115.3018989, 36.177459299799999 ], [ -115.3018989, 36.177461999800002 ], [ -115.3019205, 36.177461999800002 ], [ -115.3019205, 36.177464699800005 ], [ -115.3019367, 36.177464699800005 ], [ -115.3019367, 36.177467399800001 ], [ -115.3019529, 36.177467399800001 ], [ -115.3019529, 36.177470099800004 ], [ -115.301961, 36.177470099800004 ], [ -115.301961, 36.177467399800001 ], [ -115.3019799, 36.177467399800001 ], [ -115.3019799, 36.177470099800004 ], [ -115.3019934, 36.177470099800004 ], [ -115.3019934, 36.1774727998 ], [ -115.3020042, 36.1774727998 ], [ -115.3020042, 36.177475499800003 ], [ -115.3020177, 36.177475499800003 ], [ -115.3020177, 36.177478199799999 ], [ -115.3020231, 36.177478199799999 ], [ -115.3020231, 36.177483599799999 ], [ -115.3020258, 36.177483599799999 ], [ -115.3020258, 36.177486299800002 ], [ -115.3020285, 36.177486299800002 ], [ -115.3020285, 36.177488999800005 ], [ -115.3020312, 36.177488999800005 ], [ -115.3020312, 36.177491699800001 ], [ -115.3020393, 36.177491699800001 ], [ -115.3020393, 36.177494399800004 ], [ -115.302042, 36.177494399800004 ], [ -115.302042, 36.1774970998 ], [ -115.3020447, 36.1774970998 ], [ -115.3020447, 36.177499799800003 ], [ -115.3020501, 36.177499799800003 ], [ -115.3020501, 36.177505199800002 ], [ -115.3020474, 36.177505199800002 ], [ -115.3020474, 36.177507899800005 ], [ -115.3020501, 36.177507899800005 ], [ -115.3020501, 36.177513299800005 ], [ -115.3020528, 36.177513299800005 ], [ -115.3020528, 36.177515999800001 ], [ -115.3020582, 36.177515999800001 ], [ -115.3020582, 36.1775213998 ], [ -115.3020609, 36.1775213998 ], [ -115.3020609, 36.177526799799999 ], [ -115.3020582, 36.177526799799999 ], [ -115.3020582, 36.177529499800002 ], [ -115.3020609, 36.177529499800002 ], [ -115.3020609, 36.177532199800005 ], [ -115.3020636, 36.177532199800005 ], [ -115.3020636, 36.177534899800001 ], [ -115.302069, 36.177534899800001 ], [ -115.302069, 36.177537599800004 ], [ -115.3020717, 36.177537599800004 ], [ -115.3020717, 36.1775402998 ], [ -115.3020744, 36.1775402998 ], [ -115.3020744, 36.177542999800004 ], [ -115.3020771, 36.177542999800004 ], [ -115.3020771, 36.177559199800001 ], [ -115.3020798, 36.177559199800001 ], [ -115.3020798, 36.1775645998 ], [ -115.3020825, 36.1775645998 ], [ -115.3020825, 36.177567299800003 ], [ -115.3020852, 36.177567299800003 ], [ -115.3020852, 36.177569999799999 ], [ -115.3020879, 36.177569999799999 ], [ -115.3020879, 36.177578099800002 ], [ -115.3020852, 36.177578099800002 ], [ -115.3020852, 36.177586199800004 ], [ -115.3020879, 36.177586199800004 ], [ -115.3020879, 36.1775888998 ], [ -115.3020906, 36.1775888998 ], [ -115.3020906, 36.177591599800003 ], [ -115.3020933, 36.177591599800003 ], [ -115.3020933, 36.177594299799999 ], [ -115.302096, 36.177594299799999 ], [ -115.302096, 36.177599699800005 ], [ -115.3020933, 36.177599699800005 ], [ -115.3020933, 36.177602399800001 ], [ -115.3020906, 36.177602399800001 ], [ -115.3020906, 36.1776131998 ], [ -115.3020933, 36.1776131998 ], [ -115.3020933, 36.177623999800005 ], [ -115.3020906, 36.177623999800005 ], [ -115.3020906, 36.177629399800004 ], [ -115.3020879, 36.177629399800004 ], [ -115.3020879, 36.1776320998 ], [ -115.3020852, 36.1776320998 ], [ -115.3020852, 36.177637499799999 ], [ -115.3020825, 36.177637499799999 ], [ -115.3020825, 36.177667199799998 ], [ -115.3020798, 36.177667199799998 ], [ -115.3020798, 36.177669899800001 ], [ -115.3020717, 36.177669899800001 ], [ -115.3020717, 36.177672599800005 ], [ -115.3020609, 36.177672599800005 ], [ -115.3020609, 36.177675299800001 ], [ -115.3020474, 36.177675299800001 ], [ -115.3020474, 36.177677999800004 ], [ -115.3020258, 36.177677999800004 ], [ -115.3020258, 36.1776806998 ], [ -115.3020069, 36.1776806998 ], [ -115.3020069, 36.177683399800003 ], [ -115.3019907, 36.177683399800003 ], [ -115.3019907, 36.177686099799999 ], [ -115.3019853, 36.177686099799999 ], [ -115.3019853, 36.177688799800002 ], [ -115.3019799, 36.177688799800002 ], [ -115.3019799, 36.177691499799998 ], [ -115.3019664, 36.177691499799998 ], [ -115.3019664, 36.177694199800001 ], [ -115.3019448, 36.177694199800001 ], [ -115.3019448, 36.177696899800004 ], [ -115.3019151, 36.177696899800004 ], [ -115.3019151, 36.1776995998 ], [ -115.3019016, 36.1776995998 ], [ -115.3019016, 36.177702299800004 ], [ -115.3018908, 36.177702299800004 ], [ -115.3018908, 36.1777049998 ], [ -115.30188, 36.1777049998 ], [ -115.30188, 36.177707699800003 ], [ -115.3018611, 36.177707699800003 ], [ -115.3018611, 36.177710399799999 ], [ -115.3018476, 36.177710399799999 ], [ -115.3018476, 36.177713099800002 ], [ -115.3018179, 36.177713099800002 ], [ -115.3018179, 36.177715799800005 ], [ -115.3018125, 36.177715799800005 ], [ -115.3018125, 36.177713099800002 ], [ -115.301799, 36.177713099800002 ], [ -115.301799, 36.177718499800001 ], [ -115.3017963, 36.177718499800001 ], [ -115.3017963, 36.177726599800003 ], [ -115.3017936, 36.177726599800003 ], [ -115.3017936, 36.177729299799999 ], [ -115.3017909, 36.177729299799999 ], [ -115.3017909, 36.177737399800002 ], [ -115.3017882, 36.177737399800002 ], [ -115.3017882, 36.177740099800005 ], [ -115.3017828, 36.177740099800005 ], [ -115.3017828, 36.177742799800001 ], [ -115.3017666, 36.177742799800001 ], [ -115.3017666, 36.177745499800004 ] ] ] } },
{ "type": "Feature", "properties": { "value": 255.0 }, "geometry": { "type": "Polygon", "coordinates": [ [ [ -115.3007001, 36.177623999800005 ], [ -115.3006893, 36.177623999800005 ], [ -115.3006893, 36.177621299800002 ], [ -115.3006785, 36.177621299800002 ], [ -115.3006785, 36.177618599799999 ], [ -115.3006731, 36.177618599799999 ], [ -115.3006731, 36.177615899800003 ], [ -115.3006677, 36.177615899800003 ], [ -115.3006677, 36.1776131998 ], [ -115.300665, 36.1776131998 ], [ -115.300665, 36.177610499800004 ], [ -115.3006623, 36.177610499800004 ], [ -115.3006623, 36.177596999800002 ], [ -115.3006596, 36.177596999800002 ], [ -115.3006596, 36.177586199800004 ], [ -115.3006569, 36.177586199800004 ], [ -115.3006569, 36.177575399799998 ], [ -115.3006542, 36.177575399799998 ], [ -115.3006542, 36.177561899800004 ], [ -115.3006569, 36.177561899800004 ], [ -115.3006569, 36.177437699800002 ], [ -115.3009377, 36.177437699800002 ], [ -115.3009377, 36.1774970998 ], [ -115.300935, 36.1774970998 ], [ -115.300935, 36.177510599800002 ], [ -115.3009323, 36.177510599800002 ], [ -115.3009323, 36.177548399800003 ], [ -115.3009296, 36.177548399800003 ], [ -115.3009296, 36.177551099799999 ], [ -115.3009242, 36.177551099799999 ], [ -115.3009242, 36.177553799800002 ], [ -115.300908, 36.177553799800002 ], [ -115.300908, 36.177556499800005 ], [ -115.3008972, 36.177556499800005 ], [ -115.3008972, 36.177559199800001 ], [ -115.3008945, 36.177559199800001 ], [ -115.3008945, 36.177561899800004 ], [ -115.3008918, 36.177561899800004 ], [ -115.3008918, 36.1775645998 ], [ -115.3008864, 36.1775645998 ], [ -115.3008864, 36.177567299800003 ], [ -115.3008756, 36.177567299800003 ], [ -115.3008756, 36.177569999799999 ], [ -115.3008567, 36.177569999799999 ], [ -115.3008567, 36.177572699800002 ], [ -115.300854, 36.177572699800002 ], [ -115.300854, 36.177575399799998 ], [ -115.3008513, 36.177575399799998 ], [ -115.3008513, 36.177605099800004 ], [ -115.3008459, 36.177605099800004 ], [ -115.3008459, 36.177607799800001 ], [ -115.300827, 36.177607799800001 ], [ -115.300827, 36.177610499800004 ], [ -115.3008027, 36.177610499800004 ], [ -115.3008027, 36.177607799800001 ], [ -115.3007919, 36.177607799800001 ], [ -115.3007919, 36.177610499800004 ], [ -115.3007514, 36.177610499800004 ], [ -115.3007514, 36.177607799800001 ], [ -115.300746, 36.177607799800001 ], [ -115.300746, 36.177605099800004 ], [ -115.3007433, 36.177605099800004 ], [ -115.3007433, 36.177607799800001 ], [ -115.3007352, 36.177607799800001 ], [ -115.3007352, 36.177610499800004 ], [ -115.3007325, 36.177610499800004 ], [ -115.3007325, 36.1776131998 ], [ -115.3007298, 36.1776131998 ], [ -115.3007298, 36.177615899800003 ], [ -115.3007244, 36.177615899800003 ], [ -115.3007244, 36.177618599799999 ], [ -115.300719, 36.177618599799999 ], [ -115.300719, 36.177621299800002 ], [ -115.3007001, 36.177621299800002 ], [ -115.3007001, 36.177623999800005 ] ], [ [ -115.3007514, 36.177486299800002 ], [ -115.3007514, 36.177480899800003 ], [ -115.3007487, 36.177480899800003 ], [ -115.3007487, 36.177486299800002 ], [ -115.3007514, 36.177486299800002 ] ] ] } },
{ "type": "Feature", "properties": { "value": 255.0 }, "geometry": { "type": "Polygon", "coordinates": [ [ [ -115.3005354, 36.177642899799999 ], [ -115.3005111, 36.177642899799999 ], [ -115.3005111, 36.177640199800003 ], [ -115.3005057, 36.177640199800003 ], [ -115.3005057, 36.177637499799999 ], [ -115.300503, 36.177637499799999 ], [ -115.300503, 36.1776320998 ], [ -115.3005003, 36.1776320998 ], [ -115.3005003, 36.177626699800001 ], [ -115.3004976, 36.177626699800001 ], [ -115.3004976, 36.177437699800002 ], [ -115.3005813, 36.177437699800002 ], [ -115.3005813, 36.177440399800005 ], [ -115.300584, 36.177440399800005 ], [ -115.300584, 36.177445799800005 ], [ -115.3005813, 36.177445799800005 ], [ -115.3005813, 36.177456599800003 ], [ -115.300584, 36.177456599800003 ], [ -115.300584, 36.177499799800003 ], [ -115.3005867, 36.177499799800003 ], [ -115.3005867, 36.177513299800005 ], [ -115.300584, 36.177513299800005 ], [ -115.300584, 36.177569999799999 ], [ -115.3005867, 36.177569999799999 ], [ -115.3005867, 36.177594299799999 ], [ -115.3005894, 36.177594299799999 ], [ -115.3005894, 36.177610499800004 ], [ -115.3005921, 36.177610499800004 ], [ -115.3005921, 36.177626699800001 ], [ -115.3005894, 36.177626699800001 ], [ -115.3005894, 36.1776320998 ], [ -115.3005813, 36.1776320998 ], [ -115.3005813, 36.177634799800003 ], [ -115.3005624, 36.177634799800003 ], [ -115.3005624, 36.177637499799999 ], [ -115.3005516, 36.177637499799999 ], [ -115.3005516, 36.177640199800003 ], [ -115.3005354, 36.177640199800003 ], [ -115.3005354, 36.177642899799999 ] ] ] } },
{ "type": "Feature", "properties": { "value": 255.0 }, "geometry": { "type": "Polygon", "coordinates": [ [ [ -115.3012293, 36.177551099799999 ], [ -115.3012266, 36.177551099799999 ], [ -115.3012266, 36.177548399800003 ], [ -115.3012104, 36.177548399800003 ], [ -115.3012104, 36.177551099799999 ], [ -115.3011645, 36.177551099799999 ], [ -115.3011645, 36.177548399800003 ], [ -115.3011618, 36.177548399800003 ], [ -115.3011618, 36.177542999800004 ], [ -115.3011591, 36.177542999800004 ], [ -115.3011591, 36.177534899800001 ], [ -115.3011537, 36.177534899800001 ], [ -115.3011537, 36.177529499800002 ], [ -115.3011564, 36.177529499800002 ], [ -115.3011564, 36.177526799799999 ], [ -115.3011537, 36.177526799799999 ], [ -115.3011537, 36.177524099800003 ], [ -115.3011483, 36.177524099800003 ], [ -115.3011483, 36.1775213998 ], [ -115.3011456, 36.1775213998 ], [ -115.3011456, 36.177524099800003 ], [ -115.3011429, 36.177524099800003 ], [ -115.3011429, 36.177526799799999 ], [ -115.3011375, 36.177526799799999 ], [ -115.3011375, 36.177524099800003 ], [ -115.3011348, 36.177524099800003 ], [ -115.3011348, 36.1775213998 ], [ -115.3011375, 36.1775213998 ], [ -115.3011375, 36.177515999800001 ], [ -115.3011294, 36.177515999800001 ], [ -115.3011294, 36.177518699800004 ], [ -115.301124, 36.177518699800004 ], [ -115.301124, 36.1775213998 ], [ -115.3011213, 36.1775213998 ], [ -115.3011213, 36.177524099800003 ], [ -115.3011159, 36.177524099800003 ], [ -115.3011159, 36.177526799799999 ], [ -115.3011105, 36.177526799799999 ], [ -115.3011105, 36.177529499800002 ], [ -115.3010943, 36.177529499800002 ], [ -115.3010943, 36.177526799799999 ], [ -115.3010808, 36.177526799799999 ], [ -115.3010808, 36.177524099800003 ], [ -115.3010754, 36.177524099800003 ], [ -115.3010754, 36.1775213998 ], [ -115.3010727, 36.1775213998 ], [ -115.3010727, 36.177518699800004 ], [ -115.30107, 36.177518699800004 ], [ -115.30107, 36.177515999800001 ], [ -115.3010619, 36.177515999800001 ], [ -115.3010619, 36.177513299800005 ], [ -115.3010565, 36.177513299800005 ], [ -115.3010565, 36.177510599800002 ], [ -115.3010538, 36.177510599800002 ], [ -115.3010538, 36.177507899800005 ], [ -115.3010511, 36.177507899800005 ], [ -115.3010511, 36.177502499799999 ], [ -115.3010484, 36.177502499799999 ], [ -115.3010484, 36.1774970998 ], [ -115.3010457, 36.1774970998 ], [ -115.3010457, 36.177494399800004 ], [ -115.301043, 36.177494399800004 ], [ -115.301043, 36.177488999800005 ], [ -115.3010403, 36.177488999800005 ], [ -115.3010403, 36.177486299800002 ], [ -115.3010376, 36.177486299800002 ], [ -115.3010376, 36.177483599799999 ], [ -115.3010349, 36.177483599799999 ], [ -115.3010349, 36.177480899800003 ], [ -115.3010295, 36.177480899800003 ], [ -115.3010295, 36.177478199799999 ], [ -115.3010268, 36.177478199799999 ], [ -115.3010268, 36.177475499800003 ], [ -115.3010241, 36.177475499800003 ], [ -115.3010241, 36.1774727998 ], [ -115.3010214, 36.1774727998 ], [ -115.3010214, 36.177470099800004 ], [ -115.3010187, 36.177470099800004 ], [ -115.3010187, 36.177467399800001 ], [ -115.301016, 36.177467399800001 ], [ -115.301016, 36.177464699800005 ], [ -115.3010106, 36.177464699800005 ], [ -115.3010106, 36.177461999800002 ], [ -115.3010079, 36.177461999800002 ], [ -115.3010079, 36.177451199800004 ], [ -115.3010106, 36.177451199800004 ], [ -115.3010106, 36.177448499800001 ], [ -115.3010133, 36.177448499800001 ], [ -115.3010133, 36.177443099800001 ], [ -115.301016, 36.177443099800001 ], [ -115.301016, 36.177437699800002 ], [ -115.3014075, 36.177437699800002 ], [ -115.3014075, 36.177440399800005 ], [ -115.3014048, 36.177440399800005 ], [ -115.3014048, 36.177443099800001 ], [ -115.3014021, 36.177443099800001 ], [ -115.3014021, 36.177445799800005 ], [ -115.3013967, 36.177445799800005 ], [ -115.3013967, 36.177448499800001 ], [ -115.3013913, 36.177448499800001 ], [ -115.3013913, 36.177445799800005 ], [ -115.3013859, 36.177445799800005 ], [ -115.3013859, 36.177448499800001 ], [ -115.3013805, 36.177448499800001 ], [ -115.3013805, 36.177451199800004 ], [ -115.3013751, 36.177451199800004 ], [ -115.3013751, 36.1774538998 ], [ -115.3013724, 36.1774538998 ], [ -115.3013724, 36.177459299799999 ], [ -115.3013697, 36.177459299799999 ], [ -115.3013697, 36.177461999800002 ], [ -115.301367, 36.177461999800002 ], [ -115.301367, 36.1774727998 ], [ -115.3013643, 36.1774727998 ], [ -115.3013643, 36.177478199799999 ], [ -115.3013616, 36.177478199799999 ], [ -115.3013616, 36.177480899800003 ], [ -115.3013589, 36.177480899800003 ], [ -115.3013589, 36.177483599799999 ], [ -115.3013562, 36.177483599799999 ], [ -115.3013562, 36.177486299800002 ], [ -115.3013535, 36.177486299800002 ], [ -115.3013535, 36.177488999800005 ], [ -115.3013508, 36.177488999800005 ], [ -115.3013508, 36.177491699800001 ], [ -115.3013454, 36.177491699800001 ], [ -115.3013454, 36.177494399800004 ], [ -115.3013427, 36.177494399800004 ], [ -115.3013427, 36.1774970998 ], [ -115.30134, 36.1774970998 ], [ -115.30134, 36.177499799800003 ], [ -115.3013373, 36.177499799800003 ], [ -115.3013373, 36.177502499799999 ], [ -115.3013346, 36.177502499799999 ], [ -115.3013346, 36.177505199800002 ], [ -115.3013319, 36.177505199800002 ], [ -115.3013319, 36.177507899800005 ], [ -115.3013265, 36.177507899800005 ], [ -115.3013265, 36.177510599800002 ], [ -115.3013238, 36.177510599800002 ], [ -115.3013238, 36.177513299800005 ], [ -115.3013211, 36.177513299800005 ], [ -115.3013211, 36.177515999800001 ], [ -115.3013157, 36.177515999800001 ], [ -115.3013157, 36.177518699800004 ], [ -115.301313, 36.177518699800004 ], [ -115.301313, 36.1775213998 ], [ -115.3013103, 36.1775213998 ], [ -115.3013103, 36.177532199800005 ], [ -115.3013076, 36.177532199800005 ], [ -115.3013076, 36.177537599800004 ], [ -115.3013049, 36.177537599800004 ], [ -115.3013049, 36.1775402998 ], [ -115.3012401, 36.1775402998 ], [ -115.3012401, 36.177542999800004 ], [ -115.3012374, 36.177542999800004 ], [ -115.3012374, 36.1775456998 ], [ -115.3012347, 36.1775456998 ], [ -115.3012347, 36.177548399800003 ], [ -115.3012293, 36.177548399800003 ], [ -115.3012293, 36.177551099799999 ] ] ] } }
]
}
