{
"type": "FeatureCollection",
"crs": { "type": "name", "properties": { "name": "urn:ogc:def:crs:OGC:1.3:CRS84" } },
"features": [
{ "type": "Feature", "properties": { "value": 255.0 }, "geometry": { "type": "Polygon", "coordinates": [ [ [ -115.2626949, 36.217802699899998 ], [ -115.262676, 36.217802699899998 ], [ -115.262676, 36.217797299899999 ], [ -115.262673299999989, 36.217797299899999 ], [ -115.262673299999989, 36.217778399899998 ], [ -115.262676, 36.217778399899998 ], [ -115.262676, 36.217775699899995 ], [ -115.2626868, 36.217775699899995 ], [ -115.2626868, 36.217772999899999 ], [ -115.2626949, 36.217772999899999 ], [ -115.2626949, 36.217778399899998 ], [ -115.262703, 36.217778399899998 ], [ -115.262703, 36.217775699899995 ], [ -115.2627084, 36.217775699899995 ], [ -115.2627084, 36.217772999899999 ], [ -115.2627192, 36.217772999899999 ], [ -115.2627192, 36.217775699899995 ], [ -115.2627246, 36.217775699899995 ], [ -115.2627246, 36.217794599899996 ], [ -115.2627219, 36.217794599899996 ], [ -115.2627219, 36.217797299899999 ], [ -115.2627138, 36.217797299899999 ], [ -115.2627138, 36.217799999899995 ], [ -115.2627111, 36.217799999899995 ], [ -115.2627111, 36.217797299899999 ], [ -115.2627057, 36.217797299899999 ], [ -115.2627057, 36.217794599899996 ], [ -115.2626949, 36.217794599899996 ], [ -115.2626949, 36.217797299899999 ], [ -115.262692199999989, 36.217797299899999 ], [ -115.262692199999989, 36.217799999899995 ], [ -115.2626949, 36.217799999899995 ], [ -115.2626949, 36.217802699899998 ] ], [ [ -115.2626895, 36.217797299899999 ], [ -115.2626895, 36.217794599899996 ], [ -115.2626841, 36.217794599899996 ], [ -115.2626841, 36.217797299899999 ], [ -115.2626895, 36.217797299899999 ] ] ] } },
{ "type": "Feature", "properties": { "value": 255.0 }, "geometry": { "type": "Polygon", "coordinates": [ [ [ -115.2629379, 36.217802699899998 ], [ -115.2628785, 36.217802699899998 ], [ -115.2628785, 36.217756799900002 ], [ -115.2628812, 36.217756799900002 ], [ -115.2628812, 36.217705499899999 ], [ -115.2628839, 36.217705499899999 ], [ -115.2628839, 36.217702799899996 ], [ -115.2629217, 36.217702799899996 ], [ -115.2629217, 36.217705499899999 ], [ -115.2629352, 36.217705499899999 ], [ -115.2629352, 36.217710899899998 ], [ -115.2629379, 36.217710899899998 ], [ -115.2629379, 36.217802699899998 ] ] ] } },
{ "type": "Feature", "properties": { "value": 255.0 }, "geometry": { "type": "Polygon", "coordinates": [ [ [ -115.2635832, 36.217783799899998 ], [ -115.2635535, 36.217783799899998 ], [ -115.2635535, 36.217781099900002 ], [ -115.2635481, 36.217781099900002 ], [ -115.2635481, 36.217775699899995 ], [ -115.2635454, 36.217775699899995 ], [ -115.2635454, 36.217772999899999 ], [ -115.2635373, 36.217772999899999 ], [ -115.2635373, 36.217770299899996 ], [ -115.2635238, 36.217770299899996 ], [ -115.2635238, 36.217772999899999 ], [ -115.2635211, 36.217772999899999 ], [ -115.2635211, 36.217770299899996 ], [ -115.2635157, 36.217770299899996 ], [ -115.2635157, 36.2177675999 ], [ -115.2634698, 36.2177675999 ], [ -115.2634698, 36.217770299899996 ], [ -115.2634428, 36.217770299899996 ], [ -115.2634428, 36.2177675999 ], [ -115.2634347, 36.2177675999 ], [ -115.2634347, 36.217770299899996 ], [ -115.2634239, 36.217770299899996 ], [ -115.2634239, 36.217772999899999 ], [ -115.2634212, 36.217772999899999 ], [ -115.2634212, 36.217775699899995 ], [ -115.2634185, 36.217775699899995 ], [ -115.2634185, 36.217778399899998 ], [ -115.2634158, 36.217778399899998 ], [ -115.2634158, 36.217781099900002 ], [ -115.2633807, 36.217781099900002 ], [ -115.2633807, 36.217778399899998 ], [ -115.2633672, 36.217778399899998 ], [ -115.2633672, 36.217775699899995 ], [ -115.2633591, 36.217775699899995 ], [ -115.2633591, 36.217778399899998 ], [ -115.2633483, 36.217778399899998 ], [ -115.2633483, 36.217781099900002 ], [ -115.2633348, 36.217781099900002 ], [ -115.2633348, 36.217783799899998 ], [ -115.2633267, 36.217783799899998 ], [ -115.2633267, 36.217781099900002 ], [ -115.2633213, 36.217781099900002 ], [ -115.2633213, 36.217783799899998 ], [ -115.26327, 36.217783799899998 ], [ -115.26327, 36.217781099900002 ], [ -115.2632511, 36.217781099900002 ], [ -115.2632511, 36.217778399899998 ], [ -115.2632403, 36.217778399899998 ], [ -115.2632403, 36.217775699899995 ], [ -115.2632079, 36.217775699899995 ], [ -115.2632079, 36.217778399899998 ], [ -115.263189, 36.217778399899998 ], [ -115.263189, 36.217775699899995 ], [ -115.2631755, 36.217775699899995 ], [ -115.2631755, 36.217772999899999 ], [ -115.2631728, 36.217772999899999 ], [ -115.2631728, 36.217770299899996 ], [ -115.2631674, 36.217770299899996 ], [ -115.2631674, 36.2177675999 ], [ -115.2631539, 36.2177675999 ], [ -115.2631539, 36.217764899899997 ], [ -115.2631404, 36.217764899899997 ], [ -115.2631404, 36.217762199900001 ], [ -115.263135, 36.217762199900001 ], [ -115.263135, 36.217759499899998 ], [ -115.2631134, 36.217759499899998 ], [ -115.2631134, 36.217762199900001 ], [ -115.2630972, 36.217762199900001 ], [ -115.2630972, 36.217764899899997 ], [ -115.2630945, 36.217764899899997 ], [ -115.2630945, 36.2177675999 ], [ -115.2630513, 36.2177675999 ], [ -115.2630513, 36.217770299899996 ], [ -115.2630459, 36.217770299899996 ], [ -115.2630459, 36.217775699899995 ], [ -115.2630432, 36.217775699899995 ], [ -115.2630432, 36.217778399899998 ], [ -115.2630378, 36.217778399899998 ], [ -115.2630378, 36.217781099900002 ], [ -115.2630081, 36.217781099900002 ], [ -115.2630081, 36.217778399899998 ], [ -115.2630054, 36.217778399899998 ], [ -115.2630054, 36.217775699899995 ], [ -115.2630027, 36.217775699899995 ], [ -115.2630027, 36.217772999899999 ], [ -115.263, 36.217772999899999 ], [ -115.263, 36.217762199900001 ], [ -115.2629973, 36.217762199900001 ], [ -115.2629973, 36.2177432999 ], [ -115.2629946, 36.2177432999 ], [ -115.2629946, 36.217721699899997 ], [ -115.2629973, 36.217721699899997 ], [ -115.2629973, 36.217716299899998 ], [ -115.2629946, 36.217716299899998 ], [ -115.2629946, 36.217705499899999 ], [ -115.2629973, 36.217705499899999 ], [ -115.2629973, 36.2176757999 ], [ -115.263, 36.2176757999 ], [ -115.263, 36.217670399900001 ], [ -115.2630027, 36.217670399900001 ], [ -115.2630027, 36.217667699899998 ], [ -115.2630405, 36.217667699899998 ], [ -115.2630405, 36.217670399900001 ], [ -115.2630459, 36.217670399900001 ], [ -115.2630459, 36.217673099899997 ], [ -115.2630621, 36.217673099899997 ], [ -115.2630621, 36.2176757999 ], [ -115.2630837, 36.2176757999 ], [ -115.2630837, 36.217673099899997 ], [ -115.2630864, 36.217673099899997 ], [ -115.2630864, 36.217667699899998 ], [ -115.2630891, 36.217667699899998 ], [ -115.2630891, 36.217664999900002 ], [ -115.2631269, 36.217664999900002 ], [ -115.2631269, 36.217667699899998 ], [ -115.2631296, 36.217667699899998 ], [ -115.2631296, 36.217670399900001 ], [ -115.2631377, 36.217670399900001 ], [ -115.2631377, 36.217673099899997 ], [ -115.2631431, 36.217673099899997 ], [ -115.2631431, 36.217670399900001 ], [ -115.2631512, 36.217670399900001 ], [ -115.2631512, 36.217673099899997 ], [ -115.2631539, 36.217673099899997 ], [ -115.2631539, 36.217670399900001 ], [ -115.2631593, 36.217670399900001 ], [ -115.2631593, 36.217667699899998 ], [ -115.2631701, 36.217667699899998 ], [ -115.2631701, 36.217664999900002 ], [ -115.263189, 36.217664999900002 ], [ -115.263189, 36.217667699899998 ], [ -115.2632079, 36.217667699899998 ], [ -115.2632079, 36.217670399900001 ], [ -115.263216, 36.217670399900001 ], [ -115.263216, 36.217673099899997 ], [ -115.2632295, 36.217673099899997 ], [ -115.2632295, 36.2176757999 ], [ -115.263243, 36.2176757999 ], [ -115.263243, 36.217678499899996 ], [ -115.26327, 36.217678499899996 ], [ -115.26327, 36.217686599899999 ], [ -115.2632754, 36.217686599899999 ], [ -115.2632754, 36.217689299900002 ], [ -115.2632808, 36.217689299900002 ], [ -115.2632808, 36.217694699900001 ], [ -115.2632835, 36.217694699900001 ], [ -115.2632835, 36.217697399899997 ], [ -115.2633051, 36.217697399899997 ], [ -115.2633051, 36.217694699900001 ], [ -115.2633078, 36.217694699900001 ], [ -115.2633078, 36.217691999899998 ], [ -115.2633105, 36.217691999899998 ], [ -115.2633105, 36.217689299900002 ], [ -115.2633132, 36.217689299900002 ], [ -115.2633132, 36.217686599899999 ], [ -115.2633186, 36.217686599899999 ], [ -115.2633186, 36.217683899899995 ], [ -115.2633429, 36.217683899899995 ], [ -115.2633429, 36.217686599899999 ], [ -115.2633645, 36.217686599899999 ], [ -115.2633645, 36.217683899899995 ], [ -115.2633699, 36.217683899899995 ], [ -115.2633699, 36.217678499899996 ], [ -115.2633726, 36.217678499899996 ], [ -115.2633726, 36.217667699899998 ], [ -115.2634428, 36.217667699899998 ], [ -115.2634428, 36.217664999900002 ], [ -115.2634914, 36.217664999900002 ], [ -115.2634914, 36.217667699899998 ], [ -115.2634995, 36.217667699899998 ], [ -115.2634995, 36.217670399900001 ], [ -115.2635022, 36.217670399900001 ], [ -115.2635022, 36.217673099899997 ], [ -115.2635346, 36.217673099899997 ], [ -115.2635346, 36.217670399900001 ], [ -115.2635454, 36.217670399900001 ], [ -115.2635454, 36.217667699899998 ], [ -115.263567, 36.217667699899998 ], [ -115.263567, 36.217670399900001 ], [ -115.2635697, 36.217670399900001 ], [ -115.2635697, 36.217667699899998 ], [ -115.2635751, 36.217667699899998 ], [ -115.2635751, 36.217670399900001 ], [ -115.2635805, 36.217670399900001 ], [ -115.2635805, 36.217673099899997 ], [ -115.2635832, 36.217673099899997 ], [ -115.2635832, 36.2176757999 ], [ -115.2635859, 36.2176757999 ], [ -115.2635859, 36.217681199899999 ], [ -115.2635886, 36.217681199899999 ], [ -115.2635886, 36.217686599899999 ], [ -115.2635913, 36.217686599899999 ], [ -115.2635913, 36.217718999900001 ], [ -115.263594, 36.217718999900001 ], [ -115.263594, 36.217745999899996 ], [ -115.2635913, 36.217745999899996 ], [ -115.2635913, 36.217754099899999 ], [ -115.2635886, 36.217754099899999 ], [ -115.2635886, 36.217759499899998 ], [ -115.2635859, 36.217759499899998 ], [ -115.2635859, 36.217781099900002 ], [ -115.2635832, 36.217781099900002 ], [ -115.2635832, 36.217783799899998 ] ] ] } },
{ "type": "Feature", "properties": { "value": 255.0 }, "geometry": { "type": "Polygon", "coordinates": [ [ [ -115.2627894, 36.217745999899996 ], [ -115.2627354, 36.217745999899996 ], [ -115.2627354, 36.217600199899998 ], [ -115.2627381, 36.217600199899998 ], [ -115.2627381, 36.217597499900002 ], [ -115.2627435, 36.217597499900002 ], [ -115.2627435, 36.217600199899998 ], [ -115.2627516, 36.217600199899998 ], [ -115.2627516, 36.217597499900002 ], [ -115.2627921, 36.217597499900002 ], [ -115.2627921, 36.217602899900001 ], [ -115.2627948, 36.217602899900001 ], [ -115.2627948, 36.217686599899999 ], [ -115.2627921, 36.217686599899999 ], [ -115.2627921, 36.2177432999 ], [ -115.2627894, 36.2177432999 ], [ -115.2627894, 36.217745999899996 ] ] ] } },
{ "type": "Feature", "properties": { "value": 255.0 }, "geometry": { "type": "Polygon", "coordinates": [ [ [ -115.2625869, 36.217762199900001 ], [ -115.2625464, 36.217762199900001 ], [ -115.2625464, 36.217759499899998 ], [ -115.262538299999989, 36.217759499899998 ], [ -115.262538299999989, 36.217762199900001 ], [ -115.2625356, 36.217762199900001 ], [ -115.2625356, 36.217759499899998 ], [ -115.2625302, 36.217759499899998 ], [ -115.2625302, 36.217697399899997 ], [ -115.2625329, 36.217697399899997 ], [ -115.2625329, 36.217621799900002 ], [ -115.2625356, 36.217621799900002 ], [ -115.2625356, 36.217616399899995 ], [ -115.2625464, 36.217616399899995 ], [ -115.2625464, 36.217613699899999 ], [ -115.2625761, 36.217613699899999 ], [ -115.2625761, 36.217610999899996 ], [ -115.2625896, 36.217610999899996 ], [ -115.2625896, 36.217613699899999 ], [ -115.2625923, 36.217613699899999 ], [ -115.2625923, 36.217686599899999 ], [ -115.2625896, 36.217686599899999 ], [ -115.2625896, 36.217759499899998 ], [ -115.2625869, 36.217759499899998 ], [ -115.2625869, 36.217762199900001 ] ] ] } },
{ "type": "Feature", "properties": { "value": 255.0 }, "geometry": { "type": "Polygon", "coordinates": [ [ [ -115.2630189, 36.217627199900001 ], [ -115.2629973, 36.217627199900001 ], [ -115.2629973, 36.217624499899998 ], [ -115.2629946, 36.217624499899998 ], [ -115.2629946, 36.217594799899999 ], [ -115.2629919, 36.217594799899999 ], [ -115.2629919, 36.217581299899997 ], [ -115.2629892, 36.217581299899997 ], [ -115.2629892, 36.217532699899998 ], [ -115.2629919, 36.217532699899998 ], [ -115.2629919, 36.2175164999 ], [ -115.2629946, 36.2175164999 ], [ -115.2629946, 36.217513799899997 ], [ -115.263, 36.217513799899997 ], [ -115.263, 36.217511099900001 ], [ -115.263027, 36.217511099900001 ], [ -115.263027, 36.217508399899998 ], [ -115.2630432, 36.217508399899998 ], [ -115.2630432, 36.217511099900001 ], [ -115.2630486, 36.217511099900001 ], [ -115.2630486, 36.217513799899997 ], [ -115.2630675, 36.217513799899997 ], [ -115.2630675, 36.2175164999 ], [ -115.2630729, 36.2175164999 ], [ -115.2630729, 36.217513799899997 ], [ -115.2630864, 36.217513799899997 ], [ -115.2630864, 36.217511099900001 ], [ -115.2630891, 36.217511099900001 ], [ -115.2630891, 36.217508399899998 ], [ -115.2630999, 36.217508399899998 ], [ -115.2630999, 36.217505699900002 ], [ -115.263108, 36.217505699900002 ], [ -115.263108, 36.217502999899999 ], [ -115.2631107, 36.217502999899999 ], [ -115.2631107, 36.217505699900002 ], [ -115.2631188, 36.217505699900002 ], [ -115.2631188, 36.217502999899999 ], [ -115.2631296, 36.217502999899999 ], [ -115.2631296, 36.217505699900002 ], [ -115.2631323, 36.217505699900002 ], [ -115.2631323, 36.217508399899998 ], [ -115.263135, 36.217508399899998 ], [ -115.263135, 36.217505699900002 ], [ -115.2631377, 36.217505699900002 ], [ -115.2631377, 36.217502999899999 ], [ -115.2631512, 36.217502999899999 ], [ -115.2631512, 36.217505699900002 ], [ -115.2631755, 36.217505699900002 ], [ -115.2631755, 36.217508399899998 ], [ -115.2632295, 36.217508399899998 ], [ -115.2632295, 36.217505699900002 ], [ -115.2632754, 36.217505699900002 ], [ -115.2632754, 36.217502999899999 ], [ -115.2632781, 36.217502999899999 ], [ -115.2632781, 36.217505699900002 ], [ -115.2632835, 36.217505699900002 ], [ -115.2632835, 36.217502999899999 ], [ -115.2632889, 36.217502999899999 ], [ -115.2632889, 36.217505699900002 ], [ -115.2633537, 36.217505699900002 ], [ -115.2633537, 36.217508399899998 ], [ -115.2634104, 36.217508399899998 ], [ -115.2634104, 36.217511099900001 ], [ -115.263432, 36.217511099900001 ], [ -115.263432, 36.217513799899997 ], [ -115.2634725, 36.217513799899997 ], [ -115.2634725, 36.217511099900001 ], [ -115.2634806, 36.217511099900001 ], [ -115.2634806, 36.217513799899997 ], [ -115.2635049, 36.217513799899997 ], [ -115.2635049, 36.2175164999 ], [ -115.2635319, 36.2175164999 ], [ -115.2635319, 36.217513799899997 ], [ -115.2635346, 36.217513799899997 ], [ -115.2635346, 36.217511099900001 ], [ -115.2635454, 36.217511099900001 ], [ -115.2635454, 36.217508399899998 ], [ -115.2635481, 36.217508399899998 ], [ -115.2635481, 36.217505699900002 ], [ -115.2635535, 36.217505699900002 ], [ -115.2635535, 36.217502999899999 ], [ -115.2635697, 36.217502999899999 ], [ -115.2635697, 36.217505699900002 ], [ -115.2635751, 36.217505699900002 ], [ -115.2635751, 36.217508399899998 ], [ -115.2635778, 36.217508399899998 ], [ -115.2635778, 36.2175164999 ], [ -115.2635805, 36.2175164999 ], [ -115.2635805, 36.217532699899998 ], [ -115.2635832, 36.217532699899998 ], [ -115.2635832, 36.217535399900001 ], [ -115.2635805, 36.217535399900001 ], [ -115.2635805, 36.217543499899996 ], [ -115.2635832, 36.217543499899996 ], [ -115.2635832, 36.217548899900002 ], [ -115.2635859, 36.217548899900002 ], [ -115.2635859, 36.217567799899996 ], [ -115.2635886, 36.217567799899996 ], [ -115.2635886, 36.217573199900002 ], [ -115.2635859, 36.217573199900002 ], [ -115.2635859, 36.217586699899996 ], [ -115.2635832, 36.217586699899996 ], [ -115.2635832, 36.217592099899996 ], [ -115.2635805, 36.217592099899996 ], [ -115.2635805, 36.217594799899999 ], [ -115.2635778, 36.217594799899999 ], [ -115.2635778, 36.217602899900001 ], [ -115.2635751, 36.217602899900001 ], [ -115.2635751, 36.217610999899996 ], [ -115.2635643, 36.217610999899996 ], [ -115.2635643, 36.217613699899999 ], [ -115.2635454, 36.217613699899999 ], [ -115.2635454, 36.217610999899996 ], [ -115.2634482, 36.217610999899996 ], [ -115.2634482, 36.217613699899999 ], [ -115.2634266, 36.217613699899999 ], [ -115.2634266, 36.217616399899995 ], [ -115.2633861, 36.217616399899995 ], [ -115.2633861, 36.217613699899999 ], [ -115.263378, 36.217613699899999 ], [ -115.263378, 36.217610999899996 ], [ -115.2633726, 36.217610999899996 ], [ -115.2633726, 36.2176082999 ], [ -115.2633672, 36.2176082999 ], [ -115.2633672, 36.217605599899997 ], [ -115.2633348, 36.217605599899997 ], [ -115.2633348, 36.217602899900001 ], [ -115.2633132, 36.217602899900001 ], [ -115.2633132, 36.217597499900002 ], [ -115.2633105, 36.217597499900002 ], [ -115.2633105, 36.217594799899999 ], [ -115.2633024, 36.217594799899999 ], [ -115.2633024, 36.217592099899996 ], [ -115.2632862, 36.217592099899996 ], [ -115.2632862, 36.217594799899999 ], [ -115.2632835, 36.217594799899999 ], [ -115.2632835, 36.217592099899996 ], [ -115.2632754, 36.217592099899996 ], [ -115.2632754, 36.217594799899999 ], [ -115.26327, 36.217594799899999 ], [ -115.26327, 36.217600199899998 ], [ -115.2632673, 36.217600199899998 ], [ -115.2632673, 36.217602899900001 ], [ -115.2632646, 36.217602899900001 ], [ -115.2632646, 36.217605599899997 ], [ -115.263216, 36.217605599899997 ], [ -115.263216, 36.2176082999 ], [ -115.2632106, 36.2176082999 ], [ -115.2632106, 36.217610999899996 ], [ -115.2632079, 36.217610999899996 ], [ -115.2632079, 36.217613699899999 ], [ -115.2632025, 36.217613699899999 ], [ -115.2632025, 36.217616399899995 ], [ -115.2631755, 36.217616399899995 ], [ -115.2631755, 36.217619099899999 ], [ -115.2631728, 36.217619099899999 ], [ -115.2631728, 36.217616399899995 ], [ -115.2630864, 36.217616399899995 ], [ -115.2630864, 36.217619099899999 ], [ -115.263054, 36.217619099899999 ], [ -115.263054, 36.217621799900002 ], [ -115.2630459, 36.217621799900002 ], [ -115.2630459, 36.217624499899998 ], [ -115.2630189, 36.217624499899998 ], [ -115.2630189, 36.217627199900001 ] ] ] } },
{ "type": "Feature", "properties": { "value": 255.0 }, "geometry": { "type": "Polygon", "coordinates": [ [ [ -115.2625734, 36.217592099899996 ], [ -115.262557199999989, 36.217592099899996 ], [ -115.262557199999989, 36.2175893999 ], [ -115.2625491, 36.2175893999 ], [ -115.2625491, 36.217592099899996 ], [ -115.2625437, 36.217592099899996 ], [ -115.2625437, 36.2175893999 ], [ -115.262538299999989, 36.2175893999 ], [ -115.262538299999989, 36.217586699899996 ], [ -115.2625356, 36.217586699899996 ], [ -115.2625356, 36.2175164999 ], [ -115.262538299999989, 36.2175164999 ], [ -115.262538299999989, 36.217443599900001 ], [ -115.262541, 36.217443599900001 ], [ -115.262541, 36.217440899899998 ], [ -115.2625491, 36.217440899899998 ], [ -115.2625491, 36.217438199900002 ], [ -115.2625977, 36.217438199900002 ], [ -115.2625977, 36.217529999900002 ], [ -115.262595, 36.217529999900002 ], [ -115.262595, 36.217586699899996 ], [ -115.2625923, 36.217586699899996 ], [ -115.2625923, 36.2175893999 ], [ -115.2625734, 36.2175893999 ], [ -115.2625734, 36.217592099899996 ] ] ] } },
{ "type": "Feature", "properties": { "value": 255.0 }, "geometry": { "type": "Polygon", "coordinates": [ [ [ -115.262946, 36.217559699900001 ], [ -115.2628893, 36.217559699900001 ], [ -115.2628893, 36.2174489999 ], [ -115.262892, 36.2174489999 ], [ -115.262892, 36.217384199899996 ], [ -115.2628947, 36.217384199899996 ], [ -115.2628947, 36.217316699899996 ], [ -115.2628974, 36.217316699899996 ], [ -115.2628974, 36.2173139999 ], [ -115.262943299999989, 36.2173139999 ], [ -115.262943299999989, 36.217316699899996 ], [ -115.2629487, 36.217316699899996 ], [ -115.2629487, 36.217319399899999 ], [ -115.2629514, 36.217319399899999 ], [ -115.2629514, 36.217332899900001 ], [ -115.2629541, 36.217332899900001 ], [ -115.2629541, 36.217349099899998 ], [ -115.2629514, 36.217349099899998 ], [ -115.2629514, 36.217454399899999 ], [ -115.2629487, 36.217454399899999 ], [ -115.2629487, 36.217532699899998 ], [ -115.262946, 36.217532699899998 ], [ -115.262946, 36.217559699900001 ] ] ] } },
{ "type": "Feature", "properties": { "value": 255.0 }, "geometry": { "type": "Polygon", "coordinates": [ [ [ -115.2625977, 36.217413899900002 ], [ -115.262541, 36.217413899900002 ], [ -115.262541, 36.2172896999 ], [ -115.2625437, 36.2172896999 ], [ -115.2625437, 36.217281599899998 ], [ -115.2625464, 36.217281599899998 ], [ -115.2625464, 36.217278899900002 ], [ -115.2625491, 36.217278899900002 ], [ -115.2625491, 36.217276199899999 ], [ -115.2625707, 36.217276199899999 ], [ -115.2625707, 36.217273499900003 ], [ -115.2625977, 36.217273499900003 ], [ -115.2625977, 36.217276199899999 ], [ -115.2626004, 36.217276199899999 ], [ -115.2626004, 36.217284299900001 ], [ -115.2626031, 36.217284299900001 ], [ -115.2626031, 36.217343699899999 ], [ -115.2626004, 36.217343699899999 ], [ -115.2626004, 36.217411199899999 ], [ -115.2625977, 36.217411199899999 ], [ -115.2625977, 36.217413899900002 ] ] ] } },
{ "type": "Feature", "properties": { "value": 255.0 }, "geometry": { "type": "Polygon", "coordinates": [ [ [ -115.2624546, 36.217770299899996 ], [ -115.2624492, 36.217770299899996 ], [ -115.2624492, 36.2177675999 ], [ -115.2623601, 36.2177675999 ], [ -115.2623601, 36.217764899899997 ], [ -115.2623574, 36.217764899899997 ], [ -115.2623574, 36.217762199900001 ], [ -115.262354699999989, 36.217762199900001 ], [ -115.262354699999989, 36.217732499899995 ], [ -115.262352, 36.217732499899995 ], [ -115.262352, 36.2177243999 ], [ -115.262354699999989, 36.2177243999 ], [ -115.262354699999989, 36.217718999900001 ], [ -115.2623574, 36.217718999900001 ], [ -115.2623574, 36.217670399900001 ], [ -115.262354699999989, 36.217670399900001 ], [ -115.262354699999989, 36.217659599899996 ], [ -115.2623574, 36.217659599899996 ], [ -115.2623574, 36.217654199899997 ], [ -115.262354699999989, 36.217654199899997 ], [ -115.262354699999989, 36.217640699899995 ], [ -115.2623574, 36.217640699899995 ], [ -115.2623574, 36.217635299899996 ], [ -115.262354699999989, 36.217635299899996 ], [ -115.262354699999989, 36.217600199899998 ], [ -115.262352, 36.217600199899998 ], [ -115.262352, 36.217578599900001 ], [ -115.262354699999989, 36.217578599900001 ], [ -115.262354699999989, 36.217538099899997 ], [ -115.2623574, 36.217538099899997 ], [ -115.2623574, 36.217446299899997 ], [ -115.2623601, 36.217446299899997 ], [ -115.2623601, 36.2174300999 ], [ -115.2623655, 36.2174300999 ], [ -115.2623655, 36.217408499899996 ], [ -115.2623628, 36.217408499899996 ], [ -115.2623628, 36.217389599900002 ], [ -115.2623655, 36.217389599900002 ], [ -115.2623655, 36.217378799899997 ], [ -115.2623682, 36.217378799899997 ], [ -115.2623682, 36.217370699900002 ], [ -115.2623655, 36.217370699900002 ], [ -115.2623655, 36.2173571999 ], [ -115.2623682, 36.2173571999 ], [ -115.2623682, 36.217330199899997 ], [ -115.2623655, 36.217330199899997 ], [ -115.2623655, 36.217305899899998 ], [ -115.2623628, 36.217305899899998 ], [ -115.2623628, 36.217300499899999 ], [ -115.2623655, 36.217300499899999 ], [ -115.2623655, 36.217284299900001 ], [ -115.262373599999989, 36.217284299900001 ], [ -115.262373599999989, 36.217281599899998 ], [ -115.2623952, 36.217281599899998 ], [ -115.2623952, 36.217284299900001 ], [ -115.2624627, 36.217284299900001 ], [ -115.2624627, 36.217286999899997 ], [ -115.2624735, 36.217286999899997 ], [ -115.2624735, 36.217284299900001 ], [ -115.2624789, 36.217284299900001 ], [ -115.2624789, 36.217281599899998 ], [ -115.2624924, 36.217281599899998 ], [ -115.2624924, 36.217284299900001 ], [ -115.2625032, 36.217284299900001 ], [ -115.2625032, 36.217286999899997 ], [ -115.2625086, 36.217286999899997 ], [ -115.2625086, 36.2172896999 ], [ -115.2625113, 36.2172896999 ], [ -115.2625113, 36.217297799900003 ], [ -115.262514, 36.217297799900003 ], [ -115.262514, 36.217305899899998 ], [ -115.2625167, 36.217305899899998 ], [ -115.2625167, 36.217319399899999 ], [ -115.262514, 36.217319399899999 ], [ -115.262514, 36.217324799899998 ], [ -115.2625113, 36.217324799899998 ], [ -115.2625113, 36.217365299900003 ], [ -115.262514, 36.217365299900003 ], [ -115.262514, 36.217370699900002 ], [ -115.2625113, 36.217370699900002 ], [ -115.2625113, 36.217392299899998 ], [ -115.262514, 36.217392299899998 ], [ -115.262514, 36.217394999900002 ], [ -115.2625113, 36.217394999900002 ], [ -115.2625113, 36.217403099899997 ], [ -115.262514, 36.217403099899997 ], [ -115.262514, 36.217413899900002 ], [ -115.2625113, 36.217413899900002 ], [ -115.2625113, 36.217427399899996 ], [ -115.2625086, 36.217427399899996 ], [ -115.2625086, 36.217467899900001 ], [ -115.2625059, 36.217467899900001 ], [ -115.2625059, 36.217475999899996 ], [ -115.2625032, 36.217475999899996 ], [ -115.2625032, 36.217492199900001 ], [ -115.2625059, 36.217492199900001 ], [ -115.2625059, 36.217500299899996 ], [ -115.2625086, 36.217500299899996 ], [ -115.2625086, 36.217502999899999 ], [ -115.2625059, 36.217502999899999 ], [ -115.2625059, 36.217508399899998 ], [ -115.2625086, 36.217508399899998 ], [ -115.2625086, 36.217524599899996 ], [ -115.2625059, 36.217524599899996 ], [ -115.2625059, 36.217543499899996 ], [ -115.2625086, 36.217543499899996 ], [ -115.2625086, 36.217570499899999 ], [ -115.2625059, 36.217570499899999 ], [ -115.2625059, 36.217578599900001 ], [ -115.2625032, 36.217578599900001 ], [ -115.2625032, 36.2175839999 ], [ -115.2625005, 36.2175839999 ], [ -115.2625005, 36.2175893999 ], [ -115.2624978, 36.2175893999 ], [ -115.2624978, 36.217602899900001 ], [ -115.2624951, 36.217602899900001 ], [ -115.2624951, 36.2176568999 ], [ -115.2624978, 36.2176568999 ], [ -115.2624978, 36.217718999900001 ], [ -115.2624951, 36.217718999900001 ], [ -115.2624951, 36.217737899900001 ], [ -115.2624924, 36.217737899900001 ], [ -115.2624924, 36.217751399899996 ], [ -115.262489699999989, 36.217751399899996 ], [ -115.262489699999989, 36.217754099899999 ], [ -115.2624627, 36.217754099899999 ], [ -115.2624627, 36.217756799900002 ], [ -115.26246, 36.217756799900002 ], [ -115.26246, 36.217764899899997 ], [ -115.2624573, 36.217764899899997 ], [ -115.2624573, 36.2177675999 ], [ -115.2624546, 36.2177675999 ], [ -115.2624546, 36.217770299899996 ] ] ] } },
{ "type": "Feature", "properties": { "value": 255.0 }, "geometry": { "type": "Polygon", "coordinates": [ [ [ -115.2622467, 36.2177675999 ], [ -115.2621549, 36.2177675999 ], [ -115.2621549, 36.217764899899997 ], [ -115.262152199999989, 36.217764899899997 ], [ -115.262152199999989, 36.217762199900001 ], [ -115.2621495, 36.217762199900001 ], [ -115.2621495, 36.217754099899999 ], [ -115.2621441, 36.217754099899999 ], [ -115.2621441, 36.217751399899996 ], [ -115.262133299999988, 36.217751399899996 ], [ -115.262133299999988, 36.2177486999 ], [ -115.2621252, 36.2177486999 ], [ -115.2621252, 36.217751399899996 ], [ -115.2621225, 36.217751399899996 ], [ -115.2621225, 36.2177486999 ], [ -115.2621144, 36.2177486999 ], [ -115.2621144, 36.217745999899996 ], [ -115.2621117, 36.217745999899996 ], [ -115.2621117, 36.217708199899995 ], [ -115.262109, 36.217708199899995 ], [ -115.262109, 36.2177000999 ], [ -115.2621063, 36.2177000999 ], [ -115.2621063, 36.2176757999 ], [ -115.262103599999989, 36.2176757999 ], [ -115.262103599999989, 36.217667699899998 ], [ -115.2621063, 36.217667699899998 ], [ -115.2621063, 36.217646099900001 ], [ -115.262109, 36.217646099900001 ], [ -115.262109, 36.217624499899998 ], [ -115.2621117, 36.217624499899998 ], [ -115.2621117, 36.2176082999 ], [ -115.2621144, 36.2176082999 ], [ -115.2621144, 36.217575899899998 ], [ -115.2621117, 36.217575899899998 ], [ -115.2621117, 36.217527299899999 ], [ -115.2621144, 36.217527299899999 ], [ -115.2621144, 36.217494899899997 ], [ -115.2621117, 36.217494899899997 ], [ -115.2621117, 36.217486799900001 ], [ -115.2621144, 36.217486799900001 ], [ -115.2621144, 36.217478699899999 ], [ -115.2621171, 36.217478699899999 ], [ -115.2621171, 36.217465199899998 ], [ -115.2621198, 36.217465199899998 ], [ -115.2621198, 36.2174489999 ], [ -115.2621171, 36.2174489999 ], [ -115.2621171, 36.2174300999 ], [ -115.2621198, 36.2174300999 ], [ -115.2621198, 36.217411199899999 ], [ -115.2621171, 36.217411199899999 ], [ -115.2621171, 36.2173625999 ], [ -115.2621198, 36.2173625999 ], [ -115.2621198, 36.217330199899997 ], [ -115.2621225, 36.217330199899997 ], [ -115.2621225, 36.217316699899996 ], [ -115.2621198, 36.217316699899996 ], [ -115.2621198, 36.217308599900001 ], [ -115.2621225, 36.217308599900001 ], [ -115.2621225, 36.217303199900002 ], [ -115.2621198, 36.217303199900002 ], [ -115.2621198, 36.217297799900003 ], [ -115.2621225, 36.217297799900003 ], [ -115.2621225, 36.217295099899999 ], [ -115.2621252, 36.217295099899999 ], [ -115.2621252, 36.2172896999 ], [ -115.262133299999988, 36.2172896999 ], [ -115.262133299999988, 36.217286999899997 ], [ -115.2621603, 36.217286999899997 ], [ -115.2621603, 36.217284299900001 ], [ -115.2621981, 36.217284299900001 ], [ -115.2621981, 36.217281599899998 ], [ -115.262200799999988, 36.217281599899998 ], [ -115.262200799999988, 36.217284299900001 ], [ -115.2622305, 36.217284299900001 ], [ -115.2622305, 36.217286999899997 ], [ -115.2622521, 36.217286999899997 ], [ -115.2622521, 36.2172896999 ], [ -115.2622602, 36.2172896999 ], [ -115.2622602, 36.217295099899999 ], [ -115.2622629, 36.217295099899999 ], [ -115.2622629, 36.217308599900001 ], [ -115.2622656, 36.217308599900001 ], [ -115.2622656, 36.217311299899997 ], [ -115.2622629, 36.217311299899997 ], [ -115.2622629, 36.217335599899997 ], [ -115.2622602, 36.217335599899997 ], [ -115.2622602, 36.217343699899999 ], [ -115.2622575, 36.217343699899999 ], [ -115.2622575, 36.217346399900002 ], [ -115.2622548, 36.217346399900002 ], [ -115.2622548, 36.2173625999 ], [ -115.2622521, 36.2173625999 ], [ -115.2622521, 36.217397699899998 ], [ -115.2622548, 36.217397699899998 ], [ -115.2622548, 36.217408499899996 ], [ -115.2622575, 36.217408499899996 ], [ -115.2622575, 36.2174246999 ], [ -115.2622602, 36.2174246999 ], [ -115.2622602, 36.2174300999 ], [ -115.2622575, 36.2174300999 ], [ -115.2622575, 36.217459799899999 ], [ -115.2622548, 36.217459799899999 ], [ -115.2622548, 36.217470599899997 ], [ -115.2622575, 36.217470599899997 ], [ -115.2622575, 36.217500299899996 ], [ -115.2622548, 36.217500299899996 ], [ -115.2622548, 36.217519199899996 ], [ -115.2622521, 36.217519199899996 ], [ -115.2622521, 36.2175407999 ], [ -115.2622548, 36.2175407999 ], [ -115.2622548, 36.217556999899998 ], [ -115.2622575, 36.217556999899998 ], [ -115.2622575, 36.217594799899999 ], [ -115.2622548, 36.217594799899999 ], [ -115.2622548, 36.217616399899995 ], [ -115.2622521, 36.217616399899995 ], [ -115.2622521, 36.217621799900002 ], [ -115.2622548, 36.217621799900002 ], [ -115.2622548, 36.2176325999 ], [ -115.2622521, 36.2176325999 ], [ -115.2622521, 36.217640699899995 ], [ -115.2622494, 36.217640699899995 ], [ -115.2622494, 36.217651499900001 ], [ -115.2622467, 36.217651499900001 ], [ -115.2622467, 36.217654199899997 ], [ -115.262244, 36.217654199899997 ], [ -115.262244, 36.2176568999 ], [ -115.2622413, 36.2176568999 ], [ -115.2622413, 36.217716299899998 ], [ -115.262244, 36.217716299899998 ], [ -115.262244, 36.2177243999 ], [ -115.2622467, 36.2177243999 ], [ -115.2622467, 36.217732499899995 ], [ -115.2622494, 36.217732499899995 ], [ -115.2622494, 36.217764899899997 ], [ -115.2622467, 36.217764899899997 ], [ -115.2622467, 36.2177675999 ] ] ] } },
{ "type": "Feature", "properties": { "value": 255.0 }, "geometry": { "type": "Polygon", "coordinates": [ [ [ -115.2635697, 36.217438199900002 ], [ -115.2635454, 36.217438199900002 ], [ -115.2635454, 36.217435499899999 ], [ -115.2635373, 36.217435499899999 ], [ -115.2635373, 36.2174300999 ], [ -115.2635184, 36.2174300999 ], [ -115.2635184, 36.217427399899996 ], [ -115.2635157, 36.217427399899996 ], [ -115.2635157, 36.2174246999 ], [ -115.263513, 36.2174246999 ], [ -115.263513, 36.217421999899997 ], [ -115.2635103, 36.217421999899997 ], [ -115.2635103, 36.217416599899998 ], [ -115.2635076, 36.217416599899998 ], [ -115.2635076, 36.217413899900002 ], [ -115.2635049, 36.217413899900002 ], [ -115.2635049, 36.217411199899999 ], [ -115.2634671, 36.217411199899999 ], [ -115.2634671, 36.217413899900002 ], [ -115.2634617, 36.217413899900002 ], [ -115.2634617, 36.217416599899998 ], [ -115.263432, 36.217416599899998 ], [ -115.263432, 36.217413899900002 ], [ -115.2634293, 36.217413899900002 ], [ -115.2634293, 36.217416599899998 ], [ -115.2634158, 36.217416599899998 ], [ -115.2634158, 36.217419299900001 ], [ -115.2634131, 36.217419299900001 ], [ -115.2634131, 36.217421999899997 ], [ -115.2634104, 36.217421999899997 ], [ -115.2634104, 36.217427399899996 ], [ -115.2633861, 36.217427399899996 ], [ -115.2633861, 36.2174246999 ], [ -115.2633753, 36.2174246999 ], [ -115.2633753, 36.217421999899997 ], [ -115.2633672, 36.217421999899997 ], [ -115.2633672, 36.217419299900001 ], [ -115.2633348, 36.217419299900001 ], [ -115.2633348, 36.217416599899998 ], [ -115.2632889, 36.217416599899998 ], [ -115.2632889, 36.217413899900002 ], [ -115.2632781, 36.217413899900002 ], [ -115.2632781, 36.217411199899999 ], [ -115.26327, 36.217411199899999 ], [ -115.26327, 36.217408499899996 ], [ -115.263243, 36.217408499899996 ], [ -115.263243, 36.2174057999 ], [ -115.2632349, 36.2174057999 ], [ -115.2632349, 36.217403099899997 ], [ -115.2632268, 36.217403099899997 ], [ -115.2632268, 36.217400399900001 ], [ -115.2631836, 36.217400399900001 ], [ -115.2631836, 36.217397699899998 ], [ -115.2631728, 36.217397699899998 ], [ -115.2631728, 36.217394999900002 ], [ -115.2631701, 36.217394999900002 ], [ -115.2631701, 36.217392299899998 ], [ -115.2631674, 36.217392299899998 ], [ -115.2631674, 36.217389599900002 ], [ -115.263162, 36.217389599900002 ], [ -115.263162, 36.217386899899999 ], [ -115.2631566, 36.217386899899999 ], [ -115.2631566, 36.217384199899996 ], [ -115.2631485, 36.217384199899996 ], [ -115.2631485, 36.2173814999 ], [ -115.2631404, 36.2173814999 ], [ -115.2631404, 36.217378799899997 ], [ -115.263135, 36.217378799899997 ], [ -115.263135, 36.217376099900001 ], [ -115.2631323, 36.217376099900001 ], [ -115.2631323, 36.217373399899998 ], [ -115.2631242, 36.217373399899998 ], [ -115.2631242, 36.217370699900002 ], [ -115.2631188, 36.217370699900002 ], [ -115.2631188, 36.217373399899998 ], [ -115.2630918, 36.217373399899998 ], [ -115.2630918, 36.217376099900001 ], [ -115.2630837, 36.217376099900001 ], [ -115.2630837, 36.217378799899997 ], [ -115.2630729, 36.217378799899997 ], [ -115.2630729, 36.217376099900001 ], [ -115.2630459, 36.217376099900001 ], [ -115.2630459, 36.217378799899997 ], [ -115.2630432, 36.217378799899997 ], [ -115.2630432, 36.2173814999 ], [ -115.2630405, 36.2173814999 ], [ -115.2630405, 36.217384199899996 ], [ -115.2630378, 36.217384199899996 ], [ -115.2630378, 36.217386899899999 ], [ -115.2629973, 36.217386899899999 ], [ -115.2629973, 36.217384199899996 ], [ -115.2629946, 36.217384199899996 ], [ -115.2629946, 36.2173814999 ], [ -115.2629919, 36.2173814999 ], [ -115.2629919, 36.2173625999 ], [ -115.2629892, 36.2173625999 ], [ -115.2629892, 36.217340999900003 ], [ -115.2629865, 36.217340999900003 ], [ -115.2629865, 36.217311299899997 ], [ -115.2629892, 36.217311299899997 ], [ -115.2629892, 36.217305899899998 ], [ -115.2629919, 36.217305899899998 ], [ -115.2629919, 36.217300499899999 ], [ -115.2629946, 36.217300499899999 ], [ -115.2629946, 36.217295099899999 ], [ -115.2629973, 36.217295099899999 ], [ -115.2629973, 36.217281599899998 ], [ -115.263, 36.217281599899998 ], [ -115.263, 36.2172707999 ], [ -115.2630027, 36.2172707999 ], [ -115.2630027, 36.217268099899997 ], [ -115.2630189, 36.217268099899997 ], [ -115.2630189, 36.2172707999 ], [ -115.2630351, 36.2172707999 ], [ -115.2630351, 36.217273499900003 ], [ -115.2630486, 36.217273499900003 ], [ -115.2630486, 36.217276199899999 ], [ -115.263054, 36.217276199899999 ], [ -115.263054, 36.217278899900002 ], [ -115.2630594, 36.217278899900002 ], [ -115.2630594, 36.217281599899998 ], [ -115.2630729, 36.217281599899998 ], [ -115.2630729, 36.217284299900001 ], [ -115.2630918, 36.217284299900001 ], [ -115.2630918, 36.217278899900002 ], [ -115.2631242, 36.217278899900002 ], [ -115.2631242, 36.217281599899998 ], [ -115.2631323, 36.217281599899998 ], [ -115.2631323, 36.217284299900001 ], [ -115.263135, 36.217284299900001 ], [ -115.263135, 36.217286999899997 ], [ -115.2631377, 36.217286999899997 ], [ -115.2631377, 36.2172896999 ], [ -115.2631431, 36.2172896999 ], [ -115.2631431, 36.217292399899996 ], [ -115.2631701, 36.217292399899996 ], [ -115.2631701, 36.2172896999 ], [ -115.2632052, 36.2172896999 ], [ -115.2632052, 36.217292399899996 ], [ -115.263216, 36.217292399899996 ], [ -115.263216, 36.217295099899999 ], [ -115.2632214, 36.217295099899999 ], [ -115.2632214, 36.217297799900003 ], [ -115.2632241, 36.217297799900003 ], [ -115.2632241, 36.217300499899999 ], [ -115.2632322, 36.217300499899999 ], [ -115.2632322, 36.217303199900002 ], [ -115.2632403, 36.217303199900002 ], [ -115.2632403, 36.217305899899998 ], [ -115.2632619, 36.217305899899998 ], [ -115.2632619, 36.217308599900001 ], [ -115.2632673, 36.217308599900001 ], [ -115.2632673, 36.217305899899998 ], [ -115.26327, 36.217305899899998 ], [ -115.26327, 36.217311299899997 ], [ -115.2632727, 36.217311299899997 ], [ -115.2632727, 36.2173139999 ], [ -115.2632754, 36.2173139999 ], [ -115.2632754, 36.217316699899996 ], [ -115.2632781, 36.217316699899996 ], [ -115.2632781, 36.217319399899999 ], [ -115.2632808, 36.217319399899999 ], [ -115.2632808, 36.217322099900002 ], [ -115.2632862, 36.217322099900002 ], [ -115.2632862, 36.217327499900001 ], [ -115.2632889, 36.217327499900001 ], [ -115.2632889, 36.217330199899997 ], [ -115.263297, 36.217330199899997 ], [ -115.263297, 36.217327499900001 ], [ -115.2633132, 36.217327499900001 ], [ -115.2633132, 36.217324799899998 ], [ -115.2633159, 36.217324799899998 ], [ -115.2633159, 36.217322099900002 ], [ -115.2633186, 36.217322099900002 ], [ -115.2633186, 36.217319399899999 ], [ -115.2633321, 36.217319399899999 ], [ -115.2633321, 36.217316699899996 ], [ -115.2633402, 36.217316699899996 ], [ -115.2633402, 36.217319399899999 ], [ -115.2633699, 36.217319399899999 ], [ -115.2633699, 36.217316699899996 ], [ -115.2633726, 36.217316699899996 ], [ -115.2633726, 36.2173139999 ], [ -115.2633753, 36.2173139999 ], [ -115.2633753, 36.217311299899997 ], [ -115.263378, 36.217311299899997 ], [ -115.263378, 36.217308599900001 ], [ -115.2633753, 36.217308599900001 ], [ -115.2633753, 36.217305899899998 ], [ -115.2633807, 36.217305899899998 ], [ -115.2633807, 36.217308599900001 ], [ -115.2633861, 36.217308599900001 ], [ -115.2633861, 36.217305899899998 ], [ -115.2633915, 36.217305899899998 ], [ -115.2633915, 36.217308599900001 ], [ -115.2634077, 36.217308599900001 ], [ -115.2634077, 36.217311299899997 ], [ -115.2634212, 36.217311299899997 ], [ -115.2634212, 36.2173139999 ], [ -115.2634293, 36.2173139999 ], [ -115.2634293, 36.217316699899996 ], [ -115.2634509, 36.217316699899996 ], [ -115.2634509, 36.2173139999 ], [ -115.2634725, 36.2173139999 ], [ -115.2634725, 36.217316699899996 ], [ -115.2634968, 36.217316699899996 ], [ -115.2634968, 36.217319399899999 ], [ -115.2634995, 36.217319399899999 ], [ -115.2634995, 36.217322099900002 ], [ -115.2635022, 36.217322099900002 ], [ -115.2635022, 36.217324799899998 ], [ -115.2635049, 36.217324799899998 ], [ -115.2635049, 36.217327499900001 ], [ -115.2635076, 36.217327499900001 ], [ -115.2635076, 36.217330199899997 ], [ -115.2635211, 36.217330199899997 ], [ -115.2635211, 36.217332899900001 ], [ -115.26354, 36.217332899900001 ], [ -115.26354, 36.217330199899997 ], [ -115.2635454, 36.217330199899997 ], [ -115.2635454, 36.217327499900001 ], [ -115.2635724, 36.217327499900001 ], [ -115.2635724, 36.217330199899997 ], [ -115.2635859, 36.217330199899997 ], [ -115.2635859, 36.217332899900001 ], [ -115.2635886, 36.217332899900001 ], [ -115.2635886, 36.2173382999 ], [ -115.2635913, 36.2173382999 ], [ -115.2635913, 36.2173625999 ], [ -115.2635886, 36.2173625999 ], [ -115.2635886, 36.217370699900002 ], [ -115.2635913, 36.217370699900002 ], [ -115.2635913, 36.217394999900002 ], [ -115.2635886, 36.217394999900002 ], [ -115.2635886, 36.217408499899996 ], [ -115.2635859, 36.217408499899996 ], [ -115.2635859, 36.217411199899999 ], [ -115.2635832, 36.217411199899999 ], [ -115.2635832, 36.217413899900002 ], [ -115.2635805, 36.217413899900002 ], [ -115.2635805, 36.217419299900001 ], [ -115.2635778, 36.217419299900001 ], [ -115.2635778, 36.217427399899996 ], [ -115.2635751, 36.217427399899996 ], [ -115.2635751, 36.2174300999 ], [ -115.2635724, 36.2174300999 ], [ -115.2635724, 36.217435499899999 ], [ -115.2635697, 36.217435499899999 ], [ -115.2635697, 36.217438199900002 ] ] ] } },
{ "type": "Feature", "properties": { "value": 255.0 }, "geometry": { "type": "Polygon", "coordinates": [ [ [ -115.2619605, 36.2177486999 ], [ -115.2618876, 36.2177486999 ], [ -115.2618876, 36.217268099899997 ], [ -115.261893, 36.217268099899997 ], [ -115.261893, 36.2172653999 ], [ -115.2619578, 36.2172653999 ], [ -115.2619578, 36.217268099899997 ], [ -115.261987499999989, 36.217268099899997 ], [ -115.261987499999989, 36.2172707999 ], [ -115.2619929, 36.2172707999 ], [ -115.2619929, 36.217273499900003 ], [ -115.261998299999988, 36.217273499900003 ], [ -115.261998299999988, 36.217281599899998 ], [ -115.262001, 36.217281599899998 ], [ -115.262001, 36.217284299900001 ], [ -115.2620064, 36.217284299900001 ], [ -115.2620064, 36.217286999899997 ], [ -115.262017199999988, 36.217286999899997 ], [ -115.262017199999988, 36.2172896999 ], [ -115.2620199, 36.2172896999 ], [ -115.2620199, 36.217292399899996 ], [ -115.2620226, 36.217292399899996 ], [ -115.2620226, 36.217308599900001 ], [ -115.2620199, 36.217308599900001 ], [ -115.2620199, 36.217408499899996 ], [ -115.262017199999988, 36.217408499899996 ], [ -115.262017199999988, 36.217467899900001 ], [ -115.2620199, 36.217467899900001 ], [ -115.2620199, 36.217543499899996 ], [ -115.262017199999988, 36.217543499899996 ], [ -115.262017199999988, 36.217559699900001 ], [ -115.2620145, 36.217559699900001 ], [ -115.2620145, 36.217578599900001 ], [ -115.2620118, 36.217578599900001 ], [ -115.2620118, 36.217594799899999 ], [ -115.2620145, 36.217594799899999 ], [ -115.2620145, 36.217610999899996 ], [ -115.2620118, 36.217610999899996 ], [ -115.2620118, 36.217643399899998 ], [ -115.2620091, 36.217643399899998 ], [ -115.2620091, 36.217664999900002 ], [ -115.2620064, 36.217664999900002 ], [ -115.2620064, 36.217702799899996 ], [ -115.2620037, 36.217702799899996 ], [ -115.2620037, 36.2177243999 ], [ -115.262001, 36.2177243999 ], [ -115.262001, 36.217727099899996 ], [ -115.261998299999988, 36.217727099899996 ], [ -115.261998299999988, 36.217729799899999 ], [ -115.261987499999989, 36.217729799899999 ], [ -115.261987499999989, 36.217732499899995 ], [ -115.2619821, 36.217732499899995 ], [ -115.2619821, 36.217735199899998 ], [ -115.2619794, 36.217735199899998 ], [ -115.2619794, 36.217737899900001 ], [ -115.261974, 36.217737899900001 ], [ -115.261974, 36.217740599899997 ], [ -115.2619713, 36.217740599899997 ], [ -115.2619713, 36.2177432999 ], [ -115.261968599999989, 36.2177432999 ], [ -115.261968599999989, 36.217745999899996 ], [ -115.2619605, 36.217745999899996 ], [ -115.2619605, 36.2177486999 ] ] ] } },
{ "type": "Feature", "properties": { "value": 255.0 }, "geometry": { "type": "Polygon", "coordinates": [ [ [ -115.2627975, 36.2175650999 ], [ -115.262740799999989, 36.2175650999 ], [ -115.262740799999989, 36.217562399899997 ], [ -115.2627381, 36.217562399899997 ], [ -115.2627381, 36.217492199900001 ], [ -115.262740799999989, 36.217492199900001 ], [ -115.262740799999989, 36.2174489999 ], [ -115.2627435, 36.2174489999 ], [ -115.2627435, 36.217386899899999 ], [ -115.2627462, 36.217386899899999 ], [ -115.2627462, 36.217292399899996 ], [ -115.2627489, 36.217292399899996 ], [ -115.2627489, 36.217281599899998 ], [ -115.2627462, 36.217281599899998 ], [ -115.2627462, 36.217268099899997 ], [ -115.2627489, 36.217268099899997 ], [ -115.2627489, 36.2172653999 ], [ -115.2627462, 36.2172653999 ], [ -115.2627462, 36.217262699899997 ], [ -115.262740799999989, 36.217262699899997 ], [ -115.262740799999989, 36.217259999900001 ], [ -115.262692199999989, 36.217259999900001 ], [ -115.262692199999989, 36.217257299899998 ], [ -115.2626841, 36.217257299899998 ], [ -115.2626841, 36.2172464999 ], [ -115.2626868, 36.2172464999 ], [ -115.2626868, 36.217238399899998 ], [ -115.2626895, 36.217238399899998 ], [ -115.2626895, 36.217232999899998 ], [ -115.262692199999989, 36.217232999899998 ], [ -115.262692199999989, 36.217230299900002 ], [ -115.2626949, 36.217230299900002 ], [ -115.2626949, 36.217227599899999 ], [ -115.2626976, 36.217227599899999 ], [ -115.2626976, 36.217224899899996 ], [ -115.262703, 36.217224899899996 ], [ -115.262703, 36.2172221999 ], [ -115.2627057, 36.2172221999 ], [ -115.2627057, 36.217219499899997 ], [ -115.2627111, 36.217219499899997 ], [ -115.2627111, 36.217216799900001 ], [ -115.2627327, 36.217216799900001 ], [ -115.2627327, 36.217214099899998 ], [ -115.2627435, 36.217214099899998 ], [ -115.2627435, 36.217211399900002 ], [ -115.2627624, 36.217211399900002 ], [ -115.2627624, 36.217214099899998 ], [ -115.2627705, 36.217214099899998 ], [ -115.2627705, 36.217216799900001 ], [ -115.2627732, 36.217216799900001 ], [ -115.2627732, 36.217219499899997 ], [ -115.2627786, 36.217219499899997 ], [ -115.2627786, 36.2172221999 ], [ -115.262784, 36.2172221999 ], [ -115.262784, 36.217224899899996 ], [ -115.2627894, 36.217224899899996 ], [ -115.2627894, 36.217227599899999 ], [ -115.2627948, 36.217227599899999 ], [ -115.2627948, 36.217230299900002 ], [ -115.2628002, 36.217230299900002 ], [ -115.2628002, 36.217232999899998 ], [ -115.2628029, 36.217232999899998 ], [ -115.2628029, 36.217238399899998 ], [ -115.2628056, 36.217238399899998 ], [ -115.2628056, 36.217354499899997 ], [ -115.2628029, 36.217354499899997 ], [ -115.2628029, 36.217427399899996 ], [ -115.2628002, 36.217427399899996 ], [ -115.2628002, 36.217500299899996 ], [ -115.2627975, 36.217500299899996 ], [ -115.2627975, 36.2175650999 ] ] ] } },
{ "type": "Feature", "properties": { "value": 255.0 }, "geometry": { "type": "Polygon", "coordinates": [ [ [ -115.2619119, 36.217235699900002 ], [ -115.2619065, 36.217235699900002 ], [ -115.2619065, 36.217232999899998 ], [ -115.261901099999989, 36.217232999899998 ], [ -115.261901099999989, 36.217230299900002 ], [ -115.2618984, 36.217230299900002 ], [ -115.2618984, 36.217224899899996 ], [ -115.2618957, 36.217224899899996 ], [ -115.2618957, 36.2172221999 ], [ -115.261893, 36.2172221999 ], [ -115.261893, 36.217211399900002 ], [ -115.2618903, 36.217211399900002 ], [ -115.2618903, 36.217205999900003 ], [ -115.2618876, 36.217205999900003 ], [ -115.2618876, 36.217189799899998 ], [ -115.2618903, 36.217189799899998 ], [ -115.2618903, 36.217192499900001 ], [ -115.2618957, 36.217192499900001 ], [ -115.2618957, 36.217189799899998 ], [ -115.261901099999989, 36.217189799899998 ], [ -115.261901099999989, 36.217187099900002 ], [ -115.2619092, 36.217187099900002 ], [ -115.2619092, 36.217184399899999 ], [ -115.2619281, 36.217184399899999 ], [ -115.2619281, 36.217187099900002 ], [ -115.261930799999988, 36.217187099900002 ], [ -115.261930799999988, 36.217189799899998 ], [ -115.2619335, 36.217189799899998 ], [ -115.2619335, 36.217192499900001 ], [ -115.2619362, 36.217192499900001 ], [ -115.2619362, 36.217195199899997 ], [ -115.2619416, 36.217195199899997 ], [ -115.2619416, 36.217200599899996 ], [ -115.2619443, 36.217200599899996 ], [ -115.2619443, 36.217208699899999 ], [ -115.261947, 36.217208699899999 ], [ -115.261947, 36.2172221999 ], [ -115.2619443, 36.2172221999 ], [ -115.2619443, 36.217224899899996 ], [ -115.2619389, 36.217224899899996 ], [ -115.2619389, 36.217227599899999 ], [ -115.2619335, 36.217227599899999 ], [ -115.2619335, 36.217230299900002 ], [ -115.2619227, 36.217230299900002 ], [ -115.2619227, 36.217232999899998 ], [ -115.2619119, 36.217232999899998 ], [ -115.2619119, 36.217235699900002 ] ] ] } },
{ "type": "Feature", "properties": { "value": 255.0 }, "geometry": { "type": "Polygon", "coordinates": [ [ [ -115.2636048, 36.2172896999 ], [ -115.263594, 36.2172896999 ], [ -115.263594, 36.217286999899997 ], [ -115.2635751, 36.217286999899997 ], [ -115.2635751, 36.217284299900001 ], [ -115.2635697, 36.217284299900001 ], [ -115.2635697, 36.217281599899998 ], [ -115.2635643, 36.217281599899998 ], [ -115.2635643, 36.217278899900002 ], [ -115.2635562, 36.217278899900002 ], [ -115.2635562, 36.217276199899999 ], [ -115.2635427, 36.217276199899999 ], [ -115.2635427, 36.217273499900003 ], [ -115.2635211, 36.217273499900003 ], [ -115.2635211, 36.2172707999 ], [ -115.2634941, 36.2172707999 ], [ -115.2634941, 36.217268099899997 ], [ -115.263432, 36.217268099899997 ], [ -115.263432, 36.2172653999 ], [ -115.2634131, 36.2172653999 ], [ -115.2634131, 36.217262699899997 ], [ -115.263405, 36.217262699899997 ], [ -115.263405, 36.217257299899998 ], [ -115.2634023, 36.217257299899998 ], [ -115.2634023, 36.217251899899999 ], [ -115.2633996, 36.217251899899999 ], [ -115.2633996, 36.217249199900003 ], [ -115.2633942, 36.217249199900003 ], [ -115.2633942, 36.2172464999 ], [ -115.2633807, 36.2172464999 ], [ -115.2633807, 36.217249199900003 ], [ -115.2633753, 36.217249199900003 ], [ -115.2633753, 36.2172464999 ], [ -115.2633564, 36.2172464999 ], [ -115.2633564, 36.217243799899997 ], [ -115.2633483, 36.217243799899997 ], [ -115.2633483, 36.217241099900001 ], [ -115.2633456, 36.217241099900001 ], [ -115.2633456, 36.217238399899998 ], [ -115.2633483, 36.217238399899998 ], [ -115.2633483, 36.217230299900002 ], [ -115.2633456, 36.217230299900002 ], [ -115.2633456, 36.217227599899999 ], [ -115.2633375, 36.217227599899999 ], [ -115.2633375, 36.217224899899996 ], [ -115.2633078, 36.217224899899996 ], [ -115.2633078, 36.217227599899999 ], [ -115.2633051, 36.217227599899999 ], [ -115.2633051, 36.217230299900002 ], [ -115.2633024, 36.217230299900002 ], [ -115.2633024, 36.217235699900002 ], [ -115.2632997, 36.217235699900002 ], [ -115.2632997, 36.217238399899998 ], [ -115.2632862, 36.217238399899998 ], [ -115.2632862, 36.217235699900002 ], [ -115.2632754, 36.217235699900002 ], [ -115.2632754, 36.217232999899998 ], [ -115.2632673, 36.217232999899998 ], [ -115.2632673, 36.217230299900002 ], [ -115.2632457, 36.217230299900002 ], [ -115.2632457, 36.217232999899998 ], [ -115.263243, 36.217232999899998 ], [ -115.263243, 36.217235699900002 ], [ -115.2632403, 36.217235699900002 ], [ -115.2632403, 36.217238399899998 ], [ -115.2632349, 36.217238399899998 ], [ -115.2632349, 36.217241099900001 ], [ -115.2631836, 36.217241099900001 ], [ -115.2631836, 36.217238399899998 ], [ -115.2631782, 36.217238399899998 ], [ -115.2631782, 36.217235699900002 ], [ -115.2631728, 36.217235699900002 ], [ -115.2631728, 36.217232999899998 ], [ -115.2631701, 36.217232999899998 ], [ -115.2631701, 36.217227599899999 ], [ -115.2631674, 36.217227599899999 ], [ -115.2631674, 36.217224899899996 ], [ -115.2631647, 36.217224899899996 ], [ -115.2631647, 36.2172221999 ], [ -115.263162, 36.2172221999 ], [ -115.263162, 36.217219499899997 ], [ -115.2631539, 36.217219499899997 ], [ -115.2631539, 36.217216799900001 ], [ -115.2631404, 36.217216799900001 ], [ -115.2631404, 36.217214099899998 ], [ -115.2631107, 36.217214099899998 ], [ -115.2631107, 36.217216799900001 ], [ -115.2631053, 36.217216799900001 ], [ -115.2631053, 36.217219499899997 ], [ -115.2631026, 36.217219499899997 ], [ -115.2631026, 36.2172221999 ], [ -115.2630972, 36.2172221999 ], [ -115.2630972, 36.217224899899996 ], [ -115.2630864, 36.217224899899996 ], [ -115.2630864, 36.2172221999 ], [ -115.263078299999989, 36.2172221999 ], [ -115.263078299999989, 36.217224899899996 ], [ -115.2630675, 36.217224899899996 ], [ -115.2630675, 36.2172221999 ], [ -115.2630378, 36.2172221999 ], [ -115.2630378, 36.217219499899997 ], [ -115.2630324, 36.217219499899997 ], [ -115.2630324, 36.217216799900001 ], [ -115.2630297, 36.217216799900001 ], [ -115.2630297, 36.217211399900002 ], [ -115.263027, 36.217211399900002 ], [ -115.263027, 36.217141199899999 ], [ -115.2630297, 36.217141199899999 ], [ -115.2630297, 36.217135799899999 ], [ -115.2630324, 36.217135799899999 ], [ -115.2630324, 36.217133099900003 ], [ -115.2630351, 36.217133099900003 ], [ -115.2630351, 36.217122299899998 ], [ -115.2630378, 36.217122299899998 ], [ -115.2630378, 36.217106099900001 ], [ -115.2630405, 36.217106099900001 ], [ -115.2630405, 36.217100699900001 ], [ -115.2630459, 36.217100699900001 ], [ -115.2630459, 36.217097999899998 ], [ -115.2630513, 36.217097999899998 ], [ -115.2630513, 36.217100699900001 ], [ -115.2630702, 36.217100699900001 ], [ -115.2630702, 36.217103399899997 ], [ -115.263078299999989, 36.217103399899997 ], [ -115.263078299999989, 36.217106099900001 ], [ -115.2630918, 36.217106099900001 ], [ -115.2630918, 36.217108799899997 ], [ -115.2630945, 36.217108799899997 ], [ -115.2630945, 36.2171114999 ], [ -115.2630999, 36.2171114999 ], [ -115.2630999, 36.217114199900003 ], [ -115.2631161, 36.217114199900003 ], [ -115.2631161, 36.217116899899999 ], [ -115.2631269, 36.217116899899999 ], [ -115.2631269, 36.217114199900003 ], [ -115.2631323, 36.217114199900003 ], [ -115.2631323, 36.217116899899999 ], [ -115.2631593, 36.217116899899999 ], [ -115.2631593, 36.217119599900002 ], [ -115.2631674, 36.217119599900002 ], [ -115.2631674, 36.217122299899998 ], [ -115.2631782, 36.217122299899998 ], [ -115.2631782, 36.217124999900001 ], [ -115.2631944, 36.217124999900001 ], [ -115.2631944, 36.217127699899997 ], [ -115.263216, 36.217127699899997 ], [ -115.263216, 36.217124999900001 ], [ -115.2632484, 36.217124999900001 ], [ -115.2632484, 36.217127699899997 ], [ -115.2632511, 36.217127699899997 ], [ -115.2632511, 36.2171303999 ], [ -115.2632619, 36.2171303999 ], [ -115.2632619, 36.217133099900003 ], [ -115.2632673, 36.217133099900003 ], [ -115.2632673, 36.217135799899999 ], [ -115.26327, 36.217135799899999 ], [ -115.26327, 36.217133099900003 ], [ -115.2632727, 36.217133099900003 ], [ -115.2632727, 36.217135799899999 ], [ -115.2633213, 36.217135799899999 ], [ -115.2633213, 36.217138499900003 ], [ -115.2633402, 36.217138499900003 ], [ -115.2633402, 36.217141199899999 ], [ -115.2633537, 36.217141199899999 ], [ -115.2633537, 36.217143899900002 ], [ -115.2633861, 36.217143899900002 ], [ -115.2633861, 36.217146599899998 ], [ -115.2633942, 36.217146599899998 ], [ -115.2633942, 36.217149299900001 ], [ -115.2634347, 36.217149299900001 ], [ -115.2634347, 36.217151999899997 ], [ -115.263459, 36.217151999899997 ], [ -115.263459, 36.217149299900001 ], [ -115.2634644, 36.217149299900001 ], [ -115.2634644, 36.217151999899997 ], [ -115.2634779, 36.217151999899997 ], [ -115.2634779, 36.2171546999 ], [ -115.2634833, 36.2171546999 ], [ -115.2634833, 36.217157399900003 ], [ -115.2634995, 36.217157399900003 ], [ -115.2634995, 36.217160099899999 ], [ -115.2635022, 36.217160099899999 ], [ -115.2635022, 36.217165499899998 ], [ -115.2635049, 36.217165499899998 ], [ -115.2635049, 36.217168199900001 ], [ -115.2635076, 36.217168199900001 ], [ -115.2635076, 36.217165499899998 ], [ -115.2635103, 36.217165499899998 ], [ -115.2635103, 36.217162799900002 ], [ -115.2635157, 36.217162799900002 ], [ -115.2635157, 36.217165499899998 ], [ -115.2635211, 36.217165499899998 ], [ -115.2635211, 36.217173599900001 ], [ -115.2635292, 36.217173599900001 ], [ -115.2635292, 36.217176299899997 ], [ -115.2635454, 36.217176299899997 ], [ -115.2635454, 36.2171789999 ], [ -115.2635751, 36.2171789999 ], [ -115.2635751, 36.217176299899997 ], [ -115.2635913, 36.217176299899997 ], [ -115.2635913, 36.217173599900001 ], [ -115.2636048, 36.217173599900001 ], [ -115.2636048, 36.217176299899997 ], [ -115.2636183, 36.217176299899997 ], [ -115.2636183, 36.2171789999 ], [ -115.263621, 36.2171789999 ], [ -115.263621, 36.217181699900003 ], [ -115.2636237, 36.217181699900003 ], [ -115.2636237, 36.217189799899998 ], [ -115.2636264, 36.217189799899998 ], [ -115.2636264, 36.217230299900002 ], [ -115.2636291, 36.217230299900002 ], [ -115.2636291, 36.217238399899998 ], [ -115.2636264, 36.217238399899998 ], [ -115.2636264, 36.217259999900001 ], [ -115.2636237, 36.217259999900001 ], [ -115.2636237, 36.2172653999 ], [ -115.2636183, 36.2172653999 ], [ -115.2636183, 36.2172707999 ], [ -115.2636156, 36.2172707999 ], [ -115.2636156, 36.217273499900003 ], [ -115.2636129, 36.217273499900003 ], [ -115.2636129, 36.217278899900002 ], [ -115.2636102, 36.217278899900002 ], [ -115.2636102, 36.217284299900001 ], [ -115.2636075, 36.217284299900001 ], [ -115.2636075, 36.217286999899997 ], [ -115.2636048, 36.217286999899997 ], [ -115.2636048, 36.2172896999 ] ] ] } },
{ "type": "Feature", "properties": { "value": 255.0 }, "geometry": { "type": "Polygon", "coordinates": [ [ [ -115.2620577, 36.217235699900002 ], [ -115.2620091, 36.217235699900002 ], [ -115.2620091, 36.217232999899998 ], [ -115.2620064, 36.217232999899998 ], [ -115.2620064, 36.217230299900002 ], [ -115.2620037, 36.217230299900002 ], [ -115.2620037, 36.217216799900001 ], [ -115.262001, 36.217216799900001 ], [ -115.262001, 36.217160099899999 ], [ -115.2620037, 36.217160099899999 ], [ -115.2620037, 36.2171546999 ], [ -115.2620064, 36.2171546999 ], [ -115.2620064, 36.217127699899997 ], [ -115.2620091, 36.217127699899997 ], [ -115.2620091, 36.217122299899998 ], [ -115.2620118, 36.217122299899998 ], [ -115.2620118, 36.217119599900002 ], [ -115.262028, 36.217119599900002 ], [ -115.262028, 36.217116899899999 ], [ -115.2620307, 36.217116899899999 ], [ -115.2620307, 36.217119599900002 ], [ -115.262036099999989, 36.217119599900002 ], [ -115.262036099999989, 36.217116899899999 ], [ -115.2620523, 36.217116899899999 ], [ -115.2620523, 36.217114199900003 ], [ -115.2621252, 36.217114199900003 ], [ -115.2621252, 36.2171114999 ], [ -115.2621684, 36.2171114999 ], [ -115.2621684, 36.217114199900003 ], [ -115.2622224, 36.217114199900003 ], [ -115.2622224, 36.2171114999 ], [ -115.2622278, 36.2171114999 ], [ -115.2622278, 36.217108799899997 ], [ -115.2622413, 36.217108799899997 ], [ -115.2622413, 36.217106099900001 ], [ -115.2622548, 36.217106099900001 ], [ -115.2622548, 36.217103399899997 ], [ -115.2623493, 36.217103399899997 ], [ -115.2623493, 36.217106099900001 ], [ -115.262373599999989, 36.217106099900001 ], [ -115.262373599999989, 36.217103399899997 ], [ -115.2623844, 36.217103399899997 ], [ -115.2623844, 36.217100699900001 ], [ -115.2624249, 36.217100699900001 ], [ -115.2624249, 36.217097999899998 ], [ -115.2624438, 36.217097999899998 ], [ -115.2624438, 36.217095299900002 ], [ -115.2624951, 36.217095299900002 ], [ -115.2624951, 36.217092599899999 ], [ -115.2625545, 36.217092599899999 ], [ -115.2625545, 36.217095299900002 ], [ -115.2625626, 36.217095299900002 ], [ -115.2625626, 36.217097999899998 ], [ -115.262568, 36.217097999899998 ], [ -115.262568, 36.217100699900001 ], [ -115.2625734, 36.217100699900001 ], [ -115.2625734, 36.2171114999 ], [ -115.2625761, 36.2171114999 ], [ -115.2625761, 36.217119599900002 ], [ -115.2625788, 36.217119599900002 ], [ -115.2625788, 36.217122299899998 ], [ -115.2625815, 36.217122299899998 ], [ -115.2625815, 36.217124999900001 ], [ -115.2625869, 36.217124999900001 ], [ -115.2625869, 36.217127699899997 ], [ -115.2625896, 36.217127699899997 ], [ -115.2625896, 36.2171303999 ], [ -115.2625923, 36.2171303999 ], [ -115.2625923, 36.217146599899998 ], [ -115.262595, 36.217146599899998 ], [ -115.262595, 36.217184399899999 ], [ -115.2625977, 36.217184399899999 ], [ -115.2625977, 36.217200599899996 ], [ -115.262595, 36.217200599899996 ], [ -115.262595, 36.217205999900003 ], [ -115.2625923, 36.217205999900003 ], [ -115.2625923, 36.217208699899999 ], [ -115.2625518, 36.217208699899999 ], [ -115.2625518, 36.217205999900003 ], [ -115.262538299999989, 36.217205999900003 ], [ -115.262538299999989, 36.2172032999 ], [ -115.2624816, 36.2172032999 ], [ -115.2624816, 36.217205999900003 ], [ -115.26246, 36.217205999900003 ], [ -115.26246, 36.217208699899999 ], [ -115.2624519, 36.217208699899999 ], [ -115.2624519, 36.217211399900002 ], [ -115.2624492, 36.217211399900002 ], [ -115.2624492, 36.217214099899998 ], [ -115.2624438, 36.217214099899998 ], [ -115.2624438, 36.217216799900001 ], [ -115.2624087, 36.217216799900001 ], [ -115.2624087, 36.217219499899997 ], [ -115.2623871, 36.217219499899997 ], [ -115.2623871, 36.2172221999 ], [ -115.2623763, 36.2172221999 ], [ -115.2623763, 36.217224899899996 ], [ -115.262373599999989, 36.217224899899996 ], [ -115.262373599999989, 36.2172221999 ], [ -115.2623682, 36.2172221999 ], [ -115.2623682, 36.217224899899996 ], [ -115.2622791, 36.217224899899996 ], [ -115.2622791, 36.217227599899999 ], [ -115.2622602, 36.217227599899999 ], [ -115.2622602, 36.217230299900002 ], [ -115.2622143, 36.217230299900002 ], [ -115.2622143, 36.217227599899999 ], [ -115.262200799999988, 36.217227599899999 ], [ -115.262200799999988, 36.217230299900002 ], [ -115.262171099999989, 36.217230299900002 ], [ -115.262171099999989, 36.217227599899999 ], [ -115.2621549, 36.217227599899999 ], [ -115.2621549, 36.217224899899996 ], [ -115.2620874, 36.217224899899996 ], [ -115.2620874, 36.217227599899999 ], [ -115.2620739, 36.217227599899999 ], [ -115.2620739, 36.217230299900002 ], [ -115.262065799999988, 36.217230299900002 ], [ -115.262065799999988, 36.217232999899998 ], [ -115.2620577, 36.217232999899998 ], [ -115.2620577, 36.217235699900002 ] ] ] } },
{ "type": "Feature", "properties": { "value": 255.0 }, "geometry": { "type": "Polygon", "coordinates": [ [ [ -115.2622224, 36.217070999900002 ], [ -115.2621684, 36.217070999900002 ], [ -115.2621684, 36.217068299899999 ], [ -115.2621657, 36.217068299899999 ], [ -115.2621657, 36.217025099899999 ], [ -115.262171099999989, 36.217025099899999 ], [ -115.262171099999989, 36.217022399900003 ], [ -115.2622305, 36.217022399900003 ], [ -115.2622305, 36.2170196999 ], [ -115.2622602, 36.2170196999 ], [ -115.2622602, 36.217016999899997 ], [ -115.262298, 36.217016999899997 ], [ -115.262298, 36.217014299900001 ], [ -115.2623439, 36.217014299900001 ], [ -115.2623439, 36.2170196999 ], [ -115.2623466, 36.2170196999 ], [ -115.2623466, 36.217060199899997 ], [ -115.2623439, 36.217060199899997 ], [ -115.2623439, 36.2170628999 ], [ -115.2623169, 36.2170628999 ], [ -115.2623169, 36.217065599900003 ], [ -115.2622656, 36.217065599900003 ], [ -115.2622656, 36.217068299899999 ], [ -115.2622224, 36.217068299899999 ], [ -115.2622224, 36.217070999900002 ] ] ] } },
{ "type": "Feature", "properties": { "value": 255.0 }, "geometry": { "type": "Polygon", "coordinates": [ [ [ -115.2624681, 36.217054799899998 ], [ -115.2624303, 36.217054799899998 ], [ -115.2624303, 36.217049399899999 ], [ -115.2624276, 36.217049399899999 ], [ -115.2624276, 36.217011599899998 ], [ -115.2624303, 36.217011599899998 ], [ -115.2624303, 36.217008899900001 ], [ -115.2624627, 36.217008899900001 ], [ -115.2624627, 36.217006199899998 ], [ -115.2625167, 36.217006199899998 ], [ -115.2625167, 36.217003499900002 ], [ -115.2625518, 36.217003499900002 ], [ -115.2625518, 36.217000799899999 ], [ -115.2625842, 36.217000799899999 ], [ -115.2625842, 36.216998099900003 ], [ -115.262605799999989, 36.216998099900003 ], [ -115.262605799999989, 36.217003499900002 ], [ -115.2626085, 36.217003499900002 ], [ -115.2626085, 36.217027799900002 ], [ -115.2626112, 36.217027799900002 ], [ -115.2626112, 36.217041299900004 ], [ -115.2626085, 36.217041299900004 ], [ -115.2626085, 36.2170439999 ], [ -115.2626031, 36.2170439999 ], [ -115.2626031, 36.217046699900003 ], [ -115.2625815, 36.217046699900003 ], [ -115.2625815, 36.217049399899999 ], [ -115.2625329, 36.217049399899999 ], [ -115.2625329, 36.217052099900002 ], [ -115.2624681, 36.217052099900002 ], [ -115.2624681, 36.217054799899998 ] ] ] } },
{ "type": "Feature", "properties": { "value": 255.0 }, "geometry": { "type": "Polygon", "coordinates": [ [ [ -115.2618903, 36.217041299900004 ], [ -115.2618876, 36.217041299900004 ], [ -115.2618876, 36.216976499899999 ], [ -115.261893, 36.216976499899999 ], [ -115.261893, 36.216973799900003 ], [ -115.2618984, 36.216973799900003 ], [ -115.2618984, 36.2169710999 ], [ -115.2619038, 36.2169710999 ], [ -115.2619038, 36.216968399899997 ], [ -115.2619254, 36.216968399899997 ], [ -115.2619254, 36.216965699900001 ], [ -115.261930799999988, 36.216965699900001 ], [ -115.261930799999988, 36.216962999899998 ], [ -115.2619416, 36.216962999899998 ], [ -115.2619416, 36.216960299900002 ], [ -115.261949699999988, 36.216960299900002 ], [ -115.261949699999988, 36.216957599899999 ], [ -115.2619578, 36.216957599899999 ], [ -115.2619578, 36.216954899900003 ], [ -115.2619659, 36.216954899900003 ], [ -115.2619659, 36.2169521999 ], [ -115.2619713, 36.2169521999 ], [ -115.2619713, 36.216949499900004 ], [ -115.2619767, 36.216949499900004 ], [ -115.2619767, 36.216946799900001 ], [ -115.2619848, 36.216946799900001 ], [ -115.2619848, 36.216944099899997 ], [ -115.262001, 36.216944099899997 ], [ -115.262001, 36.216941399900001 ], [ -115.2620199, 36.216941399900001 ], [ -115.2620199, 36.216944099899997 ], [ -115.2620253, 36.216944099899997 ], [ -115.2620253, 36.216946799900001 ], [ -115.262036099999989, 36.216946799900001 ], [ -115.262036099999989, 36.216949499900004 ], [ -115.2620415, 36.216949499900004 ], [ -115.2620415, 36.2169521999 ], [ -115.2620442, 36.2169521999 ], [ -115.2620442, 36.216960299900002 ], [ -115.2620469, 36.216960299900002 ], [ -115.2620469, 36.216976499899999 ], [ -115.2620415, 36.216976499899999 ], [ -115.2620415, 36.216979199900003 ], [ -115.2620334, 36.216979199900003 ], [ -115.2620334, 36.216981899899999 ], [ -115.262028, 36.216981899899999 ], [ -115.262028, 36.216984599900002 ], [ -115.2620226, 36.216984599900002 ], [ -115.2620226, 36.216987299899998 ], [ -115.2620145, 36.216987299899998 ], [ -115.2620145, 36.216989999900001 ], [ -115.2620091, 36.216989999900001 ], [ -115.2620091, 36.216992699899997 ], [ -115.2620037, 36.216992699899997 ], [ -115.2620037, 36.2169953999 ], [ -115.261998299999988, 36.2169953999 ], [ -115.261998299999988, 36.216998099900003 ], [ -115.2619902, 36.216998099900003 ], [ -115.2619902, 36.217000799899999 ], [ -115.2619848, 36.217000799899999 ], [ -115.2619848, 36.217003499900002 ], [ -115.2619794, 36.217003499900002 ], [ -115.2619794, 36.217006199899998 ], [ -115.261974, 36.217006199899998 ], [ -115.261974, 36.217008899900001 ], [ -115.2619659, 36.217008899900001 ], [ -115.2619659, 36.217011599899998 ], [ -115.2619605, 36.217011599899998 ], [ -115.2619605, 36.217014299900001 ], [ -115.2619524, 36.217014299900001 ], [ -115.2619524, 36.217016999899997 ], [ -115.261947, 36.217016999899997 ], [ -115.261947, 36.2170196999 ], [ -115.2619416, 36.2170196999 ], [ -115.2619416, 36.217022399900003 ], [ -115.2619335, 36.217022399900003 ], [ -115.2619335, 36.217025099899999 ], [ -115.2619281, 36.217025099899999 ], [ -115.2619281, 36.217027799900002 ], [ -115.2619227, 36.217027799900002 ], [ -115.2619227, 36.217030499899998 ], [ -115.2619146, 36.217030499899998 ], [ -115.2619146, 36.217033199900001 ], [ -115.2619038, 36.217033199900001 ], [ -115.2619038, 36.217035899899997 ], [ -115.2618984, 36.217035899899997 ], [ -115.2618984, 36.2170385999 ], [ -115.2618903, 36.2170385999 ], [ -115.2618903, 36.217041299900004 ] ] ] } },
{ "type": "Feature", "properties": { "value": 255.0 }, "geometry": { "type": "Polygon", "coordinates": [ [ [ -115.2621765, 36.216962999899998 ], [ -115.2621603, 36.216962999899998 ], [ -115.2621603, 36.216960299900002 ], [ -115.2621576, 36.216960299900002 ], [ -115.2621576, 36.216941399900001 ], [ -115.2621549, 36.216941399900001 ], [ -115.2621549, 36.216930599900003 ], [ -115.2621576, 36.216930599900003 ], [ -115.2621576, 36.216919799899998 ], [ -115.2621603, 36.216919799899998 ], [ -115.2621603, 36.216917099900002 ], [ -115.262163, 36.216917099900002 ], [ -115.262163, 36.216914399899999 ], [ -115.262171099999989, 36.216914399899999 ], [ -115.262171099999989, 36.216911699900002 ], [ -115.2622359, 36.216911699900002 ], [ -115.2622359, 36.216908999899999 ], [ -115.2622467, 36.216908999899999 ], [ -115.2622467, 36.216906299900003 ], [ -115.2622602, 36.216906299900003 ], [ -115.2622602, 36.216900899899997 ], [ -115.262271, 36.216900899899997 ], [ -115.262271, 36.2169035999 ], [ -115.2622926, 36.2169035999 ], [ -115.2622926, 36.216906299900003 ], [ -115.2623034, 36.216906299900003 ], [ -115.2623034, 36.216908999899999 ], [ -115.2623223, 36.216908999899999 ], [ -115.2623223, 36.216906299900003 ], [ -115.2623331, 36.216906299900003 ], [ -115.2623331, 36.216908999899999 ], [ -115.262335799999988, 36.216908999899999 ], [ -115.262335799999988, 36.216914399899999 ], [ -115.2623385, 36.216914399899999 ], [ -115.2623385, 36.216946799900001 ], [ -115.262335799999988, 36.216946799900001 ], [ -115.262335799999988, 36.216949499900004 ], [ -115.2623223, 36.216949499900004 ], [ -115.2623223, 36.2169521999 ], [ -115.2622845, 36.2169521999 ], [ -115.2622845, 36.216954899900003 ], [ -115.2622629, 36.216954899900003 ], [ -115.2622629, 36.216957599899999 ], [ -115.2622143, 36.216957599899999 ], [ -115.2622143, 36.216960299900002 ], [ -115.2621765, 36.216960299900002 ], [ -115.2621765, 36.216962999899998 ] ] ] } },
{ "type": "Feature", "properties": { "value": 255.0 }, "geometry": { "type": "Polygon", "coordinates": [ [ [ -115.2624843, 36.216944099899997 ], [ -115.26246, 36.216944099899997 ], [ -115.26246, 36.216941399900001 ], [ -115.2624573, 36.216941399900001 ], [ -115.2624573, 36.2169278999 ], [ -115.2624546, 36.2169278999 ], [ -115.2624546, 36.216922499900001 ], [ -115.2624573, 36.216922499900001 ], [ -115.2624573, 36.216914399899999 ], [ -115.2624546, 36.216914399899999 ], [ -115.2624546, 36.216908999899999 ], [ -115.2624573, 36.216908999899999 ], [ -115.2624573, 36.216898199900001 ], [ -115.26246, 36.216898199900001 ], [ -115.26246, 36.216895499899998 ], [ -115.2624789, 36.216895499899998 ], [ -115.2624789, 36.216892799900002 ], [ -115.2624843, 36.216892799900002 ], [ -115.2624843, 36.216895499899998 ], [ -115.2625248, 36.216895499899998 ], [ -115.2625248, 36.216892799900002 ], [ -115.2625464, 36.216892799900002 ], [ -115.2625464, 36.216890099899999 ], [ -115.2625545, 36.216890099899999 ], [ -115.2625545, 36.216892799900002 ], [ -115.262557199999989, 36.216892799900002 ], [ -115.262557199999989, 36.216890099899999 ], [ -115.2626274, 36.216890099899999 ], [ -115.2626274, 36.216895499899998 ], [ -115.2626301, 36.216895499899998 ], [ -115.2626301, 36.2169035999 ], [ -115.2626328, 36.2169035999 ], [ -115.2626328, 36.216917099900002 ], [ -115.2626355, 36.216917099900002 ], [ -115.2626355, 36.216919799899998 ], [ -115.2626328, 36.216919799899998 ], [ -115.2626328, 36.216933299899999 ], [ -115.2626274, 36.216933299899999 ], [ -115.2626274, 36.216935999900002 ], [ -115.2625842, 36.216935999900002 ], [ -115.2625842, 36.216938699899998 ], [ -115.2625437, 36.216938699899998 ], [ -115.2625437, 36.216941399900001 ], [ -115.2624843, 36.216941399900001 ], [ -115.2624843, 36.216944099899997 ] ] ] } },
{ "type": "Feature", "properties": { "value": 255.0 }, "geometry": { "type": "Polygon", "coordinates": [ [ [ -115.261893, 36.216933299899999 ], [ -115.2618876, 36.216933299899999 ], [ -115.2618876, 36.216782099900001 ], [ -115.261893, 36.216782099900001 ], [ -115.261893, 36.216779399899998 ], [ -115.261901099999989, 36.216779399899998 ], [ -115.261901099999989, 36.216776699900002 ], [ -115.2619362, 36.216776699900002 ], [ -115.2619362, 36.216773999899999 ], [ -115.2619524, 36.216773999899999 ], [ -115.2619524, 36.216776699900002 ], [ -115.2619578, 36.216776699900002 ], [ -115.2619578, 36.216779399899998 ], [ -115.2619605, 36.216779399899998 ], [ -115.2619605, 36.216782099900001 ], [ -115.2619632, 36.216782099900001 ], [ -115.2619632, 36.216784799899997 ], [ -115.2619659, 36.216784799899997 ], [ -115.2619659, 36.216790199900004 ], [ -115.261968599999989, 36.216790199900004 ], [ -115.261968599999989, 36.216795599900003 ], [ -115.2619713, 36.216795599900003 ], [ -115.2619713, 36.216800999900002 ], [ -115.261974, 36.216800999900002 ], [ -115.261974, 36.216806399900001 ], [ -115.2619767, 36.216806399900001 ], [ -115.2619767, 36.216814499900003 ], [ -115.2619794, 36.216814499900003 ], [ -115.2619794, 36.216827999899998 ], [ -115.2619767, 36.216827999899998 ], [ -115.2619767, 36.216830699900001 ], [ -115.261974, 36.216830699900001 ], [ -115.261974, 36.216833399900004 ], [ -115.2619713, 36.216833399900004 ], [ -115.2619713, 36.216849599900002 ], [ -115.261968599999989, 36.216849599900002 ], [ -115.261968599999989, 36.216854999900001 ], [ -115.2619659, 36.216854999900001 ], [ -115.2619659, 36.216868499900002 ], [ -115.261968599999989, 36.216868499900002 ], [ -115.261968599999989, 36.216873899900001 ], [ -115.2619713, 36.216873899900001 ], [ -115.2619713, 36.216876599899997 ], [ -115.261974, 36.216876599899997 ], [ -115.261974, 36.216890099899999 ], [ -115.261968599999989, 36.216890099899999 ], [ -115.261968599999989, 36.216892799900002 ], [ -115.2619632, 36.216892799900002 ], [ -115.2619632, 36.216895499899998 ], [ -115.2619605, 36.216895499899998 ], [ -115.2619605, 36.216898199900001 ], [ -115.2619551, 36.216898199900001 ], [ -115.2619551, 36.216900899899997 ], [ -115.261949699999988, 36.216900899899997 ], [ -115.261949699999988, 36.2169035999 ], [ -115.261947, 36.2169035999 ], [ -115.261947, 36.216906299900003 ], [ -115.2619443, 36.216906299900003 ], [ -115.2619443, 36.216908999899999 ], [ -115.2619416, 36.216908999899999 ], [ -115.2619416, 36.216911699900002 ], [ -115.2619362, 36.216911699900002 ], [ -115.2619362, 36.216914399899999 ], [ -115.261930799999988, 36.216914399899999 ], [ -115.261930799999988, 36.216917099900002 ], [ -115.2619254, 36.216917099900002 ], [ -115.2619254, 36.216919799899998 ], [ -115.26192, 36.216919799899998 ], [ -115.26192, 36.216922499900001 ], [ -115.2619173, 36.216922499900001 ], [ -115.2619173, 36.216925199900004 ], [ -115.2619119, 36.216925199900004 ], [ -115.2619119, 36.2169278999 ], [ -115.2619092, 36.2169278999 ], [ -115.2619092, 36.216930599900003 ], [ -115.261893, 36.216930599900003 ], [ -115.261893, 36.216933299899999 ] ] ] } },
{ "type": "Feature", "properties": { "value": 255.0 }, "geometry": { "type": "Polygon", "coordinates": [ [ [ -115.263054, 36.216917099900002 ], [ -115.2630405, 36.216917099900002 ], [ -115.2630405, 36.216914399899999 ], [ -115.2630351, 36.216914399899999 ], [ -115.2630351, 36.216911699900002 ], [ -115.2630324, 36.216911699900002 ], [ -115.2630324, 36.216906299900003 ], [ -115.2630297, 36.216906299900003 ], [ -115.2630297, 36.2169035999 ], [ -115.263027, 36.2169035999 ], [ -115.263027, 36.216871199899998 ], [ -115.2630243, 36.216871199899998 ], [ -115.2630243, 36.2168603999 ], [ -115.263027, 36.2168603999 ], [ -115.263027, 36.216854999900001 ], [ -115.2630243, 36.216854999900001 ], [ -115.2630243, 36.216803699899998 ], [ -115.263027, 36.216803699899998 ], [ -115.263027, 36.216800999900002 ], [ -115.2630243, 36.216800999900002 ], [ -115.2630243, 36.216798299899999 ], [ -115.2630756, 36.216798299899999 ], [ -115.2630756, 36.216800999900002 ], [ -115.2631053, 36.216800999900002 ], [ -115.2631053, 36.216798299899999 ], [ -115.2631107, 36.216798299899999 ], [ -115.2631107, 36.216795599900003 ], [ -115.2631134, 36.216795599900003 ], [ -115.2631134, 36.2167928999 ], [ -115.2631755, 36.2167928999 ], [ -115.2631755, 36.216795599900003 ], [ -115.2631809, 36.216795599900003 ], [ -115.2631809, 36.216798299899999 ], [ -115.2631728, 36.216798299899999 ], [ -115.2631728, 36.216800999900002 ], [ -115.2631782, 36.216800999900002 ], [ -115.2631782, 36.216803699899998 ], [ -115.2631809, 36.216803699899998 ], [ -115.2631809, 36.216800999900002 ], [ -115.2631863, 36.216800999900002 ], [ -115.2631863, 36.216798299899999 ], [ -115.2631836, 36.216798299899999 ], [ -115.2631836, 36.216795599900003 ], [ -115.263189, 36.216795599900003 ], [ -115.263189, 36.2167928999 ], [ -115.2632241, 36.2167928999 ], [ -115.2632241, 36.216795599900003 ], [ -115.2632403, 36.216795599900003 ], [ -115.2632403, 36.216798299899999 ], [ -115.2632457, 36.216798299899999 ], [ -115.2632457, 36.216800999900002 ], [ -115.2632511, 36.216800999900002 ], [ -115.2632511, 36.216803699899998 ], [ -115.26327, 36.216803699899998 ], [ -115.26327, 36.216806399900001 ], [ -115.2632808, 36.216806399900001 ], [ -115.2632808, 36.216803699899998 ], [ -115.263297, 36.216803699899998 ], [ -115.263297, 36.216806399900001 ], [ -115.2632997, 36.216806399900001 ], [ -115.2632997, 36.216809099899997 ], [ -115.2633105, 36.216809099899997 ], [ -115.2633105, 36.2168117999 ], [ -115.2633159, 36.2168117999 ], [ -115.2633159, 36.216809099899997 ], [ -115.2633213, 36.216809099899997 ], [ -115.2633213, 36.2168117999 ], [ -115.2633321, 36.2168117999 ], [ -115.2633321, 36.216809099899997 ], [ -115.2633348, 36.216809099899997 ], [ -115.2633348, 36.216806399900001 ], [ -115.2633402, 36.216806399900001 ], [ -115.2633402, 36.216803699899998 ], [ -115.2633888, 36.216803699899998 ], [ -115.2633888, 36.216800999900002 ], [ -115.2633996, 36.216800999900002 ], [ -115.2633996, 36.216798299899999 ], [ -115.2634023, 36.216798299899999 ], [ -115.2634023, 36.2167928999 ], [ -115.2633996, 36.2167928999 ], [ -115.2633996, 36.216787499900001 ], [ -115.2634347, 36.216787499900001 ], [ -115.2634347, 36.216790199900004 ], [ -115.2634644, 36.216790199900004 ], [ -115.2634644, 36.2167928999 ], [ -115.2634698, 36.2167928999 ], [ -115.2634698, 36.216790199900004 ], [ -115.2634806, 36.216790199900004 ], [ -115.2634806, 36.216787499900001 ], [ -115.2634833, 36.216787499900001 ], [ -115.2634833, 36.216784799899997 ], [ -115.2634887, 36.216784799899997 ], [ -115.2634887, 36.216782099900001 ], [ -115.2635238, 36.216782099900001 ], [ -115.2635238, 36.216784799899997 ], [ -115.2635292, 36.216784799899997 ], [ -115.2635292, 36.216787499900001 ], [ -115.2635319, 36.216787499900001 ], [ -115.2635319, 36.216790199900004 ], [ -115.2635454, 36.216790199900004 ], [ -115.2635454, 36.2167928999 ], [ -115.2635616, 36.2167928999 ], [ -115.2635616, 36.216790199900004 ], [ -115.2635643, 36.216790199900004 ], [ -115.2635643, 36.216787499900001 ], [ -115.263567, 36.216787499900001 ], [ -115.263567, 36.216784799899997 ], [ -115.2635697, 36.216784799899997 ], [ -115.2635697, 36.216782099900001 ], [ -115.263594, 36.216782099900001 ], [ -115.263594, 36.216784799899997 ], [ -115.2636129, 36.216784799899997 ], [ -115.2636129, 36.216787499900001 ], [ -115.2636156, 36.216787499900001 ], [ -115.2636156, 36.2167928999 ], [ -115.2636183, 36.2167928999 ], [ -115.2636183, 36.216800999900002 ], [ -115.263621, 36.216800999900002 ], [ -115.263621, 36.216809099899997 ], [ -115.2636237, 36.216809099899997 ], [ -115.2636237, 36.216822599899999 ], [ -115.2636264, 36.216822599899999 ], [ -115.2636264, 36.216833399900004 ], [ -115.2636291, 36.216833399900004 ], [ -115.2636291, 36.216852299899998 ], [ -115.2636264, 36.216852299899998 ], [ -115.2636264, 36.216868499900002 ], [ -115.2636237, 36.216868499900002 ], [ -115.2636237, 36.216873899900001 ], [ -115.263621, 36.216873899900001 ], [ -115.263621, 36.2168792999 ], [ -115.2636183, 36.2168792999 ], [ -115.2636183, 36.216892799900002 ], [ -115.2636156, 36.216892799900002 ], [ -115.2636156, 36.216895499899998 ], [ -115.263594, 36.216895499899998 ], [ -115.263594, 36.216892799900002 ], [ -115.2635859, 36.216892799900002 ], [ -115.2635859, 36.216890099899999 ], [ -115.2635832, 36.216890099899999 ], [ -115.2635832, 36.216887399900003 ], [ -115.2635724, 36.216887399900003 ], [ -115.2635724, 36.2168846999 ], [ -115.2635562, 36.2168846999 ], [ -115.2635562, 36.216881999900004 ], [ -115.2635481, 36.216881999900004 ], [ -115.2635481, 36.2168792999 ], [ -115.26354, 36.2168792999 ], [ -115.26354, 36.216876599899997 ], [ -115.2635265, 36.216876599899997 ], [ -115.2635265, 36.2168792999 ], [ -115.2635049, 36.2168792999 ], [ -115.2635049, 36.216881999900004 ], [ -115.2634968, 36.216881999900004 ], [ -115.2634968, 36.2168846999 ], [ -115.2634698, 36.2168846999 ], [ -115.2634698, 36.216887399900003 ], [ -115.263459, 36.216887399900003 ], [ -115.263459, 36.216890099899999 ], [ -115.2634536, 36.216890099899999 ], [ -115.2634536, 36.216892799900002 ], [ -115.2634509, 36.216892799900002 ], [ -115.2634509, 36.216895499899998 ], [ -115.2634482, 36.216895499899998 ], [ -115.2634482, 36.216898199900001 ], [ -115.263405, 36.216898199900001 ], [ -115.263405, 36.216895499899998 ], [ -115.2633888, 36.216895499899998 ], [ -115.2633888, 36.216898199900001 ], [ -115.2633699, 36.216898199900001 ], [ -115.2633699, 36.216900899899997 ], [ -115.263351, 36.216900899899997 ], [ -115.263351, 36.2169035999 ], [ -115.2632781, 36.2169035999 ], [ -115.2632781, 36.216900899899997 ], [ -115.2632484, 36.216900899899997 ], [ -115.2632484, 36.2169035999 ], [ -115.2632106, 36.2169035999 ], [ -115.2632106, 36.216900899899997 ], [ -115.2632079, 36.216900899899997 ], [ -115.2632079, 36.216898199900001 ], [ -115.2632052, 36.216898199900001 ], [ -115.2632052, 36.216895499899998 ], [ -115.2631998, 36.216895499899998 ], [ -115.2631998, 36.216892799900002 ], [ -115.2631809, 36.216892799900002 ], [ -115.2631809, 36.216890099899999 ], [ -115.2631701, 36.216890099899999 ], [ -115.2631701, 36.216887399900003 ], [ -115.263162, 36.216887399900003 ], [ -115.263162, 36.2168846999 ], [ -115.2631485, 36.2168846999 ], [ -115.2631485, 36.216887399900003 ], [ -115.2631296, 36.216887399900003 ], [ -115.2631296, 36.216890099899999 ], [ -115.2631269, 36.216890099899999 ], [ -115.2631269, 36.216892799900002 ], [ -115.2631242, 36.216892799900002 ], [ -115.2631242, 36.216895499899998 ], [ -115.2631053, 36.216895499899998 ], [ -115.2631053, 36.216898199900001 ], [ -115.2630891, 36.216898199900001 ], [ -115.2630891, 36.216900899899997 ], [ -115.2630864, 36.216900899899997 ], [ -115.2630864, 36.2169035999 ], [ -115.263081, 36.2169035999 ], [ -115.263081, 36.216906299900003 ], [ -115.263078299999989, 36.216906299900003 ], [ -115.263078299999989, 36.216911699900002 ], [ -115.2630729, 36.216911699900002 ], [ -115.2630729, 36.216914399899999 ], [ -115.263054, 36.216914399899999 ], [ -115.263054, 36.216917099900002 ] ] ] } },
{ "type": "Feature", "properties": { "value": 255.0 }, "geometry": { "type": "Polygon", "coordinates": [ [ [ -115.2629838, 36.216814499900003 ], [ -115.2629325, 36.216814499900003 ], [ -115.2629325, 36.2168117999 ], [ -115.2629271, 36.2168117999 ], [ -115.2629271, 36.216765899900004 ], [ -115.2629298, 36.216765899900004 ], [ -115.2629298, 36.216763199900001 ], [ -115.2629622, 36.216763199900001 ], [ -115.2629622, 36.216760499899998 ], [ -115.2629811, 36.216760499899998 ], [ -115.2629811, 36.216763199900001 ], [ -115.2629838, 36.216763199900001 ], [ -115.2629838, 36.216765899900004 ], [ -115.2629865, 36.216765899900004 ], [ -115.2629865, 36.216779399899998 ], [ -115.2629892, 36.216779399899998 ], [ -115.2629892, 36.216790199900004 ], [ -115.2629865, 36.216790199900004 ], [ -115.2629865, 36.2168117999 ], [ -115.2629838, 36.2168117999 ], [ -115.2629838, 36.216814499900003 ] ] ] } },
{ "type": "Feature", "properties": { "value": 255.0 }, "geometry": { "type": "Polygon", "coordinates": [ [ [ -115.2620982, 36.216895499899998 ], [ -115.262065799999988, 36.216895499899998 ], [ -115.262065799999988, 36.216892799900002 ], [ -115.2620604, 36.216892799900002 ], [ -115.2620604, 36.216890099899999 ], [ -115.2620577, 36.216890099899999 ], [ -115.2620577, 36.216876599899997 ], [ -115.262055, 36.216876599899997 ], [ -115.262055, 36.216833399900004 ], [ -115.2620577, 36.216833399900004 ], [ -115.2620577, 36.216822599899999 ], [ -115.2620604, 36.216822599899999 ], [ -115.2620604, 36.216817199899999 ], [ -115.2620631, 36.216817199899999 ], [ -115.2620631, 36.2168117999 ], [ -115.262065799999988, 36.2168117999 ], [ -115.262065799999988, 36.216803699899998 ], [ -115.2620685, 36.216803699899998 ], [ -115.2620685, 36.216798299899999 ], [ -115.2620712, 36.216798299899999 ], [ -115.2620712, 36.216787499900001 ], [ -115.2620739, 36.216787499900001 ], [ -115.2620739, 36.216784799899997 ], [ -115.2620874, 36.216784799899997 ], [ -115.2620874, 36.216782099900001 ], [ -115.262103599999989, 36.216782099900001 ], [ -115.262103599999989, 36.216779399899998 ], [ -115.262109, 36.216779399899998 ], [ -115.262109, 36.216776699900002 ], [ -115.2621144, 36.216776699900002 ], [ -115.2621144, 36.216773999899999 ], [ -115.2621225, 36.216773999899999 ], [ -115.2621225, 36.216771299900003 ], [ -115.2621846, 36.216771299900003 ], [ -115.2621846, 36.216773999899999 ], [ -115.2622602, 36.216773999899999 ], [ -115.2622602, 36.216771299900003 ], [ -115.2622737, 36.216771299900003 ], [ -115.2622737, 36.2167685999 ], [ -115.2622791, 36.2167685999 ], [ -115.2622791, 36.216765899900004 ], [ -115.2622818, 36.216765899900004 ], [ -115.2622818, 36.216763199900001 ], [ -115.2623277, 36.216763199900001 ], [ -115.2623277, 36.216760499899998 ], [ -115.2624114, 36.216760499899998 ], [ -115.2624114, 36.216763199900001 ], [ -115.262422199999989, 36.216763199900001 ], [ -115.262422199999989, 36.216760499899998 ], [ -115.2624357, 36.216760499899998 ], [ -115.2624357, 36.216757799900002 ], [ -115.2624843, 36.216757799900002 ], [ -115.2624843, 36.216755099899999 ], [ -115.2624978, 36.216755099899999 ], [ -115.2624978, 36.216752399900003 ], [ -115.2625248, 36.216752399900003 ], [ -115.2625248, 36.216749699899999 ], [ -115.262605799999989, 36.216749699899999 ], [ -115.262605799999989, 36.216752399900003 ], [ -115.2626139, 36.216752399900003 ], [ -115.2626139, 36.216755099899999 ], [ -115.2626193, 36.216755099899999 ], [ -115.2626193, 36.216757799900002 ], [ -115.262622, 36.216757799900002 ], [ -115.262622, 36.216765899900004 ], [ -115.262624699999989, 36.216765899900004 ], [ -115.262624699999989, 36.216771299900003 ], [ -115.2626274, 36.216771299900003 ], [ -115.2626274, 36.216773999899999 ], [ -115.2626301, 36.216773999899999 ], [ -115.2626301, 36.216776699900002 ], [ -115.2626355, 36.216776699900002 ], [ -115.2626355, 36.216779399899998 ], [ -115.2626382, 36.216779399899998 ], [ -115.2626382, 36.216782099900001 ], [ -115.2626409, 36.216782099900001 ], [ -115.2626409, 36.216798299899999 ], [ -115.2626436, 36.216798299899999 ], [ -115.2626436, 36.216814499900003 ], [ -115.2626463, 36.216814499900003 ], [ -115.2626463, 36.216841499899999 ], [ -115.262649, 36.216841499899999 ], [ -115.262649, 36.216846899899998 ], [ -115.2626463, 36.216846899899998 ], [ -115.2626463, 36.2168603999 ], [ -115.2626436, 36.2168603999 ], [ -115.2626436, 36.216863099900003 ], [ -115.262622, 36.216863099900003 ], [ -115.262622, 36.216865799899999 ], [ -115.2626004, 36.216865799899999 ], [ -115.2626004, 36.216863099900003 ], [ -115.2625842, 36.216863099900003 ], [ -115.2625842, 36.2168603999 ], [ -115.2625356, 36.2168603999 ], [ -115.2625356, 36.216863099900003 ], [ -115.2625167, 36.216863099900003 ], [ -115.2625167, 36.216865799899999 ], [ -115.2625059, 36.216865799899999 ], [ -115.2625059, 36.216868499900002 ], [ -115.2624978, 36.216868499900002 ], [ -115.2624978, 36.216871199899998 ], [ -115.262489699999989, 36.216871199899998 ], [ -115.262489699999989, 36.216873899900001 ], [ -115.2624114, 36.216873899900001 ], [ -115.2624114, 36.216876599899997 ], [ -115.262354699999989, 36.216876599899997 ], [ -115.262354699999989, 36.2168792999 ], [ -115.2623331, 36.2168792999 ], [ -115.2623331, 36.216881999900004 ], [ -115.2623142, 36.216881999900004 ], [ -115.2623142, 36.2168846999 ], [ -115.2622899, 36.2168846999 ], [ -115.2622899, 36.216887399900003 ], [ -115.2622143, 36.216887399900003 ], [ -115.2622143, 36.2168846999 ], [ -115.262200799999988, 36.2168846999 ], [ -115.262200799999988, 36.216881999900004 ], [ -115.2621495, 36.216881999900004 ], [ -115.2621495, 36.2168846999 ], [ -115.2621252, 36.2168846999 ], [ -115.2621252, 36.216887399900003 ], [ -115.2621198, 36.216887399900003 ], [ -115.2621198, 36.216890099899999 ], [ -115.2621144, 36.216890099899999 ], [ -115.2621144, 36.216892799900002 ], [ -115.2620982, 36.216892799900002 ], [ -115.2620982, 36.216895499899998 ] ] ] } },
{ "type": "Feature", "properties": { "value": 255.0 }, "geometry": { "type": "Polygon", "coordinates": [ [ [ -115.2632133, 36.2167442999 ], [ -115.2632025, 36.2167442999 ], [ -115.2632025, 36.216741599900004 ], [ -115.2631944, 36.216741599900004 ], [ -115.2631944, 36.216738899900001 ], [ -115.2631917, 36.216738899900001 ], [ -115.2631917, 36.216736199899998 ], [ -115.2631863, 36.216736199899998 ], [ -115.2631863, 36.216733499900002 ], [ -115.2631836, 36.216733499900002 ], [ -115.2631836, 36.216730799899999 ], [ -115.2631809, 36.216730799899999 ], [ -115.2631809, 36.216728099900003 ], [ -115.2631242, 36.216728099900003 ], [ -115.2631242, 36.216730799899999 ], [ -115.2631188, 36.216730799899999 ], [ -115.2631188, 36.216733499900002 ], [ -115.2631161, 36.216733499900002 ], [ -115.2631161, 36.216736199899998 ], [ -115.2631134, 36.216736199899998 ], [ -115.2631134, 36.216738899900001 ], [ -115.2631107, 36.216738899900001 ], [ -115.2631107, 36.216741599900004 ], [ -115.2630486, 36.216741599900004 ], [ -115.2630486, 36.216738899900001 ], [ -115.2630432, 36.216738899900001 ], [ -115.2630432, 36.216728099900003 ], [ -115.2630405, 36.216728099900003 ], [ -115.2630405, 36.216695699900001 ], [ -115.2630378, 36.216695699900001 ], [ -115.2630378, 36.2166767999 ], [ -115.2630351, 36.2166767999 ], [ -115.2630351, 36.216674099900004 ], [ -115.2630378, 36.216674099900004 ], [ -115.2630378, 36.2166578999 ], [ -115.2630351, 36.2166578999 ], [ -115.2630351, 36.216630899900004 ], [ -115.2630378, 36.216630899900004 ], [ -115.2630378, 36.216622799900001 ], [ -115.2630864, 36.216622799900001 ], [ -115.2630864, 36.216625499900005 ], [ -115.2630972, 36.216625499900005 ], [ -115.2630972, 36.216628199900001 ], [ -115.2631404, 36.216628199900001 ], [ -115.2631404, 36.216630899900004 ], [ -115.2631512, 36.216630899900004 ], [ -115.2631512, 36.216628199900001 ], [ -115.263162, 36.216628199900001 ], [ -115.263162, 36.216630899900004 ], [ -115.2631944, 36.216630899900004 ], [ -115.2631944, 36.216628199900001 ], [ -115.2632079, 36.216628199900001 ], [ -115.2632079, 36.216625499900005 ], [ -115.2632673, 36.216625499900005 ], [ -115.2632673, 36.216628199900001 ], [ -115.26327, 36.216628199900001 ], [ -115.26327, 36.216622799900001 ], [ -115.2632727, 36.216622799900001 ], [ -115.2632727, 36.216625499900005 ], [ -115.2633213, 36.216625499900005 ], [ -115.2633213, 36.216628199900001 ], [ -115.2633483, 36.216628199900001 ], [ -115.2633483, 36.216625499900005 ], [ -115.2633699, 36.216625499900005 ], [ -115.2633699, 36.216628199900001 ], [ -115.2633888, 36.216628199900001 ], [ -115.2633888, 36.216625499900005 ], [ -115.2633996, 36.216625499900005 ], [ -115.2633996, 36.216622799900001 ], [ -115.263459, 36.216622799900001 ], [ -115.263459, 36.216620099899998 ], [ -115.2634671, 36.216620099899998 ], [ -115.2634671, 36.216622799900001 ], [ -115.2634698, 36.216622799900001 ], [ -115.2634698, 36.216628199900001 ], [ -115.2634779, 36.216628199900001 ], [ -115.2634779, 36.216630899900004 ], [ -115.263486, 36.216630899900004 ], [ -115.263486, 36.2166335999 ], [ -115.2635265, 36.2166335999 ], [ -115.2635265, 36.216636299900003 ], [ -115.263567, 36.216636299900003 ], [ -115.263567, 36.216638999899999 ], [ -115.2635913, 36.216638999899999 ], [ -115.2635913, 36.216641699900002 ], [ -115.2636129, 36.216641699900002 ], [ -115.2636129, 36.216644399899998 ], [ -115.263621, 36.216644399899998 ], [ -115.263621, 36.216641699900002 ], [ -115.2636264, 36.216641699900002 ], [ -115.2636264, 36.216644399899998 ], [ -115.2636318, 36.216644399899998 ], [ -115.2636318, 36.2166524999 ], [ -115.2636345, 36.2166524999 ], [ -115.2636345, 36.216668699899998 ], [ -115.2636372, 36.216668699899998 ], [ -115.2636372, 36.216671399900001 ], [ -115.2636399, 36.216671399900001 ], [ -115.2636399, 36.216706499899999 ], [ -115.2636372, 36.216706499899999 ], [ -115.2636372, 36.216711899899998 ], [ -115.2636345, 36.216711899899998 ], [ -115.2636345, 36.216717299899997 ], [ -115.2636318, 36.216717299899997 ], [ -115.2636318, 36.216722699900004 ], [ -115.2636291, 36.216722699900004 ], [ -115.2636291, 36.216730799899999 ], [ -115.2636264, 36.216730799899999 ], [ -115.2636264, 36.216736199899998 ], [ -115.2636237, 36.216736199899998 ], [ -115.2636237, 36.216738899900001 ], [ -115.263594, 36.216738899900001 ], [ -115.263594, 36.216736199899998 ], [ -115.2635805, 36.216736199899998 ], [ -115.2635805, 36.216733499900002 ], [ -115.263486, 36.216733499900002 ], [ -115.263486, 36.216736199899998 ], [ -115.2634698, 36.216736199899998 ], [ -115.2634698, 36.216738899900001 ], [ -115.2634617, 36.216738899900001 ], [ -115.2634617, 36.216741599900004 ], [ -115.2634563, 36.216741599900004 ], [ -115.2634563, 36.216738899900001 ], [ -115.2634239, 36.216738899900001 ], [ -115.2634239, 36.216736199899998 ], [ -115.2634212, 36.216736199899998 ], [ -115.2634212, 36.216733499900002 ], [ -115.2634185, 36.216733499900002 ], [ -115.2634185, 36.216730799899999 ], [ -115.2634131, 36.216730799899999 ], [ -115.2634131, 36.216728099900003 ], [ -115.2634104, 36.216728099900003 ], [ -115.2634104, 36.2167253999 ], [ -115.2633618, 36.2167253999 ], [ -115.2633618, 36.216717299899997 ], [ -115.2633591, 36.216717299899997 ], [ -115.2633591, 36.216714599900001 ], [ -115.2633564, 36.216714599900001 ], [ -115.2633564, 36.216711899899998 ], [ -115.2633456, 36.216711899899998 ], [ -115.2633456, 36.216709199900002 ], [ -115.2633402, 36.216709199900002 ], [ -115.2633402, 36.216711899899998 ], [ -115.2633186, 36.216711899899998 ], [ -115.2633186, 36.216714599900001 ], [ -115.2633159, 36.216714599900001 ], [ -115.2633159, 36.216717299899997 ], [ -115.2633132, 36.216717299899997 ], [ -115.2633132, 36.2167199999 ], [ -115.2633078, 36.2167199999 ], [ -115.2633078, 36.216722699900004 ], [ -115.2632808, 36.216722699900004 ], [ -115.2632808, 36.2167199999 ], [ -115.2632754, 36.2167199999 ], [ -115.2632754, 36.216722699900004 ], [ -115.26327, 36.216722699900004 ], [ -115.26327, 36.2167199999 ], [ -115.2632646, 36.2167199999 ], [ -115.2632646, 36.216722699900004 ], [ -115.2632619, 36.216722699900004 ], [ -115.2632619, 36.2167253999 ], [ -115.2632565, 36.2167253999 ], [ -115.2632565, 36.216728099900003 ], [ -115.2632538, 36.216728099900003 ], [ -115.2632538, 36.216730799899999 ], [ -115.2632511, 36.216730799899999 ], [ -115.2632511, 36.216736199899998 ], [ -115.2632484, 36.216736199899998 ], [ -115.2632484, 36.216738899900001 ], [ -115.2632457, 36.216738899900001 ], [ -115.2632457, 36.216741599900004 ], [ -115.2632133, 36.216741599900004 ], [ -115.2632133, 36.2167442999 ] ] ] } },
{ "type": "Feature", "properties": { "value": 255.0 }, "geometry": { "type": "Polygon", "coordinates": [ [ [ -115.2619632, 36.2167253999 ], [ -115.2619146, 36.2167253999 ], [ -115.2619146, 36.216722699900004 ], [ -115.261893, 36.216722699900004 ], [ -115.261893, 36.2167199999 ], [ -115.2618876, 36.2167199999 ], [ -115.2618876, 36.216614699899999 ], [ -115.2619146, 36.216614699899999 ], [ -115.2619146, 36.216617399900002 ], [ -115.261930799999988, 36.216617399900002 ], [ -115.261930799999988, 36.216620099899998 ], [ -115.2619389, 36.216620099899998 ], [ -115.2619389, 36.216622799900001 ], [ -115.2619443, 36.216622799900001 ], [ -115.2619443, 36.216620099899998 ], [ -115.261947, 36.216620099899998 ], [ -115.261947, 36.216622799900001 ], [ -115.2619524, 36.216622799900001 ], [ -115.2619524, 36.216628199900001 ], [ -115.2619551, 36.216628199900001 ], [ -115.2619551, 36.2166335999 ], [ -115.2619578, 36.2166335999 ], [ -115.2619578, 36.216638999899999 ], [ -115.2619605, 36.216638999899999 ], [ -115.2619605, 36.216641699900002 ], [ -115.2619632, 36.216641699900002 ], [ -115.2619632, 36.216647099900001 ], [ -115.2619659, 36.216647099900001 ], [ -115.2619659, 36.216649799900004 ], [ -115.261968599999989, 36.216649799900004 ], [ -115.261968599999989, 36.216655199900003 ], [ -115.2619713, 36.216655199900003 ], [ -115.2619713, 36.216665999900002 ], [ -115.261968599999989, 36.216665999900002 ], [ -115.261968599999989, 36.216674099900004 ], [ -115.2619713, 36.216674099900004 ], [ -115.2619713, 36.216695699900001 ], [ -115.261968599999989, 36.216695699900001 ], [ -115.261968599999989, 36.216717299899997 ], [ -115.2619659, 36.216717299899997 ], [ -115.2619659, 36.216722699900004 ], [ -115.2619632, 36.216722699900004 ], [ -115.2619632, 36.2167253999 ] ] ] } },
{ "type": "Feature", "properties": { "value": 255.0 }, "geometry": { "type": "Polygon", "coordinates": [ [ [ -115.2620766, 36.2167010999 ], [ -115.2620523, 36.2167010999 ], [ -115.2620523, 36.216698399900004 ], [ -115.2620496, 36.216698399900004 ], [ -115.2620496, 36.216695699900001 ], [ -115.2620469, 36.216695699900001 ], [ -115.2620469, 36.216687599899998 ], [ -115.2620442, 36.216687599899998 ], [ -115.2620442, 36.216679499900003 ], [ -115.2620388, 36.216679499900003 ], [ -115.2620388, 36.2166767999 ], [ -115.262028, 36.2166767999 ], [ -115.262028, 36.216674099900004 ], [ -115.2620253, 36.216674099900004 ], [ -115.2620253, 36.216671399900001 ], [ -115.2620226, 36.216671399900001 ], [ -115.2620226, 36.216668699899998 ], [ -115.2620199, 36.216668699899998 ], [ -115.2620199, 36.216655199900003 ], [ -115.262017199999988, 36.216655199900003 ], [ -115.262017199999988, 36.2166335999 ], [ -115.2620145, 36.2166335999 ], [ -115.2620145, 36.216614699899999 ], [ -115.262017199999988, 36.216614699899999 ], [ -115.262017199999988, 36.216601199899998 ], [ -115.2620199, 36.216601199899998 ], [ -115.2620199, 36.216595799899999 ], [ -115.2620226, 36.216595799899999 ], [ -115.2620226, 36.216593099900003 ], [ -115.2620253, 36.216593099900003 ], [ -115.2620253, 36.216590399899999 ], [ -115.262036099999989, 36.216590399899999 ], [ -115.262036099999989, 36.216587699900003 ], [ -115.2620577, 36.216587699900003 ], [ -115.2620577, 36.2165849999 ], [ -115.2621306, 36.2165849999 ], [ -115.2621306, 36.216582299900004 ], [ -115.2621387, 36.216582299900004 ], [ -115.2621387, 36.216579599900001 ], [ -115.2621441, 36.216579599900001 ], [ -115.2621441, 36.216576899899998 ], [ -115.262152199999989, 36.216576899899998 ], [ -115.262152199999989, 36.216574199900002 ], [ -115.262171099999989, 36.216574199900002 ], [ -115.262171099999989, 36.216571499899999 ], [ -115.26219, 36.216571499899999 ], [ -115.26219, 36.216568799900003 ], [ -115.2622251, 36.216568799900003 ], [ -115.2622251, 36.2165660999 ], [ -115.2622602, 36.2165660999 ], [ -115.2622602, 36.216563399900004 ], [ -115.2622737, 36.216563399900004 ], [ -115.2622737, 36.2165660999 ], [ -115.2623277, 36.2165660999 ], [ -115.2623277, 36.216563399900004 ], [ -115.262352, 36.216563399900004 ], [ -115.262352, 36.2165660999 ], [ -115.2623682, 36.2165660999 ], [ -115.2623682, 36.216563399900004 ], [ -115.2623763, 36.216563399900004 ], [ -115.2623763, 36.2165660999 ], [ -115.2623871, 36.2165660999 ], [ -115.2623871, 36.216563399900004 ], [ -115.2623925, 36.216563399900004 ], [ -115.2623925, 36.2165660999 ], [ -115.2623952, 36.2165660999 ], [ -115.2623952, 36.216563399900004 ], [ -115.26246, 36.216563399900004 ], [ -115.26246, 36.2165606999 ], [ -115.2624816, 36.2165606999 ], [ -115.2624816, 36.216563399900004 ], [ -115.2624843, 36.216563399900004 ], [ -115.2624843, 36.2165606999 ], [ -115.2625032, 36.2165606999 ], [ -115.2625032, 36.216563399900004 ], [ -115.2625356, 36.216563399900004 ], [ -115.2625356, 36.2165606999 ], [ -115.2625626, 36.2165606999 ], [ -115.2625626, 36.216557999900004 ], [ -115.2625707, 36.216557999900004 ], [ -115.2625707, 36.2165606999 ], [ -115.262595, 36.2165606999 ], [ -115.262595, 36.216563399900004 ], [ -115.262605799999989, 36.216563399900004 ], [ -115.262605799999989, 36.216571499899999 ], [ -115.2626085, 36.216571499899999 ], [ -115.2626085, 36.216617399900002 ], [ -115.2626112, 36.216617399900002 ], [ -115.2626112, 36.216636299900003 ], [ -115.2626085, 36.216636299900003 ], [ -115.2626085, 36.216641699900002 ], [ -115.262605799999989, 36.216641699900002 ], [ -115.262605799999989, 36.216644399899998 ], [ -115.2625977, 36.216644399899998 ], [ -115.2625977, 36.216647099900001 ], [ -115.262595, 36.216647099900001 ], [ -115.262595, 36.216649799900004 ], [ -115.2625923, 36.216649799900004 ], [ -115.2625923, 36.2166524999 ], [ -115.2625896, 36.2166524999 ], [ -115.2625896, 36.216660599900003 ], [ -115.2625869, 36.216660599900003 ], [ -115.2625869, 36.216663299899999 ], [ -115.2625842, 36.216663299899999 ], [ -115.2625842, 36.216665999900002 ], [ -115.2625599, 36.216665999900002 ], [ -115.2625599, 36.216668699899998 ], [ -115.2625437, 36.216668699899998 ], [ -115.2625437, 36.216671399900001 ], [ -115.2625167, 36.216671399900001 ], [ -115.2625167, 36.216674099900004 ], [ -115.2624843, 36.216674099900004 ], [ -115.2624843, 36.2166767999 ], [ -115.2624519, 36.2166767999 ], [ -115.2624519, 36.216679499900003 ], [ -115.262406, 36.216679499900003 ], [ -115.262406, 36.216682199899999 ], [ -115.2623871, 36.216682199899999 ], [ -115.2623871, 36.216684899900002 ], [ -115.262373599999989, 36.216684899900002 ], [ -115.262373599999989, 36.216687599899998 ], [ -115.262306099999989, 36.216687599899998 ], [ -115.262306099999989, 36.216690299900002 ], [ -115.2622764, 36.216690299900002 ], [ -115.2622764, 36.216692999899998 ], [ -115.2622602, 36.216692999899998 ], [ -115.2622602, 36.216690299900002 ], [ -115.262244, 36.216690299900002 ], [ -115.262244, 36.216692999899998 ], [ -115.2621873, 36.216692999899998 ], [ -115.2621873, 36.216695699900001 ], [ -115.2621738, 36.216695699900001 ], [ -115.2621738, 36.216692999899998 ], [ -115.262152199999989, 36.216692999899998 ], [ -115.262152199999989, 36.216695699900001 ], [ -115.2621117, 36.216695699900001 ], [ -115.2621117, 36.216698399900004 ], [ -115.2620766, 36.216698399900004 ], [ -115.2620766, 36.2167010999 ] ] ] } },
{ "type": "Feature", "properties": { "value": 255.0 }, "geometry": { "type": "Polygon", "coordinates": [ [ [ -115.2629595, 36.2167199999 ], [ -115.2629352, 36.2167199999 ], [ -115.2629352, 36.216711899899998 ], [ -115.2629325, 36.216711899899998 ], [ -115.2629325, 36.216703799900003 ], [ -115.2629352, 36.216703799900003 ], [ -115.2629352, 36.216593099900003 ], [ -115.2629379, 36.216593099900003 ], [ -115.2629379, 36.216476999900003 ], [ -115.2629406, 36.216476999900003 ], [ -115.2629406, 36.216471599900004 ], [ -115.2629892, 36.216471599900004 ], [ -115.2629892, 36.2164742999 ], [ -115.2629946, 36.2164742999 ], [ -115.2629946, 36.216476999900003 ], [ -115.2629973, 36.216476999900003 ], [ -115.2629973, 36.216579599900001 ], [ -115.2629946, 36.216579599900001 ], [ -115.2629946, 36.216668699899998 ], [ -115.2629919, 36.216668699899998 ], [ -115.2629919, 36.216711899899998 ], [ -115.2629892, 36.216711899899998 ], [ -115.2629892, 36.216714599900001 ], [ -115.2629865, 36.216714599900001 ], [ -115.2629865, 36.216717299899997 ], [ -115.2629595, 36.216717299899997 ], [ -115.2629595, 36.2167199999 ] ] ] } },
{ "type": "Feature", "properties": { "value": 255.0 }, "geometry": { "type": "Polygon", "coordinates": [ [ [ -115.26192, 36.216536399900001 ], [ -115.2618876, 36.216536399900001 ], [ -115.2618876, 36.216428399900003 ], [ -115.2619065, 36.216428399900003 ], [ -115.2619065, 36.2164256999 ], [ -115.2619146, 36.2164256999 ], [ -115.2619146, 36.216422999900004 ], [ -115.2619227, 36.216422999900004 ], [ -115.2619227, 36.216420299900001 ], [ -115.2619335, 36.216420299900001 ], [ -115.2619335, 36.216417599900005 ], [ -115.2619389, 36.216417599900005 ], [ -115.2619389, 36.216420299900001 ], [ -115.2619524, 36.216420299900001 ], [ -115.2619524, 36.216417599900005 ], [ -115.2619578, 36.216417599900005 ], [ -115.2619578, 36.216420299900001 ], [ -115.2619713, 36.216420299900001 ], [ -115.2619713, 36.216422999900004 ], [ -115.261974, 36.216422999900004 ], [ -115.261974, 36.216455399899999 ], [ -115.2619767, 36.216455399899999 ], [ -115.2619767, 36.216501299900003 ], [ -115.261974, 36.216501299900003 ], [ -115.261974, 36.216506699900002 ], [ -115.2619659, 36.216506699900002 ], [ -115.2619659, 36.216509399899998 ], [ -115.2619578, 36.216509399899998 ], [ -115.2619578, 36.216512099900001 ], [ -115.2619551, 36.216512099900001 ], [ -115.2619551, 36.216514799900004 ], [ -115.2619524, 36.216514799900004 ], [ -115.2619524, 36.216522899899999 ], [ -115.2619551, 36.216522899899999 ], [ -115.2619551, 36.216528299899998 ], [ -115.2619524, 36.216528299899998 ], [ -115.2619524, 36.216530999900002 ], [ -115.261949699999988, 36.216530999900002 ], [ -115.261949699999988, 36.216533699900005 ], [ -115.26192, 36.216533699900005 ], [ -115.26192, 36.216536399900001 ] ] ] } },
{ "type": "Feature", "properties": { "value": 255.0 }, "geometry": { "type": "Polygon", "coordinates": [ [ [ -115.2630837, 36.216549899900002 ], [ -115.2630702, 36.216549899900002 ], [ -115.2630702, 36.216547199899999 ], [ -115.2630648, 36.216547199899999 ], [ -115.2630648, 36.216539099900004 ], [ -115.2630621, 36.216539099900004 ], [ -115.2630621, 36.216520199900003 ], [ -115.2630594, 36.216520199900003 ], [ -115.2630594, 36.216514799900004 ], [ -115.2630567, 36.216514799900004 ], [ -115.2630567, 36.216512099900001 ], [ -115.263054, 36.216512099900001 ], [ -115.263054, 36.216485099899998 ], [ -115.2630513, 36.216485099899998 ], [ -115.2630513, 36.216433799900003 ], [ -115.2630972, 36.216433799900003 ], [ -115.2630972, 36.216436499899999 ], [ -115.263135, 36.216436499899999 ], [ -115.263135, 36.216433799900003 ], [ -115.2631377, 36.216433799900003 ], [ -115.2631377, 36.216431099899999 ], [ -115.2631404, 36.216431099899999 ], [ -115.2631404, 36.2164256999 ], [ -115.2631755, 36.2164256999 ], [ -115.2631755, 36.216428399900003 ], [ -115.2631782, 36.216428399900003 ], [ -115.2631782, 36.216431099899999 ], [ -115.2632025, 36.216431099899999 ], [ -115.2632025, 36.216428399900003 ], [ -115.2632079, 36.216428399900003 ], [ -115.2632079, 36.2164256999 ], [ -115.2632133, 36.2164256999 ], [ -115.2632133, 36.216422999900004 ], [ -115.263216, 36.216422999900004 ], [ -115.263216, 36.216420299900001 ], [ -115.2632187, 36.216420299900001 ], [ -115.2632187, 36.216417599900005 ], [ -115.263243, 36.216417599900005 ], [ -115.263243, 36.216420299900001 ], [ -115.2632592, 36.216420299900001 ], [ -115.2632592, 36.216422999900004 ], [ -115.2632673, 36.216422999900004 ], [ -115.2632673, 36.2164256999 ], [ -115.26327, 36.2164256999 ], [ -115.26327, 36.216422999900004 ], [ -115.2632754, 36.216422999900004 ], [ -115.2632754, 36.2164256999 ], [ -115.2633078, 36.2164256999 ], [ -115.2633078, 36.216422999900004 ], [ -115.2633132, 36.216422999900004 ], [ -115.2633132, 36.216420299900001 ], [ -115.2633726, 36.216420299900001 ], [ -115.2633726, 36.216417599900005 ], [ -115.2633807, 36.216417599900005 ], [ -115.2633807, 36.216414899900002 ], [ -115.263405, 36.216414899900002 ], [ -115.263405, 36.216412199899999 ], [ -115.2634104, 36.216412199899999 ], [ -115.2634104, 36.2164067999 ], [ -115.2634158, 36.2164067999 ], [ -115.2634158, 36.216404099900004 ], [ -115.2634185, 36.216404099900004 ], [ -115.2634185, 36.216401399900001 ], [ -115.2634212, 36.216401399900001 ], [ -115.2634212, 36.216398699900004 ], [ -115.263459, 36.216398699900004 ], [ -115.263459, 36.216401399900001 ], [ -115.2634698, 36.216401399900001 ], [ -115.2634698, 36.216398699900004 ], [ -115.2634806, 36.216398699900004 ], [ -115.2634806, 36.216395999900001 ], [ -115.263486, 36.216395999900001 ], [ -115.263486, 36.216393299899998 ], [ -115.2635076, 36.216393299899998 ], [ -115.2635076, 36.216390599900002 ], [ -115.26354, 36.216390599900002 ], [ -115.26354, 36.216393299899998 ], [ -115.2635481, 36.216393299899998 ], [ -115.2635481, 36.216395999900001 ], [ -115.2635535, 36.216395999900001 ], [ -115.2635535, 36.216398699900004 ], [ -115.263567, 36.216398699900004 ], [ -115.263567, 36.216401399900001 ], [ -115.2635805, 36.216401399900001 ], [ -115.2635805, 36.216398699900004 ], [ -115.2635832, 36.216398699900004 ], [ -115.2635832, 36.216390599900002 ], [ -115.2635859, 36.216390599900002 ], [ -115.2635859, 36.216387899899999 ], [ -115.263594, 36.216387899899999 ], [ -115.263594, 36.216385199900003 ], [ -115.2636156, 36.216385199900003 ], [ -115.2636156, 36.216387899899999 ], [ -115.2636318, 36.216387899899999 ], [ -115.2636318, 36.216390599900002 ], [ -115.2636372, 36.216390599900002 ], [ -115.2636372, 36.216393299899998 ], [ -115.2636426, 36.216393299899998 ], [ -115.2636426, 36.2164985999 ], [ -115.2636345, 36.2164985999 ], [ -115.2636345, 36.216501299900003 ], [ -115.2636291, 36.216501299900003 ], [ -115.2636291, 36.2164985999 ], [ -115.2636129, 36.2164985999 ], [ -115.2636129, 36.216495899900004 ], [ -115.2636102, 36.216495899900004 ], [ -115.2636102, 36.2164931999 ], [ -115.2635967, 36.2164931999 ], [ -115.2635967, 36.216490499900004 ], [ -115.2635913, 36.216490499900004 ], [ -115.2635913, 36.2164931999 ], [ -115.2635886, 36.2164931999 ], [ -115.2635886, 36.216490499900004 ], [ -115.2635724, 36.216490499900004 ], [ -115.2635724, 36.216487799900001 ], [ -115.263567, 36.216487799900001 ], [ -115.263567, 36.216485099899998 ], [ -115.2635454, 36.216485099899998 ], [ -115.2635454, 36.216487799900001 ], [ -115.2635427, 36.216487799900001 ], [ -115.2635427, 36.216485099899998 ], [ -115.26354, 36.216485099899998 ], [ -115.26354, 36.216487799900001 ], [ -115.2635292, 36.216487799900001 ], [ -115.2635292, 36.216490499900004 ], [ -115.2635265, 36.216490499900004 ], [ -115.2635265, 36.2164931999 ], [ -115.2635238, 36.2164931999 ], [ -115.2635238, 36.216495899900004 ], [ -115.2634968, 36.216495899900004 ], [ -115.2634968, 36.2164985999 ], [ -115.263486, 36.2164985999 ], [ -115.263486, 36.216501299900003 ], [ -115.2634833, 36.216501299900003 ], [ -115.2634833, 36.216503999899999 ], [ -115.2634806, 36.216503999899999 ], [ -115.2634806, 36.216506699900002 ], [ -115.2634779, 36.216506699900002 ], [ -115.2634779, 36.216509399899998 ], [ -115.2634752, 36.216509399899998 ], [ -115.2634752, 36.216512099900001 ], [ -115.2634212, 36.216512099900001 ], [ -115.2634212, 36.216514799900004 ], [ -115.2634131, 36.216514799900004 ], [ -115.2634131, 36.2165174999 ], [ -115.263405, 36.2165174999 ], [ -115.263405, 36.216520199900003 ], [ -115.2633861, 36.216520199900003 ], [ -115.2633861, 36.216522899899999 ], [ -115.2633807, 36.216522899899999 ], [ -115.2633807, 36.216525599900002 ], [ -115.2633672, 36.216525599900002 ], [ -115.2633672, 36.216528299899998 ], [ -115.2633267, 36.216528299899998 ], [ -115.2633267, 36.216530999900002 ], [ -115.2633186, 36.216530999900002 ], [ -115.2633186, 36.216528299899998 ], [ -115.2632835, 36.216528299899998 ], [ -115.2632835, 36.216530999900002 ], [ -115.2632727, 36.216530999900002 ], [ -115.2632727, 36.216533699900005 ], [ -115.2632673, 36.216533699900005 ], [ -115.2632673, 36.216536399900001 ], [ -115.2632403, 36.216536399900001 ], [ -115.2632403, 36.216533699900005 ], [ -115.2632349, 36.216533699900005 ], [ -115.2632349, 36.216528299899998 ], [ -115.2632322, 36.216528299899998 ], [ -115.2632322, 36.216525599900002 ], [ -115.2632268, 36.216525599900002 ], [ -115.2632268, 36.216522899899999 ], [ -115.2632241, 36.216522899899999 ], [ -115.2632241, 36.216525599900002 ], [ -115.2632025, 36.216525599900002 ], [ -115.2632025, 36.216522899899999 ], [ -115.2631944, 36.216522899899999 ], [ -115.2631944, 36.216520199900003 ], [ -115.2631701, 36.216520199900003 ], [ -115.2631701, 36.216522899899999 ], [ -115.2631566, 36.216522899899999 ], [ -115.2631566, 36.216525599900002 ], [ -115.2631539, 36.216525599900002 ], [ -115.2631539, 36.216528299899998 ], [ -115.2631404, 36.216528299899998 ], [ -115.2631404, 36.216530999900002 ], [ -115.2631188, 36.216530999900002 ], [ -115.2631188, 36.216533699900005 ], [ -115.2631134, 36.216533699900005 ], [ -115.2631134, 36.216536399900001 ], [ -115.2631107, 36.216536399900001 ], [ -115.2631107, 36.2165417999 ], [ -115.263108, 36.2165417999 ], [ -115.263108, 36.216544499900003 ], [ -115.2631053, 36.216544499900003 ], [ -115.2631053, 36.216547199899999 ], [ -115.2630837, 36.216547199899999 ], [ -115.2630837, 36.216549899900002 ] ] ] } },
{ "type": "Feature", "properties": { "value": 255.0 }, "geometry": { "type": "Polygon", "coordinates": [ [ [ -115.262703, 36.216668699899998 ], [ -115.262649, 36.216668699899998 ], [ -115.262649, 36.216665999900002 ], [ -115.2626463, 36.216665999900002 ], [ -115.2626463, 36.216663299899999 ], [ -115.2626436, 36.216663299899999 ], [ -115.2626436, 36.2166578999 ], [ -115.2626463, 36.2166578999 ], [ -115.2626463, 36.216579599900001 ], [ -115.262649, 36.216579599900001 ], [ -115.262649, 36.216509399899998 ], [ -115.2626517, 36.216509399899998 ], [ -115.2626517, 36.2164256999 ], [ -115.2626544, 36.2164256999 ], [ -115.2626544, 36.216374399900005 ], [ -115.2626625, 36.216374399900005 ], [ -115.2626625, 36.216371699900002 ], [ -115.2626895, 36.216371699900002 ], [ -115.2626895, 36.216368999899998 ], [ -115.2626949, 36.216368999899998 ], [ -115.2626949, 36.216371699900002 ], [ -115.2627003, 36.216371699900002 ], [ -115.2627003, 36.216368999899998 ], [ -115.262703, 36.216368999899998 ], [ -115.262703, 36.216366299900002 ], [ -115.2627057, 36.216366299900002 ], [ -115.2627057, 36.216368999899998 ], [ -115.2627084, 36.216368999899998 ], [ -115.2627084, 36.216371699900002 ], [ -115.2627111, 36.216371699900002 ], [ -115.2627111, 36.216374399900005 ], [ -115.2627138, 36.216374399900005 ], [ -115.2627138, 36.216420299900001 ], [ -115.2627111, 36.216420299900001 ], [ -115.2627111, 36.216512099900001 ], [ -115.2627084, 36.216512099900001 ], [ -115.2627084, 36.216590399899999 ], [ -115.2627057, 36.216590399899999 ], [ -115.2627057, 36.216665999900002 ], [ -115.262703, 36.216665999900002 ], [ -115.262703, 36.216668699899998 ] ] ] } },
{ "type": "Feature", "properties": { "value": 255.0 }, "geometry": { "type": "Polygon", "coordinates": [ [ [ -115.2620523, 36.216514799900004 ], [ -115.2620388, 36.216514799900004 ], [ -115.2620388, 36.216512099900001 ], [ -115.2620334, 36.216512099900001 ], [ -115.2620334, 36.216509399899998 ], [ -115.2620307, 36.216509399899998 ], [ -115.2620307, 36.2164985999 ], [ -115.262028, 36.2164985999 ], [ -115.262028, 36.216487799900001 ], [ -115.2620253, 36.216487799900001 ], [ -115.2620253, 36.216479699899999 ], [ -115.2620226, 36.216479699899999 ], [ -115.2620226, 36.216439199900002 ], [ -115.2620199, 36.216439199900002 ], [ -115.2620199, 36.216436499899999 ], [ -115.2620226, 36.216436499899999 ], [ -115.2620226, 36.216431099899999 ], [ -115.2620253, 36.216431099899999 ], [ -115.2620253, 36.216420299900001 ], [ -115.262028, 36.216420299900001 ], [ -115.262028, 36.216417599900005 ], [ -115.2620307, 36.216417599900005 ], [ -115.2620307, 36.216401399900001 ], [ -115.2620334, 36.216401399900001 ], [ -115.2620334, 36.216398699900004 ], [ -115.262036099999989, 36.216398699900004 ], [ -115.262036099999989, 36.216395999900001 ], [ -115.2620415, 36.216395999900001 ], [ -115.2620415, 36.216398699900004 ], [ -115.2620442, 36.216398699900004 ], [ -115.2620442, 36.216395999900001 ], [ -115.262065799999988, 36.216395999900001 ], [ -115.262065799999988, 36.216393299899998 ], [ -115.2620739, 36.216393299899998 ], [ -115.2620739, 36.216390599900002 ], [ -115.262084699999988, 36.216390599900002 ], [ -115.262084699999988, 36.216387899899999 ], [ -115.2621252, 36.216387899899999 ], [ -115.2621252, 36.216385199900003 ], [ -115.2621927, 36.216385199900003 ], [ -115.2621927, 36.2163824999 ], [ -115.2622359, 36.2163824999 ], [ -115.2622359, 36.216379799900004 ], [ -115.2622413, 36.216379799900004 ], [ -115.2622413, 36.216377099900001 ], [ -115.262244, 36.216377099900001 ], [ -115.262244, 36.216371699900002 ], [ -115.2622494, 36.216371699900002 ], [ -115.2622494, 36.216368999899998 ], [ -115.262271, 36.216368999899998 ], [ -115.262271, 36.216366299900002 ], [ -115.2622737, 36.216366299900002 ], [ -115.2622737, 36.216368999899998 ], [ -115.2622899, 36.216368999899998 ], [ -115.2622899, 36.216366299900002 ], [ -115.2623196, 36.216366299900002 ], [ -115.2623196, 36.216363599899999 ], [ -115.262379, 36.216363599899999 ], [ -115.262379, 36.216360899900003 ], [ -115.2623898, 36.216360899900003 ], [ -115.2623898, 36.2163581999 ], [ -115.262403299999988, 36.2163581999 ], [ -115.262403299999988, 36.216355499900004 ], [ -115.2624249, 36.216355499900004 ], [ -115.2624249, 36.2163581999 ], [ -115.262433, 36.2163581999 ], [ -115.262433, 36.216355499900004 ], [ -115.2624411, 36.216355499900004 ], [ -115.2624411, 36.216352799900001 ], [ -115.2624465, 36.216352799900001 ], [ -115.2624465, 36.216350099900005 ], [ -115.2624573, 36.216350099900005 ], [ -115.2624573, 36.216347399900002 ], [ -115.2624978, 36.216347399900002 ], [ -115.2624978, 36.216344699899999 ], [ -115.2625545, 36.216344699899999 ], [ -115.2625545, 36.216341999900003 ], [ -115.2625761, 36.216341999900003 ], [ -115.2625761, 36.216344699899999 ], [ -115.2625869, 36.216344699899999 ], [ -115.2625869, 36.216347399900002 ], [ -115.2625896, 36.216347399900002 ], [ -115.2625896, 36.216350099900005 ], [ -115.2625923, 36.216350099900005 ], [ -115.2625923, 36.216360899900003 ], [ -115.262595, 36.216360899900003 ], [ -115.262595, 36.216366299900002 ], [ -115.2625977, 36.216366299900002 ], [ -115.2625977, 36.216368999899998 ], [ -115.2626004, 36.216368999899998 ], [ -115.2626004, 36.216371699900002 ], [ -115.2626031, 36.216371699900002 ], [ -115.2626031, 36.216374399900005 ], [ -115.262605799999989, 36.216374399900005 ], [ -115.262605799999989, 36.216377099900001 ], [ -115.2626085, 36.216377099900001 ], [ -115.2626085, 36.216387899899999 ], [ -115.2626112, 36.216387899899999 ], [ -115.2626112, 36.216395999900001 ], [ -115.2626139, 36.216395999900001 ], [ -115.2626139, 36.216414899900002 ], [ -115.2626166, 36.216414899900002 ], [ -115.2626166, 36.216422999900004 ], [ -115.2626193, 36.216422999900004 ], [ -115.2626193, 36.2164499999 ], [ -115.2626166, 36.2164499999 ], [ -115.2626166, 36.216452699900003 ], [ -115.2626139, 36.216452699900003 ], [ -115.2626139, 36.216455399899999 ], [ -115.2625653, 36.216455399899999 ], [ -115.2625653, 36.216452699900003 ], [ -115.2625194, 36.216452699900003 ], [ -115.2625194, 36.216455399899999 ], [ -115.262487, 36.216455399899999 ], [ -115.262487, 36.216458099900002 ], [ -115.2624789, 36.216458099900002 ], [ -115.2624789, 36.216460799899998 ], [ -115.2624762, 36.216460799899998 ], [ -115.2624762, 36.216463499900001 ], [ -115.262470799999988, 36.216463499900001 ], [ -115.262470799999988, 36.216466199900005 ], [ -115.2624681, 36.216466199900005 ], [ -115.2624681, 36.216468899900001 ], [ -115.26246, 36.216468899900001 ], [ -115.26246, 36.216471599900004 ], [ -115.2624411, 36.216471599900004 ], [ -115.2624411, 36.2164742999 ], [ -115.2624168, 36.2164742999 ], [ -115.2624168, 36.216476999900003 ], [ -115.2624087, 36.216476999900003 ], [ -115.2624087, 36.216479699899999 ], [ -115.2624006, 36.216479699899999 ], [ -115.2624006, 36.216482399900002 ], [ -115.2623628, 36.216482399900002 ], [ -115.2623628, 36.216485099899998 ], [ -115.2623385, 36.216485099899998 ], [ -115.2623385, 36.216487799900001 ], [ -115.2623088, 36.216487799900001 ], [ -115.2623088, 36.216490499900004 ], [ -115.2622926, 36.216490499900004 ], [ -115.2622926, 36.2164931999 ], [ -115.262271, 36.2164931999 ], [ -115.262271, 36.216495899900004 ], [ -115.2621981, 36.216495899900004 ], [ -115.2621981, 36.2164985999 ], [ -115.2621819, 36.2164985999 ], [ -115.2621819, 36.216495899900004 ], [ -115.262152199999989, 36.216495899900004 ], [ -115.262152199999989, 36.2164985999 ], [ -115.2621144, 36.2164985999 ], [ -115.2621144, 36.216501299900003 ], [ -115.2621009, 36.216501299900003 ], [ -115.2621009, 36.216503999899999 ], [ -115.2620928, 36.216503999899999 ], [ -115.2620928, 36.216506699900002 ], [ -115.2620874, 36.216506699900002 ], [ -115.2620874, 36.216509399899998 ], [ -115.2620766, 36.216509399899998 ], [ -115.2620766, 36.216512099900001 ], [ -115.2620523, 36.216512099900001 ], [ -115.2620523, 36.216514799900004 ] ] ] } },
{ "type": "Feature", "properties": { "value": 255.0 }, "geometry": { "type": "Polygon", "coordinates": [ [ [ -115.2628326, 36.2167253999 ], [ -115.2627867, 36.2167253999 ], [ -115.2627867, 36.216722699900004 ], [ -115.2627813, 36.216722699900004 ], [ -115.2627813, 36.216606599900004 ], [ -115.262784, 36.216606599900004 ], [ -115.262784, 36.216536399900001 ], [ -115.2627867, 36.216536399900001 ], [ -115.2627867, 36.216455399899999 ], [ -115.2627894, 36.216455399899999 ], [ -115.2627894, 36.2163392999 ], [ -115.2627921, 36.2163392999 ], [ -115.2627921, 36.216328499900001 ], [ -115.2628326, 36.216328499900001 ], [ -115.2628326, 36.216331199900004 ], [ -115.2628488, 36.216331199900004 ], [ -115.2628488, 36.2163338999 ], [ -115.2628515, 36.2163338999 ], [ -115.2628515, 36.216363599899999 ], [ -115.2628488, 36.216363599899999 ], [ -115.2628488, 36.216466199900005 ], [ -115.2628461, 36.216466199900005 ], [ -115.2628461, 36.216522899899999 ], [ -115.2628434, 36.216522899899999 ], [ -115.2628434, 36.216611999900003 ], [ -115.2628407, 36.216611999900003 ], [ -115.2628407, 36.2167199999 ], [ -115.262838, 36.2167199999 ], [ -115.262838, 36.216722699900004 ], [ -115.2628326, 36.216722699900004 ], [ -115.2628326, 36.2167253999 ] ] ] } },
{ "type": "Feature", "properties": { "value": 255.0 }, "geometry": { "type": "Polygon", "coordinates": [ [ [ -115.261901099999989, 36.216366299900002 ], [ -115.2618876, 36.216366299900002 ], [ -115.2618876, 36.216317699900003 ], [ -115.2619038, 36.216317699900003 ], [ -115.2619038, 36.2163149999 ], [ -115.2619254, 36.2163149999 ], [ -115.2619254, 36.216312299900004 ], [ -115.261947, 36.216312299900004 ], [ -115.261947, 36.216309599900001 ], [ -115.2619929, 36.216309599900001 ], [ -115.2619929, 36.216306899900005 ], [ -115.261998299999988, 36.216306899900005 ], [ -115.261998299999988, 36.216309599900001 ], [ -115.262001, 36.216309599900001 ], [ -115.262001, 36.216312299900004 ], [ -115.2620037, 36.216312299900004 ], [ -115.2620037, 36.2163392999 ], [ -115.2620064, 36.2163392999 ], [ -115.2620064, 36.216355499900004 ], [ -115.2619956, 36.216355499900004 ], [ -115.2619956, 36.2163581999 ], [ -115.2619659, 36.2163581999 ], [ -115.2619659, 36.216360899900003 ], [ -115.2619443, 36.216360899900003 ], [ -115.2619443, 36.216363599899999 ], [ -115.261901099999989, 36.216363599899999 ], [ -115.261901099999989, 36.216366299900002 ] ] ] } },
{ "type": "Feature", "properties": { "value": 255.0 }, "geometry": { "type": "Polygon", "coordinates": [ [ [ -115.2620523, 36.216350099900005 ], [ -115.2620307, 36.216350099900005 ], [ -115.2620307, 36.216347399900002 ], [ -115.262028, 36.216347399900002 ], [ -115.262028, 36.216344699899999 ], [ -115.2620253, 36.216344699899999 ], [ -115.2620253, 36.2163392999 ], [ -115.262028, 36.2163392999 ], [ -115.262028, 36.216328499900001 ], [ -115.2620253, 36.216328499900001 ], [ -115.2620253, 36.216304199900001 ], [ -115.2620334, 36.216304199900001 ], [ -115.2620334, 36.216301499899998 ], [ -115.262055, 36.216301499899998 ], [ -115.262055, 36.216298799900002 ], [ -115.2620874, 36.216298799900002 ], [ -115.2620874, 36.216296099899999 ], [ -115.2621063, 36.216296099899999 ], [ -115.2621063, 36.216293399900003 ], [ -115.2621225, 36.216293399900003 ], [ -115.2621225, 36.2162906999 ], [ -115.262136, 36.2162906999 ], [ -115.262136, 36.216287999900004 ], [ -115.2621603, 36.216287999900004 ], [ -115.2621603, 36.216285299900001 ], [ -115.2622035, 36.216285299900001 ], [ -115.2622035, 36.216287999900004 ], [ -115.2622062, 36.216287999900004 ], [ -115.2622062, 36.216304199900001 ], [ -115.2622089, 36.216304199900001 ], [ -115.2622089, 36.216331199900004 ], [ -115.2621981, 36.216331199900004 ], [ -115.2621981, 36.2163338999 ], [ -115.2621684, 36.2163338999 ], [ -115.2621684, 36.216336599900004 ], [ -115.2621468, 36.216336599900004 ], [ -115.2621468, 36.2163392999 ], [ -115.2621252, 36.2163392999 ], [ -115.2621252, 36.216341999900003 ], [ -115.2620928, 36.216341999900003 ], [ -115.2620928, 36.216344699899999 ], [ -115.2620712, 36.216344699899999 ], [ -115.2620712, 36.216347399900002 ], [ -115.2620523, 36.216347399900002 ], [ -115.2620523, 36.216350099900005 ] ] ] } },
{ "type": "Feature", "properties": { "value": 255.0 }, "geometry": { "type": "Polygon", "coordinates": [ [ [ -115.2622656, 36.216325799900005 ], [ -115.262238599999989, 36.216325799900005 ], [ -115.262238599999989, 36.2163149999 ], [ -115.2622359, 36.2163149999 ], [ -115.2622359, 36.2162906999 ], [ -115.2622332, 36.2162906999 ], [ -115.2622332, 36.216285299900001 ], [ -115.2622359, 36.216285299900001 ], [ -115.2622359, 36.216279899900002 ], [ -115.2622413, 36.216279899900002 ], [ -115.2622413, 36.216277199899999 ], [ -115.2622602, 36.216277199899999 ], [ -115.2622602, 36.216274499900003 ], [ -115.2623007, 36.216274499900003 ], [ -115.2623007, 36.216271799899999 ], [ -115.2623223, 36.216271799899999 ], [ -115.2623223, 36.216269099900003 ], [ -115.262335799999988, 36.216269099900003 ], [ -115.262335799999988, 36.2162663999 ], [ -115.2623682, 36.2162663999 ], [ -115.2623682, 36.216263699900004 ], [ -115.2623871, 36.216263699900004 ], [ -115.2623871, 36.216260999900001 ], [ -115.2624141, 36.216260999900001 ], [ -115.2624141, 36.216263699900004 ], [ -115.2624168, 36.216263699900004 ], [ -115.2624168, 36.216279899900002 ], [ -115.2624195, 36.216279899900002 ], [ -115.2624195, 36.216306899900005 ], [ -115.2624168, 36.216306899900005 ], [ -115.2624168, 36.216309599900001 ], [ -115.262403299999988, 36.216309599900001 ], [ -115.262403299999988, 36.216312299900004 ], [ -115.2623709, 36.216312299900004 ], [ -115.2623709, 36.2163149999 ], [ -115.2623493, 36.2163149999 ], [ -115.2623493, 36.216317699900003 ], [ -115.262325, 36.216317699900003 ], [ -115.262325, 36.216320399899999 ], [ -115.2622926, 36.216320399899999 ], [ -115.2622926, 36.216323099900002 ], [ -115.2622656, 36.216323099900002 ], [ -115.2622656, 36.216325799900005 ] ] ] } },
{ "type": "Feature", "properties": { "value": 255.0 }, "geometry": { "type": "Polygon", "coordinates": [ [ [ -115.2624735, 36.216304199900001 ], [ -115.2624546, 36.216304199900001 ], [ -115.2624546, 36.216301499899998 ], [ -115.2624519, 36.216301499899998 ], [ -115.2624519, 36.216287999900004 ], [ -115.2624492, 36.216287999900004 ], [ -115.2624492, 36.216269099900003 ], [ -115.2624465, 36.216269099900003 ], [ -115.2624465, 36.216260999900001 ], [ -115.2624492, 36.216260999900001 ], [ -115.2624492, 36.216258299900005 ], [ -115.2624519, 36.216258299900005 ], [ -115.2624519, 36.216255599900002 ], [ -115.2624789, 36.216255599900002 ], [ -115.2624789, 36.216252899899999 ], [ -115.262514, 36.216252899899999 ], [ -115.262514, 36.216250199900003 ], [ -115.2625329, 36.216250199900003 ], [ -115.2625329, 36.2162474999 ], [ -115.2625518, 36.2162474999 ], [ -115.2625518, 36.216244799900004 ], [ -115.2625788, 36.216244799900004 ], [ -115.2625788, 36.216242099900001 ], [ -115.262624699999989, 36.216242099900001 ], [ -115.262624699999989, 36.216244799900004 ], [ -115.2626274, 36.216244799900004 ], [ -115.2626274, 36.216255599900002 ], [ -115.262624699999989, 36.216255599900002 ], [ -115.262624699999989, 36.216274499900003 ], [ -115.2626274, 36.216274499900003 ], [ -115.2626274, 36.216285299900001 ], [ -115.262624699999989, 36.216285299900001 ], [ -115.262624699999989, 36.216287999900004 ], [ -115.2626031, 36.216287999900004 ], [ -115.2626031, 36.2162906999 ], [ -115.2625815, 36.2162906999 ], [ -115.2625815, 36.216293399900003 ], [ -115.262557199999989, 36.216293399900003 ], [ -115.262557199999989, 36.216296099899999 ], [ -115.2625356, 36.216296099899999 ], [ -115.2625356, 36.216298799900002 ], [ -115.2625059, 36.216298799900002 ], [ -115.2625059, 36.216301499899998 ], [ -115.2624735, 36.216301499899998 ], [ -115.2624735, 36.216304199900001 ] ] ] } },
{ "type": "Feature", "properties": { "value": 255.0 }, "geometry": { "type": "Polygon", "coordinates": [ [ [ -115.2630945, 36.216393299899998 ], [ -115.2630702, 36.216393299899998 ], [ -115.2630702, 36.216390599900002 ], [ -115.2630675, 36.216390599900002 ], [ -115.2630675, 36.216379799900004 ], [ -115.2630648, 36.216379799900004 ], [ -115.2630648, 36.216371699900002 ], [ -115.2630621, 36.216371699900002 ], [ -115.2630621, 36.216366299900002 ], [ -115.2630594, 36.216366299900002 ], [ -115.2630594, 36.216360899900003 ], [ -115.2630567, 36.216360899900003 ], [ -115.2630567, 36.216350099900005 ], [ -115.263054, 36.216350099900005 ], [ -115.263054, 36.216331199900004 ], [ -115.2630513, 36.216331199900004 ], [ -115.2630513, 36.216304199900001 ], [ -115.2630486, 36.216304199900001 ], [ -115.2630486, 36.216298799900002 ], [ -115.2630513, 36.216298799900002 ], [ -115.2630513, 36.216282599900005 ], [ -115.2630567, 36.216282599900005 ], [ -115.2630567, 36.216279899900002 ], [ -115.2630972, 36.216279899900002 ], [ -115.2630972, 36.216282599900005 ], [ -115.2631809, 36.216282599900005 ], [ -115.2631809, 36.216279899900002 ], [ -115.263216, 36.216279899900002 ], [ -115.263216, 36.216277199899999 ], [ -115.2632187, 36.216277199899999 ], [ -115.2632187, 36.216271799899999 ], [ -115.2632214, 36.216271799899999 ], [ -115.2632214, 36.216269099900003 ], [ -115.2632241, 36.216269099900003 ], [ -115.2632241, 36.2162663999 ], [ -115.2632268, 36.2162663999 ], [ -115.2632268, 36.216260999900001 ], [ -115.2632322, 36.216260999900001 ], [ -115.2632322, 36.216258299900005 ], [ -115.2632835, 36.216258299900005 ], [ -115.2632835, 36.216255599900002 ], [ -115.2632889, 36.216255599900002 ], [ -115.2632889, 36.216252899899999 ], [ -115.2633051, 36.216252899899999 ], [ -115.2633051, 36.216250199900003 ], [ -115.2633591, 36.216250199900003 ], [ -115.2633591, 36.2162474999 ], [ -115.263378, 36.2162474999 ], [ -115.263378, 36.216244799900004 ], [ -115.2633915, 36.216244799900004 ], [ -115.2633915, 36.2162474999 ], [ -115.2633996, 36.2162474999 ], [ -115.2633996, 36.216244799900004 ], [ -115.2634131, 36.216244799900004 ], [ -115.2634131, 36.216242099900001 ], [ -115.2634212, 36.216242099900001 ], [ -115.2634212, 36.216239399900005 ], [ -115.263432, 36.216239399900005 ], [ -115.263432, 36.216236699900001 ], [ -115.263459, 36.216236699900001 ], [ -115.263459, 36.216233999900005 ], [ -115.2634644, 36.216233999900005 ], [ -115.2634644, 36.216231299900002 ], [ -115.2634752, 36.216231299900002 ], [ -115.2634752, 36.216228599899999 ], [ -115.2634779, 36.216228599899999 ], [ -115.2634779, 36.216231299900002 ], [ -115.2634806, 36.216231299900002 ], [ -115.2634806, 36.216233999900005 ], [ -115.263486, 36.216233999900005 ], [ -115.263486, 36.216236699900001 ], [ -115.2634968, 36.216236699900001 ], [ -115.2634968, 36.216239399900005 ], [ -115.2635238, 36.216239399900005 ], [ -115.2635238, 36.216236699900001 ], [ -115.2635265, 36.216236699900001 ], [ -115.2635265, 36.216225899900003 ], [ -115.2635292, 36.216225899900003 ], [ -115.2635292, 36.2162231999 ], [ -115.2635319, 36.2162231999 ], [ -115.2635319, 36.216220499900004 ], [ -115.2635535, 36.216220499900004 ], [ -115.2635535, 36.2162231999 ], [ -115.2635562, 36.2162231999 ], [ -115.2635562, 36.216225899900003 ], [ -115.2635724, 36.216225899900003 ], [ -115.2635724, 36.216220499900004 ], [ -115.2635778, 36.216220499900004 ], [ -115.2635778, 36.216217799900001 ], [ -115.2635859, 36.216217799900001 ], [ -115.2635859, 36.216220499900004 ], [ -115.2635967, 36.216220499900004 ], [ -115.2635967, 36.216217799900001 ], [ -115.2636237, 36.216217799900001 ], [ -115.2636237, 36.216220499900004 ], [ -115.2636291, 36.216220499900004 ], [ -115.2636291, 36.2162231999 ], [ -115.2636318, 36.2162231999 ], [ -115.2636318, 36.216225899900003 ], [ -115.2636345, 36.216225899900003 ], [ -115.2636345, 36.216233999900005 ], [ -115.2636372, 36.216233999900005 ], [ -115.2636372, 36.216242099900001 ], [ -115.2636399, 36.216242099900001 ], [ -115.2636399, 36.2162474999 ], [ -115.2636426, 36.2162474999 ], [ -115.2636426, 36.216331199900004 ], [ -115.2635913, 36.216331199900004 ], [ -115.2635913, 36.2163338999 ], [ -115.2635562, 36.2163338999 ], [ -115.2635562, 36.216336599900004 ], [ -115.2635319, 36.216336599900004 ], [ -115.2635319, 36.2163392999 ], [ -115.2635103, 36.2163392999 ], [ -115.2635103, 36.216341999900003 ], [ -115.2634968, 36.216341999900003 ], [ -115.2634968, 36.216344699899999 ], [ -115.2634887, 36.216344699899999 ], [ -115.2634887, 36.216347399900002 ], [ -115.2634833, 36.216347399900002 ], [ -115.2634833, 36.216350099900005 ], [ -115.2634482, 36.216350099900005 ], [ -115.2634482, 36.216347399900002 ], [ -115.2634428, 36.216347399900002 ], [ -115.2634428, 36.216344699899999 ], [ -115.2634374, 36.216344699899999 ], [ -115.2634374, 36.216341999900003 ], [ -115.2634212, 36.216341999900003 ], [ -115.2634212, 36.216344699899999 ], [ -115.2633996, 36.216344699899999 ], [ -115.2633996, 36.216341999900003 ], [ -115.2633861, 36.216341999900003 ], [ -115.2633861, 36.216344699899999 ], [ -115.2633834, 36.216344699899999 ], [ -115.2633834, 36.216341999900003 ], [ -115.2633807, 36.216341999900003 ], [ -115.2633807, 36.216336599900004 ], [ -115.263378, 36.216336599900004 ], [ -115.263378, 36.2163338999 ], [ -115.2633456, 36.2163338999 ], [ -115.2633456, 36.216336599900004 ], [ -115.2633375, 36.216336599900004 ], [ -115.2633375, 36.216341999900003 ], [ -115.2633321, 36.216341999900003 ], [ -115.2633321, 36.216344699899999 ], [ -115.2633294, 36.216344699899999 ], [ -115.2633294, 36.216350099900005 ], [ -115.2633159, 36.216350099900005 ], [ -115.2633159, 36.216352799900001 ], [ -115.2632889, 36.216352799900001 ], [ -115.2632889, 36.216355499900004 ], [ -115.2632835, 36.216355499900004 ], [ -115.2632835, 36.2163581999 ], [ -115.2632808, 36.2163581999 ], [ -115.2632808, 36.216360899900003 ], [ -115.2632781, 36.216360899900003 ], [ -115.2632781, 36.216363599899999 ], [ -115.2632754, 36.216363599899999 ], [ -115.2632754, 36.216366299900002 ], [ -115.26327, 36.216366299900002 ], [ -115.26327, 36.216371699900002 ], [ -115.2632052, 36.216371699900002 ], [ -115.2632052, 36.216374399900005 ], [ -115.2631755, 36.216374399900005 ], [ -115.2631755, 36.216377099900001 ], [ -115.2631539, 36.216377099900001 ], [ -115.2631539, 36.216379799900004 ], [ -115.2631323, 36.216379799900004 ], [ -115.2631323, 36.2163824999 ], [ -115.2631242, 36.2163824999 ], [ -115.2631242, 36.216385199900003 ], [ -115.2631161, 36.216385199900003 ], [ -115.2631161, 36.216387899899999 ], [ -115.2631107, 36.216387899899999 ], [ -115.2631107, 36.216390599900002 ], [ -115.2630945, 36.216390599900002 ], [ -115.2630945, 36.216393299899998 ] ] ] } },
{ "type": "Feature", "properties": { "value": 255.0 }, "geometry": { "type": "Polygon", "coordinates": [ [ [ -115.2630432, 36.2162474999 ], [ -115.2630135, 36.2162474999 ], [ -115.2630135, 36.216242099900001 ], [ -115.263010799999989, 36.216242099900001 ], [ -115.263010799999989, 36.216236699900001 ], [ -115.2630135, 36.216236699900001 ], [ -115.2630135, 36.216228599899999 ], [ -115.263010799999989, 36.216228599899999 ], [ -115.263010799999989, 36.216201599900003 ], [ -115.2630135, 36.216201599900003 ], [ -115.2630135, 36.216196199900004 ], [ -115.2630162, 36.216196199900004 ], [ -115.2630162, 36.216193499900001 ], [ -115.2630324, 36.216193499900001 ], [ -115.2630324, 36.216190799900005 ], [ -115.2630432, 36.216190799900005 ], [ -115.2630432, 36.216193499900001 ], [ -115.2630864, 36.216193499900001 ], [ -115.2630864, 36.216190799900005 ], [ -115.2631134, 36.216190799900005 ], [ -115.2631134, 36.216188099900002 ], [ -115.2631377, 36.216188099900002 ], [ -115.2631377, 36.216185399899999 ], [ -115.263162, 36.216185399899999 ], [ -115.263162, 36.216182699900003 ], [ -115.2631863, 36.216182699900003 ], [ -115.2631863, 36.2161799999 ], [ -115.2632187, 36.2161799999 ], [ -115.2632187, 36.216177299900004 ], [ -115.2632538, 36.216177299900004 ], [ -115.2632538, 36.2161799999 ], [ -115.2632565, 36.2161799999 ], [ -115.2632565, 36.216185399899999 ], [ -115.2632538, 36.216185399899999 ], [ -115.2632538, 36.216196199900004 ], [ -115.2632565, 36.216196199900004 ], [ -115.2632565, 36.216206999900002 ], [ -115.2632538, 36.216206999900002 ], [ -115.2632538, 36.216212399900002 ], [ -115.2632565, 36.216212399900002 ], [ -115.2632565, 36.216220499900004 ], [ -115.2632538, 36.216220499900004 ], [ -115.2632538, 36.2162231999 ], [ -115.2632511, 36.2162231999 ], [ -115.2632511, 36.216225899900003 ], [ -115.2632187, 36.216225899900003 ], [ -115.2632187, 36.216228599899999 ], [ -115.2631971, 36.216228599899999 ], [ -115.2631971, 36.216231299900002 ], [ -115.2631701, 36.216231299900002 ], [ -115.2631701, 36.216233999900005 ], [ -115.2631485, 36.216233999900005 ], [ -115.2631485, 36.216236699900001 ], [ -115.2631269, 36.216236699900001 ], [ -115.2631269, 36.216239399900005 ], [ -115.2631026, 36.216239399900005 ], [ -115.2631026, 36.216242099900001 ], [ -115.2630702, 36.216242099900001 ], [ -115.2630702, 36.216244799900004 ], [ -115.2630432, 36.216244799900004 ], [ -115.2630432, 36.2162474999 ] ] ] } },
{ "type": "Feature", "properties": { "value": 255.0 }, "geometry": { "type": "Polygon", "coordinates": [ [ [ -115.2634077, 36.216209699900006 ], [ -115.2633888, 36.216209699900006 ], [ -115.2633888, 36.216206999900002 ], [ -115.2633861, 36.216206999900002 ], [ -115.2633861, 36.216188099900002 ], [ -115.2633834, 36.216188099900002 ], [ -115.2633834, 36.216163799900002 ], [ -115.2633861, 36.216163799900002 ], [ -115.2633861, 36.216161099899999 ], [ -115.2633915, 36.216161099899999 ], [ -115.2633915, 36.216158399900003 ], [ -115.2634293, 36.216158399900003 ], [ -115.2634293, 36.2161556999 ], [ -115.2634509, 36.2161556999 ], [ -115.2634509, 36.216152999900004 ], [ -115.2634698, 36.216152999900004 ], [ -115.2634698, 36.216150299900001 ], [ -115.2634968, 36.216150299900001 ], [ -115.2634968, 36.216147599900005 ], [ -115.2635265, 36.216147599900005 ], [ -115.2635265, 36.216144899900002 ], [ -115.2635589, 36.216144899900002 ], [ -115.2635589, 36.216142199900005 ], [ -115.2635805, 36.216142199900005 ], [ -115.2635805, 36.216139499900002 ], [ -115.2635967, 36.216139499900002 ], [ -115.2635967, 36.216136799899999 ], [ -115.2636129, 36.216136799899999 ], [ -115.2636129, 36.216139499900002 ], [ -115.2636291, 36.216139499900002 ], [ -115.2636291, 36.216142199900005 ], [ -115.2636318, 36.216142199900005 ], [ -115.2636318, 36.216144899900002 ], [ -115.2636291, 36.216144899900002 ], [ -115.2636291, 36.216150299900001 ], [ -115.2636318, 36.216150299900001 ], [ -115.2636318, 36.216152999900004 ], [ -115.2636345, 36.216152999900004 ], [ -115.2636345, 36.2161556999 ], [ -115.2636372, 36.2161556999 ], [ -115.2636372, 36.216161099899999 ], [ -115.2636345, 36.216161099899999 ], [ -115.2636345, 36.216166499900005 ], [ -115.2636318, 36.216166499900005 ], [ -115.2636318, 36.216182699900003 ], [ -115.2636291, 36.216182699900003 ], [ -115.2636291, 36.216185399899999 ], [ -115.2636075, 36.216185399899999 ], [ -115.2636075, 36.216188099900002 ], [ -115.2635832, 36.216188099900002 ], [ -115.2635832, 36.216190799900005 ], [ -115.2635589, 36.216190799900005 ], [ -115.2635589, 36.216193499900001 ], [ -115.2635346, 36.216193499900001 ], [ -115.2635346, 36.216196199900004 ], [ -115.2635103, 36.216196199900004 ], [ -115.2635103, 36.2161988999 ], [ -115.263486, 36.2161988999 ], [ -115.263486, 36.216201599900003 ], [ -115.2634617, 36.216201599900003 ], [ -115.2634617, 36.216204299899999 ], [ -115.263432, 36.216204299899999 ], [ -115.263432, 36.216206999900002 ], [ -115.2634077, 36.216206999900002 ], [ -115.2634077, 36.216209699900006 ] ] ] } },
{ "type": "Feature", "properties": { "value": 255.0 }, "geometry": { "type": "Polygon", "coordinates": [ [ [ -115.2619119, 36.216117899900006 ], [ -115.2618876, 36.216117899900006 ], [ -115.2618876, 36.216047699900002 ], [ -115.2619146, 36.216047699900002 ], [ -115.2619146, 36.216115199900003 ], [ -115.2619119, 36.216115199900003 ], [ -115.2619119, 36.216117899900006 ] ] ] } },
{ "type": "Feature", "properties": { "value": 255.0 }, "geometry": { "type": "Polygon", "coordinates": [ [ [ -115.262001, 36.216112499899999 ], [ -115.2619848, 36.216112499899999 ], [ -115.2619848, 36.216109799900003 ], [ -115.2619794, 36.216109799900003 ], [ -115.2619794, 36.216112499899999 ], [ -115.261968599999989, 36.216112499899999 ], [ -115.261968599999989, 36.216109799900003 ], [ -115.2619551, 36.216109799900003 ], [ -115.2619551, 36.2161070999 ], [ -115.261949699999988, 36.2161070999 ], [ -115.261949699999988, 36.216080099900005 ], [ -115.2619524, 36.216080099900005 ], [ -115.2619524, 36.216071999900002 ], [ -115.261949699999988, 36.216071999900002 ], [ -115.261949699999988, 36.216055799900005 ], [ -115.261947, 36.216055799900005 ], [ -115.261947, 36.216050399900006 ], [ -115.261949699999988, 36.216050399900006 ], [ -115.261949699999988, 36.216047699900002 ], [ -115.2621225, 36.216047699900002 ], [ -115.2621225, 36.216050399900006 ], [ -115.2621252, 36.216050399900006 ], [ -115.2621252, 36.2160881999 ], [ -115.2621279, 36.2160881999 ], [ -115.2621279, 36.216090899900003 ], [ -115.2621252, 36.216090899900003 ], [ -115.2621252, 36.216096299900002 ], [ -115.2621225, 36.216096299900002 ], [ -115.2621225, 36.216098999900005 ], [ -115.262084699999988, 36.216098999900005 ], [ -115.262084699999988, 36.216101699900001 ], [ -115.2620631, 36.216101699900001 ], [ -115.2620631, 36.216104399900004 ], [ -115.2620334, 36.216104399900004 ], [ -115.2620334, 36.2161070999 ], [ -115.2620145, 36.2161070999 ], [ -115.2620145, 36.216109799900003 ], [ -115.262001, 36.216109799900003 ], [ -115.262001, 36.216112499899999 ] ] ] } },
{ "type": "Feature", "properties": { "value": 255.0 }, "geometry": { "type": "Polygon", "coordinates": [ [ [ -115.262422199999989, 36.216093599899999 ], [ -115.2624114, 36.216093599899999 ], [ -115.2624114, 36.216090899900003 ], [ -115.262406, 36.216090899900003 ], [ -115.262406, 36.2160881999 ], [ -115.262403299999988, 36.2160881999 ], [ -115.262403299999988, 36.216082799900001 ], [ -115.2624006, 36.216082799900001 ], [ -115.2624006, 36.216055799900005 ], [ -115.2623979, 36.216055799900005 ], [ -115.2623979, 36.216047699900002 ], [ -115.2624951, 36.216047699900002 ], [ -115.2624951, 36.216077399900001 ], [ -115.2624924, 36.216077399900001 ], [ -115.2624924, 36.216080099900005 ], [ -115.2624843, 36.216080099900005 ], [ -115.2624843, 36.216082799900001 ], [ -115.2624762, 36.216082799900001 ], [ -115.2624762, 36.216085499900004 ], [ -115.2624681, 36.216085499900004 ], [ -115.2624681, 36.2160881999 ], [ -115.2624519, 36.2160881999 ], [ -115.2624519, 36.216090899900003 ], [ -115.262422199999989, 36.216090899900003 ], [ -115.262422199999989, 36.216093599899999 ] ] ] } },
{ "type": "Feature", "properties": { "value": 255.0 }, "geometry": { "type": "Polygon", "coordinates": [ [ [ -115.262200799999988, 36.216093599899999 ], [ -115.2621846, 36.216093599899999 ], [ -115.2621846, 36.216090899900003 ], [ -115.2621819, 36.216090899900003 ], [ -115.2621819, 36.2160881999 ], [ -115.2621792, 36.2160881999 ], [ -115.2621792, 36.216047699900002 ], [ -115.2623277, 36.216047699900002 ], [ -115.2623277, 36.216050399900006 ], [ -115.2623304, 36.216050399900006 ], [ -115.2623304, 36.216053099900002 ], [ -115.2623277, 36.216053099900002 ], [ -115.2623277, 36.216069299899999 ], [ -115.262325, 36.216069299899999 ], [ -115.262325, 36.216080099900005 ], [ -115.2623223, 36.216080099900005 ], [ -115.2623223, 36.216082799900001 ], [ -115.2622926, 36.216082799900001 ], [ -115.2622926, 36.216085499900004 ], [ -115.262271, 36.216085499900004 ], [ -115.262271, 36.2160881999 ], [ -115.2622521, 36.2160881999 ], [ -115.2622521, 36.216090899900003 ], [ -115.262200799999988, 36.216090899900003 ], [ -115.262200799999988, 36.216093599899999 ] ] ] } }
]
}
