{
"type": "FeatureCollection",
"crs": { "type": "name", "properties": { "name": "urn:ogc:def:crs:OGC:1.3:CRS84" } },
"features": [
{ "type": "Feature", "properties": { "value": 255.0 }, "geometry": { "type": "Polygon", "coordinates": [ [ [ -115.2130122, 36.136918799699998 ], [ -115.2130068, 36.136918799699998 ], [ -115.2130068, 36.136916099700002 ], [ -115.2130041, 36.136916099700002 ], [ -115.2130041, 36.136894499699999 ], [ -115.2130014, 36.136894499699999 ], [ -115.2130014, 36.136853999700001 ], [ -115.2129987, 36.136853999700001 ], [ -115.2129987, 36.136851299699998 ], [ -115.2129933, 36.136851299699998 ], [ -115.2129933, 36.136848599700002 ], [ -115.2129798, 36.136848599700002 ], [ -115.2129798, 36.136843199700003 ], [ -115.2129771, 36.136843199700003 ], [ -115.2129771, 36.1368404997 ], [ -115.2129798, 36.1368404997 ], [ -115.2129798, 36.136821599699999 ], [ -115.2129771, 36.136821599699999 ], [ -115.2129771, 36.1368161997 ], [ -115.2129798, 36.1368161997 ], [ -115.2129798, 36.136808099699998 ], [ -115.2129825, 36.136808099699998 ], [ -115.2129825, 36.136805399700002 ], [ -115.2129798, 36.136805399700002 ], [ -115.2129798, 36.136794599699996 ], [ -115.2129852, 36.136794599699996 ], [ -115.2129852, 36.1367918997 ], [ -115.2129933, 36.1367918997 ], [ -115.2129933, 36.136789199699997 ], [ -115.2129906, 36.136789199699997 ], [ -115.2129906, 36.136786499700001 ], [ -115.2130014, 36.136786499700001 ], [ -115.2130014, 36.136783799699998 ], [ -115.2130257, 36.136783799699998 ], [ -115.2130257, 36.136786499700001 ], [ -115.2130635, 36.136786499700001 ], [ -115.2130635, 36.136783799699998 ], [ -115.2130986, 36.136783799699998 ], [ -115.2130986, 36.136781099700002 ], [ -115.2131121, 36.136781099700002 ], [ -115.2131121, 36.136783799699998 ], [ -115.2131202, 36.136783799699998 ], [ -115.2131202, 36.136781099700002 ], [ -115.2131769, 36.136781099700002 ], [ -115.2131769, 36.136783799699998 ], [ -115.2131823, 36.136783799699998 ], [ -115.2131823, 36.136845899699999 ], [ -115.2131796, 36.136845899699999 ], [ -115.2131796, 36.136848599700002 ], [ -115.2131769, 36.136848599700002 ], [ -115.2131769, 36.136851299699998 ], [ -115.2131715, 36.136851299699998 ], [ -115.2131715, 36.136856699699997 ], [ -115.2131688, 36.136856699699997 ], [ -115.2131688, 36.136867499700003 ], [ -115.2131661, 36.136867499700003 ], [ -115.2131661, 36.136870199699999 ], [ -115.2131634, 36.136870199699999 ], [ -115.2131634, 36.136910699699996 ], [ -115.2131526, 36.136910699699996 ], [ -115.2131526, 36.136913399699999 ], [ -115.2130905, 36.136913399699999 ], [ -115.2130905, 36.136910699699996 ], [ -115.2130851, 36.136910699699996 ], [ -115.2130851, 36.1369079997 ], [ -115.213077, 36.1369079997 ], [ -115.213077, 36.136905299699997 ], [ -115.2130662, 36.136905299699997 ], [ -115.2130662, 36.1369079997 ], [ -115.2130446, 36.1369079997 ], [ -115.2130446, 36.136910699699996 ], [ -115.2130365, 36.136910699699996 ], [ -115.2130365, 36.136913399699999 ], [ -115.2130284, 36.136913399699999 ], [ -115.2130284, 36.136916099700002 ], [ -115.2130122, 36.136916099700002 ], [ -115.2130122, 36.136918799699998 ] ] ] } },
{ "type": "Feature", "properties": { "value": 255.0 }, "geometry": { "type": "Polygon", "coordinates": [ [ [ -115.2139788, 36.1368836997 ], [ -115.2139734, 36.1368836997 ], [ -115.2139734, 36.136880999699997 ], [ -115.2139653, 36.136880999699997 ], [ -115.2139653, 36.136875599699998 ], [ -115.2139626, 36.136875599699998 ], [ -115.2139626, 36.136856699699997 ], [ -115.2139599, 36.136856699699997 ], [ -115.2139599, 36.136805399700002 ], [ -115.2139626, 36.136805399700002 ], [ -115.2139626, 36.136802699699999 ], [ -115.2140031, 36.136802699699999 ], [ -115.2140031, 36.136799999700003 ], [ -115.2140301, 36.136799999700003 ], [ -115.2140301, 36.136778399699999 ], [ -115.2140328, 36.136778399699999 ], [ -115.2140328, 36.136775699700003 ], [ -115.2140355, 36.136775699700003 ], [ -115.2140355, 36.1367729997 ], [ -115.2140463, 36.1367729997 ], [ -115.2140463, 36.136775699700003 ], [ -115.2140733, 36.136775699700003 ], [ -115.2140733, 36.136778399699999 ], [ -115.2140895, 36.136778399699999 ], [ -115.2140895, 36.136781099700002 ], [ -115.2140922, 36.136781099700002 ], [ -115.2140922, 36.136783799699998 ], [ -115.2140949, 36.136783799699998 ], [ -115.2140949, 36.136789199699997 ], [ -115.2140976, 36.136789199699997 ], [ -115.2140976, 36.136794599699996 ], [ -115.214103, 36.136794599699996 ], [ -115.214103, 36.1367972997 ], [ -115.21413, 36.1367972997 ], [ -115.21413, 36.136799999700003 ], [ -115.2141354, 36.136799999700003 ], [ -115.2141354, 36.136808099699998 ], [ -115.2141381, 36.136808099699998 ], [ -115.2141381, 36.136851299699998 ], [ -115.2141408, 36.136851299699998 ], [ -115.2141408, 36.136870199699999 ], [ -115.2141381, 36.136870199699999 ], [ -115.2141381, 36.136875599699998 ], [ -115.2141327, 36.136875599699998 ], [ -115.2141327, 36.136878299700001 ], [ -115.2140436, 36.136878299700001 ], [ -115.2140436, 36.136880999699997 ], [ -115.2139788, 36.136880999699997 ], [ -115.2139788, 36.1368836997 ] ] ] } },
{ "type": "Feature", "properties": { "value": 255.0 }, "geometry": { "type": "Polygon", "coordinates": [ [ [ -115.2138978, 36.136786499700001 ], [ -115.2138897, 36.136786499700001 ], [ -115.2138897, 36.136783799699998 ], [ -115.2138762, 36.136783799699998 ], [ -115.2138762, 36.136759499699998 ], [ -115.2139032, 36.136759499699998 ], [ -115.2139032, 36.136767599700001 ], [ -115.2139059, 36.136767599700001 ], [ -115.2139059, 36.136778399699999 ], [ -115.2139032, 36.136778399699999 ], [ -115.2139032, 36.136783799699998 ], [ -115.2138978, 36.136783799699998 ], [ -115.2138978, 36.136786499700001 ] ] ] } },
{ "type": "Feature", "properties": { "value": 255.0 }, "geometry": { "type": "Polygon", "coordinates": [ [ [ -115.2129366, 36.136918799699998 ], [ -115.2128691, 36.136918799699998 ], [ -115.2128691, 36.136916099700002 ], [ -115.2128664, 36.136916099700002 ], [ -115.2128664, 36.136910699699996 ], [ -115.2128637, 36.136910699699996 ], [ -115.2128637, 36.136902599700001 ], [ -115.212861, 36.136902599700001 ], [ -115.212861, 36.136891799700003 ], [ -115.2128583, 36.136891799700003 ], [ -115.2128583, 36.136872899700002 ], [ -115.2128556, 36.136872899700002 ], [ -115.2128556, 36.1368647997 ], [ -115.2128502, 36.1368647997 ], [ -115.2128502, 36.136862099699997 ], [ -115.2128286, 36.136862099699997 ], [ -115.2128286, 36.1368647997 ], [ -115.2127665, 36.1368647997 ], [ -115.2127665, 36.136862099699997 ], [ -115.2127638, 36.136862099699997 ], [ -115.2127638, 36.136848599700002 ], [ -115.2127611, 36.136848599700002 ], [ -115.2127611, 36.136845899699999 ], [ -115.2127584, 36.136845899699999 ], [ -115.2127584, 36.1368404997 ], [ -115.2127557, 36.1368404997 ], [ -115.2127557, 36.136832399699998 ], [ -115.212753, 36.136832399699998 ], [ -115.212753, 36.136810799700001 ], [ -115.2127557, 36.136810799700001 ], [ -115.2127557, 36.136805399700002 ], [ -115.212753, 36.136805399700002 ], [ -115.212753, 36.136799999700003 ], [ -115.2127503, 36.136799999700003 ], [ -115.2127503, 36.136794599699996 ], [ -115.212753, 36.136794599699996 ], [ -115.212753, 36.1367918997 ], [ -115.2127503, 36.1367918997 ], [ -115.2127503, 36.136789199699997 ], [ -115.2127476, 36.136789199699997 ], [ -115.2127476, 36.136778399699999 ], [ -115.2127503, 36.136778399699999 ], [ -115.2127503, 36.136764899699997 ], [ -115.2127476, 36.136764899699997 ], [ -115.2127476, 36.136754099699999 ], [ -115.2127773, 36.136754099699999 ], [ -115.2127773, 36.136751399700003 ], [ -115.2128286, 36.136751399700003 ], [ -115.2128286, 36.136754099699999 ], [ -115.2128313, 36.136754099699999 ], [ -115.2128313, 36.136756799700002 ], [ -115.212834, 36.136756799700002 ], [ -115.212834, 36.136762199700001 ], [ -115.2128367, 36.136762199700001 ], [ -115.2128367, 36.136767599700001 ], [ -115.2128394, 36.136767599700001 ], [ -115.2128394, 36.136770299699997 ], [ -115.2128853, 36.136770299699997 ], [ -115.2128853, 36.136767599700001 ], [ -115.2129177, 36.136767599700001 ], [ -115.2129177, 36.136770299699997 ], [ -115.2129258, 36.136770299699997 ], [ -115.2129258, 36.1367729997 ], [ -115.2129285, 36.1367729997 ], [ -115.2129285, 36.136775699700003 ], [ -115.2129312, 36.136775699700003 ], [ -115.2129312, 36.136781099700002 ], [ -115.2129339, 36.136781099700002 ], [ -115.2129339, 36.1367972997 ], [ -115.2129366, 36.1367972997 ], [ -115.2129366, 36.136802699699999 ], [ -115.2129393, 36.136802699699999 ], [ -115.2129393, 36.136808099699998 ], [ -115.212942, 36.136808099699998 ], [ -115.212942, 36.136810799700001 ], [ -115.2129393, 36.136810799700001 ], [ -115.2129393, 36.136826999699998 ], [ -115.2129366, 36.136826999699998 ], [ -115.2129366, 36.1368404997 ], [ -115.2129339, 36.1368404997 ], [ -115.2129339, 36.136867499700003 ], [ -115.2129366, 36.136867499700003 ], [ -115.2129366, 36.136870199699999 ], [ -115.212942, 36.136870199699999 ], [ -115.212942, 36.136872899700002 ], [ -115.2129447, 36.136872899700002 ], [ -115.2129447, 36.136875599699998 ], [ -115.2129555, 36.136875599699998 ], [ -115.2129555, 36.136878299700001 ], [ -115.2129609, 36.136878299700001 ], [ -115.2129609, 36.136880999699997 ], [ -115.2129636, 36.136880999699997 ], [ -115.2129636, 36.1368836997 ], [ -115.2129663, 36.1368836997 ], [ -115.2129663, 36.136894499699999 ], [ -115.212969, 36.136894499699999 ], [ -115.212969, 36.1369079997 ], [ -115.2129663, 36.1369079997 ], [ -115.2129663, 36.136913399699999 ], [ -115.212942, 36.136913399699999 ], [ -115.212942, 36.136916099700002 ], [ -115.2129366, 36.136916099700002 ], [ -115.2129366, 36.136918799699998 ] ] ] } },
{ "type": "Feature", "properties": { "value": 255.0 }, "geometry": { "type": "Polygon", "coordinates": [ [ [ -115.213806, 36.136891799700003 ], [ -115.2137007, 36.136891799700003 ], [ -115.2137007, 36.1368836997 ], [ -115.213698, 36.1368836997 ], [ -115.213698, 36.136824299700002 ], [ -115.2136953, 36.136824299700002 ], [ -115.2136953, 36.136781099700002 ], [ -115.2136926, 36.136781099700002 ], [ -115.2136926, 36.136775699700003 ], [ -115.2136953, 36.136775699700003 ], [ -115.2136953, 36.136756799700002 ], [ -115.213698, 36.136756799700002 ], [ -115.213698, 36.136743299700001 ], [ -115.2137007, 36.136743299700001 ], [ -115.2137007, 36.136732499700003 ], [ -115.2137061, 36.136732499700003 ], [ -115.2137061, 36.136729799699999 ], [ -115.2137385, 36.136729799699999 ], [ -115.2137385, 36.136727099700003 ], [ -115.2137493, 36.136727099700003 ], [ -115.2137493, 36.136729799699999 ], [ -115.213752, 36.136729799699999 ], [ -115.213752, 36.136754099699999 ], [ -115.2137547, 36.136754099699999 ], [ -115.2137547, 36.136756799700002 ], [ -115.2137574, 36.136756799700002 ], [ -115.2137574, 36.136759499699998 ], [ -115.2138411, 36.136759499699998 ], [ -115.2138411, 36.136762199700001 ], [ -115.2138546, 36.136762199700001 ], [ -115.2138546, 36.136764899699997 ], [ -115.2138573, 36.136764899699997 ], [ -115.2138573, 36.136767599700001 ], [ -115.21386, 36.136767599700001 ], [ -115.21386, 36.1367918997 ], [ -115.2138573, 36.1367918997 ], [ -115.2138573, 36.136843199700003 ], [ -115.21386, 36.136843199700003 ], [ -115.21386, 36.136886399699996 ], [ -115.2138573, 36.136886399699996 ], [ -115.2138573, 36.136889099699999 ], [ -115.213806, 36.136889099699999 ], [ -115.213806, 36.136891799700003 ] ] ] } },
{ "type": "Feature", "properties": { "value": 255.0 }, "geometry": { "type": "Polygon", "coordinates": [ [ [ -115.2132444, 36.136910699699996 ], [ -115.2132363, 36.136910699699996 ], [ -115.2132363, 36.1369079997 ], [ -115.2132228, 36.1369079997 ], [ -115.2132228, 36.136905299699997 ], [ -115.2132147, 36.136905299699997 ], [ -115.2132147, 36.136902599700001 ], [ -115.2132093, 36.136902599700001 ], [ -115.2132093, 36.136899899699998 ], [ -115.2132066, 36.136899899699998 ], [ -115.2132066, 36.136894499699999 ], [ -115.2132039, 36.136894499699999 ], [ -115.2132039, 36.136886399699996 ], [ -115.2132066, 36.136886399699996 ], [ -115.2132066, 36.1368836997 ], [ -115.2132093, 36.1368836997 ], [ -115.2132093, 36.136880999699997 ], [ -115.2132147, 36.136880999699997 ], [ -115.2132147, 36.136886399699996 ], [ -115.2132201, 36.136886399699996 ], [ -115.2132201, 36.1368836997 ], [ -115.2132228, 36.1368836997 ], [ -115.2132228, 36.136880999699997 ], [ -115.2132309, 36.136880999699997 ], [ -115.2132309, 36.136867499700003 ], [ -115.2132282, 36.136867499700003 ], [ -115.2132282, 36.136862099699997 ], [ -115.2132255, 36.136862099699997 ], [ -115.2132255, 36.136845899699999 ], [ -115.2132282, 36.136845899699999 ], [ -115.2132282, 36.136843199700003 ], [ -115.2132309, 36.136843199700003 ], [ -115.2132309, 36.1368404997 ], [ -115.2132336, 36.1368404997 ], [ -115.2132336, 36.136843199700003 ], [ -115.213239, 36.136843199700003 ], [ -115.213239, 36.1368404997 ], [ -115.2132633, 36.1368404997 ], [ -115.2132633, 36.136837799699997 ], [ -115.213266, 36.136837799699997 ], [ -115.213266, 36.1368161997 ], [ -115.2132633, 36.1368161997 ], [ -115.2132633, 36.136802699699999 ], [ -115.2132606, 36.136802699699999 ], [ -115.2132606, 36.1367972997 ], [ -115.2132579, 36.1367972997 ], [ -115.2132579, 36.136789199699997 ], [ -115.2132552, 36.136789199699997 ], [ -115.2132552, 36.136781099700002 ], [ -115.2132525, 36.136781099700002 ], [ -115.2132525, 36.1367918997 ], [ -115.2132498, 36.1367918997 ], [ -115.2132498, 36.136794599699996 ], [ -115.2132444, 36.136794599699996 ], [ -115.2132444, 36.1367972997 ], [ -115.2132417, 36.1367972997 ], [ -115.2132417, 36.136805399700002 ], [ -115.2132363, 36.136805399700002 ], [ -115.2132363, 36.136808099699998 ], [ -115.2132336, 36.136808099699998 ], [ -115.2132336, 36.136810799700001 ], [ -115.2132309, 36.136810799700001 ], [ -115.2132309, 36.136813499699997 ], [ -115.2132228, 36.136813499699997 ], [ -115.2132228, 36.136810799700001 ], [ -115.2132201, 36.136810799700001 ], [ -115.2132201, 36.136805399700002 ], [ -115.2132174, 36.136805399700002 ], [ -115.2132174, 36.136808099699998 ], [ -115.213212, 36.136808099699998 ], [ -115.213212, 36.136805399700002 ], [ -115.2132093, 36.136805399700002 ], [ -115.2132093, 36.136799999700003 ], [ -115.2132066, 36.136799999700003 ], [ -115.2132066, 36.136783799699998 ], [ -115.213212, 36.136783799699998 ], [ -115.213212, 36.1367918997 ], [ -115.2132228, 36.1367918997 ], [ -115.2132228, 36.136789199699997 ], [ -115.2132147, 36.136789199699997 ], [ -115.2132147, 36.136783799699998 ], [ -115.2132228, 36.136783799699998 ], [ -115.2132228, 36.136778399699999 ], [ -115.2132255, 36.136778399699999 ], [ -115.2132255, 36.136754099699999 ], [ -115.2132282, 36.136754099699999 ], [ -115.2132282, 36.136751399700003 ], [ -115.2132309, 36.136751399700003 ], [ -115.2132309, 36.1367486997 ], [ -115.2132282, 36.1367486997 ], [ -115.2132282, 36.136745999699997 ], [ -115.2132228, 36.136745999699997 ], [ -115.2132228, 36.1367486997 ], [ -115.2132201, 36.1367486997 ], [ -115.2132201, 36.136751399700003 ], [ -115.2132147, 36.136751399700003 ], [ -115.2132147, 36.136740599699998 ], [ -115.2132174, 36.136740599699998 ], [ -115.2132174, 36.136737899700002 ], [ -115.2132255, 36.136737899700002 ], [ -115.2132255, 36.136735199699999 ], [ -115.2132336, 36.136735199699999 ], [ -115.2132336, 36.136737899700002 ], [ -115.2132471, 36.136737899700002 ], [ -115.2132471, 36.136740599699998 ], [ -115.2132309, 36.136740599699998 ], [ -115.2132309, 36.136745999699997 ], [ -115.213239, 36.136745999699997 ], [ -115.213239, 36.136743299700001 ], [ -115.2132471, 36.136743299700001 ], [ -115.2132471, 36.136745999699997 ], [ -115.2132498, 36.136745999699997 ], [ -115.2132498, 36.136735199699999 ], [ -115.2132552, 36.136735199699999 ], [ -115.2132552, 36.136732499700003 ], [ -115.2132579, 36.136732499700003 ], [ -115.2132579, 36.136727099700003 ], [ -115.213293, 36.136727099700003 ], [ -115.213293, 36.1367243997 ], [ -115.2133308, 36.1367243997 ], [ -115.2133308, 36.136727099700003 ], [ -115.2133335, 36.136727099700003 ], [ -115.2133335, 36.136732499700003 ], [ -115.2133362, 36.136732499700003 ], [ -115.2133362, 36.136759499699998 ], [ -115.2133389, 36.136759499699998 ], [ -115.2133389, 36.136762199700001 ], [ -115.2133659, 36.136762199700001 ], [ -115.2133659, 36.136764899699997 ], [ -115.2133794, 36.136764899699997 ], [ -115.2133794, 36.136762199700001 ], [ -115.2133848, 36.136762199700001 ], [ -115.2133848, 36.136764899699997 ], [ -115.213401, 36.136764899699997 ], [ -115.213401, 36.136767599700001 ], [ -115.2134037, 36.136767599700001 ], [ -115.2134037, 36.136770299699997 ], [ -115.2134064, 36.136770299699997 ], [ -115.2134064, 36.136837799699997 ], [ -115.2134037, 36.136837799699997 ], [ -115.2134037, 36.1368404997 ], [ -115.2133416, 36.1368404997 ], [ -115.2133416, 36.136843199700003 ], [ -115.2133335, 36.136843199700003 ], [ -115.2133335, 36.136845899699999 ], [ -115.2133308, 36.136845899699999 ], [ -115.2133308, 36.1368647997 ], [ -115.2133335, 36.1368647997 ], [ -115.2133335, 36.136902599700001 ], [ -115.2133281, 36.136902599700001 ], [ -115.2133281, 36.136905299699997 ], [ -115.2132849, 36.136905299699997 ], [ -115.2132849, 36.1369079997 ], [ -115.2132444, 36.1369079997 ], [ -115.2132444, 36.136910699699996 ] ], [ [ -115.2132444, 36.136775699700003 ], [ -115.2132444, 36.1367729997 ], [ -115.2132417, 36.1367729997 ], [ -115.2132417, 36.136775699700003 ], [ -115.2132444, 36.136775699700003 ] ] ] } },
{ "type": "Feature", "properties": { "value": 255.0 }, "geometry": { "type": "Polygon", "coordinates": [ [ [ -115.2136278, 36.136897199700002 ], [ -115.2136116, 36.136897199700002 ], [ -115.2136116, 36.136894499699999 ], [ -115.2136089, 36.136894499699999 ], [ -115.2136089, 36.136897199700002 ], [ -115.2135765, 36.136897199700002 ], [ -115.2135765, 36.136894499699999 ], [ -115.2135738, 36.136894499699999 ], [ -115.2135738, 36.136837799699997 ], [ -115.2135711, 36.136837799699997 ], [ -115.2135711, 36.136835099700001 ], [ -115.2135333, 36.136835099700001 ], [ -115.2135333, 36.136837799699997 ], [ -115.2134766, 36.136837799699997 ], [ -115.2134766, 36.136835099700001 ], [ -115.2134712, 36.136835099700001 ], [ -115.2134712, 36.136821599699999 ], [ -115.2134685, 36.136821599699999 ], [ -115.2134685, 36.136786499700001 ], [ -115.2134658, 36.136786499700001 ], [ -115.2134658, 36.136727099700003 ], [ -115.2134631, 36.136727099700003 ], [ -115.2134631, 36.136718999700001 ], [ -115.2134739, 36.136718999700001 ], [ -115.2134739, 36.136716299699998 ], [ -115.2134766, 36.136716299699998 ], [ -115.2134766, 36.136708199700003 ], [ -115.2134793, 36.136708199700003 ], [ -115.2134793, 36.136710899699999 ], [ -115.2134847, 36.136710899699999 ], [ -115.2134847, 36.136716299699998 ], [ -115.2134955, 36.136716299699998 ], [ -115.2134955, 36.136718999700001 ], [ -115.2135441, 36.136718999700001 ], [ -115.2135441, 36.136721699699997 ], [ -115.2135495, 36.136721699699997 ], [ -115.2135495, 36.136729799699999 ], [ -115.2135522, 36.136729799699999 ], [ -115.2135522, 36.136737899700002 ], [ -115.2135495, 36.136737899700002 ], [ -115.2135495, 36.136743299700001 ], [ -115.2135522, 36.136743299700001 ], [ -115.2135522, 36.136751399700003 ], [ -115.2135549, 36.136751399700003 ], [ -115.2135549, 36.136754099699999 ], [ -115.213563, 36.136754099699999 ], [ -115.213563, 36.136751399700003 ], [ -115.2135819, 36.136751399700003 ], [ -115.2135819, 36.1367486997 ], [ -115.2136008, 36.1367486997 ], [ -115.2136008, 36.136751399700003 ], [ -115.2136035, 36.136751399700003 ], [ -115.2136035, 36.1367486997 ], [ -115.2136278, 36.1367486997 ], [ -115.2136278, 36.136751399700003 ], [ -115.2136359, 36.136751399700003 ], [ -115.2136359, 36.136754099699999 ], [ -115.2136413, 36.136754099699999 ], [ -115.2136413, 36.136759499699998 ], [ -115.213644, 36.136759499699998 ], [ -115.213644, 36.1367918997 ], [ -115.2136467, 36.1367918997 ], [ -115.2136467, 36.136821599699999 ], [ -115.2136494, 36.136821599699999 ], [ -115.2136494, 36.1368647997 ], [ -115.2136521, 36.1368647997 ], [ -115.2136521, 36.1368836997 ], [ -115.2136548, 36.1368836997 ], [ -115.2136548, 36.136886399699996 ], [ -115.2136521, 36.136886399699996 ], [ -115.2136521, 36.136894499699999 ], [ -115.2136278, 36.136894499699999 ], [ -115.2136278, 36.136897199700002 ] ] ] } },
{ "type": "Feature", "properties": { "value": 255.0 }, "geometry": { "type": "Polygon", "coordinates": [ [ [ -115.2142488, 36.136872899700002 ], [ -115.2141786, 36.136872899700002 ], [ -115.2141786, 36.136853999700001 ], [ -115.2141813, 36.136853999700001 ], [ -115.2141813, 36.136837799699997 ], [ -115.2141786, 36.136837799699997 ], [ -115.2141786, 36.136821599699999 ], [ -115.2141759, 36.136821599699999 ], [ -115.2141759, 36.136805399700002 ], [ -115.2141732, 36.136805399700002 ], [ -115.2141732, 36.1367972997 ], [ -115.2141705, 36.1367972997 ], [ -115.2141705, 36.136783799699998 ], [ -115.2141732, 36.136783799699998 ], [ -115.2141732, 36.1367729997 ], [ -115.2141759, 36.1367729997 ], [ -115.2141759, 36.136751399700003 ], [ -115.2141732, 36.136751399700003 ], [ -115.2141732, 36.136740599699998 ], [ -115.2141759, 36.136740599699998 ], [ -115.2141759, 36.136735199699999 ], [ -115.2141786, 36.136735199699999 ], [ -115.2141786, 36.136732499700003 ], [ -115.214184, 36.136732499700003 ], [ -115.214184, 36.136729799699999 ], [ -115.2141894, 36.136729799699999 ], [ -115.2141894, 36.136732499700003 ], [ -115.2141948, 36.136732499700003 ], [ -115.2141948, 36.136735199699999 ], [ -115.2141975, 36.136735199699999 ], [ -115.2141975, 36.136737899700002 ], [ -115.2142056, 36.136737899700002 ], [ -115.2142056, 36.136735199699999 ], [ -115.2142083, 36.136735199699999 ], [ -115.2142083, 36.136732499700003 ], [ -115.214211, 36.136732499700003 ], [ -115.214211, 36.136727099700003 ], [ -115.2142191, 36.136727099700003 ], [ -115.2142191, 36.1367243997 ], [ -115.2142218, 36.1367243997 ], [ -115.2142218, 36.136727099700003 ], [ -115.2142245, 36.136727099700003 ], [ -115.2142245, 36.1367243997 ], [ -115.2142272, 36.1367243997 ], [ -115.2142272, 36.136721699699997 ], [ -115.2142326, 36.136721699699997 ], [ -115.2142326, 36.1367243997 ], [ -115.214238, 36.1367243997 ], [ -115.214238, 36.136721699699997 ], [ -115.2142407, 36.136721699699997 ], [ -115.2142407, 36.136713599700002 ], [ -115.2142569, 36.136713599700002 ], [ -115.2142569, 36.136716299699998 ], [ -115.2142542, 36.136716299699998 ], [ -115.2142542, 36.136718999700001 ], [ -115.214265, 36.136718999700001 ], [ -115.214265, 36.136713599700002 ], [ -115.2142677, 36.136713599700002 ], [ -115.2142677, 36.136710899699999 ], [ -115.2142758, 36.136710899699999 ], [ -115.2142758, 36.136708199700003 ], [ -115.2143379, 36.136708199700003 ], [ -115.2143379, 36.136716299699998 ], [ -115.2143406, 36.136716299699998 ], [ -115.2143406, 36.136721699699997 ], [ -115.2143433, 36.136721699699997 ], [ -115.2143433, 36.1367243997 ], [ -115.214346, 36.1367243997 ], [ -115.214346, 36.136727099700003 ], [ -115.2143487, 36.136727099700003 ], [ -115.2143487, 36.136729799699999 ], [ -115.2143514, 36.136729799699999 ], [ -115.2143514, 36.136732499700003 ], [ -115.2143541, 36.136732499700003 ], [ -115.2143541, 36.136759499699998 ], [ -115.2143568, 36.136759499699998 ], [ -115.2143568, 36.136805399700002 ], [ -115.2143406, 36.136805399700002 ], [ -115.2143406, 36.136808099699998 ], [ -115.214319, 36.136808099699998 ], [ -115.214319, 36.136810799700001 ], [ -115.2142596, 36.136810799700001 ], [ -115.2142596, 36.136813499699997 ], [ -115.2142542, 36.136813499699997 ], [ -115.2142542, 36.136862099699997 ], [ -115.2142569, 36.136862099699997 ], [ -115.2142569, 36.136867499700003 ], [ -115.2142542, 36.136867499700003 ], [ -115.2142542, 36.136870199699999 ], [ -115.2142488, 36.136870199699999 ], [ -115.2142488, 36.136872899700002 ] ] ] } },
{ "type": "Feature", "properties": { "value": 255.0 }, "geometry": { "type": "Polygon", "coordinates": [ [ [ -115.2129798, 36.136727099700003 ], [ -115.2129609, 36.136727099700003 ], [ -115.2129609, 36.136721699699997 ], [ -115.2129582, 36.136721699699997 ], [ -115.2129582, 36.1367054997 ], [ -115.2129609, 36.1367054997 ], [ -115.2129609, 36.136702799699997 ], [ -115.2129825, 36.136702799699997 ], [ -115.2129825, 36.1367054997 ], [ -115.2129879, 36.1367054997 ], [ -115.2129879, 36.136713599700002 ], [ -115.2129852, 36.136713599700002 ], [ -115.2129852, 36.136718999700001 ], [ -115.2129825, 36.136718999700001 ], [ -115.2129825, 36.1367243997 ], [ -115.2129798, 36.1367243997 ], [ -115.2129798, 36.136727099700003 ] ] ] } },
{ "type": "Feature", "properties": { "value": 255.0 }, "geometry": { "type": "Polygon", "coordinates": [ [ [ -115.2144135, 36.136670399700002 ], [ -115.2144108, 36.136670399700002 ], [ -115.2144108, 36.136667699699998 ], [ -115.2143865, 36.136667699699998 ], [ -115.2143865, 36.136654199699997 ], [ -115.2143892, 36.136654199699997 ], [ -115.2143892, 36.136651499700001 ], [ -115.21439190000001, 36.136651499700001 ], [ -115.21439190000001, 36.136648799699998 ], [ -115.2144135, 36.136648799699998 ], [ -115.2144135, 36.136646099700002 ], [ -115.2144162, 36.136646099700002 ], [ -115.2144162, 36.136648799699998 ], [ -115.2144189, 36.136648799699998 ], [ -115.2144189, 36.136667699699998 ], [ -115.2144135, 36.136667699699998 ], [ -115.2144135, 36.136670399700002 ] ] ] } },
{ "type": "Feature", "properties": { "value": 255.0 }, "geometry": { "type": "Polygon", "coordinates": [ [ [ -115.2138735, 36.136573199700003 ], [ -115.2138465, 36.136573199700003 ], [ -115.2138465, 36.136567799700003 ], [ -115.2138438, 36.136567799700003 ], [ -115.2138438, 36.136559699700001 ], [ -115.2138411, 36.136559699700001 ], [ -115.2138411, 36.136551599699999 ], [ -115.2138438, 36.136551599699999 ], [ -115.2138438, 36.1365461997 ], [ -115.2138465, 36.1365461997 ], [ -115.2138465, 36.136543499700004 ], [ -115.2138627, 36.136543499700004 ], [ -115.2138627, 36.136540799700001 ], [ -115.2138681, 36.136540799700001 ], [ -115.2138681, 36.136543499700004 ], [ -115.2138708, 36.136543499700004 ], [ -115.2138708, 36.136540799700001 ], [ -115.2138816, 36.136540799700001 ], [ -115.2138816, 36.136543499700004 ], [ -115.2138924, 36.136543499700004 ], [ -115.2138924, 36.1365461997 ], [ -115.2138978, 36.1365461997 ], [ -115.2138978, 36.136548899700003 ], [ -115.2139005, 36.136548899700003 ], [ -115.2139005, 36.1365650997 ], [ -115.2138897, 36.1365650997 ], [ -115.2138897, 36.136567799700003 ], [ -115.2138816, 36.136567799700003 ], [ -115.2138816, 36.136570499699999 ], [ -115.2138735, 36.136570499699999 ], [ -115.2138735, 36.136573199700003 ] ] ] } },
{ "type": "Feature", "properties": { "value": 255.0 }, "geometry": { "type": "Polygon", "coordinates": [ [ [ -115.2137277, 36.136554299700002 ], [ -115.2137223, 36.136554299700002 ], [ -115.2137223, 36.136551599699999 ], [ -115.2137169, 36.136551599699999 ], [ -115.2137169, 36.136554299700002 ], [ -115.2137115, 36.136554299700002 ], [ -115.2137115, 36.136551599699999 ], [ -115.2137007, 36.136551599699999 ], [ -115.2137007, 36.1365461997 ], [ -115.213698, 36.1365461997 ], [ -115.213698, 36.136540799700001 ], [ -115.2137007, 36.136540799700001 ], [ -115.2137007, 36.136535399700001 ], [ -115.2137088, 36.136535399700001 ], [ -115.2137088, 36.136538099699997 ], [ -115.2137142, 36.136538099699997 ], [ -115.2137142, 36.136535399700001 ], [ -115.2137169, 36.136535399700001 ], [ -115.2137169, 36.136538099699997 ], [ -115.2137277, 36.136538099699997 ], [ -115.2137277, 36.136554299700002 ] ] ] } },
{ "type": "Feature", "properties": { "value": 255.0 }, "geometry": { "type": "Polygon", "coordinates": [ [ [ -115.2130311, 36.136686599699999 ], [ -115.212996, 36.136686599699999 ], [ -115.212996, 36.136683899700003 ], [ -115.2129933, 36.136683899700003 ], [ -115.2129933, 36.136667699699998 ], [ -115.2129906, 36.136667699699998 ], [ -115.2129906, 36.136648799699998 ], [ -115.2129879, 36.136648799699998 ], [ -115.2129879, 36.136616399700003 ], [ -115.2129906, 36.136616399700003 ], [ -115.2129906, 36.136605599699998 ], [ -115.2129933, 36.136605599699998 ], [ -115.2129933, 36.136559699700001 ], [ -115.212996, 36.136559699700001 ], [ -115.212996, 36.136556999699998 ], [ -115.2129987, 36.136556999699998 ], [ -115.2129987, 36.136554299700002 ], [ -115.2130014, 36.136554299700002 ], [ -115.2130014, 36.136551599699999 ], [ -115.2130041, 36.136551599699999 ], [ -115.2130041, 36.136540799700001 ], [ -115.2130014, 36.136540799700001 ], [ -115.2130014, 36.136535399700001 ], [ -115.2130041, 36.136535399700001 ], [ -115.2130041, 36.136529999700002 ], [ -115.2130068, 36.136529999700002 ], [ -115.2130068, 36.136527299699999 ], [ -115.2130095, 36.136527299699999 ], [ -115.2130095, 36.136524599700003 ], [ -115.2130122, 36.136524599700003 ], [ -115.2130122, 36.1365218997 ], [ -115.2130203, 36.1365218997 ], [ -115.2130203, 36.136519199700004 ], [ -115.2130257, 36.136519199700004 ], [ -115.2130257, 36.1365218997 ], [ -115.2130338, 36.1365218997 ], [ -115.2130338, 36.136519199700004 ], [ -115.2130635, 36.136519199700004 ], [ -115.2130635, 36.136516499700001 ], [ -115.2130689, 36.136516499700001 ], [ -115.2130689, 36.136519199700004 ], [ -115.2131094, 36.136519199700004 ], [ -115.2131094, 36.136516499700001 ], [ -115.2131121, 36.136516499700001 ], [ -115.2131121, 36.136484099699999 ], [ -115.2131094, 36.136484099699999 ], [ -115.2131094, 36.136481399700003 ], [ -115.2131121, 36.136481399700003 ], [ -115.2131121, 36.1364786997 ], [ -115.2131094, 36.1364786997 ], [ -115.2131094, 36.136465199699998 ], [ -115.2131121, 36.136465199699998 ], [ -115.2131121, 36.136462499700002 ], [ -115.2131553, 36.136462499700002 ], [ -115.2131553, 36.136459799699999 ], [ -115.2131796, 36.136459799699999 ], [ -115.2131796, 36.136462499700002 ], [ -115.213185, 36.136462499700002 ], [ -115.213185, 36.136502999699999 ], [ -115.2131877, 36.136502999699999 ], [ -115.2131877, 36.136554299700002 ], [ -115.2131904, 36.136554299700002 ], [ -115.2131904, 36.136562399699997 ], [ -115.2131877, 36.136562399699997 ], [ -115.2131877, 36.1365650997 ], [ -115.2131904, 36.1365650997 ], [ -115.2131904, 36.136597499700002 ], [ -115.2131877, 36.136597499700002 ], [ -115.2131877, 36.136600199699998 ], [ -115.2131202, 36.136600199699998 ], [ -115.2131202, 36.136602899700002 ], [ -115.2130608, 36.136602899700002 ], [ -115.2130608, 36.136629899699997 ], [ -115.2130581, 36.136629899699997 ], [ -115.2130581, 36.1366325997 ], [ -115.2130419, 36.1366325997 ], [ -115.2130419, 36.136635299700004 ], [ -115.2130338, 36.136635299700004 ], [ -115.2130338, 36.136683899700003 ], [ -115.2130311, 36.136683899700003 ], [ -115.2130311, 36.136686599699999 ] ] ] } },
{ "type": "Feature", "properties": { "value": 255.0 }, "geometry": { "type": "Polygon", "coordinates": [ [ [ -115.2128934, 36.136640699700003 ], [ -115.2128475, 36.136640699700003 ], [ -115.2128475, 36.1366379997 ], [ -115.2128448, 36.1366379997 ], [ -115.2128448, 36.136624499699998 ], [ -115.2128421, 36.136624499699998 ], [ -115.2128421, 36.1366136997 ], [ -115.2128394, 36.1366136997 ], [ -115.2128394, 36.136610999700004 ], [ -115.2127935, 36.136610999700004 ], [ -115.2127935, 36.1366136997 ], [ -115.21278, 36.1366136997 ], [ -115.21278, 36.136610999700004 ], [ -115.2127773, 36.136610999700004 ], [ -115.2127773, 36.136605599699998 ], [ -115.2127746, 36.136605599699998 ], [ -115.2127746, 36.136567799700003 ], [ -115.2127719, 36.136567799700003 ], [ -115.2127719, 36.136535399700001 ], [ -115.2127692, 36.136535399700001 ], [ -115.2127692, 36.136508399699999 ], [ -115.2127665, 36.136508399699999 ], [ -115.2127665, 36.136500299700003 ], [ -115.2127692, 36.136500299700003 ], [ -115.2127692, 36.136494899699997 ], [ -115.2127773, 36.136494899699997 ], [ -115.2127773, 36.136492199700001 ], [ -115.2128421, 36.136492199700001 ], [ -115.2128421, 36.136489499699998 ], [ -115.2128529, 36.136489499699998 ], [ -115.2128529, 36.136484099699999 ], [ -115.2128556, 36.136484099699999 ], [ -115.2128556, 36.136481399700003 ], [ -115.2128583, 36.136481399700003 ], [ -115.2128583, 36.1364786997 ], [ -115.212861, 36.1364786997 ], [ -115.212861, 36.1364732997 ], [ -115.2128718, 36.1364732997 ], [ -115.2128718, 36.136470599699997 ], [ -115.2129285, 36.136470599699997 ], [ -115.2129285, 36.136467899700001 ], [ -115.2129393, 36.136467899700001 ], [ -115.2129393, 36.136470599699997 ], [ -115.212942, 36.136470599699997 ], [ -115.212942, 36.136475999700004 ], [ -115.2129447, 36.136475999700004 ], [ -115.2129447, 36.136535399700001 ], [ -115.2129204, 36.136535399700001 ], [ -115.2129204, 36.136538099699997 ], [ -115.212915, 36.136538099699997 ], [ -115.212915, 36.136540799700001 ], [ -115.2129123, 36.136540799700001 ], [ -115.2129123, 36.136554299700002 ], [ -115.212915, 36.136554299700002 ], [ -115.212915, 36.136635299700004 ], [ -115.2129123, 36.136635299700004 ], [ -115.2129123, 36.1366379997 ], [ -115.2128934, 36.1366379997 ], [ -115.2128934, 36.136640699700003 ] ] ] } },
{ "type": "Feature", "properties": { "value": 255.0 }, "geometry": { "type": "Polygon", "coordinates": [ [ [ -115.2134199, 36.1366379997 ], [ -115.2133551, 36.1366379997 ], [ -115.2133551, 36.136635299700004 ], [ -115.2133011, 36.136635299700004 ], [ -115.2133011, 36.1366379997 ], [ -115.213266, 36.1366379997 ], [ -115.213266, 36.136635299700004 ], [ -115.2132633, 36.136635299700004 ], [ -115.2132633, 36.1366379997 ], [ -115.2132606, 36.1366379997 ], [ -115.2132606, 36.136635299700004 ], [ -115.2132525, 36.136635299700004 ], [ -115.2132525, 36.1366325997 ], [ -115.2132498, 36.1366325997 ], [ -115.2132498, 36.136610999700004 ], [ -115.2132471, 36.136610999700004 ], [ -115.2132471, 36.136594799699999 ], [ -115.2132444, 36.136594799699999 ], [ -115.2132444, 36.136535399700001 ], [ -115.2132417, 36.136535399700001 ], [ -115.2132417, 36.136524599700003 ], [ -115.2132444, 36.136524599700003 ], [ -115.2132444, 36.1365218997 ], [ -115.2132417, 36.1365218997 ], [ -115.2132417, 36.136470599699997 ], [ -115.213239, 36.136470599699997 ], [ -115.213239, 36.136459799699999 ], [ -115.2132444, 36.136459799699999 ], [ -115.2132444, 36.136457099700003 ], [ -115.2133011, 36.136457099700003 ], [ -115.2133011, 36.1364543997 ], [ -115.2133065, 36.1364543997 ], [ -115.2133065, 36.136457099700003 ], [ -115.2133119, 36.136457099700003 ], [ -115.2133119, 36.136467899700001 ], [ -115.2133146, 36.136467899700001 ], [ -115.2133146, 36.136494899699997 ], [ -115.2133173, 36.136494899699997 ], [ -115.2133173, 36.136508399699999 ], [ -115.2133713, 36.136508399699999 ], [ -115.2133713, 36.136511099700002 ], [ -115.2134145, 36.136511099700002 ], [ -115.2134145, 36.136513799699998 ], [ -115.2134226, 36.136513799699998 ], [ -115.2134226, 36.136516499700001 ], [ -115.2134253, 36.136516499700001 ], [ -115.2134253, 36.1365218997 ], [ -115.2134226, 36.1365218997 ], [ -115.2134226, 36.136540799700001 ], [ -115.2134253, 36.136540799700001 ], [ -115.2134253, 36.136551599699999 ], [ -115.213428, 36.136551599699999 ], [ -115.213428, 36.136554299700002 ], [ -115.2134334, 36.136554299700002 ], [ -115.2134334, 36.136556999699998 ], [ -115.2134388, 36.136556999699998 ], [ -115.2134388, 36.136559699700001 ], [ -115.2134469, 36.136559699700001 ], [ -115.2134469, 36.136562399699997 ], [ -115.2134523, 36.136562399699997 ], [ -115.2134523, 36.136573199700003 ], [ -115.213455, 36.136573199700003 ], [ -115.213455, 36.136594799699999 ], [ -115.213428, 36.136594799699999 ], [ -115.213428, 36.136597499700002 ], [ -115.2134253, 36.136597499700002 ], [ -115.2134253, 36.1366325997 ], [ -115.2134226, 36.1366325997 ], [ -115.2134226, 36.136635299700004 ], [ -115.2134199, 36.136635299700004 ], [ -115.2134199, 36.1366379997 ] ] ] } },
{ "type": "Feature", "properties": { "value": 255.0 }, "geometry": { "type": "Polygon", "coordinates": [ [ [ -115.2135036, 36.136608299700001 ], [ -115.2134901, 36.136608299700001 ], [ -115.2134901, 36.136605599699998 ], [ -115.2134874, 36.136605599699998 ], [ -115.2134874, 36.136570499699999 ], [ -115.2134847, 36.136570499699999 ], [ -115.2134847, 36.136567799700003 ], [ -115.2134874, 36.136567799700003 ], [ -115.2134874, 36.136540799700001 ], [ -115.2134847, 36.136540799700001 ], [ -115.2134847, 36.136519199700004 ], [ -115.213482, 36.136519199700004 ], [ -115.213482, 36.136502999699999 ], [ -115.2134847, 36.136502999699999 ], [ -115.2134847, 36.136486799700002 ], [ -115.2134874, 36.136486799700002 ], [ -115.2134874, 36.136484099699999 ], [ -115.2134901, 36.136484099699999 ], [ -115.2134901, 36.136481399700003 ], [ -115.2135009, 36.136481399700003 ], [ -115.2135009, 36.1364786997 ], [ -115.213509, 36.1364786997 ], [ -115.213509, 36.136475999700004 ], [ -115.2135117, 36.136475999700004 ], [ -115.2135117, 36.1364732997 ], [ -115.2135171, 36.1364732997 ], [ -115.2135171, 36.136470599699997 ], [ -115.2135225, 36.136470599699997 ], [ -115.2135225, 36.1364732997 ], [ -115.2135279, 36.1364732997 ], [ -115.2135279, 36.136470599699997 ], [ -115.2135333, 36.136470599699997 ], [ -115.2135333, 36.1364732997 ], [ -115.213536, 36.1364732997 ], [ -115.213536, 36.136475999700004 ], [ -115.2135441, 36.136475999700004 ], [ -115.2135441, 36.136481399700003 ], [ -115.2135468, 36.136481399700003 ], [ -115.2135468, 36.136484099699999 ], [ -115.2135495, 36.136484099699999 ], [ -115.2135495, 36.136486799700002 ], [ -115.2135522, 36.136486799700002 ], [ -115.2135522, 36.136489499699998 ], [ -115.2135603, 36.136489499699998 ], [ -115.2135603, 36.136492199700001 ], [ -115.2135657, 36.136492199700001 ], [ -115.2135657, 36.136489499699998 ], [ -115.2135684, 36.136489499699998 ], [ -115.2135684, 36.136484099699999 ], [ -115.2135711, 36.136484099699999 ], [ -115.2135711, 36.136481399700003 ], [ -115.2135738, 36.136481399700003 ], [ -115.2135738, 36.136470599699997 ], [ -115.2135765, 36.136470599699997 ], [ -115.2135765, 36.136459799699999 ], [ -115.2135738, 36.136459799699999 ], [ -115.2135738, 36.136457099700003 ], [ -115.2135711, 36.136457099700003 ], [ -115.2135711, 36.136448999700001 ], [ -115.2135765, 36.136448999700001 ], [ -115.2135765, 36.136446299699998 ], [ -115.213644, 36.136446299699998 ], [ -115.213644, 36.136443599700002 ], [ -115.2136521, 36.136443599700002 ], [ -115.2136521, 36.136446299699998 ], [ -115.2136548, 36.136446299699998 ], [ -115.2136548, 36.136448999700001 ], [ -115.2136575, 36.136448999700001 ], [ -115.2136575, 36.1364975997 ], [ -115.2136602, 36.1364975997 ], [ -115.2136602, 36.136538099699997 ], [ -115.2136629, 36.136538099699997 ], [ -115.2136629, 36.136592099700003 ], [ -115.2136602, 36.136592099700003 ], [ -115.2136602, 36.136602899700002 ], [ -115.2136305, 36.136602899700002 ], [ -115.2136305, 36.136605599699998 ], [ -115.2135036, 36.136605599699998 ], [ -115.2135036, 36.136608299700001 ] ] ] } },
{ "type": "Feature", "properties": { "value": 255.0 }, "geometry": { "type": "Polygon", "coordinates": [ [ [ -115.2137682, 36.1365893997 ], [ -115.2137574, 36.1365893997 ], [ -115.2137574, 36.136586699699997 ], [ -115.2137547, 36.136586699699997 ], [ -115.2137547, 36.136583999700001 ], [ -115.2137466, 36.136583999700001 ], [ -115.2137466, 36.136581299699998 ], [ -115.2137439, 36.136581299699998 ], [ -115.2137439, 36.136575899699999 ], [ -115.2137412, 36.136575899699999 ], [ -115.2137412, 36.136570499699999 ], [ -115.2137385, 36.136570499699999 ], [ -115.2137385, 36.1365650997 ], [ -115.2137358, 36.1365650997 ], [ -115.2137358, 36.136554299700002 ], [ -115.2137385, 36.136554299700002 ], [ -115.2137385, 36.136519199700004 ], [ -115.2137331, 36.136519199700004 ], [ -115.2137331, 36.136516499700001 ], [ -115.2136872, 36.136516499700001 ], [ -115.2136872, 36.136513799699998 ], [ -115.2136818, 36.136513799699998 ], [ -115.2136818, 36.136511099700002 ], [ -115.2136791, 36.136511099700002 ], [ -115.2136791, 36.136502999699999 ], [ -115.2136764, 36.136502999699999 ], [ -115.2136764, 36.136489499699998 ], [ -115.2136791, 36.136489499699998 ], [ -115.2136791, 36.136475999700004 ], [ -115.2136764, 36.136475999700004 ], [ -115.2136764, 36.136459799699999 ], [ -115.2136791, 36.136459799699999 ], [ -115.2136791, 36.136446299699998 ], [ -115.2136818, 36.136446299699998 ], [ -115.2136818, 36.136443599700002 ], [ -115.2136845, 36.136443599700002 ], [ -115.2136845, 36.136440899699998 ], [ -115.213698, 36.136440899699998 ], [ -115.213698, 36.136438199700002 ], [ -115.2137385, 36.136438199700002 ], [ -115.2137385, 36.136435499699999 ], [ -115.2137547, 36.136435499699999 ], [ -115.2137547, 36.136432799700003 ], [ -115.2137682, 36.136432799700003 ], [ -115.2137682, 36.136435499699999 ], [ -115.2137952, 36.136435499699999 ], [ -115.2137952, 36.136432799700003 ], [ -115.2138033, 36.136432799700003 ], [ -115.2138033, 36.136435499699999 ], [ -115.2138114, 36.136435499699999 ], [ -115.2138114, 36.136432799700003 ], [ -115.2138222, 36.136432799700003 ], [ -115.2138222, 36.136435499699999 ], [ -115.2138384, 36.136435499699999 ], [ -115.2138384, 36.136432799700003 ], [ -115.2138681, 36.136432799700003 ], [ -115.2138681, 36.136435499699999 ], [ -115.2138762, 36.136435499699999 ], [ -115.2138762, 36.136440899699998 ], [ -115.2138789, 36.136440899699998 ], [ -115.2138789, 36.136481399700003 ], [ -115.2138816, 36.136481399700003 ], [ -115.2138816, 36.136508399699999 ], [ -115.2138789, 36.136508399699999 ], [ -115.2138789, 36.136511099700002 ], [ -115.2138546, 36.136511099700002 ], [ -115.2138546, 36.136513799699998 ], [ -115.2138276, 36.136513799699998 ], [ -115.2138276, 36.136511099700002 ], [ -115.2138114, 36.136511099700002 ], [ -115.2138114, 36.136513799699998 ], [ -115.2138087, 36.136513799699998 ], [ -115.2138087, 36.1365461997 ], [ -115.2138114, 36.1365461997 ], [ -115.2138114, 36.136554299700002 ], [ -115.2138087, 36.136554299700002 ], [ -115.2138087, 36.136559699700001 ], [ -115.2138114, 36.136559699700001 ], [ -115.2138114, 36.1365650997 ], [ -115.2138087, 36.1365650997 ], [ -115.2138087, 36.136570499699999 ], [ -115.2137898, 36.136570499699999 ], [ -115.2137898, 36.136573199700003 ], [ -115.213779, 36.136573199700003 ], [ -115.213779, 36.136575899699999 ], [ -115.2137763, 36.136575899699999 ], [ -115.2137763, 36.136578599700002 ], [ -115.2137709, 36.136578599700002 ], [ -115.2137709, 36.136581299699998 ], [ -115.2137682, 36.136581299699998 ], [ -115.2137682, 36.136583999700001 ], [ -115.2137709, 36.136583999700001 ], [ -115.2137709, 36.136586699699997 ], [ -115.2137682, 36.136586699699997 ], [ -115.2137682, 36.1365893997 ] ] ] } },
{ "type": "Feature", "properties": { "value": 255.0 }, "geometry": { "type": "Polygon", "coordinates": [ [ [ -115.2140382, 36.136621799700002 ], [ -115.2139869, 36.136621799700002 ], [ -115.2139869, 36.136619099699999 ], [ -115.2139815, 36.136619099699999 ], [ -115.2139815, 36.136616399700003 ], [ -115.2139788, 36.136616399700003 ], [ -115.2139788, 36.1366136997 ], [ -115.2139761, 36.1366136997 ], [ -115.2139761, 36.136602899700002 ], [ -115.2139734, 36.136602899700002 ], [ -115.2139734, 36.136597499700002 ], [ -115.2139707, 36.136597499700002 ], [ -115.2139707, 36.136594799699999 ], [ -115.213968, 36.136594799699999 ], [ -115.213968, 36.136586699699997 ], [ -115.2139653, 36.136586699699997 ], [ -115.2139653, 36.136538099699997 ], [ -115.2139626, 36.136538099699997 ], [ -115.2139626, 36.136527299699999 ], [ -115.2139599, 36.136527299699999 ], [ -115.2139599, 36.136500299700003 ], [ -115.2139626, 36.136500299700003 ], [ -115.2139626, 36.136492199700001 ], [ -115.2139653, 36.136492199700001 ], [ -115.2139653, 36.136489499699998 ], [ -115.213968, 36.136489499699998 ], [ -115.213968, 36.136486799700002 ], [ -115.2139842, 36.136486799700002 ], [ -115.2139842, 36.136484099699999 ], [ -115.2140247, 36.136484099699999 ], [ -115.2140247, 36.136481399700003 ], [ -115.2140274, 36.136481399700003 ], [ -115.2140274, 36.1364786997 ], [ -115.2140544, 36.1364786997 ], [ -115.2140544, 36.1364732997 ], [ -115.2140598, 36.1364732997 ], [ -115.2140598, 36.136470599699997 ], [ -115.2140625, 36.136470599699997 ], [ -115.2140625, 36.1364543997 ], [ -115.2140598, 36.1364543997 ], [ -115.2140598, 36.136443599700002 ], [ -115.2140571, 36.136443599700002 ], [ -115.2140571, 36.136438199700002 ], [ -115.2140598, 36.136438199700002 ], [ -115.2140598, 36.136432799700003 ], [ -115.2140625, 36.136432799700003 ], [ -115.2140625, 36.1364300997 ], [ -115.2141084, 36.1364300997 ], [ -115.2141084, 36.136427399700004 ], [ -115.2141354, 36.136427399700004 ], [ -115.2141354, 36.1364300997 ], [ -115.2141381, 36.1364300997 ], [ -115.2141381, 36.136435499699999 ], [ -115.2141408, 36.136435499699999 ], [ -115.2141408, 36.1364732997 ], [ -115.2141435, 36.1364732997 ], [ -115.2141435, 36.136502999699999 ], [ -115.2141462, 36.136502999699999 ], [ -115.2141462, 36.136551599699999 ], [ -115.2141435, 36.136551599699999 ], [ -115.2141435, 36.136554299700002 ], [ -115.2141462, 36.136554299700002 ], [ -115.2141462, 36.136562399699997 ], [ -115.2141435, 36.136562399699997 ], [ -115.2141435, 36.1365650997 ], [ -115.2141057, 36.1365650997 ], [ -115.2141057, 36.136567799700003 ], [ -115.2140544, 36.136567799700003 ], [ -115.2140544, 36.136570499699999 ], [ -115.2140436, 36.136570499699999 ], [ -115.2140436, 36.136573199700003 ], [ -115.2140409, 36.136573199700003 ], [ -115.2140409, 36.136619099699999 ], [ -115.2140382, 36.136619099699999 ], [ -115.2140382, 36.136621799700002 ] ] ] } },
{ "type": "Feature", "properties": { "value": 255.0 }, "geometry": { "type": "Polygon", "coordinates": [ [ [ -115.2142083, 36.1365650997 ], [ -115.2141921, 36.1365650997 ], [ -115.2141921, 36.136562399699997 ], [ -115.2141867, 36.136562399699997 ], [ -115.2141867, 36.136556999699998 ], [ -115.214184, 36.136556999699998 ], [ -115.214184, 36.136535399700001 ], [ -115.2141813, 36.136535399700001 ], [ -115.2141813, 36.136486799700002 ], [ -115.2141786, 36.136486799700002 ], [ -115.2141786, 36.136451699700004 ], [ -115.2141759, 36.136451699700004 ], [ -115.2141759, 36.136438199700002 ], [ -115.2141732, 36.136438199700002 ], [ -115.2141732, 36.136432799700003 ], [ -115.2141759, 36.136432799700003 ], [ -115.2141759, 36.136427399700004 ], [ -115.2141813, 36.136427399700004 ], [ -115.2141813, 36.136424699700001 ], [ -115.2142488, 36.136424699700001 ], [ -115.2142488, 36.1364300997 ], [ -115.2142515, 36.1364300997 ], [ -115.2142515, 36.136443599700002 ], [ -115.2142542, 36.136443599700002 ], [ -115.2142542, 36.136457099700003 ], [ -115.2142569, 36.136457099700003 ], [ -115.2142569, 36.136470599699997 ], [ -115.2142596, 36.136470599699997 ], [ -115.2142596, 36.1364732997 ], [ -115.2142839, 36.1364732997 ], [ -115.2142839, 36.136475999700004 ], [ -115.2143271, 36.136475999700004 ], [ -115.2143271, 36.1364786997 ], [ -115.2143379, 36.1364786997 ], [ -115.2143379, 36.136475999700004 ], [ -115.214346, 36.136475999700004 ], [ -115.214346, 36.1364786997 ], [ -115.2143595, 36.1364786997 ], [ -115.2143595, 36.136484099699999 ], [ -115.2143622, 36.136484099699999 ], [ -115.2143622, 36.136500299700003 ], [ -115.2143595, 36.136500299700003 ], [ -115.2143595, 36.136513799699998 ], [ -115.2143622, 36.136513799699998 ], [ -115.2143622, 36.136548899700003 ], [ -115.2143595, 36.136548899700003 ], [ -115.2143595, 36.136556999699998 ], [ -115.2143163, 36.136556999699998 ], [ -115.2143163, 36.136559699700001 ], [ -115.2142785, 36.136559699700001 ], [ -115.2142785, 36.136562399699997 ], [ -115.2142083, 36.136562399699997 ], [ -115.2142083, 36.1365650997 ] ] ] } },
{ "type": "Feature", "properties": { "value": 255.0 }, "geometry": { "type": "Polygon", "coordinates": [ [ [ -115.2131067, 36.136197899700001 ], [ -115.2130932, 36.136197899700001 ], [ -115.2130932, 36.136195199699998 ], [ -115.2130716, 36.136195199699998 ], [ -115.2130716, 36.136192499700002 ], [ -115.2130689, 36.136192499700002 ], [ -115.2130689, 36.136146599699998 ], [ -115.2130716, 36.136146599699998 ], [ -115.2130716, 36.136141199699999 ], [ -115.213077, 36.136141199699999 ], [ -115.213077, 36.136138499700003 ], [ -115.2130959, 36.136138499700003 ], [ -115.2130959, 36.1361357997 ], [ -115.2131067, 36.1361357997 ], [ -115.2131067, 36.136138499700003 ], [ -115.2131175, 36.136138499700003 ], [ -115.2131175, 36.136141199699999 ], [ -115.2131364, 36.136141199699999 ], [ -115.2131364, 36.136143899700002 ], [ -115.2131445, 36.136143899700002 ], [ -115.2131445, 36.136146599699998 ], [ -115.213185, 36.136146599699998 ], [ -115.213185, 36.136143899700002 ], [ -115.2131931, 36.136143899700002 ], [ -115.2131931, 36.136141199699999 ], [ -115.2131985, 36.136141199699999 ], [ -115.2131985, 36.136138499700003 ], [ -115.2132066, 36.136138499700003 ], [ -115.2132066, 36.1361357997 ], [ -115.2132201, 36.1361357997 ], [ -115.2132201, 36.136133099700004 ], [ -115.2132255, 36.136133099700004 ], [ -115.2132255, 36.1361357997 ], [ -115.213239, 36.1361357997 ], [ -115.213239, 36.136138499700003 ], [ -115.2132444, 36.136138499700003 ], [ -115.2132444, 36.136141199699999 ], [ -115.2132471, 36.136141199699999 ], [ -115.2132471, 36.136168199700002 ], [ -115.2132498, 36.136168199700002 ], [ -115.2132498, 36.1361789997 ], [ -115.2132471, 36.1361789997 ], [ -115.2132471, 36.136184399699999 ], [ -115.2132498, 36.136184399699999 ], [ -115.2132498, 36.136187099700003 ], [ -115.2132471, 36.136187099700003 ], [ -115.2132471, 36.136189799699999 ], [ -115.213212, 36.136189799699999 ], [ -115.213212, 36.136192499700002 ], [ -115.213158, 36.136192499700002 ], [ -115.213158, 36.136195199699998 ], [ -115.2131067, 36.136195199699998 ], [ -115.2131067, 36.136197899700001 ] ] ] } },
{ "type": "Feature", "properties": { "value": 255.0 }, "geometry": { "type": "Polygon", "coordinates": [ [ [ -115.2130122, 36.136197899700001 ], [ -115.2129528, 36.136197899700001 ], [ -115.2129528, 36.136195199699998 ], [ -115.2129501, 36.136195199699998 ], [ -115.2129501, 36.136173599700001 ], [ -115.2129474, 36.136173599700001 ], [ -115.2129474, 36.136151999700004 ], [ -115.2129447, 36.136151999700004 ], [ -115.2129447, 36.136149299700001 ], [ -115.2129366, 36.136149299700001 ], [ -115.2129366, 36.136146599699998 ], [ -115.2129096, 36.136146599699998 ], [ -115.2129096, 36.136143899700002 ], [ -115.2129069, 36.136143899700002 ], [ -115.2129069, 36.136141199699999 ], [ -115.2129015, 36.136141199699999 ], [ -115.2129015, 36.136138499700003 ], [ -115.212861, 36.136138499700003 ], [ -115.212861, 36.136141199699999 ], [ -115.2128502, 36.136141199699999 ], [ -115.2128502, 36.136138499700003 ], [ -115.2128475, 36.136138499700003 ], [ -115.2128475, 36.136133099700004 ], [ -115.2128448, 36.136133099700004 ], [ -115.2128448, 36.136114199700003 ], [ -115.2128421, 36.136114199700003 ], [ -115.2128421, 36.136062899700001 ], [ -115.2128475, 36.136062899700001 ], [ -115.2128475, 36.136060199700005 ], [ -115.2128961, 36.136060199700005 ], [ -115.2128961, 36.136057499700001 ], [ -115.2128988, 36.136057499700001 ], [ -115.2128988, 36.136054799699998 ], [ -115.2129015, 36.136054799699998 ], [ -115.2129015, 36.136035899700005 ], [ -115.2129042, 36.136035899700005 ], [ -115.2129042, 36.136033199700002 ], [ -115.2129204, 36.136033199700002 ], [ -115.2129204, 36.136035899700005 ], [ -115.212969, 36.136035899700005 ], [ -115.212969, 36.136033199700002 ], [ -115.2129798, 36.136033199700002 ], [ -115.2129798, 36.136052099700002 ], [ -115.2129825, 36.136052099700002 ], [ -115.2129825, 36.136060199700005 ], [ -115.2129852, 36.136060199700005 ], [ -115.2129852, 36.136124999700002 ], [ -115.2129879, 36.136124999700002 ], [ -115.2129879, 36.136127699700005 ], [ -115.2130257, 36.136127699700005 ], [ -115.2130257, 36.136130399700001 ], [ -115.2130284, 36.136130399700001 ], [ -115.2130284, 36.136133099700004 ], [ -115.2130311, 36.136133099700004 ], [ -115.2130311, 36.1361789997 ], [ -115.2130338, 36.1361789997 ], [ -115.2130338, 36.136189799699999 ], [ -115.2130311, 36.136189799699999 ], [ -115.2130311, 36.136192499700002 ], [ -115.2130284, 36.136192499700002 ], [ -115.2130284, 36.136195199699998 ], [ -115.2130122, 36.136195199699998 ], [ -115.2130122, 36.136197899700001 ] ] ] } },
{ "type": "Feature", "properties": { "value": 255.0 }, "geometry": { "type": "Polygon", "coordinates": [ [ [ -115.2134766, 36.136181699700003 ], [ -115.2134118, 36.136181699700003 ], [ -115.2134118, 36.1361789997 ], [ -115.2134064, 36.1361789997 ], [ -115.2134064, 36.136176299700004 ], [ -115.2134037, 36.136176299700004 ], [ -115.2134037, 36.136146599699998 ], [ -115.213401, 36.136146599699998 ], [ -115.213401, 36.136127699700005 ], [ -115.2133956, 36.136127699700005 ], [ -115.2133956, 36.136124999700002 ], [ -115.2133335, 36.136124999700002 ], [ -115.2133335, 36.136127699700005 ], [ -115.2133254, 36.136127699700005 ], [ -115.2133254, 36.136124999700002 ], [ -115.21332, 36.136124999700002 ], [ -115.21332, 36.136122299699998 ], [ -115.2133173, 36.136122299699998 ], [ -115.2133173, 36.136119599700002 ], [ -115.2133146, 36.136119599700002 ], [ -115.2133146, 36.136116899699999 ], [ -115.2133119, 36.136116899699999 ], [ -115.2133119, 36.1361114997 ], [ -115.2133092, 36.1361114997 ], [ -115.2133092, 36.1360925997 ], [ -115.2133065, 36.1360925997 ], [ -115.2133065, 36.136065599700004 ], [ -115.2133038, 36.136065599700004 ], [ -115.2133038, 36.136049399699999 ], [ -115.2133065, 36.136049399699999 ], [ -115.2133065, 36.1360439997 ], [ -115.2133119, 36.1360439997 ], [ -115.2133119, 36.136041299700004 ], [ -115.2133389, 36.136041299700004 ], [ -115.2133389, 36.136038599700001 ], [ -115.2133497, 36.136038599700001 ], [ -115.2133497, 36.136035899700005 ], [ -115.2133605, 36.136035899700005 ], [ -115.2133605, 36.136033199700002 ], [ -115.2133983, 36.136033199700002 ], [ -115.2133983, 36.136035899700005 ], [ -115.2134415, 36.136035899700005 ], [ -115.2134415, 36.136038599700001 ], [ -115.2134658, 36.136038599700001 ], [ -115.2134658, 36.136041299700004 ], [ -115.2134685, 36.136041299700004 ], [ -115.2134685, 36.1360439997 ], [ -115.2134712, 36.1360439997 ], [ -115.2134712, 36.136079099699998 ], [ -115.2134739, 36.136079099699998 ], [ -115.2134739, 36.136116899699999 ], [ -115.2134766, 36.136116899699999 ], [ -115.2134766, 36.136149299700001 ], [ -115.2134793, 36.136149299700001 ], [ -115.2134793, 36.136165499699999 ], [ -115.213482, 36.136165499699999 ], [ -115.213482, 36.136170899699998 ], [ -115.2134793, 36.136170899699998 ], [ -115.2134793, 36.1361789997 ], [ -115.2134766, 36.1361789997 ], [ -115.2134766, 36.136181699700003 ] ] ] } },
{ "type": "Feature", "properties": { "value": 255.0 }, "geometry": { "type": "Polygon", "coordinates": [ [ [ -115.2142731, 36.1361546997 ], [ -115.2142245, 36.1361546997 ], [ -115.2142245, 36.136151999700004 ], [ -115.2142218, 36.136151999700004 ], [ -115.2142218, 36.136124999700002 ], [ -115.2142191, 36.136124999700002 ], [ -115.2142191, 36.136076399700002 ], [ -115.2142218, 36.136076399700002 ], [ -115.2142218, 36.136030499699999 ], [ -115.2142245, 36.136030499699999 ], [ -115.2142245, 36.136027799700003 ], [ -115.2142272, 36.136027799700003 ], [ -115.2142272, 36.136025099699999 ], [ -115.2142326, 36.136025099699999 ], [ -115.2142326, 36.136027799700003 ], [ -115.2142785, 36.136027799700003 ], [ -115.2142785, 36.136030499699999 ], [ -115.2142974, 36.136030499699999 ], [ -115.2142974, 36.136027799700003 ], [ -115.2143055, 36.136027799700003 ], [ -115.2143055, 36.136030499699999 ], [ -115.2143163, 36.136030499699999 ], [ -115.2143163, 36.136033199700002 ], [ -115.2143757, 36.136033199700002 ], [ -115.2143757, 36.136038599700001 ], [ -115.2143784, 36.136038599700001 ], [ -115.2143784, 36.136062899700001 ], [ -115.2143811, 36.136062899700001 ], [ -115.2143811, 36.136114199700003 ], [ -115.2143838, 36.136114199700003 ], [ -115.2143838, 36.136143899700002 ], [ -115.2143811, 36.136143899700002 ], [ -115.2143811, 36.136146599699998 ], [ -115.2143784, 36.136146599699998 ], [ -115.2143784, 36.136149299700001 ], [ -115.2143271, 36.136149299700001 ], [ -115.2143271, 36.136151999700004 ], [ -115.2142731, 36.136151999700004 ], [ -115.2142731, 36.1361546997 ] ] ] } },
{ "type": "Feature", "properties": { "value": 255.0 }, "geometry": { "type": "Polygon", "coordinates": [ [ [ -115.2135657, 36.1361789997 ], [ -115.2135279, 36.1361789997 ], [ -115.2135279, 36.136176299700004 ], [ -115.2135252, 36.136176299700004 ], [ -115.2135252, 36.136173599700001 ], [ -115.2135225, 36.136173599700001 ], [ -115.2135225, 36.136149299700001 ], [ -115.2135252, 36.136149299700001 ], [ -115.2135252, 36.136143899700002 ], [ -115.2135225, 36.136143899700002 ], [ -115.2135225, 36.136116899699999 ], [ -115.2135252, 36.136116899699999 ], [ -115.2135252, 36.136081799700001 ], [ -115.2135225, 36.136081799700001 ], [ -115.2135225, 36.136073699699999 ], [ -115.2135198, 36.136073699699999 ], [ -115.2135198, 36.136054799699998 ], [ -115.2135225, 36.136054799699998 ], [ -115.2135225, 36.136052099700002 ], [ -115.2135252, 36.136052099700002 ], [ -115.2135252, 36.136049399699999 ], [ -115.2135819, 36.136049399699999 ], [ -115.2135819, 36.136046699700003 ], [ -115.2136116, 36.136046699700003 ], [ -115.2136116, 36.1360439997 ], [ -115.2136278, 36.1360439997 ], [ -115.2136278, 36.136041299700004 ], [ -115.2136737, 36.136041299700004 ], [ -115.2136737, 36.1360439997 ], [ -115.2136791, 36.1360439997 ], [ -115.2136791, 36.136060199700005 ], [ -115.2136764, 36.136060199700005 ], [ -115.2136764, 36.136065599700004 ], [ -115.2136791, 36.136065599700004 ], [ -115.2136791, 36.136070999700003 ], [ -115.2136818, 36.136070999700003 ], [ -115.2136818, 36.136073699699999 ], [ -115.2136953, 36.136073699699999 ], [ -115.2136953, 36.136081799700001 ], [ -115.213698, 36.136081799700001 ], [ -115.213698, 36.136095299700003 ], [ -115.2136872, 36.136095299700003 ], [ -115.2136872, 36.136097999699999 ], [ -115.2136845, 36.136097999699999 ], [ -115.2136845, 36.136108799700004 ], [ -115.2136818, 36.136108799700004 ], [ -115.2136818, 36.136138499700003 ], [ -115.2136845, 36.136138499700003 ], [ -115.2136845, 36.136168199700002 ], [ -115.2136818, 36.136168199700002 ], [ -115.2136818, 36.136170899699998 ], [ -115.2136548, 36.136170899699998 ], [ -115.2136548, 36.136168199700002 ], [ -115.2136224, 36.136168199700002 ], [ -115.2136224, 36.136170899699998 ], [ -115.2136143, 36.136170899699998 ], [ -115.2136143, 36.136173599700001 ], [ -115.2136089, 36.136173599700001 ], [ -115.2136089, 36.136176299700004 ], [ -115.2135657, 36.136176299700004 ], [ -115.2135657, 36.1361789997 ] ] ] } },
{ "type": "Feature", "properties": { "value": 255.0 }, "geometry": { "type": "Polygon", "coordinates": [ [ [ -115.2144972, 36.136146599699998 ], [ -115.2144351, 36.136146599699998 ], [ -115.2144351, 36.136143899700002 ], [ -115.2144324, 36.136143899700002 ], [ -115.2144324, 36.136124999700002 ], [ -115.2144297, 36.136124999700002 ], [ -115.2144297, 36.1360682997 ], [ -115.214427, 36.1360682997 ], [ -115.214427, 36.136008899700002 ], [ -115.2144324, 36.136008899700002 ], [ -115.2144324, 36.136006199699999 ], [ -115.2144756, 36.136006199699999 ], [ -115.2144756, 36.136003499700003 ], [ -115.2145026, 36.136003499700003 ], [ -115.2145026, 36.136143899700002 ], [ -115.2144972, 36.136143899700002 ], [ -115.2144972, 36.136146599699998 ] ] ] } },
{ "type": "Feature", "properties": { "value": 255.0 }, "geometry": { "type": "Polygon", "coordinates": [ [ [ -115.2140517, 36.1361600997 ], [ -115.2139869, 36.1361600997 ], [ -115.2139869, 36.136157399700004 ], [ -115.2139815, 36.136157399700004 ], [ -115.2139815, 36.136151999700004 ], [ -115.2139788, 36.136151999700004 ], [ -115.2139788, 36.1361114997 ], [ -115.2139815, 36.1361114997 ], [ -115.2139815, 36.136089899700004 ], [ -115.2139788, 36.136089899700004 ], [ -115.2139788, 36.136079099699998 ], [ -115.2139815, 36.136079099699998 ], [ -115.2139815, 36.1360682997 ], [ -115.2139788, 36.1360682997 ], [ -115.2139788, 36.136022399700003 ], [ -115.2139842, 36.136022399700003 ], [ -115.2139842, 36.1360196997 ], [ -115.2139896, 36.1360196997 ], [ -115.2139896, 36.136016999700004 ], [ -115.2139923, 36.136016999700004 ], [ -115.2139923, 36.136014299700001 ], [ -115.213995, 36.136014299700001 ], [ -115.213995, 36.136003499700003 ], [ -115.2139977, 36.136003499700003 ], [ -115.2139977, 36.1360007997 ], [ -115.2140004, 36.1360007997 ], [ -115.2140004, 36.135998099700004 ], [ -115.2140085, 36.135998099700004 ], [ -115.2140085, 36.135995399700001 ], [ -115.2140274, 36.135995399700001 ], [ -115.2140274, 36.135992699700004 ], [ -115.2141246, 36.135992699700004 ], [ -115.2141246, 36.135995399700001 ], [ -115.21413, 36.135995399700001 ], [ -115.21413, 36.136003499700003 ], [ -115.2141327, 36.136003499700003 ], [ -115.2141327, 36.136008899700002 ], [ -115.2141354, 36.136008899700002 ], [ -115.2141354, 36.136011599700005 ], [ -115.2141381, 36.136011599700005 ], [ -115.2141381, 36.136014299700001 ], [ -115.2141462, 36.136014299700001 ], [ -115.2141462, 36.136016999700004 ], [ -115.2141516, 36.136016999700004 ], [ -115.2141516, 36.136022399700003 ], [ -115.2141543, 36.136022399700003 ], [ -115.2141543, 36.136038599700001 ], [ -115.214157, 36.136038599700001 ], [ -115.214157, 36.136041299700004 ], [ -115.2141597, 36.136041299700004 ], [ -115.2141597, 36.136065599700004 ], [ -115.2141624, 36.136065599700004 ], [ -115.2141624, 36.136081799700001 ], [ -115.2141597, 36.136081799700001 ], [ -115.2141597, 36.1360925997 ], [ -115.214157, 36.1360925997 ], [ -115.214157, 36.136095299700003 ], [ -115.2141516, 36.136095299700003 ], [ -115.2141516, 36.136097999699999 ], [ -115.2140706, 36.136097999699999 ], [ -115.2140706, 36.136100699700002 ], [ -115.2140571, 36.136100699700002 ], [ -115.2140571, 36.136103399700005 ], [ -115.2140544, 36.136103399700005 ], [ -115.2140544, 36.136114199700003 ], [ -115.2140571, 36.136114199700003 ], [ -115.2140571, 36.1361546997 ], [ -115.2140544, 36.1361546997 ], [ -115.2140544, 36.136157399700004 ], [ -115.2140517, 36.136157399700004 ], [ -115.2140517, 36.1361600997 ] ] ] } },
{ "type": "Feature", "properties": { "value": 255.0 }, "geometry": { "type": "Polygon", "coordinates": [ [ [ -115.2139248, 36.136165499699999 ], [ -115.2138573, 36.136165499699999 ], [ -115.2138573, 36.136162799700003 ], [ -115.2138546, 36.136162799700003 ], [ -115.2138546, 36.136116899699999 ], [ -115.2138519, 36.136116899699999 ], [ -115.2138519, 36.136108799700004 ], [ -115.2138492, 36.136108799700004 ], [ -115.2138492, 36.136106099700001 ], [ -115.2138222, 36.136106099700001 ], [ -115.2138222, 36.136108799700004 ], [ -115.2138168, 36.136108799700004 ], [ -115.2138168, 36.1361114997 ], [ -115.2138114, 36.1361114997 ], [ -115.2138114, 36.136114199700003 ], [ -115.2138087, 36.136114199700003 ], [ -115.2138087, 36.1361114997 ], [ -115.2138033, 36.1361114997 ], [ -115.2138033, 36.136116899699999 ], [ -115.2138006, 36.136116899699999 ], [ -115.2138006, 36.136119599700002 ], [ -115.2137871, 36.136119599700002 ], [ -115.2137871, 36.136116899699999 ], [ -115.213779, 36.136116899699999 ], [ -115.213779, 36.136114199700003 ], [ -115.2137736, 36.136114199700003 ], [ -115.2137736, 36.136108799700004 ], [ -115.2137709, 36.136108799700004 ], [ -115.2137709, 36.136103399700005 ], [ -115.2137682, 36.136103399700005 ], [ -115.2137682, 36.136076399700002 ], [ -115.2137709, 36.136076399700002 ], [ -115.2137709, 36.136054799699998 ], [ -115.2137736, 36.136054799699998 ], [ -115.2137736, 36.136049399699999 ], [ -115.2137709, 36.136049399699999 ], [ -115.2137709, 36.1360439997 ], [ -115.2137736, 36.1360439997 ], [ -115.2137736, 36.136041299700004 ], [ -115.2137763, 36.136041299700004 ], [ -115.2137763, 36.136030499699999 ], [ -115.213779, 36.136030499699999 ], [ -115.213779, 36.136025099699999 ], [ -115.2137817, 36.136025099699999 ], [ -115.2137817, 36.1360196997 ], [ -115.2137844, 36.1360196997 ], [ -115.2137844, 36.136011599700005 ], [ -115.2137871, 36.136011599700005 ], [ -115.2137871, 36.135992699700004 ], [ -115.2137898, 36.135992699700004 ], [ -115.2137898, 36.135987299699998 ], [ -115.2138114, 36.135987299699998 ], [ -115.2138114, 36.135984599700002 ], [ -115.2138303, 36.135984599700002 ], [ -115.2138303, 36.135981899699999 ], [ -115.2138573, 36.135981899699999 ], [ -115.2138573, 36.135979199700003 ], [ -115.2138735, 36.135979199700003 ], [ -115.2138735, 36.135981899699999 ], [ -115.2138816, 36.135981899699999 ], [ -115.2138816, 36.135989999700001 ], [ -115.2138843, 36.135989999700001 ], [ -115.2138843, 36.135995399700001 ], [ -115.213887, 36.135995399700001 ], [ -115.213887, 36.1360007997 ], [ -115.2138897, 36.1360007997 ], [ -115.2138897, 36.136006199699999 ], [ -115.2138924, 36.136006199699999 ], [ -115.2138924, 36.136011599700005 ], [ -115.2138951, 36.136011599700005 ], [ -115.2138951, 36.136014299700001 ], [ -115.2138978, 36.136014299700001 ], [ -115.2138978, 36.136022399700003 ], [ -115.2139005, 36.136022399700003 ], [ -115.2139005, 36.136025099699999 ], [ -115.2139032, 36.136025099699999 ], [ -115.2139032, 36.136038599700001 ], [ -115.2139086, 36.136038599700001 ], [ -115.2139086, 36.136041299700004 ], [ -115.2139113, 36.136041299700004 ], [ -115.2139113, 36.136046699700003 ], [ -115.213914, 36.136046699700003 ], [ -115.213914, 36.136052099700002 ], [ -115.2139167, 36.136052099700002 ], [ -115.2139167, 36.136062899700001 ], [ -115.2139248, 36.136062899700001 ], [ -115.2139248, 36.136065599700004 ], [ -115.2139275, 36.136065599700004 ], [ -115.2139275, 36.136073699699999 ], [ -115.2139248, 36.136073699699999 ], [ -115.2139248, 36.136076399700002 ], [ -115.2139275, 36.136076399700002 ], [ -115.2139275, 36.136081799700001 ], [ -115.2139302, 36.136081799700001 ], [ -115.2139302, 36.136089899700004 ], [ -115.2139329, 36.136089899700004 ], [ -115.2139329, 36.136097999699999 ], [ -115.2139356, 36.136097999699999 ], [ -115.2139356, 36.136106099700001 ], [ -115.2139383, 36.136106099700001 ], [ -115.2139383, 36.136122299699998 ], [ -115.213941, 36.136122299699998 ], [ -115.213941, 36.136157399700004 ], [ -115.2139383, 36.136157399700004 ], [ -115.2139383, 36.136162799700003 ], [ -115.2139248, 36.136162799700003 ], [ -115.2139248, 36.136165499699999 ] ] ] } },
{ "type": "Feature", "properties": { "value": 255.0 }, "geometry": { "type": "Polygon", "coordinates": [ [ [ -115.2142083, 36.135984599700002 ], [ -115.2141975, 36.135984599700002 ], [ -115.2141975, 36.135981899699999 ], [ -115.214184, 36.135981899699999 ], [ -115.214184, 36.135979199700003 ], [ -115.2141813, 36.135979199700003 ], [ -115.2141813, 36.135954899700003 ], [ -115.2141867, 36.135954899700003 ], [ -115.2141867, 36.1359521997 ], [ -115.214211, 36.1359521997 ], [ -115.214211, 36.135954899700003 ], [ -115.2142137, 36.135954899700003 ], [ -115.2142137, 36.135962999699998 ], [ -115.2142164, 36.135962999699998 ], [ -115.2142164, 36.135973799700004 ], [ -115.2142137, 36.135973799700004 ], [ -115.2142137, 36.135981899699999 ], [ -115.2142083, 36.135981899699999 ], [ -115.2142083, 36.135984599700002 ] ] ] } },
{ "type": "Feature", "properties": { "value": 255.0 }, "geometry": { "type": "Polygon", "coordinates": [ [ [ -115.214427, 36.135973799700004 ], [ -115.2144027, 36.135973799700004 ], [ -115.2144027, 36.135968399700005 ], [ -115.2144, 36.135968399700005 ], [ -115.2144, 36.135962999699998 ], [ -115.2144027, 36.135962999699998 ], [ -115.2144027, 36.135944099700005 ], [ -115.2144054, 36.135944099700005 ], [ -115.2144054, 36.135941399700002 ], [ -115.2144297, 36.135941399700002 ], [ -115.2144297, 36.135971099700001 ], [ -115.214427, 36.135971099700001 ], [ -115.214427, 36.135973799700004 ] ] ] } },
{ "type": "Feature", "properties": { "value": 255.0 }, "geometry": { "type": "Polygon", "coordinates": [ [ [ -115.2130662, 36.135965699700002 ], [ -115.2130392, 36.135965699700002 ], [ -115.2130392, 36.135962999699998 ], [ -115.2130365, 36.135962999699998 ], [ -115.2130365, 36.135957599699999 ], [ -115.2130338, 36.135957599699999 ], [ -115.2130338, 36.1359521997 ], [ -115.2130365, 36.1359521997 ], [ -115.2130365, 36.135944099700005 ], [ -115.2130392, 36.135944099700005 ], [ -115.2130392, 36.135941399700002 ], [ -115.2130365, 36.135941399700002 ], [ -115.2130365, 36.135938699699999 ], [ -115.2130446, 36.135938699699999 ], [ -115.2130446, 36.135935999700003 ], [ -115.2130554, 36.135935999700003 ], [ -115.2130554, 36.135944099700005 ], [ -115.2130527, 36.135944099700005 ], [ -115.2130527, 36.1359521997 ], [ -115.2130581, 36.1359521997 ], [ -115.2130581, 36.135946799700001 ], [ -115.2130608, 36.135946799700001 ], [ -115.2130608, 36.135941399700002 ], [ -115.2130662, 36.135941399700002 ], [ -115.2130662, 36.135946799700001 ], [ -115.2130635, 36.135946799700001 ], [ -115.2130635, 36.135949499700004 ], [ -115.2130662, 36.135949499700004 ], [ -115.2130662, 36.1359521997 ], [ -115.2130689, 36.1359521997 ], [ -115.2130689, 36.135960299700002 ], [ -115.2130662, 36.135960299700002 ], [ -115.2130662, 36.135965699700002 ] ] ] } },
{ "type": "Feature", "properties": { "value": 255.0 }, "geometry": { "type": "Polygon", "coordinates": [ [ [ -115.2144, 36.135917099700002 ], [ -115.2143757, 36.135917099700002 ], [ -115.2143757, 36.135903599700001 ], [ -115.214373, 36.135903599700001 ], [ -115.214373, 36.135898199700001 ], [ -115.2143757, 36.135898199700001 ], [ -115.2143757, 36.135892799700002 ], [ -115.2143784, 36.135892799700002 ], [ -115.2143784, 36.135890099699999 ], [ -115.2143973, 36.135890099699999 ], [ -115.2143973, 36.135887399700003 ], [ -115.2144, 36.135887399700003 ], [ -115.2144, 36.135890099699999 ], [ -115.2144054, 36.135890099699999 ], [ -115.2144054, 36.135895499700005 ], [ -115.2144081, 36.135895499700005 ], [ -115.2144081, 36.1359089997 ], [ -115.2144054, 36.1359089997 ], [ -115.2144054, 36.135914399699999 ], [ -115.2144, 36.135914399699999 ], [ -115.2144, 36.135917099700002 ] ] ] } },
{ "type": "Feature", "properties": { "value": 255.0 }, "geometry": { "type": "Polygon", "coordinates": [ [ [ -115.2133362, 36.135906299700004 ], [ -115.2133308, 36.135906299700004 ], [ -115.2133308, 36.135903599700001 ], [ -115.2133227, 36.135903599700001 ], [ -115.2133227, 36.135898199700001 ], [ -115.2133254, 36.135898199700001 ], [ -115.2133254, 36.135892799700002 ], [ -115.2133281, 36.135892799700002 ], [ -115.2133281, 36.135890099699999 ], [ -115.2133308, 36.135890099699999 ], [ -115.2133308, 36.135892799700002 ], [ -115.2133362, 36.135892799700002 ], [ -115.2133362, 36.135906299700004 ] ] ] } },
{ "type": "Feature", "properties": { "value": 255.0 }, "geometry": { "type": "Polygon", "coordinates": [ [ [ -115.2131202, 36.135919799700005 ], [ -115.2131094, 36.135919799700005 ], [ -115.2131094, 36.135917099700002 ], [ -115.2131067, 36.135917099700002 ], [ -115.2131067, 36.135914399699999 ], [ -115.213104, 36.135914399699999 ], [ -115.213104, 36.135898199700001 ], [ -115.2131067, 36.135898199700001 ], [ -115.2131067, 36.135890099699999 ], [ -115.2131202, 36.135890099699999 ], [ -115.2131202, 36.135887399700003 ], [ -115.2131229, 36.135887399700003 ], [ -115.2131229, 36.135890099699999 ], [ -115.2131256, 36.135890099699999 ], [ -115.2131256, 36.135895499700005 ], [ -115.213131, 36.135895499700005 ], [ -115.213131, 36.135898199700001 ], [ -115.2131337, 36.135898199700001 ], [ -115.2131337, 36.135895499700005 ], [ -115.2131391, 36.135895499700005 ], [ -115.2131391, 36.135898199700001 ], [ -115.2131418, 36.135898199700001 ], [ -115.2131418, 36.135900899700005 ], [ -115.2131391, 36.135900899700005 ], [ -115.2131391, 36.135903599700001 ], [ -115.2131418, 36.135903599700001 ], [ -115.2131418, 36.135906299700004 ], [ -115.2131445, 36.135906299700004 ], [ -115.2131445, 36.1359089997 ], [ -115.2131499, 36.1359089997 ], [ -115.2131499, 36.135914399699999 ], [ -115.2131391, 36.135914399699999 ], [ -115.2131391, 36.135917099700002 ], [ -115.2131202, 36.135917099700002 ], [ -115.2131202, 36.135919799700005 ] ] ] } },
{ "type": "Feature", "properties": { "value": 255.0 }, "geometry": { "type": "Polygon", "coordinates": [ [ [ -115.2129852, 36.135954899700003 ], [ -115.2129717, 36.135954899700003 ], [ -115.2129717, 36.1359521997 ], [ -115.2129582, 36.1359521997 ], [ -115.2129582, 36.135949499700004 ], [ -115.212942, 36.135949499700004 ], [ -115.212942, 36.135946799700001 ], [ -115.2129285, 36.135946799700001 ], [ -115.2129285, 36.135944099700005 ], [ -115.2129096, 36.135944099700005 ], [ -115.2129096, 36.135941399700002 ], [ -115.2128961, 36.135941399700002 ], [ -115.2128961, 36.135938699699999 ], [ -115.2128934, 36.135938699699999 ], [ -115.2128934, 36.135911699700003 ], [ -115.212888, 36.135911699700003 ], [ -115.212888, 36.1359089997 ], [ -115.2128745, 36.1359089997 ], [ -115.2128745, 36.135906299700004 ], [ -115.2128664, 36.135906299700004 ], [ -115.2128664, 36.135903599700001 ], [ -115.212861, 36.135903599700001 ], [ -115.212861, 36.135900899700005 ], [ -115.2128529, 36.135900899700005 ], [ -115.2128529, 36.135898199700001 ], [ -115.2128502, 36.135898199700001 ], [ -115.2128502, 36.135895499700005 ], [ -115.2128475, 36.135895499700005 ], [ -115.2128475, 36.135873899700002 ], [ -115.2128502, 36.135873899700002 ], [ -115.2128502, 36.135865799699999 ], [ -115.2128475, 36.135865799699999 ], [ -115.2128475, 36.1358603997 ], [ -115.2128448, 36.1358603997 ], [ -115.2128448, 36.135857699700004 ], [ -115.2128421, 36.135857699700004 ], [ -115.2128421, 36.135852299700005 ], [ -115.2128448, 36.135852299700005 ], [ -115.2128448, 36.135846899699999 ], [ -115.2128502, 36.135846899699999 ], [ -115.2128502, 36.135844199700003 ], [ -115.2128529, 36.135844199700003 ], [ -115.2128529, 36.1358414997 ], [ -115.2128556, 36.1358414997 ], [ -115.2128556, 36.135838799700004 ], [ -115.2128583, 36.135838799700004 ], [ -115.2128583, 36.135836099700001 ], [ -115.212861, 36.135836099700001 ], [ -115.212861, 36.135833399700005 ], [ -115.2128637, 36.135833399700005 ], [ -115.2128637, 36.135830699700001 ], [ -115.2128664, 36.135830699700001 ], [ -115.2128664, 36.135825299700002 ], [ -115.2128691, 36.135825299700002 ], [ -115.2128691, 36.135819899700003 ], [ -115.2128718, 36.135819899700003 ], [ -115.2128718, 36.135809099700005 ], [ -115.2128745, 36.135809099700005 ], [ -115.2128745, 36.135806399700002 ], [ -115.2128772, 36.135806399700002 ], [ -115.2128772, 36.135803699700006 ], [ -115.2128799, 36.135803699700006 ], [ -115.2128799, 36.135798299699999 ], [ -115.2128826, 36.135798299699999 ], [ -115.2128826, 36.1357928997 ], [ -115.2128853, 36.1357928997 ], [ -115.2128853, 36.135787499700001 ], [ -115.212888, 36.135787499700001 ], [ -115.212888, 36.135776699700003 ], [ -115.2128907, 36.135776699700003 ], [ -115.2128907, 36.1357739997 ], [ -115.2128934, 36.1357739997 ], [ -115.2128934, 36.135771299700004 ], [ -115.2129069, 36.135771299700004 ], [ -115.2129069, 36.1357685997 ], [ -115.2129204, 36.1357685997 ], [ -115.2129204, 36.135771299700004 ], [ -115.2129312, 36.135771299700004 ], [ -115.2129312, 36.1357739997 ], [ -115.2129366, 36.1357739997 ], [ -115.2129366, 36.135776699700003 ], [ -115.2129393, 36.135776699700003 ], [ -115.2129393, 36.135779399699999 ], [ -115.212942, 36.135779399699999 ], [ -115.212942, 36.135782099700002 ], [ -115.2129447, 36.135782099700002 ], [ -115.2129447, 36.135784799700005 ], [ -115.2129501, 36.135784799700005 ], [ -115.2129501, 36.135787499700001 ], [ -115.2129609, 36.135787499700001 ], [ -115.2129609, 36.135790199700004 ], [ -115.212969, 36.135790199700004 ], [ -115.212969, 36.1357928997 ], [ -115.2129879, 36.1357928997 ], [ -115.2129879, 36.135795599700003 ], [ -115.2130068, 36.135795599700003 ], [ -115.2130068, 36.135798299699999 ], [ -115.2130203, 36.135798299699999 ], [ -115.2130203, 36.135800999700002 ], [ -115.2130284, 36.135800999700002 ], [ -115.2130284, 36.135803699700006 ], [ -115.2130338, 36.135803699700006 ], [ -115.2130338, 36.135806399700002 ], [ -115.2130365, 36.135806399700002 ], [ -115.2130365, 36.135814499700004 ], [ -115.2130392, 36.135814499700004 ], [ -115.2130392, 36.1358171997 ], [ -115.2130365, 36.1358171997 ], [ -115.2130365, 36.135827999700005 ], [ -115.2130338, 36.135827999700005 ], [ -115.2130338, 36.135838799700004 ], [ -115.2130311, 36.135838799700004 ], [ -115.2130311, 36.135846899699999 ], [ -115.2130284, 36.135846899699999 ], [ -115.2130284, 36.135854999700001 ], [ -115.2130257, 36.135854999700001 ], [ -115.2130257, 36.1358603997 ], [ -115.213023, 36.1358603997 ], [ -115.213023, 36.135868499700003 ], [ -115.2130203, 36.135868499700003 ], [ -115.2130203, 36.135879299700001 ], [ -115.2130176, 36.135879299700001 ], [ -115.2130176, 36.135898199700001 ], [ -115.2130149, 36.135898199700001 ], [ -115.2130149, 36.1359089997 ], [ -115.2130122, 36.1359089997 ], [ -115.2130122, 36.135919799700005 ], [ -115.2130095, 36.135919799700005 ], [ -115.2130095, 36.135925199700004 ], [ -115.2130068, 36.135925199700004 ], [ -115.2130068, 36.135930599700004 ], [ -115.2130041, 36.135930599700004 ], [ -115.2130041, 36.1359332997 ], [ -115.2129987, 36.1359332997 ], [ -115.2129987, 36.135935999700003 ], [ -115.2129906, 36.135935999700003 ], [ -115.2129906, 36.135938699699999 ], [ -115.2129879, 36.135938699699999 ], [ -115.2129879, 36.1359521997 ], [ -115.2129852, 36.1359521997 ], [ -115.2129852, 36.135954899700003 ] ] ] } },
{ "type": "Feature", "properties": { "value": 255.0 }, "geometry": { "type": "Polygon", "coordinates": [ [ [ -115.2135279, 36.1359521997 ], [ -115.2135252, 36.1359521997 ], [ -115.2135252, 36.135949499700004 ], [ -115.2135198, 36.135949499700004 ], [ -115.2135198, 36.1359521997 ], [ -115.213509, 36.1359521997 ], [ -115.213509, 36.135949499700004 ], [ -115.2135063, 36.135949499700004 ], [ -115.2135063, 36.1359278997 ], [ -115.213509, 36.1359278997 ], [ -115.213509, 36.135925199700004 ], [ -115.2135144, 36.135925199700004 ], [ -115.2135144, 36.1359278997 ], [ -115.2135198, 36.1359278997 ], [ -115.2135198, 36.135925199700004 ], [ -115.2135171, 36.135925199700004 ], [ -115.2135171, 36.135922499700001 ], [ -115.2135144, 36.135922499700001 ], [ -115.2135144, 36.135917099700002 ], [ -115.2135063, 36.135917099700002 ], [ -115.2135063, 36.135906299700004 ], [ -115.2135036, 36.135906299700004 ], [ -115.2135036, 36.135900899700005 ], [ -115.2135063, 36.135900899700005 ], [ -115.2135063, 36.135890099699999 ], [ -115.2135036, 36.135890099699999 ], [ -115.2135036, 36.135881999700004 ], [ -115.2134982, 36.135881999700004 ], [ -115.2134982, 36.135895499700005 ], [ -115.2134955, 36.135895499700005 ], [ -115.2134955, 36.135898199700001 ], [ -115.2134928, 36.135898199700001 ], [ -115.2134928, 36.135900899700005 ], [ -115.2133956, 36.135900899700005 ], [ -115.2133956, 36.135898199700001 ], [ -115.2133929, 36.135898199700001 ], [ -115.2133929, 36.135895499700005 ], [ -115.2133902, 36.135895499700005 ], [ -115.2133902, 36.135879299700001 ], [ -115.2133875, 36.135879299700001 ], [ -115.2133875, 36.135873899700002 ], [ -115.2133821, 36.135873899700002 ], [ -115.2133821, 36.135871199699999 ], [ -115.2133686, 36.135871199699999 ], [ -115.2133686, 36.135873899700002 ], [ -115.2133281, 36.135873899700002 ], [ -115.2133281, 36.135871199699999 ], [ -115.2133254, 36.135871199699999 ], [ -115.2133254, 36.135868499700003 ], [ -115.2133227, 36.135868499700003 ], [ -115.2133227, 36.135865799699999 ], [ -115.21332, 36.135865799699999 ], [ -115.21332, 36.135857699700004 ], [ -115.2133173, 36.135857699700004 ], [ -115.2133173, 36.135846899699999 ], [ -115.21332, 36.135846899699999 ], [ -115.21332, 36.135819899700003 ], [ -115.2133173, 36.135819899700003 ], [ -115.2133173, 36.135811799700001 ], [ -115.21332, 36.135811799700001 ], [ -115.21332, 36.135806399700002 ], [ -115.2133173, 36.135806399700002 ], [ -115.2133173, 36.135803699700006 ], [ -115.21332, 36.135803699700006 ], [ -115.21332, 36.135798299699999 ], [ -115.2133308, 36.135798299699999 ], [ -115.2133308, 36.135795599700003 ], [ -115.2133389, 36.135795599700003 ], [ -115.2133389, 36.1357928997 ], [ -115.2133929, 36.1357928997 ], [ -115.2133929, 36.135790199700004 ], [ -115.2134199, 36.135790199700004 ], [ -115.2134199, 36.135787499700001 ], [ -115.2134226, 36.135787499700001 ], [ -115.2134226, 36.135733499700002 ], [ -115.2134253, 36.135733499700002 ], [ -115.2134253, 36.135728099700003 ], [ -115.2134361, 36.135728099700003 ], [ -115.2134361, 36.1357253997 ], [ -115.2134685, 36.1357253997 ], [ -115.2134685, 36.135728099700003 ], [ -115.2134928, 36.135728099700003 ], [ -115.2134928, 36.135730799699999 ], [ -115.213509, 36.135730799699999 ], [ -115.213509, 36.135733499700002 ], [ -115.2135144, 36.135733499700002 ], [ -115.2135144, 36.135736199700005 ], [ -115.2135171, 36.135736199700005 ], [ -115.2135171, 36.135744299700001 ], [ -115.2135198, 36.135744299700001 ], [ -115.2135198, 36.135760499700005 ], [ -115.2135225, 36.135760499700005 ], [ -115.2135225, 36.1357685997 ], [ -115.2135198, 36.1357685997 ], [ -115.2135198, 36.135779399699999 ], [ -115.2135225, 36.135779399699999 ], [ -115.2135225, 36.135784799700005 ], [ -115.2135198, 36.135784799700005 ], [ -115.2135198, 36.135787499700001 ], [ -115.2135171, 36.135787499700001 ], [ -115.2135171, 36.135790199700004 ], [ -115.2135117, 36.135790199700004 ], [ -115.2135117, 36.1357928997 ], [ -115.2135009, 36.1357928997 ], [ -115.2135009, 36.135795599700003 ], [ -115.2134901, 36.135795599700003 ], [ -115.2134901, 36.135798299699999 ], [ -115.2134685, 36.135798299699999 ], [ -115.2134685, 36.135800999700002 ], [ -115.2134658, 36.135800999700002 ], [ -115.2134658, 36.135803699700006 ], [ -115.2134631, 36.135803699700006 ], [ -115.2134631, 36.135811799700001 ], [ -115.2134658, 36.135811799700001 ], [ -115.2134658, 36.135827999700005 ], [ -115.2134685, 36.135827999700005 ], [ -115.2134685, 36.1358414997 ], [ -115.2134712, 36.1358414997 ], [ -115.2134712, 36.135852299700005 ], [ -115.2134739, 36.135852299700005 ], [ -115.2134739, 36.135857699700004 ], [ -115.2134766, 36.135857699700004 ], [ -115.2134766, 36.1358603997 ], [ -115.2134793, 36.1358603997 ], [ -115.2134793, 36.135863099700003 ], [ -115.2134847, 36.135863099700003 ], [ -115.2134847, 36.135865799699999 ], [ -115.2134955, 36.135865799699999 ], [ -115.2134955, 36.135868499700003 ], [ -115.2134982, 36.135868499700003 ], [ -115.2134982, 36.135876599700005 ], [ -115.2135063, 36.135876599700005 ], [ -115.2135063, 36.135881999700004 ], [ -115.213509, 36.135881999700004 ], [ -115.213509, 36.135879299700001 ], [ -115.2135117, 36.135879299700001 ], [ -115.2135117, 36.135871199699999 ], [ -115.2135198, 36.135871199699999 ], [ -115.2135198, 36.135873899700002 ], [ -115.2135225, 36.135873899700002 ], [ -115.2135225, 36.1358846997 ], [ -115.2135252, 36.1358846997 ], [ -115.2135252, 36.135895499700005 ], [ -115.2135279, 36.135895499700005 ], [ -115.2135279, 36.135917099700002 ], [ -115.2135252, 36.135917099700002 ], [ -115.2135252, 36.135922499700001 ], [ -115.2135225, 36.135922499700001 ], [ -115.2135225, 36.135925199700004 ], [ -115.2135252, 36.135925199700004 ], [ -115.2135252, 36.1359278997 ], [ -115.2135279, 36.1359278997 ], [ -115.2135279, 36.135930599700004 ], [ -115.2135306, 36.135930599700004 ], [ -115.2135306, 36.135949499700004 ], [ -115.2135279, 36.135949499700004 ], [ -115.2135279, 36.1359521997 ] ] ] } },
{ "type": "Feature", "properties": { "value": 255.0 }, "geometry": { "type": "Polygon", "coordinates": [ [ [ -115.2136251, 36.135898199700001 ], [ -115.2135846, 36.135898199700001 ], [ -115.2135846, 36.135895499700005 ], [ -115.2135765, 36.135895499700005 ], [ -115.2135765, 36.135892799700002 ], [ -115.2135657, 36.135892799700002 ], [ -115.2135657, 36.135890099699999 ], [ -115.2135603, 36.135890099699999 ], [ -115.2135603, 36.135887399700003 ], [ -115.2135576, 36.135887399700003 ], [ -115.2135576, 36.1358846997 ], [ -115.2135549, 36.1358846997 ], [ -115.2135549, 36.135865799699999 ], [ -115.2135522, 36.135865799699999 ], [ -115.2135522, 36.135857699700004 ], [ -115.2135549, 36.135857699700004 ], [ -115.2135549, 36.135836099700001 ], [ -115.2135522, 36.135836099700001 ], [ -115.2135522, 36.135825299700002 ], [ -115.2135549, 36.135825299700002 ], [ -115.2135549, 36.135819899700003 ], [ -115.2135576, 36.135819899700003 ], [ -115.2135576, 36.135814499700004 ], [ -115.2135603, 36.135814499700004 ], [ -115.2135603, 36.1358171997 ], [ -115.2135711, 36.1358171997 ], [ -115.2135711, 36.135814499700004 ], [ -115.2135792, 36.135814499700004 ], [ -115.2135792, 36.135798299699999 ], [ -115.2135711, 36.135798299699999 ], [ -115.2135711, 36.135795599700003 ], [ -115.213563, 36.135795599700003 ], [ -115.213563, 36.135798299699999 ], [ -115.2135522, 36.135798299699999 ], [ -115.2135522, 36.135795599700003 ], [ -115.2135495, 36.135795599700003 ], [ -115.2135495, 36.1357928997 ], [ -115.2135468, 36.1357928997 ], [ -115.2135468, 36.135787499700001 ], [ -115.2135441, 36.135787499700001 ], [ -115.2135441, 36.135755099699999 ], [ -115.2135414, 36.135755099699999 ], [ -115.2135414, 36.135728099700003 ], [ -115.2135495, 36.135728099700003 ], [ -115.2135495, 36.1357253997 ], [ -115.2136386, 36.1357253997 ], [ -115.2136386, 36.135728099700003 ], [ -115.2136413, 36.135728099700003 ], [ -115.2136413, 36.135736199700005 ], [ -115.213644, 36.135736199700005 ], [ -115.213644, 36.135757799700002 ], [ -115.2136413, 36.135757799700002 ], [ -115.2136413, 36.135763199700001 ], [ -115.213644, 36.135763199700001 ], [ -115.213644, 36.135779399699999 ], [ -115.2136494, 36.135779399699999 ], [ -115.2136494, 36.135782099700002 ], [ -115.2136548, 36.135782099700002 ], [ -115.2136548, 36.135779399699999 ], [ -115.2136818, 36.135779399699999 ], [ -115.2136818, 36.135782099700002 ], [ -115.2136899, 36.135782099700002 ], [ -115.2136899, 36.135779399699999 ], [ -115.2137196, 36.135779399699999 ], [ -115.2137196, 36.135782099700002 ], [ -115.2137223, 36.135782099700002 ], [ -115.2137223, 36.135814499700004 ], [ -115.213725, 36.135814499700004 ], [ -115.213725, 36.135857699700004 ], [ -115.2137223, 36.135857699700004 ], [ -115.2137223, 36.1358603997 ], [ -115.2136737, 36.1358603997 ], [ -115.2136737, 36.135863099700003 ], [ -115.213671, 36.135863099700003 ], [ -115.213671, 36.135868499700003 ], [ -115.2136683, 36.135868499700003 ], [ -115.2136683, 36.135890099699999 ], [ -115.2136656, 36.135890099699999 ], [ -115.2136656, 36.135892799700002 ], [ -115.2136629, 36.135892799700002 ], [ -115.2136629, 36.135895499700005 ], [ -115.2136251, 36.135895499700005 ], [ -115.2136251, 36.135898199700001 ] ] ] } },
{ "type": "Feature", "properties": { "value": 255.0 }, "geometry": { "type": "Polygon", "coordinates": [ [ [ -115.213914, 36.1358846997 ], [ -115.2139059, 36.1358846997 ], [ -115.2139059, 36.135881999700004 ], [ -115.2139032, 36.135881999700004 ], [ -115.2139032, 36.1358846997 ], [ -115.2138114, 36.1358846997 ], [ -115.2138114, 36.135881999700004 ], [ -115.213806, 36.135881999700004 ], [ -115.213806, 36.135879299700001 ], [ -115.2138006, 36.135879299700001 ], [ -115.2138006, 36.135871199699999 ], [ -115.2137979, 36.135871199699999 ], [ -115.2137979, 36.135857699700004 ], [ -115.2137736, 36.135857699700004 ], [ -115.2137736, 36.135854999700001 ], [ -115.2137682, 36.135854999700001 ], [ -115.2137682, 36.135838799700004 ], [ -115.2137655, 36.135838799700004 ], [ -115.2137655, 36.135836099700001 ], [ -115.2137682, 36.135836099700001 ], [ -115.2137682, 36.135827999700005 ], [ -115.2137655, 36.135827999700005 ], [ -115.2137655, 36.135798299699999 ], [ -115.2137628, 36.135798299699999 ], [ -115.2137628, 36.135782099700002 ], [ -115.2137655, 36.135782099700002 ], [ -115.2137655, 36.135776699700003 ], [ -115.2137709, 36.135776699700003 ], [ -115.2137709, 36.1357739997 ], [ -115.2137979, 36.1357739997 ], [ -115.2137979, 36.135771299700004 ], [ -115.2138087, 36.135771299700004 ], [ -115.2138087, 36.1357685997 ], [ -115.2138465, 36.1357685997 ], [ -115.2138465, 36.135765899700004 ], [ -115.2138519, 36.135765899700004 ], [ -115.2138519, 36.135763199700001 ], [ -115.2138546, 36.135763199700001 ], [ -115.2138546, 36.135757799700002 ], [ -115.2138573, 36.135757799700002 ], [ -115.2138573, 36.135722699700004 ], [ -115.21386, 36.135722699700004 ], [ -115.21386, 36.135719999700001 ], [ -115.2138627, 36.135719999700001 ], [ -115.2138627, 36.135717299700005 ], [ -115.2138816, 36.135717299700005 ], [ -115.2138816, 36.135714599700002 ], [ -115.2139302, 36.135714599700002 ], [ -115.2139302, 36.135717299700005 ], [ -115.2139329, 36.135717299700005 ], [ -115.2139329, 36.135719999700001 ], [ -115.2139356, 36.135719999700001 ], [ -115.2139356, 36.1357685997 ], [ -115.2139383, 36.1357685997 ], [ -115.2139383, 36.135771299700004 ], [ -115.2139356, 36.135771299700004 ], [ -115.2139356, 36.135782099700002 ], [ -115.2139383, 36.135782099700002 ], [ -115.2139383, 36.135800999700002 ], [ -115.213941, 36.135800999700002 ], [ -115.213941, 36.135833399700005 ], [ -115.2139437, 36.135833399700005 ], [ -115.2139437, 36.135865799699999 ], [ -115.213941, 36.135865799699999 ], [ -115.213941, 36.135871199699999 ], [ -115.2139383, 36.135871199699999 ], [ -115.2139383, 36.135873899700002 ], [ -115.2139329, 36.135873899700002 ], [ -115.2139329, 36.135876599700005 ], [ -115.2139275, 36.135876599700005 ], [ -115.2139275, 36.135879299700001 ], [ -115.2139221, 36.135879299700001 ], [ -115.2139221, 36.135881999700004 ], [ -115.213914, 36.135881999700004 ], [ -115.213914, 36.1358846997 ] ] ] } },
{ "type": "Feature", "properties": { "value": 255.0 }, "geometry": { "type": "Polygon", "coordinates": [ [ [ -115.2141003, 36.135895499700005 ], [ -115.2140679, 36.135895499700005 ], [ -115.2140679, 36.135892799700002 ], [ -115.2140625, 36.135892799700002 ], [ -115.2140625, 36.135871199699999 ], [ -115.2140598, 36.135871199699999 ], [ -115.2140598, 36.135863099700003 ], [ -115.2140571, 36.135863099700003 ], [ -115.2140571, 36.135854999700001 ], [ -115.2140544, 36.135854999700001 ], [ -115.2140544, 36.135849599700002 ], [ -115.2140517, 36.135849599700002 ], [ -115.2140517, 36.135846899699999 ], [ -115.214022, 36.135846899699999 ], [ -115.214022, 36.135849599700002 ], [ -115.213995, 36.135849599700002 ], [ -115.213995, 36.135846899699999 ], [ -115.2139869, 36.135846899699999 ], [ -115.2139869, 36.135844199700003 ], [ -115.2139842, 36.135844199700003 ], [ -115.2139842, 36.135771299700004 ], [ -115.2139869, 36.135771299700004 ], [ -115.2139869, 36.135765899700004 ], [ -115.213995, 36.135765899700004 ], [ -115.213995, 36.135763199700001 ], [ -115.2140166, 36.135763199700001 ], [ -115.2140166, 36.135765899700004 ], [ -115.2140301, 36.135765899700004 ], [ -115.2140301, 36.135763199700001 ], [ -115.2140868, 36.135763199700001 ], [ -115.2140868, 36.135760499700005 ], [ -115.2140895, 36.135760499700005 ], [ -115.2140895, 36.135757799700002 ], [ -115.2140922, 36.135757799700002 ], [ -115.2140922, 36.135736199700005 ], [ -115.2140949, 36.135736199700005 ], [ -115.2140949, 36.135733499700002 ], [ -115.2140976, 36.135733499700002 ], [ -115.2140976, 36.135730799699999 ], [ -115.2141003, 36.135730799699999 ], [ -115.2141003, 36.1357253997 ], [ -115.2141084, 36.1357253997 ], [ -115.2141084, 36.135722699700004 ], [ -115.2141111, 36.135722699700004 ], [ -115.2141111, 36.1357253997 ], [ -115.2141273, 36.1357253997 ], [ -115.2141273, 36.135722699700004 ], [ -115.21413, 36.135722699700004 ], [ -115.21413, 36.135714599700002 ], [ -115.2141381, 36.135714599700002 ], [ -115.2141381, 36.135717299700005 ], [ -115.2141435, 36.135717299700005 ], [ -115.2141435, 36.135719999700001 ], [ -115.2141489, 36.135719999700001 ], [ -115.2141489, 36.135722699700004 ], [ -115.2141516, 36.135722699700004 ], [ -115.2141516, 36.135719999700001 ], [ -115.2141597, 36.135719999700001 ], [ -115.2141597, 36.1357253997 ], [ -115.2141624, 36.1357253997 ], [ -115.2141624, 36.135730799699999 ], [ -115.2141651, 36.135730799699999 ], [ -115.2141651, 36.1357496997 ], [ -115.2141678, 36.1357496997 ], [ -115.2141678, 36.1357685997 ], [ -115.2141651, 36.1357685997 ], [ -115.2141651, 36.1357739997 ], [ -115.2141597, 36.1357739997 ], [ -115.2141597, 36.135779399699999 ], [ -115.214157, 36.135779399699999 ], [ -115.214157, 36.1358171997 ], [ -115.2141597, 36.1358171997 ], [ -115.2141597, 36.135846899699999 ], [ -115.2141624, 36.135846899699999 ], [ -115.2141624, 36.135890099699999 ], [ -115.2141597, 36.135890099699999 ], [ -115.2141597, 36.135892799700002 ], [ -115.2141003, 36.135892799700002 ], [ -115.2141003, 36.135895499700005 ] ] ] } },
{ "type": "Feature", "properties": { "value": 255.0 }, "geometry": { "type": "Polygon", "coordinates": [ [ [ -115.2145026, 36.135857699700004 ], [ -115.2144756, 36.135857699700004 ], [ -115.2144756, 36.135844199700003 ], [ -115.2144729, 36.135844199700003 ], [ -115.2144729, 36.135809099700005 ], [ -115.2144702, 36.135809099700005 ], [ -115.2144702, 36.135803699700006 ], [ -115.2144729, 36.135803699700006 ], [ -115.2144729, 36.135776699700003 ], [ -115.2144702, 36.135776699700003 ], [ -115.2144702, 36.1357739997 ], [ -115.2144729, 36.1357739997 ], [ -115.2144729, 36.1357685997 ], [ -115.2144702, 36.1357685997 ], [ -115.2144702, 36.135765899700004 ], [ -115.2144567, 36.135765899700004 ], [ -115.2144567, 36.135763199700001 ], [ -115.2144351, 36.135763199700001 ], [ -115.2144351, 36.135760499700005 ], [ -115.2144324, 36.135760499700005 ], [ -115.2144324, 36.1357253997 ], [ -115.2144297, 36.1357253997 ], [ -115.2144297, 36.1357010997 ], [ -115.2144324, 36.1357010997 ], [ -115.2144324, 36.135698399700004 ], [ -115.2144486, 36.135698399700004 ], [ -115.2144486, 36.135695699700001 ], [ -115.2144513, 36.135695699700001 ], [ -115.2144513, 36.135698399700004 ], [ -115.214454, 36.135698399700004 ], [ -115.214454, 36.135695699700001 ], [ -115.2145026, 36.135695699700001 ], [ -115.2145026, 36.135857699700004 ] ] ] } },
{ "type": "Feature", "properties": { "value": 255.0 }, "geometry": { "type": "Polygon", "coordinates": [ [ [ -115.2143109, 36.135863099700003 ], [ -115.2142083, 36.135863099700003 ], [ -115.2142083, 36.135857699700004 ], [ -115.2142056, 36.135857699700004 ], [ -115.2142056, 36.1358171997 ], [ -115.2142029, 36.1358171997 ], [ -115.2142029, 36.135803699700006 ], [ -115.2142002, 36.135803699700006 ], [ -115.2142002, 36.135760499700005 ], [ -115.2142029, 36.135760499700005 ], [ -115.2142029, 36.1357010997 ], [ -115.2142056, 36.1357010997 ], [ -115.2142056, 36.135698399700004 ], [ -115.2142164, 36.135698399700004 ], [ -115.2142164, 36.135695699700001 ], [ -115.2142218, 36.135695699700001 ], [ -115.2142218, 36.135698399700004 ], [ -115.2142839, 36.135698399700004 ], [ -115.2142839, 36.135695699700001 ], [ -115.2143109, 36.135695699700001 ], [ -115.2143109, 36.135692999700005 ], [ -115.2143784, 36.135692999700005 ], [ -115.2143784, 36.135695699700001 ], [ -115.2143811, 36.135695699700001 ], [ -115.2143811, 36.135698399700004 ], [ -115.2143838, 36.135698399700004 ], [ -115.2143838, 36.135706499699999 ], [ -115.2143865, 36.135706499699999 ], [ -115.2143865, 36.135733499700002 ], [ -115.2143838, 36.135733499700002 ], [ -115.2143838, 36.135736199700005 ], [ -115.2143865, 36.135736199700005 ], [ -115.2143865, 36.135746999700004 ], [ -115.2143838, 36.135746999700004 ], [ -115.2143838, 36.1357685997 ], [ -115.2143892, 36.1357685997 ], [ -115.2143892, 36.135771299700004 ], [ -115.2143946, 36.135771299700004 ], [ -115.2143946, 36.135776699700003 ], [ -115.2143973, 36.135776699700003 ], [ -115.2143973, 36.135800999700002 ], [ -115.2144, 36.135800999700002 ], [ -115.2144, 36.135849599700002 ], [ -115.21439190000001, 36.135849599700002 ], [ -115.21439190000001, 36.135852299700005 ], [ -115.2143838, 36.135852299700005 ], [ -115.2143838, 36.135854999700001 ], [ -115.2143757, 36.135854999700001 ], [ -115.2143757, 36.135857699700004 ], [ -115.2143379, 36.135857699700004 ], [ -115.2143379, 36.1358603997 ], [ -115.2143109, 36.1358603997 ], [ -115.2143109, 36.135863099700003 ] ] ] } },
{ "type": "Feature", "properties": { "value": 255.0 }, "geometry": { "type": "Polygon", "coordinates": [ [ [ -115.2127557, 36.135790199700004 ], [ -115.2127476, 36.135790199700004 ], [ -115.2127476, 36.135611999700004 ], [ -115.212753, 36.135611999700004 ], [ -115.212753, 36.1356146997 ], [ -115.2127584, 36.1356146997 ], [ -115.2127584, 36.135617399700003 ], [ -115.2127611, 36.135617399700003 ], [ -115.2127611, 36.135620099700006 ], [ -115.2127665, 36.135620099700006 ], [ -115.2127665, 36.135622799700002 ], [ -115.2127719, 36.135622799700002 ], [ -115.2127719, 36.135625499700005 ], [ -115.2127989, 36.135625499700005 ], [ -115.2127989, 36.135628199700001 ], [ -115.2128043, 36.135628199700001 ], [ -115.2128043, 36.1356335997 ], [ -115.212807, 36.1356335997 ], [ -115.212807, 36.135636299700003 ], [ -115.2128097, 36.135636299700003 ], [ -115.2128097, 36.135638999699999 ], [ -115.2128124, 36.135638999699999 ], [ -115.2128124, 36.135641699700003 ], [ -115.2128151, 36.135641699700003 ], [ -115.2128151, 36.135647099700002 ], [ -115.2128178, 36.135647099700002 ], [ -115.2128178, 36.135649799700005 ], [ -115.2128205, 36.135649799700005 ], [ -115.2128205, 36.135652499700001 ], [ -115.2128232, 36.135652499700001 ], [ -115.2128232, 36.135665999700002 ], [ -115.2128205, 36.135665999700002 ], [ -115.2128205, 36.135671399700001 ], [ -115.2128232, 36.135671399700001 ], [ -115.2128232, 36.135674099700005 ], [ -115.2128205, 36.135674099700005 ], [ -115.2128205, 36.135679499700004 ], [ -115.2128232, 36.135679499700004 ], [ -115.2128232, 36.135684899700003 ], [ -115.2128259, 36.135684899700003 ], [ -115.2128259, 36.135687599700006 ], [ -115.2128286, 36.135687599700006 ], [ -115.2128286, 36.135690299700002 ], [ -115.212834, 36.135690299700002 ], [ -115.212834, 36.135695699700001 ], [ -115.2128367, 36.135695699700001 ], [ -115.2128367, 36.135698399700004 ], [ -115.2128394, 36.135698399700004 ], [ -115.2128394, 36.1357010997 ], [ -115.2128421, 36.1357010997 ], [ -115.2128421, 36.135703799700003 ], [ -115.2128448, 36.135703799700003 ], [ -115.2128448, 36.135709199700003 ], [ -115.2128475, 36.135709199700003 ], [ -115.2128475, 36.135711899700006 ], [ -115.2128502, 36.135711899700006 ], [ -115.2128502, 36.135719999700001 ], [ -115.2128529, 36.135719999700001 ], [ -115.2128529, 36.135728099700003 ], [ -115.2128502, 36.135728099700003 ], [ -115.2128502, 36.135733499700002 ], [ -115.2128475, 36.135733499700002 ], [ -115.2128475, 36.135736199700005 ], [ -115.2128448, 36.135736199700005 ], [ -115.2128448, 36.135738899700002 ], [ -115.2128421, 36.135738899700002 ], [ -115.2128421, 36.135741599700005 ], [ -115.2128394, 36.135741599700005 ], [ -115.2128394, 36.135744299700001 ], [ -115.2128367, 36.135744299700001 ], [ -115.2128367, 36.135746999700004 ], [ -115.2128313, 36.135746999700004 ], [ -115.2128313, 36.1357496997 ], [ -115.2128286, 36.1357496997 ], [ -115.2128286, 36.135752399700003 ], [ -115.2128232, 36.135752399700003 ], [ -115.2128232, 36.135755099699999 ], [ -115.2128151, 36.135755099699999 ], [ -115.2128151, 36.135757799700002 ], [ -115.212807, 36.135757799700002 ], [ -115.212807, 36.135760499700005 ], [ -115.2127989, 36.135760499700005 ], [ -115.2127989, 36.135763199700001 ], [ -115.2127935, 36.135763199700001 ], [ -115.2127935, 36.135765899700004 ], [ -115.2127881, 36.135765899700004 ], [ -115.2127881, 36.1357685997 ], [ -115.2127827, 36.1357685997 ], [ -115.2127827, 36.135771299700004 ], [ -115.2127773, 36.135771299700004 ], [ -115.2127773, 36.1357739997 ], [ -115.2127746, 36.1357739997 ], [ -115.2127746, 36.135776699700003 ], [ -115.2127692, 36.135776699700003 ], [ -115.2127692, 36.135779399699999 ], [ -115.2127665, 36.135779399699999 ], [ -115.2127665, 36.135782099700002 ], [ -115.2127611, 36.135782099700002 ], [ -115.2127611, 36.135784799700005 ], [ -115.2127584, 36.135784799700005 ], [ -115.2127584, 36.135787499700001 ], [ -115.2127557, 36.135787499700001 ], [ -115.2127557, 36.135790199700004 ] ] ] } },
{ "type": "Feature", "properties": { "value": 255.0 }, "geometry": { "type": "Polygon", "coordinates": [ [ [ -115.2132606, 36.135468899700001 ], [ -115.2132363, 36.135468899700001 ], [ -115.2132363, 36.135466199700005 ], [ -115.2132336, 36.135466199700005 ], [ -115.2132336, 36.1354553997 ], [ -115.2132309, 36.1354553997 ], [ -115.2132309, 36.135398699700005 ], [ -115.2132336, 36.135398699700005 ], [ -115.2132336, 36.135393299700006 ], [ -115.2132309, 36.135393299700006 ], [ -115.2132309, 36.135385199700004 ], [ -115.2132282, 36.135385199700004 ], [ -115.2132282, 36.1353824997 ], [ -115.2132255, 36.1353824997 ], [ -115.2132255, 36.135379799700004 ], [ -115.2132282, 36.135379799700004 ], [ -115.2132282, 36.135374399700005 ], [ -115.2132309, 36.135374399700005 ], [ -115.2132309, 36.135371699700002 ], [ -115.2132336, 36.135371699700002 ], [ -115.2132336, 36.135341999700003 ], [ -115.2132363, 36.135341999700003 ], [ -115.2132363, 36.1353392997 ], [ -115.213239, 36.1353392997 ], [ -115.213239, 36.135336599700004 ], [ -115.2132444, 36.135336599700004 ], [ -115.2132444, 36.135333899700001 ], [ -115.2132606, 36.135333899700001 ], [ -115.2132606, 36.135325799700006 ], [ -115.2132579, 36.135325799700006 ], [ -115.2132579, 36.135328499700002 ], [ -115.2132525, 36.135328499700002 ], [ -115.2132525, 36.135331199700005 ], [ -115.2132498, 36.135331199700005 ], [ -115.2132498, 36.135328499700002 ], [ -115.2132444, 36.135328499700002 ], [ -115.2132444, 36.135325799700006 ], [ -115.2132417, 36.135325799700006 ], [ -115.2132417, 36.135320399700007 ], [ -115.2132444, 36.135320399700007 ], [ -115.2132444, 36.135317699700003 ], [ -115.2133119, 36.135317699700003 ], [ -115.2133119, 36.135325799700006 ], [ -115.2133146, 36.135325799700006 ], [ -115.2133146, 36.135328499700002 ], [ -115.21332, 36.135328499700002 ], [ -115.21332, 36.135331199700005 ], [ -115.2133227, 36.135331199700005 ], [ -115.2133227, 36.135333899700001 ], [ -115.2133254, 36.135333899700001 ], [ -115.2133254, 36.135336599700004 ], [ -115.2133281, 36.135336599700004 ], [ -115.2133281, 36.135350099700005 ], [ -115.2133308, 36.135350099700005 ], [ -115.2133308, 36.135368999700006 ], [ -115.2133335, 36.135368999700006 ], [ -115.2133335, 36.1353824997 ], [ -115.2133362, 36.1353824997 ], [ -115.2133362, 36.135387899700007 ], [ -115.2133389, 36.135387899700007 ], [ -115.2133389, 36.135390599700003 ], [ -115.2133443, 36.135390599700003 ], [ -115.2133443, 36.135393299700006 ], [ -115.2133902, 36.135393299700006 ], [ -115.2133902, 36.135395999700002 ], [ -115.2133929, 36.135395999700002 ], [ -115.2133929, 36.135401399700001 ], [ -115.2133956, 36.135401399700001 ], [ -115.2133956, 36.135460799700006 ], [ -115.2133929, 36.135460799700006 ], [ -115.2133929, 36.135463499700002 ], [ -115.2133497, 36.135463499700002 ], [ -115.2133497, 36.135466199700005 ], [ -115.2132606, 36.135466199700005 ], [ -115.2132606, 36.135468899700001 ] ] ] } },
{ "type": "Feature", "properties": { "value": 255.0 }, "geometry": { "type": "Polygon", "coordinates": [ [ [ -115.2142434, 36.135436499700006 ], [ -115.2142029, 36.135436499700006 ], [ -115.2142029, 36.135433799700003 ], [ -115.2142002, 36.135433799700003 ], [ -115.2142002, 36.135425699700001 ], [ -115.2141975, 36.135425699700001 ], [ -115.2141975, 36.135422999700005 ], [ -115.2142002, 36.135422999700005 ], [ -115.2142002, 36.135417599700006 ], [ -115.2141975, 36.135417599700006 ], [ -115.2141975, 36.135412199700006 ], [ -115.2142002, 36.135412199700006 ], [ -115.2142002, 36.135409499700003 ], [ -115.2141975, 36.135409499700003 ], [ -115.2141975, 36.135371699700002 ], [ -115.2141948, 36.135371699700002 ], [ -115.2141948, 36.135358199700001 ], [ -115.2141894, 36.135358199700001 ], [ -115.2141894, 36.135355499700005 ], [ -115.214184, 36.135355499700005 ], [ -115.214184, 36.135352799700001 ], [ -115.2141813, 36.135352799700001 ], [ -115.2141813, 36.135336599700004 ], [ -115.2141921, 36.135336599700004 ], [ -115.2141921, 36.135333899700001 ], [ -115.2141975, 36.135333899700001 ], [ -115.2141975, 36.135317699700003 ], [ -115.2143487, 36.135317699700003 ], [ -115.2143487, 36.135320399700007 ], [ -115.2143514, 36.135320399700007 ], [ -115.2143514, 36.135352799700001 ], [ -115.2143541, 36.135352799700001 ], [ -115.2143541, 36.135360899700004 ], [ -115.2143568, 36.135360899700004 ], [ -115.2143568, 36.135398699700005 ], [ -115.2143595, 36.135398699700005 ], [ -115.2143595, 36.135428399700004 ], [ -115.2143541, 36.135428399700004 ], [ -115.2143541, 36.1354310997 ], [ -115.2142866, 36.1354310997 ], [ -115.2142866, 36.135433799700003 ], [ -115.2142434, 36.135433799700003 ], [ -115.2142434, 36.135436499700006 ] ] ] } },
{ "type": "Feature", "properties": { "value": 255.0 }, "geometry": { "type": "Polygon", "coordinates": [ [ [ -115.214481, 36.135425699700001 ], [ -115.2144081, 36.135425699700001 ], [ -115.2144081, 36.135422999700005 ], [ -115.2144054, 36.135422999700005 ], [ -115.2144054, 36.135420299700002 ], [ -115.2144027, 36.135420299700002 ], [ -115.2144027, 36.135412199700006 ], [ -115.2144054, 36.135412199700006 ], [ -115.2144054, 36.135398699700005 ], [ -115.2144027, 36.135398699700005 ], [ -115.2144027, 36.135387899700007 ], [ -115.2144054, 36.135387899700007 ], [ -115.2144054, 36.135368999700006 ], [ -115.2144027, 36.135368999700006 ], [ -115.2144027, 36.135360899700004 ], [ -115.2144054, 36.135360899700004 ], [ -115.2144054, 36.135352799700001 ], [ -115.2144027, 36.135352799700001 ], [ -115.2144027, 36.135317699700003 ], [ -115.2145026, 36.135317699700003 ], [ -115.2145026, 36.135420299700002 ], [ -115.2144945, 36.135420299700002 ], [ -115.2144945, 36.135422999700005 ], [ -115.214481, 36.135422999700005 ], [ -115.214481, 36.135425699700001 ] ] ] } },
{ "type": "Feature", "properties": { "value": 255.0 }, "geometry": { "type": "Polygon", "coordinates": [ [ [ -115.2139707, 36.135444599700001 ], [ -115.2139437, 36.135444599700001 ], [ -115.2139437, 36.135439199700002 ], [ -115.213941, 36.135439199700002 ], [ -115.213941, 36.135428399700004 ], [ -115.2139383, 36.135428399700004 ], [ -115.2139383, 36.135414899700002 ], [ -115.213941, 36.135414899700002 ], [ -115.213941, 36.1354067997 ], [ -115.2139383, 36.1354067997 ], [ -115.2139383, 36.135401399700001 ], [ -115.213941, 36.135401399700001 ], [ -115.213941, 36.135398699700005 ], [ -115.2139383, 36.135398699700005 ], [ -115.2139383, 36.135393299700006 ], [ -115.2139356, 36.135393299700006 ], [ -115.2139356, 36.135387899700007 ], [ -115.2139383, 36.135387899700007 ], [ -115.2139383, 36.135377099700001 ], [ -115.2139356, 36.135377099700001 ], [ -115.2139356, 36.135358199700001 ], [ -115.2139329, 36.135358199700001 ], [ -115.2139329, 36.135344699700006 ], [ -115.2139356, 36.135344699700006 ], [ -115.2139356, 36.135328499700002 ], [ -115.2139383, 36.135328499700002 ], [ -115.2139383, 36.135325799700006 ], [ -115.213941, 36.135325799700006 ], [ -115.213941, 36.135323099700003 ], [ -115.2139464, 36.135323099700003 ], [ -115.2139464, 36.135320399700007 ], [ -115.2139815, 36.135320399700007 ], [ -115.2139815, 36.135317699700003 ], [ -115.2140787, 36.135317699700003 ], [ -115.2140787, 36.135320399700007 ], [ -115.2141003, 36.135320399700007 ], [ -115.2141003, 36.135323099700003 ], [ -115.2141057, 36.135323099700003 ], [ -115.2141057, 36.135328499700002 ], [ -115.2141084, 36.135328499700002 ], [ -115.2141084, 36.135331199700005 ], [ -115.2141111, 36.135331199700005 ], [ -115.2141111, 36.135358199700001 ], [ -115.2141138, 36.135358199700001 ], [ -115.2141138, 36.1353635997 ], [ -115.2141165, 36.1353635997 ], [ -115.2141165, 36.135412199700006 ], [ -115.2141138, 36.135412199700006 ], [ -115.2141138, 36.135414899700002 ], [ -115.2141165, 36.135414899700002 ], [ -115.2141165, 36.1354310997 ], [ -115.2141138, 36.1354310997 ], [ -115.2141138, 36.135439199700002 ], [ -115.2141111, 36.135439199700002 ], [ -115.2141111, 36.135441899700005 ], [ -115.2139707, 36.135441899700005 ], [ -115.2139707, 36.135444599700001 ] ] ] } },
{ "type": "Feature", "properties": { "value": 255.0 }, "geometry": { "type": "Polygon", "coordinates": [ [ [ -115.2135279, 36.135460799700006 ], [ -115.2134685, 36.135460799700006 ], [ -115.2134685, 36.135420299700002 ], [ -115.2134658, 36.135420299700002 ], [ -115.2134658, 36.135393299700006 ], [ -115.2134631, 36.135393299700006 ], [ -115.2134631, 36.135390599700003 ], [ -115.2134604, 36.135390599700003 ], [ -115.2134604, 36.135387899700007 ], [ -115.213455, 36.135387899700007 ], [ -115.213455, 36.135385199700004 ], [ -115.2134496, 36.135385199700004 ], [ -115.2134496, 36.1353824997 ], [ -115.2134469, 36.1353824997 ], [ -115.2134469, 36.135377099700001 ], [ -115.2134442, 36.135377099700001 ], [ -115.2134442, 36.135358199700001 ], [ -115.2134469, 36.135358199700001 ], [ -115.2134469, 36.135352799700001 ], [ -115.2134442, 36.135352799700001 ], [ -115.2134442, 36.135347399700002 ], [ -115.2134469, 36.135347399700002 ], [ -115.2134469, 36.135344699700006 ], [ -115.2134442, 36.135344699700006 ], [ -115.2134442, 36.135336599700004 ], [ -115.2134469, 36.135336599700004 ], [ -115.2134469, 36.135328499700002 ], [ -115.2134496, 36.135328499700002 ], [ -115.2134496, 36.135325799700006 ], [ -115.213455, 36.135325799700006 ], [ -115.213455, 36.135323099700003 ], [ -115.2134631, 36.135323099700003 ], [ -115.2134631, 36.135320399700007 ], [ -115.213482, 36.135320399700007 ], [ -115.213482, 36.135323099700003 ], [ -115.2134874, 36.135323099700003 ], [ -115.2134874, 36.135320399700007 ], [ -115.2134982, 36.135320399700007 ], [ -115.2134982, 36.135317699700003 ], [ -115.2136386, 36.135317699700003 ], [ -115.2136386, 36.135320399700007 ], [ -115.2136413, 36.135320399700007 ], [ -115.2136413, 36.135333899700001 ], [ -115.213644, 36.135333899700001 ], [ -115.213644, 36.135387899700007 ], [ -115.2136413, 36.135387899700007 ], [ -115.2136413, 36.135390599700003 ], [ -115.2136386, 36.135390599700003 ], [ -115.2136386, 36.135393299700006 ], [ -115.2135873, 36.135393299700006 ], [ -115.2135873, 36.135395999700002 ], [ -115.2135819, 36.135395999700002 ], [ -115.2135819, 36.135401399700001 ], [ -115.2135792, 36.135401399700001 ], [ -115.2135792, 36.135404099700004 ], [ -115.2135738, 36.135404099700004 ], [ -115.2135738, 36.1354067997 ], [ -115.2135414, 36.1354067997 ], [ -115.2135414, 36.135433799700003 ], [ -115.2135441, 36.135433799700003 ], [ -115.2135441, 36.1354553997 ], [ -115.2135414, 36.1354553997 ], [ -115.2135414, 36.135458099700003 ], [ -115.2135279, 36.135458099700003 ], [ -115.2135279, 36.135460799700006 ] ] ] } },
{ "type": "Feature", "properties": { "value": 255.0 }, "geometry": { "type": "Polygon", "coordinates": [ [ [ -115.2129582, 36.135385199700004 ], [ -115.2129474, 36.135385199700004 ], [ -115.2129474, 36.1353824997 ], [ -115.2129447, 36.1353824997 ], [ -115.2129447, 36.135379799700004 ], [ -115.212942, 36.135379799700004 ], [ -115.212942, 36.135377099700001 ], [ -115.2129393, 36.135377099700001 ], [ -115.2129393, 36.135374399700005 ], [ -115.2129366, 36.135374399700005 ], [ -115.2129366, 36.135371699700002 ], [ -115.2129339, 36.135371699700002 ], [ -115.2129339, 36.135368999700006 ], [ -115.2129312, 36.135368999700006 ], [ -115.2129312, 36.135366299700003 ], [ -115.2129285, 36.135366299700003 ], [ -115.2129285, 36.1353635997 ], [ -115.2129258, 36.1353635997 ], [ -115.2129258, 36.135360899700004 ], [ -115.2129231, 36.135360899700004 ], [ -115.2129231, 36.135358199700001 ], [ -115.2129204, 36.135358199700001 ], [ -115.2129204, 36.135355499700005 ], [ -115.2129177, 36.135355499700005 ], [ -115.2129177, 36.135352799700001 ], [ -115.212915, 36.135352799700001 ], [ -115.212915, 36.135350099700005 ], [ -115.2129123, 36.135350099700005 ], [ -115.2129123, 36.135344699700006 ], [ -115.2129096, 36.135344699700006 ], [ -115.2129096, 36.135341999700003 ], [ -115.2129069, 36.135341999700003 ], [ -115.2129069, 36.1353392997 ], [ -115.2129042, 36.1353392997 ], [ -115.2129042, 36.135336599700004 ], [ -115.2129015, 36.135336599700004 ], [ -115.2129015, 36.135333899700001 ], [ -115.2128988, 36.135333899700001 ], [ -115.2128988, 36.135323099700003 ], [ -115.2129015, 36.135323099700003 ], [ -115.2129015, 36.135320399700007 ], [ -115.2129042, 36.135320399700007 ], [ -115.2129042, 36.135317699700003 ], [ -115.2130635, 36.135317699700003 ], [ -115.2130635, 36.135323099700003 ], [ -115.2130662, 36.135323099700003 ], [ -115.2130662, 36.135325799700006 ], [ -115.2130689, 36.135325799700006 ], [ -115.2130689, 36.135328499700002 ], [ -115.2130716, 36.135328499700002 ], [ -115.2130716, 36.135331199700005 ], [ -115.2130743, 36.135331199700005 ], [ -115.2130743, 36.135333899700001 ], [ -115.213077, 36.135333899700001 ], [ -115.213077, 36.1353392997 ], [ -115.2130797, 36.1353392997 ], [ -115.2130797, 36.135350099700005 ], [ -115.2130743, 36.135350099700005 ], [ -115.2130743, 36.135352799700001 ], [ -115.2130716, 36.135352799700001 ], [ -115.2130716, 36.135355499700005 ], [ -115.2130662, 36.135355499700005 ], [ -115.2130662, 36.135358199700001 ], [ -115.2130635, 36.135358199700001 ], [ -115.2130635, 36.135360899700004 ], [ -115.2130581, 36.135360899700004 ], [ -115.2130581, 36.1353635997 ], [ -115.2130527, 36.1353635997 ], [ -115.2130527, 36.135366299700003 ], [ -115.2130473, 36.135366299700003 ], [ -115.2130473, 36.135368999700006 ], [ -115.2130446, 36.135368999700006 ], [ -115.2130446, 36.135371699700002 ], [ -115.2130392, 36.135371699700002 ], [ -115.2130392, 36.135374399700005 ], [ -115.2130257, 36.135374399700005 ], [ -115.2130257, 36.135371699700002 ], [ -115.213023, 36.135371699700002 ], [ -115.213023, 36.135368999700006 ], [ -115.2130203, 36.135368999700006 ], [ -115.2130203, 36.135366299700003 ], [ -115.2130176, 36.135366299700003 ], [ -115.2130176, 36.1353635997 ], [ -115.2130095, 36.1353635997 ], [ -115.2130095, 36.135360899700004 ], [ -115.2129987, 36.135360899700004 ], [ -115.2129987, 36.1353635997 ], [ -115.2129933, 36.1353635997 ], [ -115.2129933, 36.135366299700003 ], [ -115.2129852, 36.135366299700003 ], [ -115.2129852, 36.135368999700006 ], [ -115.2129798, 36.135368999700006 ], [ -115.2129798, 36.135371699700002 ], [ -115.2129744, 36.135371699700002 ], [ -115.2129744, 36.135374399700005 ], [ -115.2129717, 36.135374399700005 ], [ -115.2129717, 36.135377099700001 ], [ -115.2129663, 36.135377099700001 ], [ -115.2129663, 36.135379799700004 ], [ -115.2129636, 36.135379799700004 ], [ -115.2129636, 36.1353824997 ], [ -115.2129582, 36.1353824997 ], [ -115.2129582, 36.135385199700004 ] ] ] } },
{ "type": "Feature", "properties": { "value": 255.0 }, "geometry": { "type": "Polygon", "coordinates": [ [ [ -115.2138492, 36.135447299700004 ], [ -115.2137979, 36.135447299700004 ], [ -115.2137979, 36.135444599700001 ], [ -115.2137952, 36.135444599700001 ], [ -115.2137952, 36.135447299700004 ], [ -115.2137925, 36.135447299700004 ], [ -115.2137925, 36.135444599700001 ], [ -115.2137871, 36.135444599700001 ], [ -115.2137871, 36.135441899700005 ], [ -115.2137844, 36.135441899700005 ], [ -115.2137844, 36.135433799700003 ], [ -115.2137871, 36.135433799700003 ], [ -115.2137871, 36.135422999700005 ], [ -115.2137925, 36.135422999700005 ], [ -115.2137925, 36.135420299700002 ], [ -115.2137952, 36.135420299700002 ], [ -115.2137952, 36.135414899700002 ], [ -115.2137925, 36.135414899700002 ], [ -115.2137925, 36.135412199700006 ], [ -115.2137952, 36.135412199700006 ], [ -115.2137952, 36.135409499700003 ], [ -115.2137979, 36.135409499700003 ], [ -115.2137979, 36.135404099700004 ], [ -115.2138006, 36.135404099700004 ], [ -115.2138006, 36.135398699700005 ], [ -115.2137979, 36.135398699700005 ], [ -115.2137979, 36.135395999700002 ], [ -115.2137952, 36.135395999700002 ], [ -115.2137952, 36.135393299700006 ], [ -115.2137871, 36.135393299700006 ], [ -115.2137871, 36.135390599700003 ], [ -115.2137628, 36.135390599700003 ], [ -115.2137628, 36.135393299700006 ], [ -115.2137088, 36.135393299700006 ], [ -115.2137088, 36.135390599700003 ], [ -115.2136818, 36.135390599700003 ], [ -115.2136818, 36.135385199700004 ], [ -115.2136791, 36.135385199700004 ], [ -115.2136791, 36.135317699700003 ], [ -115.2138573, 36.135317699700003 ], [ -115.2138573, 36.135320399700007 ], [ -115.2138546, 36.135320399700007 ], [ -115.2138546, 36.135328499700002 ], [ -115.2138573, 36.135328499700002 ], [ -115.2138573, 36.135360899700004 ], [ -115.21386, 36.135360899700004 ], [ -115.21386, 36.1353824997 ], [ -115.2138627, 36.1353824997 ], [ -115.2138627, 36.135401399700001 ], [ -115.2138654, 36.135401399700001 ], [ -115.2138654, 36.135439199700002 ], [ -115.2138627, 36.135439199700002 ], [ -115.2138627, 36.135444599700001 ], [ -115.2138492, 36.135444599700001 ], [ -115.2138492, 36.135447299700004 ] ] ] } }
]
}
