{
"type": "FeatureCollection",
"crs": { "type": "name", "properties": { "name": "urn:ogc:def:crs:OGC:1.3:CRS84" } },
"features": [
{ "type": "Feature", "properties": { "value": 255.0 }, "geometry": { "type": "Polygon", "coordinates": [ [ [ -115.1581239, 36.224647199900005 ], [ -115.1580969, 36.224647199900005 ], [ -115.1580969, 36.224644499900002 ], [ -115.1580942, 36.224644499900002 ], [ -115.1580942, 36.224641799899999 ], [ -115.1580915, 36.224641799899999 ], [ -115.1580915, 36.224639099900003 ], [ -115.1580942, 36.224639099900003 ], [ -115.1580942, 36.224628299900004 ], [ -115.1580969, 36.224628299900004 ], [ -115.1580969, 36.224625599900001 ], [ -115.1580996, 36.224625599900001 ], [ -115.1580996, 36.224622899900005 ], [ -115.1581239, 36.224622899900005 ], [ -115.1581239, 36.224628299900004 ], [ -115.1581266, 36.224628299900004 ], [ -115.1581266, 36.224639099900003 ], [ -115.1581239, 36.224639099900003 ], [ -115.1581239, 36.224647199900005 ] ] ] } },
{ "type": "Feature", "properties": { "value": 255.0 }, "geometry": { "type": "Polygon", "coordinates": [ [ [ -115.1583426, 36.224595899900002 ], [ -115.1583399, 36.224595899900002 ], [ -115.1583399, 36.224593199899999 ], [ -115.1583318, 36.224593199899999 ], [ -115.1583318, 36.224590499900003 ], [ -115.1583237, 36.224590499900003 ], [ -115.1583237, 36.2245877999 ], [ -115.158321, 36.2245877999 ], [ -115.158321, 36.224585099900004 ], [ -115.1583183, 36.224585099900004 ], [ -115.1583183, 36.224571599900003 ], [ -115.158321, 36.224571599900003 ], [ -115.158321, 36.2245688999 ], [ -115.1583237, 36.2245688999 ], [ -115.1583237, 36.2245634999 ], [ -115.1583264, 36.2245634999 ], [ -115.1583264, 36.224558099900001 ], [ -115.1583291, 36.224558099900001 ], [ -115.1583291, 36.224552699900002 ], [ -115.1583318, 36.224552699900002 ], [ -115.1583318, 36.224549999899999 ], [ -115.1583345, 36.224549999899999 ], [ -115.1583345, 36.2245445999 ], [ -115.1583372, 36.2245445999 ], [ -115.1583372, 36.224541899900004 ], [ -115.1583399, 36.224541899900004 ], [ -115.1583399, 36.224539199900001 ], [ -115.1583426, 36.224539199900001 ], [ -115.1583426, 36.224595899900002 ] ] ] } },
{ "type": "Feature", "properties": { "value": 255.0 }, "geometry": { "type": "Polygon", "coordinates": [ [ [ -115.1572248, 36.224682299900003 ], [ -115.1572167, 36.224682299900003 ], [ -115.1572167, 36.2246795999 ], [ -115.1572005, 36.2246795999 ], [ -115.1572005, 36.224676899900004 ], [ -115.1571843, 36.224676899900004 ], [ -115.1571843, 36.2246795999 ], [ -115.1571681, 36.2246795999 ], [ -115.1571681, 36.224682299900003 ], [ -115.15716, 36.224682299900003 ], [ -115.15716, 36.224674199900001 ], [ -115.1571573, 36.224674199900001 ], [ -115.1571573, 36.2246552999 ], [ -115.1571546, 36.2246552999 ], [ -115.1571546, 36.224628299900004 ], [ -115.1571276, 36.224628299900004 ], [ -115.1571276, 36.224625599900001 ], [ -115.1571249, 36.224625599900001 ], [ -115.1571249, 36.224622899900005 ], [ -115.157122199999989, 36.224622899900005 ], [ -115.157122199999989, 36.224598599900006 ], [ -115.1571195, 36.224598599900006 ], [ -115.1571195, 36.224593199899999 ], [ -115.157122199999989, 36.224593199899999 ], [ -115.157122199999989, 36.224576999900002 ], [ -115.1571249, 36.224576999900002 ], [ -115.1571249, 36.224574299899999 ], [ -115.1571357, 36.224574299899999 ], [ -115.1571357, 36.224571599900003 ], [ -115.1571465, 36.224571599900003 ], [ -115.1571465, 36.2245688999 ], [ -115.1571492, 36.2245688999 ], [ -115.1571492, 36.2245634999 ], [ -115.1571465, 36.2245634999 ], [ -115.1571465, 36.224558099900001 ], [ -115.1571492, 36.224558099900001 ], [ -115.1571492, 36.2245445999 ], [ -115.1571681, 36.2245445999 ], [ -115.1571681, 36.224541899900004 ], [ -115.1572167, 36.224541899900004 ], [ -115.1572167, 36.224539199900001 ], [ -115.1573436, 36.224539199900001 ], [ -115.1573436, 36.224541899900004 ], [ -115.1573463, 36.224541899900004 ], [ -115.1573463, 36.224590499900003 ], [ -115.1573409, 36.224590499900003 ], [ -115.1573409, 36.224593199899999 ], [ -115.157305799999989, 36.224593199899999 ], [ -115.157305799999989, 36.224595899900002 ], [ -115.1573004, 36.224595899900002 ], [ -115.1573004, 36.224598599900006 ], [ -115.1572923, 36.224598599900006 ], [ -115.1572923, 36.224601299900002 ], [ -115.1572869, 36.224601299900002 ], [ -115.1572869, 36.224603999900005 ], [ -115.1572815, 36.224603999900005 ], [ -115.1572815, 36.224649899900001 ], [ -115.1572761, 36.224649899900001 ], [ -115.1572761, 36.224652599900004 ], [ -115.1572626, 36.224652599900004 ], [ -115.1572626, 36.2246552999 ], [ -115.1572599, 36.2246552999 ], [ -115.1572599, 36.224663399900003 ], [ -115.157257199999989, 36.224663399900003 ], [ -115.157257199999989, 36.224668799900002 ], [ -115.1572545, 36.224668799900002 ], [ -115.1572545, 36.224671499900005 ], [ -115.1572491, 36.224671499900005 ], [ -115.1572491, 36.224674199900001 ], [ -115.1572437, 36.224674199900001 ], [ -115.1572437, 36.224676899900004 ], [ -115.157238299999989, 36.224676899900004 ], [ -115.157238299999989, 36.2246795999 ], [ -115.1572248, 36.2246795999 ], [ -115.1572248, 36.224682299900003 ] ] ] } },
{ "type": "Feature", "properties": { "value": 255.0 }, "geometry": { "type": "Polygon", "coordinates": [ [ [ -115.157727, 36.224625599900001 ], [ -115.1577243, 36.224625599900001 ], [ -115.1577243, 36.224622899900005 ], [ -115.1577189, 36.224622899900005 ], [ -115.1577189, 36.224601299900002 ], [ -115.1577162, 36.224601299900002 ], [ -115.1577162, 36.224598599900006 ], [ -115.1577189, 36.224598599900006 ], [ -115.1577189, 36.224576999900002 ], [ -115.1577135, 36.224576999900002 ], [ -115.1577135, 36.224574299899999 ], [ -115.1576919, 36.224574299899999 ], [ -115.1576919, 36.224571599900003 ], [ -115.157643299999989, 36.224571599900003 ], [ -115.157643299999989, 36.2245688999 ], [ -115.1576406, 36.2245688999 ], [ -115.1576406, 36.224517599900004 ], [ -115.157643299999989, 36.224517599900004 ], [ -115.157643299999989, 36.224514899900001 ], [ -115.157646, 36.224514899900001 ], [ -115.157646, 36.224512199900005 ], [ -115.1577243, 36.224512199900005 ], [ -115.1577243, 36.224509499900002 ], [ -115.1577432, 36.224509499900002 ], [ -115.1577432, 36.224506799899999 ], [ -115.157835, 36.224506799899999 ], [ -115.157835, 36.224509499900002 ], [ -115.1578377, 36.224509499900002 ], [ -115.1578377, 36.224517599900004 ], [ -115.1578404, 36.224517599900004 ], [ -115.1578404, 36.224560799900004 ], [ -115.1578431, 36.224560799900004 ], [ -115.1578431, 36.2245877999 ], [ -115.1578458, 36.2245877999 ], [ -115.1578458, 36.224606699900001 ], [ -115.1578431, 36.224606699900001 ], [ -115.1578431, 36.224617499899999 ], [ -115.1578377, 36.224617499899999 ], [ -115.1578377, 36.224620199900002 ], [ -115.1577621, 36.224620199900002 ], [ -115.1577621, 36.224622899900005 ], [ -115.157727, 36.224622899900005 ], [ -115.157727, 36.224625599900001 ] ] ] } },
{ "type": "Feature", "properties": { "value": 255.0 }, "geometry": { "type": "Polygon", "coordinates": [ [ [ -115.1566335, 36.2246363999 ], [ -115.1566092, 36.2246363999 ], [ -115.1566092, 36.2246309999 ], [ -115.1566065, 36.2246309999 ], [ -115.1566065, 36.224625599900001 ], [ -115.1566038, 36.224625599900001 ], [ -115.1566038, 36.224620199900002 ], [ -115.156601099999989, 36.224620199900002 ], [ -115.156601099999989, 36.224614799900003 ], [ -115.1565984, 36.224614799900003 ], [ -115.1565984, 36.224609399900004 ], [ -115.1565957, 36.224609399900004 ], [ -115.1565957, 36.224601299900002 ], [ -115.156593, 36.224601299900002 ], [ -115.156593, 36.224595899900002 ], [ -115.1565903, 36.224595899900002 ], [ -115.1565903, 36.224590499900003 ], [ -115.1565876, 36.224590499900003 ], [ -115.1565876, 36.224493299900004 ], [ -115.156593, 36.224493299900004 ], [ -115.156593, 36.224490599900001 ], [ -115.1566038, 36.224490599900001 ], [ -115.1566038, 36.224487899900005 ], [ -115.1566146, 36.224487899900005 ], [ -115.1566146, 36.224490599900001 ], [ -115.1566362, 36.224490599900001 ], [ -115.1566362, 36.224493299900004 ], [ -115.1566443, 36.224493299900004 ], [ -115.1566443, 36.2244959999 ], [ -115.1566524, 36.2244959999 ], [ -115.1566524, 36.224493299900004 ], [ -115.1566632, 36.224493299900004 ], [ -115.1566632, 36.224490599900001 ], [ -115.1566713, 36.224490599900001 ], [ -115.1566713, 36.224482499899999 ], [ -115.156674, 36.224482499899999 ], [ -115.156674, 36.224479799900003 ], [ -115.1566767, 36.224479799900003 ], [ -115.1566767, 36.224474399900004 ], [ -115.1566794, 36.224474399900004 ], [ -115.1566794, 36.2244716999 ], [ -115.1566875, 36.2244716999 ], [ -115.1566875, 36.224468999900004 ], [ -115.1566929, 36.224468999900004 ], [ -115.1566929, 36.224466299900001 ], [ -115.156701, 36.224466299900001 ], [ -115.156701, 36.224463599900005 ], [ -115.1567118, 36.224463599900005 ], [ -115.1567118, 36.224466299900001 ], [ -115.1567145, 36.224466299900001 ], [ -115.1567145, 36.224468999900004 ], [ -115.156717199999989, 36.224468999900004 ], [ -115.156717199999989, 36.2244716999 ], [ -115.1567199, 36.2244716999 ], [ -115.1567199, 36.224474399900004 ], [ -115.1567226, 36.224474399900004 ], [ -115.1567226, 36.224479799900003 ], [ -115.1567253, 36.224479799900003 ], [ -115.1567253, 36.224487899900005 ], [ -115.156728, 36.224487899900005 ], [ -115.156728, 36.224490599900001 ], [ -115.1567307, 36.224490599900001 ], [ -115.1567307, 36.2244959999 ], [ -115.1567334, 36.2244959999 ], [ -115.1567334, 36.224504099900003 ], [ -115.156736099999989, 36.224504099900003 ], [ -115.156736099999989, 36.224512199900005 ], [ -115.1567388, 36.224512199900005 ], [ -115.1567388, 36.224514899900001 ], [ -115.1567415, 36.224514899900001 ], [ -115.1567415, 36.224517599900004 ], [ -115.1567442, 36.224517599900004 ], [ -115.1567442, 36.2245202999 ], [ -115.1567469, 36.2245202999 ], [ -115.1567469, 36.224525699899999 ], [ -115.1567496, 36.224525699899999 ], [ -115.1567496, 36.224528399900002 ], [ -115.1567523, 36.224528399900002 ], [ -115.1567523, 36.224533799900001 ], [ -115.156755, 36.224533799900001 ], [ -115.156755, 36.224541899900004 ], [ -115.1567577, 36.224541899900004 ], [ -115.1567577, 36.224555399900005 ], [ -115.1567604, 36.224555399900005 ], [ -115.1567604, 36.224560799900004 ], [ -115.1567631, 36.224560799900004 ], [ -115.1567631, 36.2245688999 ], [ -115.156765799999988, 36.2245688999 ], [ -115.156765799999988, 36.224571599900003 ], [ -115.1567685, 36.224571599900003 ], [ -115.1567685, 36.224574299899999 ], [ -115.1567712, 36.224574299899999 ], [ -115.1567712, 36.224579699900005 ], [ -115.1567739, 36.224579699900005 ], [ -115.1567739, 36.2245877999 ], [ -115.1567766, 36.2245877999 ], [ -115.1567766, 36.224598599900006 ], [ -115.1567793, 36.224598599900006 ], [ -115.1567793, 36.224609399900004 ], [ -115.156782, 36.224609399900004 ], [ -115.156782, 36.2246120999 ], [ -115.1567793, 36.2246120999 ], [ -115.1567793, 36.224614799900003 ], [ -115.1567739, 36.224614799900003 ], [ -115.1567739, 36.224617499899999 ], [ -115.1567685, 36.224617499899999 ], [ -115.1567685, 36.224620199900002 ], [ -115.1567631, 36.224620199900002 ], [ -115.1567631, 36.224622899900005 ], [ -115.1567577, 36.224622899900005 ], [ -115.1567577, 36.224625599900001 ], [ -115.1567496, 36.224625599900001 ], [ -115.1567496, 36.224628299900004 ], [ -115.1567388, 36.224628299900004 ], [ -115.1567388, 36.2246309999 ], [ -115.1567334, 36.2246309999 ], [ -115.1567334, 36.224628299900004 ], [ -115.1567199, 36.224628299900004 ], [ -115.1567199, 36.224625599900001 ], [ -115.1567145, 36.224625599900001 ], [ -115.1567145, 36.224622899900005 ], [ -115.1567118, 36.224622899900005 ], [ -115.1567118, 36.224620199900002 ], [ -115.1567037, 36.224620199900002 ], [ -115.1567037, 36.224617499899999 ], [ -115.156698299999988, 36.224617499899999 ], [ -115.156698299999988, 36.224620199900002 ], [ -115.1566902, 36.224620199900002 ], [ -115.1566902, 36.224622899900005 ], [ -115.1566767, 36.224622899900005 ], [ -115.1566767, 36.224625599900001 ], [ -115.1566659, 36.224625599900001 ], [ -115.1566659, 36.224628299900004 ], [ -115.1566551, 36.224628299900004 ], [ -115.1566551, 36.2246309999 ], [ -115.1566416, 36.2246309999 ], [ -115.1566416, 36.224633699900004 ], [ -115.1566335, 36.224633699900004 ], [ -115.1566335, 36.2246363999 ] ] ] } },
{ "type": "Feature", "properties": { "value": 255.0 }, "geometry": { "type": "Polygon", "coordinates": [ [ [ -115.157322, 36.2245202999 ], [ -115.1572761, 36.2245202999 ], [ -115.1572761, 36.224517599900004 ], [ -115.1572734, 36.224517599900004 ], [ -115.1572734, 36.224514899900001 ], [ -115.1572707, 36.224514899900001 ], [ -115.1572707, 36.224506799899999 ], [ -115.157268, 36.224506799899999 ], [ -115.157268, 36.224498699900003 ], [ -115.1572653, 36.224498699900003 ], [ -115.1572653, 36.2244959999 ], [ -115.1572221, 36.2244959999 ], [ -115.1572221, 36.224498699900003 ], [ -115.1572005, 36.224498699900003 ], [ -115.1572005, 36.2244959999 ], [ -115.1571924, 36.2244959999 ], [ -115.1571924, 36.224493299900004 ], [ -115.157189699999989, 36.224493299900004 ], [ -115.157189699999989, 36.224490599900001 ], [ -115.1571573, 36.224490599900001 ], [ -115.1571573, 36.224485199900002 ], [ -115.1571546, 36.224485199900002 ], [ -115.1571546, 36.2244527999 ], [ -115.1571519, 36.2244527999 ], [ -115.1571519, 36.224423099900001 ], [ -115.1571492, 36.224423099900001 ], [ -115.1571492, 36.224412299900003 ], [ -115.1571519, 36.224412299900003 ], [ -115.1571519, 36.2244095999 ], [ -115.1571816, 36.2244095999 ], [ -115.1571816, 36.224406899900004 ], [ -115.1572032, 36.224406899900004 ], [ -115.1572032, 36.2244041999 ], [ -115.1572086, 36.2244041999 ], [ -115.1572086, 36.224406899900004 ], [ -115.1572167, 36.224406899900004 ], [ -115.1572167, 36.2244041999 ], [ -115.1572869, 36.2244041999 ], [ -115.1572869, 36.224406899900004 ], [ -115.1572896, 36.224406899900004 ], [ -115.1572896, 36.2244095999 ], [ -115.1572923, 36.2244095999 ], [ -115.1572923, 36.224412299900003 ], [ -115.157295, 36.224412299900003 ], [ -115.157295, 36.224414999899999 ], [ -115.1572977, 36.224414999899999 ], [ -115.1572977, 36.224417699900002 ], [ -115.1573166, 36.224417699900002 ], [ -115.1573166, 36.224420399900005 ], [ -115.1573247, 36.224420399900005 ], [ -115.1573247, 36.224431199900003 ], [ -115.1573274, 36.224431199900003 ], [ -115.1573274, 36.224436599900002 ], [ -115.1573247, 36.224436599900002 ], [ -115.1573247, 36.224444699900005 ], [ -115.1573274, 36.224444699900005 ], [ -115.1573274, 36.2244527999 ], [ -115.1573301, 36.2244527999 ], [ -115.1573301, 36.224455499900003 ], [ -115.1573328, 36.224455499900003 ], [ -115.1573328, 36.2244959999 ], [ -115.1573301, 36.2244959999 ], [ -115.1573301, 36.224512199900005 ], [ -115.1573274, 36.224512199900005 ], [ -115.1573274, 36.224517599900004 ], [ -115.157322, 36.224517599900004 ], [ -115.157322, 36.2245202999 ] ] ] } },
{ "type": "Feature", "properties": { "value": 255.0 }, "geometry": { "type": "Polygon", "coordinates": [ [ [ -115.1577162, 36.224493299900004 ], [ -115.1576622, 36.224493299900004 ], [ -115.1576622, 36.224490599900001 ], [ -115.157643299999989, 36.224490599900001 ], [ -115.157643299999989, 36.224487899900005 ], [ -115.1576379, 36.224487899900005 ], [ -115.1576379, 36.224485199900002 ], [ -115.1576352, 36.224485199900002 ], [ -115.1576352, 36.224450099900004 ], [ -115.1576325, 36.224450099900004 ], [ -115.1576325, 36.224447399900001 ], [ -115.1576298, 36.224447399900001 ], [ -115.1576298, 36.224441999900002 ], [ -115.1576325, 36.224441999900002 ], [ -115.1576325, 36.224433899899999 ], [ -115.1576406, 36.224433899899999 ], [ -115.1576406, 36.224431199900003 ], [ -115.157646, 36.224431199900003 ], [ -115.157646, 36.224398799900001 ], [ -115.1576487, 36.224398799900001 ], [ -115.1576487, 36.224396099900005 ], [ -115.1576514, 36.224396099900005 ], [ -115.1576514, 36.224393399900002 ], [ -115.1576676, 36.224393399900002 ], [ -115.1576676, 36.224390699899999 ], [ -115.1576757, 36.224390699899999 ], [ -115.1576757, 36.2243852999 ], [ -115.1576784, 36.2243852999 ], [ -115.1576784, 36.224379899900001 ], [ -115.1576811, 36.224379899900001 ], [ -115.1576811, 36.224377199900005 ], [ -115.1576919, 36.224377199900005 ], [ -115.1576919, 36.224374499900001 ], [ -115.1578242, 36.224374499900001 ], [ -115.1578242, 36.224377199900005 ], [ -115.1578269, 36.224377199900005 ], [ -115.1578269, 36.2244041999 ], [ -115.1578296, 36.2244041999 ], [ -115.1578296, 36.224436599900002 ], [ -115.1578323, 36.224436599900002 ], [ -115.1578323, 36.224450099900004 ], [ -115.1578296, 36.224450099900004 ], [ -115.1578296, 36.2244527999 ], [ -115.157808, 36.2244527999 ], [ -115.157808, 36.224455499900003 ], [ -115.1577972, 36.224455499900003 ], [ -115.1577972, 36.224460899900002 ], [ -115.1577945, 36.224460899900002 ], [ -115.1577945, 36.224463599900005 ], [ -115.1577432, 36.224463599900005 ], [ -115.1577432, 36.224466299900001 ], [ -115.157727, 36.224466299900001 ], [ -115.157727, 36.224468999900004 ], [ -115.1577243, 36.224468999900004 ], [ -115.1577243, 36.2244716999 ], [ -115.1577216, 36.2244716999 ], [ -115.1577216, 36.224482499899999 ], [ -115.1577189, 36.224482499899999 ], [ -115.1577189, 36.224490599900001 ], [ -115.1577162, 36.224490599900001 ], [ -115.1577162, 36.224493299900004 ] ] ] } },
{ "type": "Feature", "properties": { "value": 255.0 }, "geometry": { "type": "Polygon", "coordinates": [ [ [ -115.1582184, 36.224455499900003 ], [ -115.1582076, 36.224455499900003 ], [ -115.1582076, 36.2244527999 ], [ -115.1582049, 36.2244527999 ], [ -115.1582049, 36.224444699900005 ], [ -115.1582022, 36.224444699900005 ], [ -115.1582022, 36.224441999900002 ], [ -115.1581995, 36.224441999900002 ], [ -115.1581995, 36.224439299899998 ], [ -115.1581941, 36.224439299899998 ], [ -115.1581941, 36.224436599900002 ], [ -115.1581914, 36.224436599900002 ], [ -115.1581914, 36.224433899899999 ], [ -115.1581887, 36.224433899899999 ], [ -115.1581887, 36.224431199900003 ], [ -115.158186, 36.224431199900003 ], [ -115.158186, 36.2244284999 ], [ -115.1581833, 36.2244284999 ], [ -115.1581833, 36.224425799900004 ], [ -115.1581806, 36.224425799900004 ], [ -115.1581806, 36.224423099900001 ], [ -115.1581779, 36.224423099900001 ], [ -115.1581779, 36.224420399900005 ], [ -115.1581752, 36.224420399900005 ], [ -115.1581752, 36.224414999899999 ], [ -115.1581725, 36.224414999899999 ], [ -115.1581725, 36.224412299900003 ], [ -115.1581698, 36.224412299900003 ], [ -115.1581698, 36.224406899900004 ], [ -115.1581671, 36.224406899900004 ], [ -115.1581671, 36.2244041999 ], [ -115.1581644, 36.2244041999 ], [ -115.1581644, 36.224401499900004 ], [ -115.1581617, 36.224401499900004 ], [ -115.1581617, 36.224398799900001 ], [ -115.158159, 36.224398799900001 ], [ -115.158159, 36.224396099900005 ], [ -115.1581563, 36.224396099900005 ], [ -115.1581563, 36.224393399900002 ], [ -115.1581536, 36.224393399900002 ], [ -115.1581536, 36.224390699899999 ], [ -115.1581509, 36.224390699899999 ], [ -115.1581509, 36.224379899900001 ], [ -115.1581536, 36.224379899900001 ], [ -115.1581536, 36.224377199900005 ], [ -115.1581563, 36.224377199900005 ], [ -115.1581563, 36.224374499900001 ], [ -115.158159, 36.224374499900001 ], [ -115.158159, 36.224371799899998 ], [ -115.1581617, 36.224371799899998 ], [ -115.1581617, 36.224369099900002 ], [ -115.1581698, 36.224369099900002 ], [ -115.1581698, 36.224366399899999 ], [ -115.1581779, 36.224366399899999 ], [ -115.1581779, 36.224363699900003 ], [ -115.1581833, 36.224363699900003 ], [ -115.1581833, 36.2243609999 ], [ -115.1581887, 36.2243609999 ], [ -115.1581887, 36.224358299900004 ], [ -115.1581941, 36.224358299900004 ], [ -115.1581941, 36.224355599900001 ], [ -115.1581995, 36.224355599900001 ], [ -115.1581995, 36.224352899900005 ], [ -115.1582049, 36.224352899900005 ], [ -115.1582049, 36.224350199900002 ], [ -115.1582157, 36.224350199900002 ], [ -115.1582157, 36.224347499899999 ], [ -115.1582238, 36.224347499899999 ], [ -115.1582238, 36.224344799900003 ], [ -115.1582292, 36.224344799900003 ], [ -115.1582292, 36.224342099899999 ], [ -115.1582319, 36.224342099899999 ], [ -115.1582319, 36.224339399900003 ], [ -115.1582346, 36.224339399900003 ], [ -115.1582346, 36.2243366999 ], [ -115.1582535, 36.2243366999 ], [ -115.1582535, 36.224339399900003 ], [ -115.1582562, 36.224339399900003 ], [ -115.1582562, 36.224342099899999 ], [ -115.1582643, 36.224342099899999 ], [ -115.1582643, 36.224339399900003 ], [ -115.1582832, 36.224339399900003 ], [ -115.1582832, 36.224342099899999 ], [ -115.1582859, 36.224342099899999 ], [ -115.1582859, 36.224344799900003 ], [ -115.1582886, 36.224344799900003 ], [ -115.1582886, 36.224347499899999 ], [ -115.1582913, 36.224347499899999 ], [ -115.1582913, 36.224350199900002 ], [ -115.158294, 36.224350199900002 ], [ -115.158294, 36.224352899900005 ], [ -115.1582967, 36.224352899900005 ], [ -115.1582967, 36.224358299900004 ], [ -115.1583021, 36.224358299900004 ], [ -115.1583021, 36.2243609999 ], [ -115.1583048, 36.2243609999 ], [ -115.1583048, 36.224363699900003 ], [ -115.1583129, 36.224363699900003 ], [ -115.1583129, 36.224366399899999 ], [ -115.1583183, 36.224366399899999 ], [ -115.1583183, 36.224369099900002 ], [ -115.158321, 36.224369099900002 ], [ -115.158321, 36.224371799899998 ], [ -115.1583237, 36.224371799899998 ], [ -115.1583237, 36.224374499900001 ], [ -115.1583264, 36.224374499900001 ], [ -115.1583264, 36.224377199900005 ], [ -115.1583291, 36.224377199900005 ], [ -115.1583291, 36.224379899900001 ], [ -115.1583318, 36.224379899900001 ], [ -115.1583318, 36.224382599900004 ], [ -115.1583345, 36.224382599900004 ], [ -115.1583345, 36.2243852999 ], [ -115.1583426, 36.2243852999 ], [ -115.1583426, 36.224423099900001 ], [ -115.1583399, 36.224423099900001 ], [ -115.1583399, 36.224425799900004 ], [ -115.1583372, 36.224425799900004 ], [ -115.1583372, 36.2244284999 ], [ -115.1583318, 36.2244284999 ], [ -115.1583318, 36.224431199900003 ], [ -115.1583237, 36.224431199900003 ], [ -115.1583237, 36.224433899899999 ], [ -115.1583156, 36.224433899899999 ], [ -115.1583156, 36.224436599900002 ], [ -115.1583129, 36.224436599900002 ], [ -115.1583129, 36.224439299899998 ], [ -115.1583075, 36.224439299899998 ], [ -115.1583075, 36.224441999900002 ], [ -115.1582994, 36.224441999900002 ], [ -115.1582994, 36.224444699900005 ], [ -115.1582967, 36.224444699900005 ], [ -115.1582967, 36.224441999900002 ], [ -115.1582913, 36.224441999900002 ], [ -115.1582913, 36.224439299899998 ], [ -115.1582886, 36.224439299899998 ], [ -115.1582886, 36.224436599900002 ], [ -115.1582859, 36.224436599900002 ], [ -115.1582859, 36.224433899899999 ], [ -115.1582751, 36.224433899899999 ], [ -115.1582751, 36.224431199900003 ], [ -115.158267, 36.224431199900003 ], [ -115.158267, 36.224433899899999 ], [ -115.1582589, 36.224433899899999 ], [ -115.1582589, 36.224436599900002 ], [ -115.1582508, 36.224436599900002 ], [ -115.1582508, 36.224439299899998 ], [ -115.1582454, 36.224439299899998 ], [ -115.1582454, 36.224441999900002 ], [ -115.1582373, 36.224441999900002 ], [ -115.1582373, 36.224444699900005 ], [ -115.1582319, 36.224444699900005 ], [ -115.1582319, 36.224447399900001 ], [ -115.1582238, 36.224447399900001 ], [ -115.1582238, 36.2244527999 ], [ -115.1582184, 36.2244527999 ], [ -115.1582184, 36.224455499900003 ] ] ] } },
{ "type": "Feature", "properties": { "value": 255.0 }, "geometry": { "type": "Polygon", "coordinates": [ [ [ -115.1579943, 36.224377199900005 ], [ -115.15797, 36.224377199900005 ], [ -115.15797, 36.224371799899998 ], [ -115.1579673, 36.224371799899998 ], [ -115.1579673, 36.224363699900003 ], [ -115.1579646, 36.224363699900003 ], [ -115.1579646, 36.224344799900003 ], [ -115.1579673, 36.224344799900003 ], [ -115.1579673, 36.224339399900003 ], [ -115.15797, 36.224339399900003 ], [ -115.15797, 36.224331299900001 ], [ -115.1579727, 36.224331299900001 ], [ -115.1579727, 36.224325899900002 ], [ -115.1579862, 36.224325899900002 ], [ -115.1579862, 36.224328599900005 ], [ -115.1579916, 36.224328599900005 ], [ -115.1579916, 36.224331299900001 ], [ -115.1579943, 36.224331299900001 ], [ -115.1579943, 36.224333999900004 ], [ -115.157997, 36.224333999900004 ], [ -115.157997, 36.224374499900001 ], [ -115.1579943, 36.224374499900001 ], [ -115.1579943, 36.224377199900005 ] ] ] } },
{ "type": "Feature", "properties": { "value": 255.0 }, "geometry": { "type": "Polygon", "coordinates": [ [ [ -115.15689, 36.224463599900005 ], [ -115.1568819, 36.224463599900005 ], [ -115.1568819, 36.224460899900002 ], [ -115.156863, 36.224460899900002 ], [ -115.156863, 36.224458199899999 ], [ -115.156852199999989, 36.224458199899999 ], [ -115.156852199999989, 36.224455499900003 ], [ -115.1568414, 36.224455499900003 ], [ -115.1568414, 36.2244527999 ], [ -115.1568279, 36.2244527999 ], [ -115.1568279, 36.224450099900004 ], [ -115.1568063, 36.224450099900004 ], [ -115.1568063, 36.224447399900001 ], [ -115.1567955, 36.224447399900001 ], [ -115.1567955, 36.224444699900005 ], [ -115.1567874, 36.224444699900005 ], [ -115.1567874, 36.224441999900002 ], [ -115.1567766, 36.224441999900002 ], [ -115.1567766, 36.224439299899998 ], [ -115.156765799999988, 36.224439299899998 ], [ -115.156765799999988, 36.224436599900002 ], [ -115.1567523, 36.224436599900002 ], [ -115.1567523, 36.224433899899999 ], [ -115.1567415, 36.224433899899999 ], [ -115.1567415, 36.224431199900003 ], [ -115.1567388, 36.224431199900003 ], [ -115.1567388, 36.2244284999 ], [ -115.156736099999989, 36.2244284999 ], [ -115.156736099999989, 36.224425799900004 ], [ -115.1567388, 36.224425799900004 ], [ -115.1567388, 36.224401499900004 ], [ -115.1567415, 36.224401499900004 ], [ -115.1567415, 36.224393399900002 ], [ -115.1567442, 36.224393399900002 ], [ -115.1567442, 36.224374499900001 ], [ -115.1567469, 36.224374499900001 ], [ -115.1567469, 36.224347499899999 ], [ -115.1567496, 36.224347499899999 ], [ -115.1567496, 36.224333999900004 ], [ -115.1567523, 36.224333999900004 ], [ -115.1567523, 36.224315099900004 ], [ -115.156755, 36.224315099900004 ], [ -115.156755, 36.224306999900001 ], [ -115.1567577, 36.224306999900001 ], [ -115.1567577, 36.224301599900002 ], [ -115.1567604, 36.224301599900002 ], [ -115.1567604, 36.224296199900003 ], [ -115.1567631, 36.224296199900003 ], [ -115.1567631, 36.2242934999 ], [ -115.1567712, 36.2242934999 ], [ -115.1567712, 36.224296199900003 ], [ -115.1567982, 36.224296199900003 ], [ -115.1567982, 36.224298899899999 ], [ -115.1568144, 36.224298899899999 ], [ -115.1568144, 36.224301599900002 ], [ -115.1568279, 36.224301599900002 ], [ -115.1568279, 36.224304299899998 ], [ -115.1568441, 36.224304299899998 ], [ -115.1568441, 36.224306999900001 ], [ -115.1568549, 36.224306999900001 ], [ -115.1568549, 36.224309699900004 ], [ -115.1568657, 36.224309699900004 ], [ -115.1568657, 36.224312399900001 ], [ -115.1568765, 36.224312399900001 ], [ -115.1568765, 36.224315099900004 ], [ -115.15689, 36.224315099900004 ], [ -115.15689, 36.2243177999 ], [ -115.156900799999988, 36.2243177999 ], [ -115.156900799999988, 36.224320499900003 ], [ -115.1569062, 36.224320499900003 ], [ -115.1569062, 36.224323199899999 ], [ -115.156917, 36.224323199899999 ], [ -115.156917, 36.224325899900002 ], [ -115.1569305, 36.224325899900002 ], [ -115.1569305, 36.224331299900001 ], [ -115.1569332, 36.224331299900001 ], [ -115.1569332, 36.224347499899999 ], [ -115.1569305, 36.224347499899999 ], [ -115.1569305, 36.224352899900005 ], [ -115.1569278, 36.224352899900005 ], [ -115.1569278, 36.224363699900003 ], [ -115.1569251, 36.224363699900003 ], [ -115.1569251, 36.224374499900001 ], [ -115.1569224, 36.224374499900001 ], [ -115.1569224, 36.224382599900004 ], [ -115.156919699999989, 36.224382599900004 ], [ -115.156919699999989, 36.224398799900001 ], [ -115.156917, 36.224398799900001 ], [ -115.156917, 36.224412299900003 ], [ -115.1569143, 36.224412299900003 ], [ -115.1569143, 36.224417699900002 ], [ -115.1569116, 36.224417699900002 ], [ -115.1569116, 36.224420399900005 ], [ -115.1569089, 36.224420399900005 ], [ -115.1569089, 36.224425799900004 ], [ -115.1569062, 36.224425799900004 ], [ -115.1569062, 36.224431199900003 ], [ -115.1569035, 36.224431199900003 ], [ -115.1569035, 36.224436599900002 ], [ -115.156900799999988, 36.224436599900002 ], [ -115.156900799999988, 36.224441999900002 ], [ -115.1568981, 36.224441999900002 ], [ -115.1568981, 36.224450099900004 ], [ -115.1568954, 36.224450099900004 ], [ -115.1568954, 36.224455499900003 ], [ -115.1568927, 36.224455499900003 ], [ -115.1568927, 36.224460899900002 ], [ -115.15689, 36.224460899900002 ], [ -115.15689, 36.224463599900005 ] ] ] } },
{ "type": "Feature", "properties": { "value": 255.0 }, "geometry": { "type": "Polygon", "coordinates": [ [ [ -115.1571546, 36.224379899900001 ], [ -115.1571492, 36.224379899900001 ], [ -115.1571492, 36.224377199900005 ], [ -115.1571438, 36.224377199900005 ], [ -115.1571438, 36.224371799899998 ], [ -115.1571411, 36.224371799899998 ], [ -115.1571411, 36.224355599900001 ], [ -115.1571384, 36.224355599900001 ], [ -115.1571384, 36.224352899900005 ], [ -115.1571357, 36.224352899900005 ], [ -115.1571357, 36.224350199900002 ], [ -115.1571141, 36.224350199900002 ], [ -115.1571141, 36.224352899900005 ], [ -115.1571087, 36.224352899900005 ], [ -115.1571087, 36.224350199900002 ], [ -115.157103299999989, 36.224350199900002 ], [ -115.157103299999989, 36.224328599900005 ], [ -115.1571006, 36.224328599900005 ], [ -115.1571006, 36.224288099900001 ], [ -115.157106, 36.224288099900001 ], [ -115.157106, 36.224285399900005 ], [ -115.1571087, 36.224285399900005 ], [ -115.1571087, 36.224288099900001 ], [ -115.1571303, 36.224288099900001 ], [ -115.1571303, 36.224285399900005 ], [ -115.157133, 36.224285399900005 ], [ -115.157133, 36.2242691999 ], [ -115.1571357, 36.2242691999 ], [ -115.1571357, 36.224266499900004 ], [ -115.1571492, 36.224266499900004 ], [ -115.1571492, 36.224263799900001 ], [ -115.1571951, 36.224263799900001 ], [ -115.1571951, 36.224261099900005 ], [ -115.1573004, 36.224261099900005 ], [ -115.1573004, 36.224258399900002 ], [ -115.1573274, 36.224258399900002 ], [ -115.1573274, 36.224261099900005 ], [ -115.1573328, 36.224261099900005 ], [ -115.1573328, 36.224263799900001 ], [ -115.1573355, 36.224263799900001 ], [ -115.1573355, 36.224277299900002 ], [ -115.1573328, 36.224277299900002 ], [ -115.1573328, 36.224309699900004 ], [ -115.1573301, 36.224309699900004 ], [ -115.1573301, 36.224315099900004 ], [ -115.1573004, 36.224315099900004 ], [ -115.1573004, 36.2243177999 ], [ -115.1572869, 36.2243177999 ], [ -115.1572869, 36.224320499900003 ], [ -115.1572788, 36.224320499900003 ], [ -115.1572788, 36.224323199899999 ], [ -115.1572707, 36.224323199899999 ], [ -115.1572707, 36.224325899900002 ], [ -115.1572653, 36.224325899900002 ], [ -115.1572653, 36.224363699900003 ], [ -115.157268, 36.224363699900003 ], [ -115.157268, 36.224369099900002 ], [ -115.1572653, 36.224369099900002 ], [ -115.1572653, 36.224371799899998 ], [ -115.1572626, 36.224371799899998 ], [ -115.1572626, 36.224374499900001 ], [ -115.157187, 36.224374499900001 ], [ -115.157187, 36.224377199900005 ], [ -115.1571546, 36.224377199900005 ], [ -115.1571546, 36.224379899900001 ] ] ] } },
{ "type": "Feature", "properties": { "value": 255.0 }, "geometry": { "type": "Polygon", "coordinates": [ [ [ -115.1577486, 36.2242934999 ], [ -115.1576946, 36.2242934999 ], [ -115.1576946, 36.224290799900004 ], [ -115.1576919, 36.224290799900004 ], [ -115.1576919, 36.224282699900002 ], [ -115.1576946, 36.224282699900002 ], [ -115.1576946, 36.224274599899999 ], [ -115.1576919, 36.224274599899999 ], [ -115.1576919, 36.224266499900004 ], [ -115.1576946, 36.224266499900004 ], [ -115.1576946, 36.224252999900003 ], [ -115.1576919, 36.224252999900003 ], [ -115.1576919, 36.2242502999 ], [ -115.1576892, 36.2242502999 ], [ -115.1576892, 36.224247599900004 ], [ -115.1576811, 36.224247599900004 ], [ -115.1576811, 36.2242448999 ], [ -115.157673, 36.2242448999 ], [ -115.157673, 36.224242199900004 ], [ -115.1576352, 36.224242199900004 ], [ -115.1576352, 36.224239499900001 ], [ -115.1576271, 36.224239499900001 ], [ -115.1576271, 36.224236799899998 ], [ -115.1576244, 36.224236799899998 ], [ -115.1576244, 36.224234099900002 ], [ -115.1576217, 36.224234099900002 ], [ -115.1576217, 36.224190899900002 ], [ -115.1576244, 36.224190899900002 ], [ -115.1576244, 36.224188199899999 ], [ -115.1576325, 36.224188199899999 ], [ -115.1576325, 36.224185499900003 ], [ -115.1576973, 36.224185499900003 ], [ -115.1576973, 36.224182799899999 ], [ -115.1577189, 36.224182799899999 ], [ -115.1577189, 36.224180099900003 ], [ -115.1578323, 36.224180099900003 ], [ -115.1578323, 36.224182799899999 ], [ -115.1578404, 36.224182799899999 ], [ -115.1578404, 36.224180099900003 ], [ -115.1578512, 36.224180099900003 ], [ -115.1578512, 36.224182799899999 ], [ -115.1578566, 36.224182799899999 ], [ -115.1578566, 36.224185499900003 ], [ -115.1578593, 36.224185499900003 ], [ -115.1578593, 36.2242259999 ], [ -115.157862, 36.2242259999 ], [ -115.157862, 36.224271899900003 ], [ -115.1578647, 36.224271899900003 ], [ -115.1578647, 36.224279999899998 ], [ -115.157862, 36.224279999899998 ], [ -115.157862, 36.224285399900005 ], [ -115.1578296, 36.224285399900005 ], [ -115.1578296, 36.224288099900001 ], [ -115.1578188, 36.224288099900001 ], [ -115.1578188, 36.224290799900004 ], [ -115.1577486, 36.224290799900004 ], [ -115.1577486, 36.2242934999 ] ] ] } },
{ "type": "Feature", "properties": { "value": 255.0 }, "geometry": { "type": "Polygon", "coordinates": [ [ [ -115.1580105, 36.2242016999 ], [ -115.1580078, 36.2242016999 ], [ -115.1580078, 36.224198999900004 ], [ -115.1579889, 36.224198999900004 ], [ -115.1579889, 36.224193599900005 ], [ -115.1579862, 36.224193599900005 ], [ -115.1579862, 36.224169299899998 ], [ -115.1579889, 36.224169299899998 ], [ -115.1579889, 36.224166599900002 ], [ -115.1580159, 36.224166599900002 ], [ -115.1580159, 36.224196299900001 ], [ -115.1580132, 36.224196299900001 ], [ -115.1580132, 36.224198999900004 ], [ -115.1580105, 36.224198999900004 ], [ -115.1580105, 36.2242016999 ] ] ] } },
{ "type": "Feature", "properties": { "value": 255.0 }, "geometry": { "type": "Polygon", "coordinates": [ [ [ -115.1581509, 36.224261099900005 ], [ -115.1581374, 36.224261099900005 ], [ -115.1581374, 36.224258399900002 ], [ -115.158132, 36.224258399900002 ], [ -115.158132, 36.2242502999 ], [ -115.1581293, 36.2242502999 ], [ -115.1581293, 36.224231399899999 ], [ -115.1580942, 36.224231399899999 ], [ -115.1580942, 36.224228699900003 ], [ -115.1580915, 36.224228699900003 ], [ -115.1580915, 36.224223299900004 ], [ -115.1580888, 36.224223299900004 ], [ -115.1580888, 36.224171999900001 ], [ -115.1580915, 36.224171999900001 ], [ -115.1580915, 36.224169299899998 ], [ -115.1581131, 36.224169299899998 ], [ -115.1581131, 36.224171999900001 ], [ -115.1581185, 36.224171999900001 ], [ -115.1581185, 36.224169299899998 ], [ -115.1581212, 36.224169299899998 ], [ -115.1581212, 36.224171999900001 ], [ -115.1581239, 36.224171999900001 ], [ -115.1581239, 36.224169299899998 ], [ -115.1581266, 36.224169299899998 ], [ -115.1581266, 36.224150399900005 ], [ -115.1581293, 36.224150399900005 ], [ -115.1581293, 36.224147699900001 ], [ -115.1582049, 36.224147699900001 ], [ -115.1582049, 36.224144999899998 ], [ -115.1582697, 36.224144999899998 ], [ -115.1582697, 36.224147699900001 ], [ -115.1583129, 36.224147699900001 ], [ -115.1583129, 36.224144999899998 ], [ -115.158321, 36.224144999899998 ], [ -115.158321, 36.224147699900001 ], [ -115.1583264, 36.224147699900001 ], [ -115.1583264, 36.224150399900005 ], [ -115.1583291, 36.224150399900005 ], [ -115.1583291, 36.224198999900004 ], [ -115.1583264, 36.224198999900004 ], [ -115.1583264, 36.2242016999 ], [ -115.1582859, 36.2242016999 ], [ -115.1582859, 36.224204399900003 ], [ -115.1582778, 36.224204399900003 ], [ -115.1582778, 36.224207099899999 ], [ -115.1582697, 36.224207099899999 ], [ -115.1582697, 36.224209799900002 ], [ -115.1582616, 36.224209799900002 ], [ -115.1582616, 36.224212499899998 ], [ -115.1582589, 36.224212499899998 ], [ -115.1582589, 36.224217899900005 ], [ -115.1582562, 36.224217899900005 ], [ -115.1582562, 36.224220599900001 ], [ -115.1582589, 36.224220599900001 ], [ -115.1582589, 36.224255699899999 ], [ -115.1582562, 36.224255699899999 ], [ -115.1582562, 36.224258399900002 ], [ -115.1581509, 36.224258399900002 ], [ -115.1581509, 36.224261099900005 ] ] ] } },
{ "type": "Feature", "properties": { "value": 255.0 }, "geometry": { "type": "Polygon", "coordinates": [ [ [ -115.156765799999988, 36.224252999900003 ], [ -115.1567442, 36.224252999900003 ], [ -115.1567442, 36.2242502999 ], [ -115.1567388, 36.2242502999 ], [ -115.1567388, 36.224247599900004 ], [ -115.156736099999989, 36.224247599900004 ], [ -115.156736099999989, 36.224228699900003 ], [ -115.1567334, 36.224228699900003 ], [ -115.1567334, 36.224204399900003 ], [ -115.156736099999989, 36.224204399900003 ], [ -115.156736099999989, 36.224196299900001 ], [ -115.1567388, 36.224196299900001 ], [ -115.1567388, 36.2241773999 ], [ -115.1567415, 36.2241773999 ], [ -115.1567415, 36.224166599900002 ], [ -115.1567388, 36.224166599900002 ], [ -115.1567388, 36.224142299900002 ], [ -115.1567415, 36.224142299900002 ], [ -115.1567415, 36.224136899900003 ], [ -115.1567442, 36.224136899900003 ], [ -115.1567442, 36.2241341999 ], [ -115.1567604, 36.2241341999 ], [ -115.1567604, 36.224131499900004 ], [ -115.1567955, 36.224131499900004 ], [ -115.1567955, 36.224128799900001 ], [ -115.1568387, 36.224128799900001 ], [ -115.1568387, 36.224126099900005 ], [ -115.1568603, 36.224126099900005 ], [ -115.1568603, 36.224123399900002 ], [ -115.15689, 36.224123399900002 ], [ -115.15689, 36.224120699899998 ], [ -115.1569089, 36.224120699899998 ], [ -115.1569089, 36.224123399900002 ], [ -115.1569116, 36.224123399900002 ], [ -115.1569116, 36.224161199900003 ], [ -115.1569143, 36.224161199900003 ], [ -115.1569143, 36.2242016999 ], [ -115.156917, 36.2242016999 ], [ -115.156917, 36.224242199900004 ], [ -115.1569143, 36.224242199900004 ], [ -115.1569143, 36.2242448999 ], [ -115.15689, 36.2242448999 ], [ -115.15689, 36.224247599900004 ], [ -115.156852199999989, 36.224247599900004 ], [ -115.156852199999989, 36.2242502999 ], [ -115.156765799999988, 36.2242502999 ], [ -115.156765799999988, 36.224252999900003 ] ] ] } },
{ "type": "Feature", "properties": { "value": 255.0 }, "geometry": { "type": "Polygon", "coordinates": [ [ [ -115.1573085, 36.224242199900004 ], [ -115.157257199999989, 36.224242199900004 ], [ -115.157257199999989, 36.224239499900001 ], [ -115.1572545, 36.224239499900001 ], [ -115.1572545, 36.224223299900004 ], [ -115.1572518, 36.224223299900004 ], [ -115.1572518, 36.224220599900001 ], [ -115.1572491, 36.224220599900001 ], [ -115.1572491, 36.224217899900005 ], [ -115.1571843, 36.224217899900005 ], [ -115.1571843, 36.224220599900001 ], [ -115.1571816, 36.224220599900001 ], [ -115.1571816, 36.224217899900005 ], [ -115.1571735, 36.224217899900005 ], [ -115.1571735, 36.224215199900001 ], [ -115.157170799999989, 36.224215199900001 ], [ -115.157170799999989, 36.224212499899998 ], [ -115.1571573, 36.224212499899998 ], [ -115.1571573, 36.224209799900002 ], [ -115.1571519, 36.224209799900002 ], [ -115.1571519, 36.224212499899998 ], [ -115.157133, 36.224212499899998 ], [ -115.157133, 36.224209799900002 ], [ -115.1571303, 36.224209799900002 ], [ -115.1571303, 36.224207099899999 ], [ -115.1571276, 36.224207099899999 ], [ -115.1571276, 36.2241341999 ], [ -115.1571303, 36.2241341999 ], [ -115.1571303, 36.224131499900004 ], [ -115.1571519, 36.224131499900004 ], [ -115.1571519, 36.224128799900001 ], [ -115.1571978, 36.224128799900001 ], [ -115.1571978, 36.224126099900005 ], [ -115.1572707, 36.224126099900005 ], [ -115.1572707, 36.224128799900001 ], [ -115.1572734, 36.224128799900001 ], [ -115.1572734, 36.224131499900004 ], [ -115.1572761, 36.224131499900004 ], [ -115.1572761, 36.2241341999 ], [ -115.1572788, 36.2241341999 ], [ -115.1572788, 36.224136899900003 ], [ -115.1572815, 36.224136899900003 ], [ -115.1572815, 36.224139599899999 ], [ -115.157305799999989, 36.224139599899999 ], [ -115.157305799999989, 36.224142299900002 ], [ -115.1573085, 36.224142299900002 ], [ -115.1573085, 36.224171999900001 ], [ -115.1573112, 36.224171999900001 ], [ -115.1573112, 36.224174699900004 ], [ -115.1573139, 36.224174699900004 ], [ -115.1573139, 36.2241773999 ], [ -115.1573166, 36.2241773999 ], [ -115.1573166, 36.224180099900003 ], [ -115.1573193, 36.224180099900003 ], [ -115.1573193, 36.224198999900004 ], [ -115.1573166, 36.224198999900004 ], [ -115.1573166, 36.224217899900005 ], [ -115.1573139, 36.224217899900005 ], [ -115.1573139, 36.224231399899999 ], [ -115.1573112, 36.224231399899999 ], [ -115.1573112, 36.224239499900001 ], [ -115.1573085, 36.224239499900001 ], [ -115.1573085, 36.224242199900004 ] ] ] } },
{ "type": "Feature", "properties": { "value": 255.0 }, "geometry": { "type": "Polygon", "coordinates": [ [ [ -115.1576973, 36.224166599900002 ], [ -115.1576541, 36.224166599900002 ], [ -115.1576541, 36.224163899899999 ], [ -115.157643299999989, 36.224163899899999 ], [ -115.157643299999989, 36.224161199900003 ], [ -115.1576244, 36.224161199900003 ], [ -115.1576244, 36.2241584999 ], [ -115.1576217, 36.2241584999 ], [ -115.1576217, 36.224155799900004 ], [ -115.157619, 36.224155799900004 ], [ -115.157619, 36.2241098999 ], [ -115.1576217, 36.2241098999 ], [ -115.1576217, 36.224104499900001 ], [ -115.1576244, 36.224104499900001 ], [ -115.1576244, 36.224099099900002 ], [ -115.1576271, 36.224099099900002 ], [ -115.1576271, 36.2240909999 ], [ -115.1576298, 36.2240909999 ], [ -115.1576298, 36.224082899900004 ], [ -115.1576271, 36.224082899900004 ], [ -115.1576271, 36.224069399900003 ], [ -115.1576298, 36.224069399900003 ], [ -115.1576298, 36.224063999900004 ], [ -115.1576379, 36.224063999900004 ], [ -115.1576379, 36.224061299900001 ], [ -115.1576487, 36.224061299900001 ], [ -115.1576487, 36.224058599900005 ], [ -115.1576568, 36.224058599900005 ], [ -115.1576568, 36.224055899900002 ], [ -115.1576622, 36.224055899900002 ], [ -115.1576622, 36.224053199899998 ], [ -115.1576676, 36.224053199899998 ], [ -115.1576676, 36.224050499900002 ], [ -115.1577054, 36.224050499900002 ], [ -115.1577054, 36.224047799899999 ], [ -115.1577432, 36.224047799899999 ], [ -115.1577432, 36.224050499900002 ], [ -115.1577702, 36.224050499900002 ], [ -115.1577702, 36.224047799899999 ], [ -115.1577999, 36.224047799899999 ], [ -115.1577999, 36.224045099900003 ], [ -115.1578161, 36.224045099900003 ], [ -115.1578161, 36.224047799899999 ], [ -115.1578215, 36.224047799899999 ], [ -115.1578215, 36.224050499900002 ], [ -115.1578242, 36.224050499900002 ], [ -115.1578242, 36.2240855999 ], [ -115.1578269, 36.2240855999 ], [ -115.1578269, 36.224150399900005 ], [ -115.1578242, 36.224150399900005 ], [ -115.1578242, 36.224153099900001 ], [ -115.1577918, 36.224153099900001 ], [ -115.1577918, 36.224150399900005 ], [ -115.1577864, 36.224150399900005 ], [ -115.1577864, 36.224144999899998 ], [ -115.1577837, 36.224144999899998 ], [ -115.1577837, 36.224139599899999 ], [ -115.157781, 36.224139599899999 ], [ -115.157781, 36.224136899900003 ], [ -115.1577108, 36.224136899900003 ], [ -115.1577108, 36.224139599899999 ], [ -115.1577054, 36.224139599899999 ], [ -115.1577054, 36.224142299900002 ], [ -115.1577027, 36.224142299900002 ], [ -115.1577027, 36.224161199900003 ], [ -115.1577, 36.224161199900003 ], [ -115.1577, 36.224163899899999 ], [ -115.1576973, 36.224163899899999 ], [ -115.1576973, 36.224166599900002 ] ] ] } },
{ "type": "Feature", "properties": { "value": 255.0 }, "geometry": { "type": "Polygon", "coordinates": [ [ [ -115.1583426, 36.224120699899998 ], [ -115.1581806, 36.224120699899998 ], [ -115.1581806, 36.224115299899999 ], [ -115.1581779, 36.224115299899999 ], [ -115.1581779, 36.224112599900003 ], [ -115.1581752, 36.224112599900003 ], [ -115.1581752, 36.2241098999 ], [ -115.1581725, 36.2241098999 ], [ -115.1581725, 36.224107199900004 ], [ -115.1581401, 36.224107199900004 ], [ -115.1581401, 36.224104499900001 ], [ -115.1581374, 36.224104499900001 ], [ -115.1581374, 36.224063999900004 ], [ -115.1581347, 36.224063999900004 ], [ -115.1581347, 36.224023499899999 ], [ -115.1581374, 36.224023499899999 ], [ -115.1581374, 36.224020799900003 ], [ -115.1581455, 36.224020799900003 ], [ -115.1581455, 36.2240180999 ], [ -115.1581617, 36.2240180999 ], [ -115.1581617, 36.224015399900004 ], [ -115.1581698, 36.224015399900004 ], [ -115.1581698, 36.224012699900001 ], [ -115.1581725, 36.224012699900001 ], [ -115.1581725, 36.224009999899998 ], [ -115.1581779, 36.224009999899998 ], [ -115.1581779, 36.224007299900002 ], [ -115.1582859, 36.224007299900002 ], [ -115.1582859, 36.224009999899998 ], [ -115.1583048, 36.224009999899998 ], [ -115.1583048, 36.224053199899998 ], [ -115.1583075, 36.224053199899998 ], [ -115.1583075, 36.224055899900002 ], [ -115.1583237, 36.224055899900002 ], [ -115.1583237, 36.224058599900005 ], [ -115.1583318, 36.224058599900005 ], [ -115.1583318, 36.224061299900001 ], [ -115.1583426, 36.224061299900001 ], [ -115.1583426, 36.224120699899998 ] ] ] } },
{ "type": "Feature", "properties": { "value": 255.0 }, "geometry": { "type": "Polygon", "coordinates": [ [ [ -115.157170799999989, 36.224099099900002 ], [ -115.1571303, 36.224099099900002 ], [ -115.1571303, 36.224096399899999 ], [ -115.1571276, 36.224096399899999 ], [ -115.1571276, 36.2240855999 ], [ -115.1571249, 36.2240855999 ], [ -115.1571249, 36.224069399900003 ], [ -115.157122199999989, 36.224069399900003 ], [ -115.157122199999989, 36.224034299899998 ], [ -115.1571195, 36.224034299899998 ], [ -115.1571195, 36.2240180999 ], [ -115.157122199999989, 36.2240180999 ], [ -115.157122199999989, 36.224015399900004 ], [ -115.1571195, 36.224015399900004 ], [ -115.1571195, 36.223988399900001 ], [ -115.157133, 36.223988399900001 ], [ -115.157133, 36.223985699899998 ], [ -115.1571762, 36.223985699899998 ], [ -115.1571762, 36.223982999900002 ], [ -115.1573139, 36.223982999900002 ], [ -115.1573139, 36.223985699899998 ], [ -115.1573166, 36.223985699899998 ], [ -115.1573166, 36.224034299899998 ], [ -115.1573085, 36.224034299899998 ], [ -115.1573085, 36.224036999900001 ], [ -115.1572788, 36.224036999900001 ], [ -115.1572788, 36.224039699900004 ], [ -115.157268, 36.224039699900004 ], [ -115.157268, 36.2240423999 ], [ -115.1572599, 36.2240423999 ], [ -115.1572599, 36.224045099900003 ], [ -115.1572518, 36.224045099900003 ], [ -115.1572518, 36.224047799899999 ], [ -115.1572491, 36.224047799899999 ], [ -115.1572491, 36.224093699900003 ], [ -115.1572464, 36.224093699900003 ], [ -115.1572464, 36.224096399899999 ], [ -115.157170799999989, 36.224096399899999 ], [ -115.157170799999989, 36.224099099900002 ] ] ] } },
{ "type": "Feature", "properties": { "value": 255.0 }, "geometry": { "type": "Polygon", "coordinates": [ [ [ -115.1579808, 36.223996499900004 ], [ -115.1579727, 36.223996499900004 ], [ -115.1579727, 36.223993799900001 ], [ -115.15797, 36.223993799900001 ], [ -115.15797, 36.223977599900003 ], [ -115.1579727, 36.223977599900003 ], [ -115.1579727, 36.2239748999 ], [ -115.1579781, 36.2239748999 ], [ -115.1579781, 36.223972199900004 ], [ -115.1579808, 36.223972199900004 ], [ -115.1579808, 36.2239748999 ], [ -115.157997, 36.2239748999 ], [ -115.157997, 36.223988399900001 ], [ -115.1579943, 36.223988399900001 ], [ -115.1579943, 36.223991099900005 ], [ -115.1579916, 36.223991099900005 ], [ -115.1579916, 36.223993799900001 ], [ -115.1579808, 36.223993799900001 ], [ -115.1579808, 36.223996499900004 ] ] ] } },
{ "type": "Feature", "properties": { "value": 255.0 }, "geometry": { "type": "Polygon", "coordinates": [ [ [ -115.1567577, 36.224112599900003 ], [ -115.1567469, 36.224112599900003 ], [ -115.1567469, 36.2241098999 ], [ -115.1567442, 36.2241098999 ], [ -115.1567442, 36.224107199900004 ], [ -115.1567415, 36.224107199900004 ], [ -115.1567415, 36.2240855999 ], [ -115.1567388, 36.2240855999 ], [ -115.1567388, 36.224082899900004 ], [ -115.156736099999989, 36.224082899900004 ], [ -115.156736099999989, 36.224080199900001 ], [ -115.1567388, 36.224080199900001 ], [ -115.1567388, 36.224077499899998 ], [ -115.156736099999989, 36.224077499899998 ], [ -115.156736099999989, 36.224074799900002 ], [ -115.1567334, 36.224074799900002 ], [ -115.1567334, 36.224072099899999 ], [ -115.1567307, 36.224072099899999 ], [ -115.1567307, 36.224074799900002 ], [ -115.156728, 36.224074799900002 ], [ -115.156728, 36.224069399900003 ], [ -115.1567253, 36.224069399900003 ], [ -115.1567253, 36.2240666999 ], [ -115.156736099999989, 36.2240666999 ], [ -115.156736099999989, 36.224061299900001 ], [ -115.1567199, 36.224061299900001 ], [ -115.1567199, 36.224058599900005 ], [ -115.1567064, 36.224058599900005 ], [ -115.1567064, 36.224055899900002 ], [ -115.1567037, 36.224055899900002 ], [ -115.1567037, 36.224012699900001 ], [ -115.1567064, 36.224012699900001 ], [ -115.1567064, 36.224009999899998 ], [ -115.1567037, 36.224009999899998 ], [ -115.1567037, 36.223982999900002 ], [ -115.156701, 36.223982999900002 ], [ -115.156701, 36.223972199900004 ], [ -115.1567037, 36.223972199900004 ], [ -115.1567037, 36.223966799899998 ], [ -115.1567307, 36.223966799899998 ], [ -115.1567307, 36.223964099900002 ], [ -115.1567469, 36.223964099900002 ], [ -115.1567469, 36.223966799899998 ], [ -115.156755, 36.223966799899998 ], [ -115.156755, 36.223964099900002 ], [ -115.1567712, 36.223964099900002 ], [ -115.1567712, 36.223966799899998 ], [ -115.1567766, 36.223966799899998 ], [ -115.1567766, 36.223972199900004 ], [ -115.1567793, 36.223972199900004 ], [ -115.1567793, 36.223991099900005 ], [ -115.156784699999989, 36.223991099900005 ], [ -115.156784699999989, 36.223993799900001 ], [ -115.1568279, 36.223993799900001 ], [ -115.1568279, 36.2239991999 ], [ -115.1568306, 36.2239991999 ], [ -115.1568306, 36.224039699900004 ], [ -115.156833299999988, 36.224039699900004 ], [ -115.156833299999988, 36.2240666999 ], [ -115.156836, 36.2240666999 ], [ -115.156836, 36.224072099899999 ], [ -115.156833299999988, 36.224072099899999 ], [ -115.156833299999988, 36.2240855999 ], [ -115.156836, 36.2240855999 ], [ -115.156836, 36.224107199900004 ], [ -115.1568306, 36.224107199900004 ], [ -115.1568306, 36.2241098999 ], [ -115.1567577, 36.2241098999 ], [ -115.1567577, 36.224112599900003 ] ] ] } },
{ "type": "Feature", "properties": { "value": 255.0 }, "geometry": { "type": "Polygon", "coordinates": [ [ [ -115.1572896, 36.223964099900002 ], [ -115.1572464, 36.223964099900002 ], [ -115.1572464, 36.223961399899999 ], [ -115.157241, 36.223961399899999 ], [ -115.157241, 36.223958699900003 ], [ -115.157238299999989, 36.223958699900003 ], [ -115.157238299999989, 36.2239505999 ], [ -115.1572356, 36.2239505999 ], [ -115.1572356, 36.223939799900002 ], [ -115.1572302, 36.223939799900002 ], [ -115.1572302, 36.223937099899999 ], [ -115.1572059, 36.223937099899999 ], [ -115.1572059, 36.223939799900002 ], [ -115.15716, 36.223939799900002 ], [ -115.15716, 36.223937099899999 ], [ -115.1571573, 36.223937099899999 ], [ -115.1571573, 36.223934399900003 ], [ -115.1571546, 36.223934399900003 ], [ -115.1571546, 36.223918199899998 ], [ -115.1571519, 36.223918199899998 ], [ -115.1571519, 36.223896599900002 ], [ -115.1571546, 36.223896599900002 ], [ -115.1571546, 36.223885799900003 ], [ -115.1571519, 36.223885799900003 ], [ -115.1571519, 36.223861499900003 ], [ -115.1571492, 36.223861499900003 ], [ -115.1571492, 36.2238587999 ], [ -115.1571519, 36.2238587999 ], [ -115.1571519, 36.223856099900004 ], [ -115.1571546, 36.223856099900004 ], [ -115.1571546, 36.223853399900001 ], [ -115.1571573, 36.223853399900001 ], [ -115.1571573, 36.223850699899998 ], [ -115.1571762, 36.223850699899998 ], [ -115.1571762, 36.223847999900002 ], [ -115.1572545, 36.223847999900002 ], [ -115.1572545, 36.223850699899998 ], [ -115.157257199999989, 36.223850699899998 ], [ -115.157257199999989, 36.223853399900001 ], [ -115.1572599, 36.223853399900001 ], [ -115.1572599, 36.223856099900004 ], [ -115.1572626, 36.223856099900004 ], [ -115.1572626, 36.2238587999 ], [ -115.157268, 36.2238587999 ], [ -115.157268, 36.223861499900003 ], [ -115.1572896, 36.223861499900003 ], [ -115.1572896, 36.2238641999 ], [ -115.1572923, 36.2238641999 ], [ -115.1572923, 36.223896599900002 ], [ -115.157295, 36.223896599900002 ], [ -115.157295, 36.223901999900001 ], [ -115.1572977, 36.223901999900001 ], [ -115.1572977, 36.223904699900004 ], [ -115.1573004, 36.223904699900004 ], [ -115.1573004, 36.223910099900003 ], [ -115.1573031, 36.223910099900003 ], [ -115.1573031, 36.223912799899999 ], [ -115.1573004, 36.223912799899999 ], [ -115.1573004, 36.223939799900002 ], [ -115.1572977, 36.223939799900002 ], [ -115.1572977, 36.223953299900003 ], [ -115.157295, 36.223953299900003 ], [ -115.157295, 36.223958699900003 ], [ -115.1572923, 36.223958699900003 ], [ -115.1572923, 36.223961399899999 ], [ -115.1572896, 36.223961399899999 ], [ -115.1572896, 36.223964099900002 ] ] ] } },
{ "type": "Feature", "properties": { "value": 255.0 }, "geometry": { "type": "Polygon", "coordinates": [ [ [ -115.156755, 36.223920899900001 ], [ -115.1567145, 36.223920899900001 ], [ -115.1567145, 36.223918199899998 ], [ -115.156701, 36.223918199899998 ], [ -115.156701, 36.223912799899999 ], [ -115.156698299999988, 36.223912799899999 ], [ -115.156698299999988, 36.223899299899998 ], [ -115.1566956, 36.223899299899998 ], [ -115.1566956, 36.223885799900003 ], [ -115.1566929, 36.223885799900003 ], [ -115.1566929, 36.223880399900004 ], [ -115.1566902, 36.223880399900004 ], [ -115.1566902, 36.2238587999 ], [ -115.1566929, 36.2238587999 ], [ -115.1566929, 36.223856099900004 ], [ -115.156698299999988, 36.223856099900004 ], [ -115.156698299999988, 36.223853399900001 ], [ -115.156701, 36.223853399900001 ], [ -115.156701, 36.223837199900004 ], [ -115.1567037, 36.223837199900004 ], [ -115.1567037, 36.2238155999 ], [ -115.1567064, 36.2238155999 ], [ -115.1567064, 36.223812899900004 ], [ -115.1567145, 36.223812899900004 ], [ -115.1567145, 36.223810199900001 ], [ -115.1567199, 36.223810199900001 ], [ -115.1567199, 36.223807499899998 ], [ -115.1567226, 36.223807499899998 ], [ -115.1567226, 36.223804799900002 ], [ -115.1567307, 36.223804799900002 ], [ -115.1567307, 36.223802099899999 ], [ -115.1567496, 36.223802099899999 ], [ -115.1567496, 36.223804799900002 ], [ -115.1567874, 36.223804799900002 ], [ -115.1567874, 36.223802099899999 ], [ -115.1568144, 36.223802099899999 ], [ -115.1568144, 36.223804799900002 ], [ -115.1568171, 36.223804799900002 ], [ -115.1568171, 36.223807499899998 ], [ -115.1568198, 36.223807499899998 ], [ -115.1568198, 36.223829099900001 ], [ -115.1568225, 36.223829099900001 ], [ -115.1568225, 36.223834499900001 ], [ -115.1568252, 36.223834499900001 ], [ -115.1568252, 36.223829099900001 ], [ -115.156852199999989, 36.223829099900001 ], [ -115.156852199999989, 36.223834499900001 ], [ -115.1568495, 36.223834499900001 ], [ -115.1568495, 36.223837199900004 ], [ -115.1568441, 36.223837199900004 ], [ -115.1568441, 36.2238398999 ], [ -115.1568468, 36.2238398999 ], [ -115.1568468, 36.223842599900003 ], [ -115.1568495, 36.223842599900003 ], [ -115.1568495, 36.223847999900002 ], [ -115.156852199999989, 36.223847999900002 ], [ -115.156852199999989, 36.223850699899998 ], [ -115.1568603, 36.223850699899998 ], [ -115.1568603, 36.223856099900004 ], [ -115.156863, 36.223856099900004 ], [ -115.156863, 36.2239073999 ], [ -115.1568657, 36.2239073999 ], [ -115.1568657, 36.223910099900003 ], [ -115.156863, 36.223910099900003 ], [ -115.156863, 36.223912799899999 ], [ -115.1568576, 36.223912799899999 ], [ -115.1568576, 36.223915499900002 ], [ -115.156803599999989, 36.223915499900002 ], [ -115.156803599999989, 36.223918199899998 ], [ -115.156755, 36.223918199899998 ], [ -115.156755, 36.223920899900001 ] ], [ [ -115.156833299999988, 36.223847999900002 ], [ -115.156833299999988, 36.223834499900001 ], [ -115.1568306, 36.223834499900001 ], [ -115.1568306, 36.2238398999 ], [ -115.1568279, 36.2238398999 ], [ -115.1568279, 36.223845299899999 ], [ -115.1568306, 36.223845299899999 ], [ -115.1568306, 36.223847999900002 ], [ -115.156833299999988, 36.223847999900002 ] ] ] } },
{ "type": "Feature", "properties": { "value": 255.0 }, "geometry": { "type": "Polygon", "coordinates": [ [ [ -115.1571195, 36.223823699900002 ], [ -115.1571141, 36.223823699900002 ], [ -115.1571141, 36.223820999899999 ], [ -115.1571087, 36.223820999899999 ], [ -115.1571087, 36.2238155999 ], [ -115.157106, 36.2238155999 ], [ -115.157106, 36.223796699899999 ], [ -115.1571006, 36.223796699899999 ], [ -115.1571006, 36.223793999900003 ], [ -115.1570817, 36.223793999900003 ], [ -115.1570817, 36.223796699899999 ], [ -115.1570574, 36.223796699899999 ], [ -115.1570574, 36.223793999900003 ], [ -115.157054699999989, 36.223793999900003 ], [ -115.157054699999989, 36.223785899900001 ], [ -115.157052, 36.223785899900001 ], [ -115.157052, 36.223731899900002 ], [ -115.1570574, 36.223731899900002 ], [ -115.1570574, 36.223729199899999 ], [ -115.1570601, 36.223729199899999 ], [ -115.1570601, 36.223726499900003 ], [ -115.1570709, 36.223726499900003 ], [ -115.1570709, 36.223729199899999 ], [ -115.157079, 36.223729199899999 ], [ -115.157079, 36.223731899900002 ], [ -115.1570952, 36.223731899900002 ], [ -115.1570952, 36.223729199899999 ], [ -115.1570979, 36.223729199899999 ], [ -115.1570979, 36.223715699899998 ], [ -115.1571006, 36.223715699899998 ], [ -115.1571006, 36.223712999900002 ], [ -115.157103299999989, 36.223712999900002 ], [ -115.157103299999989, 36.223710299899999 ], [ -115.157122199999989, 36.223710299899999 ], [ -115.157122199999989, 36.223707599900003 ], [ -115.1571627, 36.223707599900003 ], [ -115.1571627, 36.2237048999 ], [ -115.1572086, 36.2237048999 ], [ -115.1572086, 36.223702199900004 ], [ -115.1572977, 36.223702199900004 ], [ -115.1572977, 36.223737299900002 ], [ -115.1573004, 36.223737299900002 ], [ -115.1573004, 36.2237480999 ], [ -115.1572977, 36.2237480999 ], [ -115.1572977, 36.223758899899998 ], [ -115.1572599, 36.223758899899998 ], [ -115.1572599, 36.223761599900001 ], [ -115.1572518, 36.223761599900001 ], [ -115.1572518, 36.223764299899997 ], [ -115.1572464, 36.223764299899997 ], [ -115.1572464, 36.2237669999 ], [ -115.157241, 36.2237669999 ], [ -115.157241, 36.223769699900004 ], [ -115.1572329, 36.223769699900004 ], [ -115.1572329, 36.223775099900003 ], [ -115.1572302, 36.223775099900003 ], [ -115.1572302, 36.223785899900001 ], [ -115.1572329, 36.223785899900001 ], [ -115.1572329, 36.2238155999 ], [ -115.1572275, 36.2238155999 ], [ -115.1572275, 36.223818299900003 ], [ -115.1571573, 36.223818299900003 ], [ -115.1571573, 36.223820999899999 ], [ -115.1571195, 36.223820999899999 ], [ -115.1571195, 36.223823699900002 ] ] ] } },
{ "type": "Feature", "properties": { "value": 255.0 }, "geometry": { "type": "Polygon", "coordinates": [ [ [ -115.1577216, 36.223775099900003 ], [ -115.1576811, 36.223775099900003 ], [ -115.1576811, 36.2237723999 ], [ -115.157646, 36.2237723999 ], [ -115.157646, 36.223769699900004 ], [ -115.1576325, 36.223769699900004 ], [ -115.1576325, 36.223764299899997 ], [ -115.1576298, 36.223764299899997 ], [ -115.1576298, 36.223739999899998 ], [ -115.1576271, 36.223739999899998 ], [ -115.1576271, 36.223734599899998 ], [ -115.157619, 36.223734599899998 ], [ -115.157619, 36.223731899900002 ], [ -115.1576136, 36.223731899900002 ], [ -115.1576136, 36.223729199899999 ], [ -115.1576109, 36.223729199899999 ], [ -115.1576109, 36.2237237999 ], [ -115.1576136, 36.2237237999 ], [ -115.1576136, 36.223710299899999 ], [ -115.1576163, 36.223710299899999 ], [ -115.1576163, 36.223685999899999 ], [ -115.1576136, 36.223685999899999 ], [ -115.1576136, 36.223675199900001 ], [ -115.1576109, 36.223675199900001 ], [ -115.1576109, 36.223667099899998 ], [ -115.1576136, 36.223667099899998 ], [ -115.1576136, 36.223661699899999 ], [ -115.1576244, 36.223661699899999 ], [ -115.1576244, 36.223658999900003 ], [ -115.1576622, 36.223658999900003 ], [ -115.1576622, 36.2236562999 ], [ -115.1576676, 36.2236562999 ], [ -115.1576676, 36.223650899900001 ], [ -115.1576703, 36.223650899900001 ], [ -115.1576703, 36.223634699900003 ], [ -115.157673, 36.223634699900003 ], [ -115.157673, 36.2236319999 ], [ -115.1576973, 36.2236319999 ], [ -115.1576973, 36.223629299899997 ], [ -115.1577378, 36.223629299899997 ], [ -115.1577378, 36.223637399899999 ], [ -115.1577405, 36.223637399899999 ], [ -115.1577405, 36.223669799900001 ], [ -115.1577432, 36.223669799900001 ], [ -115.1577432, 36.2237048999 ], [ -115.1577459, 36.2237048999 ], [ -115.1577459, 36.223721099900004 ], [ -115.1577486, 36.223721099900004 ], [ -115.1577486, 36.223731899900002 ], [ -115.1577513, 36.223731899900002 ], [ -115.1577513, 36.2237480999 ], [ -115.1577486, 36.2237480999 ], [ -115.1577486, 36.2237669999 ], [ -115.1577459, 36.2237669999 ], [ -115.1577459, 36.223769699900004 ], [ -115.1577378, 36.223769699900004 ], [ -115.1577378, 36.2237723999 ], [ -115.1577216, 36.2237723999 ], [ -115.1577216, 36.223775099900003 ] ] ] } },
{ "type": "Feature", "properties": { "value": 255.0 }, "geometry": { "type": "Polygon", "coordinates": [ [ [ -115.1567712, 36.223777799899999 ], [ -115.1566956, 36.223777799899999 ], [ -115.1566956, 36.223775099900003 ], [ -115.1566902, 36.223775099900003 ], [ -115.1566902, 36.2237723999 ], [ -115.1566848, 36.2237723999 ], [ -115.1566848, 36.223769699900004 ], [ -115.1566821, 36.223769699900004 ], [ -115.1566821, 36.223758899899998 ], [ -115.1566794, 36.223758899899998 ], [ -115.1566794, 36.223726499900003 ], [ -115.1566821, 36.223726499900003 ], [ -115.1566821, 36.223712999900002 ], [ -115.1566794, 36.223712999900002 ], [ -115.1566794, 36.223702199900004 ], [ -115.1566821, 36.223702199900004 ], [ -115.1566821, 36.223658999900003 ], [ -115.1566794, 36.223658999900003 ], [ -115.1566794, 36.223645499900002 ], [ -115.1566767, 36.223645499900002 ], [ -115.1566767, 36.223642799899999 ], [ -115.1566794, 36.223642799899999 ], [ -115.1566794, 36.223637399899999 ], [ -115.1566848, 36.223637399899999 ], [ -115.1566848, 36.223634699900003 ], [ -115.1567685, 36.223634699900003 ], [ -115.1567685, 36.223637399899999 ], [ -115.1567712, 36.223637399899999 ], [ -115.1567712, 36.223640099900003 ], [ -115.1567739, 36.223640099900003 ], [ -115.1567739, 36.223642799899999 ], [ -115.1567793, 36.223642799899999 ], [ -115.1567793, 36.223645499900002 ], [ -115.1568063, 36.223645499900002 ], [ -115.1568063, 36.223642799899999 ], [ -115.1568279, 36.223642799899999 ], [ -115.1568279, 36.223640099900003 ], [ -115.1568306, 36.223640099900003 ], [ -115.1568306, 36.223642799899999 ], [ -115.156836, 36.223642799899999 ], [ -115.156836, 36.223645499900002 ], [ -115.1568441, 36.223645499900002 ], [ -115.1568441, 36.223642799899999 ], [ -115.156852199999989, 36.223642799899999 ], [ -115.156852199999989, 36.223645499900002 ], [ -115.1568603, 36.223645499900002 ], [ -115.1568603, 36.223648199899998 ], [ -115.1568738, 36.223648199899998 ], [ -115.1568738, 36.223650899900001 ], [ -115.1568846, 36.223650899900001 ], [ -115.1568846, 36.223648199899998 ], [ -115.1568954, 36.223648199899998 ], [ -115.1568954, 36.223645499900002 ], [ -115.1569116, 36.223645499900002 ], [ -115.1569116, 36.223648199899998 ], [ -115.1569143, 36.223648199899998 ], [ -115.1569143, 36.223664399900002 ], [ -115.156917, 36.223664399900002 ], [ -115.156917, 36.223669799900001 ], [ -115.1569143, 36.223669799900001 ], [ -115.1569143, 36.223672499899997 ], [ -115.1569116, 36.223672499899997 ], [ -115.1569116, 36.223675199900001 ], [ -115.1569035, 36.223675199900001 ], [ -115.1569035, 36.223677899900004 ], [ -115.156900799999988, 36.223677899900004 ], [ -115.156900799999988, 36.223721099900004 ], [ -115.1569035, 36.223721099900004 ], [ -115.1569035, 36.2237669999 ], [ -115.156900799999988, 36.2237669999 ], [ -115.156900799999988, 36.223769699900004 ], [ -115.1568387, 36.223769699900004 ], [ -115.1568387, 36.2237723999 ], [ -115.156809, 36.2237723999 ], [ -115.156809, 36.223775099900003 ], [ -115.1567712, 36.223775099900003 ], [ -115.1567712, 36.223777799899999 ] ] ] } },
{ "type": "Feature", "properties": { "value": 255.0 }, "geometry": { "type": "Polygon", "coordinates": [ [ [ -115.158132, 36.223758899899998 ], [ -115.1581239, 36.223758899899998 ], [ -115.1581239, 36.223756199900002 ], [ -115.1581131, 36.223756199900002 ], [ -115.1581131, 36.223758899899998 ], [ -115.1581077, 36.223758899899998 ], [ -115.1581077, 36.223756199900002 ], [ -115.158078, 36.223756199900002 ], [ -115.158078, 36.223753499899999 ], [ -115.158051, 36.223753499899999 ], [ -115.158051, 36.223750799900003 ], [ -115.1580483, 36.223750799900003 ], [ -115.1580483, 36.2237480999 ], [ -115.1580456, 36.2237480999 ], [ -115.1580456, 36.223731899900002 ], [ -115.1580429, 36.223731899900002 ], [ -115.1580429, 36.223721099900004 ], [ -115.1580402, 36.223721099900004 ], [ -115.1580402, 36.223718399900001 ], [ -115.1580267, 36.223718399900001 ], [ -115.1580267, 36.223712999900002 ], [ -115.158024, 36.223712999900002 ], [ -115.158024, 36.223702199900004 ], [ -115.1580267, 36.223702199900004 ], [ -115.1580267, 36.223694099900001 ], [ -115.1580294, 36.223694099900001 ], [ -115.1580294, 36.223672499899997 ], [ -115.1580267, 36.223672499899997 ], [ -115.1580267, 36.223661699899999 ], [ -115.158024, 36.223661699899999 ], [ -115.158024, 36.2236562999 ], [ -115.1580213, 36.2236562999 ], [ -115.1580213, 36.223653599900004 ], [ -115.1580186, 36.223653599900004 ], [ -115.1580186, 36.223640099900003 ], [ -115.1580159, 36.223640099900003 ], [ -115.1580159, 36.2236319999 ], [ -115.1580186, 36.2236319999 ], [ -115.1580186, 36.223629299899997 ], [ -115.1580159, 36.223629299899997 ], [ -115.1580159, 36.223623899899998 ], [ -115.1580186, 36.223623899899998 ], [ -115.1580186, 36.223618499899999 ], [ -115.1580321, 36.223618499899999 ], [ -115.1580321, 36.223615799900003 ], [ -115.1580996, 36.223615799900003 ], [ -115.1580996, 36.2236130999 ], [ -115.1581131, 36.2236130999 ], [ -115.1581131, 36.223615799900003 ], [ -115.1581158, 36.223615799900003 ], [ -115.1581158, 36.223618499899999 ], [ -115.1581185, 36.223618499899999 ], [ -115.1581185, 36.223637399899999 ], [ -115.1581212, 36.223637399899999 ], [ -115.1581212, 36.223642799899999 ], [ -115.1581239, 36.223642799899999 ], [ -115.1581239, 36.223645499900002 ], [ -115.1581266, 36.223645499900002 ], [ -115.1581266, 36.223650899900001 ], [ -115.1581293, 36.223650899900001 ], [ -115.1581293, 36.223691399899998 ], [ -115.158132, 36.223691399899998 ], [ -115.158132, 36.223696799899997 ], [ -115.1581347, 36.223696799899997 ], [ -115.1581347, 36.2236994999 ], [ -115.1581401, 36.2236994999 ], [ -115.1581401, 36.223702199900004 ], [ -115.1581482, 36.223702199900004 ], [ -115.1581482, 36.2237048999 ], [ -115.158159, 36.2237048999 ], [ -115.158159, 36.223707599900003 ], [ -115.1581644, 36.223707599900003 ], [ -115.1581644, 36.223750799900003 ], [ -115.158159, 36.223750799900003 ], [ -115.158159, 36.223753499899999 ], [ -115.1581428, 36.223753499899999 ], [ -115.1581428, 36.223756199900002 ], [ -115.158132, 36.223756199900002 ], [ -115.158132, 36.223758899899998 ] ] ] } },
{ "type": "Feature", "properties": { "value": 255.0 }, "geometry": { "type": "Polygon", "coordinates": [ [ [ -115.1578188, 36.223780499900002 ], [ -115.157781, 36.223780499900002 ], [ -115.157781, 36.223777799899999 ], [ -115.1577783, 36.223777799899999 ], [ -115.1577783, 36.223775099900003 ], [ -115.1577756, 36.223775099900003 ], [ -115.1577756, 36.223729199899999 ], [ -115.1577729, 36.223729199899999 ], [ -115.1577729, 36.223626599900001 ], [ -115.1577756, 36.223626599900001 ], [ -115.1577756, 36.223623899899998 ], [ -115.1577783, 36.223623899899998 ], [ -115.1577783, 36.223621199900002 ], [ -115.1577891, 36.223621199900002 ], [ -115.1577891, 36.223618499899999 ], [ -115.1577945, 36.223618499899999 ], [ -115.1577945, 36.223615799900003 ], [ -115.1577999, 36.223615799900003 ], [ -115.1577999, 36.2236130999 ], [ -115.1578026, 36.2236130999 ], [ -115.1578026, 36.223594199899999 ], [ -115.1578134, 36.223594199899999 ], [ -115.1578134, 36.223591499900003 ], [ -115.1578647, 36.223591499900003 ], [ -115.1578647, 36.223594199899999 ], [ -115.1578701, 36.223594199899999 ], [ -115.1578701, 36.2236130999 ], [ -115.1578728, 36.2236130999 ], [ -115.1578728, 36.223615799900003 ], [ -115.1578755, 36.223615799900003 ], [ -115.1578755, 36.223618499899999 ], [ -115.1578971, 36.223618499899999 ], [ -115.1578971, 36.223615799900003 ], [ -115.1579052, 36.223615799900003 ], [ -115.1579052, 36.223618499899999 ], [ -115.1579133, 36.223618499899999 ], [ -115.1579133, 36.223615799900003 ], [ -115.1579268, 36.223615799900003 ], [ -115.1579268, 36.223618499899999 ], [ -115.1579295, 36.223618499899999 ], [ -115.1579295, 36.223637399899999 ], [ -115.1579268, 36.223637399899999 ], [ -115.1579268, 36.223640099900003 ], [ -115.1579133, 36.223640099900003 ], [ -115.1579133, 36.223642799899999 ], [ -115.1579106, 36.223642799899999 ], [ -115.1579106, 36.223683299900003 ], [ -115.1579133, 36.223683299900003 ], [ -115.1579133, 36.223715699899998 ], [ -115.1579106, 36.223715699899998 ], [ -115.1579106, 36.223718399900001 ], [ -115.1579052, 36.223718399900001 ], [ -115.1579052, 36.223721099900004 ], [ -115.1578647, 36.223721099900004 ], [ -115.1578647, 36.2237237999 ], [ -115.1578566, 36.2237237999 ], [ -115.1578566, 36.223726499900003 ], [ -115.1578512, 36.223726499900003 ], [ -115.1578512, 36.223729199899999 ], [ -115.1578485, 36.223729199899999 ], [ -115.1578485, 36.223737299900002 ], [ -115.1578512, 36.223737299900002 ], [ -115.1578512, 36.223742699900001 ], [ -115.1578485, 36.223742699900001 ], [ -115.1578485, 36.223775099900003 ], [ -115.1578458, 36.223775099900003 ], [ -115.1578458, 36.223777799899999 ], [ -115.1578188, 36.223777799899999 ], [ -115.1578188, 36.223780499900002 ] ] ] } },
{ "type": "Feature", "properties": { "value": 255.0 }, "geometry": { "type": "Polygon", "coordinates": [ [ [ -115.1582508, 36.223756199900002 ], [ -115.1581968, 36.223756199900002 ], [ -115.1581968, 36.223753499899999 ], [ -115.1581941, 36.223753499899999 ], [ -115.1581941, 36.223731899900002 ], [ -115.1581914, 36.223731899900002 ], [ -115.1581914, 36.223712999900002 ], [ -115.1581887, 36.223712999900002 ], [ -115.1581887, 36.223685999899999 ], [ -115.158186, 36.223685999899999 ], [ -115.158186, 36.223610399900004 ], [ -115.1581887, 36.223610399900004 ], [ -115.1581887, 36.223607699900001 ], [ -115.1581914, 36.223607699900001 ], [ -115.1581914, 36.223604999899997 ], [ -115.1581941, 36.223604999899997 ], [ -115.1581941, 36.223602299900001 ], [ -115.1581968, 36.223602299900001 ], [ -115.1581968, 36.223599599899998 ], [ -115.1582022, 36.223599599899998 ], [ -115.1582022, 36.223594199899999 ], [ -115.1582049, 36.223594199899999 ], [ -115.1582049, 36.223583399900001 ], [ -115.1582022, 36.223583399900001 ], [ -115.1582022, 36.223577999900002 ], [ -115.1582049, 36.223577999900002 ], [ -115.1582049, 36.2235644999 ], [ -115.1582751, 36.2235644999 ], [ -115.1582751, 36.223567199900003 ], [ -115.1582778, 36.223567199900003 ], [ -115.1582778, 36.2235887999 ], [ -115.1582805, 36.2235887999 ], [ -115.1582805, 36.223594199899999 ], [ -115.1582832, 36.223594199899999 ], [ -115.1582832, 36.223596899900002 ], [ -115.158294, 36.223596899900002 ], [ -115.158294, 36.223594199899999 ], [ -115.1583156, 36.223594199899999 ], [ -115.1583156, 36.223596899900002 ], [ -115.1583183, 36.223596899900002 ], [ -115.1583183, 36.223599599899998 ], [ -115.158321, 36.223599599899998 ], [ -115.158321, 36.223626599900001 ], [ -115.1583237, 36.223626599900001 ], [ -115.1583237, 36.223653599900004 ], [ -115.1583264, 36.223653599900004 ], [ -115.1583264, 36.223691399899998 ], [ -115.1583237, 36.223691399899998 ], [ -115.1583237, 36.223694099900001 ], [ -115.1583075, 36.223694099900001 ], [ -115.1583075, 36.223696799899997 ], [ -115.1582832, 36.223696799899997 ], [ -115.1582832, 36.2236994999 ], [ -115.1582751, 36.2236994999 ], [ -115.1582751, 36.223702199900004 ], [ -115.1582697, 36.223702199900004 ], [ -115.1582697, 36.2237048999 ], [ -115.158267, 36.2237048999 ], [ -115.158267, 36.2237237999 ], [ -115.1582643, 36.2237237999 ], [ -115.1582643, 36.223729199899999 ], [ -115.158267, 36.223729199899999 ], [ -115.158267, 36.2237480999 ], [ -115.1582643, 36.2237480999 ], [ -115.1582643, 36.223753499899999 ], [ -115.1582508, 36.223753499899999 ], [ -115.1582508, 36.223756199900002 ] ] ] } },
{ "type": "Feature", "properties": { "value": 255.0 }, "geometry": { "type": "Polygon", "coordinates": [ [ [ -115.1571303, 36.223683299900003 ], [ -115.157103299999989, 36.223683299900003 ], [ -115.157103299999989, 36.2236805999 ], [ -115.1571006, 36.2236805999 ], [ -115.1571006, 36.223672499899997 ], [ -115.1570979, 36.223672499899997 ], [ -115.1570979, 36.223658999900003 ], [ -115.1570952, 36.223658999900003 ], [ -115.1570952, 36.2236562999 ], [ -115.1570925, 36.2236562999 ], [ -115.1570925, 36.223653599900004 ], [ -115.1570844, 36.223653599900004 ], [ -115.1570844, 36.2236562999 ], [ -115.157054699999989, 36.2236562999 ], [ -115.157054699999989, 36.223642799899999 ], [ -115.157052, 36.223642799899999 ], [ -115.157052, 36.223607699900001 ], [ -115.1570493, 36.223607699900001 ], [ -115.1570493, 36.223596899900002 ], [ -115.157052, 36.223596899900002 ], [ -115.157052, 36.223594199899999 ], [ -115.157054699999989, 36.223594199899999 ], [ -115.157054699999989, 36.223591499900003 ], [ -115.1570601, 36.223591499900003 ], [ -115.1570601, 36.223594199899999 ], [ -115.1570871, 36.223594199899999 ], [ -115.1570871, 36.223591499900003 ], [ -115.1570898, 36.223591499900003 ], [ -115.1570898, 36.223575299899998 ], [ -115.1570952, 36.223575299899998 ], [ -115.1570952, 36.223572599900002 ], [ -115.1571249, 36.223572599900002 ], [ -115.1571249, 36.223569899899999 ], [ -115.1571762, 36.223569899899999 ], [ -115.1571762, 36.223567199900003 ], [ -115.1572005, 36.223567199900003 ], [ -115.1572005, 36.2235644999 ], [ -115.1572869, 36.2235644999 ], [ -115.1572869, 36.223569899899999 ], [ -115.1572896, 36.223569899899999 ], [ -115.1572896, 36.2236130999 ], [ -115.1572869, 36.2236130999 ], [ -115.1572869, 36.223618499899999 ], [ -115.157268, 36.223618499899999 ], [ -115.157268, 36.223621199900002 ], [ -115.1572464, 36.223621199900002 ], [ -115.1572464, 36.223623899899998 ], [ -115.157241, 36.223623899899998 ], [ -115.157241, 36.223626599900001 ], [ -115.1572329, 36.223626599900001 ], [ -115.1572329, 36.223629299899997 ], [ -115.1572275, 36.223629299899997 ], [ -115.1572275, 36.2236319999 ], [ -115.1572248, 36.2236319999 ], [ -115.1572248, 36.223634699900003 ], [ -115.1572221, 36.223634699900003 ], [ -115.1572221, 36.223669799900001 ], [ -115.1572248, 36.223669799900001 ], [ -115.1572248, 36.223672499899997 ], [ -115.1572221, 36.223672499899997 ], [ -115.1572221, 36.223677899900004 ], [ -115.1571681, 36.223677899900004 ], [ -115.1571681, 36.2236805999 ], [ -115.1571303, 36.2236805999 ], [ -115.1571303, 36.223683299900003 ] ] ] } },
{ "type": "Feature", "properties": { "value": 255.0 }, "geometry": { "type": "Polygon", "coordinates": [ [ [ -115.1567253, 36.223610399900004 ], [ -115.1566821, 36.223610399900004 ], [ -115.1566821, 36.223607699900001 ], [ -115.1566794, 36.223607699900001 ], [ -115.1566794, 36.223604999899997 ], [ -115.1566767, 36.223604999899997 ], [ -115.1566767, 36.223583399900001 ], [ -115.1566794, 36.223583399900001 ], [ -115.1566794, 36.223572599900002 ], [ -115.1566767, 36.223572599900002 ], [ -115.1566767, 36.223561799899997 ], [ -115.156674, 36.223561799899997 ], [ -115.156674, 36.223559099900001 ], [ -115.1566713, 36.223559099900001 ], [ -115.1566713, 36.223550999899999 ], [ -115.156668599999989, 36.223550999899999 ], [ -115.156668599999989, 36.2235455999 ], [ -115.1566659, 36.2235455999 ], [ -115.1566659, 36.223518599900004 ], [ -115.156668599999989, 36.223518599900004 ], [ -115.156668599999989, 36.223515899900001 ], [ -115.156674, 36.223515899900001 ], [ -115.156674, 36.223513199899998 ], [ -115.1566767, 36.223513199899998 ], [ -115.1566767, 36.223510499900001 ], [ -115.1566794, 36.223510499900001 ], [ -115.1566794, 36.2234726999 ], [ -115.1566821, 36.2234726999 ], [ -115.1566821, 36.223469999899997 ], [ -115.1567037, 36.223469999899997 ], [ -115.1567037, 36.223467299900001 ], [ -115.156782, 36.223467299900001 ], [ -115.156782, 36.223464599899998 ], [ -115.1568981, 36.223464599899998 ], [ -115.1568981, 36.223467299900001 ], [ -115.156900799999988, 36.223467299900001 ], [ -115.156900799999988, 36.223523999900003 ], [ -115.1569035, 36.223523999900003 ], [ -115.1569035, 36.223526699899999 ], [ -115.156900799999988, 36.223526699899999 ], [ -115.156900799999988, 36.223532099899998 ], [ -115.1568981, 36.223532099899998 ], [ -115.1568981, 36.223534799900001 ], [ -115.1568954, 36.223534799900001 ], [ -115.1568954, 36.223532099899998 ], [ -115.1568792, 36.223532099899998 ], [ -115.1568792, 36.223534799900001 ], [ -115.1568603, 36.223534799900001 ], [ -115.1568603, 36.223537499899997 ], [ -115.1568576, 36.223537499899997 ], [ -115.1568576, 36.223604999899997 ], [ -115.1568414, 36.223604999899997 ], [ -115.1568414, 36.223607699900001 ], [ -115.1567253, 36.223607699900001 ], [ -115.1567253, 36.223610399900004 ] ] ] } },
{ "type": "Feature", "properties": { "value": 255.0 }, "geometry": { "type": "Polygon", "coordinates": [ [ [ -115.157214, 36.223542899900004 ], [ -115.1571573, 36.223542899900004 ], [ -115.1571573, 36.2235401999 ], [ -115.1571546, 36.2235401999 ], [ -115.1571546, 36.223537499899997 ], [ -115.1571519, 36.223537499899997 ], [ -115.1571519, 36.223534799900001 ], [ -115.1571492, 36.223534799900001 ], [ -115.1571492, 36.223532099899998 ], [ -115.157106, 36.223532099899998 ], [ -115.157106, 36.223529399900002 ], [ -115.157103299999989, 36.223529399900002 ], [ -115.157103299999989, 36.223526699899999 ], [ -115.1571006, 36.223526699899999 ], [ -115.1571006, 36.223513199899998 ], [ -115.1570979, 36.223513199899998 ], [ -115.1570979, 36.223510499900001 ], [ -115.1570655, 36.223510499900001 ], [ -115.1570655, 36.223513199899998 ], [ -115.1570628, 36.223513199899998 ], [ -115.1570628, 36.223510499900001 ], [ -115.1570574, 36.223510499900001 ], [ -115.1570574, 36.223491599900001 ], [ -115.157054699999989, 36.223491599900001 ], [ -115.157054699999989, 36.223456499900003 ], [ -115.1570574, 36.223456499900003 ], [ -115.1570574, 36.2234537999 ], [ -115.1570601, 36.2234537999 ], [ -115.1570601, 36.223451099900004 ], [ -115.1570763, 36.223451099900004 ], [ -115.1570763, 36.2234537999 ], [ -115.1570952, 36.2234537999 ], [ -115.1570952, 36.223437599900002 ], [ -115.1570979, 36.223437599900002 ], [ -115.1570979, 36.223434899899999 ], [ -115.1571114, 36.223434899899999 ], [ -115.1571114, 36.223432199900003 ], [ -115.15716, 36.223432199900003 ], [ -115.15716, 36.2234294999 ], [ -115.1572302, 36.2234294999 ], [ -115.1572302, 36.223426799899997 ], [ -115.1572788, 36.223426799899997 ], [ -115.1572788, 36.2234294999 ], [ -115.1572815, 36.2234294999 ], [ -115.1572815, 36.223442999900001 ], [ -115.1572842, 36.223442999900001 ], [ -115.1572842, 36.2234537999 ], [ -115.1572815, 36.2234537999 ], [ -115.1572815, 36.223459199899999 ], [ -115.1572842, 36.223459199899999 ], [ -115.1572842, 36.223480799900003 ], [ -115.1572815, 36.223480799900003 ], [ -115.1572815, 36.223483499899999 ], [ -115.1572437, 36.223483499899999 ], [ -115.1572437, 36.223486199900002 ], [ -115.1572356, 36.223486199900002 ], [ -115.1572356, 36.223488899899998 ], [ -115.1572329, 36.223488899899998 ], [ -115.1572329, 36.223491599900001 ], [ -115.1572302, 36.223491599900001 ], [ -115.1572302, 36.223499699900003 ], [ -115.1572275, 36.223499699900003 ], [ -115.1572275, 36.223502399899999 ], [ -115.1572248, 36.223502399899999 ], [ -115.1572248, 36.223507799899998 ], [ -115.1572221, 36.223507799899998 ], [ -115.1572221, 36.223510499900001 ], [ -115.1572194, 36.223510499900001 ], [ -115.1572194, 36.2235212999 ], [ -115.1572167, 36.2235212999 ], [ -115.1572167, 36.2235401999 ], [ -115.157214, 36.2235401999 ], [ -115.157214, 36.223542899900004 ] ] ] } },
{ "type": "Feature", "properties": { "value": 255.0 }, "geometry": { "type": "Polygon", "coordinates": [ [ [ -115.1582049, 36.223515899900001 ], [ -115.1581995, 36.223515899900001 ], [ -115.1581995, 36.223513199899998 ], [ -115.1581941, 36.223513199899998 ], [ -115.1581941, 36.223515899900001 ], [ -115.1581806, 36.223515899900001 ], [ -115.1581806, 36.223513199899998 ], [ -115.1581752, 36.223513199899998 ], [ -115.1581752, 36.223510499900001 ], [ -115.158132, 36.223510499900001 ], [ -115.158132, 36.223505099900002 ], [ -115.1581293, 36.223505099900002 ], [ -115.1581293, 36.223486199900002 ], [ -115.1581266, 36.223486199900002 ], [ -115.1581266, 36.223475399900003 ], [ -115.1581293, 36.223475399900003 ], [ -115.1581293, 36.223464599899998 ], [ -115.1581266, 36.223464599899998 ], [ -115.1581266, 36.223456499900003 ], [ -115.1581293, 36.223456499900003 ], [ -115.1581293, 36.223451099900004 ], [ -115.158132, 36.223451099900004 ], [ -115.158132, 36.223445699899997 ], [ -115.1581536, 36.223445699899997 ], [ -115.1581536, 36.223440299899998 ], [ -115.158159, 36.223440299899998 ], [ -115.158159, 36.223434899899999 ], [ -115.1581617, 36.223434899899999 ], [ -115.1581617, 36.223432199900003 ], [ -115.1582049, 36.223432199900003 ], [ -115.1582049, 36.2234294999 ], [ -115.1582265, 36.2234294999 ], [ -115.1582265, 36.223426799899997 ], [ -115.1582346, 36.223426799899997 ], [ -115.1582346, 36.223424099900001 ], [ -115.1582373, 36.223424099900001 ], [ -115.1582373, 36.223413299900002 ], [ -115.1582346, 36.223413299900002 ], [ -115.1582346, 36.2234051999 ], [ -115.1582373, 36.2234051999 ], [ -115.1582373, 36.223399799900001 ], [ -115.15824, 36.223399799900001 ], [ -115.15824, 36.223397099899998 ], [ -115.1582508, 36.223397099899998 ], [ -115.1582508, 36.223394399900002 ], [ -115.1582805, 36.223394399900002 ], [ -115.1582805, 36.223391699899999 ], [ -115.1582994, 36.223391699899999 ], [ -115.1582994, 36.223397099899998 ], [ -115.1583021, 36.223397099899998 ], [ -115.1583021, 36.223399799900001 ], [ -115.1582994, 36.223399799900001 ], [ -115.1582994, 36.223418699900002 ], [ -115.1583021, 36.223418699900002 ], [ -115.1583021, 36.223424099900001 ], [ -115.1583048, 36.223424099900001 ], [ -115.1583048, 36.2234294999 ], [ -115.1583075, 36.2234294999 ], [ -115.1583075, 36.223440299899998 ], [ -115.1583129, 36.223440299899998 ], [ -115.1583129, 36.223448399900001 ], [ -115.1583102, 36.223448399900001 ], [ -115.1583102, 36.223451099900004 ], [ -115.1583075, 36.223451099900004 ], [ -115.1583075, 36.2234537999 ], [ -115.1583048, 36.2234537999 ], [ -115.1583048, 36.223459199899999 ], [ -115.1583021, 36.223459199899999 ], [ -115.1583021, 36.223461899900002 ], [ -115.1582994, 36.223461899900002 ], [ -115.1582994, 36.223464599899998 ], [ -115.1583021, 36.223464599899998 ], [ -115.1583021, 36.223467299900001 ], [ -115.1583048, 36.223467299900001 ], [ -115.1583048, 36.223469999899997 ], [ -115.1583075, 36.223469999899997 ], [ -115.1583075, 36.2234726999 ], [ -115.1583048, 36.2234726999 ], [ -115.1583048, 36.223475399900003 ], [ -115.1583021, 36.223475399900003 ], [ -115.1583021, 36.223478099899999 ], [ -115.1582994, 36.223478099899999 ], [ -115.1582994, 36.223480799900003 ], [ -115.1582832, 36.223480799900003 ], [ -115.1582832, 36.223483499899999 ], [ -115.1582751, 36.223483499899999 ], [ -115.1582751, 36.223488899899998 ], [ -115.1582724, 36.223488899899998 ], [ -115.1582724, 36.223494299899997 ], [ -115.1582697, 36.223494299899997 ], [ -115.1582697, 36.2234969999 ], [ -115.158267, 36.2234969999 ], [ -115.158267, 36.223502399899999 ], [ -115.1582643, 36.223502399899999 ], [ -115.1582643, 36.223505099900002 ], [ -115.1582616, 36.223505099900002 ], [ -115.1582616, 36.223507799899998 ], [ -115.1582481, 36.223507799899998 ], [ -115.1582481, 36.223510499900001 ], [ -115.1582238, 36.223510499900001 ], [ -115.1582238, 36.223513199899998 ], [ -115.1582049, 36.223513199899998 ], [ -115.1582049, 36.223515899900001 ] ] ] } },
{ "type": "Feature", "properties": { "value": 255.0 }, "geometry": { "type": "Polygon", "coordinates": [ [ [ -115.1567334, 36.223445699899997 ], [ -115.1566767, 36.223445699899997 ], [ -115.1566767, 36.223442999900001 ], [ -115.156674, 36.223442999900001 ], [ -115.156674, 36.223440299899998 ], [ -115.1566713, 36.223440299899998 ], [ -115.1566713, 36.223434899899999 ], [ -115.156668599999989, 36.223434899899999 ], [ -115.156668599999989, 36.223394399900002 ], [ -115.1566659, 36.223394399900002 ], [ -115.1566659, 36.223391699899999 ], [ -115.1566632, 36.223391699899999 ], [ -115.1566632, 36.223383599900004 ], [ -115.1566659, 36.223383599900004 ], [ -115.1566659, 36.223378199899997 ], [ -115.1566632, 36.223378199899997 ], [ -115.1566632, 36.223372799899998 ], [ -115.1566605, 36.223372799899998 ], [ -115.1566605, 36.223356599900001 ], [ -115.1566578, 36.223356599900001 ], [ -115.1566578, 36.223351199900002 ], [ -115.1566605, 36.223351199900002 ], [ -115.1566605, 36.223348499899998 ], [ -115.1566578, 36.223348499899998 ], [ -115.1566578, 36.223332299900001 ], [ -115.1566551, 36.223332299900001 ], [ -115.1566551, 36.223316099900003 ], [ -115.1566578, 36.223316099900003 ], [ -115.1566578, 36.2233133999 ], [ -115.1566659, 36.2233133999 ], [ -115.1566659, 36.223310699899997 ], [ -115.1566794, 36.223310699899997 ], [ -115.1566794, 36.223307999900001 ], [ -115.156717199999989, 36.223307999900001 ], [ -115.156717199999989, 36.223305299899998 ], [ -115.1567253, 36.223305299899998 ], [ -115.1567253, 36.223307999900001 ], [ -115.156728, 36.223307999900001 ], [ -115.156728, 36.223305299899998 ], [ -115.1567496, 36.223305299899998 ], [ -115.1567496, 36.223302599900002 ], [ -115.1568306, 36.223302599900002 ], [ -115.1568306, 36.223318799899999 ], [ -115.156833299999988, 36.223318799899999 ], [ -115.156833299999988, 36.223348499899998 ], [ -115.156836, 36.223348499899998 ], [ -115.156836, 36.223367399899999 ], [ -115.1568387, 36.223367399899999 ], [ -115.1568387, 36.223378199899997 ], [ -115.156836, 36.223378199899997 ], [ -115.156836, 36.223394399900002 ], [ -115.1568387, 36.223394399900002 ], [ -115.1568387, 36.223399799900001 ], [ -115.156836, 36.223399799900001 ], [ -115.156836, 36.223413299900002 ], [ -115.1568387, 36.223413299900002 ], [ -115.1568387, 36.223437599900002 ], [ -115.156836, 36.223437599900002 ], [ -115.156836, 36.223440299899998 ], [ -115.1567901, 36.223440299899998 ], [ -115.1567901, 36.223442999900001 ], [ -115.1567334, 36.223442999900001 ], [ -115.1567334, 36.223445699899997 ] ] ] } },
{ "type": "Feature", "properties": { "value": 255.0 }, "geometry": { "type": "Polygon", "coordinates": [ [ [ -115.1577216, 36.223480799900003 ], [ -115.1577108, 36.223480799900003 ], [ -115.1577108, 36.223478099899999 ], [ -115.1577054, 36.223478099899999 ], [ -115.1577054, 36.223475399900003 ], [ -115.1577027, 36.223475399900003 ], [ -115.1577027, 36.2234726999 ], [ -115.1576973, 36.2234726999 ], [ -115.1576973, 36.223469999899997 ], [ -115.1576946, 36.223469999899997 ], [ -115.1576946, 36.223467299900001 ], [ -115.1576892, 36.223467299900001 ], [ -115.1576892, 36.223464599899998 ], [ -115.1576676, 36.223464599899998 ], [ -115.1576676, 36.223461899900002 ], [ -115.1576649, 36.223461899900002 ], [ -115.1576649, 36.223459199899999 ], [ -115.1576622, 36.223459199899999 ], [ -115.1576622, 36.223456499900003 ], [ -115.1576595, 36.223456499900003 ], [ -115.1576595, 36.223451099900004 ], [ -115.1576568, 36.223451099900004 ], [ -115.1576568, 36.223448399900001 ], [ -115.1576541, 36.223448399900001 ], [ -115.1576541, 36.223445699899997 ], [ -115.1576514, 36.223445699899997 ], [ -115.1576514, 36.223442999900001 ], [ -115.1576487, 36.223442999900001 ], [ -115.1576487, 36.223440299899998 ], [ -115.157643299999989, 36.223440299899998 ], [ -115.157643299999989, 36.223437599900002 ], [ -115.1576406, 36.223437599900002 ], [ -115.1576406, 36.223432199900003 ], [ -115.1576379, 36.223432199900003 ], [ -115.1576379, 36.2234294999 ], [ -115.1576352, 36.2234294999 ], [ -115.1576352, 36.223426799899997 ], [ -115.1576325, 36.223426799899997 ], [ -115.1576325, 36.223424099900001 ], [ -115.1576298, 36.223424099900001 ], [ -115.1576298, 36.223421399899998 ], [ -115.1576271, 36.223421399899998 ], [ -115.1576271, 36.223418699900002 ], [ -115.1576244, 36.223418699900002 ], [ -115.1576244, 36.223415999899998 ], [ -115.1576217, 36.223415999899998 ], [ -115.1576217, 36.223413299900002 ], [ -115.157619, 36.223413299900002 ], [ -115.157619, 36.223410599899999 ], [ -115.1576163, 36.223410599899999 ], [ -115.1576163, 36.2234051999 ], [ -115.1576136, 36.2234051999 ], [ -115.1576136, 36.223402499899997 ], [ -115.1576109, 36.223402499899997 ], [ -115.1576109, 36.223399799900001 ], [ -115.1576082, 36.223399799900001 ], [ -115.1576082, 36.223397099899998 ], [ -115.1576055, 36.223397099899998 ], [ -115.1576055, 36.223394399900002 ], [ -115.1576028, 36.223394399900002 ], [ -115.1576028, 36.223391699899999 ], [ -115.1576001, 36.223391699899999 ], [ -115.1576001, 36.2233862999 ], [ -115.1576028, 36.2233862999 ], [ -115.1576028, 36.223383599900004 ], [ -115.1576055, 36.223383599900004 ], [ -115.1576055, 36.2233808999 ], [ -115.1576082, 36.2233808999 ], [ -115.1576082, 36.223378199899997 ], [ -115.1576136, 36.223378199899997 ], [ -115.1576136, 36.223375499900001 ], [ -115.157619, 36.223375499900001 ], [ -115.157619, 36.223372799899998 ], [ -115.1576244, 36.223372799899998 ], [ -115.1576244, 36.223370099900002 ], [ -115.1576325, 36.223370099900002 ], [ -115.1576325, 36.223367399899999 ], [ -115.1576379, 36.223367399899999 ], [ -115.1576379, 36.223364699900003 ], [ -115.1576406, 36.223364699900003 ], [ -115.1576406, 36.2233619999 ], [ -115.157643299999989, 36.2233619999 ], [ -115.157643299999989, 36.223359299899997 ], [ -115.1576487, 36.223359299899997 ], [ -115.1576487, 36.223353899899998 ], [ -115.157646, 36.223353899899998 ], [ -115.157646, 36.223348499899998 ], [ -115.1576406, 36.223348499899998 ], [ -115.1576406, 36.223345799900002 ], [ -115.1576379, 36.223345799900002 ], [ -115.1576379, 36.223343099899999 ], [ -115.1576352, 36.223343099899999 ], [ -115.1576352, 36.2233376999 ], [ -115.1576325, 36.2233376999 ], [ -115.1576325, 36.223332299900001 ], [ -115.1576298, 36.223332299900001 ], [ -115.1576298, 36.223329599899998 ], [ -115.1576271, 36.223329599899998 ], [ -115.1576271, 36.223326899900002 ], [ -115.1576244, 36.223326899900002 ], [ -115.1576244, 36.223321499900003 ], [ -115.1576217, 36.223321499900003 ], [ -115.1576217, 36.223318799899999 ], [ -115.157619, 36.223318799899999 ], [ -115.157619, 36.223316099900003 ], [ -115.1576136, 36.223316099900003 ], [ -115.1576136, 36.2233133999 ], [ -115.1576109, 36.2233133999 ], [ -115.1576109, 36.223302599900002 ], [ -115.1576136, 36.223302599900002 ], [ -115.1576136, 36.223299899899999 ], [ -115.157619, 36.223299899899999 ], [ -115.157619, 36.223297199900003 ], [ -115.1576244, 36.223297199900003 ], [ -115.1576244, 36.2232944999 ], [ -115.1576298, 36.2232944999 ], [ -115.1576298, 36.223291799899997 ], [ -115.1576325, 36.223291799899997 ], [ -115.1576325, 36.223289099900001 ], [ -115.1576379, 36.223289099900001 ], [ -115.1576379, 36.223286399899997 ], [ -115.1576406, 36.223286399899997 ], [ -115.1576406, 36.223283699900001 ], [ -115.157646, 36.223283699900001 ], [ -115.157646, 36.223280999899998 ], [ -115.1576514, 36.223280999899998 ], [ -115.1576514, 36.223278299900002 ], [ -115.1576595, 36.223278299900002 ], [ -115.1576595, 36.223275599899999 ], [ -115.1576649, 36.223275599899999 ], [ -115.1576649, 36.223278299900002 ], [ -115.1576703, 36.223278299900002 ], [ -115.1576703, 36.223280999899998 ], [ -115.157673, 36.223280999899998 ], [ -115.157673, 36.223283699900001 ], [ -115.1576757, 36.223283699900001 ], [ -115.1576757, 36.223286399899997 ], [ -115.1576784, 36.223286399899997 ], [ -115.1576784, 36.223291799899997 ], [ -115.1576811, 36.223291799899997 ], [ -115.1576811, 36.2232944999 ], [ -115.1576838, 36.2232944999 ], [ -115.1576838, 36.223297199900003 ], [ -115.1576865, 36.223297199900003 ], [ -115.1576865, 36.223299899899999 ], [ -115.1576892, 36.223299899899999 ], [ -115.1576892, 36.223302599900002 ], [ -115.1576919, 36.223302599900002 ], [ -115.1576919, 36.223305299899998 ], [ -115.1576946, 36.223305299899998 ], [ -115.1576946, 36.223307999900001 ], [ -115.1576973, 36.223307999900001 ], [ -115.1576973, 36.223310699899997 ], [ -115.1577, 36.223310699899997 ], [ -115.1577, 36.2233133999 ], [ -115.1577027, 36.2233133999 ], [ -115.1577027, 36.223316099900003 ], [ -115.1577054, 36.223316099900003 ], [ -115.1577054, 36.223318799899999 ], [ -115.1577081, 36.223318799899999 ], [ -115.1577081, 36.223321499900003 ], [ -115.1577108, 36.223321499900003 ], [ -115.1577108, 36.223324199899999 ], [ -115.1577135, 36.223324199899999 ], [ -115.1577135, 36.223326899900002 ], [ -115.1577162, 36.223326899900002 ], [ -115.1577162, 36.223329599899998 ], [ -115.1577189, 36.223329599899998 ], [ -115.1577189, 36.223332299900001 ], [ -115.1577216, 36.223332299900001 ], [ -115.1577216, 36.2233376999 ], [ -115.1577243, 36.2233376999 ], [ -115.1577243, 36.223340399900003 ], [ -115.157727, 36.223340399900003 ], [ -115.157727, 36.223345799900002 ], [ -115.1577297, 36.223345799900002 ], [ -115.1577297, 36.223351199900002 ], [ -115.1577324, 36.223351199900002 ], [ -115.1577324, 36.223353899899998 ], [ -115.1577351, 36.223353899899998 ], [ -115.1577351, 36.223356599900001 ], [ -115.1577378, 36.223356599900001 ], [ -115.1577378, 36.223359299899997 ], [ -115.1577405, 36.223359299899997 ], [ -115.1577405, 36.223364699900003 ], [ -115.1577432, 36.223364699900003 ], [ -115.1577432, 36.223367399899999 ], [ -115.1577459, 36.223367399899999 ], [ -115.1577459, 36.223370099900002 ], [ -115.1577513, 36.223370099900002 ], [ -115.1577513, 36.223375499900001 ], [ -115.157754, 36.223375499900001 ], [ -115.157754, 36.223378199899997 ], [ -115.1577567, 36.223378199899997 ], [ -115.1577567, 36.2233808999 ], [ -115.1577594, 36.2233808999 ], [ -115.1577594, 36.223383599900004 ], [ -115.1577621, 36.223383599900004 ], [ -115.1577621, 36.2233862999 ], [ -115.1577648, 36.2233862999 ], [ -115.1577648, 36.223388999900003 ], [ -115.1577675, 36.223388999900003 ], [ -115.1577675, 36.223391699899999 ], [ -115.1577702, 36.223391699899999 ], [ -115.1577702, 36.223397099899998 ], [ -115.1577729, 36.223397099899998 ], [ -115.1577729, 36.223415999899998 ], [ -115.1577756, 36.223415999899998 ], [ -115.1577756, 36.223418699900002 ], [ -115.1577783, 36.223418699900002 ], [ -115.1577783, 36.223421399899998 ], [ -115.157781, 36.223421399899998 ], [ -115.157781, 36.223426799899997 ], [ -115.1577837, 36.223426799899997 ], [ -115.1577837, 36.2234294999 ], [ -115.1577864, 36.2234294999 ], [ -115.1577864, 36.223434899899999 ], [ -115.1577891, 36.223434899899999 ], [ -115.1577891, 36.223440299899998 ], [ -115.1577864, 36.223440299899998 ], [ -115.1577864, 36.223442999900001 ], [ -115.1577837, 36.223442999900001 ], [ -115.1577837, 36.223445699899997 ], [ -115.1577783, 36.223445699899997 ], [ -115.1577783, 36.223448399900001 ], [ -115.1577729, 36.223448399900001 ], [ -115.1577729, 36.223451099900004 ], [ -115.1577702, 36.223451099900004 ], [ -115.1577702, 36.2234537999 ], [ -115.1577648, 36.2234537999 ], [ -115.1577648, 36.223456499900003 ], [ -115.1577621, 36.223456499900003 ], [ -115.1577621, 36.223459199899999 ], [ -115.1577594, 36.223459199899999 ], [ -115.1577594, 36.223461899900002 ], [ -115.157754, 36.223461899900002 ], [ -115.157754, 36.223464599899998 ], [ -115.1577513, 36.223464599899998 ], [ -115.1577513, 36.223467299900001 ], [ -115.1577459, 36.223467299900001 ], [ -115.1577459, 36.223469999899997 ], [ -115.1577405, 36.223469999899997 ], [ -115.1577405, 36.2234726999 ], [ -115.1577351, 36.2234726999 ], [ -115.1577351, 36.223475399900003 ], [ -115.1577297, 36.223475399900003 ], [ -115.1577297, 36.223478099899999 ], [ -115.1577216, 36.223478099899999 ], [ -115.1577216, 36.223480799900003 ] ] ] } },
{ "type": "Feature", "properties": { "value": 255.0 }, "geometry": { "type": "Polygon", "coordinates": [ [ [ -115.1571141, 36.223407899900003 ], [ -115.1570871, 36.223407899900003 ], [ -115.1570871, 36.2234051999 ], [ -115.1570844, 36.2234051999 ], [ -115.1570844, 36.223397099899998 ], [ -115.1570817, 36.223397099899998 ], [ -115.1570817, 36.223383599900004 ], [ -115.157079, 36.223383599900004 ], [ -115.157079, 36.2233808999 ], [ -115.1570412, 36.2233808999 ], [ -115.1570412, 36.223378199899997 ], [ -115.1570385, 36.223378199899997 ], [ -115.1570385, 36.223356599900001 ], [ -115.157035799999989, 36.223356599900001 ], [ -115.157035799999989, 36.223318799899999 ], [ -115.1570655, 36.223318799899999 ], [ -115.1570655, 36.223321499900003 ], [ -115.1570736, 36.223321499900003 ], [ -115.1570736, 36.223318799899999 ], [ -115.1570763, 36.223318799899999 ], [ -115.1570763, 36.2233133999 ], [ -115.157079, 36.2233133999 ], [ -115.157079, 36.223299899899999 ], [ -115.1570817, 36.223299899899999 ], [ -115.1570817, 36.223297199900003 ], [ -115.1571006, 36.223297199900003 ], [ -115.1571006, 36.2232944999 ], [ -115.1571384, 36.2232944999 ], [ -115.1571384, 36.223291799899997 ], [ -115.1571735, 36.223291799899997 ], [ -115.1571735, 36.223289099900001 ], [ -115.1572734, 36.223289099900001 ], [ -115.1572734, 36.223297199900003 ], [ -115.1572761, 36.223297199900003 ], [ -115.1572761, 36.223307999900001 ], [ -115.1572734, 36.223307999900001 ], [ -115.1572734, 36.223324199899999 ], [ -115.1572761, 36.223324199899999 ], [ -115.1572761, 36.223340399900003 ], [ -115.1572734, 36.223340399900003 ], [ -115.1572734, 36.223343099899999 ], [ -115.1572707, 36.223343099899999 ], [ -115.1572707, 36.223345799900002 ], [ -115.1572329, 36.223345799900002 ], [ -115.1572329, 36.223348499899998 ], [ -115.1572275, 36.223348499899998 ], [ -115.1572275, 36.223351199900002 ], [ -115.1572194, 36.223351199900002 ], [ -115.1572194, 36.223353899899998 ], [ -115.157214, 36.223353899899998 ], [ -115.157214, 36.223356599900001 ], [ -115.1572086, 36.223356599900001 ], [ -115.1572086, 36.223399799900001 ], [ -115.1572059, 36.223399799900001 ], [ -115.1572059, 36.223402499899997 ], [ -115.1571627, 36.223402499899997 ], [ -115.1571627, 36.2234051999 ], [ -115.1571141, 36.2234051999 ], [ -115.1571141, 36.223407899900003 ] ] ] } },
{ "type": "Feature", "properties": { "value": 255.0 }, "geometry": { "type": "Polygon", "coordinates": [ [ [ -115.1581482, 36.223372799899998 ], [ -115.1581293, 36.223372799899998 ], [ -115.1581293, 36.223367399899999 ], [ -115.1581266, 36.223367399899999 ], [ -115.1581266, 36.223351199900002 ], [ -115.1581293, 36.223351199900002 ], [ -115.1581293, 36.223348499899998 ], [ -115.1581266, 36.223348499899998 ], [ -115.1581266, 36.223343099899999 ], [ -115.1581131, 36.223343099899999 ], [ -115.1581131, 36.223340399900003 ], [ -115.1580888, 36.223340399900003 ], [ -115.1580888, 36.2233376999 ], [ -115.1580861, 36.2233376999 ], [ -115.1580861, 36.223334999899997 ], [ -115.1580834, 36.223334999899997 ], [ -115.1580834, 36.223329599899998 ], [ -115.1580807, 36.223329599899998 ], [ -115.1580807, 36.223316099900003 ], [ -115.158078, 36.223316099900003 ], [ -115.158078, 36.223291799899997 ], [ -115.1580807, 36.223291799899997 ], [ -115.1580807, 36.223289099900001 ], [ -115.1580942, 36.223289099900001 ], [ -115.1580942, 36.223286399899997 ], [ -115.1581185, 36.223286399899997 ], [ -115.1581185, 36.223283699900001 ], [ -115.1581428, 36.223283699900001 ], [ -115.1581428, 36.223280999899998 ], [ -115.1581671, 36.223280999899998 ], [ -115.1581671, 36.223278299900002 ], [ -115.1581941, 36.223278299900002 ], [ -115.1581941, 36.223275599899999 ], [ -115.158213, 36.223275599899999 ], [ -115.158213, 36.2232701999 ], [ -115.1582157, 36.2232701999 ], [ -115.1582157, 36.223264799900001 ], [ -115.1582238, 36.223264799900001 ], [ -115.1582238, 36.223262099899998 ], [ -115.1582481, 36.223262099899998 ], [ -115.1582481, 36.223259399900002 ], [ -115.1582886, 36.223259399900002 ], [ -115.1582886, 36.223262099899998 ], [ -115.1582913, 36.223262099899998 ], [ -115.1582913, 36.223267499899997 ], [ -115.158294, 36.223267499899997 ], [ -115.158294, 36.223299899899999 ], [ -115.1582967, 36.223299899899999 ], [ -115.1582967, 36.2233133999 ], [ -115.158294, 36.2233133999 ], [ -115.158294, 36.223318799899999 ], [ -115.1582913, 36.223318799899999 ], [ -115.1582913, 36.223321499900003 ], [ -115.158267, 36.223321499900003 ], [ -115.158267, 36.223324199899999 ], [ -115.1582346, 36.223324199899999 ], [ -115.1582346, 36.223326899900002 ], [ -115.1582319, 36.223326899900002 ], [ -115.1582319, 36.223329599899998 ], [ -115.1582292, 36.223329599899998 ], [ -115.1582292, 36.223332299900001 ], [ -115.1582319, 36.223332299900001 ], [ -115.1582319, 36.2233376999 ], [ -115.1582292, 36.2233376999 ], [ -115.1582292, 36.223364699900003 ], [ -115.1582184, 36.223364699900003 ], [ -115.1582184, 36.223367399899999 ], [ -115.1581887, 36.223367399899999 ], [ -115.1581887, 36.223370099900002 ], [ -115.1581482, 36.223370099900002 ], [ -115.1581482, 36.223372799899998 ] ] ] } },
{ "type": "Feature", "properties": { "value": 255.0 }, "geometry": { "type": "Polygon", "coordinates": [ [ [ -115.157054699999989, 36.223237799899998 ], [ -115.1570223, 36.223237799899998 ], [ -115.1570223, 36.223210799900002 ], [ -115.1570574, 36.223210799900002 ], [ -115.1570574, 36.223213499899998 ], [ -115.1570601, 36.223213499899998 ], [ -115.1570601, 36.2232215999 ], [ -115.1570574, 36.2232215999 ], [ -115.1570574, 36.223235099900002 ], [ -115.157054699999989, 36.223235099900002 ], [ -115.157054699999989, 36.223237799899998 ] ] ] } },
{ "type": "Feature", "properties": { "value": 255.0 }, "geometry": { "type": "Polygon", "coordinates": [ [ [ -115.1578647, 36.223334999899997 ], [ -115.1578512, 36.223334999899997 ], [ -115.1578512, 36.223332299900001 ], [ -115.1578485, 36.223332299900001 ], [ -115.1578485, 36.223329599899998 ], [ -115.1578431, 36.223329599899998 ], [ -115.1578431, 36.223326899900002 ], [ -115.1578377, 36.223326899900002 ], [ -115.1578377, 36.223324199899999 ], [ -115.157835, 36.223324199899999 ], [ -115.157835, 36.223321499900003 ], [ -115.1578296, 36.223321499900003 ], [ -115.1578296, 36.223318799899999 ], [ -115.1578242, 36.223318799899999 ], [ -115.1578242, 36.223316099900003 ], [ -115.1578215, 36.223316099900003 ], [ -115.1578215, 36.2233133999 ], [ -115.1578161, 36.2233133999 ], [ -115.1578161, 36.223310699899997 ], [ -115.1578107, 36.223310699899997 ], [ -115.1578107, 36.223307999900001 ], [ -115.1578053, 36.223307999900001 ], [ -115.1578053, 36.223305299899998 ], [ -115.1578026, 36.223305299899998 ], [ -115.1578026, 36.223302599900002 ], [ -115.1577972, 36.223302599900002 ], [ -115.1577972, 36.223299899899999 ], [ -115.1577945, 36.223299899899999 ], [ -115.1577945, 36.223297199900003 ], [ -115.1577891, 36.223297199900003 ], [ -115.1577891, 36.2232944999 ], [ -115.1577837, 36.2232944999 ], [ -115.1577837, 36.223291799899997 ], [ -115.157781, 36.223291799899997 ], [ -115.157781, 36.223289099900001 ], [ -115.1577783, 36.223289099900001 ], [ -115.1577783, 36.223286399899997 ], [ -115.1577729, 36.223286399899997 ], [ -115.1577729, 36.223283699900001 ], [ -115.1577702, 36.223283699900001 ], [ -115.1577702, 36.223280999899998 ], [ -115.1577648, 36.223280999899998 ], [ -115.1577648, 36.223278299900002 ], [ -115.1577594, 36.223278299900002 ], [ -115.1577594, 36.223275599899999 ], [ -115.157754, 36.223275599899999 ], [ -115.157754, 36.223272899900003 ], [ -115.1577513, 36.223272899900003 ], [ -115.1577513, 36.2232701999 ], [ -115.1577432, 36.2232701999 ], [ -115.1577432, 36.223267499899997 ], [ -115.1577378, 36.223267499899997 ], [ -115.1577378, 36.223264799900001 ], [ -115.1577324, 36.223264799900001 ], [ -115.1577324, 36.223262099899998 ], [ -115.157727, 36.223262099899998 ], [ -115.157727, 36.223259399900002 ], [ -115.1577243, 36.223259399900002 ], [ -115.1577243, 36.223256699899999 ], [ -115.1577189, 36.223256699899999 ], [ -115.1577189, 36.223253999900002 ], [ -115.1577162, 36.223253999900002 ], [ -115.1577162, 36.223251299899999 ], [ -115.1577108, 36.223251299899999 ], [ -115.1577108, 36.223248599900003 ], [ -115.1577054, 36.223248599900003 ], [ -115.1577054, 36.223243199899997 ], [ -115.1577027, 36.223243199899997 ], [ -115.1577027, 36.223240499900001 ], [ -115.1577054, 36.223240499900001 ], [ -115.1577054, 36.223235099900002 ], [ -115.1577108, 36.223235099900002 ], [ -115.1577108, 36.223232399899999 ], [ -115.1577135, 36.223232399899999 ], [ -115.1577135, 36.223229699900003 ], [ -115.1577162, 36.223229699900003 ], [ -115.1577162, 36.2232269999 ], [ -115.1577189, 36.2232269999 ], [ -115.1577189, 36.223224299899996 ], [ -115.1577216, 36.223224299899996 ], [ -115.1577216, 36.2232215999 ], [ -115.1577243, 36.2232215999 ], [ -115.1577243, 36.223218899899997 ], [ -115.157727, 36.223218899899997 ], [ -115.157727, 36.223213499899998 ], [ -115.1577297, 36.223213499899998 ], [ -115.1577297, 36.223210799900002 ], [ -115.1577324, 36.223210799900002 ], [ -115.1577324, 36.223208099899999 ], [ -115.1577351, 36.223208099899999 ], [ -115.1577351, 36.223205399900003 ], [ -115.1577378, 36.223205399900003 ], [ -115.1577378, 36.2232026999 ], [ -115.1577567, 36.2232026999 ], [ -115.1577567, 36.223205399900003 ], [ -115.1577621, 36.223205399900003 ], [ -115.1577621, 36.223208099899999 ], [ -115.1577648, 36.223208099899999 ], [ -115.1577648, 36.223210799900002 ], [ -115.1577729, 36.223210799900002 ], [ -115.1577729, 36.223213499899998 ], [ -115.1577945, 36.223213499899998 ], [ -115.1577945, 36.223216199900001 ], [ -115.1578053, 36.223216199900001 ], [ -115.1578053, 36.223218899899997 ], [ -115.157808, 36.223218899899997 ], [ -115.157808, 36.223216199900001 ], [ -115.1578161, 36.223216199900001 ], [ -115.1578161, 36.223213499899998 ], [ -115.1578188, 36.223213499899998 ], [ -115.1578188, 36.223210799900002 ], [ -115.1578215, 36.223210799900002 ], [ -115.1578215, 36.223208099899999 ], [ -115.1578242, 36.223208099899999 ], [ -115.1578242, 36.223205399900003 ], [ -115.1578269, 36.223205399900003 ], [ -115.1578269, 36.2232026999 ], [ -115.1578296, 36.2232026999 ], [ -115.1578296, 36.223199999899997 ], [ -115.1578323, 36.223199999899997 ], [ -115.1578323, 36.223197299900001 ], [ -115.157835, 36.223197299900001 ], [ -115.157835, 36.223194599899998 ], [ -115.1578377, 36.223194599899998 ], [ -115.1578377, 36.223191899900002 ], [ -115.1578458, 36.223191899900002 ], [ -115.1578458, 36.223194599899998 ], [ -115.1578512, 36.223194599899998 ], [ -115.1578512, 36.223197299900001 ], [ -115.1578593, 36.223197299900001 ], [ -115.1578593, 36.223199999899997 ], [ -115.1578647, 36.223199999899997 ], [ -115.1578647, 36.2232026999 ], [ -115.1578674, 36.2232026999 ], [ -115.1578674, 36.223205399900003 ], [ -115.1578728, 36.223205399900003 ], [ -115.1578728, 36.223208099899999 ], [ -115.1578782, 36.223208099899999 ], [ -115.1578782, 36.223210799900002 ], [ -115.1578809, 36.223210799900002 ], [ -115.1578809, 36.223213499899998 ], [ -115.1578863, 36.223213499899998 ], [ -115.1578863, 36.223216199900001 ], [ -115.1578917, 36.223216199900001 ], [ -115.1578917, 36.223218899899997 ], [ -115.1578944, 36.223218899899997 ], [ -115.1578944, 36.2232215999 ], [ -115.1578998, 36.2232215999 ], [ -115.1578998, 36.223224299899996 ], [ -115.1579025, 36.223224299899996 ], [ -115.1579025, 36.2232269999 ], [ -115.1579079, 36.2232269999 ], [ -115.1579079, 36.223229699900003 ], [ -115.1579133, 36.223229699900003 ], [ -115.1579133, 36.223232399899999 ], [ -115.157916, 36.223232399899999 ], [ -115.157916, 36.223235099900002 ], [ -115.1579214, 36.223235099900002 ], [ -115.1579214, 36.223237799899998 ], [ -115.1579241, 36.223237799899998 ], [ -115.1579241, 36.223240499900001 ], [ -115.1579295, 36.223240499900001 ], [ -115.1579295, 36.223243199899997 ], [ -115.1579349, 36.223243199899997 ], [ -115.1579349, 36.2232458999 ], [ -115.1579376, 36.2232458999 ], [ -115.1579376, 36.223248599900003 ], [ -115.1579403, 36.223248599900003 ], [ -115.1579403, 36.223251299899999 ], [ -115.1579457, 36.223251299899999 ], [ -115.1579457, 36.223253999900002 ], [ -115.1579511, 36.223253999900002 ], [ -115.1579511, 36.223256699899999 ], [ -115.1579538, 36.223256699899999 ], [ -115.1579538, 36.223259399900002 ], [ -115.1579565, 36.223259399900002 ], [ -115.1579565, 36.223262099899998 ], [ -115.1579592, 36.223262099899998 ], [ -115.1579592, 36.223264799900001 ], [ -115.1579619, 36.223264799900001 ], [ -115.1579619, 36.223267499899997 ], [ -115.1579646, 36.223267499899997 ], [ -115.1579646, 36.2232701999 ], [ -115.1579673, 36.2232701999 ], [ -115.1579673, 36.223272899900003 ], [ -115.1579646, 36.223272899900003 ], [ -115.1579646, 36.223278299900002 ], [ -115.1579619, 36.223278299900002 ], [ -115.1579619, 36.223280999899998 ], [ -115.1579592, 36.223280999899998 ], [ -115.1579592, 36.223283699900001 ], [ -115.1579565, 36.223283699900001 ], [ -115.1579565, 36.223289099900001 ], [ -115.1579538, 36.223289099900001 ], [ -115.1579538, 36.223291799899997 ], [ -115.1579511, 36.223291799899997 ], [ -115.1579511, 36.2232944999 ], [ -115.1579484, 36.2232944999 ], [ -115.1579484, 36.223299899899999 ], [ -115.1579457, 36.223299899899999 ], [ -115.1579457, 36.223302599900002 ], [ -115.157943, 36.223302599900002 ], [ -115.157943, 36.223305299899998 ], [ -115.1579403, 36.223305299899998 ], [ -115.1579403, 36.223307999900001 ], [ -115.1579376, 36.223307999900001 ], [ -115.1579376, 36.223310699899997 ], [ -115.1579349, 36.223310699899997 ], [ -115.1579349, 36.2233133999 ], [ -115.1579322, 36.2233133999 ], [ -115.1579322, 36.223316099900003 ], [ -115.1579295, 36.223316099900003 ], [ -115.1579295, 36.223321499900003 ], [ -115.1579268, 36.223321499900003 ], [ -115.1579268, 36.223324199899999 ], [ -115.1579241, 36.223324199899999 ], [ -115.1579241, 36.223326899900002 ], [ -115.1579214, 36.223326899900002 ], [ -115.1579214, 36.223329599899998 ], [ -115.1579187, 36.223329599899998 ], [ -115.1579187, 36.223332299900001 ], [ -115.1578998, 36.223332299900001 ], [ -115.1578998, 36.223329599899998 ], [ -115.1578917, 36.223329599899998 ], [ -115.1578917, 36.223326899900002 ], [ -115.157889, 36.223326899900002 ], [ -115.157889, 36.223324199899999 ], [ -115.1578836, 36.223324199899999 ], [ -115.1578836, 36.223321499900003 ], [ -115.1578782, 36.223321499900003 ], [ -115.1578782, 36.223324199899999 ], [ -115.1578755, 36.223324199899999 ], [ -115.1578755, 36.223326899900002 ], [ -115.1578701, 36.223326899900002 ], [ -115.1578701, 36.223329599899998 ], [ -115.1578674, 36.223329599899998 ], [ -115.1578674, 36.223332299900001 ], [ -115.1578647, 36.223332299900001 ], [ -115.1578647, 36.223334999899997 ] ] ] } },
{ "type": "Feature", "properties": { "value": 255.0 }, "geometry": { "type": "Polygon", "coordinates": [ [ [ -115.1570898, 36.223272899900003 ], [ -115.157079, 36.223272899900003 ], [ -115.157079, 36.2232701999 ], [ -115.1570763, 36.2232701999 ], [ -115.1570763, 36.223267499899997 ], [ -115.1570736, 36.223267499899997 ], [ -115.1570736, 36.223256699899999 ], [ -115.1570709, 36.223256699899999 ], [ -115.1570709, 36.223218899899997 ], [ -115.1570682, 36.223218899899997 ], [ -115.1570682, 36.2231783999 ], [ -115.1570655, 36.2231783999 ], [ -115.1570655, 36.2231594999 ], [ -115.1570763, 36.2231594999 ], [ -115.1570763, 36.223156799899996 ], [ -115.1571357, 36.223156799899996 ], [ -115.1571357, 36.2231540999 ], [ -115.157187, 36.2231540999 ], [ -115.157187, 36.223151399899997 ], [ -115.1572356, 36.223151399899997 ], [ -115.1572356, 36.223148699900001 ], [ -115.157257199999989, 36.223148699900001 ], [ -115.157257199999989, 36.223151399899997 ], [ -115.1572626, 36.223151399899997 ], [ -115.1572626, 36.2231540999 ], [ -115.1572653, 36.2231540999 ], [ -115.1572653, 36.223181099900003 ], [ -115.157268, 36.223181099900003 ], [ -115.157268, 36.2232026999 ], [ -115.1572653, 36.2232026999 ], [ -115.1572653, 36.223205399900003 ], [ -115.1572491, 36.223205399900003 ], [ -115.1572491, 36.223208099899999 ], [ -115.1572248, 36.223208099899999 ], [ -115.1572248, 36.223210799900002 ], [ -115.1572167, 36.223210799900002 ], [ -115.1572167, 36.223213499899998 ], [ -115.1572059, 36.223213499899998 ], [ -115.1572059, 36.223216199900001 ], [ -115.1572005, 36.223216199900001 ], [ -115.1572005, 36.223218899899997 ], [ -115.1571978, 36.223218899899997 ], [ -115.1571978, 36.223264799900001 ], [ -115.1571654, 36.223264799900001 ], [ -115.1571654, 36.223267499899997 ], [ -115.1571168, 36.223267499899997 ], [ -115.1571168, 36.2232701999 ], [ -115.1570898, 36.2232701999 ], [ -115.1570898, 36.223272899900003 ] ] ] } },
{ "type": "Feature", "properties": { "value": 255.0 }, "geometry": { "type": "Polygon", "coordinates": [ [ [ -115.1567307, 36.223264799900001 ], [ -115.1566632, 36.223264799900001 ], [ -115.1566632, 36.223262099899998 ], [ -115.1566578, 36.223262099899998 ], [ -115.1566578, 36.223253999900002 ], [ -115.1566551, 36.223253999900002 ], [ -115.1566551, 36.223248599900003 ], [ -115.1566524, 36.223248599900003 ], [ -115.1566524, 36.223229699900003 ], [ -115.156649699999988, 36.223229699900003 ], [ -115.156649699999988, 36.223210799900002 ], [ -115.1566524, 36.223210799900002 ], [ -115.1566524, 36.223205399900003 ], [ -115.1566551, 36.223205399900003 ], [ -115.1566551, 36.2232026999 ], [ -115.1566605, 36.2232026999 ], [ -115.1566605, 36.223199999899997 ], [ -115.1566659, 36.223199999899997 ], [ -115.1566659, 36.223181099900003 ], [ -115.156668599999989, 36.223181099900003 ], [ -115.156668599999989, 36.223175699899997 ], [ -115.1566713, 36.223175699899997 ], [ -115.1566713, 36.223167599900002 ], [ -115.1566767, 36.223167599900002 ], [ -115.1566767, 36.223164899899999 ], [ -115.1566794, 36.223164899899999 ], [ -115.1566794, 36.223162199900003 ], [ -115.1566821, 36.223162199900003 ], [ -115.1566821, 36.2231594999 ], [ -115.1566794, 36.2231594999 ], [ -115.1566794, 36.223151399899997 ], [ -115.1566821, 36.223151399899997 ], [ -115.1566821, 36.223145999899998 ], [ -115.1567199, 36.223145999899998 ], [ -115.1567199, 36.223143299900002 ], [ -115.1567577, 36.223143299900002 ], [ -115.1567577, 36.223145999899998 ], [ -115.1567739, 36.223145999899998 ], [ -115.1567739, 36.223148699900001 ], [ -115.1567766, 36.223148699900001 ], [ -115.1567766, 36.223151399899997 ], [ -115.1567793, 36.223151399899997 ], [ -115.1567793, 36.223175699899997 ], [ -115.156782, 36.223175699899997 ], [ -115.156782, 36.223181099900003 ], [ -115.1567793, 36.223181099900003 ], [ -115.1567793, 36.223189199899998 ], [ -115.156782, 36.223189199899998 ], [ -115.156782, 36.223216199900001 ], [ -115.156784699999989, 36.223216199900001 ], [ -115.156784699999989, 36.223256699899999 ], [ -115.156782, 36.223256699899999 ], [ -115.156782, 36.223259399900002 ], [ -115.1567631, 36.223259399900002 ], [ -115.1567631, 36.223262099899998 ], [ -115.1567307, 36.223262099899998 ], [ -115.1567307, 36.223264799900001 ] ] ] } },
{ "type": "Feature", "properties": { "value": 255.0 }, "geometry": { "type": "Polygon", "coordinates": [ [ [ -115.1581158, 36.223240499900001 ], [ -115.1580564, 36.223240499900001 ], [ -115.1580564, 36.223237799899998 ], [ -115.1580537, 36.223237799899998 ], [ -115.1580537, 36.223213499899998 ], [ -115.158051, 36.223213499899998 ], [ -115.158051, 36.223191899900002 ], [ -115.1580483, 36.223191899900002 ], [ -115.1580483, 36.223143299900002 ], [ -115.1580645, 36.223143299900002 ], [ -115.1580645, 36.223140599899999 ], [ -115.1580672, 36.223140599899999 ], [ -115.1580672, 36.223132499899997 ], [ -115.1580699, 36.223132499899997 ], [ -115.1580699, 36.223129799900001 ], [ -115.158078, 36.223129799900001 ], [ -115.158078, 36.223127099899997 ], [ -115.1581077, 36.223127099899997 ], [ -115.1581077, 36.223124399900001 ], [ -115.1581347, 36.223124399900001 ], [ -115.1581347, 36.223121699899998 ], [ -115.1581563, 36.223121699899998 ], [ -115.1581563, 36.223118999900002 ], [ -115.158186, 36.223118999900002 ], [ -115.158186, 36.223116299899999 ], [ -115.1582238, 36.223116299899999 ], [ -115.1582238, 36.223113599900003 ], [ -115.1582643, 36.223113599900003 ], [ -115.1582643, 36.223116299899999 ], [ -115.158267, 36.223116299899999 ], [ -115.158267, 36.223118999900002 ], [ -115.1582697, 36.223118999900002 ], [ -115.1582697, 36.223151399899997 ], [ -115.1582724, 36.223151399899997 ], [ -115.1582724, 36.223167599900002 ], [ -115.1582697, 36.223167599900002 ], [ -115.1582697, 36.223170299899998 ], [ -115.1582346, 36.223170299899998 ], [ -115.1582346, 36.223172999900001 ], [ -115.1582265, 36.223172999900001 ], [ -115.1582265, 36.223175699899997 ], [ -115.1582238, 36.223175699899997 ], [ -115.1582238, 36.2231783999 ], [ -115.1582157, 36.2231783999 ], [ -115.1582157, 36.223181099900003 ], [ -115.1582103, 36.223181099900003 ], [ -115.1582103, 36.223183799899999 ], [ -115.1582076, 36.223183799899999 ], [ -115.1582076, 36.223218899899997 ], [ -115.1582103, 36.223218899899997 ], [ -115.1582103, 36.2232269999 ], [ -115.1582076, 36.2232269999 ], [ -115.1582076, 36.223229699900003 ], [ -115.1582022, 36.223229699900003 ], [ -115.1582022, 36.223232399899999 ], [ -115.1581536, 36.223232399899999 ], [ -115.1581536, 36.223235099900002 ], [ -115.1581347, 36.223235099900002 ], [ -115.1581347, 36.223237799899998 ], [ -115.1581158, 36.223237799899998 ], [ -115.1581158, 36.223240499900001 ] ] ] } },
{ "type": "Feature", "properties": { "value": 255.0 }, "geometry": { "type": "Polygon", "coordinates": [ [ [ -115.1579133, 36.223143299900002 ], [ -115.1579052, 36.223143299900002 ], [ -115.1579052, 36.223137899900003 ], [ -115.1579025, 36.223137899900003 ], [ -115.1579025, 36.223124399900001 ], [ -115.1579052, 36.223124399900001 ], [ -115.1579052, 36.223121699899998 ], [ -115.1579268, 36.223121699899998 ], [ -115.1579268, 36.223127099899997 ], [ -115.1579295, 36.223127099899997 ], [ -115.1579295, 36.223137899900003 ], [ -115.1579268, 36.223137899900003 ], [ -115.1579268, 36.223140599899999 ], [ -115.1579214, 36.223140599899999 ], [ -115.1579214, 36.223137899900003 ], [ -115.1579187, 36.223137899900003 ], [ -115.1579187, 36.223140599899999 ], [ -115.1579133, 36.223140599899999 ], [ -115.1579133, 36.223143299900002 ] ] ] } },
{ "type": "Feature", "properties": { "value": 255.0 }, "geometry": { "type": "Polygon", "coordinates": [ [ [ -115.1580807, 36.223100099900002 ], [ -115.1580699, 36.223100099900002 ], [ -115.1580699, 36.223097399899999 ], [ -115.1580645, 36.223097399899999 ], [ -115.1580645, 36.223081199900001 ], [ -115.1580618, 36.223081199900001 ], [ -115.1580618, 36.223070399900003 ], [ -115.1580645, 36.223070399900003 ], [ -115.1580645, 36.2230676999 ], [ -115.1581914, 36.2230676999 ], [ -115.1581914, 36.223089299899996 ], [ -115.1581887, 36.223089299899996 ], [ -115.1581887, 36.223091999899999 ], [ -115.1581455, 36.223091999899999 ], [ -115.1581455, 36.223094699900003 ], [ -115.1581104, 36.223094699900003 ], [ -115.1581104, 36.223097399899999 ], [ -115.1580807, 36.223097399899999 ], [ -115.1580807, 36.223100099900002 ] ] ] } },
{ "type": "Feature", "properties": { "value": 255.0 }, "geometry": { "type": "Polygon", "coordinates": [ [ [ -115.1567226, 36.223118999900002 ], [ -115.1566632, 36.223118999900002 ], [ -115.1566632, 36.223113599900003 ], [ -115.1566605, 36.223113599900003 ], [ -115.1566605, 36.223089299899996 ], [ -115.1566578, 36.223089299899996 ], [ -115.1566578, 36.223070399900003 ], [ -115.1566551, 36.223070399900003 ], [ -115.1566551, 36.2230676999 ], [ -115.1568414, 36.2230676999 ], [ -115.1568414, 36.223070399900003 ], [ -115.1568441, 36.223070399900003 ], [ -115.1568441, 36.223073099899999 ], [ -115.1568468, 36.223073099899999 ], [ -115.1568468, 36.223081199900001 ], [ -115.1568441, 36.223081199900001 ], [ -115.1568441, 36.2230865999 ], [ -115.1568468, 36.2230865999 ], [ -115.1568468, 36.223094699900003 ], [ -115.1568441, 36.223094699900003 ], [ -115.1568441, 36.223105499900001 ], [ -115.1568414, 36.223105499900001 ], [ -115.1568414, 36.223108199899997 ], [ -115.156836, 36.223108199899997 ], [ -115.156836, 36.2231108999 ], [ -115.1568306, 36.2231108999 ], [ -115.1568306, 36.223113599900003 ], [ -115.1568279, 36.223113599900003 ], [ -115.1568279, 36.223116299899999 ], [ -115.1567226, 36.223116299899999 ], [ -115.1567226, 36.223118999900002 ] ] ] } },
{ "type": "Feature", "properties": { "value": 255.0 }, "geometry": { "type": "Polygon", "coordinates": [ [ [ -115.1571195, 36.223132499899997 ], [ -115.1571141, 36.223132499899997 ], [ -115.1571141, 36.223129799900001 ], [ -115.1571087, 36.223129799900001 ], [ -115.1571087, 36.223127099899997 ], [ -115.157106, 36.223127099899997 ], [ -115.157106, 36.223124399900001 ], [ -115.1570574, 36.223124399900001 ], [ -115.1570574, 36.223121699899998 ], [ -115.157054699999989, 36.223121699899998 ], [ -115.157054699999989, 36.223116299899999 ], [ -115.157052, 36.223116299899999 ], [ -115.157052, 36.2230676999 ], [ -115.1572518, 36.2230676999 ], [ -115.1572518, 36.223073099899999 ], [ -115.1572491, 36.223073099899999 ], [ -115.1572491, 36.223075799900002 ], [ -115.1572464, 36.223075799900002 ], [ -115.1572464, 36.223081199900001 ], [ -115.1572437, 36.223081199900001 ], [ -115.1572437, 36.223089299899996 ], [ -115.1572464, 36.223089299899996 ], [ -115.1572464, 36.223091999899999 ], [ -115.1572437, 36.223091999899999 ], [ -115.1572437, 36.223094699900003 ], [ -115.157241, 36.223094699900003 ], [ -115.157241, 36.223097399899999 ], [ -115.1572437, 36.223097399899999 ], [ -115.1572437, 36.223100099900002 ], [ -115.157241, 36.223100099900002 ], [ -115.157241, 36.223102799899998 ], [ -115.1572113, 36.223102799899998 ], [ -115.1572113, 36.223108199899997 ], [ -115.1572086, 36.223108199899997 ], [ -115.1572086, 36.223113599900003 ], [ -115.1572059, 36.223113599900003 ], [ -115.1572059, 36.223118999900002 ], [ -115.1572032, 36.223118999900002 ], [ -115.1572032, 36.223121699899998 ], [ -115.1571978, 36.223121699899998 ], [ -115.1571978, 36.223127099899997 ], [ -115.1571924, 36.223127099899997 ], [ -115.1571924, 36.223129799900001 ], [ -115.1571195, 36.223129799900001 ], [ -115.1571195, 36.223132499899997 ] ] ] } }
]
}
