{
"type": "FeatureCollection",
"crs": { "type": "name", "properties": { "name": "urn:ogc:def:crs:OGC:1.3:CRS84" } },
"features": [
{ "type": "Feature", "properties": { "value": 255.0 }, "geometry": { "type": "Polygon", "coordinates": [ [ [ -115.213509, 36.2441277 ], [ -115.2134604, 36.2441277 ], [ -115.2134604, 36.2441223 ], [ -115.2134631, 36.2441223 ], [ -115.2134631, 36.2441196 ], [ -115.2134739, 36.2441196 ], [ -115.2134739, 36.2441169 ], [ -115.2134982, 36.2441169 ], [ -115.2134982, 36.2441196 ], [ -115.2135036, 36.2441196 ], [ -115.2135036, 36.2441223 ], [ -115.2135063, 36.2441223 ], [ -115.2135063, 36.244125 ], [ -115.213509, 36.244125 ], [ -115.213509, 36.2441277 ] ] ] } },
{ "type": "Feature", "properties": { "value": 255.0 }, "geometry": { "type": "Polygon", "coordinates": [ [ [ -115.213968, 36.2441277 ], [ -115.2138087, 36.2441277 ], [ -115.2138087, 36.2441115 ], [ -115.213806, 36.2441115 ], [ -115.213806, 36.2441007 ], [ -115.2138033, 36.2441007 ], [ -115.2138033, 36.2440899 ], [ -115.213806, 36.2440899 ], [ -115.213806, 36.2440845 ], [ -115.2138087, 36.2440845 ], [ -115.2138087, 36.2440818 ], [ -115.213833, 36.2440818 ], [ -115.213833, 36.2440791 ], [ -115.2139005, 36.2440791 ], [ -115.2139005, 36.2440764 ], [ -115.213914, 36.2440764 ], [ -115.213914, 36.2440737 ], [ -115.2139329, 36.2440737 ], [ -115.2139329, 36.2440764 ], [ -115.213941, 36.2440764 ], [ -115.213941, 36.2440791 ], [ -115.2139437, 36.2440791 ], [ -115.2139437, 36.2440926 ], [ -115.2139464, 36.2440926 ], [ -115.2139464, 36.244098 ], [ -115.2139491, 36.244098 ], [ -115.2139491, 36.2441007 ], [ -115.2139518, 36.2441007 ], [ -115.2139518, 36.2441034 ], [ -115.2139572, 36.2441034 ], [ -115.2139572, 36.2441061 ], [ -115.2139653, 36.2441061 ], [ -115.2139653, 36.2441115 ], [ -115.213968, 36.2441115 ], [ -115.213968, 36.2441277 ] ] ] } },
{ "type": "Feature", "properties": { "value": 255.0 }, "geometry": { "type": "Polygon", "coordinates": [ [ [ -115.2137088, 36.2441277 ], [ -115.2135765, 36.2441277 ], [ -115.2135765, 36.2441223 ], [ -115.2135738, 36.2441223 ], [ -115.2135738, 36.2441196 ], [ -115.2135765, 36.2441196 ], [ -115.2135765, 36.2441142 ], [ -115.2135738, 36.2441142 ], [ -115.2135738, 36.2441088 ], [ -115.2135765, 36.2441088 ], [ -115.2135765, 36.2441034 ], [ -115.2135792, 36.2441034 ], [ -115.2135792, 36.2441007 ], [ -115.2135846, 36.2441007 ], [ -115.2135846, 36.244098 ], [ -115.2136143, 36.244098 ], [ -115.2136143, 36.2440953 ], [ -115.213617, 36.2440953 ], [ -115.213617, 36.2440899 ], [ -115.2136197, 36.2440899 ], [ -115.2136197, 36.2440818 ], [ -115.2136224, 36.2440818 ], [ -115.2136224, 36.2440764 ], [ -115.2136278, 36.2440764 ], [ -115.2136278, 36.2440737 ], [ -115.2136413, 36.2440737 ], [ -115.2136413, 36.244071 ], [ -115.2136683, 36.244071 ], [ -115.2136683, 36.2440737 ], [ -115.2136737, 36.2440737 ], [ -115.2136737, 36.2440764 ], [ -115.2136764, 36.2440764 ], [ -115.2136764, 36.2440791 ], [ -115.2136791, 36.2440791 ], [ -115.2136791, 36.2440845 ], [ -115.2136818, 36.2440845 ], [ -115.2136818, 36.2440872 ], [ -115.2136845, 36.2440872 ], [ -115.2136845, 36.2440899 ], [ -115.2137061, 36.2440899 ], [ -115.2137061, 36.2440926 ], [ -115.2137088, 36.2440926 ], [ -115.2137088, 36.2441277 ] ] ] } },
{ "type": "Feature", "properties": { "value": 255.0 }, "geometry": { "type": "Polygon", "coordinates": [ [ [ -115.2145026, 36.2441196 ], [ -115.2144999, 36.2441196 ], [ -115.2144999, 36.2441169 ], [ -115.2144972, 36.2441169 ], [ -115.2144972, 36.2441061 ], [ -115.2144945, 36.2441061 ], [ -115.2144945, 36.2441034 ], [ -115.2144864, 36.2441034 ], [ -115.2144864, 36.2441061 ], [ -115.2144837, 36.2441061 ], [ -115.2144837, 36.2441088 ], [ -115.2144675, 36.2441088 ], [ -115.2144675, 36.2441115 ], [ -115.2144621, 36.2441115 ], [ -115.2144621, 36.2441088 ], [ -115.21445940000001, 36.2441088 ], [ -115.21445940000001, 36.2441061 ], [ -115.2144567, 36.2441061 ], [ -115.2144567, 36.2441034 ], [ -115.214454, 36.2441034 ], [ -115.214454, 36.244098 ], [ -115.2144486, 36.244098 ], [ -115.2144486, 36.2440953 ], [ -115.2144459, 36.2440953 ], [ -115.2144459, 36.2440926 ], [ -115.2144432, 36.2440926 ], [ -115.2144432, 36.2440899 ], [ -115.2144405, 36.2440899 ], [ -115.2144405, 36.2440737 ], [ -115.2144432, 36.2440737 ], [ -115.2144432, 36.2440683 ], [ -115.2144459, 36.2440683 ], [ -115.2144459, 36.2440575 ], [ -115.2144513, 36.2440575 ], [ -115.2144513, 36.2440602 ], [ -115.21445940000001, 36.2440602 ], [ -115.21445940000001, 36.2440629 ], [ -115.2144783, 36.2440629 ], [ -115.2144783, 36.2440602 ], [ -115.2144891, 36.2440602 ], [ -115.2144891, 36.2440629 ], [ -115.2144945, 36.2440629 ], [ -115.2144945, 36.2440656 ], [ -115.2145026, 36.2440656 ], [ -115.2145026, 36.2441196 ] ] ] } },
{ "type": "Feature", "properties": { "value": 255.0 }, "geometry": { "type": "Polygon", "coordinates": [ [ [ -115.2141732, 36.2441277 ], [ -115.2140031, 36.2441277 ], [ -115.2140031, 36.2441115 ], [ -115.2140004, 36.2441115 ], [ -115.2140004, 36.244098 ], [ -115.2139977, 36.244098 ], [ -115.2139977, 36.2440683 ], [ -115.2140004, 36.2440683 ], [ -115.2140004, 36.2440521 ], [ -115.2140031, 36.2440521 ], [ -115.2140031, 36.2440494 ], [ -115.2140085, 36.2440494 ], [ -115.2140085, 36.2440521 ], [ -115.2140112, 36.2440521 ], [ -115.2140112, 36.2440548 ], [ -115.2140139, 36.2440548 ], [ -115.2140139, 36.2440575 ], [ -115.2140274, 36.2440575 ], [ -115.2140274, 36.2440521 ], [ -115.2140247, 36.2440521 ], [ -115.2140247, 36.244044 ], [ -115.2140274, 36.244044 ], [ -115.2140274, 36.2440413 ], [ -115.2140328, 36.2440413 ], [ -115.2140328, 36.2440386 ], [ -115.2140382, 36.2440386 ], [ -115.2140382, 36.2440359 ], [ -115.2140517, 36.2440359 ], [ -115.2140517, 36.2440602 ], [ -115.2140544, 36.2440602 ], [ -115.2140544, 36.2440629 ], [ -115.2140733, 36.2440629 ], [ -115.2140733, 36.2440602 ], [ -115.2140787, 36.2440602 ], [ -115.2140787, 36.2440575 ], [ -115.2140868, 36.2440575 ], [ -115.2140868, 36.2440548 ], [ -115.2141084, 36.2440548 ], [ -115.2141084, 36.2440521 ], [ -115.2141219, 36.2440521 ], [ -115.2141219, 36.2440548 ], [ -115.2141597, 36.2440548 ], [ -115.2141597, 36.2440575 ], [ -115.2141651, 36.2440575 ], [ -115.2141651, 36.2440602 ], [ -115.2141678, 36.2440602 ], [ -115.2141678, 36.2440629 ], [ -115.2141705, 36.2440629 ], [ -115.2141705, 36.2440791 ], [ -115.2141732, 36.2440791 ], [ -115.2141732, 36.2440953 ], [ -115.2141759, 36.2440953 ], [ -115.2141759, 36.2441223 ], [ -115.2141732, 36.2441223 ], [ -115.2141732, 36.2441277 ] ] ] } },
{ "type": "Feature", "properties": { "value": 255.0 }, "geometry": { "type": "Polygon", "coordinates": [ [ [ -115.2127989, 36.2440953 ], [ -115.2127827, 36.2440953 ], [ -115.2127827, 36.2440926 ], [ -115.2127773, 36.2440926 ], [ -115.2127773, 36.2440872 ], [ -115.2127746, 36.2440872 ], [ -115.2127746, 36.2440791 ], [ -115.2127719, 36.2440791 ], [ -115.2127719, 36.2440656 ], [ -115.2127692, 36.2440656 ], [ -115.2127692, 36.244044 ], [ -115.2127665, 36.244044 ], [ -115.2127665, 36.2440386 ], [ -115.2127692, 36.2440386 ], [ -115.2127692, 36.2440359 ], [ -115.2127773, 36.2440359 ], [ -115.2127773, 36.2440386 ], [ -115.21278, 36.2440386 ], [ -115.21278, 36.2440359 ], [ -115.2128016, 36.2440359 ], [ -115.2128016, 36.2440386 ], [ -115.2128124, 36.2440386 ], [ -115.2128124, 36.2440413 ], [ -115.2128151, 36.2440413 ], [ -115.2128151, 36.244044 ], [ -115.2128178, 36.244044 ], [ -115.2128178, 36.2440548 ], [ -115.2128205, 36.2440548 ], [ -115.2128205, 36.2440656 ], [ -115.2128232, 36.2440656 ], [ -115.2128232, 36.2440845 ], [ -115.2128205, 36.2440845 ], [ -115.2128205, 36.2440872 ], [ -115.2128178, 36.2440872 ], [ -115.2128178, 36.2440899 ], [ -115.2128151, 36.2440899 ], [ -115.2128151, 36.2440926 ], [ -115.2127989, 36.2440926 ], [ -115.2127989, 36.2440953 ] ] ] } },
{ "type": "Feature", "properties": { "value": 255.0 }, "geometry": { "type": "Polygon", "coordinates": [ [ [ -115.214427, 36.2441277 ], [ -115.2142461, 36.2441277 ], [ -115.2142461, 36.244125 ], [ -115.2142515, 36.244125 ], [ -115.2142515, 36.2441223 ], [ -115.2142569, 36.2441223 ], [ -115.2142569, 36.2441196 ], [ -115.2142596, 36.2441196 ], [ -115.2142596, 36.2441142 ], [ -115.2142623, 36.2441142 ], [ -115.2142623, 36.2441007 ], [ -115.2142596, 36.2441007 ], [ -115.2142596, 36.2440845 ], [ -115.2142569, 36.2440845 ], [ -115.2142569, 36.244071 ], [ -115.2142542, 36.244071 ], [ -115.2142542, 36.2440575 ], [ -115.2142515, 36.2440575 ], [ -115.2142515, 36.2440494 ], [ -115.2142542, 36.2440494 ], [ -115.2142542, 36.2440467 ], [ -115.2142596, 36.2440467 ], [ -115.2142596, 36.244044 ], [ -115.2142758, 36.244044 ], [ -115.2142758, 36.2440413 ], [ -115.2142893, 36.2440413 ], [ -115.2142893, 36.2440386 ], [ -115.214292, 36.2440386 ], [ -115.214292, 36.2440359 ], [ -115.2142947, 36.2440359 ], [ -115.2142947, 36.2440332 ], [ -115.2142974, 36.2440332 ], [ -115.2142974, 36.2440305 ], [ -115.2143001, 36.2440305 ], [ -115.2143001, 36.2440278 ], [ -115.2143028, 36.2440278 ], [ -115.2143028, 36.2440251 ], [ -115.2143298, 36.2440251 ], [ -115.2143298, 36.2440224 ], [ -115.2143406, 36.2440224 ], [ -115.2143406, 36.2440197 ], [ -115.214346, 36.2440197 ], [ -115.214346, 36.244017 ], [ -115.2143514, 36.244017 ], [ -115.2143514, 36.2440143 ], [ -115.2143541, 36.2440143 ], [ -115.2143541, 36.2440116 ], [ -115.2143595, 36.2440116 ], [ -115.2143595, 36.2440089 ], [ -115.2144, 36.2440089 ], [ -115.2144, 36.2440143 ], [ -115.2144027, 36.2440143 ], [ -115.2144027, 36.2440305 ], [ -115.2144054, 36.2440305 ], [ -115.2144054, 36.2440359 ], [ -115.2144081, 36.2440359 ], [ -115.2144081, 36.2440413 ], [ -115.2144108, 36.2440413 ], [ -115.2144108, 36.2440521 ], [ -115.2144135, 36.2440521 ], [ -115.2144135, 36.2440602 ], [ -115.2144162, 36.2440602 ], [ -115.2144162, 36.2440683 ], [ -115.2144189, 36.2440683 ], [ -115.2144189, 36.2440737 ], [ -115.2144216, 36.2440737 ], [ -115.2144216, 36.2440764 ], [ -115.2144243, 36.2440764 ], [ -115.2144243, 36.2440791 ], [ -115.214427, 36.2440791 ], [ -115.214427, 36.2440845 ], [ -115.2144297, 36.2440845 ], [ -115.2144297, 36.2441034 ], [ -115.214427, 36.2441034 ], [ -115.214427, 36.2441277 ] ] ] } },
{ "type": "Feature", "properties": { "value": 255.0 }, "geometry": { "type": "Polygon", "coordinates": [ [ [ -115.2145026, 36.2440386 ], [ -115.2144972, 36.2440386 ], [ -115.2144972, 36.2440359 ], [ -115.2144891, 36.2440359 ], [ -115.2144891, 36.2440332 ], [ -115.2144864, 36.2440332 ], [ -115.2144864, 36.2440305 ], [ -115.2144837, 36.2440305 ], [ -115.2144837, 36.2440251 ], [ -115.214481, 36.2440251 ], [ -115.214481, 36.2440143 ], [ -115.2144783, 36.2440143 ], [ -115.2144783, 36.2440062 ], [ -115.214481, 36.2440062 ], [ -115.214481, 36.2440008 ], [ -115.2145026, 36.2440008 ], [ -115.2145026, 36.2440386 ] ] ] } },
{ "type": "Feature", "properties": { "value": 255.0 }, "geometry": { "type": "Polygon", "coordinates": [ [ [ -115.2144432, 36.2440359 ], [ -115.2144351, 36.2440359 ], [ -115.2144351, 36.2440332 ], [ -115.2144324, 36.2440332 ], [ -115.2144324, 36.2440305 ], [ -115.2144297, 36.2440305 ], [ -115.2144297, 36.2440251 ], [ -115.214427, 36.2440251 ], [ -115.214427, 36.244017 ], [ -115.2144297, 36.244017 ], [ -115.2144297, 36.2440089 ], [ -115.2144324, 36.2440089 ], [ -115.2144324, 36.2440062 ], [ -115.2144351, 36.2440062 ], [ -115.2144351, 36.2440035 ], [ -115.2144378, 36.2440035 ], [ -115.2144378, 36.2440008 ], [ -115.2144513, 36.2440008 ], [ -115.2144513, 36.2440116 ], [ -115.2144486, 36.2440116 ], [ -115.2144486, 36.2440224 ], [ -115.2144513, 36.2440224 ], [ -115.2144513, 36.2440251 ], [ -115.2144486, 36.2440251 ], [ -115.2144486, 36.2440305 ], [ -115.2144459, 36.2440305 ], [ -115.2144459, 36.2440332 ], [ -115.2144432, 36.2440332 ], [ -115.2144432, 36.2440359 ] ] ] } },
{ "type": "Feature", "properties": { "value": 255.0 }, "geometry": { "type": "Polygon", "coordinates": [ [ [ -115.2131607, 36.2440467 ], [ -115.213104, 36.2440467 ], [ -115.213104, 36.244044 ], [ -115.2131013, 36.244044 ], [ -115.2131013, 36.2440251 ], [ -115.2130986, 36.2440251 ], [ -115.2130986, 36.24399 ], [ -115.2131013, 36.24399 ], [ -115.2131013, 36.2439198 ], [ -115.2130986, 36.2439198 ], [ -115.2130986, 36.2439171 ], [ -115.2130878, 36.2439171 ], [ -115.2130878, 36.2439144 ], [ -115.2130851, 36.2439144 ], [ -115.2130851, 36.2439117 ], [ -115.2130824, 36.2439117 ], [ -115.2130824, 36.2438955 ], [ -115.2130797, 36.2438955 ], [ -115.2130797, 36.2438604 ], [ -115.2130851, 36.2438604 ], [ -115.2130851, 36.2438577 ], [ -115.2131337, 36.2438577 ], [ -115.2131337, 36.243855 ], [ -115.2131499, 36.243855 ], [ -115.2131499, 36.2438577 ], [ -115.2131796, 36.2438577 ], [ -115.2131796, 36.2438604 ], [ -115.2131823, 36.2438604 ], [ -115.2131823, 36.2438658 ], [ -115.213185, 36.2438658 ], [ -115.213185, 36.243882 ], [ -115.2131877, 36.243882 ], [ -115.2131877, 36.2438928 ], [ -115.2131904, 36.2438928 ], [ -115.2131904, 36.2438955 ], [ -115.2131958, 36.2438955 ], [ -115.2131958, 36.2438982 ], [ -115.2132336, 36.2438982 ], [ -115.2132336, 36.2439009 ], [ -115.2132444, 36.2439009 ], [ -115.2132444, 36.2439036 ], [ -115.213266, 36.2439036 ], [ -115.213266, 36.2439063 ], [ -115.2132687, 36.2439063 ], [ -115.2132687, 36.243909 ], [ -115.2132714, 36.243909 ], [ -115.2132714, 36.2439117 ], [ -115.2132741, 36.2439117 ], [ -115.2132741, 36.2440224 ], [ -115.2132714, 36.2440224 ], [ -115.2132714, 36.2440251 ], [ -115.2132471, 36.2440251 ], [ -115.2132471, 36.2440278 ], [ -115.213239, 36.2440278 ], [ -115.213239, 36.2440305 ], [ -115.2132363, 36.2440305 ], [ -115.2132363, 36.2440413 ], [ -115.2132336, 36.2440413 ], [ -115.2132336, 36.244044 ], [ -115.2132228, 36.244044 ], [ -115.2132228, 36.2440413 ], [ -115.2132174, 36.2440413 ], [ -115.2132174, 36.2440386 ], [ -115.213212, 36.2440386 ], [ -115.213212, 36.2440359 ], [ -115.2132093, 36.2440359 ], [ -115.2132093, 36.2440386 ], [ -115.2132066, 36.2440386 ], [ -115.2132066, 36.2440413 ], [ -115.2132039, 36.2440413 ], [ -115.2132039, 36.244044 ], [ -115.2131742, 36.244044 ], [ -115.2131742, 36.2440413 ], [ -115.2131661, 36.2440413 ], [ -115.2131661, 36.244044 ], [ -115.2131607, 36.244044 ], [ -115.2131607, 36.2440467 ] ] ] } },
{ "type": "Feature", "properties": { "value": 255.0 }, "geometry": { "type": "Polygon", "coordinates": [ [ [ -115.2128826, 36.2440467 ], [ -115.2128583, 36.2440467 ], [ -115.2128583, 36.244044 ], [ -115.2128475, 36.244044 ], [ -115.2128475, 36.2440413 ], [ -115.2128448, 36.2440413 ], [ -115.2128448, 36.2440386 ], [ -115.2128421, 36.2440386 ], [ -115.2128421, 36.2440251 ], [ -115.2128394, 36.2440251 ], [ -115.2128394, 36.243963 ], [ -115.2128367, 36.243963 ], [ -115.2128367, 36.2439414 ], [ -115.212834, 36.2439414 ], [ -115.212834, 36.2439225 ], [ -115.2128313, 36.2439225 ], [ -115.2128313, 36.2439144 ], [ -115.212834, 36.2439144 ], [ -115.212834, 36.2439063 ], [ -115.2128367, 36.2439063 ], [ -115.2128367, 36.2439036 ], [ -115.2128421, 36.2439036 ], [ -115.2128421, 36.2439009 ], [ -115.2128475, 36.2439009 ], [ -115.2128475, 36.2438982 ], [ -115.2128556, 36.2438982 ], [ -115.2128556, 36.2438955 ], [ -115.2128745, 36.2438955 ], [ -115.2128745, 36.2438928 ], [ -115.2128934, 36.2438928 ], [ -115.2128934, 36.2438955 ], [ -115.2128988, 36.2438955 ], [ -115.2128988, 36.2438982 ], [ -115.2129042, 36.2438982 ], [ -115.2129042, 36.2439009 ], [ -115.2129069, 36.2439009 ], [ -115.2129069, 36.2438982 ], [ -115.2129096, 36.2438982 ], [ -115.2129096, 36.2438928 ], [ -115.2129123, 36.2438928 ], [ -115.2129123, 36.2438793 ], [ -115.212915, 36.2438793 ], [ -115.212915, 36.2438739 ], [ -115.2129177, 36.2438739 ], [ -115.2129177, 36.2438712 ], [ -115.2129258, 36.2438712 ], [ -115.2129258, 36.2438685 ], [ -115.2129717, 36.2438685 ], [ -115.2129717, 36.2438658 ], [ -115.2130203, 36.2438658 ], [ -115.2130203, 36.2438739 ], [ -115.213023, 36.2438739 ], [ -115.213023, 36.2438874 ], [ -115.2130257, 36.2438874 ], [ -115.2130257, 36.2439144 ], [ -115.2130284, 36.2439144 ], [ -115.2130284, 36.243936 ], [ -115.2130257, 36.243936 ], [ -115.2130257, 36.2439387 ], [ -115.213023, 36.2439387 ], [ -115.213023, 36.2439414 ], [ -115.2130041, 36.2439414 ], [ -115.2130041, 36.2439441 ], [ -115.2129987, 36.2439441 ], [ -115.2129987, 36.2439468 ], [ -115.212996, 36.2439468 ], [ -115.212996, 36.2440143 ], [ -115.2129933, 36.2440143 ], [ -115.2129933, 36.244017 ], [ -115.2129609, 36.244017 ], [ -115.2129609, 36.2440197 ], [ -115.2129123, 36.2440197 ], [ -115.2129123, 36.2440224 ], [ -115.2128934, 36.2440224 ], [ -115.2128934, 36.2440251 ], [ -115.2128907, 36.2440251 ], [ -115.2128907, 36.2440413 ], [ -115.212888, 36.2440413 ], [ -115.212888, 36.244044 ], [ -115.2128826, 36.244044 ], [ -115.2128826, 36.2440467 ] ] ] } },
{ "type": "Feature", "properties": { "value": 255.0 }, "geometry": { "type": "Polygon", "coordinates": [ [ [ -115.2127962, 36.2440089 ], [ -115.2127665, 36.2440089 ], [ -115.2127665, 36.2440062 ], [ -115.2127611, 36.2440062 ], [ -115.2127611, 36.2440089 ], [ -115.2127557, 36.2440089 ], [ -115.2127557, 36.2440062 ], [ -115.2127503, 36.2440062 ], [ -115.2127503, 36.2440035 ], [ -115.2127476, 36.2440035 ], [ -115.2127476, 36.2438685 ], [ -115.212753, 36.2438685 ], [ -115.212753, 36.2438712 ], [ -115.2127557, 36.2438712 ], [ -115.2127557, 36.2438766 ], [ -115.2127584, 36.2438766 ], [ -115.2127584, 36.2438847 ], [ -115.2127611, 36.2438847 ], [ -115.2127611, 36.2438982 ], [ -115.2127584, 36.2438982 ], [ -115.2127584, 36.2439063 ], [ -115.2127557, 36.2439063 ], [ -115.2127557, 36.243909 ], [ -115.2127584, 36.243909 ], [ -115.2127584, 36.2439171 ], [ -115.2127638, 36.2439171 ], [ -115.2127638, 36.2439198 ], [ -115.2127719, 36.2439198 ], [ -115.2127719, 36.2439225 ], [ -115.2127746, 36.2439225 ], [ -115.2127746, 36.2439252 ], [ -115.2127773, 36.2439252 ], [ -115.2127773, 36.2439306 ], [ -115.21278, 36.2439306 ], [ -115.21278, 36.243936 ], [ -115.2127827, 36.243936 ], [ -115.2127827, 36.2439441 ], [ -115.2127854, 36.2439441 ], [ -115.2127854, 36.2439495 ], [ -115.2127881, 36.2439495 ], [ -115.2127881, 36.2439603 ], [ -115.2127908, 36.2439603 ], [ -115.2127908, 36.2439711 ], [ -115.2127935, 36.2439711 ], [ -115.2127935, 36.2439792 ], [ -115.2127962, 36.2439792 ], [ -115.2127962, 36.2439873 ], [ -115.2127989, 36.2439873 ], [ -115.2127989, 36.2440035 ], [ -115.2127962, 36.2440035 ], [ -115.2127962, 36.2440089 ] ] ] } },
{ "type": "Feature", "properties": { "value": 255.0 }, "geometry": { "type": "Polygon", "coordinates": [ [ [ -115.2134523, 36.2440278 ], [ -115.213374, 36.2440278 ], [ -115.213374, 36.2440251 ], [ -115.2133686, 36.2440251 ], [ -115.2133686, 36.244017 ], [ -115.2133659, 36.244017 ], [ -115.2133659, 36.2439981 ], [ -115.2133632, 36.2439981 ], [ -115.2133632, 36.2439927 ], [ -115.2133605, 36.2439927 ], [ -115.2133605, 36.2439846 ], [ -115.2133578, 36.2439846 ], [ -115.2133578, 36.243963 ], [ -115.2133605, 36.243963 ], [ -115.2133605, 36.2439522 ], [ -115.2133632, 36.2439522 ], [ -115.2133632, 36.243936 ], [ -115.2133659, 36.243936 ], [ -115.2133659, 36.2439279 ], [ -115.2133686, 36.2439279 ], [ -115.2133686, 36.2439252 ], [ -115.2133713, 36.2439252 ], [ -115.2133713, 36.2439225 ], [ -115.213374, 36.2439225 ], [ -115.213374, 36.2439171 ], [ -115.2133767, 36.2439171 ], [ -115.2133767, 36.2439144 ], [ -115.2133794, 36.2439144 ], [ -115.2133794, 36.243909 ], [ -115.2133821, 36.243909 ], [ -115.2133821, 36.2439063 ], [ -115.2133848, 36.2439063 ], [ -115.2133848, 36.2439009 ], [ -115.2133875, 36.2439009 ], [ -115.2133875, 36.2438955 ], [ -115.2133929, 36.2438955 ], [ -115.2133929, 36.2438928 ], [ -115.2133956, 36.2438928 ], [ -115.2133956, 36.2438901 ], [ -115.2133983, 36.2438901 ], [ -115.2133983, 36.2438847 ], [ -115.213401, 36.2438847 ], [ -115.213401, 36.2438577 ], [ -115.2134037, 36.2438577 ], [ -115.2134037, 36.2438523 ], [ -115.2134091, 36.2438523 ], [ -115.2134091, 36.2438496 ], [ -115.2134145, 36.2438496 ], [ -115.2134145, 36.2438469 ], [ -115.2134226, 36.2438469 ], [ -115.2134226, 36.2438496 ], [ -115.2134334, 36.2438496 ], [ -115.2134334, 36.2438523 ], [ -115.2134496, 36.2438523 ], [ -115.2134496, 36.2438496 ], [ -115.2134685, 36.2438496 ], [ -115.2134685, 36.2438469 ], [ -115.2134901, 36.2438469 ], [ -115.2134901, 36.2438496 ], [ -115.2134928, 36.2438496 ], [ -115.2134928, 36.2438982 ], [ -115.2134955, 36.2438982 ], [ -115.2134955, 36.2439198 ], [ -115.2134982, 36.2439198 ], [ -115.2134982, 36.2439414 ], [ -115.2135009, 36.2439414 ], [ -115.2135009, 36.2439657 ], [ -115.2135036, 36.2439657 ], [ -115.2135036, 36.2439954 ], [ -115.2135063, 36.2439954 ], [ -115.2135063, 36.244017 ], [ -115.2135036, 36.244017 ], [ -115.2135036, 36.2440197 ], [ -115.2134982, 36.2440197 ], [ -115.2134982, 36.2440224 ], [ -115.2134685, 36.2440224 ], [ -115.2134685, 36.2440251 ], [ -115.2134523, 36.2440251 ], [ -115.2134523, 36.2440278 ] ] ] } },
{ "type": "Feature", "properties": { "value": 255.0 }, "geometry": { "type": "Polygon", "coordinates": [ [ [ -115.213698, 36.2440089 ], [ -115.2136872, 36.2440089 ], [ -115.2136872, 36.2440062 ], [ -115.2136818, 36.2440062 ], [ -115.2136818, 36.2440035 ], [ -115.2136791, 36.2440035 ], [ -115.2136791, 36.2440008 ], [ -115.2136764, 36.2440008 ], [ -115.2136764, 36.2439954 ], [ -115.2136737, 36.2439954 ], [ -115.2136737, 36.2439927 ], [ -115.213671, 36.2439927 ], [ -115.213671, 36.24399 ], [ -115.2135684, 36.24399 ], [ -115.2135684, 36.2439873 ], [ -115.2135657, 36.2439873 ], [ -115.2135657, 36.2439846 ], [ -115.213563, 36.2439846 ], [ -115.213563, 36.2439549 ], [ -115.2135657, 36.2439549 ], [ -115.2135657, 36.2439252 ], [ -115.213563, 36.2439252 ], [ -115.213563, 36.2439225 ], [ -115.2135576, 36.2439225 ], [ -115.2135576, 36.2439198 ], [ -115.2135225, 36.2439198 ], [ -115.2135225, 36.243909 ], [ -115.2135198, 36.243909 ], [ -115.2135198, 36.2438901 ], [ -115.2135171, 36.2438901 ], [ -115.2135171, 36.2438793 ], [ -115.2135144, 36.2438793 ], [ -115.2135144, 36.2438442 ], [ -115.2135171, 36.2438442 ], [ -115.2135171, 36.2438415 ], [ -115.2135198, 36.2438415 ], [ -115.2135198, 36.2438388 ], [ -115.2135495, 36.2438388 ], [ -115.2135495, 36.2438361 ], [ -115.2135576, 36.2438361 ], [ -115.2135576, 36.2438388 ], [ -115.2135846, 36.2438388 ], [ -115.2135846, 36.2438415 ], [ -115.2135981, 36.2438415 ], [ -115.2135981, 36.2438442 ], [ -115.2136116, 36.2438442 ], [ -115.2136116, 36.2438469 ], [ -115.213617, 36.2438469 ], [ -115.213617, 36.2438496 ], [ -115.2136224, 36.2438496 ], [ -115.2136224, 36.2438523 ], [ -115.2136251, 36.2438523 ], [ -115.2136251, 36.243855 ], [ -115.2136278, 36.243855 ], [ -115.2136278, 36.2438577 ], [ -115.2136332, 36.2438577 ], [ -115.2136332, 36.2438604 ], [ -115.2136359, 36.2438604 ], [ -115.2136359, 36.2438631 ], [ -115.2136386, 36.2438631 ], [ -115.2136386, 36.2438658 ], [ -115.213644, 36.2438658 ], [ -115.213644, 36.2438685 ], [ -115.2136494, 36.2438685 ], [ -115.2136494, 36.2438658 ], [ -115.2136845, 36.2438658 ], [ -115.2136845, 36.2438631 ], [ -115.2137061, 36.2438631 ], [ -115.2137061, 36.2438658 ], [ -115.2137115, 36.2438658 ], [ -115.2137115, 36.2438685 ], [ -115.2137142, 36.2438685 ], [ -115.2137142, 36.243882 ], [ -115.2137169, 36.243882 ], [ -115.2137169, 36.2439117 ], [ -115.2137196, 36.2439117 ], [ -115.2137196, 36.243936 ], [ -115.2137223, 36.243936 ], [ -115.2137223, 36.2439846 ], [ -115.213725, 36.2439846 ], [ -115.213725, 36.2439981 ], [ -115.2137223, 36.2439981 ], [ -115.2137223, 36.2440035 ], [ -115.2137169, 36.2440035 ], [ -115.2137169, 36.2440062 ], [ -115.213698, 36.2440062 ], [ -115.213698, 36.2440089 ] ] ] } },
{ "type": "Feature", "properties": { "value": 255.0 }, "geometry": { "type": "Polygon", "coordinates": [ [ [ -115.2138087, 36.2440116 ], [ -115.2137979, 36.2440116 ], [ -115.2137979, 36.2440089 ], [ -115.2137925, 36.2440089 ], [ -115.2137925, 36.2440062 ], [ -115.2137898, 36.2440062 ], [ -115.2137898, 36.2440035 ], [ -115.2137871, 36.2440035 ], [ -115.2137871, 36.2440008 ], [ -115.2137817, 36.2440008 ], [ -115.2137817, 36.2439981 ], [ -115.2137736, 36.2439981 ], [ -115.2137736, 36.2439954 ], [ -115.2137682, 36.2439954 ], [ -115.2137682, 36.2439927 ], [ -115.2137655, 36.2439927 ], [ -115.2137655, 36.24399 ], [ -115.2137628, 36.24399 ], [ -115.2137628, 36.2439819 ], [ -115.2137601, 36.2439819 ], [ -115.2137601, 36.2439441 ], [ -115.2137574, 36.2439441 ], [ -115.2137574, 36.2439387 ], [ -115.2137547, 36.2439387 ], [ -115.2137547, 36.243936 ], [ -115.213752, 36.243936 ], [ -115.213752, 36.243909 ], [ -115.2137493, 36.243909 ], [ -115.2137493, 36.2438874 ], [ -115.2137466, 36.2438874 ], [ -115.2137466, 36.2438685 ], [ -115.2137493, 36.2438685 ], [ -115.2137493, 36.2438658 ], [ -115.213752, 36.2438658 ], [ -115.213752, 36.2438631 ], [ -115.2137736, 36.2438631 ], [ -115.2137736, 36.2438604 ], [ -115.213779, 36.2438604 ], [ -115.213779, 36.243855 ], [ -115.2137817, 36.243855 ], [ -115.2137817, 36.2438523 ], [ -115.2137844, 36.2438523 ], [ -115.2137844, 36.2438496 ], [ -115.2137898, 36.2438496 ], [ -115.2137898, 36.2438469 ], [ -115.2138033, 36.2438469 ], [ -115.2138033, 36.2438442 ], [ -115.2138195, 36.2438442 ], [ -115.2138195, 36.2438415 ], [ -115.2138222, 36.2438415 ], [ -115.2138222, 36.2438388 ], [ -115.2138249, 36.2438388 ], [ -115.2138249, 36.2438145 ], [ -115.2138303, 36.2438145 ], [ -115.2138303, 36.2438118 ], [ -115.2138411, 36.2438118 ], [ -115.2138411, 36.2438091 ], [ -115.2138573, 36.2438091 ], [ -115.2138573, 36.2438064 ], [ -115.2138897, 36.2438064 ], [ -115.2138897, 36.2438037 ], [ -115.2139302, 36.2438037 ], [ -115.2139302, 36.2438064 ], [ -115.2139356, 36.2438064 ], [ -115.2139356, 36.2438361 ], [ -115.2139383, 36.2438361 ], [ -115.2139383, 36.2438469 ], [ -115.213941, 36.2438469 ], [ -115.213941, 36.2438577 ], [ -115.2139383, 36.2438577 ], [ -115.2139383, 36.2438604 ], [ -115.2139329, 36.2438604 ], [ -115.2139329, 36.2438631 ], [ -115.2139275, 36.2438631 ], [ -115.2139275, 36.2438685 ], [ -115.2139248, 36.2438685 ], [ -115.2139248, 36.2438793 ], [ -115.2139275, 36.2438793 ], [ -115.2139275, 36.2438955 ], [ -115.2139302, 36.2438955 ], [ -115.2139302, 36.243909 ], [ -115.2139329, 36.243909 ], [ -115.2139329, 36.2439198 ], [ -115.2139356, 36.2439198 ], [ -115.2139356, 36.2439252 ], [ -115.2139383, 36.2439252 ], [ -115.2139383, 36.2439549 ], [ -115.213941, 36.2439549 ], [ -115.213941, 36.2439738 ], [ -115.2139437, 36.2439738 ], [ -115.2139437, 36.2439819 ], [ -115.2139464, 36.2439819 ], [ -115.2139464, 36.2439927 ], [ -115.2139437, 36.2439927 ], [ -115.2139437, 36.2439954 ], [ -115.2139302, 36.2439954 ], [ -115.2139302, 36.2439927 ], [ -115.2139275, 36.2439927 ], [ -115.2139275, 36.2439954 ], [ -115.2139086, 36.2439954 ], [ -115.2139086, 36.2439981 ], [ -115.2138951, 36.2439981 ], [ -115.2138951, 36.2439954 ], [ -115.213887, 36.2439954 ], [ -115.213887, 36.2439927 ], [ -115.21386, 36.2439927 ], [ -115.21386, 36.24399 ], [ -115.2138519, 36.24399 ], [ -115.2138519, 36.2439873 ], [ -115.2138357, 36.2439873 ], [ -115.2138357, 36.24399 ], [ -115.213833, 36.24399 ], [ -115.213833, 36.2439927 ], [ -115.2138303, 36.2439927 ], [ -115.2138303, 36.2439954 ], [ -115.2138276, 36.2439954 ], [ -115.2138276, 36.2440008 ], [ -115.2138249, 36.2440008 ], [ -115.2138249, 36.2440035 ], [ -115.2138222, 36.2440035 ], [ -115.2138222, 36.2440062 ], [ -115.2138168, 36.2440062 ], [ -115.2138168, 36.2440089 ], [ -115.2138087, 36.2440089 ], [ -115.2138087, 36.2440116 ] ] ] } },
{ "type": "Feature", "properties": { "value": 255.0 }, "geometry": { "type": "Polygon", "coordinates": [ [ [ -115.2140544, 36.243963 ], [ -115.2140409, 36.243963 ], [ -115.2140409, 36.2439603 ], [ -115.2140355, 36.2439603 ], [ -115.2140355, 36.2439522 ], [ -115.2140328, 36.2439522 ], [ -115.2140328, 36.243936 ], [ -115.2140301, 36.243936 ], [ -115.2140301, 36.2439279 ], [ -115.2140274, 36.2439279 ], [ -115.2140274, 36.2439171 ], [ -115.2140247, 36.2439171 ], [ -115.2140247, 36.2439009 ], [ -115.214022, 36.2439009 ], [ -115.214022, 36.2438847 ], [ -115.2140193, 36.2438847 ], [ -115.2140193, 36.2438712 ], [ -115.2140166, 36.2438712 ], [ -115.2140166, 36.2438604 ], [ -115.2140139, 36.2438604 ], [ -115.2140139, 36.2438577 ], [ -115.2140112, 36.2438577 ], [ -115.2140112, 36.243855 ], [ -115.2139923, 36.243855 ], [ -115.2139923, 36.2438577 ], [ -115.2139815, 36.2438577 ], [ -115.2139815, 36.243855 ], [ -115.2139788, 36.243855 ], [ -115.2139788, 36.2438523 ], [ -115.2139761, 36.2438523 ], [ -115.2139761, 36.2438415 ], [ -115.2139734, 36.2438415 ], [ -115.2139734, 36.2438388 ], [ -115.2139707, 36.2438388 ], [ -115.2139707, 36.2438361 ], [ -115.2139653, 36.2438361 ], [ -115.2139653, 36.2438334 ], [ -115.2139626, 36.2438334 ], [ -115.2139626, 36.243828 ], [ -115.2139599, 36.243828 ], [ -115.2139599, 36.2438037 ], [ -115.2139626, 36.2438037 ], [ -115.2139626, 36.2437983 ], [ -115.2139653, 36.2437983 ], [ -115.2139653, 36.2437956 ], [ -115.2139707, 36.2437956 ], [ -115.2139707, 36.2437929 ], [ -115.2139842, 36.2437929 ], [ -115.2139842, 36.2437902 ], [ -115.2139977, 36.2437902 ], [ -115.2139977, 36.2437875 ], [ -115.2140166, 36.2437875 ], [ -115.2140166, 36.2437848 ], [ -115.2140328, 36.2437848 ], [ -115.2140328, 36.2437821 ], [ -115.2140517, 36.2437821 ], [ -115.2140517, 36.2437794 ], [ -115.2140544, 36.2437794 ], [ -115.2140544, 36.2437821 ], [ -115.2140625, 36.2437821 ], [ -115.2140625, 36.2437902 ], [ -115.2140652, 36.2437902 ], [ -115.2140652, 36.2437956 ], [ -115.2140706, 36.2437956 ], [ -115.2140706, 36.2437983 ], [ -115.2141057, 36.2437983 ], [ -115.2141057, 36.243801 ], [ -115.2141138, 36.243801 ], [ -115.2141138, 36.2438037 ], [ -115.2141192, 36.2438037 ], [ -115.2141192, 36.2438064 ], [ -115.2141381, 36.2438064 ], [ -115.2141381, 36.2438091 ], [ -115.2141435, 36.2438091 ], [ -115.2141435, 36.2438199 ], [ -115.2141462, 36.2438199 ], [ -115.2141462, 36.2438415 ], [ -115.2141489, 36.2438415 ], [ -115.2141489, 36.2438577 ], [ -115.2141516, 36.2438577 ], [ -115.2141516, 36.2438955 ], [ -115.2141543, 36.2438955 ], [ -115.2141543, 36.2438982 ], [ -115.2141597, 36.2438982 ], [ -115.2141597, 36.2439009 ], [ -115.2141651, 36.2439009 ], [ -115.2141651, 36.2439117 ], [ -115.2141678, 36.2439117 ], [ -115.2141678, 36.2439225 ], [ -115.2141705, 36.2439225 ], [ -115.2141705, 36.2439306 ], [ -115.2141732, 36.2439306 ], [ -115.2141732, 36.2439387 ], [ -115.2141705, 36.2439387 ], [ -115.2141705, 36.2439414 ], [ -115.2141678, 36.2439414 ], [ -115.2141678, 36.2439441 ], [ -115.2141597, 36.2439441 ], [ -115.2141597, 36.2439468 ], [ -115.2141543, 36.2439468 ], [ -115.2141543, 36.2439495 ], [ -115.2141462, 36.2439495 ], [ -115.2141462, 36.2439522 ], [ -115.2141381, 36.2439522 ], [ -115.2141381, 36.2439549 ], [ -115.2141219, 36.2439549 ], [ -115.2141219, 36.2439576 ], [ -115.2140922, 36.2439576 ], [ -115.2140922, 36.2439603 ], [ -115.2140544, 36.2439603 ], [ -115.2140544, 36.243963 ] ] ] } },
{ "type": "Feature", "properties": { "value": 255.0 }, "geometry": { "type": "Polygon", "coordinates": [ [ [ -115.2142434, 36.2439387 ], [ -115.2142326, 36.2439387 ], [ -115.2142326, 36.243936 ], [ -115.2142191, 36.243936 ], [ -115.2142191, 36.2439333 ], [ -115.2142164, 36.2439333 ], [ -115.2142164, 36.2439306 ], [ -115.2142137, 36.2439306 ], [ -115.2142137, 36.2439225 ], [ -115.214211, 36.2439225 ], [ -115.214211, 36.2439144 ], [ -115.2142083, 36.2439144 ], [ -115.2142083, 36.2439063 ], [ -115.2142056, 36.2439063 ], [ -115.2142056, 36.2438928 ], [ -115.2142029, 36.2438928 ], [ -115.2142029, 36.2438901 ], [ -115.2142002, 36.2438901 ], [ -115.2142002, 36.243882 ], [ -115.2141975, 36.243882 ], [ -115.2141975, 36.2438604 ], [ -115.2141948, 36.2438604 ], [ -115.2141948, 36.2438496 ], [ -115.2141921, 36.2438496 ], [ -115.2141921, 36.2438415 ], [ -115.2141894, 36.2438415 ], [ -115.2141894, 36.2438307 ], [ -115.2141867, 36.2438307 ], [ -115.2141867, 36.2438037 ], [ -115.2141894, 36.2438037 ], [ -115.2141894, 36.2437983 ], [ -115.2141921, 36.2437983 ], [ -115.2141921, 36.2437929 ], [ -115.2141948, 36.2437929 ], [ -115.2141948, 36.2437902 ], [ -115.2142002, 36.2437902 ], [ -115.2142002, 36.2437875 ], [ -115.2142245, 36.2437875 ], [ -115.2142245, 36.2437848 ], [ -115.2142353, 36.2437848 ], [ -115.2142353, 36.2437875 ], [ -115.2142542, 36.2437875 ], [ -115.2142542, 36.2437848 ], [ -115.2142569, 36.2437848 ], [ -115.2142569, 36.243774 ], [ -115.2142542, 36.243774 ], [ -115.2142542, 36.2437578 ], [ -115.2142569, 36.2437578 ], [ -115.2142569, 36.2437551 ], [ -115.2142758, 36.2437551 ], [ -115.2142758, 36.2437524 ], [ -115.2142839, 36.2437524 ], [ -115.2142839, 36.2437497 ], [ -115.2142893, 36.2437497 ], [ -115.2142893, 36.243747 ], [ -115.2142947, 36.243747 ], [ -115.2142947, 36.2437443 ], [ -115.2143028, 36.2437443 ], [ -115.2143028, 36.2437416 ], [ -115.2143082, 36.2437416 ], [ -115.2143082, 36.2437389 ], [ -115.2143217, 36.2437389 ], [ -115.2143217, 36.2437362 ], [ -115.2143352, 36.2437362 ], [ -115.2143352, 36.2437335 ], [ -115.2143595, 36.2437335 ], [ -115.2143595, 36.2437362 ], [ -115.2143649, 36.2437362 ], [ -115.2143649, 36.2437389 ], [ -115.2143676, 36.2437389 ], [ -115.2143676, 36.2437443 ], [ -115.2143703, 36.2437443 ], [ -115.2143703, 36.2437551 ], [ -115.2143649, 36.2437551 ], [ -115.2143649, 36.2437578 ], [ -115.2143676, 36.2437578 ], [ -115.2143676, 36.2437686 ], [ -115.2143703, 36.2437686 ], [ -115.2143703, 36.2437848 ], [ -115.214373, 36.2437848 ], [ -115.214373, 36.2437956 ], [ -115.2143757, 36.2437956 ], [ -115.2143757, 36.2438091 ], [ -115.2143703, 36.2438091 ], [ -115.2143703, 36.2438118 ], [ -115.2143649, 36.2438118 ], [ -115.2143649, 36.2438145 ], [ -115.2143568, 36.2438145 ], [ -115.2143568, 36.2438172 ], [ -115.2143514, 36.2438172 ], [ -115.2143514, 36.2438334 ], [ -115.2143541, 36.2438334 ], [ -115.2143541, 36.2438523 ], [ -115.2143568, 36.2438523 ], [ -115.2143568, 36.2438631 ], [ -115.2143595, 36.2438631 ], [ -115.2143595, 36.2438685 ], [ -115.2143622, 36.2438685 ], [ -115.2143622, 36.2438766 ], [ -115.2143649, 36.2438766 ], [ -115.2143649, 36.2438847 ], [ -115.2143622, 36.2438847 ], [ -115.2143622, 36.2438874 ], [ -115.2143595, 36.2438874 ], [ -115.2143595, 36.2438901 ], [ -115.2143487, 36.2438901 ], [ -115.2143487, 36.2438928 ], [ -115.2143298, 36.2438928 ], [ -115.2143298, 36.2438955 ], [ -115.2143163, 36.2438955 ], [ -115.2143163, 36.2438982 ], [ -115.2143055, 36.2438982 ], [ -115.2143055, 36.2439009 ], [ -115.214292, 36.2439009 ], [ -115.214292, 36.2439036 ], [ -115.2142812, 36.2439036 ], [ -115.2142812, 36.2439063 ], [ -115.2142704, 36.2439063 ], [ -115.2142704, 36.243909 ], [ -115.2142677, 36.243909 ], [ -115.2142677, 36.2439117 ], [ -115.214265, 36.2439117 ], [ -115.214265, 36.2439225 ], [ -115.2142677, 36.2439225 ], [ -115.2142677, 36.2439306 ], [ -115.214265, 36.2439306 ], [ -115.214265, 36.2439333 ], [ -115.2142623, 36.2439333 ], [ -115.2142623, 36.243936 ], [ -115.2142434, 36.243936 ], [ -115.2142434, 36.2439387 ] ] ] } },
{ "type": "Feature", "properties": { "value": 255.0 }, "geometry": { "type": "Polygon", "coordinates": [ [ [ -115.2144945, 36.2438874 ], [ -115.2144837, 36.2438874 ], [ -115.2144837, 36.2438847 ], [ -115.2144783, 36.2438847 ], [ -115.2144783, 36.2438793 ], [ -115.2144756, 36.2438793 ], [ -115.2144756, 36.2438685 ], [ -115.2144729, 36.2438685 ], [ -115.2144729, 36.2438577 ], [ -115.2144702, 36.2438577 ], [ -115.2144702, 36.2438469 ], [ -115.2144675, 36.2438469 ], [ -115.2144675, 36.2438361 ], [ -115.2144648, 36.2438361 ], [ -115.2144648, 36.243828 ], [ -115.2144621, 36.243828 ], [ -115.2144621, 36.2438199 ], [ -115.21445940000001, 36.2438199 ], [ -115.21445940000001, 36.2438118 ], [ -115.2144567, 36.2438118 ], [ -115.2144567, 36.2438037 ], [ -115.214454, 36.2438037 ], [ -115.214454, 36.2437902 ], [ -115.2144513, 36.2437902 ], [ -115.2144513, 36.2437848 ], [ -115.2144486, 36.2437848 ], [ -115.2144486, 36.2437821 ], [ -115.2144243, 36.2437821 ], [ -115.2144243, 36.2437848 ], [ -115.2144162, 36.2437848 ], [ -115.2144162, 36.2437821 ], [ -115.2144108, 36.2437821 ], [ -115.2144108, 36.2437767 ], [ -115.2144081, 36.2437767 ], [ -115.2144081, 36.2437686 ], [ -115.2144054, 36.2437686 ], [ -115.2144054, 36.2437605 ], [ -115.2144027, 36.2437605 ], [ -115.2144027, 36.2437551 ], [ -115.2143973, 36.2437551 ], [ -115.2143973, 36.2437524 ], [ -115.2143946, 36.2437524 ], [ -115.2143946, 36.2437335 ], [ -115.21439190000001, 36.2437335 ], [ -115.21439190000001, 36.2437281 ], [ -115.2143946, 36.2437281 ], [ -115.2143946, 36.2437227 ], [ -115.2144, 36.2437227 ], [ -115.2144, 36.24372 ], [ -115.2144108, 36.24372 ], [ -115.2144108, 36.2437173 ], [ -115.2144189, 36.2437173 ], [ -115.2144189, 36.2437146 ], [ -115.2144297, 36.2437146 ], [ -115.2144297, 36.2437119 ], [ -115.2144432, 36.2437119 ], [ -115.2144432, 36.2437092 ], [ -115.2144756, 36.2437092 ], [ -115.2144756, 36.2437119 ], [ -115.2144864, 36.2437119 ], [ -115.2144864, 36.2437146 ], [ -115.2144972, 36.2437146 ], [ -115.2144972, 36.2437173 ], [ -115.2145026, 36.2437173 ], [ -115.2145026, 36.2438847 ], [ -115.2144945, 36.2438847 ], [ -115.2144945, 36.2438874 ] ] ] } },
{ "type": "Feature", "properties": { "value": 255.0 }, "geometry": { "type": "Polygon", "coordinates": [ [ [ -115.2131121, 36.243612 ], [ -115.2130446, 36.243612 ], [ -115.2130446, 36.2436066 ], [ -115.2130419, 36.2436066 ], [ -115.2130419, 36.2435526 ], [ -115.2130392, 36.2435526 ], [ -115.2130392, 36.2435148 ], [ -115.2130365, 36.2435148 ], [ -115.2130365, 36.2434527 ], [ -115.2130392, 36.2434527 ], [ -115.2130392, 36.2434473 ], [ -115.2130608, 36.2434473 ], [ -115.2130608, 36.2434446 ], [ -115.2130824, 36.2434446 ], [ -115.2130824, 36.2434419 ], [ -115.2131013, 36.2434419 ], [ -115.2131013, 36.2434392 ], [ -115.213131, 36.2434392 ], [ -115.213131, 36.2434365 ], [ -115.2131634, 36.2434365 ], [ -115.2131634, 36.2434392 ], [ -115.213185, 36.2434392 ], [ -115.213185, 36.2434419 ], [ -115.2131931, 36.2434419 ], [ -115.2131931, 36.2434392 ], [ -115.2132039, 36.2434392 ], [ -115.2132039, 36.2434419 ], [ -115.2132066, 36.2434419 ], [ -115.2132066, 36.2434446 ], [ -115.2132093, 36.2434446 ], [ -115.2132093, 36.243477 ], [ -115.213212, 36.243477 ], [ -115.213212, 36.243504 ], [ -115.2132147, 36.243504 ], [ -115.2132147, 36.2435553 ], [ -115.213212, 36.2435553 ], [ -115.213212, 36.2435607 ], [ -115.2131985, 36.2435607 ], [ -115.2131985, 36.2435634 ], [ -115.2131796, 36.2435634 ], [ -115.2131796, 36.2435769 ], [ -115.2131769, 36.2435769 ], [ -115.2131769, 36.2435823 ], [ -115.2131742, 36.2435823 ], [ -115.2131742, 36.243585 ], [ -115.213131, 36.243585 ], [ -115.213131, 36.2436039 ], [ -115.2131283, 36.2436039 ], [ -115.2131283, 36.2436066 ], [ -115.2131229, 36.2436066 ], [ -115.2131229, 36.2436093 ], [ -115.2131121, 36.2436093 ], [ -115.2131121, 36.243612 ] ] ] } },
{ "type": "Feature", "properties": { "value": 255.0 }, "geometry": { "type": "Polygon", "coordinates": [ [ [ -115.2129258, 36.2436147 ], [ -115.2128826, 36.2436147 ], [ -115.2128826, 36.243612 ], [ -115.2128799, 36.243612 ], [ -115.2128799, 36.2436039 ], [ -115.2128772, 36.2436039 ], [ -115.2128772, 36.2435958 ], [ -115.2128745, 36.2435958 ], [ -115.2128745, 36.2435931 ], [ -115.2128583, 36.2435931 ], [ -115.2128583, 36.2435958 ], [ -115.2128394, 36.2435958 ], [ -115.2128394, 36.2435931 ], [ -115.212834, 36.2435931 ], [ -115.212834, 36.2435823 ], [ -115.2128313, 36.2435823 ], [ -115.2128313, 36.2435769 ], [ -115.2128286, 36.2435769 ], [ -115.2128286, 36.2435742 ], [ -115.2127962, 36.2435742 ], [ -115.2127962, 36.2435715 ], [ -115.2127935, 36.2435715 ], [ -115.2127935, 36.2435688 ], [ -115.2127908, 36.2435688 ], [ -115.2127908, 36.2435337 ], [ -115.2127881, 36.2435337 ], [ -115.2127881, 36.2435202 ], [ -115.2127854, 36.2435202 ], [ -115.2127854, 36.2434797 ], [ -115.2127827, 36.2434797 ], [ -115.2127827, 36.2434662 ], [ -115.21278, 36.2434662 ], [ -115.21278, 36.2434581 ], [ -115.2127827, 36.2434581 ], [ -115.2127827, 36.2434527 ], [ -115.2127854, 36.2434527 ], [ -115.2127854, 36.24345 ], [ -115.2127881, 36.24345 ], [ -115.2127881, 36.2434392 ], [ -115.2127854, 36.2434392 ], [ -115.2127854, 36.2434284 ], [ -115.2128043, 36.2434284 ], [ -115.2128043, 36.2434257 ], [ -115.2128178, 36.2434257 ], [ -115.2128178, 36.2434284 ], [ -115.2128232, 36.2434284 ], [ -115.2128232, 36.2434311 ], [ -115.2128367, 36.2434311 ], [ -115.2128367, 36.2434365 ], [ -115.2128394, 36.2434365 ], [ -115.2128394, 36.2434473 ], [ -115.2128421, 36.2434473 ], [ -115.2128421, 36.24345 ], [ -115.212861, 36.24345 ], [ -115.212861, 36.2434473 ], [ -115.2128691, 36.2434473 ], [ -115.2128691, 36.2434446 ], [ -115.2128799, 36.2434446 ], [ -115.2128799, 36.2434419 ], [ -115.2129177, 36.2434419 ], [ -115.2129177, 36.2434446 ], [ -115.2129528, 36.2434446 ], [ -115.2129528, 36.2434473 ], [ -115.2129582, 36.2434473 ], [ -115.2129582, 36.2434689 ], [ -115.2129609, 36.2434689 ], [ -115.2129609, 36.2434743 ], [ -115.2129636, 36.2434743 ], [ -115.2129636, 36.243477 ], [ -115.2129663, 36.243477 ], [ -115.2129663, 36.2434905 ], [ -115.2129636, 36.2434905 ], [ -115.2129636, 36.2435364 ], [ -115.2129663, 36.2435364 ], [ -115.2129663, 36.2435445 ], [ -115.212969, 36.2435445 ], [ -115.212969, 36.2435499 ], [ -115.2129744, 36.2435499 ], [ -115.2129744, 36.2435526 ], [ -115.2129771, 36.2435526 ], [ -115.2129771, 36.2435553 ], [ -115.2129825, 36.2435553 ], [ -115.2129825, 36.243558 ], [ -115.2129852, 36.243558 ], [ -115.2129852, 36.2435634 ], [ -115.2129879, 36.2435634 ], [ -115.2129879, 36.2435931 ], [ -115.2129906, 36.2435931 ], [ -115.2129906, 36.2436012 ], [ -115.2129879, 36.2436012 ], [ -115.2129879, 36.2436066 ], [ -115.2129852, 36.2436066 ], [ -115.2129852, 36.2436093 ], [ -115.212969, 36.2436093 ], [ -115.212969, 36.243612 ], [ -115.2129258, 36.243612 ], [ -115.2129258, 36.2436147 ] ] ] } },
{ "type": "Feature", "properties": { "value": 255.0 }, "geometry": { "type": "Polygon", "coordinates": [ [ [ -115.2134172, 36.2436012 ], [ -115.2133362, 36.2436012 ], [ -115.2133362, 36.2435985 ], [ -115.2133335, 36.2435985 ], [ -115.2133335, 36.2435823 ], [ -115.2133308, 36.2435823 ], [ -115.2133308, 36.2435796 ], [ -115.2132876, 36.2435796 ], [ -115.2132876, 36.2435769 ], [ -115.2132849, 36.2435769 ], [ -115.2132849, 36.2435607 ], [ -115.2132822, 36.2435607 ], [ -115.2132822, 36.243558 ], [ -115.2132525, 36.243558 ], [ -115.2132525, 36.2435553 ], [ -115.2132498, 36.2435553 ], [ -115.2132498, 36.2435499 ], [ -115.2132471, 36.2435499 ], [ -115.2132471, 36.2435175 ], [ -115.2132444, 36.2435175 ], [ -115.2132444, 36.243477 ], [ -115.2132417, 36.243477 ], [ -115.2132417, 36.2434473 ], [ -115.2132444, 36.2434473 ], [ -115.2132444, 36.2434392 ], [ -115.2132471, 36.2434392 ], [ -115.2132471, 36.2434365 ], [ -115.2132552, 36.2434365 ], [ -115.2132552, 36.2434338 ], [ -115.2132606, 36.2434338 ], [ -115.2132606, 36.2434365 ], [ -115.2132768, 36.2434365 ], [ -115.2132768, 36.2434338 ], [ -115.2133038, 36.2434338 ], [ -115.2133038, 36.2434311 ], [ -115.21332, 36.2434311 ], [ -115.21332, 36.2434284 ], [ -115.2133335, 36.2434284 ], [ -115.2133335, 36.2434257 ], [ -115.213347, 36.2434257 ], [ -115.213347, 36.2434284 ], [ -115.2133713, 36.2434284 ], [ -115.2133713, 36.2434311 ], [ -115.2133821, 36.2434311 ], [ -115.2133821, 36.2434338 ], [ -115.2133983, 36.2434338 ], [ -115.2133983, 36.2434365 ], [ -115.2134118, 36.2434365 ], [ -115.2134118, 36.2434392 ], [ -115.2134145, 36.2434392 ], [ -115.2134145, 36.2434419 ], [ -115.2134172, 36.2434419 ], [ -115.2134172, 36.2434554 ], [ -115.2134199, 36.2434554 ], [ -115.2134199, 36.2434716 ], [ -115.2134172, 36.2434716 ], [ -115.2134172, 36.2434824 ], [ -115.2134199, 36.2434824 ], [ -115.2134199, 36.2435148 ], [ -115.2134226, 36.2435148 ], [ -115.2134226, 36.2435364 ], [ -115.2134253, 36.2435364 ], [ -115.2134253, 36.2435418 ], [ -115.213428, 36.2435418 ], [ -115.213428, 36.2435472 ], [ -115.2134307, 36.2435472 ], [ -115.2134307, 36.2435499 ], [ -115.2134334, 36.2435499 ], [ -115.2134334, 36.2435553 ], [ -115.2134361, 36.2435553 ], [ -115.2134361, 36.243558 ], [ -115.2134388, 36.243558 ], [ -115.2134388, 36.2435742 ], [ -115.2134415, 36.2435742 ], [ -115.2134415, 36.243585 ], [ -115.2134388, 36.243585 ], [ -115.2134388, 36.2435958 ], [ -115.2134361, 36.2435958 ], [ -115.2134361, 36.2435985 ], [ -115.2134172, 36.2435985 ], [ -115.2134172, 36.2436012 ] ] ] } },
{ "type": "Feature", "properties": { "value": 255.0 }, "geometry": { "type": "Polygon", "coordinates": [ [ [ -115.2137898, 36.2435688 ], [ -115.2137844, 36.2435688 ], [ -115.2137844, 36.2435661 ], [ -115.213779, 36.2435661 ], [ -115.213779, 36.2435634 ], [ -115.2137655, 36.2435634 ], [ -115.2137655, 36.243558 ], [ -115.2137628, 36.243558 ], [ -115.2137628, 36.2435364 ], [ -115.2137601, 36.2435364 ], [ -115.2137601, 36.2435337 ], [ -115.2137574, 36.2435337 ], [ -115.2137574, 36.243531 ], [ -115.2137385, 36.243531 ], [ -115.2137385, 36.2435283 ], [ -115.2137358, 36.2435283 ], [ -115.2137358, 36.2435229 ], [ -115.2137331, 36.2435229 ], [ -115.2137331, 36.2435175 ], [ -115.2137304, 36.2435175 ], [ -115.2137304, 36.2435148 ], [ -115.213725, 36.2435148 ], [ -115.213725, 36.2435121 ], [ -115.2136953, 36.2435121 ], [ -115.2136953, 36.2435094 ], [ -115.2136926, 36.2435094 ], [ -115.2136926, 36.2434797 ], [ -115.2136953, 36.2434797 ], [ -115.2136953, 36.2434662 ], [ -115.2136926, 36.2434662 ], [ -115.2136926, 36.24345 ], [ -115.2136953, 36.24345 ], [ -115.2136953, 36.2434419 ], [ -115.2137007, 36.2434419 ], [ -115.2137007, 36.2434392 ], [ -115.2137088, 36.2434392 ], [ -115.2137088, 36.2434365 ], [ -115.2137304, 36.2434365 ], [ -115.2137304, 36.2434338 ], [ -115.2137358, 36.2434338 ], [ -115.2137358, 36.2434311 ], [ -115.2137412, 36.2434311 ], [ -115.2137412, 36.2434284 ], [ -115.2137466, 36.2434284 ], [ -115.2137466, 36.2434257 ], [ -115.213752, 36.2434257 ], [ -115.213752, 36.243423 ], [ -115.2137574, 36.243423 ], [ -115.2137574, 36.2434203 ], [ -115.213779, 36.2434203 ], [ -115.213779, 36.243423 ], [ -115.2137817, 36.243423 ], [ -115.2137817, 36.2434257 ], [ -115.2137871, 36.2434257 ], [ -115.2137871, 36.2434284 ], [ -115.2138141, 36.2434284 ], [ -115.2138141, 36.2434311 ], [ -115.2138195, 36.2434311 ], [ -115.2138195, 36.2434365 ], [ -115.2138222, 36.2434365 ], [ -115.2138222, 36.2434419 ], [ -115.2138249, 36.2434419 ], [ -115.2138249, 36.2434473 ], [ -115.2138276, 36.2434473 ], [ -115.2138276, 36.24345 ], [ -115.2138303, 36.24345 ], [ -115.2138303, 36.243477 ], [ -115.213833, 36.243477 ], [ -115.213833, 36.2434878 ], [ -115.2138357, 36.2434878 ], [ -115.2138357, 36.2434932 ], [ -115.2138384, 36.2434932 ], [ -115.2138384, 36.2434959 ], [ -115.2138546, 36.2434959 ], [ -115.2138546, 36.2434986 ], [ -115.21386, 36.2434986 ], [ -115.21386, 36.2435013 ], [ -115.2138627, 36.2435013 ], [ -115.2138627, 36.2435121 ], [ -115.2138654, 36.2435121 ], [ -115.2138654, 36.2435364 ], [ -115.2138681, 36.2435364 ], [ -115.2138681, 36.2435607 ], [ -115.2138654, 36.2435607 ], [ -115.2138654, 36.2435634 ], [ -115.2138573, 36.2435634 ], [ -115.2138573, 36.2435661 ], [ -115.213833, 36.2435661 ], [ -115.213833, 36.2435634 ], [ -115.2138249, 36.2435634 ], [ -115.2138249, 36.2435607 ], [ -115.2138195, 36.2435607 ], [ -115.2138195, 36.2435634 ], [ -115.2138087, 36.2435634 ], [ -115.2138087, 36.2435661 ], [ -115.2137898, 36.2435661 ], [ -115.2137898, 36.2435688 ] ] ] } },
{ "type": "Feature", "properties": { "value": 255.0 }, "geometry": { "type": "Polygon", "coordinates": [ [ [ -115.2135225, 36.2435931 ], [ -115.2135063, 36.2435931 ], [ -115.2135063, 36.2435904 ], [ -115.2135036, 36.2435904 ], [ -115.2135036, 36.2435715 ], [ -115.2135009, 36.2435715 ], [ -115.2135009, 36.2435499 ], [ -115.2134982, 36.2435499 ], [ -115.2134982, 36.2435337 ], [ -115.2135036, 36.2435337 ], [ -115.2135036, 36.243531 ], [ -115.2135279, 36.243531 ], [ -115.2135279, 36.2435283 ], [ -115.2135306, 36.2435283 ], [ -115.2135306, 36.2435256 ], [ -115.2135333, 36.2435256 ], [ -115.2135333, 36.2435175 ], [ -115.213536, 36.2435175 ], [ -115.213536, 36.2435148 ], [ -115.2135333, 36.2435148 ], [ -115.2135333, 36.243504 ], [ -115.2135306, 36.243504 ], [ -115.2135306, 36.2434986 ], [ -115.2135279, 36.2434986 ], [ -115.2135279, 36.2434932 ], [ -115.2135252, 36.2434932 ], [ -115.2135252, 36.2434878 ], [ -115.2135225, 36.2434878 ], [ -115.2135225, 36.2434311 ], [ -115.2135252, 36.2434311 ], [ -115.2135252, 36.2434257 ], [ -115.2135279, 36.2434257 ], [ -115.2135279, 36.243423 ], [ -115.213536, 36.243423 ], [ -115.213536, 36.2434203 ], [ -115.2135684, 36.2434203 ], [ -115.2135684, 36.243423 ], [ -115.2135711, 36.243423 ], [ -115.2135711, 36.2434311 ], [ -115.2135738, 36.2434311 ], [ -115.2135738, 36.2434392 ], [ -115.2135765, 36.2434392 ], [ -115.2135765, 36.2434419 ], [ -115.2136116, 36.2434419 ], [ -115.2136116, 36.2434446 ], [ -115.2136197, 36.2434446 ], [ -115.2136197, 36.2434473 ], [ -115.213644, 36.2434473 ], [ -115.213644, 36.24345 ], [ -115.2136548, 36.24345 ], [ -115.2136548, 36.2434527 ], [ -115.2136575, 36.2434527 ], [ -115.2136575, 36.2434635 ], [ -115.2136602, 36.2434635 ], [ -115.2136602, 36.2434743 ], [ -115.2136629, 36.2434743 ], [ -115.2136629, 36.2434824 ], [ -115.2136656, 36.2434824 ], [ -115.2136656, 36.2435013 ], [ -115.2136683, 36.2435013 ], [ -115.2136683, 36.2435175 ], [ -115.213671, 36.2435175 ], [ -115.213671, 36.2435229 ], [ -115.2136683, 36.2435229 ], [ -115.2136683, 36.2435283 ], [ -115.2136602, 36.2435283 ], [ -115.2136602, 36.243531 ], [ -115.2136521, 36.243531 ], [ -115.2136521, 36.2435337 ], [ -115.2136494, 36.2435337 ], [ -115.2136494, 36.243558 ], [ -115.2136467, 36.243558 ], [ -115.2136467, 36.2435607 ], [ -115.2136413, 36.2435607 ], [ -115.2136413, 36.2435634 ], [ -115.2136251, 36.2435634 ], [ -115.2136251, 36.2435661 ], [ -115.2136224, 36.2435661 ], [ -115.2136224, 36.2435688 ], [ -115.2136197, 36.2435688 ], [ -115.2136197, 36.2435796 ], [ -115.213617, 36.2435796 ], [ -115.213617, 36.2435823 ], [ -115.2136116, 36.2435823 ], [ -115.2136116, 36.243585 ], [ -115.2135846, 36.243585 ], [ -115.2135846, 36.2435877 ], [ -115.2135657, 36.2435877 ], [ -115.2135657, 36.2435904 ], [ -115.2135225, 36.2435904 ], [ -115.2135225, 36.2435931 ] ] ] } },
{ "type": "Feature", "properties": { "value": 255.0 }, "geometry": { "type": "Polygon", "coordinates": [ [ [ -115.2140625, 36.2435364 ], [ -115.2140139, 36.2435364 ], [ -115.2140139, 36.2435337 ], [ -115.2140085, 36.2435337 ], [ -115.2140085, 36.243531 ], [ -115.2140058, 36.243531 ], [ -115.2140058, 36.2435283 ], [ -115.2140031, 36.2435283 ], [ -115.2140031, 36.2435229 ], [ -115.2140004, 36.2435229 ], [ -115.2140004, 36.2435121 ], [ -115.2139977, 36.2435121 ], [ -115.2139977, 36.24345 ], [ -115.213995, 36.24345 ], [ -115.213995, 36.2434176 ], [ -115.2139977, 36.2434176 ], [ -115.2139977, 36.2434149 ], [ -115.2140004, 36.2434149 ], [ -115.2140004, 36.2434122 ], [ -115.2140166, 36.2434122 ], [ -115.2140166, 36.2434095 ], [ -115.2140247, 36.2434095 ], [ -115.2140247, 36.2434068 ], [ -115.2140598, 36.2434068 ], [ -115.2140598, 36.2434095 ], [ -115.214076, 36.2434095 ], [ -115.214076, 36.2434068 ], [ -115.2141057, 36.2434068 ], [ -115.2141057, 36.2434041 ], [ -115.2141111, 36.2434041 ], [ -115.2141111, 36.2433798 ], [ -115.2141138, 36.2433798 ], [ -115.2141138, 36.2433771 ], [ -115.2141165, 36.2433771 ], [ -115.2141165, 36.2433744 ], [ -115.21413, 36.2433744 ], [ -115.21413, 36.2433717 ], [ -115.2141624, 36.2433717 ], [ -115.2141624, 36.243369 ], [ -115.2142002, 36.243369 ], [ -115.2142002, 36.2433717 ], [ -115.2142056, 36.2433717 ], [ -115.2142056, 36.2433744 ], [ -115.2142083, 36.2433744 ], [ -115.2142083, 36.2434068 ], [ -115.2142056, 36.2434068 ], [ -115.2142056, 36.2434311 ], [ -115.2142083, 36.2434311 ], [ -115.2142083, 36.2434473 ], [ -115.2142056, 36.2434473 ], [ -115.2142056, 36.2434527 ], [ -115.2142029, 36.2434527 ], [ -115.2142029, 36.2434554 ], [ -115.2141921, 36.2434554 ], [ -115.2141921, 36.2434581 ], [ -115.214184, 36.2434581 ], [ -115.214184, 36.2434608 ], [ -115.2141759, 36.2434608 ], [ -115.2141759, 36.2434635 ], [ -115.2141705, 36.2434635 ], [ -115.2141705, 36.2434662 ], [ -115.2141651, 36.2434662 ], [ -115.2141651, 36.2434689 ], [ -115.2141624, 36.2434689 ], [ -115.2141624, 36.2434716 ], [ -115.2141651, 36.2434716 ], [ -115.2141651, 36.2434743 ], [ -115.2141759, 36.2434743 ], [ -115.2141759, 36.243477 ], [ -115.214184, 36.243477 ], [ -115.214184, 36.2434797 ], [ -115.2141867, 36.2434797 ], [ -115.2141867, 36.2434824 ], [ -115.2141894, 36.2434824 ], [ -115.2141894, 36.2435148 ], [ -115.2141867, 36.2435148 ], [ -115.2141867, 36.2435229 ], [ -115.214184, 36.2435229 ], [ -115.214184, 36.2435256 ], [ -115.2141813, 36.2435256 ], [ -115.2141813, 36.2435283 ], [ -115.2141597, 36.2435283 ], [ -115.2141597, 36.243531 ], [ -115.2141138, 36.243531 ], [ -115.2141138, 36.2435337 ], [ -115.2140625, 36.2435337 ], [ -115.2140625, 36.2435364 ] ] ] } },
{ "type": "Feature", "properties": { "value": 255.0 }, "geometry": { "type": "Polygon", "coordinates": [ [ [ -115.2145026, 36.2433285 ], [ -115.2144999, 36.2433285 ], [ -115.2144999, 36.2433258 ], [ -115.2144945, 36.2433258 ], [ -115.2144945, 36.2433231 ], [ -115.2144918, 36.2433231 ], [ -115.2144918, 36.243315 ], [ -115.2144891, 36.243315 ], [ -115.2144891, 36.2433069 ], [ -115.2144918, 36.2433069 ], [ -115.2144918, 36.2433042 ], [ -115.2144972, 36.2433042 ], [ -115.2144972, 36.2433015 ], [ -115.2145026, 36.2433015 ], [ -115.2145026, 36.2433285 ] ] ] } },
{ "type": "Feature", "properties": { "value": 255.0 }, "geometry": { "type": "Polygon", "coordinates": [ [ [ -115.2140409, 36.2433393 ], [ -115.2140085, 36.2433393 ], [ -115.2140085, 36.2433366 ], [ -115.213995, 36.2433366 ], [ -115.213995, 36.2433393 ], [ -115.2139653, 36.2433393 ], [ -115.2139653, 36.2433339 ], [ -115.2139626, 36.2433339 ], [ -115.2139626, 36.2433096 ], [ -115.2139599, 36.2433096 ], [ -115.2139599, 36.2432826 ], [ -115.2139572, 36.2432826 ], [ -115.2139572, 36.2432583 ], [ -115.2139545, 36.2432583 ], [ -115.2139545, 36.2432097 ], [ -115.2139572, 36.2432097 ], [ -115.2139572, 36.243207 ], [ -115.2139626, 36.243207 ], [ -115.2139626, 36.2432043 ], [ -115.2139896, 36.2432043 ], [ -115.2139896, 36.2432016 ], [ -115.2141084, 36.2432016 ], [ -115.2141084, 36.2431989 ], [ -115.2141327, 36.2431989 ], [ -115.2141327, 36.2431962 ], [ -115.2141462, 36.2431962 ], [ -115.2141462, 36.2431989 ], [ -115.2141516, 36.2431989 ], [ -115.2141516, 36.2432043 ], [ -115.2141543, 36.2432043 ], [ -115.2141543, 36.2432178 ], [ -115.214157, 36.2432178 ], [ -115.214157, 36.243234 ], [ -115.2141516, 36.243234 ], [ -115.2141516, 36.2432367 ], [ -115.2141489, 36.2432367 ], [ -115.2141489, 36.2432394 ], [ -115.2141462, 36.2432394 ], [ -115.2141462, 36.2432421 ], [ -115.2141435, 36.2432421 ], [ -115.2141435, 36.2432529 ], [ -115.2141462, 36.2432529 ], [ -115.2141462, 36.2432583 ], [ -115.2141516, 36.2432583 ], [ -115.2141516, 36.243261 ], [ -115.2141894, 36.243261 ], [ -115.2141894, 36.2432637 ], [ -115.2141921, 36.2432637 ], [ -115.2141921, 36.2432664 ], [ -115.2141948, 36.2432664 ], [ -115.2141948, 36.2433258 ], [ -115.2141921, 36.2433258 ], [ -115.2141921, 36.2433285 ], [ -115.2141597, 36.2433285 ], [ -115.2141597, 36.2433312 ], [ -115.2141327, 36.2433312 ], [ -115.2141327, 36.2433339 ], [ -115.2141111, 36.2433339 ], [ -115.2141111, 36.2433366 ], [ -115.2140409, 36.2433366 ], [ -115.2140409, 36.2433393 ] ] ] } },
{ "type": "Feature", "properties": { "value": 255.0 }, "geometry": { "type": "Polygon", "coordinates": [ [ [ -115.2135549, 36.2433231 ], [ -115.2135009, 36.2433231 ], [ -115.2135009, 36.2433204 ], [ -115.2134955, 36.2433204 ], [ -115.2134955, 36.2433177 ], [ -115.2134928, 36.2433177 ], [ -115.2134928, 36.2433042 ], [ -115.2134955, 36.2433042 ], [ -115.2134955, 36.2432961 ], [ -115.2134928, 36.2432961 ], [ -115.2134928, 36.2432583 ], [ -115.2134955, 36.2432583 ], [ -115.2134955, 36.2432394 ], [ -115.2134982, 36.2432394 ], [ -115.2134982, 36.2432205 ], [ -115.2135009, 36.2432205 ], [ -115.2135009, 36.2431638 ], [ -115.2135036, 36.2431638 ], [ -115.2135036, 36.2431584 ], [ -115.2135009, 36.2431584 ], [ -115.2135009, 36.2431503 ], [ -115.2135036, 36.2431503 ], [ -115.2135036, 36.2431449 ], [ -115.2135279, 36.2431449 ], [ -115.2135279, 36.2431422 ], [ -115.2135711, 36.2431422 ], [ -115.2135711, 36.2431449 ], [ -115.2135873, 36.2431449 ], [ -115.2135873, 36.2431476 ], [ -115.21359, 36.2431476 ], [ -115.21359, 36.2431503 ], [ -115.2135927, 36.2431503 ], [ -115.2135927, 36.2431773 ], [ -115.2135954, 36.2431773 ], [ -115.2135954, 36.2431827 ], [ -115.2135981, 36.2431827 ], [ -115.2135981, 36.2431854 ], [ -115.2136116, 36.2431854 ], [ -115.2136116, 36.2431827 ], [ -115.2136143, 36.2431827 ], [ -115.2136143, 36.2431773 ], [ -115.213617, 36.2431773 ], [ -115.213617, 36.2431746 ], [ -115.2136197, 36.2431746 ], [ -115.2136197, 36.2431719 ], [ -115.2136413, 36.2431719 ], [ -115.2136413, 36.2431746 ], [ -115.2136548, 36.2431746 ], [ -115.2136548, 36.2431773 ], [ -115.2136602, 36.2431773 ], [ -115.2136602, 36.24318 ], [ -115.2136629, 36.24318 ], [ -115.2136629, 36.2431854 ], [ -115.2136656, 36.2431854 ], [ -115.2136656, 36.2431935 ], [ -115.2136683, 36.2431935 ], [ -115.2136683, 36.2432475 ], [ -115.2136656, 36.2432475 ], [ -115.2136656, 36.2432637 ], [ -115.2136629, 36.2432637 ], [ -115.2136629, 36.243288 ], [ -115.2136602, 36.243288 ], [ -115.2136602, 36.2432988 ], [ -115.2136575, 36.2432988 ], [ -115.2136575, 36.2433042 ], [ -115.2136548, 36.2433042 ], [ -115.2136548, 36.2433096 ], [ -115.2136521, 36.2433096 ], [ -115.2136521, 36.2433123 ], [ -115.2136494, 36.2433123 ], [ -115.2136494, 36.243315 ], [ -115.2135873, 36.243315 ], [ -115.2135873, 36.2433177 ], [ -115.2135765, 36.2433177 ], [ -115.2135765, 36.2433204 ], [ -115.2135549, 36.2433204 ], [ -115.2135549, 36.2433231 ] ] ] } },
{ "type": "Feature", "properties": { "value": 255.0 }, "geometry": { "type": "Polygon", "coordinates": [ [ [ -115.2133875, 36.2433258 ], [ -115.2133794, 36.2433258 ], [ -115.2133794, 36.2433231 ], [ -115.2133767, 36.2433231 ], [ -115.2133767, 36.2433204 ], [ -115.213374, 36.2433204 ], [ -115.213374, 36.243315 ], [ -115.2133713, 36.243315 ], [ -115.2133713, 36.2433096 ], [ -115.2133686, 36.2433096 ], [ -115.2133686, 36.2433069 ], [ -115.2133659, 36.2433069 ], [ -115.2133659, 36.2433042 ], [ -115.2133605, 36.2433042 ], [ -115.2133605, 36.2433015 ], [ -115.2133497, 36.2433015 ], [ -115.2133497, 36.2432988 ], [ -115.2133443, 36.2432988 ], [ -115.2133443, 36.2432961 ], [ -115.21332, 36.2432961 ], [ -115.21332, 36.2432934 ], [ -115.2133092, 36.2432934 ], [ -115.2133092, 36.2432907 ], [ -115.2133065, 36.2432907 ], [ -115.2133065, 36.2432853 ], [ -115.2133038, 36.2432853 ], [ -115.2133038, 36.2432772 ], [ -115.2133011, 36.2432772 ], [ -115.2133011, 36.2432691 ], [ -115.2132984, 36.2432691 ], [ -115.2132984, 36.2432556 ], [ -115.2132957, 36.2432556 ], [ -115.2132957, 36.2432529 ], [ -115.2132984, 36.2432529 ], [ -115.2132984, 36.2431989 ], [ -115.2133011, 36.2431989 ], [ -115.2133011, 36.2431935 ], [ -115.2133038, 36.2431935 ], [ -115.2133038, 36.2431908 ], [ -115.2133092, 36.2431908 ], [ -115.2133092, 36.2431881 ], [ -115.2133281, 36.2431881 ], [ -115.2133281, 36.2431908 ], [ -115.2133362, 36.2431908 ], [ -115.2133362, 36.2431881 ], [ -115.2133578, 36.2431881 ], [ -115.2133578, 36.2431854 ], [ -115.2133713, 36.2431854 ], [ -115.2133713, 36.2431827 ], [ -115.2133767, 36.2431827 ], [ -115.2133767, 36.24318 ], [ -115.2133821, 36.24318 ], [ -115.2133821, 36.2431746 ], [ -115.2133848, 36.2431746 ], [ -115.2133848, 36.2431719 ], [ -115.2133875, 36.2431719 ], [ -115.2133875, 36.2431638 ], [ -115.2133902, 36.2431638 ], [ -115.2133902, 36.2431557 ], [ -115.2133929, 36.2431557 ], [ -115.2133929, 36.243153 ], [ -115.2133983, 36.243153 ], [ -115.2133983, 36.2431503 ], [ -115.2134118, 36.2431503 ], [ -115.2134118, 36.2431476 ], [ -115.2134631, 36.2431476 ], [ -115.2134631, 36.243153 ], [ -115.2134658, 36.243153 ], [ -115.2134658, 36.24318 ], [ -115.2134631, 36.24318 ], [ -115.2134631, 36.2432367 ], [ -115.2134604, 36.2432367 ], [ -115.2134604, 36.243261 ], [ -115.2134577, 36.243261 ], [ -115.2134577, 36.2432934 ], [ -115.213455, 36.2432934 ], [ -115.213455, 36.2432988 ], [ -115.2134523, 36.2432988 ], [ -115.2134523, 36.2433015 ], [ -115.2134253, 36.2433015 ], [ -115.2134253, 36.2433042 ], [ -115.2134199, 36.2433042 ], [ -115.2134199, 36.2433069 ], [ -115.2134172, 36.2433069 ], [ -115.2134172, 36.2433096 ], [ -115.2134145, 36.2433096 ], [ -115.2134145, 36.2433123 ], [ -115.2134091, 36.2433123 ], [ -115.2134091, 36.243315 ], [ -115.2134037, 36.243315 ], [ -115.2134037, 36.2433177 ], [ -115.213401, 36.2433177 ], [ -115.213401, 36.2433204 ], [ -115.2133956, 36.2433204 ], [ -115.2133956, 36.2433231 ], [ -115.2133875, 36.2433231 ], [ -115.2133875, 36.2433258 ] ] ] } },
{ "type": "Feature", "properties": { "value": 255.0 }, "geometry": { "type": "Polygon", "coordinates": [ [ [ -115.2132471, 36.2433069 ], [ -115.2132255, 36.2433069 ], [ -115.2132255, 36.2433042 ], [ -115.2131499, 36.2433042 ], [ -115.2131499, 36.2433015 ], [ -115.2131472, 36.2433015 ], [ -115.2131472, 36.2432826 ], [ -115.2131445, 36.2432826 ], [ -115.2131445, 36.2432799 ], [ -115.2131202, 36.2432799 ], [ -115.2131202, 36.2432772 ], [ -115.2131148, 36.2432772 ], [ -115.2131148, 36.2432745 ], [ -115.2131121, 36.2432745 ], [ -115.2131121, 36.2432718 ], [ -115.2131094, 36.2432718 ], [ -115.2131094, 36.2432691 ], [ -115.2131067, 36.2432691 ], [ -115.2131067, 36.243261 ], [ -115.213104, 36.243261 ], [ -115.213104, 36.2432529 ], [ -115.2131013, 36.2432529 ], [ -115.2131013, 36.2432286 ], [ -115.213104, 36.2432286 ], [ -115.213104, 36.2432178 ], [ -115.2131013, 36.2432178 ], [ -115.2131013, 36.2432097 ], [ -115.2130986, 36.2432097 ], [ -115.2130986, 36.2432016 ], [ -115.2130959, 36.2432016 ], [ -115.2130959, 36.2431854 ], [ -115.2130986, 36.2431854 ], [ -115.2130986, 36.2431746 ], [ -115.2130959, 36.2431746 ], [ -115.2130959, 36.2431692 ], [ -115.2130986, 36.2431692 ], [ -115.2130986, 36.2431449 ], [ -115.2131013, 36.2431449 ], [ -115.2131013, 36.2431422 ], [ -115.213104, 36.2431422 ], [ -115.213104, 36.2431395 ], [ -115.2131094, 36.2431395 ], [ -115.2131094, 36.2431368 ], [ -115.2131688, 36.2431368 ], [ -115.2131688, 36.2431395 ], [ -115.2131715, 36.2431395 ], [ -115.2131715, 36.2431449 ], [ -115.2131742, 36.2431449 ], [ -115.2131742, 36.243153 ], [ -115.2131769, 36.243153 ], [ -115.2131769, 36.2431719 ], [ -115.213185, 36.2431719 ], [ -115.213185, 36.2431692 ], [ -115.2131904, 36.2431692 ], [ -115.2131904, 36.2431665 ], [ -115.2131931, 36.2431665 ], [ -115.2131931, 36.2431638 ], [ -115.2131958, 36.2431638 ], [ -115.2131958, 36.2431611 ], [ -115.2131985, 36.2431611 ], [ -115.2131985, 36.2431584 ], [ -115.2132039, 36.2431584 ], [ -115.2132039, 36.2431557 ], [ -115.2132174, 36.2431557 ], [ -115.2132174, 36.243153 ], [ -115.2132417, 36.243153 ], [ -115.2132417, 36.2431557 ], [ -115.2132471, 36.2431557 ], [ -115.2132471, 36.2431584 ], [ -115.2132525, 36.2431584 ], [ -115.2132525, 36.2431611 ], [ -115.2132606, 36.2431611 ], [ -115.2132606, 36.2431638 ], [ -115.2132633, 36.2431638 ], [ -115.2132633, 36.2431692 ], [ -115.213266, 36.2431692 ], [ -115.213266, 36.2431881 ], [ -115.2132633, 36.2431881 ], [ -115.2132633, 36.2432421 ], [ -115.2132606, 36.2432421 ], [ -115.2132606, 36.2432691 ], [ -115.2132579, 36.2432691 ], [ -115.2132579, 36.2432961 ], [ -115.2132552, 36.2432961 ], [ -115.2132552, 36.2433015 ], [ -115.2132525, 36.2433015 ], [ -115.2132525, 36.2433042 ], [ -115.2132471, 36.2433042 ], [ -115.2132471, 36.2433069 ] ] ] } },
{ "type": "Feature", "properties": { "value": 255.0 }, "geometry": { "type": "Polygon", "coordinates": [ [ [ -115.2130284, 36.2432988 ], [ -115.2130068, 36.2432988 ], [ -115.2130068, 36.2432961 ], [ -115.2129771, 36.2432961 ], [ -115.2129771, 36.2432934 ], [ -115.2129285, 36.2432934 ], [ -115.2129285, 36.2432907 ], [ -115.2128907, 36.2432907 ], [ -115.2128907, 36.243288 ], [ -115.2128853, 36.243288 ], [ -115.2128853, 36.2432853 ], [ -115.2128826, 36.2432853 ], [ -115.2128826, 36.2432826 ], [ -115.2128799, 36.2432826 ], [ -115.2128799, 36.2432664 ], [ -115.2128826, 36.2432664 ], [ -115.2128826, 36.243234 ], [ -115.2128853, 36.243234 ], [ -115.2128853, 36.2432016 ], [ -115.2128826, 36.2432016 ], [ -115.2128826, 36.243153 ], [ -115.2128853, 36.243153 ], [ -115.2128853, 36.2431476 ], [ -115.2128934, 36.2431476 ], [ -115.2128934, 36.2431449 ], [ -115.2129204, 36.2431449 ], [ -115.2129204, 36.2431422 ], [ -115.2129474, 36.2431422 ], [ -115.2129474, 36.2431449 ], [ -115.2129501, 36.2431449 ], [ -115.2129501, 36.2431476 ], [ -115.2129528, 36.2431476 ], [ -115.2129528, 36.2431746 ], [ -115.2129555, 36.2431746 ], [ -115.2129555, 36.2431827 ], [ -115.2129609, 36.2431827 ], [ -115.2129609, 36.2431854 ], [ -115.2129663, 36.2431854 ], [ -115.2129663, 36.2431827 ], [ -115.2129717, 36.2431827 ], [ -115.2129717, 36.24318 ], [ -115.2129744, 36.24318 ], [ -115.2129744, 36.2431584 ], [ -115.2129717, 36.2431584 ], [ -115.2129717, 36.2431503 ], [ -115.212969, 36.2431503 ], [ -115.212969, 36.2431476 ], [ -115.2129663, 36.2431476 ], [ -115.2129663, 36.2431368 ], [ -115.212969, 36.2431368 ], [ -115.212969, 36.2431341 ], [ -115.2129771, 36.2431341 ], [ -115.2129771, 36.2431314 ], [ -115.2129852, 36.2431314 ], [ -115.2129852, 36.2431287 ], [ -115.2129933, 36.2431287 ], [ -115.2129933, 36.2431314 ], [ -115.2130527, 36.2431314 ], [ -115.2130527, 36.2431341 ], [ -115.2130554, 36.2431341 ], [ -115.2130554, 36.2431854 ], [ -115.2130527, 36.2431854 ], [ -115.2130527, 36.2431962 ], [ -115.21305, 36.2431962 ], [ -115.21305, 36.2431989 ], [ -115.2130473, 36.2431989 ], [ -115.2130473, 36.2432016 ], [ -115.2130446, 36.2432016 ], [ -115.2130446, 36.2432043 ], [ -115.2130419, 36.2432043 ], [ -115.2130419, 36.2432232 ], [ -115.2130392, 36.2432232 ], [ -115.2130392, 36.2432421 ], [ -115.2130365, 36.2432421 ], [ -115.2130365, 36.2432637 ], [ -115.2130338, 36.2432637 ], [ -115.2130338, 36.2432907 ], [ -115.2130311, 36.2432907 ], [ -115.2130311, 36.2432961 ], [ -115.2130284, 36.2432961 ], [ -115.2130284, 36.2432988 ] ] ] } },
{ "type": "Feature", "properties": { "value": 255.0 }, "geometry": { "type": "Polygon", "coordinates": [ [ [ -115.2137304, 36.2432988 ], [ -115.2137223, 36.2432988 ], [ -115.2137223, 36.2432961 ], [ -115.2137169, 36.2432961 ], [ -115.2137169, 36.2432988 ], [ -115.2137088, 36.2432988 ], [ -115.2137088, 36.2432961 ], [ -115.2136926, 36.2432961 ], [ -115.2136926, 36.2432934 ], [ -115.2136899, 36.2432934 ], [ -115.2136899, 36.2432907 ], [ -115.2136872, 36.2432907 ], [ -115.2136872, 36.2432691 ], [ -115.2136899, 36.2432691 ], [ -115.2136899, 36.2432448 ], [ -115.2136926, 36.2432448 ], [ -115.2136926, 36.2432178 ], [ -115.2136953, 36.2432178 ], [ -115.2136953, 36.2431935 ], [ -115.213698, 36.2431935 ], [ -115.213698, 36.2431557 ], [ -115.2137007, 36.2431557 ], [ -115.2137007, 36.243153 ], [ -115.2137196, 36.243153 ], [ -115.2137196, 36.2431503 ], [ -115.2137493, 36.2431503 ], [ -115.2137493, 36.243153 ], [ -115.2137601, 36.243153 ], [ -115.2137601, 36.2431557 ], [ -115.2137628, 36.2431557 ], [ -115.2137628, 36.2431584 ], [ -115.2137655, 36.2431584 ], [ -115.2137655, 36.2431827 ], [ -115.2137682, 36.2431827 ], [ -115.2137682, 36.2431908 ], [ -115.2137898, 36.2431908 ], [ -115.2137898, 36.2431881 ], [ -115.2137925, 36.2431881 ], [ -115.2137925, 36.2431827 ], [ -115.2137952, 36.2431827 ], [ -115.2137952, 36.2431611 ], [ -115.2137979, 36.2431611 ], [ -115.2137979, 36.2431557 ], [ -115.2137952, 36.2431557 ], [ -115.2137952, 36.2431395 ], [ -115.2137979, 36.2431395 ], [ -115.2137979, 36.2431368 ], [ -115.2138006, 36.2431368 ], [ -115.2138006, 36.2431341 ], [ -115.213806, 36.2431341 ], [ -115.213806, 36.2431368 ], [ -115.2138357, 36.2431368 ], [ -115.2138357, 36.2431395 ], [ -115.2138573, 36.2431395 ], [ -115.2138573, 36.2431368 ], [ -115.21386, 36.2431368 ], [ -115.21386, 36.2431395 ], [ -115.2138681, 36.2431395 ], [ -115.2138681, 36.2431422 ], [ -115.2138708, 36.2431422 ], [ -115.2138708, 36.2431611 ], [ -115.2138681, 36.2431611 ], [ -115.2138681, 36.2431908 ], [ -115.2138654, 36.2431908 ], [ -115.2138654, 36.2432043 ], [ -115.2138627, 36.2432043 ], [ -115.2138627, 36.243207 ], [ -115.21386, 36.243207 ], [ -115.21386, 36.2432097 ], [ -115.2138573, 36.2432097 ], [ -115.2138573, 36.2432124 ], [ -115.2138546, 36.2432124 ], [ -115.2138546, 36.2432205 ], [ -115.2138519, 36.2432205 ], [ -115.2138519, 36.2432502 ], [ -115.2138492, 36.2432502 ], [ -115.2138492, 36.2432745 ], [ -115.2138465, 36.2432745 ], [ -115.2138465, 36.2432799 ], [ -115.2138438, 36.2432799 ], [ -115.2138438, 36.2432826 ], [ -115.2138168, 36.2432826 ], [ -115.2138168, 36.2432799 ], [ -115.2137628, 36.2432799 ], [ -115.2137628, 36.2432772 ], [ -115.2137439, 36.2432772 ], [ -115.2137439, 36.2432799 ], [ -115.2137385, 36.2432799 ], [ -115.2137385, 36.243288 ], [ -115.2137358, 36.243288 ], [ -115.2137358, 36.2432961 ], [ -115.2137304, 36.2432961 ], [ -115.2137304, 36.2432988 ] ] ] } },
{ "type": "Feature", "properties": { "value": 255.0 }, "geometry": { "type": "Polygon", "coordinates": [ [ [ -115.2128286, 36.2433015 ], [ -115.2127935, 36.2433015 ], [ -115.2127935, 36.2432988 ], [ -115.2127881, 36.2432988 ], [ -115.2127881, 36.2432961 ], [ -115.2127854, 36.2432961 ], [ -115.2127854, 36.2432934 ], [ -115.21278, 36.2432934 ], [ -115.21278, 36.2432907 ], [ -115.2127692, 36.2432907 ], [ -115.2127692, 36.2432934 ], [ -115.2127611, 36.2432934 ], [ -115.2127611, 36.2432907 ], [ -115.2127584, 36.2432907 ], [ -115.2127584, 36.2432745 ], [ -115.2127557, 36.2432745 ], [ -115.2127557, 36.2432718 ], [ -115.2127476, 36.2432718 ], [ -115.2127476, 36.2431098 ], [ -115.2127665, 36.2431098 ], [ -115.2127665, 36.2431125 ], [ -115.2127773, 36.2431125 ], [ -115.2127773, 36.2431152 ], [ -115.21278, 36.2431152 ], [ -115.21278, 36.2431206 ], [ -115.2127827, 36.2431206 ], [ -115.2127827, 36.2431449 ], [ -115.2127935, 36.2431449 ], [ -115.2127935, 36.2431476 ], [ -115.2127962, 36.2431476 ], [ -115.2127962, 36.2431449 ], [ -115.2128421, 36.2431449 ], [ -115.2128421, 36.2431476 ], [ -115.2128475, 36.2431476 ], [ -115.2128475, 36.2431503 ], [ -115.2128502, 36.2431503 ], [ -115.2128502, 36.2431638 ], [ -115.2128529, 36.2431638 ], [ -115.2128529, 36.2431908 ], [ -115.2128502, 36.2431908 ], [ -115.2128502, 36.2432151 ], [ -115.2128475, 36.2432151 ], [ -115.2128475, 36.2432232 ], [ -115.2128448, 36.2432232 ], [ -115.2128448, 36.2432313 ], [ -115.2128421, 36.2432313 ], [ -115.2128421, 36.2432394 ], [ -115.2128394, 36.2432394 ], [ -115.2128394, 36.2432448 ], [ -115.2128367, 36.2432448 ], [ -115.2128367, 36.2432556 ], [ -115.212834, 36.2432556 ], [ -115.212834, 36.2432718 ], [ -115.2128313, 36.2432718 ], [ -115.2128313, 36.2432961 ], [ -115.2128286, 36.2432961 ], [ -115.2128286, 36.2433015 ] ] ] } },
{ "type": "Feature", "properties": { "value": 255.0 }, "geometry": { "type": "Polygon", "coordinates": [ [ [ -115.2141489, 36.2431746 ], [ -115.21413, 36.2431746 ], [ -115.21413, 36.2431719 ], [ -115.2140544, 36.2431719 ], [ -115.2140544, 36.2431692 ], [ -115.2140436, 36.2431692 ], [ -115.2140436, 36.2431719 ], [ -115.2140085, 36.2431719 ], [ -115.2140085, 36.2431692 ], [ -115.2140058, 36.2431692 ], [ -115.2140058, 36.2431584 ], [ -115.2140031, 36.2431584 ], [ -115.2140031, 36.2431368 ], [ -115.2140004, 36.2431368 ], [ -115.2140004, 36.2431314 ], [ -115.2139977, 36.2431314 ], [ -115.2139977, 36.2431152 ], [ -115.213995, 36.2431152 ], [ -115.213995, 36.2431017 ], [ -115.2139923, 36.2431017 ], [ -115.2139923, 36.2430396 ], [ -115.213995, 36.2430396 ], [ -115.213995, 36.2430369 ], [ -115.2139977, 36.2430369 ], [ -115.2139977, 36.2430342 ], [ -115.2140139, 36.2430342 ], [ -115.2140139, 36.2430369 ], [ -115.2141003, 36.2430369 ], [ -115.2141003, 36.2430342 ], [ -115.214103, 36.2430342 ], [ -115.214103, 36.2430315 ], [ -115.2141057, 36.2430315 ], [ -115.2141057, 36.2430261 ], [ -115.2141084, 36.2430261 ], [ -115.2141084, 36.2430234 ], [ -115.2141111, 36.2430234 ], [ -115.2141111, 36.2430207 ], [ -115.2141219, 36.2430207 ], [ -115.2141219, 36.243018 ], [ -115.2141759, 36.243018 ], [ -115.2141759, 36.2430207 ], [ -115.2141813, 36.2430207 ], [ -115.2141813, 36.2430234 ], [ -115.214184, 36.2430234 ], [ -115.214184, 36.2430666 ], [ -115.2141867, 36.2430666 ], [ -115.2141867, 36.2430747 ], [ -115.2141894, 36.2430747 ], [ -115.2141894, 36.2430828 ], [ -115.2141921, 36.2430828 ], [ -115.2141921, 36.243099 ], [ -115.2141894, 36.243099 ], [ -115.2141894, 36.2431044 ], [ -115.2141867, 36.2431044 ], [ -115.2141867, 36.2431071 ], [ -115.2141435, 36.2431071 ], [ -115.2141435, 36.2431098 ], [ -115.2141408, 36.2431098 ], [ -115.2141408, 36.2431125 ], [ -115.2141381, 36.2431125 ], [ -115.2141381, 36.2431206 ], [ -115.2141408, 36.2431206 ], [ -115.2141408, 36.2431233 ], [ -115.2141435, 36.2431233 ], [ -115.2141435, 36.243126 ], [ -115.2141462, 36.243126 ], [ -115.2141462, 36.2431287 ], [ -115.2141543, 36.2431287 ], [ -115.2141543, 36.2431314 ], [ -115.214157, 36.2431314 ], [ -115.214157, 36.2431341 ], [ -115.2141597, 36.2431341 ], [ -115.2141597, 36.2431449 ], [ -115.214157, 36.2431449 ], [ -115.214157, 36.243153 ], [ -115.2141543, 36.243153 ], [ -115.2141543, 36.2431692 ], [ -115.2141516, 36.2431692 ], [ -115.2141516, 36.2431719 ], [ -115.2141489, 36.2431719 ], [ -115.2141489, 36.2431746 ] ] ] } },
{ "type": "Feature", "properties": { "value": 255.0 }, "geometry": { "type": "Polygon", "coordinates": [ [ [ -115.2145026, 36.2431071 ], [ -115.2144864, 36.2431071 ], [ -115.2144864, 36.2431044 ], [ -115.2144837, 36.2431044 ], [ -115.2144837, 36.243099 ], [ -115.214481, 36.243099 ], [ -115.214481, 36.2430693 ], [ -115.2144783, 36.2430693 ], [ -115.2144783, 36.2430477 ], [ -115.2144756, 36.2430477 ], [ -115.2144756, 36.2430342 ], [ -115.2144783, 36.2430342 ], [ -115.2144783, 36.2430315 ], [ -115.2144837, 36.2430315 ], [ -115.2144837, 36.2430288 ], [ -115.2144864, 36.2430288 ], [ -115.2144864, 36.2430234 ], [ -115.214481, 36.2430234 ], [ -115.214481, 36.2430207 ], [ -115.2144783, 36.2430207 ], [ -115.2144783, 36.243018 ], [ -115.2144756, 36.243018 ], [ -115.2144756, 36.2430099 ], [ -115.2144783, 36.2430099 ], [ -115.2144783, 36.2430045 ], [ -115.2144756, 36.2430045 ], [ -115.2144756, 36.2429964 ], [ -115.2144783, 36.2429964 ], [ -115.2144783, 36.242991 ], [ -115.214481, 36.242991 ], [ -115.214481, 36.2429883 ], [ -115.2144837, 36.2429883 ], [ -115.2144837, 36.2429856 ], [ -115.2144864, 36.2429856 ], [ -115.2144864, 36.2429829 ], [ -115.2144918, 36.2429829 ], [ -115.2144918, 36.2429802 ], [ -115.2145026, 36.2429802 ], [ -115.2145026, 36.2431071 ] ] ] } },
{ "type": "Feature", "properties": { "value": 255.0 }, "geometry": { "type": "Polygon", "coordinates": [ [ [ -115.2141867, 36.2429856 ], [ -115.2141138, 36.2429856 ], [ -115.2141138, 36.2429829 ], [ -115.214103, 36.2429829 ], [ -115.214103, 36.2429802 ], [ -115.2140922, 36.2429802 ], [ -115.2140922, 36.2429775 ], [ -115.2140544, 36.2429775 ], [ -115.2140544, 36.2429748 ], [ -115.2140085, 36.2429748 ], [ -115.2140085, 36.2429721 ], [ -115.2140058, 36.2429721 ], [ -115.2140058, 36.2429424 ], [ -115.2140031, 36.2429424 ], [ -115.2140031, 36.2429316 ], [ -115.2140058, 36.2429316 ], [ -115.2140058, 36.24291 ], [ -115.2140085, 36.24291 ], [ -115.2140085, 36.2428992 ], [ -115.2140058, 36.2428992 ], [ -115.2140058, 36.2428938 ], [ -115.2140031, 36.2428938 ], [ -115.2140031, 36.2428911 ], [ -115.2139977, 36.2428911 ], [ -115.2139977, 36.2428884 ], [ -115.2139896, 36.2428884 ], [ -115.2139896, 36.2428857 ], [ -115.2139869, 36.2428857 ], [ -115.2139869, 36.242883 ], [ -115.2139842, 36.242883 ], [ -115.2139842, 36.2428668 ], [ -115.2139869, 36.2428668 ], [ -115.2139869, 36.2428614 ], [ -115.2139896, 36.2428614 ], [ -115.2139896, 36.242856 ], [ -115.2139977, 36.242856 ], [ -115.2139977, 36.2428533 ], [ -115.2140112, 36.2428533 ], [ -115.2140112, 36.2428506 ], [ -115.2140625, 36.2428506 ], [ -115.2140625, 36.2428533 ], [ -115.2140841, 36.2428533 ], [ -115.2140841, 36.2428506 ], [ -115.214157, 36.2428506 ], [ -115.214157, 36.2428533 ], [ -115.2141651, 36.2428533 ], [ -115.2141651, 36.242856 ], [ -115.2141705, 36.242856 ], [ -115.2141705, 36.2428587 ], [ -115.2141732, 36.2428587 ], [ -115.2141732, 36.2428668 ], [ -115.2141759, 36.2428668 ], [ -115.2141759, 36.2428965 ], [ -115.2141732, 36.2428965 ], [ -115.2141732, 36.2428992 ], [ -115.2141705, 36.2428992 ], [ -115.2141705, 36.2429019 ], [ -115.2141327, 36.2429019 ], [ -115.2141327, 36.2429046 ], [ -115.21413, 36.2429046 ], [ -115.21413, 36.24291 ], [ -115.2141273, 36.24291 ], [ -115.2141273, 36.2429127 ], [ -115.2141246, 36.2429127 ], [ -115.2141246, 36.2429154 ], [ -115.2141273, 36.2429154 ], [ -115.2141273, 36.2429208 ], [ -115.21413, 36.2429208 ], [ -115.21413, 36.2429262 ], [ -115.2141786, 36.2429262 ], [ -115.2141786, 36.2429289 ], [ -115.214184, 36.2429289 ], [ -115.214184, 36.2429316 ], [ -115.2141867, 36.2429316 ], [ -115.2141867, 36.2429505 ], [ -115.2141894, 36.2429505 ], [ -115.2141894, 36.2429829 ], [ -115.2141867, 36.2429829 ], [ -115.2141867, 36.2429856 ] ] ] } },
{ "type": "Feature", "properties": { "value": 255.0 }, "geometry": { "type": "Polygon", "coordinates": [ [ [ -115.2132903, 36.2428938 ], [ -115.2132633, 36.2428938 ], [ -115.2132633, 36.2428911 ], [ -115.2132552, 36.2428911 ], [ -115.2132552, 36.2428884 ], [ -115.2132498, 36.2428884 ], [ -115.2132498, 36.2428857 ], [ -115.2132444, 36.2428857 ], [ -115.2132444, 36.242883 ], [ -115.2132336, 36.242883 ], [ -115.2132336, 36.2428722 ], [ -115.2132363, 36.2428722 ], [ -115.2132363, 36.2428668 ], [ -115.2132336, 36.2428668 ], [ -115.2132336, 36.2428614 ], [ -115.2132282, 36.2428614 ], [ -115.2132282, 36.2428587 ], [ -115.2132039, 36.2428587 ], [ -115.2132039, 36.242856 ], [ -115.2132012, 36.242856 ], [ -115.2132012, 36.2428317 ], [ -115.2131985, 36.2428317 ], [ -115.2131985, 36.242829 ], [ -115.2131742, 36.242829 ], [ -115.2131742, 36.2428263 ], [ -115.2131715, 36.2428263 ], [ -115.2131715, 36.2428182 ], [ -115.2131742, 36.2428182 ], [ -115.2131742, 36.2427993 ], [ -115.2131769, 36.2427993 ], [ -115.2131769, 36.2427723 ], [ -115.2131796, 36.2427723 ], [ -115.2131796, 36.2427615 ], [ -115.2131823, 36.2427615 ], [ -115.2131823, 36.2427588 ], [ -115.2131877, 36.2427588 ], [ -115.2131877, 36.2427561 ], [ -115.2131958, 36.2427561 ], [ -115.2131958, 36.2427588 ], [ -115.2132228, 36.2427588 ], [ -115.2132228, 36.2427561 ], [ -115.213239, 36.2427561 ], [ -115.213239, 36.2427534 ], [ -115.2132552, 36.2427534 ], [ -115.2132552, 36.2427507 ], [ -115.2132714, 36.2427507 ], [ -115.2132714, 36.2427534 ], [ -115.2132795, 36.2427534 ], [ -115.2132795, 36.2427561 ], [ -115.2132876, 36.2427561 ], [ -115.2132876, 36.2427588 ], [ -115.2133119, 36.2427588 ], [ -115.2133119, 36.2427615 ], [ -115.2133146, 36.2427615 ], [ -115.2133146, 36.242775 ], [ -115.2133173, 36.242775 ], [ -115.2133173, 36.2427912 ], [ -115.2133146, 36.2427912 ], [ -115.2133146, 36.2427939 ], [ -115.2133173, 36.2427939 ], [ -115.2133173, 36.2427966 ], [ -115.2133146, 36.2427966 ], [ -115.2133146, 36.2428047 ], [ -115.2133173, 36.2428047 ], [ -115.2133173, 36.2428074 ], [ -115.2133146, 36.2428074 ], [ -115.2133146, 36.2428479 ], [ -115.2133173, 36.2428479 ], [ -115.2133173, 36.2428533 ], [ -115.21332, 36.2428533 ], [ -115.21332, 36.2428668 ], [ -115.2133173, 36.2428668 ], [ -115.2133173, 36.2428695 ], [ -115.2133092, 36.2428695 ], [ -115.2133092, 36.2428722 ], [ -115.2133038, 36.2428722 ], [ -115.2133038, 36.2428749 ], [ -115.2133011, 36.2428749 ], [ -115.2133011, 36.242883 ], [ -115.2132984, 36.242883 ], [ -115.2132984, 36.2428884 ], [ -115.2132957, 36.2428884 ], [ -115.2132957, 36.2428911 ], [ -115.2132903, 36.2428911 ], [ -115.2132903, 36.2428938 ] ] ] } },
{ "type": "Feature", "properties": { "value": 255.0 }, "geometry": { "type": "Polygon", "coordinates": [ [ [ -115.2130581, 36.2428803 ], [ -115.2130014, 36.2428803 ], [ -115.2130014, 36.2428776 ], [ -115.2129906, 36.2428776 ], [ -115.2129906, 36.2428749 ], [ -115.2129879, 36.2428749 ], [ -115.2129879, 36.2428722 ], [ -115.2129852, 36.2428722 ], [ -115.2129852, 36.2428479 ], [ -115.2129879, 36.2428479 ], [ -115.2129879, 36.2428317 ], [ -115.2129906, 36.2428317 ], [ -115.2129906, 36.2427534 ], [ -115.2129933, 36.2427534 ], [ -115.2129933, 36.2427399 ], [ -115.2129906, 36.2427399 ], [ -115.2129906, 36.2427291 ], [ -115.2129933, 36.2427291 ], [ -115.2129933, 36.2427264 ], [ -115.212996, 36.2427264 ], [ -115.212996, 36.2427237 ], [ -115.2130635, 36.2427237 ], [ -115.2130635, 36.2427264 ], [ -115.213077, 36.2427264 ], [ -115.213077, 36.2427291 ], [ -115.2130932, 36.2427291 ], [ -115.2130932, 36.2427318 ], [ -115.2130986, 36.2427318 ], [ -115.2130986, 36.2427345 ], [ -115.213104, 36.2427345 ], [ -115.213104, 36.2427372 ], [ -115.2131067, 36.2427372 ], [ -115.2131067, 36.2427399 ], [ -115.2131094, 36.2427399 ], [ -115.2131094, 36.2427453 ], [ -115.2131202, 36.2427453 ], [ -115.2131202, 36.242748 ], [ -115.2131283, 36.242748 ], [ -115.2131283, 36.2427507 ], [ -115.2131472, 36.2427507 ], [ -115.2131472, 36.2427534 ], [ -115.2131499, 36.2427534 ], [ -115.2131499, 36.2427669 ], [ -115.2131526, 36.2427669 ], [ -115.2131526, 36.2427912 ], [ -115.2131499, 36.2427912 ], [ -115.2131499, 36.2428128 ], [ -115.2131472, 36.2428128 ], [ -115.2131472, 36.2428371 ], [ -115.2131445, 36.2428371 ], [ -115.2131445, 36.2428398 ], [ -115.2131175, 36.2428398 ], [ -115.2131175, 36.2428425 ], [ -115.2130797, 36.2428425 ], [ -115.2130797, 36.2428398 ], [ -115.213077, 36.2428398 ], [ -115.213077, 36.2428344 ], [ -115.2130743, 36.2428344 ], [ -115.2130743, 36.242829 ], [ -115.2130689, 36.242829 ], [ -115.2130689, 36.2428263 ], [ -115.2130662, 36.2428263 ], [ -115.2130662, 36.242829 ], [ -115.2130635, 36.242829 ], [ -115.2130635, 36.2428452 ], [ -115.2130608, 36.2428452 ], [ -115.2130608, 36.2428776 ], [ -115.2130581, 36.2428776 ], [ -115.2130581, 36.2428803 ] ] ] } },
{ "type": "Feature", "properties": { "value": 255.0 }, "geometry": { "type": "Polygon", "coordinates": [ [ [ -115.2128934, 36.2428722 ], [ -115.2128745, 36.2428722 ], [ -115.2128745, 36.2428695 ], [ -115.2128637, 36.2428695 ], [ -115.2128637, 36.2428668 ], [ -115.2128502, 36.2428668 ], [ -115.2128502, 36.2428641 ], [ -115.2128421, 36.2428641 ], [ -115.2128421, 36.2428614 ], [ -115.2128178, 36.2428614 ], [ -115.2128178, 36.2428587 ], [ -115.2127962, 36.2428587 ], [ -115.2127962, 36.242856 ], [ -115.2127908, 36.242856 ], [ -115.2127908, 36.2428533 ], [ -115.2127881, 36.2428533 ], [ -115.2127881, 36.2428371 ], [ -115.2127908, 36.2428371 ], [ -115.2127908, 36.2428317 ], [ -115.2127935, 36.2428317 ], [ -115.2127935, 36.2428236 ], [ -115.2127962, 36.2428236 ], [ -115.2127962, 36.2428155 ], [ -115.2127935, 36.2428155 ], [ -115.2127935, 36.2428128 ], [ -115.2127908, 36.2428128 ], [ -115.2127908, 36.2428101 ], [ -115.2127827, 36.2428101 ], [ -115.2127827, 36.2428128 ], [ -115.2127773, 36.2428128 ], [ -115.2127773, 36.2428155 ], [ -115.2127719, 36.2428155 ], [ -115.2127719, 36.2428182 ], [ -115.2127476, 36.2428182 ], [ -115.2127476, 36.2427399 ], [ -115.212753, 36.2427399 ], [ -115.212753, 36.2427372 ], [ -115.2127557, 36.2427372 ], [ -115.2127557, 36.2427318 ], [ -115.2127584, 36.2427318 ], [ -115.2127584, 36.2427264 ], [ -115.2127611, 36.2427264 ], [ -115.2127611, 36.242721 ], [ -115.2127638, 36.242721 ], [ -115.2127638, 36.2427075 ], [ -115.2127665, 36.2427075 ], [ -115.2127665, 36.2427021 ], [ -115.2127692, 36.2427021 ], [ -115.2127692, 36.2426967 ], [ -115.2127719, 36.2426967 ], [ -115.2127719, 36.242694 ], [ -115.2128043, 36.242694 ], [ -115.2128043, 36.2426967 ], [ -115.2128178, 36.2426967 ], [ -115.2128178, 36.242694 ], [ -115.2128313, 36.242694 ], [ -115.2128313, 36.2426967 ], [ -115.2128475, 36.2426967 ], [ -115.2128475, 36.2426994 ], [ -115.2128637, 36.2426994 ], [ -115.2128637, 36.2427021 ], [ -115.2128826, 36.2427021 ], [ -115.2128826, 36.2427048 ], [ -115.2128907, 36.2427048 ], [ -115.2128907, 36.2427075 ], [ -115.2128988, 36.2427075 ], [ -115.2128988, 36.2427102 ], [ -115.2129069, 36.2427102 ], [ -115.2129069, 36.2427129 ], [ -115.2129096, 36.2427129 ], [ -115.2129096, 36.2427156 ], [ -115.212915, 36.2427156 ], [ -115.212915, 36.2427183 ], [ -115.2129177, 36.2427183 ], [ -115.2129177, 36.2427237 ], [ -115.2129204, 36.2427237 ], [ -115.2129204, 36.2427291 ], [ -115.2129231, 36.2427291 ], [ -115.2129231, 36.2427345 ], [ -115.2129258, 36.2427345 ], [ -115.2129258, 36.2427642 ], [ -115.2129231, 36.2427642 ], [ -115.2129231, 36.2427723 ], [ -115.2129204, 36.2427723 ], [ -115.2129204, 36.2427804 ], [ -115.2129177, 36.2427804 ], [ -115.2129177, 36.2427858 ], [ -115.212915, 36.2427858 ], [ -115.212915, 36.2427939 ], [ -115.2129123, 36.2427939 ], [ -115.2129123, 36.2427993 ], [ -115.2129096, 36.2427993 ], [ -115.2129096, 36.2428074 ], [ -115.2129069, 36.2428074 ], [ -115.2129069, 36.2428128 ], [ -115.2129042, 36.2428128 ], [ -115.2129042, 36.242829 ], [ -115.2129069, 36.242829 ], [ -115.2129069, 36.2428425 ], [ -115.2129042, 36.2428425 ], [ -115.2129042, 36.2428479 ], [ -115.2129015, 36.2428479 ], [ -115.2129015, 36.242856 ], [ -115.2128988, 36.242856 ], [ -115.2128988, 36.2428641 ], [ -115.2128961, 36.2428641 ], [ -115.2128961, 36.2428695 ], [ -115.2128934, 36.2428695 ], [ -115.2128934, 36.2428722 ] ] ] } },
{ "type": "Feature", "properties": { "value": 255.0 }, "geometry": { "type": "Polygon", "coordinates": [ [ [ -115.2141354, 36.2428209 ], [ -115.2141273, 36.2428209 ], [ -115.2141273, 36.2428182 ], [ -115.2140733, 36.2428182 ], [ -115.2140733, 36.2428155 ], [ -115.2140355, 36.2428155 ], [ -115.2140355, 36.2428128 ], [ -115.214022, 36.2428128 ], [ -115.214022, 36.2428101 ], [ -115.2139761, 36.2428101 ], [ -115.2139761, 36.2428074 ], [ -115.2139734, 36.2428074 ], [ -115.2139734, 36.2427939 ], [ -115.2139707, 36.2427939 ], [ -115.2139707, 36.2427858 ], [ -115.2139734, 36.2427858 ], [ -115.2139734, 36.2427777 ], [ -115.2139707, 36.2427777 ], [ -115.2139707, 36.2427696 ], [ -115.2139734, 36.2427696 ], [ -115.2139734, 36.2427372 ], [ -115.2139761, 36.2427372 ], [ -115.2139761, 36.2427264 ], [ -115.2139788, 36.2427264 ], [ -115.2139788, 36.2427237 ], [ -115.2140058, 36.2427237 ], [ -115.2140058, 36.242721 ], [ -115.2140085, 36.242721 ], [ -115.2140085, 36.242694 ], [ -115.2140112, 36.242694 ], [ -115.2140112, 36.2426913 ], [ -115.2140652, 36.2426913 ], [ -115.2140652, 36.242694 ], [ -115.2141759, 36.242694 ], [ -115.2141759, 36.2426967 ], [ -115.2141948, 36.2426967 ], [ -115.2141948, 36.2426994 ], [ -115.2141975, 36.2426994 ], [ -115.2141975, 36.2427021 ], [ -115.2142002, 36.2427021 ], [ -115.2142002, 36.2427453 ], [ -115.2141975, 36.2427453 ], [ -115.2141975, 36.2427534 ], [ -115.2141462, 36.2427534 ], [ -115.2141462, 36.2427561 ], [ -115.2141381, 36.2427561 ], [ -115.2141381, 36.2427642 ], [ -115.2141408, 36.2427642 ], [ -115.2141408, 36.2427669 ], [ -115.2141435, 36.2427669 ], [ -115.2141435, 36.2427723 ], [ -115.2141462, 36.2427723 ], [ -115.2141462, 36.2427831 ], [ -115.2141435, 36.2427831 ], [ -115.2141435, 36.2427966 ], [ -115.2141408, 36.2427966 ], [ -115.2141408, 36.2428128 ], [ -115.2141381, 36.2428128 ], [ -115.2141381, 36.2428182 ], [ -115.2141354, 36.2428182 ], [ -115.2141354, 36.2428209 ] ] ] } },
{ "type": "Feature", "properties": { "value": 255.0 }, "geometry": { "type": "Polygon", "coordinates": [ [ [ -115.2135036, 36.2428371 ], [ -115.2134982, 36.2428371 ], [ -115.2134982, 36.2428344 ], [ -115.2134442, 36.2428344 ], [ -115.2134442, 36.2428317 ], [ -115.2134361, 36.2428317 ], [ -115.2134361, 36.242829 ], [ -115.2134118, 36.242829 ], [ -115.2134118, 36.2428263 ], [ -115.2134091, 36.2428263 ], [ -115.2134091, 36.2428209 ], [ -115.2134064, 36.2428209 ], [ -115.2134064, 36.2428128 ], [ -115.2134091, 36.2428128 ], [ -115.2134091, 36.2427804 ], [ -115.2134118, 36.2427804 ], [ -115.2134118, 36.2427642 ], [ -115.2134145, 36.2427642 ], [ -115.2134145, 36.2427615 ], [ -115.2134469, 36.2427615 ], [ -115.2134469, 36.2427588 ], [ -115.2134496, 36.2427588 ], [ -115.2134496, 36.2427318 ], [ -115.2134523, 36.2427318 ], [ -115.2134523, 36.2426886 ], [ -115.2135036, 36.2426886 ], [ -115.2135036, 36.2426859 ], [ -115.2135063, 36.2426859 ], [ -115.2135063, 36.2426805 ], [ -115.213509, 36.2426805 ], [ -115.213509, 36.2426778 ], [ -115.2135117, 36.2426778 ], [ -115.2135117, 36.2426751 ], [ -115.2135225, 36.2426751 ], [ -115.2135225, 36.2426724 ], [ -115.21359, 36.2426724 ], [ -115.21359, 36.2426751 ], [ -115.2135981, 36.2426751 ], [ -115.2135981, 36.2426778 ], [ -115.2136035, 36.2426778 ], [ -115.2136035, 36.2426832 ], [ -115.2136062, 36.2426832 ], [ -115.2136062, 36.2427453 ], [ -115.2136089, 36.2427453 ], [ -115.2136089, 36.2427507 ], [ -115.2136062, 36.2427507 ], [ -115.2136062, 36.2427642 ], [ -115.2136035, 36.2427642 ], [ -115.2136035, 36.2427804 ], [ -115.2136008, 36.2427804 ], [ -115.2136008, 36.2428128 ], [ -115.2135981, 36.2428128 ], [ -115.2135981, 36.2428155 ], [ -115.2135954, 36.2428155 ], [ -115.2135954, 36.2428182 ], [ -115.21359, 36.2428182 ], [ -115.21359, 36.2428209 ], [ -115.2135873, 36.2428209 ], [ -115.2135873, 36.2428236 ], [ -115.2135846, 36.2428236 ], [ -115.2135846, 36.2428263 ], [ -115.2135792, 36.2428263 ], [ -115.2135792, 36.242829 ], [ -115.2135738, 36.242829 ], [ -115.2135738, 36.2428263 ], [ -115.2135549, 36.2428263 ], [ -115.2135549, 36.2428236 ], [ -115.2135441, 36.2428236 ], [ -115.2135441, 36.2428209 ], [ -115.213536, 36.2428209 ], [ -115.213536, 36.2428182 ], [ -115.2135333, 36.2428182 ], [ -115.2135333, 36.2427993 ], [ -115.213536, 36.2427993 ], [ -115.213536, 36.2427858 ], [ -115.2135333, 36.2427858 ], [ -115.2135333, 36.2427831 ], [ -115.2135306, 36.2427831 ], [ -115.2135306, 36.2427804 ], [ -115.2135171, 36.2427804 ], [ -115.2135171, 36.2427831 ], [ -115.2135144, 36.2427831 ], [ -115.2135144, 36.2427993 ], [ -115.2135117, 36.2427993 ], [ -115.2135117, 36.2428317 ], [ -115.213509, 36.2428317 ], [ -115.213509, 36.2428344 ], [ -115.2135036, 36.2428344 ], [ -115.2135036, 36.2428371 ] ] ] } },
{ "type": "Feature", "properties": { "value": 255.0 }, "geometry": { "type": "Polygon", "coordinates": [ [ [ -115.2138438, 36.2427966 ], [ -115.2137736, 36.2427966 ], [ -115.2137736, 36.2427939 ], [ -115.2137682, 36.2427939 ], [ -115.2137682, 36.2427507 ], [ -115.2137709, 36.2427507 ], [ -115.2137709, 36.2427453 ], [ -115.2137682, 36.2427453 ], [ -115.2137682, 36.2427426 ], [ -115.2137655, 36.2427426 ], [ -115.2137655, 36.2427399 ], [ -115.2137493, 36.2427399 ], [ -115.2137493, 36.2427453 ], [ -115.2137466, 36.2427453 ], [ -115.2137466, 36.2427696 ], [ -115.2137439, 36.2427696 ], [ -115.2137439, 36.242775 ], [ -115.2137412, 36.242775 ], [ -115.2137412, 36.2427777 ], [ -115.2137331, 36.2427777 ], [ -115.2137331, 36.2427804 ], [ -115.2137115, 36.2427804 ], [ -115.2137115, 36.2427831 ], [ -115.213698, 36.2427831 ], [ -115.213698, 36.2427804 ], [ -115.2136953, 36.2427804 ], [ -115.2136953, 36.2427777 ], [ -115.2136899, 36.2427777 ], [ -115.2136899, 36.242775 ], [ -115.2136845, 36.242775 ], [ -115.2136845, 36.2427723 ], [ -115.2136818, 36.2427723 ], [ -115.2136818, 36.2427696 ], [ -115.2136791, 36.2427696 ], [ -115.2136791, 36.2427453 ], [ -115.2136818, 36.2427453 ], [ -115.2136818, 36.2427102 ], [ -115.2136845, 36.2427102 ], [ -115.2136845, 36.2426373 ], [ -115.2136872, 36.2426373 ], [ -115.2136872, 36.2426319 ], [ -115.2136899, 36.2426319 ], [ -115.2136899, 36.2426292 ], [ -115.2136926, 36.2426292 ], [ -115.2136926, 36.2426265 ], [ -115.2137169, 36.2426265 ], [ -115.2137169, 36.2426238 ], [ -115.213779, 36.2426238 ], [ -115.213779, 36.2426265 ], [ -115.2137979, 36.2426265 ], [ -115.2137979, 36.2426292 ], [ -115.2138006, 36.2426292 ], [ -115.2138006, 36.2426373 ], [ -115.2138033, 36.2426373 ], [ -115.2138033, 36.2426454 ], [ -115.213806, 36.2426454 ], [ -115.213806, 36.2426481 ], [ -115.2138087, 36.2426481 ], [ -115.2138087, 36.2426508 ], [ -115.213833, 36.2426508 ], [ -115.213833, 36.2426535 ], [ -115.2138384, 36.2426535 ], [ -115.2138384, 36.2426562 ], [ -115.2138411, 36.2426562 ], [ -115.2138411, 36.2426589 ], [ -115.2138438, 36.2426589 ], [ -115.2138438, 36.242667 ], [ -115.2138465, 36.242667 ], [ -115.2138465, 36.2427102 ], [ -115.2138438, 36.2427102 ], [ -115.2138438, 36.2427237 ], [ -115.2138465, 36.2427237 ], [ -115.2138465, 36.2427264 ], [ -115.2138492, 36.2427264 ], [ -115.2138492, 36.2427291 ], [ -115.2138654, 36.2427291 ], [ -115.2138654, 36.2427318 ], [ -115.2138735, 36.2427318 ], [ -115.2138735, 36.2427372 ], [ -115.2138762, 36.2427372 ], [ -115.2138762, 36.2427588 ], [ -115.2138735, 36.2427588 ], [ -115.2138735, 36.2427885 ], [ -115.2138708, 36.2427885 ], [ -115.2138708, 36.2427912 ], [ -115.2138681, 36.2427912 ], [ -115.2138681, 36.2427939 ], [ -115.2138438, 36.2427939 ], [ -115.2138438, 36.2427966 ] ] ] } },
{ "type": "Feature", "properties": { "value": 255.0 }, "geometry": { "type": "Polygon", "coordinates": [ [ [ -115.2128772, 36.2426346 ], [ -115.2128097, 36.2426346 ], [ -115.2128097, 36.2426319 ], [ -115.212807, 36.2426319 ], [ -115.212807, 36.2426292 ], [ -115.2128043, 36.2426292 ], [ -115.2128043, 36.2426238 ], [ -115.2128016, 36.2426238 ], [ -115.2128016, 36.2425806 ], [ -115.2128043, 36.2425806 ], [ -115.2128043, 36.2425779 ], [ -115.212807, 36.2425779 ], [ -115.212807, 36.2425752 ], [ -115.2128205, 36.2425752 ], [ -115.2128205, 36.2425725 ], [ -115.212861, 36.2425725 ], [ -115.212861, 36.2425698 ], [ -115.2128637, 36.2425698 ], [ -115.2128637, 36.2425671 ], [ -115.2128664, 36.2425671 ], [ -115.2128664, 36.2425644 ], [ -115.2128691, 36.2425644 ], [ -115.2128691, 36.2425563 ], [ -115.2128664, 36.2425563 ], [ -115.2128664, 36.2425536 ], [ -115.2128583, 36.2425536 ], [ -115.2128583, 36.2425509 ], [ -115.2128286, 36.2425509 ], [ -115.2128286, 36.2425482 ], [ -115.2128232, 36.2425482 ], [ -115.2128232, 36.2425455 ], [ -115.2128205, 36.2425455 ], [ -115.2128205, 36.2425428 ], [ -115.2128178, 36.2425428 ], [ -115.2128178, 36.2425347 ], [ -115.2128151, 36.2425347 ], [ -115.2128151, 36.242532 ], [ -115.2128178, 36.242532 ], [ -115.2128178, 36.2425185 ], [ -115.2128205, 36.2425185 ], [ -115.2128205, 36.2425158 ], [ -115.2128232, 36.2425158 ], [ -115.2128232, 36.2425104 ], [ -115.2128259, 36.2425104 ], [ -115.2128259, 36.2425077 ], [ -115.2128286, 36.2425077 ], [ -115.2128286, 36.242505 ], [ -115.2128313, 36.242505 ], [ -115.2128313, 36.2425023 ], [ -115.212834, 36.2425023 ], [ -115.212834, 36.2424996 ], [ -115.2128934, 36.2424996 ], [ -115.2128934, 36.2425023 ], [ -115.2129258, 36.2425023 ], [ -115.2129258, 36.242505 ], [ -115.2129879, 36.242505 ], [ -115.2129879, 36.2425077 ], [ -115.2129987, 36.2425077 ], [ -115.2129987, 36.2425104 ], [ -115.2130014, 36.2425104 ], [ -115.2130014, 36.2425158 ], [ -115.2130041, 36.2425158 ], [ -115.2130041, 36.2425266 ], [ -115.2130068, 36.2425266 ], [ -115.2130068, 36.2425374 ], [ -115.2130095, 36.2425374 ], [ -115.2130095, 36.2425482 ], [ -115.2130068, 36.2425482 ], [ -115.2130068, 36.2425509 ], [ -115.2130041, 36.2425509 ], [ -115.2130041, 36.2425536 ], [ -115.2130014, 36.2425536 ], [ -115.2130014, 36.2425563 ], [ -115.2129906, 36.2425563 ], [ -115.2129906, 36.242559 ], [ -115.2129852, 36.242559 ], [ -115.2129852, 36.2425617 ], [ -115.2129798, 36.2425617 ], [ -115.2129798, 36.2425698 ], [ -115.2129771, 36.2425698 ], [ -115.2129771, 36.2425779 ], [ -115.2129744, 36.2425779 ], [ -115.2129744, 36.2426184 ], [ -115.2129717, 36.2426184 ], [ -115.2129717, 36.2426292 ], [ -115.2129663, 36.2426292 ], [ -115.2129663, 36.2426319 ], [ -115.2129555, 36.2426319 ], [ -115.2129555, 36.2426292 ], [ -115.212888, 36.2426292 ], [ -115.212888, 36.2426319 ], [ -115.2128772, 36.2426319 ], [ -115.2128772, 36.2426346 ] ] ] } },
{ "type": "Feature", "properties": { "value": 255.0 }, "geometry": { "type": "Polygon", "coordinates": [ [ [ -115.2142083, 36.2426319 ], [ -115.2141948, 36.2426319 ], [ -115.2141948, 36.2426292 ], [ -115.2141435, 36.2426292 ], [ -115.2141435, 36.2426265 ], [ -115.21413, 36.2426265 ], [ -115.21413, 36.2426211 ], [ -115.2141219, 36.2426211 ], [ -115.2141219, 36.2426184 ], [ -115.2140868, 36.2426184 ], [ -115.2140868, 36.2426157 ], [ -115.2140544, 36.2426157 ], [ -115.2140544, 36.242613 ], [ -115.2140328, 36.242613 ], [ -115.2140328, 36.2426103 ], [ -115.2139977, 36.2426103 ], [ -115.2139977, 36.2426076 ], [ -115.213995, 36.2426076 ], [ -115.213995, 36.2426049 ], [ -115.2139923, 36.2426049 ], [ -115.2139923, 36.2425995 ], [ -115.2139896, 36.2425995 ], [ -115.2139896, 36.2425644 ], [ -115.2139923, 36.2425644 ], [ -115.2139923, 36.2425428 ], [ -115.213995, 36.2425428 ], [ -115.213995, 36.2425374 ], [ -115.2139977, 36.2425374 ], [ -115.2139977, 36.242532 ], [ -115.2140004, 36.242532 ], [ -115.2140004, 36.2425293 ], [ -115.2140031, 36.2425293 ], [ -115.2140031, 36.2425266 ], [ -115.2140058, 36.2425266 ], [ -115.2140058, 36.2424996 ], [ -115.2140085, 36.2424996 ], [ -115.2140085, 36.2424942 ], [ -115.2140139, 36.2424942 ], [ -115.2140139, 36.2424915 ], [ -115.2140193, 36.2424915 ], [ -115.2140193, 36.2424888 ], [ -115.2140706, 36.2424888 ], [ -115.2140706, 36.2424915 ], [ -115.2140976, 36.2424915 ], [ -115.2140976, 36.2424942 ], [ -115.2141678, 36.2424942 ], [ -115.2141678, 36.2424969 ], [ -115.2141894, 36.2424969 ], [ -115.2141894, 36.2424996 ], [ -115.2141921, 36.2424996 ], [ -115.2141921, 36.2425023 ], [ -115.2141948, 36.2425023 ], [ -115.2141948, 36.2425104 ], [ -115.2141975, 36.2425104 ], [ -115.2141975, 36.2425158 ], [ -115.2142002, 36.2425158 ], [ -115.2142002, 36.2425239 ], [ -115.2142029, 36.2425239 ], [ -115.2142029, 36.242532 ], [ -115.2142056, 36.242532 ], [ -115.2142056, 36.2425428 ], [ -115.2142029, 36.2425428 ], [ -115.2142029, 36.2425455 ], [ -115.2141975, 36.2425455 ], [ -115.2141975, 36.2425482 ], [ -115.2141516, 36.2425482 ], [ -115.2141516, 36.2425509 ], [ -115.2141489, 36.2425509 ], [ -115.2141489, 36.2425536 ], [ -115.2141462, 36.2425536 ], [ -115.2141462, 36.2425617 ], [ -115.2141489, 36.2425617 ], [ -115.2141489, 36.2425671 ], [ -115.2141543, 36.2425671 ], [ -115.2141543, 36.2425698 ], [ -115.2142029, 36.2425698 ], [ -115.2142029, 36.2425725 ], [ -115.2142137, 36.2425725 ], [ -115.2142137, 36.2425752 ], [ -115.2142164, 36.2425752 ], [ -115.2142164, 36.2426049 ], [ -115.2142137, 36.2426049 ], [ -115.2142137, 36.2426265 ], [ -115.214211, 36.2426265 ], [ -115.214211, 36.2426292 ], [ -115.2142083, 36.2426292 ], [ -115.2142083, 36.2426319 ] ] ] } },
{ "type": "Feature", "properties": { "value": 255.0 }, "geometry": { "type": "Polygon", "coordinates": [ [ [ -115.2132552, 36.2426292 ], [ -115.213212, 36.2426292 ], [ -115.213212, 36.2426265 ], [ -115.2131553, 36.2426265 ], [ -115.2131553, 36.2426292 ], [ -115.2131445, 36.2426292 ], [ -115.2131445, 36.2426265 ], [ -115.2131391, 36.2426265 ], [ -115.2131391, 36.2426238 ], [ -115.2131364, 36.2426238 ], [ -115.2131364, 36.2426157 ], [ -115.2131337, 36.2426157 ], [ -115.2131337, 36.2425158 ], [ -115.213131, 36.2425158 ], [ -115.213131, 36.2425023 ], [ -115.2131337, 36.2425023 ], [ -115.2131337, 36.2424996 ], [ -115.2131364, 36.2424996 ], [ -115.2131364, 36.2424969 ], [ -115.2131418, 36.2424969 ], [ -115.2131418, 36.2424942 ], [ -115.2131553, 36.2424942 ], [ -115.2131553, 36.2424915 ], [ -115.2132417, 36.2424915 ], [ -115.2132417, 36.2424888 ], [ -115.2132876, 36.2424888 ], [ -115.2132876, 36.2424915 ], [ -115.2132903, 36.2424915 ], [ -115.2132903, 36.2424942 ], [ -115.213293, 36.2424942 ], [ -115.213293, 36.2425077 ], [ -115.2132957, 36.2425077 ], [ -115.2132957, 36.2425185 ], [ -115.2132984, 36.2425185 ], [ -115.2132984, 36.2425239 ], [ -115.2132957, 36.2425239 ], [ -115.2132957, 36.2425293 ], [ -115.2132903, 36.2425293 ], [ -115.2132903, 36.242532 ], [ -115.2132849, 36.242532 ], [ -115.2132849, 36.2425347 ], [ -115.2132822, 36.2425347 ], [ -115.2132822, 36.2425482 ], [ -115.2132849, 36.2425482 ], [ -115.2132849, 36.2425509 ], [ -115.2132903, 36.2425509 ], [ -115.2132903, 36.2425536 ], [ -115.2133146, 36.2425536 ], [ -115.2133146, 36.2425509 ], [ -115.2133173, 36.2425509 ], [ -115.2133173, 36.2425536 ], [ -115.2133281, 36.2425536 ], [ -115.2133281, 36.2425968 ], [ -115.2133308, 36.2425968 ], [ -115.2133308, 36.2426103 ], [ -115.2133281, 36.2426103 ], [ -115.2133281, 36.2426184 ], [ -115.2133254, 36.2426184 ], [ -115.2133254, 36.2426211 ], [ -115.2133227, 36.2426211 ], [ -115.2133227, 36.2426238 ], [ -115.2132795, 36.2426238 ], [ -115.2132795, 36.2426265 ], [ -115.2132552, 36.2426265 ], [ -115.2132552, 36.2426292 ] ] ] } },
{ "type": "Feature", "properties": { "value": 255.0 }, "geometry": { "type": "Polygon", "coordinates": [ [ [ -115.2138816, 36.2425671 ], [ -115.2138438, 36.2425671 ], [ -115.2138438, 36.2425644 ], [ -115.2137736, 36.2425644 ], [ -115.2137736, 36.2425617 ], [ -115.2137709, 36.2425617 ], [ -115.2137709, 36.242559 ], [ -115.2137655, 36.242559 ], [ -115.2137655, 36.2425563 ], [ -115.2137277, 36.2425563 ], [ -115.2137277, 36.242559 ], [ -115.2137223, 36.242559 ], [ -115.2137223, 36.2425563 ], [ -115.2137196, 36.2425563 ], [ -115.2137196, 36.2425536 ], [ -115.2137169, 36.2425536 ], [ -115.2137169, 36.2425401 ], [ -115.2137196, 36.2425401 ], [ -115.2137196, 36.242532 ], [ -115.2137223, 36.242532 ], [ -115.2137223, 36.2425239 ], [ -115.213725, 36.2425239 ], [ -115.213725, 36.2425185 ], [ -115.2137277, 36.2425185 ], [ -115.2137277, 36.2425158 ], [ -115.2137304, 36.2425158 ], [ -115.2137304, 36.2425131 ], [ -115.2137358, 36.2425131 ], [ -115.2137358, 36.2425104 ], [ -115.2137385, 36.2425104 ], [ -115.2137385, 36.242505 ], [ -115.2137412, 36.242505 ], [ -115.2137412, 36.2425023 ], [ -115.2137439, 36.2425023 ], [ -115.2137439, 36.2424996 ], [ -115.2137466, 36.2424996 ], [ -115.2137466, 36.2424969 ], [ -115.2137493, 36.2424969 ], [ -115.2137493, 36.2424942 ], [ -115.213752, 36.2424942 ], [ -115.213752, 36.242478 ], [ -115.2137547, 36.242478 ], [ -115.2137547, 36.2424726 ], [ -115.2137601, 36.2424726 ], [ -115.2137601, 36.2424699 ], [ -115.2137655, 36.2424699 ], [ -115.2137655, 36.2424726 ], [ -115.213779, 36.2424726 ], [ -115.213779, 36.2424699 ], [ -115.2137844, 36.2424699 ], [ -115.2137844, 36.2424645 ], [ -115.2137871, 36.2424645 ], [ -115.2137871, 36.2424483 ], [ -115.2137898, 36.2424483 ], [ -115.2137898, 36.2424456 ], [ -115.2138087, 36.2424456 ], [ -115.2138087, 36.2424483 ], [ -115.2138708, 36.2424483 ], [ -115.2138708, 36.2424537 ], [ -115.2138735, 36.2424537 ], [ -115.2138735, 36.242478 ], [ -115.2138762, 36.242478 ], [ -115.2138762, 36.2424861 ], [ -115.2138789, 36.2424861 ], [ -115.2138789, 36.2424888 ], [ -115.2138843, 36.2424888 ], [ -115.2138843, 36.2424915 ], [ -115.213887, 36.2424915 ], [ -115.213887, 36.2424942 ], [ -115.2138897, 36.2424942 ], [ -115.2138897, 36.2424969 ], [ -115.2138924, 36.2424969 ], [ -115.2138924, 36.2425104 ], [ -115.2138951, 36.2425104 ], [ -115.2138951, 36.2425536 ], [ -115.2138924, 36.2425536 ], [ -115.2138924, 36.2425617 ], [ -115.2138897, 36.2425617 ], [ -115.2138897, 36.2425644 ], [ -115.2138816, 36.2425644 ], [ -115.2138816, 36.2425671 ] ] ] } },
{ "type": "Feature", "properties": { "value": 255.0 }, "geometry": { "type": "Polygon", "coordinates": [ [ [ -115.2129528, 36.2424564 ], [ -115.2128583, 36.2424564 ], [ -115.2128583, 36.2424537 ], [ -115.2128556, 36.2424537 ], [ -115.2128556, 36.242451 ], [ -115.2128529, 36.242451 ], [ -115.2128529, 36.2424321 ], [ -115.2128502, 36.2424321 ], [ -115.2128502, 36.2424132 ], [ -115.2128529, 36.2424132 ], [ -115.2128529, 36.2424078 ], [ -115.2128583, 36.2424078 ], [ -115.2128583, 36.2424051 ], [ -115.212861, 36.2424051 ], [ -115.212861, 36.2424024 ], [ -115.2128664, 36.2424024 ], [ -115.2128664, 36.242397 ], [ -115.2128691, 36.242397 ], [ -115.2128691, 36.2423862 ], [ -115.2128664, 36.2423862 ], [ -115.2128664, 36.2423808 ], [ -115.2128637, 36.2423808 ], [ -115.2128637, 36.2423727 ], [ -115.2129825, 36.2423727 ], [ -115.2129825, 36.2423754 ], [ -115.2129852, 36.2423754 ], [ -115.2129852, 36.2424483 ], [ -115.2129825, 36.2424483 ], [ -115.2129825, 36.2424537 ], [ -115.2129528, 36.2424537 ], [ -115.2129528, 36.2424564 ] ] ] } },
{ "type": "Feature", "properties": { "value": 255.0 }, "geometry": { "type": "Polygon", "coordinates": [ [ [ -115.2141894, 36.2424699 ], [ -115.214103, 36.2424699 ], [ -115.214103, 36.2424672 ], [ -115.2140463, 36.2424672 ], [ -115.2140463, 36.2424645 ], [ -115.214022, 36.2424645 ], [ -115.214022, 36.2424618 ], [ -115.2140193, 36.2424618 ], [ -115.2140193, 36.2424537 ], [ -115.2140166, 36.2424537 ], [ -115.2140166, 36.2424348 ], [ -115.2140193, 36.2424348 ], [ -115.2140193, 36.2424321 ], [ -115.214022, 36.2424321 ], [ -115.214022, 36.2424294 ], [ -115.2140247, 36.2424294 ], [ -115.2140247, 36.2424267 ], [ -115.2140301, 36.2424267 ], [ -115.2140301, 36.242424 ], [ -115.2140355, 36.242424 ], [ -115.2140355, 36.2424213 ], [ -115.2140409, 36.2424213 ], [ -115.2140409, 36.2424159 ], [ -115.2140436, 36.2424159 ], [ -115.2140436, 36.2424024 ], [ -115.2140463, 36.2424024 ], [ -115.2140463, 36.2423808 ], [ -115.2140436, 36.2423808 ], [ -115.2140436, 36.2423727 ], [ -115.2142326, 36.2423727 ], [ -115.2142326, 36.2423808 ], [ -115.2142299, 36.2423808 ], [ -115.2142299, 36.2423862 ], [ -115.2142326, 36.2423862 ], [ -115.2142326, 36.2423916 ], [ -115.2142299, 36.2423916 ], [ -115.2142299, 36.2423943 ], [ -115.2142272, 36.2423943 ], [ -115.2142272, 36.242397 ], [ -115.2142137, 36.242397 ], [ -115.2142137, 36.2423943 ], [ -115.2141597, 36.2423943 ], [ -115.2141597, 36.242397 ], [ -115.214157, 36.242397 ], [ -115.214157, 36.2424024 ], [ -115.2141543, 36.2424024 ], [ -115.2141543, 36.2424105 ], [ -115.214157, 36.2424105 ], [ -115.214157, 36.2424159 ], [ -115.2141624, 36.2424159 ], [ -115.2141624, 36.2424186 ], [ -115.2141975, 36.2424186 ], [ -115.2141975, 36.2424213 ], [ -115.2142029, 36.2424213 ], [ -115.2142029, 36.242424 ], [ -115.2142056, 36.242424 ], [ -115.2142056, 36.2424267 ], [ -115.2142083, 36.2424267 ], [ -115.2142083, 36.2424321 ], [ -115.214211, 36.2424321 ], [ -115.214211, 36.2424537 ], [ -115.2142083, 36.2424537 ], [ -115.2142083, 36.2424564 ], [ -115.2142056, 36.2424564 ], [ -115.2142056, 36.2424591 ], [ -115.2142002, 36.2424591 ], [ -115.2142002, 36.2424618 ], [ -115.2141975, 36.2424618 ], [ -115.2141975, 36.2424645 ], [ -115.2141921, 36.2424645 ], [ -115.2141921, 36.2424672 ], [ -115.2141894, 36.2424672 ], [ -115.2141894, 36.2424699 ] ] ] } },
{ "type": "Feature", "properties": { "value": 255.0 }, "geometry": { "type": "Polygon", "coordinates": [ [ [ -115.2138573, 36.2423835 ], [ -115.2137385, 36.2423835 ], [ -115.2137385, 36.2423808 ], [ -115.2137358, 36.2423808 ], [ -115.2137358, 36.2423754 ], [ -115.2137385, 36.2423754 ], [ -115.2137385, 36.2423727 ], [ -115.2138897, 36.2423727 ], [ -115.2138897, 36.2423781 ], [ -115.2138762, 36.2423781 ], [ -115.2138762, 36.2423808 ], [ -115.2138573, 36.2423808 ], [ -115.2138573, 36.2423835 ] ] ] } },
{ "type": "Feature", "properties": { "value": 255.0 }, "geometry": { "type": "Polygon", "coordinates": [ [ [ -115.2131823, 36.2424456 ], [ -115.213131, 36.2424456 ], [ -115.213131, 36.2424429 ], [ -115.2131283, 36.2424429 ], [ -115.2131283, 36.2424375 ], [ -115.2131256, 36.2424375 ], [ -115.2131256, 36.2424321 ], [ -115.2131229, 36.2424321 ], [ -115.2131229, 36.2424267 ], [ -115.2131202, 36.2424267 ], [ -115.2131202, 36.2424213 ], [ -115.2131175, 36.2424213 ], [ -115.2131175, 36.2424186 ], [ -115.2131148, 36.2424186 ], [ -115.2131148, 36.2424132 ], [ -115.2131121, 36.2424132 ], [ -115.2131121, 36.2424105 ], [ -115.2131094, 36.2424105 ], [ -115.2131094, 36.2424078 ], [ -115.2131067, 36.2424078 ], [ -115.2131067, 36.2424051 ], [ -115.213104, 36.2424051 ], [ -115.213104, 36.2424024 ], [ -115.2131013, 36.2424024 ], [ -115.2131013, 36.242397 ], [ -115.2130986, 36.242397 ], [ -115.2130986, 36.2423727 ], [ -115.2132903, 36.2423727 ], [ -115.2132903, 36.2423781 ], [ -115.2132876, 36.2423781 ], [ -115.2132876, 36.2423835 ], [ -115.2132849, 36.2423835 ], [ -115.2132849, 36.2423862 ], [ -115.2132795, 36.2423862 ], [ -115.2132795, 36.2423889 ], [ -115.2132768, 36.2423889 ], [ -115.2132768, 36.2423916 ], [ -115.2132714, 36.2423916 ], [ -115.2132714, 36.2423943 ], [ -115.2132687, 36.2423943 ], [ -115.2132687, 36.242397 ], [ -115.2132633, 36.242397 ], [ -115.2132633, 36.2423997 ], [ -115.2132525, 36.2423997 ], [ -115.2132525, 36.2424024 ], [ -115.2132498, 36.2424024 ], [ -115.2132498, 36.2424132 ], [ -115.2132471, 36.2424132 ], [ -115.2132471, 36.2424213 ], [ -115.213239, 36.2424213 ], [ -115.213239, 36.242424 ], [ -115.2132201, 36.242424 ], [ -115.2132201, 36.2424267 ], [ -115.2132174, 36.2424267 ], [ -115.2132174, 36.2424321 ], [ -115.2132147, 36.2424321 ], [ -115.2132147, 36.2424402 ], [ -115.213212, 36.2424402 ], [ -115.213212, 36.2424429 ], [ -115.2131823, 36.2424429 ], [ -115.2131823, 36.2424456 ] ] ] } }
]
}
