{
"type": "FeatureCollection",
"crs": { "type": "name", "properties": { "name": "urn:ogc:def:crs:OGC:1.3:CRS84" } },
"features": [
{ "type": "Feature", "properties": { "value": 255.0 }, "geometry": { "type": "Polygon", "coordinates": [ [ [ -115.2406683, 36.163397699800001 ], [ -115.2405738, 36.163397699800001 ], [ -115.2405738, 36.163392299800002 ], [ -115.2405765, 36.163392299800002 ], [ -115.2405765, 36.163381499800003 ], [ -115.2405738, 36.163381499800003 ], [ -115.2405738, 36.163370699799998 ], [ -115.2405765, 36.163370699799998 ], [ -115.2405765, 36.163367999800002 ], [ -115.2405819, 36.163367999800002 ], [ -115.2405819, 36.163365299799999 ], [ -115.2405954, 36.163365299799999 ], [ -115.2405954, 36.163367999800002 ], [ -115.2406602, 36.163367999800002 ], [ -115.2406602, 36.163370699799998 ], [ -115.2406629, 36.163370699799998 ], [ -115.2406629, 36.163386899800003 ], [ -115.2406656, 36.163386899800003 ], [ -115.2406656, 36.163394999799998 ], [ -115.2406683, 36.163394999799998 ], [ -115.2406683, 36.163397699800001 ] ] ] } },
{ "type": "Feature", "properties": { "value": 255.0 }, "geometry": { "type": "Polygon", "coordinates": [ [ [ -115.2405657, 36.163397699800001 ], [ -115.2404604, 36.163397699800001 ], [ -115.2404604, 36.163389599799999 ], [ -115.2404631, 36.163389599799999 ], [ -115.2404631, 36.163386899800003 ], [ -115.2404658, 36.163386899800003 ], [ -115.2404658, 36.163384199799999 ], [ -115.2404685, 36.163384199799999 ], [ -115.2404685, 36.163386899800003 ], [ -115.2404712, 36.163386899800003 ], [ -115.2404712, 36.163389599799999 ], [ -115.2404847, 36.163389599799999 ], [ -115.2404847, 36.163392299800002 ], [ -115.2404928, 36.163392299800002 ], [ -115.2404928, 36.163389599799999 ], [ -115.2404955, 36.163389599799999 ], [ -115.2404955, 36.163381499800003 ], [ -115.2404982, 36.163381499800003 ], [ -115.2404982, 36.163376099800004 ], [ -115.2405036, 36.163376099800004 ], [ -115.2405036, 36.163373399800001 ], [ -115.2405144, 36.163373399800001 ], [ -115.2405144, 36.163370699799998 ], [ -115.2405252, 36.163370699799998 ], [ -115.2405252, 36.163367999800002 ], [ -115.2405468, 36.163367999800002 ], [ -115.2405468, 36.163370699799998 ], [ -115.2405549, 36.163370699799998 ], [ -115.2405549, 36.163373399800001 ], [ -115.2405603, 36.163373399800001 ], [ -115.2405603, 36.163386899800003 ], [ -115.240563, 36.163386899800003 ], [ -115.240563, 36.163394999799998 ], [ -115.2405657, 36.163394999799998 ], [ -115.2405657, 36.163397699800001 ] ] ] } },
{ "type": "Feature", "properties": { "value": 255.0 }, "geometry": { "type": "Polygon", "coordinates": [ [ [ -115.2401904, 36.163397699800001 ], [ -115.2400257, 36.163397699800001 ], [ -115.2400257, 36.163392299800002 ], [ -115.240023, 36.163392299800002 ], [ -115.240023, 36.163367999800002 ], [ -115.2400257, 36.163367999800002 ], [ -115.2400257, 36.163362599800003 ], [ -115.2400284, 36.163362599800003 ], [ -115.2400284, 36.1633598998 ], [ -115.2400338, 36.1633598998 ], [ -115.2400338, 36.163357199800004 ], [ -115.2400608, 36.163357199800004 ], [ -115.2400608, 36.1633544998 ], [ -115.2400986, 36.1633544998 ], [ -115.2400986, 36.163357199800004 ], [ -115.2401175, 36.163357199800004 ], [ -115.2401175, 36.1633598998 ], [ -115.2401283, 36.1633598998 ], [ -115.2401283, 36.163357199800004 ], [ -115.2401607, 36.163357199800004 ], [ -115.2401607, 36.1633598998 ], [ -115.2401634, 36.1633598998 ], [ -115.2401634, 36.163362599800003 ], [ -115.2401661, 36.163362599800003 ], [ -115.2401661, 36.163384199799999 ], [ -115.2401688, 36.163384199799999 ], [ -115.2401688, 36.163386899800003 ], [ -115.2401742, 36.163386899800003 ], [ -115.2401742, 36.163389599799999 ], [ -115.2401877, 36.163389599799999 ], [ -115.2401877, 36.163392299800002 ], [ -115.2401904, 36.163392299800002 ], [ -115.2401904, 36.163397699800001 ] ] ] } },
{ "type": "Feature", "properties": { "value": 255.0 }, "geometry": { "type": "Polygon", "coordinates": [ [ [ -115.2408276, 36.163397699800001 ], [ -115.240725, 36.163397699800001 ], [ -115.240725, 36.163370699799998 ], [ -115.2407277, 36.163370699799998 ], [ -115.2407277, 36.163357199800004 ], [ -115.240725, 36.163357199800004 ], [ -115.240725, 36.1633355998 ], [ -115.2407277, 36.1633355998 ], [ -115.2407277, 36.163332899800004 ], [ -115.2407493, 36.163332899800004 ], [ -115.2407493, 36.1633355998 ], [ -115.2407547, 36.1633355998 ], [ -115.2407547, 36.163338299800003 ], [ -115.2407574, 36.163338299800003 ], [ -115.2407574, 36.163340999799999 ], [ -115.2407655, 36.163340999799999 ], [ -115.2407655, 36.163343699800002 ], [ -115.2407736, 36.163343699800002 ], [ -115.2407736, 36.163346399799998 ], [ -115.240779, 36.163346399799998 ], [ -115.240779, 36.163349099800001 ], [ -115.2407817, 36.163349099800001 ], [ -115.2407817, 36.1633544998 ], [ -115.24078440000001, 36.1633544998 ], [ -115.24078440000001, 36.163357199800004 ], [ -115.2407979, 36.163357199800004 ], [ -115.2407979, 36.1633598998 ], [ -115.2408276, 36.1633598998 ], [ -115.2408276, 36.163397699800001 ] ] ] } },
{ "type": "Feature", "properties": { "value": 255.0 }, "geometry": { "type": "Polygon", "coordinates": [ [ [ -115.2395343, 36.163397699800001 ], [ -115.2394047, 36.163397699800001 ], [ -115.2394047, 36.163392299800002 ], [ -115.239402, 36.163392299800002 ], [ -115.239402, 36.163389599799999 ], [ -115.2393993, 36.163389599799999 ], [ -115.2393993, 36.163386899800003 ], [ -115.2393912, 36.163386899800003 ], [ -115.2393912, 36.163384199799999 ], [ -115.2393642, 36.163384199799999 ], [ -115.2393642, 36.163381499800003 ], [ -115.2393561, 36.163381499800003 ], [ -115.2393561, 36.1633787998 ], [ -115.2393507, 36.1633787998 ], [ -115.2393507, 36.163370699799998 ], [ -115.239348, 36.163370699799998 ], [ -115.239348, 36.163362599800003 ], [ -115.2393507, 36.163362599800003 ], [ -115.2393507, 36.163346399799998 ], [ -115.2393534, 36.163346399799998 ], [ -115.2393534, 36.163338299800003 ], [ -115.2393561, 36.163338299800003 ], [ -115.2393561, 36.163332899800004 ], [ -115.2393588, 36.163332899800004 ], [ -115.2393588, 36.163330199800001 ], [ -115.2393615, 36.163330199800001 ], [ -115.2393615, 36.163327499799998 ], [ -115.2393642, 36.163327499799998 ], [ -115.2393642, 36.163324799800002 ], [ -115.2393669, 36.163324799800002 ], [ -115.2393669, 36.163322099799998 ], [ -115.2393723, 36.163322099799998 ], [ -115.2393723, 36.163319399800002 ], [ -115.239375, 36.163319399800002 ], [ -115.239375, 36.163316699799999 ], [ -115.2393777, 36.163316699799999 ], [ -115.2393777, 36.163313999800003 ], [ -115.2393804, 36.163313999800003 ], [ -115.2393804, 36.1633112998 ], [ -115.2393858, 36.1633112998 ], [ -115.2393858, 36.163308599800004 ], [ -115.2394182, 36.163308599800004 ], [ -115.2394182, 36.1633112998 ], [ -115.2394263, 36.1633112998 ], [ -115.2394263, 36.163313999800003 ], [ -115.2394344, 36.163313999800003 ], [ -115.2394344, 36.163316699799999 ], [ -115.2394425, 36.163316699799999 ], [ -115.2394425, 36.163319399800002 ], [ -115.2394452, 36.163319399800002 ], [ -115.2394452, 36.163322099799998 ], [ -115.239483, 36.163322099799998 ], [ -115.239483, 36.163324799800002 ], [ -115.2394911, 36.163324799800002 ], [ -115.2394911, 36.163327499799998 ], [ -115.2394992, 36.163327499799998 ], [ -115.2394992, 36.163330199800001 ], [ -115.2395019, 36.163330199800001 ], [ -115.2395019, 36.163332899800004 ], [ -115.2395046, 36.163332899800004 ], [ -115.2395046, 36.163338299800003 ], [ -115.2395073, 36.163338299800003 ], [ -115.2395073, 36.163376099800004 ], [ -115.2395046, 36.163376099800004 ], [ -115.2395046, 36.163389599799999 ], [ -115.2395073, 36.163389599799999 ], [ -115.2395073, 36.163394999799998 ], [ -115.23951, 36.163394999799998 ], [ -115.23951, 36.163389599799999 ], [ -115.2395127, 36.163389599799999 ], [ -115.2395127, 36.163384199799999 ], [ -115.2395154, 36.163384199799999 ], [ -115.2395154, 36.163376099800004 ], [ -115.2395181, 36.163376099800004 ], [ -115.2395181, 36.163373399800001 ], [ -115.2395208, 36.163373399800001 ], [ -115.2395208, 36.163370699799998 ], [ -115.2395316, 36.163370699799998 ], [ -115.2395316, 36.163373399800001 ], [ -115.2395343, 36.163373399800001 ], [ -115.2395343, 36.163397699800001 ] ] ] } },
{ "type": "Feature", "properties": { "value": 255.0 }, "geometry": { "type": "Polygon", "coordinates": [ [ [ -115.2404361, 36.163397699800001 ], [ -115.240266, 36.163397699800001 ], [ -115.240266, 36.163376099800004 ], [ -115.2402606, 36.163376099800004 ], [ -115.2402606, 36.163381499800003 ], [ -115.2402579, 36.163381499800003 ], [ -115.2402579, 36.163384199799999 ], [ -115.2402552, 36.163384199799999 ], [ -115.2402552, 36.163386899800003 ], [ -115.2402525, 36.163386899800003 ], [ -115.2402525, 36.163389599799999 ], [ -115.2402498, 36.163389599799999 ], [ -115.2402498, 36.163392299800002 ], [ -115.240239, 36.163392299800002 ], [ -115.240239, 36.163389599799999 ], [ -115.2402309, 36.163389599799999 ], [ -115.2402309, 36.1633787998 ], [ -115.2402282, 36.1633787998 ], [ -115.2402282, 36.163373399800001 ], [ -115.2402309, 36.163373399800001 ], [ -115.2402309, 36.163365299799999 ], [ -115.2402336, 36.163365299799999 ], [ -115.2402336, 36.163362599800003 ], [ -115.2402363, 36.163362599800003 ], [ -115.2402363, 36.1633598998 ], [ -115.240239, 36.1633598998 ], [ -115.240239, 36.163357199800004 ], [ -115.2402417, 36.163357199800004 ], [ -115.2402417, 36.163349099800001 ], [ -115.240239, 36.163349099800001 ], [ -115.240239, 36.1633355998 ], [ -115.2402417, 36.1633355998 ], [ -115.2402417, 36.163332899800004 ], [ -115.2402633, 36.163332899800004 ], [ -115.2402633, 36.163330199800001 ], [ -115.2402714, 36.163330199800001 ], [ -115.2402714, 36.163327499799998 ], [ -115.2402768, 36.163327499799998 ], [ -115.2402768, 36.163324799800002 ], [ -115.2403173, 36.163324799800002 ], [ -115.2403173, 36.163327499799998 ], [ -115.2403794, 36.163327499799998 ], [ -115.2403794, 36.163324799800002 ], [ -115.2403902, 36.163324799800002 ], [ -115.2403902, 36.163322099799998 ], [ -115.2404091, 36.163322099799998 ], [ -115.2404091, 36.163319399800002 ], [ -115.2404145, 36.163319399800002 ], [ -115.2404145, 36.163313999800003 ], [ -115.2404199, 36.163313999800003 ], [ -115.2404199, 36.163316699799999 ], [ -115.2404226, 36.163316699799999 ], [ -115.2404226, 36.163319399800002 ], [ -115.2404253, 36.163319399800002 ], [ -115.2404253, 36.163322099799998 ], [ -115.240428, 36.163322099799998 ], [ -115.240428, 36.163324799800002 ], [ -115.2404334, 36.163324799800002 ], [ -115.2404334, 36.163327499799998 ], [ -115.2404388, 36.163327499799998 ], [ -115.2404388, 36.163330199800001 ], [ -115.2404415, 36.163330199800001 ], [ -115.2404415, 36.163349099800001 ], [ -115.2404388, 36.163349099800001 ], [ -115.2404388, 36.163373399800001 ], [ -115.2404361, 36.163373399800001 ], [ -115.2404361, 36.163397699800001 ] ] ] } },
{ "type": "Feature", "properties": { "value": 255.0 }, "geometry": { "type": "Polygon", "coordinates": [ [ [ -115.239267, 36.163392299800002 ], [ -115.2392643, 36.163392299800002 ], [ -115.2392643, 36.163389599799999 ], [ -115.2392481, 36.163389599799999 ], [ -115.2392481, 36.163386899800003 ], [ -115.2391968, 36.163386899800003 ], [ -115.2391968, 36.163384199799999 ], [ -115.2391887, 36.163384199799999 ], [ -115.2391887, 36.163381499800003 ], [ -115.2391806, 36.163381499800003 ], [ -115.2391806, 36.1633787998 ], [ -115.2391698, 36.1633787998 ], [ -115.2391698, 36.163376099800004 ], [ -115.2391536, 36.163376099800004 ], [ -115.2391536, 36.163373399800001 ], [ -115.2391401, 36.163373399800001 ], [ -115.2391401, 36.163370699799998 ], [ -115.2391293, 36.163370699799998 ], [ -115.2391293, 36.163367999800002 ], [ -115.2391212, 36.163367999800002 ], [ -115.2391212, 36.163327499799998 ], [ -115.2391239, 36.163327499799998 ], [ -115.2391239, 36.163308599800004 ], [ -115.2391266, 36.163308599800004 ], [ -115.2391266, 36.163297799799999 ], [ -115.2391293, 36.163297799799999 ], [ -115.2391293, 36.1632923998 ], [ -115.239132, 36.1632923998 ], [ -115.239132, 36.163289699800004 ], [ -115.2391671, 36.163289699800004 ], [ -115.2391671, 36.1632923998 ], [ -115.2391779, 36.1632923998 ], [ -115.2391779, 36.163295099800003 ], [ -115.2391887, 36.163295099800003 ], [ -115.2391887, 36.163297799799999 ], [ -115.2392076, 36.163297799799999 ], [ -115.2392076, 36.163300499800002 ], [ -115.2392373, 36.163300499800002 ], [ -115.2392373, 36.163297799799999 ], [ -115.2392508, 36.163297799799999 ], [ -115.2392508, 36.163300499800002 ], [ -115.2392589, 36.163300499800002 ], [ -115.2392589, 36.163303199799998 ], [ -115.2392724, 36.163303199799998 ], [ -115.2392724, 36.163305899800001 ], [ -115.2392751, 36.163305899800001 ], [ -115.2392751, 36.163308599800004 ], [ -115.2392778, 36.163308599800004 ], [ -115.2392778, 36.1633112998 ], [ -115.2392832, 36.1633112998 ], [ -115.2392832, 36.163313999800003 ], [ -115.2392859, 36.163313999800003 ], [ -115.2392859, 36.163316699799999 ], [ -115.2392913, 36.163316699799999 ], [ -115.2392913, 36.163322099799998 ], [ -115.239294, 36.163322099799998 ], [ -115.239294, 36.163330199800001 ], [ -115.2392913, 36.163330199800001 ], [ -115.2392913, 36.163343699800002 ], [ -115.2392886, 36.163343699800002 ], [ -115.2392886, 36.163357199800004 ], [ -115.2392859, 36.163357199800004 ], [ -115.2392859, 36.163367999800002 ], [ -115.2392832, 36.163367999800002 ], [ -115.2392832, 36.163376099800004 ], [ -115.2392805, 36.163376099800004 ], [ -115.2392805, 36.163384199799999 ], [ -115.2392778, 36.163384199799999 ], [ -115.2392778, 36.163386899800003 ], [ -115.2392751, 36.163386899800003 ], [ -115.2392751, 36.163389599799999 ], [ -115.239267, 36.163389599799999 ], [ -115.239267, 36.163392299800002 ] ] ] } },
{ "type": "Feature", "properties": { "value": 255.0 }, "geometry": { "type": "Polygon", "coordinates": [ [ [ -115.239996, 36.163397699800001 ], [ -115.2398529, 36.163397699800001 ], [ -115.2398529, 36.163394999799998 ], [ -115.2398583, 36.163394999799998 ], [ -115.2398583, 36.163392299800002 ], [ -115.239861, 36.163392299800002 ], [ -115.239861, 36.163386899800003 ], [ -115.2398637, 36.163386899800003 ], [ -115.2398637, 36.163381499800003 ], [ -115.2398664, 36.163381499800003 ], [ -115.2398664, 36.163376099800004 ], [ -115.2398691, 36.163376099800004 ], [ -115.2398691, 36.1633544998 ], [ -115.2398718, 36.1633544998 ], [ -115.2398718, 36.163351799799997 ], [ -115.2398745, 36.163351799799997 ], [ -115.2398745, 36.163349099800001 ], [ -115.2398799, 36.163349099800001 ], [ -115.2398799, 36.163346399799998 ], [ -115.2399069, 36.163346399799998 ], [ -115.2399069, 36.163343699800002 ], [ -115.2399123, 36.163343699800002 ], [ -115.2399123, 36.163340999799999 ], [ -115.239915, 36.163340999799999 ], [ -115.239915, 36.163297799799999 ], [ -115.2399177, 36.163297799799999 ], [ -115.2399177, 36.163295099800003 ], [ -115.2399204, 36.163295099800003 ], [ -115.2399204, 36.1632923998 ], [ -115.2400068, 36.1632923998 ], [ -115.2400068, 36.163295099800003 ], [ -115.2400122, 36.163295099800003 ], [ -115.2400122, 36.163297799799999 ], [ -115.2400149, 36.163297799799999 ], [ -115.2400149, 36.163327499799998 ], [ -115.2400122, 36.163327499799998 ], [ -115.2400122, 36.163357199800004 ], [ -115.2400068, 36.163357199800004 ], [ -115.2400068, 36.1633598998 ], [ -115.2399987, 36.1633598998 ], [ -115.2399987, 36.163362599800003 ], [ -115.239996, 36.163362599800003 ], [ -115.239996, 36.163365299799999 ], [ -115.2399933, 36.163365299799999 ], [ -115.2399933, 36.163386899800003 ], [ -115.239996, 36.163386899800003 ], [ -115.239996, 36.163397699800001 ] ] ] } },
{ "type": "Feature", "properties": { "value": 255.0 }, "geometry": { "type": "Polygon", "coordinates": [ [ [ -115.239078, 36.163349099800001 ], [ -115.2390726, 36.163349099800001 ], [ -115.2390726, 36.163273499799999 ], [ -115.2390915, 36.163273499799999 ], [ -115.2390915, 36.163265399800004 ], [ -115.2390888, 36.163265399800004 ], [ -115.2390888, 36.163262699800001 ], [ -115.2390942, 36.163262699800001 ], [ -115.2390942, 36.163265399800004 ], [ -115.2390969, 36.163265399800004 ], [ -115.2390969, 36.163273499799999 ], [ -115.2390996, 36.163273499799999 ], [ -115.2390996, 36.163289699800004 ], [ -115.2390969, 36.163289699800004 ], [ -115.2390969, 36.163300499800002 ], [ -115.2390942, 36.163300499800002 ], [ -115.2390942, 36.1633112998 ], [ -115.2390915, 36.1633112998 ], [ -115.2390915, 36.163319399800002 ], [ -115.2390888, 36.163319399800002 ], [ -115.2390888, 36.163327499799998 ], [ -115.2390861, 36.163327499799998 ], [ -115.2390861, 36.1633355998 ], [ -115.2390834, 36.1633355998 ], [ -115.2390834, 36.163343699800002 ], [ -115.2390807, 36.163343699800002 ], [ -115.2390807, 36.163346399799998 ], [ -115.239078, 36.163346399799998 ], [ -115.239078, 36.163349099800001 ] ] ] } },
{ "type": "Feature", "properties": { "value": 255.0 }, "geometry": { "type": "Polygon", "coordinates": [ [ [ -115.2393372, 36.163259999799998 ], [ -115.2393318, 36.163259999799998 ], [ -115.2393318, 36.163257299800001 ], [ -115.2393264, 36.163257299800001 ], [ -115.2393264, 36.163259999799998 ], [ -115.2393237, 36.163259999799998 ], [ -115.2393237, 36.163257299800001 ], [ -115.239321, 36.163257299800001 ], [ -115.239321, 36.163251899800002 ], [ -115.2393264, 36.163251899800002 ], [ -115.2393264, 36.163254599799998 ], [ -115.2393291, 36.163254599799998 ], [ -115.2393291, 36.163251899800002 ], [ -115.2393345, 36.163251899800002 ], [ -115.2393345, 36.163249199799999 ], [ -115.2393372, 36.163249199799999 ], [ -115.2393372, 36.163259999799998 ] ] ] } },
{ "type": "Feature", "properties": { "value": 255.0 }, "geometry": { "type": "Polygon", "coordinates": [ [ [ -115.2402336, 36.163251899800002 ], [ -115.240212, 36.163251899800002 ], [ -115.240212, 36.163249199799999 ], [ -115.2402093, 36.163249199799999 ], [ -115.2402093, 36.1632437998 ], [ -115.2402066, 36.1632437998 ], [ -115.2402066, 36.163227599800003 ], [ -115.2402093, 36.163227599800003 ], [ -115.2402093, 36.1632194998 ], [ -115.240212, 36.1632194998 ], [ -115.240212, 36.163216799799997 ], [ -115.2402201, 36.163216799799997 ], [ -115.2402201, 36.1632194998 ], [ -115.2402228, 36.1632194998 ], [ -115.2402228, 36.163216799799997 ], [ -115.2402336, 36.163216799799997 ], [ -115.2402336, 36.1632194998 ], [ -115.2402363, 36.1632194998 ], [ -115.2402363, 36.163222199800003 ], [ -115.240239, 36.163222199800003 ], [ -115.240239, 36.163246499800003 ], [ -115.2402363, 36.163246499800003 ], [ -115.2402363, 36.163249199799999 ], [ -115.2402336, 36.163249199799999 ], [ -115.2402336, 36.163251899800002 ] ] ] } },
{ "type": "Feature", "properties": { "value": 255.0 }, "geometry": { "type": "Polygon", "coordinates": [ [ [ -115.2400068, 36.163249199799999 ], [ -115.2399825, 36.163249199799999 ], [ -115.2399825, 36.1632437998 ], [ -115.2399798, 36.1632437998 ], [ -115.2399798, 36.163238399800001 ], [ -115.2399825, 36.163238399800001 ], [ -115.2399825, 36.163216799799997 ], [ -115.2399852, 36.163216799799997 ], [ -115.2399852, 36.163214099800001 ], [ -115.2400095, 36.163214099800001 ], [ -115.2400095, 36.1632194998 ], [ -115.2400122, 36.1632194998 ], [ -115.2400122, 36.1632437998 ], [ -115.2400095, 36.1632437998 ], [ -115.2400095, 36.163246499800003 ], [ -115.2400068, 36.163246499800003 ], [ -115.2400068, 36.163249199799999 ] ] ] } },
{ "type": "Feature", "properties": { "value": 255.0 }, "geometry": { "type": "Polygon", "coordinates": [ [ [ -115.2393291, 36.163222199800003 ], [ -115.239321, 36.163222199800003 ], [ -115.239321, 36.1632194998 ], [ -115.2393129, 36.1632194998 ], [ -115.2393129, 36.163216799799997 ], [ -115.2393021, 36.163216799799997 ], [ -115.2393021, 36.163205999799999 ], [ -115.2393048, 36.163205999799999 ], [ -115.2393048, 36.163203299800003 ], [ -115.2393237, 36.163203299800003 ], [ -115.2393237, 36.163205999799999 ], [ -115.2393291, 36.163205999799999 ], [ -115.2393291, 36.163208699800002 ], [ -115.2393318, 36.163208699800002 ], [ -115.2393318, 36.1632194998 ], [ -115.2393291, 36.1632194998 ], [ -115.2393291, 36.163222199800003 ] ] ] } },
{ "type": "Feature", "properties": { "value": 255.0 }, "geometry": { "type": "Polygon", "coordinates": [ [ [ -115.239132, 36.163181699799999 ], [ -115.2391239, 36.163181699799999 ], [ -115.2391239, 36.163178999800003 ], [ -115.2391104, 36.163178999800003 ], [ -115.2391104, 36.1631762998 ], [ -115.2391077, 36.1631762998 ], [ -115.2391077, 36.163170899800001 ], [ -115.2391347, 36.163170899800001 ], [ -115.2391347, 36.163178999800003 ], [ -115.239132, 36.163178999800003 ], [ -115.239132, 36.163181699799999 ] ] ] } },
{ "type": "Feature", "properties": { "value": 255.0 }, "geometry": { "type": "Polygon", "coordinates": [ [ [ -115.2408033, 36.163165499800002 ], [ -115.2407196, 36.163165499800002 ], [ -115.2407196, 36.163162799799998 ], [ -115.2407142, 36.163162799799998 ], [ -115.2407142, 36.163157399799999 ], [ -115.2407115, 36.163157399799999 ], [ -115.2407115, 36.163114199799999 ], [ -115.2407142, 36.163114199799999 ], [ -115.2407142, 36.163095299799998 ], [ -115.24071690000001, 36.163095299799998 ], [ -115.24071690000001, 36.163062899800003 ], [ -115.2407142, 36.163062899800003 ], [ -115.2407142, 36.163038599800004 ], [ -115.24071690000001, 36.163038599800004 ], [ -115.24071690000001, 36.163035899800001 ], [ -115.2407196, 36.163035899800001 ], [ -115.2407196, 36.163033199799997 ], [ -115.2407655, 36.163033199799997 ], [ -115.2407655, 36.163035899800001 ], [ -115.2407925, 36.163035899800001 ], [ -115.2407925, 36.163033199799997 ], [ -115.240806, 36.163033199799997 ], [ -115.240806, 36.163030499800001 ], [ -115.2408141, 36.163030499800001 ], [ -115.2408141, 36.163027799799998 ], [ -115.2408195, 36.163027799799998 ], [ -115.2408195, 36.163025099800002 ], [ -115.2408276, 36.163025099800002 ], [ -115.2408276, 36.163160099800002 ], [ -115.2408087, 36.163160099800002 ], [ -115.2408087, 36.163162799799998 ], [ -115.2408033, 36.163162799799998 ], [ -115.2408033, 36.163165499800002 ] ] ] } },
{ "type": "Feature", "properties": { "value": 255.0 }, "geometry": { "type": "Polygon", "coordinates": [ [ [ -115.2406737, 36.163160099800002 ], [ -115.2406548, 36.163160099800002 ], [ -115.2406548, 36.163157399799999 ], [ -115.2405954, 36.163157399799999 ], [ -115.2405954, 36.163160099800002 ], [ -115.2405468, 36.163160099800002 ], [ -115.2405468, 36.163157399799999 ], [ -115.2405144, 36.163157399799999 ], [ -115.2405144, 36.163154699800003 ], [ -115.2405117, 36.163154699800003 ], [ -115.2405117, 36.163079099800001 ], [ -115.2405144, 36.163079099800001 ], [ -115.2405144, 36.163076399799998 ], [ -115.2405225, 36.163076399799998 ], [ -115.2405225, 36.163073699800002 ], [ -115.2405738, 36.163073699800002 ], [ -115.2405738, 36.163070999799999 ], [ -115.2405846, 36.163070999799999 ], [ -115.2405846, 36.163068299800003 ], [ -115.2405873, 36.163068299800003 ], [ -115.2405873, 36.163065599799999 ], [ -115.24059, 36.163065599799999 ], [ -115.24059, 36.163035899800001 ], [ -115.2405927, 36.163035899800001 ], [ -115.2405927, 36.163025099800002 ], [ -115.2406062, 36.163025099800002 ], [ -115.2406062, 36.163022399799999 ], [ -115.240671, 36.163022399799999 ], [ -115.240671, 36.163025099800002 ], [ -115.2406818, 36.163025099800002 ], [ -115.2406818, 36.163065599799999 ], [ -115.2406791, 36.163065599799999 ], [ -115.2406791, 36.163081799799997 ], [ -115.2406764, 36.163081799799997 ], [ -115.2406764, 36.1631087998 ], [ -115.2406791, 36.1631087998 ], [ -115.2406791, 36.163154699800003 ], [ -115.2406764, 36.163154699800003 ], [ -115.2406764, 36.163157399799999 ], [ -115.2406737, 36.163157399799999 ], [ -115.2406737, 36.163160099800002 ] ] ] } },
{ "type": "Feature", "properties": { "value": 255.0 }, "geometry": { "type": "Polygon", "coordinates": [ [ [ -115.2401931, 36.163168199799998 ], [ -115.2401769, 36.163168199799998 ], [ -115.2401769, 36.163165499800002 ], [ -115.2401742, 36.163165499800002 ], [ -115.2401742, 36.163141199800002 ], [ -115.2401769, 36.163141199800002 ], [ -115.2401769, 36.1631330998 ], [ -115.2401796, 36.1631330998 ], [ -115.2401796, 36.163124999799997 ], [ -115.2401607, 36.163124999799997 ], [ -115.2401607, 36.163122299800001 ], [ -115.2401499, 36.163122299800001 ], [ -115.2401499, 36.163124999799997 ], [ -115.2401445, 36.163124999799997 ], [ -115.2401445, 36.163146599800001 ], [ -115.2401418, 36.163146599800001 ], [ -115.2401418, 36.163154699800003 ], [ -115.2401391, 36.163154699800003 ], [ -115.2401391, 36.163157399799999 ], [ -115.240077, 36.163157399799999 ], [ -115.240077, 36.163154699800003 ], [ -115.2400527, 36.163154699800003 ], [ -115.2400527, 36.1631519998 ], [ -115.24005, 36.1631519998 ], [ -115.24005, 36.163106099800004 ], [ -115.2400473, 36.163106099800004 ], [ -115.2400473, 36.163092599800002 ], [ -115.24005, 36.163092599800002 ], [ -115.24005, 36.163079099800001 ], [ -115.2400527, 36.163079099800001 ], [ -115.2400527, 36.163025099800002 ], [ -115.2400689, 36.163025099800002 ], [ -115.2400689, 36.163022399799999 ], [ -115.2401121, 36.163022399799999 ], [ -115.2401121, 36.163019699800003 ], [ -115.240158, 36.163019699800003 ], [ -115.240158, 36.1630169998 ], [ -115.2401688, 36.1630169998 ], [ -115.2401688, 36.163014299799997 ], [ -115.2401796, 36.163014299799997 ], [ -115.2401796, 36.163011599800001 ], [ -115.2401904, 36.163011599800001 ], [ -115.2401904, 36.163014299799997 ], [ -115.2402066, 36.163014299799997 ], [ -115.2402066, 36.163011599800001 ], [ -115.240239, 36.163011599800001 ], [ -115.240239, 36.163014299799997 ], [ -115.2402417, 36.163014299799997 ], [ -115.2402417, 36.163103399800001 ], [ -115.240239, 36.163103399800001 ], [ -115.240239, 36.163119599799998 ], [ -115.2402363, 36.163119599799998 ], [ -115.2402363, 36.163122299800001 ], [ -115.2402282, 36.163122299800001 ], [ -115.2402282, 36.163124999799997 ], [ -115.2402039, 36.163124999799997 ], [ -115.2402039, 36.1631276998 ], [ -115.2402012, 36.1631276998 ], [ -115.2402012, 36.163135799800003 ], [ -115.2401985, 36.163135799800003 ], [ -115.2401985, 36.163141199800002 ], [ -115.2402012, 36.163141199800002 ], [ -115.2402012, 36.163162799799998 ], [ -115.2401985, 36.163162799799998 ], [ -115.2401985, 36.163165499800002 ], [ -115.2401931, 36.163165499800002 ], [ -115.2401931, 36.163168199799998 ] ] ] } },
{ "type": "Feature", "properties": { "value": 255.0 }, "geometry": { "type": "Polygon", "coordinates": [ [ [ -115.2404523, 36.163189799800001 ], [ -115.2403578, 36.163189799800001 ], [ -115.2403578, 36.163187099799998 ], [ -115.2403551, 36.163187099799998 ], [ -115.2403551, 36.163184399800002 ], [ -115.2403524, 36.163184399800002 ], [ -115.2403524, 36.163165499800002 ], [ -115.2403497, 36.163165499800002 ], [ -115.2403497, 36.163160099800002 ], [ -115.2403443, 36.163160099800002 ], [ -115.2403443, 36.163157399799999 ], [ -115.2402876, 36.163157399799999 ], [ -115.2402876, 36.163154699800003 ], [ -115.2402849, 36.163154699800003 ], [ -115.2402849, 36.1631519998 ], [ -115.2402822, 36.1631519998 ], [ -115.2402822, 36.163135799800003 ], [ -115.2402849, 36.163135799800003 ], [ -115.2402849, 36.1631276998 ], [ -115.2402822, 36.1631276998 ], [ -115.2402822, 36.163124999799997 ], [ -115.2402795, 36.163124999799997 ], [ -115.2402795, 36.163122299800001 ], [ -115.2402606, 36.163122299800001 ], [ -115.2402606, 36.163119599799998 ], [ -115.2402579, 36.163119599799998 ], [ -115.2402579, 36.163116899800002 ], [ -115.2402552, 36.163116899800002 ], [ -115.2402552, 36.163081799799997 ], [ -115.2402579, 36.163081799799997 ], [ -115.2402579, 36.163079099800001 ], [ -115.2402606, 36.163079099800001 ], [ -115.2402606, 36.163076399799998 ], [ -115.2402795, 36.163076399799998 ], [ -115.2402795, 36.163073699800002 ], [ -115.2402984, 36.163073699800002 ], [ -115.2402984, 36.163070999799999 ], [ -115.2403362, 36.163070999799999 ], [ -115.2403362, 36.163073699800002 ], [ -115.2403659, 36.163073699800002 ], [ -115.2403659, 36.163076399799998 ], [ -115.2403767, 36.163076399799998 ], [ -115.2403767, 36.163073699800002 ], [ -115.2403794, 36.163073699800002 ], [ -115.2403794, 36.163070999799999 ], [ -115.2403821, 36.163070999799999 ], [ -115.2403821, 36.163062899800003 ], [ -115.2403848, 36.163062899800003 ], [ -115.2403848, 36.163052099799998 ], [ -115.2403875, 36.163052099799998 ], [ -115.2403875, 36.163025099800002 ], [ -115.2403902, 36.163025099800002 ], [ -115.2403902, 36.163014299799997 ], [ -115.2403956, 36.163014299799997 ], [ -115.2403956, 36.163011599800001 ], [ -115.2404064, 36.163011599800001 ], [ -115.2404064, 36.163014299799997 ], [ -115.2404577, 36.163014299799997 ], [ -115.2404577, 36.1630169998 ], [ -115.2404631, 36.1630169998 ], [ -115.2404631, 36.163019699800003 ], [ -115.2404658, 36.163019699800003 ], [ -115.2404658, 36.163025099800002 ], [ -115.2404631, 36.163025099800002 ], [ -115.2404631, 36.163030499800001 ], [ -115.2404604, 36.163030499800001 ], [ -115.2404604, 36.163057499799997 ], [ -115.2404577, 36.163057499799997 ], [ -115.2404577, 36.163146599800001 ], [ -115.240455, 36.163146599800001 ], [ -115.240455, 36.163187099799998 ], [ -115.2404523, 36.163187099799998 ], [ -115.2404523, 36.163189799800001 ] ] ] } },
{ "type": "Feature", "properties": { "value": 255.0 }, "geometry": { "type": "Polygon", "coordinates": [ [ [ -115.2399798, 36.163173599800004 ], [ -115.2399231, 36.163173599800004 ], [ -115.2399231, 36.163170899800001 ], [ -115.2399177, 36.163170899800001 ], [ -115.2399177, 36.1631519998 ], [ -115.239915, 36.1631519998 ], [ -115.239915, 36.163149299799997 ], [ -115.2399096, 36.163149299799997 ], [ -115.2399096, 36.163146599800001 ], [ -115.2399015, 36.163146599800001 ], [ -115.2399015, 36.163149299799997 ], [ -115.239888, 36.163149299799997 ], [ -115.239888, 36.163146599800001 ], [ -115.2398367, 36.163146599800001 ], [ -115.2398367, 36.163143899799998 ], [ -115.239834, 36.163143899799998 ], [ -115.239834, 36.163141199800002 ], [ -115.2398313, 36.163141199800002 ], [ -115.2398313, 36.163076399799998 ], [ -115.239834, 36.163076399799998 ], [ -115.239834, 36.163065599799999 ], [ -115.2398367, 36.163065599799999 ], [ -115.2398367, 36.163062899800003 ], [ -115.2399015, 36.163062899800003 ], [ -115.2399015, 36.1630601998 ], [ -115.2399042, 36.1630601998 ], [ -115.2399042, 36.163057499799997 ], [ -115.2399069, 36.163057499799997 ], [ -115.2399069, 36.163049399800002 ], [ -115.2399096, 36.163049399800002 ], [ -115.2399096, 36.163011599800001 ], [ -115.2399123, 36.163011599800001 ], [ -115.2399123, 36.163003499799999 ], [ -115.2399177, 36.163003499799999 ], [ -115.2399177, 36.163000799800002 ], [ -115.2399852, 36.163000799800002 ], [ -115.2399852, 36.163003499799999 ], [ -115.2399987, 36.163003499799999 ], [ -115.2399987, 36.163006199800002 ], [ -115.2400041, 36.163006199800002 ], [ -115.2400041, 36.163008899799998 ], [ -115.2400068, 36.163008899799998 ], [ -115.2400068, 36.163025099800002 ], [ -115.2400041, 36.163025099800002 ], [ -115.2400041, 36.163070999799999 ], [ -115.2400014, 36.163070999799999 ], [ -115.2400014, 36.163141199800002 ], [ -115.2399987, 36.163141199800002 ], [ -115.2399987, 36.163146599800001 ], [ -115.239996, 36.163146599800001 ], [ -115.239996, 36.163149299799997 ], [ -115.2399906, 36.163149299799997 ], [ -115.2399906, 36.1631519998 ], [ -115.2399852, 36.1631519998 ], [ -115.2399852, 36.163154699800003 ], [ -115.2399825, 36.163154699800003 ], [ -115.2399825, 36.163170899800001 ], [ -115.2399798, 36.163170899800001 ], [ -115.2399798, 36.163173599800004 ] ] ] } },
{ "type": "Feature", "properties": { "value": 255.0 }, "geometry": { "type": "Polygon", "coordinates": [ [ [ -115.2394452, 36.163111499800003 ], [ -115.2394398, 36.163111499800003 ], [ -115.2394398, 36.1631087998 ], [ -115.2394209, 36.1631087998 ], [ -115.2394209, 36.163106099800004 ], [ -115.2393885, 36.163106099800004 ], [ -115.2393885, 36.163103399800001 ], [ -115.2393615, 36.163103399800001 ], [ -115.2393615, 36.163100699799998 ], [ -115.2393561, 36.163100699799998 ], [ -115.2393561, 36.1630844998 ], [ -115.2393588, 36.1630844998 ], [ -115.2393588, 36.1630601998 ], [ -115.2393615, 36.1630601998 ], [ -115.2393615, 36.163030499800001 ], [ -115.2393642, 36.163030499800001 ], [ -115.2393642, 36.163022399799999 ], [ -115.2393669, 36.163022399799999 ], [ -115.2393669, 36.162979199799999 ], [ -115.2393696, 36.162979199799999 ], [ -115.2393696, 36.162976499800003 ], [ -115.2393723, 36.162976499800003 ], [ -115.2393723, 36.1629737998 ], [ -115.2393831, 36.1629737998 ], [ -115.2393831, 36.162976499800003 ], [ -115.2393993, 36.162976499800003 ], [ -115.2393993, 36.162979199799999 ], [ -115.2394209, 36.162979199799999 ], [ -115.2394209, 36.162981899800002 ], [ -115.2394236, 36.162981899800002 ], [ -115.2394236, 36.162984599799998 ], [ -115.2394263, 36.162984599799998 ], [ -115.2394263, 36.162987299800001 ], [ -115.239429, 36.162987299800001 ], [ -115.239429, 36.1629926998 ], [ -115.2394317, 36.1629926998 ], [ -115.2394317, 36.162995399800003 ], [ -115.2394344, 36.162995399800003 ], [ -115.2394344, 36.162998099799999 ], [ -115.2394398, 36.162998099799999 ], [ -115.2394398, 36.163000799800002 ], [ -115.2394452, 36.163000799800002 ], [ -115.2394452, 36.163003499799999 ], [ -115.2394533, 36.163003499799999 ], [ -115.2394533, 36.163006199800002 ], [ -115.2394614, 36.163006199800002 ], [ -115.2394614, 36.163008899799998 ], [ -115.2394668, 36.163008899799998 ], [ -115.2394668, 36.163011599800001 ], [ -115.2394722, 36.163011599800001 ], [ -115.2394722, 36.163014299799997 ], [ -115.2394857, 36.163014299799997 ], [ -115.2394857, 36.1630169998 ], [ -115.2395046, 36.1630169998 ], [ -115.2395046, 36.163019699800003 ], [ -115.2395154, 36.163019699800003 ], [ -115.2395154, 36.163022399799999 ], [ -115.2395235, 36.163022399799999 ], [ -115.2395235, 36.163025099800002 ], [ -115.239537, 36.163025099800002 ], [ -115.239537, 36.163049399800002 ], [ -115.2395343, 36.163049399800002 ], [ -115.2395343, 36.163062899800003 ], [ -115.2395316, 36.163062899800003 ], [ -115.2395316, 36.163079099800001 ], [ -115.2395289, 36.163079099800001 ], [ -115.2395289, 36.163095299799998 ], [ -115.2395262, 36.163095299799998 ], [ -115.2395262, 36.163097999800002 ], [ -115.2395235, 36.163097999800002 ], [ -115.2395235, 36.163100699799998 ], [ -115.2395046, 36.163100699799998 ], [ -115.2395046, 36.163097999800002 ], [ -115.2394884, 36.163097999800002 ], [ -115.2394884, 36.163095299799998 ], [ -115.2394587, 36.163095299799998 ], [ -115.2394587, 36.163097999800002 ], [ -115.239456, 36.163097999800002 ], [ -115.239456, 36.163100699799998 ], [ -115.2394533, 36.163100699799998 ], [ -115.2394533, 36.163103399800001 ], [ -115.2394506, 36.163103399800001 ], [ -115.2394506, 36.1631087998 ], [ -115.2394452, 36.1631087998 ], [ -115.2394452, 36.163111499800003 ] ] ] } },
{ "type": "Feature", "properties": { "value": 255.0 }, "geometry": { "type": "Polygon", "coordinates": [ [ [ -115.2392967, 36.163068299800003 ], [ -115.239294, 36.163068299800003 ], [ -115.239294, 36.163065599799999 ], [ -115.2392724, 36.163065599799999 ], [ -115.2392724, 36.163062899800003 ], [ -115.2392616, 36.163062899800003 ], [ -115.2392616, 36.1630601998 ], [ -115.2392481, 36.1630601998 ], [ -115.2392481, 36.163057499799997 ], [ -115.2392346, 36.163057499799997 ], [ -115.2392346, 36.163054799800001 ], [ -115.239213, 36.163054799800001 ], [ -115.239213, 36.163052099799998 ], [ -115.2391995, 36.163052099799998 ], [ -115.2391995, 36.163049399800002 ], [ -115.2391941, 36.163049399800002 ], [ -115.2391941, 36.163046699799999 ], [ -115.2391752, 36.163046699799999 ], [ -115.2391752, 36.163043999800003 ], [ -115.2391563, 36.163043999800003 ], [ -115.2391563, 36.1630412998 ], [ -115.2391455, 36.1630412998 ], [ -115.2391455, 36.163038599800004 ], [ -115.2391428, 36.163038599800004 ], [ -115.2391428, 36.163035899800001 ], [ -115.2391401, 36.163035899800001 ], [ -115.2391401, 36.163022399799999 ], [ -115.2391428, 36.163022399799999 ], [ -115.2391428, 36.163014299799997 ], [ -115.2391455, 36.163014299799997 ], [ -115.2391455, 36.163003499799999 ], [ -115.2391482, 36.163003499799999 ], [ -115.2391482, 36.162981899800002 ], [ -115.2391509, 36.162981899800002 ], [ -115.2391509, 36.162965699799997 ], [ -115.2391536, 36.162965699799997 ], [ -115.2391536, 36.162962999800001 ], [ -115.2391563, 36.162962999800001 ], [ -115.2391563, 36.162960299799998 ], [ -115.2391914, 36.162960299799998 ], [ -115.2391914, 36.162962999800001 ], [ -115.2392049, 36.162962999800001 ], [ -115.2392049, 36.162965699799997 ], [ -115.2392616, 36.162965699799997 ], [ -115.2392616, 36.162962999800001 ], [ -115.2393048, 36.162962999800001 ], [ -115.2393048, 36.162965699799997 ], [ -115.2393237, 36.162965699799997 ], [ -115.2393237, 36.1629683998 ], [ -115.2393264, 36.1629683998 ], [ -115.2393264, 36.162989999799997 ], [ -115.2393237, 36.162989999799997 ], [ -115.2393237, 36.163000799800002 ], [ -115.239321, 36.163000799800002 ], [ -115.239321, 36.163011599800001 ], [ -115.2393183, 36.163011599800001 ], [ -115.2393183, 36.163025099800002 ], [ -115.2393156, 36.163025099800002 ], [ -115.2393156, 36.163033199799997 ], [ -115.2393129, 36.163033199799997 ], [ -115.2393129, 36.163038599800004 ], [ -115.2393102, 36.163038599800004 ], [ -115.2393102, 36.163043999800003 ], [ -115.2393075, 36.163043999800003 ], [ -115.2393075, 36.163057499799997 ], [ -115.2393048, 36.163057499799997 ], [ -115.2393048, 36.163062899800003 ], [ -115.2393021, 36.163062899800003 ], [ -115.2393021, 36.163065599799999 ], [ -115.2392967, 36.163065599799999 ], [ -115.2392967, 36.163068299800003 ] ] ] } },
{ "type": "Feature", "properties": { "value": 255.0 }, "geometry": { "type": "Polygon", "coordinates": [ [ [ -115.2390834, 36.163043999800003 ], [ -115.2390726, 36.163043999800003 ], [ -115.2390726, 36.162911699799999 ], [ -115.2390996, 36.162911699799999 ], [ -115.2390996, 36.162914399800002 ], [ -115.2391131, 36.162914399800002 ], [ -115.2391131, 36.162917099799998 ], [ -115.2391185, 36.162917099799998 ], [ -115.2391185, 36.162922499799997 ], [ -115.2391212, 36.162922499799997 ], [ -115.2391212, 36.162957599800002 ], [ -115.2391185, 36.162957599800002 ], [ -115.2391185, 36.1629683998 ], [ -115.2391158, 36.1629683998 ], [ -115.2391158, 36.162976499800003 ], [ -115.2391131, 36.162976499800003 ], [ -115.2391131, 36.162984599799998 ], [ -115.2391104, 36.162984599799998 ], [ -115.2391104, 36.162989999799997 ], [ -115.2391077, 36.162989999799997 ], [ -115.2391077, 36.1629926998 ], [ -115.239105, 36.1629926998 ], [ -115.239105, 36.162995399800003 ], [ -115.2391023, 36.162995399800003 ], [ -115.2391023, 36.163000799800002 ], [ -115.2390996, 36.163000799800002 ], [ -115.2390996, 36.163003499799999 ], [ -115.2390969, 36.163003499799999 ], [ -115.2390969, 36.163011599800001 ], [ -115.2390942, 36.163011599800001 ], [ -115.2390942, 36.163022399799999 ], [ -115.2390915, 36.163022399799999 ], [ -115.2390915, 36.163035899800001 ], [ -115.2390888, 36.163035899800001 ], [ -115.2390888, 36.163038599800004 ], [ -115.2390861, 36.163038599800004 ], [ -115.2390861, 36.1630412998 ], [ -115.2390834, 36.1630412998 ], [ -115.2390834, 36.163043999800003 ] ] ] } },
{ "type": "Feature", "properties": { "value": 255.0 }, "geometry": { "type": "Polygon", "coordinates": [ [ [ -115.2400446, 36.1627658998 ], [ -115.2400284, 36.1627658998 ], [ -115.2400284, 36.162763199799997 ], [ -115.2398799, 36.162763199799997 ], [ -115.2398799, 36.162760499800001 ], [ -115.2398772, 36.162760499800001 ], [ -115.2398772, 36.162755099800002 ], [ -115.2398745, 36.162755099800002 ], [ -115.2398745, 36.162744299799996 ], [ -115.2398772, 36.162744299799996 ], [ -115.2398772, 36.162692999800001 ], [ -115.2398799, 36.162692999800001 ], [ -115.2398799, 36.162684899799999 ], [ -115.2398826, 36.162684899799999 ], [ -115.2398826, 36.162679499799999 ], [ -115.239888, 36.162679499799999 ], [ -115.239888, 36.162676799799996 ], [ -115.2399123, 36.162676799799996 ], [ -115.2399123, 36.162679499799999 ], [ -115.239942, 36.162679499799999 ], [ -115.239942, 36.162676799799996 ], [ -115.2399528, 36.162676799799996 ], [ -115.2399528, 36.1626740998 ], [ -115.2399555, 36.1626740998 ], [ -115.2399555, 36.162671399799997 ], [ -115.2399582, 36.162671399799997 ], [ -115.2399582, 36.162668699800001 ], [ -115.2399609, 36.162668699800001 ], [ -115.2399609, 36.162665999799998 ], [ -115.2399636, 36.162665999799998 ], [ -115.2399636, 36.162625499800001 ], [ -115.2399663, 36.162625499800001 ], [ -115.2399663, 36.162617399799998 ], [ -115.239969, 36.162617399799998 ], [ -115.239969, 36.162614699800002 ], [ -115.2399717, 36.162614699800002 ], [ -115.2399717, 36.162611999799999 ], [ -115.2399798, 36.162611999799999 ], [ -115.2399798, 36.162609299799996 ], [ -115.2400041, 36.162609299799996 ], [ -115.2400041, 36.162611999799999 ], [ -115.2400284, 36.162611999799999 ], [ -115.2400284, 36.162614699800002 ], [ -115.24005, 36.162614699800002 ], [ -115.24005, 36.162617399799998 ], [ -115.2400527, 36.162617399799998 ], [ -115.2400527, 36.1626740998 ], [ -115.2400554, 36.1626740998 ], [ -115.2400554, 36.162676799799996 ], [ -115.2400851, 36.162676799799996 ], [ -115.2400851, 36.162679499799999 ], [ -115.2400878, 36.162679499799999 ], [ -115.2400878, 36.1627469998 ], [ -115.2400797, 36.1627469998 ], [ -115.2400797, 36.162749699800003 ], [ -115.2400554, 36.162749699800003 ], [ -115.2400554, 36.162752399799999 ], [ -115.2400527, 36.162752399799999 ], [ -115.2400527, 36.162757799799998 ], [ -115.24005, 36.162757799799998 ], [ -115.24005, 36.162763199799997 ], [ -115.2400446, 36.162763199799997 ], [ -115.2400446, 36.1627658998 ] ] ] } },
{ "type": "Feature", "properties": { "value": 255.0 }, "geometry": { "type": "Polygon", "coordinates": [ [ [ -115.2403227, 36.162773999800002 ], [ -115.2403038, 36.162773999800002 ], [ -115.2403038, 36.162771299799999 ], [ -115.2402093, 36.162771299799999 ], [ -115.2402093, 36.1627658998 ], [ -115.2402066, 36.1627658998 ], [ -115.2402066, 36.162752399799999 ], [ -115.2402093, 36.162752399799999 ], [ -115.2402093, 36.1627469998 ], [ -115.240212, 36.1627469998 ], [ -115.240212, 36.1627415998 ], [ -115.2402147, 36.1627415998 ], [ -115.2402147, 36.162701099800003 ], [ -115.2402174, 36.162701099800003 ], [ -115.2402174, 36.162695699799997 ], [ -115.2402201, 36.162695699799997 ], [ -115.2402201, 36.162687599800002 ], [ -115.2402228, 36.162687599800002 ], [ -115.2402228, 36.162671399799997 ], [ -115.2402255, 36.162671399799997 ], [ -115.2402255, 36.162660599799999 ], [ -115.2402282, 36.162660599799999 ], [ -115.2402282, 36.162657899800003 ], [ -115.2402336, 36.162657899800003 ], [ -115.2402336, 36.1626551998 ], [ -115.2402498, 36.1626551998 ], [ -115.2402498, 36.162652499799997 ], [ -115.2402525, 36.162652499799997 ], [ -115.2402525, 36.1626497998 ], [ -115.2402552, 36.1626497998 ], [ -115.2402552, 36.162647099799997 ], [ -115.2402579, 36.162647099799997 ], [ -115.2402579, 36.162628199799997 ], [ -115.2402606, 36.162628199799997 ], [ -115.2402606, 36.162622799799998 ], [ -115.2403524, 36.162622799799998 ], [ -115.2403524, 36.162625499800001 ], [ -115.2403956, 36.162625499800001 ], [ -115.2403956, 36.162628199799997 ], [ -115.2403983, 36.162628199799997 ], [ -115.2403983, 36.162633599800003 ], [ -115.240401, 36.162633599800003 ], [ -115.240401, 36.162679499799999 ], [ -115.2403983, 36.162679499799999 ], [ -115.2403983, 36.162682199800003 ], [ -115.2403956, 36.162682199800003 ], [ -115.2403956, 36.162684899799999 ], [ -115.2403875, 36.162684899799999 ], [ -115.2403875, 36.162687599800002 ], [ -115.2403821, 36.162687599800002 ], [ -115.2403821, 36.162709199799998 ], [ -115.2403794, 36.162709199799998 ], [ -115.2403794, 36.1627658998 ], [ -115.2403767, 36.1627658998 ], [ -115.2403767, 36.162771299799999 ], [ -115.2403227, 36.162771299799999 ], [ -115.2403227, 36.162773999800002 ] ] ] } },
{ "type": "Feature", "properties": { "value": 255.0 }, "geometry": { "type": "Polygon", "coordinates": [ [ [ -115.2395397, 36.162701099800003 ], [ -115.2395127, 36.162701099800003 ], [ -115.2395127, 36.1626983998 ], [ -115.2394992, 36.1626983998 ], [ -115.2394992, 36.162695699799997 ], [ -115.2394803, 36.162695699799997 ], [ -115.2394803, 36.162692999800001 ], [ -115.2394425, 36.162692999800001 ], [ -115.2394425, 36.162690299799998 ], [ -115.2394236, 36.162690299799998 ], [ -115.2394236, 36.162687599800002 ], [ -115.2394128, 36.162687599800002 ], [ -115.2394128, 36.162684899799999 ], [ -115.2394074, 36.162684899799999 ], [ -115.2394074, 36.162682199800003 ], [ -115.239402, 36.162682199800003 ], [ -115.239402, 36.162679499799999 ], [ -115.2393912, 36.162679499799999 ], [ -115.2393912, 36.162676799799996 ], [ -115.239375, 36.162676799799996 ], [ -115.239375, 36.1626740998 ], [ -115.2393534, 36.1626740998 ], [ -115.2393534, 36.162671399799997 ], [ -115.239348, 36.162671399799997 ], [ -115.239348, 36.162668699800001 ], [ -115.2393453, 36.162668699800001 ], [ -115.2393453, 36.1626497998 ], [ -115.239348, 36.1626497998 ], [ -115.239348, 36.162625499800001 ], [ -115.2393507, 36.162625499800001 ], [ -115.2393507, 36.162603899799997 ], [ -115.2393534, 36.162603899799997 ], [ -115.2393534, 36.162579599799997 ], [ -115.2393561, 36.162579599799997 ], [ -115.2393561, 36.162568799799999 ], [ -115.2393588, 36.162568799799999 ], [ -115.2393588, 36.162560699799997 ], [ -115.2393615, 36.162560699799997 ], [ -115.2393615, 36.162552599800001 ], [ -115.2393642, 36.162552599800001 ], [ -115.2393642, 36.1625390998 ], [ -115.2393669, 36.1625390998 ], [ -115.2393669, 36.162530999799998 ], [ -115.2393696, 36.162530999799998 ], [ -115.2393696, 36.162528299800002 ], [ -115.2393723, 36.162528299800002 ], [ -115.2393723, 36.162525599799999 ], [ -115.2393966, 36.162525599799999 ], [ -115.2393966, 36.162528299800002 ], [ -115.2394155, 36.162528299800002 ], [ -115.2394155, 36.162530999799998 ], [ -115.2394344, 36.162530999799998 ], [ -115.2394344, 36.162533699800001 ], [ -115.2394425, 36.162533699800001 ], [ -115.2394425, 36.162536399799997 ], [ -115.2394452, 36.162536399799997 ], [ -115.2394452, 36.162557999800001 ], [ -115.2394425, 36.162557999800001 ], [ -115.2394425, 36.162579599799997 ], [ -115.2394452, 36.162579599799997 ], [ -115.2394452, 36.1625876998 ], [ -115.2394884, 36.1625876998 ], [ -115.2394884, 36.162584999799996 ], [ -115.2394965, 36.162584999799996 ], [ -115.2394965, 36.1625876998 ], [ -115.2395127, 36.1625876998 ], [ -115.2395127, 36.162590399800003 ], [ -115.2395154, 36.162590399800003 ], [ -115.2395154, 36.162593099799999 ], [ -115.2395181, 36.162593099799999 ], [ -115.2395181, 36.162601199800001 ], [ -115.2395154, 36.162601199800001 ], [ -115.2395154, 36.162614699800002 ], [ -115.2395181, 36.162614699800002 ], [ -115.2395181, 36.162617399799998 ], [ -115.2395208, 36.162617399799998 ], [ -115.2395208, 36.162620099800002 ], [ -115.2395478, 36.162620099800002 ], [ -115.2395478, 36.162622799799998 ], [ -115.2395532, 36.162622799799998 ], [ -115.2395532, 36.162628199799997 ], [ -115.2395559, 36.162628199799997 ], [ -115.2395559, 36.1626497998 ], [ -115.2395532, 36.1626497998 ], [ -115.2395532, 36.162665999799998 ], [ -115.2395505, 36.162665999799998 ], [ -115.2395505, 36.162676799799996 ], [ -115.2395478, 36.162676799799996 ], [ -115.2395478, 36.162684899799999 ], [ -115.2395451, 36.162684899799999 ], [ -115.2395451, 36.162692999800001 ], [ -115.2395424, 36.162692999800001 ], [ -115.2395424, 36.1626983998 ], [ -115.2395397, 36.1626983998 ], [ -115.2395397, 36.162701099800003 ] ] ] } },
{ "type": "Feature", "properties": { "value": 255.0 }, "geometry": { "type": "Polygon", "coordinates": [ [ [ -115.2392967, 36.1626551998 ], [ -115.2392778, 36.1626551998 ], [ -115.2392778, 36.162652499799997 ], [ -115.2392643, 36.162652499799997 ], [ -115.2392643, 36.1626497998 ], [ -115.2392616, 36.1626497998 ], [ -115.2392616, 36.162647099799997 ], [ -115.2392562, 36.162647099799997 ], [ -115.2392562, 36.162644399800001 ], [ -115.2392535, 36.162644399800001 ], [ -115.2392535, 36.162641699799998 ], [ -115.2392427, 36.162641699799998 ], [ -115.2392427, 36.162638999800002 ], [ -115.2392265, 36.162638999800002 ], [ -115.2392265, 36.162636299799999 ], [ -115.239213, 36.162636299799999 ], [ -115.239213, 36.162633599800003 ], [ -115.2392103, 36.162633599800003 ], [ -115.2392103, 36.1626308998 ], [ -115.2392076, 36.1626308998 ], [ -115.2392076, 36.162611999799999 ], [ -115.2392049, 36.162611999799999 ], [ -115.2392049, 36.162609299799996 ], [ -115.2391995, 36.162609299799996 ], [ -115.2391995, 36.1626065998 ], [ -115.239186, 36.1626065998 ], [ -115.239186, 36.162603899799997 ], [ -115.2391698, 36.162603899799997 ], [ -115.2391698, 36.162601199800001 ], [ -115.2391563, 36.162601199800001 ], [ -115.2391563, 36.162598499799998 ], [ -115.2391536, 36.162598499799998 ], [ -115.2391536, 36.162595799800002 ], [ -115.2391509, 36.162595799800002 ], [ -115.2391509, 36.1625822998 ], [ -115.2391536, 36.1625822998 ], [ -115.2391536, 36.162574199799998 ], [ -115.2391563, 36.162574199799998 ], [ -115.2391563, 36.162568799799999 ], [ -115.239159, 36.162568799799999 ], [ -115.239159, 36.1625633998 ], [ -115.2391617, 36.1625633998 ], [ -115.2391617, 36.162557999800001 ], [ -115.2391644, 36.162557999800001 ], [ -115.2391644, 36.162547199800002 ], [ -115.2391671, 36.162547199800002 ], [ -115.2391671, 36.162536399799997 ], [ -115.2391698, 36.162536399799997 ], [ -115.2391698, 36.162528299800002 ], [ -115.2391725, 36.162528299800002 ], [ -115.2391725, 36.162522899800003 ], [ -115.2391779, 36.162522899800003 ], [ -115.2391779, 36.162520199799999 ], [ -115.2392616, 36.162520199799999 ], [ -115.2392616, 36.162517499799996 ], [ -115.239267, 36.162517499799996 ], [ -115.239267, 36.1625147998 ], [ -115.2392697, 36.1625147998 ], [ -115.2392697, 36.162512099799997 ], [ -115.2392724, 36.162512099799997 ], [ -115.2392724, 36.162509399800001 ], [ -115.2392778, 36.162509399800001 ], [ -115.2392778, 36.162506699799998 ], [ -115.2392913, 36.162506699799998 ], [ -115.2392913, 36.162509399800001 ], [ -115.239294, 36.162509399800001 ], [ -115.239294, 36.162512099799997 ], [ -115.2392967, 36.162512099799997 ], [ -115.2392967, 36.162522899800003 ], [ -115.2392994, 36.162522899800003 ], [ -115.2392994, 36.162525599799999 ], [ -115.2393021, 36.162525599799999 ], [ -115.2393021, 36.162528299800002 ], [ -115.2393129, 36.162528299800002 ], [ -115.2393129, 36.162530999799998 ], [ -115.2393264, 36.162530999799998 ], [ -115.2393264, 36.162533699800001 ], [ -115.2393318, 36.162533699800001 ], [ -115.2393318, 36.162536399799997 ], [ -115.2393345, 36.162536399799997 ], [ -115.2393345, 36.162560699799997 ], [ -115.2393318, 36.162560699799997 ], [ -115.2393318, 36.162571499800002 ], [ -115.2393291, 36.162571499800002 ], [ -115.2393291, 36.162579599799997 ], [ -115.2393264, 36.162579599799997 ], [ -115.2393264, 36.162584999799996 ], [ -115.2393237, 36.162584999799996 ], [ -115.2393237, 36.162595799800002 ], [ -115.239321, 36.162595799800002 ], [ -115.239321, 36.162609299799996 ], [ -115.2393183, 36.162609299799996 ], [ -115.2393183, 36.162622799799998 ], [ -115.2393156, 36.162622799799998 ], [ -115.2393156, 36.162628199799997 ], [ -115.2393129, 36.162628199799997 ], [ -115.2393129, 36.162636299799999 ], [ -115.2393102, 36.162636299799999 ], [ -115.2393102, 36.162641699799998 ], [ -115.2393075, 36.162641699799998 ], [ -115.2393075, 36.162647099799997 ], [ -115.2393048, 36.162647099799997 ], [ -115.2393048, 36.1626497998 ], [ -115.2393021, 36.1626497998 ], [ -115.2393021, 36.162652499799997 ], [ -115.2392967, 36.162652499799997 ], [ -115.2392967, 36.1626551998 ] ] ] } },
{ "type": "Feature", "properties": { "value": 255.0 }, "geometry": { "type": "Polygon", "coordinates": [ [ [ -115.2394182, 36.162493199799997 ], [ -115.2393966, 36.162493199799997 ], [ -115.2393966, 36.162490499800001 ], [ -115.2393939, 36.162490499800001 ], [ -115.2393939, 36.162487799799997 ], [ -115.2393912, 36.162487799799997 ], [ -115.2393912, 36.162482399799998 ], [ -115.2393939, 36.162482399799998 ], [ -115.2393939, 36.162479699800002 ], [ -115.239402, 36.162479699800002 ], [ -115.239402, 36.162482399799998 ], [ -115.2394182, 36.162482399799998 ], [ -115.2394182, 36.162487799799997 ], [ -115.2394209, 36.162487799799997 ], [ -115.2394209, 36.162490499800001 ], [ -115.2394182, 36.162490499800001 ], [ -115.2394182, 36.162493199799997 ] ] ] } },
{ "type": "Feature", "properties": { "value": 255.0 }, "geometry": { "type": "Polygon", "coordinates": [ [ [ -115.2400527, 36.162576899800001 ], [ -115.2399555, 36.162576899800001 ], [ -115.2399555, 36.162574199799998 ], [ -115.2399501, 36.162574199799998 ], [ -115.2399501, 36.162549899799998 ], [ -115.2399528, 36.162549899799998 ], [ -115.2399528, 36.162525599799999 ], [ -115.2399501, 36.162525599799999 ], [ -115.2399501, 36.162509399800001 ], [ -115.2399474, 36.162509399800001 ], [ -115.2399474, 36.162506699799998 ], [ -115.2398853, 36.162506699799998 ], [ -115.2398853, 36.162503999800002 ], [ -115.2398826, 36.162503999800002 ], [ -115.2398826, 36.162460799800002 ], [ -115.2398853, 36.162460799800002 ], [ -115.2398853, 36.162441899800001 ], [ -115.239888, 36.162441899800001 ], [ -115.239888, 36.162439199799998 ], [ -115.2399069, 36.162439199799998 ], [ -115.2399069, 36.162436499800002 ], [ -115.2399123, 36.162436499800002 ], [ -115.2399123, 36.162439199799998 ], [ -115.2399933, 36.162439199799998 ], [ -115.2399933, 36.162441899800001 ], [ -115.2400851, 36.162441899800001 ], [ -115.2400851, 36.162444599799997 ], [ -115.2400905, 36.162444599799997 ], [ -115.2400905, 36.162474299799996 ], [ -115.2400932, 36.162474299799996 ], [ -115.2400932, 36.162493199799997 ], [ -115.2400905, 36.162493199799997 ], [ -115.2400905, 36.162498599800003 ], [ -115.2400635, 36.162498599800003 ], [ -115.2400635, 36.162501299799999 ], [ -115.2400581, 36.162501299799999 ], [ -115.2400581, 36.162522899800003 ], [ -115.2400554, 36.162522899800003 ], [ -115.2400554, 36.162574199799998 ], [ -115.2400527, 36.162574199799998 ], [ -115.2400527, 36.162576899800001 ] ] ] } },
{ "type": "Feature", "properties": { "value": 255.0 }, "geometry": { "type": "Polygon", "coordinates": [ [ [ -115.2401337, 36.162463499799998 ], [ -115.2401121, 36.162463499799998 ], [ -115.2401121, 36.162460799800002 ], [ -115.2401067, 36.162460799800002 ], [ -115.2401067, 36.162458099799998 ], [ -115.240104, 36.162458099799998 ], [ -115.240104, 36.162425699799996 ], [ -115.2401067, 36.162425699799996 ], [ -115.2401067, 36.162414899799998 ], [ -115.2401094, 36.162414899799998 ], [ -115.2401094, 36.162412199800002 ], [ -115.240131, 36.162412199800002 ], [ -115.240131, 36.162414899799998 ], [ -115.2401337, 36.162414899799998 ], [ -115.2401337, 36.162433799799999 ], [ -115.2401364, 36.162433799799999 ], [ -115.2401364, 36.1624472998 ], [ -115.2401391, 36.1624472998 ], [ -115.2401391, 36.162458099799998 ], [ -115.2401364, 36.162458099799998 ], [ -115.2401364, 36.162460799800002 ], [ -115.2401337, 36.162460799800002 ], [ -115.2401337, 36.162463499799998 ] ] ] } },
{ "type": "Feature", "properties": { "value": 255.0 }, "geometry": { "type": "Polygon", "coordinates": [ [ [ -115.2393156, 36.162439199799998 ], [ -115.2393048, 36.162439199799998 ], [ -115.2393048, 36.162436499800002 ], [ -115.2392994, 36.162436499800002 ], [ -115.2392994, 36.162431099800003 ], [ -115.2393102, 36.162431099800003 ], [ -115.2393102, 36.1624283998 ], [ -115.2393156, 36.1624283998 ], [ -115.2393156, 36.162431099800003 ], [ -115.2393183, 36.162431099800003 ], [ -115.2393183, 36.162436499800002 ], [ -115.2393156, 36.162436499800002 ], [ -115.2393156, 36.162439199799998 ] ] ] } },
{ "type": "Feature", "properties": { "value": 255.0 }, "geometry": { "type": "Polygon", "coordinates": [ [ [ -115.2408276, 36.162512099799997 ], [ -115.2408195, 36.162512099799997 ], [ -115.2408195, 36.162509399800001 ], [ -115.2408141, 36.162509399800001 ], [ -115.2408141, 36.162506699799998 ], [ -115.2408087, 36.162506699799998 ], [ -115.2408087, 36.162503999800002 ], [ -115.240806, 36.162503999800002 ], [ -115.240806, 36.162501299799999 ], [ -115.2408006, 36.162501299799999 ], [ -115.2408006, 36.162498599800003 ], [ -115.2407979, 36.162498599800003 ], [ -115.2407979, 36.1624958998 ], [ -115.2407952, 36.1624958998 ], [ -115.2407952, 36.162493199799997 ], [ -115.2407925, 36.162493199799997 ], [ -115.2407925, 36.162490499800001 ], [ -115.2407871, 36.162490499800001 ], [ -115.2407871, 36.162487799799997 ], [ -115.24078440000001, 36.162487799799997 ], [ -115.24078440000001, 36.162485099800001 ], [ -115.240779, 36.162485099800001 ], [ -115.240779, 36.162482399799998 ], [ -115.2407736, 36.162482399799998 ], [ -115.2407736, 36.162479699800002 ], [ -115.2407628, 36.162479699800002 ], [ -115.2407628, 36.162476999799999 ], [ -115.2407601, 36.162476999799999 ], [ -115.2407601, 36.162468899799997 ], [ -115.2407628, 36.162468899799997 ], [ -115.2407628, 36.162460799800002 ], [ -115.2407655, 36.162460799800002 ], [ -115.2407655, 36.162449999799996 ], [ -115.2407709, 36.162449999799996 ], [ -115.2407709, 36.1624472998 ], [ -115.2407763, 36.1624472998 ], [ -115.2407763, 36.162444599799997 ], [ -115.2407817, 36.162444599799997 ], [ -115.2407817, 36.162441899800001 ], [ -115.2407898, 36.162441899800001 ], [ -115.2407898, 36.162439199799998 ], [ -115.2407925, 36.162439199799998 ], [ -115.2407925, 36.162436499800002 ], [ -115.2407952, 36.162436499800002 ], [ -115.2407952, 36.162431099800003 ], [ -115.2407979, 36.162431099800003 ], [ -115.2407979, 36.1624229998 ], [ -115.2408006, 36.1624229998 ], [ -115.2408006, 36.162417599800001 ], [ -115.2408033, 36.162417599800001 ], [ -115.2408033, 36.162414899799998 ], [ -115.240806, 36.162414899799998 ], [ -115.240806, 36.162412199800002 ], [ -115.2408141, 36.162412199800002 ], [ -115.2408141, 36.162409499799999 ], [ -115.2408276, 36.162409499799999 ], [ -115.2408276, 36.162512099799997 ] ] ] } },
{ "type": "Feature", "properties": { "value": 255.0 }, "geometry": { "type": "Polygon", "coordinates": [ [ [ -115.2390888, 36.162611999799999 ], [ -115.2390726, 36.162611999799999 ], [ -115.2390726, 36.162444599799997 ], [ -115.2390861, 36.162444599799997 ], [ -115.2390861, 36.162439199799998 ], [ -115.2390834, 36.162439199799998 ], [ -115.2390834, 36.162436499800002 ], [ -115.2390807, 36.162436499800002 ], [ -115.2390807, 36.162433799799999 ], [ -115.239078, 36.162433799799999 ], [ -115.239078, 36.162431099800003 ], [ -115.2390753, 36.162431099800003 ], [ -115.2390753, 36.162425699799996 ], [ -115.239078, 36.162425699799996 ], [ -115.239078, 36.162420299799997 ], [ -115.2390807, 36.162420299799997 ], [ -115.2390807, 36.162412199800002 ], [ -115.2390861, 36.162412199800002 ], [ -115.2390861, 36.162409499799999 ], [ -115.2391104, 36.162409499799999 ], [ -115.2391104, 36.162412199800002 ], [ -115.2391293, 36.162412199800002 ], [ -115.2391293, 36.162414899799998 ], [ -115.239132, 36.162414899799998 ], [ -115.239132, 36.162417599800001 ], [ -115.2391347, 36.162417599800001 ], [ -115.2391347, 36.1624283998 ], [ -115.239132, 36.1624283998 ], [ -115.239132, 36.162436499800002 ], [ -115.2391293, 36.162436499800002 ], [ -115.2391293, 36.162439199799998 ], [ -115.2391212, 36.162439199799998 ], [ -115.2391212, 36.162441899800001 ], [ -115.2391104, 36.162441899800001 ], [ -115.2391104, 36.162444599799997 ], [ -115.2391077, 36.162444599799997 ], [ -115.2391077, 36.162449999799996 ], [ -115.2391104, 36.162449999799996 ], [ -115.2391104, 36.162452699799999 ], [ -115.2391131, 36.162452699799999 ], [ -115.2391131, 36.162458099799998 ], [ -115.2391158, 36.162458099799998 ], [ -115.2391158, 36.162460799800002 ], [ -115.2391212, 36.162460799800002 ], [ -115.2391212, 36.162463499799998 ], [ -115.2391293, 36.162463499799998 ], [ -115.2391293, 36.162466199800001 ], [ -115.2391374, 36.162466199800001 ], [ -115.2391374, 36.162468899799997 ], [ -115.2391401, 36.162468899799997 ], [ -115.2391401, 36.162490499800001 ], [ -115.2391374, 36.162490499800001 ], [ -115.2391374, 36.1624958998 ], [ -115.2391347, 36.1624958998 ], [ -115.2391347, 36.162498599800003 ], [ -115.2391239, 36.162498599800003 ], [ -115.2391239, 36.162501299799999 ], [ -115.2391212, 36.162501299799999 ], [ -115.2391212, 36.162506699799998 ], [ -115.2391185, 36.162506699799998 ], [ -115.2391185, 36.162512099799997 ], [ -115.2391158, 36.162512099799997 ], [ -115.2391158, 36.162517499799996 ], [ -115.2391131, 36.162517499799996 ], [ -115.2391131, 36.162528299800002 ], [ -115.2391158, 36.162528299800002 ], [ -115.2391158, 36.162549899799998 ], [ -115.2391131, 36.162549899799998 ], [ -115.2391131, 36.162557999800001 ], [ -115.2391104, 36.162557999800001 ], [ -115.2391104, 36.1625633998 ], [ -115.2391077, 36.1625633998 ], [ -115.2391077, 36.162568799799999 ], [ -115.239105, 36.162568799799999 ], [ -115.239105, 36.162576899800001 ], [ -115.2391023, 36.162576899800001 ], [ -115.2391023, 36.162584999799996 ], [ -115.2390996, 36.162584999799996 ], [ -115.2390996, 36.162595799800002 ], [ -115.2390969, 36.162595799800002 ], [ -115.2390969, 36.162603899799997 ], [ -115.2390942, 36.162603899799997 ], [ -115.2390942, 36.1626065998 ], [ -115.2390915, 36.1626065998 ], [ -115.2390915, 36.162609299799996 ], [ -115.2390888, 36.162609299799996 ], [ -115.2390888, 36.162611999799999 ] ] ] } },
{ "type": "Feature", "properties": { "value": 255.0 }, "geometry": { "type": "Polygon", "coordinates": [ [ [ -115.2403146, 36.162555299799997 ], [ -115.2403038, 36.162555299799997 ], [ -115.2403038, 36.162552599800001 ], [ -115.2402984, 36.162552599800001 ], [ -115.2402984, 36.162549899799998 ], [ -115.2402957, 36.162549899799998 ], [ -115.2402957, 36.162547199800002 ], [ -115.2402903, 36.162547199800002 ], [ -115.2402903, 36.162544499799999 ], [ -115.2402822, 36.162544499799999 ], [ -115.2402822, 36.162541799799996 ], [ -115.2402741, 36.162541799799996 ], [ -115.2402741, 36.1625390998 ], [ -115.240266, 36.1625390998 ], [ -115.240266, 36.162536399799997 ], [ -115.2402579, 36.162536399799997 ], [ -115.2402579, 36.162533699800001 ], [ -115.2402525, 36.162533699800001 ], [ -115.2402525, 36.162530999799998 ], [ -115.2402498, 36.162530999799998 ], [ -115.2402498, 36.162528299800002 ], [ -115.2402444, 36.162528299800002 ], [ -115.2402444, 36.162525599799999 ], [ -115.2402417, 36.162525599799999 ], [ -115.2402417, 36.162522899800003 ], [ -115.2402363, 36.162522899800003 ], [ -115.2402363, 36.162520199799999 ], [ -115.2402282, 36.162520199799999 ], [ -115.2402282, 36.162517499799996 ], [ -115.2402228, 36.162517499799996 ], [ -115.2402228, 36.1625147998 ], [ -115.2402174, 36.1625147998 ], [ -115.2402174, 36.162512099799997 ], [ -115.240212, 36.162512099799997 ], [ -115.240212, 36.162509399800001 ], [ -115.2402066, 36.162509399800001 ], [ -115.2402066, 36.162506699799998 ], [ -115.2402012, 36.162506699799998 ], [ -115.2402012, 36.162503999800002 ], [ -115.2401985, 36.162503999800002 ], [ -115.2401985, 36.162501299799999 ], [ -115.2401958, 36.162501299799999 ], [ -115.2401958, 36.162498599800003 ], [ -115.2401931, 36.162498599800003 ], [ -115.2401931, 36.162487799799997 ], [ -115.2401958, 36.162487799799997 ], [ -115.2401958, 36.162482399799998 ], [ -115.2401985, 36.162482399799998 ], [ -115.2401985, 36.162479699800002 ], [ -115.2402039, 36.162479699800002 ], [ -115.2402039, 36.162476999799999 ], [ -115.2402066, 36.162476999799999 ], [ -115.2402066, 36.162474299799996 ], [ -115.2402093, 36.162474299799996 ], [ -115.2402093, 36.1624715998 ], [ -115.240212, 36.1624715998 ], [ -115.240212, 36.162466199800001 ], [ -115.2402147, 36.162466199800001 ], [ -115.2402147, 36.162463499799998 ], [ -115.2402174, 36.162463499799998 ], [ -115.2402174, 36.162460799800002 ], [ -115.2402201, 36.162460799800002 ], [ -115.2402201, 36.162458099799998 ], [ -115.2402228, 36.162458099799998 ], [ -115.2402228, 36.162452699799999 ], [ -115.2402255, 36.162452699799999 ], [ -115.2402255, 36.162449999799996 ], [ -115.2402282, 36.162449999799996 ], [ -115.2402282, 36.1624472998 ], [ -115.2402309, 36.1624472998 ], [ -115.2402309, 36.162441899800001 ], [ -115.2402336, 36.162441899800001 ], [ -115.2402336, 36.162439199799998 ], [ -115.2402363, 36.162439199799998 ], [ -115.2402363, 36.162436499800002 ], [ -115.240239, 36.162436499800002 ], [ -115.240239, 36.162431099800003 ], [ -115.2402417, 36.162431099800003 ], [ -115.2402417, 36.1624283998 ], [ -115.2402444, 36.1624283998 ], [ -115.2402444, 36.162425699799996 ], [ -115.2402471, 36.162425699799996 ], [ -115.2402471, 36.1624229998 ], [ -115.2402498, 36.1624229998 ], [ -115.2402498, 36.162420299799997 ], [ -115.2402525, 36.162420299799997 ], [ -115.2402525, 36.162417599800001 ], [ -115.2402552, 36.162417599800001 ], [ -115.2402552, 36.162414899799998 ], [ -115.2402579, 36.162414899799998 ], [ -115.2402579, 36.162412199800002 ], [ -115.2402606, 36.162412199800002 ], [ -115.2402606, 36.162409499799999 ], [ -115.2402633, 36.162409499799999 ], [ -115.2402633, 36.162406799799996 ], [ -115.240266, 36.162406799799996 ], [ -115.240266, 36.1624040998 ], [ -115.2402687, 36.1624040998 ], [ -115.2402687, 36.162398699800001 ], [ -115.2402714, 36.162398699800001 ], [ -115.2402714, 36.162393299800002 ], [ -115.2402741, 36.162393299800002 ], [ -115.2402741, 36.162390599799998 ], [ -115.2402768, 36.162390599799998 ], [ -115.2402768, 36.162387899800002 ], [ -115.2402957, 36.162387899800002 ], [ -115.2402957, 36.162390599799998 ], [ -115.2403038, 36.162390599799998 ], [ -115.2403038, 36.162393299800002 ], [ -115.2403173, 36.162393299800002 ], [ -115.2403173, 36.162395999799998 ], [ -115.2403254, 36.162395999799998 ], [ -115.2403254, 36.162398699800001 ], [ -115.2403308, 36.162398699800001 ], [ -115.2403308, 36.162401399799997 ], [ -115.2403335, 36.162401399799997 ], [ -115.2403335, 36.1624040998 ], [ -115.2403362, 36.1624040998 ], [ -115.2403362, 36.162406799799996 ], [ -115.2403443, 36.162406799799996 ], [ -115.2403443, 36.1624040998 ], [ -115.240347, 36.1624040998 ], [ -115.240347, 36.162401399799997 ], [ -115.2403497, 36.162401399799997 ], [ -115.2403497, 36.162398699800001 ], [ -115.2403524, 36.162398699800001 ], [ -115.2403524, 36.162395999799998 ], [ -115.2403578, 36.162395999799998 ], [ -115.2403578, 36.162393299800002 ], [ -115.2403713, 36.162393299800002 ], [ -115.2403713, 36.162390599799998 ], [ -115.2404037, 36.162390599799998 ], [ -115.2404037, 36.162387899800002 ], [ -115.240428, 36.162387899800002 ], [ -115.240428, 36.162390599799998 ], [ -115.2404361, 36.162390599799998 ], [ -115.2404361, 36.162393299800002 ], [ -115.2404415, 36.162393299800002 ], [ -115.2404415, 36.162398699800001 ], [ -115.2404442, 36.162398699800001 ], [ -115.2404442, 36.162412199800002 ], [ -115.2404415, 36.162412199800002 ], [ -115.2404415, 36.1624229998 ], [ -115.2404388, 36.1624229998 ], [ -115.2404388, 36.162431099800003 ], [ -115.2404361, 36.162431099800003 ], [ -115.2404361, 36.162436499800002 ], [ -115.2404334, 36.162436499800002 ], [ -115.2404334, 36.162444599799997 ], [ -115.2404361, 36.162444599799997 ], [ -115.2404361, 36.1624472998 ], [ -115.2404388, 36.1624472998 ], [ -115.2404388, 36.162449999799996 ], [ -115.2404523, 36.162449999799996 ], [ -115.2404523, 36.162452699799999 ], [ -115.240455, 36.162452699799999 ], [ -115.240455, 36.162458099799998 ], [ -115.2404577, 36.162458099799998 ], [ -115.2404577, 36.162460799800002 ], [ -115.2404604, 36.162460799800002 ], [ -115.2404604, 36.162468899799997 ], [ -115.2404631, 36.162468899799997 ], [ -115.2404631, 36.162490499800001 ], [ -115.2404604, 36.162490499800001 ], [ -115.2404604, 36.1624958998 ], [ -115.2404577, 36.1624958998 ], [ -115.2404577, 36.162498599800003 ], [ -115.240455, 36.162498599800003 ], [ -115.240455, 36.162503999800002 ], [ -115.2404523, 36.162503999800002 ], [ -115.2404523, 36.162506699799998 ], [ -115.2404469, 36.162506699799998 ], [ -115.2404469, 36.162512099799997 ], [ -115.2404442, 36.162512099799997 ], [ -115.2404442, 36.1625147998 ], [ -115.2404415, 36.1625147998 ], [ -115.2404415, 36.162520199799999 ], [ -115.2404388, 36.162520199799999 ], [ -115.2404388, 36.162522899800003 ], [ -115.2404334, 36.162522899800003 ], [ -115.2404334, 36.162525599799999 ], [ -115.2404226, 36.162525599799999 ], [ -115.2404226, 36.162522899800003 ], [ -115.2404145, 36.162522899800003 ], [ -115.2404145, 36.162520199799999 ], [ -115.2404091, 36.162520199799999 ], [ -115.2404091, 36.162517499799996 ], [ -115.2404037, 36.162517499799996 ], [ -115.2404037, 36.1625147998 ], [ -115.2403983, 36.1625147998 ], [ -115.2403983, 36.162512099799997 ], [ -115.2403929, 36.162512099799997 ], [ -115.2403929, 36.162509399800001 ], [ -115.2403875, 36.162509399800001 ], [ -115.2403875, 36.162506699799998 ], [ -115.2403821, 36.162506699799998 ], [ -115.2403821, 36.162503999800002 ], [ -115.2403767, 36.162503999800002 ], [ -115.2403767, 36.162501299799999 ], [ -115.2403605, 36.162501299799999 ], [ -115.2403605, 36.162503999800002 ], [ -115.2403578, 36.162503999800002 ], [ -115.2403578, 36.162509399800001 ], [ -115.2403551, 36.162509399800001 ], [ -115.2403551, 36.1625147998 ], [ -115.2403524, 36.1625147998 ], [ -115.2403524, 36.162517499799996 ], [ -115.2403497, 36.162517499799996 ], [ -115.2403497, 36.162520199799999 ], [ -115.240347, 36.162520199799999 ], [ -115.240347, 36.162522899800003 ], [ -115.2403443, 36.162522899800003 ], [ -115.2403443, 36.162525599799999 ], [ -115.2403416, 36.162525599799999 ], [ -115.2403416, 36.162528299800002 ], [ -115.2403389, 36.162528299800002 ], [ -115.2403389, 36.162530999799998 ], [ -115.2403362, 36.162530999799998 ], [ -115.2403362, 36.162533699800001 ], [ -115.2403335, 36.162533699800001 ], [ -115.2403335, 36.162536399799997 ], [ -115.2403308, 36.162536399799997 ], [ -115.2403308, 36.162541799799996 ], [ -115.2403281, 36.162541799799996 ], [ -115.2403281, 36.162544499799999 ], [ -115.2403254, 36.162544499799999 ], [ -115.2403254, 36.162547199800002 ], [ -115.2403227, 36.162547199800002 ], [ -115.2403227, 36.162549899799998 ], [ -115.24032, 36.162549899799998 ], [ -115.24032, 36.162552599800001 ], [ -115.2403146, 36.162552599800001 ], [ -115.2403146, 36.162555299799997 ] ] ] } },
{ "type": "Feature", "properties": { "value": 255.0 }, "geometry": { "type": "Polygon", "coordinates": [ [ [ -115.2391266, 36.162385199799999 ], [ -115.2391212, 36.162385199799999 ], [ -115.2391212, 36.162382499799996 ], [ -115.239105, 36.162382499799996 ], [ -115.239105, 36.162368999800002 ], [ -115.2391077, 36.162368999800002 ], [ -115.2391077, 36.162366299799999 ], [ -115.2391104, 36.162366299799999 ], [ -115.2391104, 36.162363599800003 ], [ -115.2391131, 36.162363599800003 ], [ -115.2391131, 36.162360899799999 ], [ -115.2391266, 36.162360899799999 ], [ -115.2391266, 36.162363599800003 ], [ -115.2391293, 36.162363599800003 ], [ -115.2391293, 36.162366299799999 ], [ -115.239132, 36.162366299799999 ], [ -115.239132, 36.1623797998 ], [ -115.2391293, 36.1623797998 ], [ -115.2391293, 36.162382499799996 ], [ -115.2391266, 36.162382499799996 ], [ -115.2391266, 36.162385199799999 ] ] ] } },
{ "type": "Feature", "properties": { "value": 255.0 }, "geometry": { "type": "Polygon", "coordinates": [ [ [ -115.2406764, 36.162441899800001 ], [ -115.2406521, 36.162441899800001 ], [ -115.2406521, 36.162439199799998 ], [ -115.2406224, 36.162439199799998 ], [ -115.2406224, 36.162436499800002 ], [ -115.240617, 36.162436499800002 ], [ -115.240617, 36.162414899799998 ], [ -115.2406197, 36.162414899799998 ], [ -115.2406197, 36.162401399799997 ], [ -115.240617, 36.162401399799997 ], [ -115.240617, 36.162395999799998 ], [ -115.2405981, 36.162395999799998 ], [ -115.2405981, 36.162393299800002 ], [ -115.2405495, 36.162393299800002 ], [ -115.2405495, 36.162390599799998 ], [ -115.2405441, 36.162390599799998 ], [ -115.2405441, 36.162387899800002 ], [ -115.2405414, 36.162387899800002 ], [ -115.2405414, 36.162368999800002 ], [ -115.2405387, 36.162368999800002 ], [ -115.2405387, 36.162317699799999 ], [ -115.2405414, 36.162317699799999 ], [ -115.2405414, 36.162304199799998 ], [ -115.2405441, 36.162304199799998 ], [ -115.2405441, 36.162298799799999 ], [ -115.2405495, 36.162298799799999 ], [ -115.2405495, 36.162296099800002 ], [ -115.2406359, 36.162296099800002 ], [ -115.2406359, 36.162298799799999 ], [ -115.2406656, 36.162298799799999 ], [ -115.2406656, 36.162296099800002 ], [ -115.2406764, 36.162296099800002 ], [ -115.2406764, 36.162293399799999 ], [ -115.2407034, 36.162293399799999 ], [ -115.2407034, 36.162296099800002 ], [ -115.2407061, 36.162296099800002 ], [ -115.2407061, 36.162304199799998 ], [ -115.2407088, 36.162304199799998 ], [ -115.2407088, 36.162433799799999 ], [ -115.2407061, 36.162433799799999 ], [ -115.2407061, 36.162436499800002 ], [ -115.2407034, 36.162436499800002 ], [ -115.2407034, 36.162439199799998 ], [ -115.2406764, 36.162439199799998 ], [ -115.2406764, 36.162441899800001 ] ] ] } },
{ "type": "Feature", "properties": { "value": 255.0 }, "geometry": { "type": "Polygon", "coordinates": [ [ [ -115.2395181, 36.162455399800002 ], [ -115.2395073, 36.162455399800002 ], [ -115.2395073, 36.162452699799999 ], [ -115.2394938, 36.162452699799999 ], [ -115.2394938, 36.162449999799996 ], [ -115.2394776, 36.162449999799996 ], [ -115.2394776, 36.1624472998 ], [ -115.2394668, 36.1624472998 ], [ -115.2394668, 36.162444599799997 ], [ -115.2394587, 36.162444599799997 ], [ -115.2394587, 36.162441899800001 ], [ -115.2394506, 36.162441899800001 ], [ -115.2394506, 36.162439199799998 ], [ -115.2394425, 36.162439199799998 ], [ -115.2394425, 36.162436499800002 ], [ -115.2394371, 36.162436499800002 ], [ -115.2394371, 36.162431099800003 ], [ -115.2394344, 36.162431099800003 ], [ -115.2394344, 36.162420299799997 ], [ -115.2394371, 36.162420299799997 ], [ -115.2394371, 36.162412199800002 ], [ -115.2394398, 36.162412199800002 ], [ -115.2394398, 36.162401399799997 ], [ -115.2394425, 36.162401399799997 ], [ -115.2394425, 36.162390599799998 ], [ -115.2394398, 36.162390599799998 ], [ -115.2394398, 36.162387899800002 ], [ -115.2394344, 36.162387899800002 ], [ -115.2394344, 36.162385199799999 ], [ -115.2394236, 36.162385199799999 ], [ -115.2394236, 36.162382499799996 ], [ -115.2394101, 36.162382499799996 ], [ -115.2394101, 36.1623797998 ], [ -115.2393993, 36.1623797998 ], [ -115.2393993, 36.162377099799997 ], [ -115.2393912, 36.162377099799997 ], [ -115.2393912, 36.162374399800001 ], [ -115.2393804, 36.162374399800001 ], [ -115.2393804, 36.162371699799998 ], [ -115.2393696, 36.162371699799998 ], [ -115.2393696, 36.162368999800002 ], [ -115.2393588, 36.162368999800002 ], [ -115.2393588, 36.162366299799999 ], [ -115.2393561, 36.162366299799999 ], [ -115.2393561, 36.162350099800001 ], [ -115.2393588, 36.162350099800001 ], [ -115.2393588, 36.162328499799997 ], [ -115.2393615, 36.162328499799997 ], [ -115.2393615, 36.162320399800002 ], [ -115.2393642, 36.162320399800002 ], [ -115.2393642, 36.1623122998 ], [ -115.2393669, 36.1623122998 ], [ -115.2393669, 36.162296099800002 ], [ -115.2393696, 36.162296099800002 ], [ -115.2393696, 36.1622879998 ], [ -115.2393723, 36.1622879998 ], [ -115.2393723, 36.162282599800001 ], [ -115.239375, 36.162282599800001 ], [ -115.239375, 36.162277199800002 ], [ -115.2393777, 36.162277199800002 ], [ -115.2393777, 36.162271799799996 ], [ -115.2393804, 36.162271799799996 ], [ -115.2393804, 36.162258299800001 ], [ -115.2393831, 36.162258299800001 ], [ -115.2393831, 36.162252899800002 ], [ -115.2393858, 36.162252899800002 ], [ -115.2393858, 36.162247499799996 ], [ -115.2394155, 36.162247499799996 ], [ -115.2394155, 36.162250199799999 ], [ -115.239429, 36.162250199799999 ], [ -115.239429, 36.162252899800002 ], [ -115.2394344, 36.162252899800002 ], [ -115.2394344, 36.162255599799998 ], [ -115.2394398, 36.162255599799998 ], [ -115.2394398, 36.162258299800001 ], [ -115.2394425, 36.162258299800001 ], [ -115.2394425, 36.1622636998 ], [ -115.2394452, 36.1622636998 ], [ -115.2394452, 36.162274499799999 ], [ -115.2394533, 36.162274499799999 ], [ -115.2394533, 36.162277199800002 ], [ -115.2394668, 36.162277199800002 ], [ -115.2394668, 36.162279899799998 ], [ -115.2394749, 36.162279899799998 ], [ -115.2394749, 36.162282599800001 ], [ -115.239483, 36.162282599800001 ], [ -115.239483, 36.162285299799997 ], [ -115.2394884, 36.162285299799997 ], [ -115.2394884, 36.1622879998 ], [ -115.2394992, 36.1622879998 ], [ -115.2394992, 36.162290699799996 ], [ -115.2395073, 36.162290699799996 ], [ -115.2395073, 36.162293399799999 ], [ -115.2395181, 36.162293399799999 ], [ -115.2395181, 36.162296099800002 ], [ -115.2395316, 36.162296099800002 ], [ -115.2395316, 36.162298799799999 ], [ -115.2395397, 36.162298799799999 ], [ -115.2395397, 36.162301499800002 ], [ -115.2395451, 36.162301499800002 ], [ -115.2395451, 36.162323099799998 ], [ -115.2395424, 36.162323099799998 ], [ -115.2395424, 36.162331199800001 ], [ -115.2395397, 36.162331199800001 ], [ -115.2395397, 36.162341999799999 ], [ -115.239537, 36.162341999799999 ], [ -115.239537, 36.162350099800001 ], [ -115.2395343, 36.162350099800001 ], [ -115.2395343, 36.1623554998 ], [ -115.2395316, 36.1623554998 ], [ -115.2395316, 36.162360899799999 ], [ -115.2395289, 36.162360899799999 ], [ -115.2395289, 36.162366299799999 ], [ -115.2395262, 36.162366299799999 ], [ -115.2395262, 36.162371699799998 ], [ -115.2395235, 36.162371699799998 ], [ -115.2395235, 36.162377099799997 ], [ -115.2395208, 36.162377099799997 ], [ -115.2395208, 36.162390599799998 ], [ -115.2395235, 36.162390599799998 ], [ -115.2395235, 36.162393299800002 ], [ -115.2395343, 36.162393299800002 ], [ -115.2395343, 36.162395999799998 ], [ -115.2395397, 36.162395999799998 ], [ -115.2395397, 36.162398699800001 ], [ -115.2395424, 36.162398699800001 ], [ -115.2395424, 36.162406799799996 ], [ -115.2395397, 36.162406799799996 ], [ -115.2395397, 36.162412199800002 ], [ -115.239537, 36.162412199800002 ], [ -115.239537, 36.162417599800001 ], [ -115.2395343, 36.162417599800001 ], [ -115.2395343, 36.1624229998 ], [ -115.2395316, 36.1624229998 ], [ -115.2395316, 36.162433799799999 ], [ -115.2395289, 36.162433799799999 ], [ -115.2395289, 36.162441899800001 ], [ -115.2395262, 36.162441899800001 ], [ -115.2395262, 36.162449999799996 ], [ -115.2395235, 36.162449999799996 ], [ -115.2395235, 36.162452699799999 ], [ -115.2395181, 36.162452699799999 ], [ -115.2395181, 36.162455399800002 ] ] ] } },
{ "type": "Feature", "properties": { "value": 255.0 }, "geometry": { "type": "Polygon", "coordinates": [ [ [ -115.2399744, 36.162390599799998 ], [ -115.2399285, 36.162390599799998 ], [ -115.2399285, 36.162387899800002 ], [ -115.239888, 36.162387899800002 ], [ -115.239888, 36.162385199799999 ], [ -115.2398853, 36.162385199799999 ], [ -115.2398853, 36.1623797998 ], [ -115.2398826, 36.1623797998 ], [ -115.2398826, 36.162368999800002 ], [ -115.2398853, 36.162368999800002 ], [ -115.2398853, 36.1622879998 ], [ -115.239888, 36.1622879998 ], [ -115.239888, 36.162266399799996 ], [ -115.2398907, 36.162266399799996 ], [ -115.2398907, 36.162258299800001 ], [ -115.2398934, 36.162258299800001 ], [ -115.2398934, 36.162255599799998 ], [ -115.2398988, 36.162255599799998 ], [ -115.2398988, 36.162252899800002 ], [ -115.2399825, 36.162252899800002 ], [ -115.2399825, 36.162250199799999 ], [ -115.2399906, 36.162250199799999 ], [ -115.2399906, 36.162252899800002 ], [ -115.2400041, 36.162252899800002 ], [ -115.2400041, 36.162255599799998 ], [ -115.2400068, 36.162255599799998 ], [ -115.2400068, 36.162260999799997 ], [ -115.2400095, 36.162260999799997 ], [ -115.2400095, 36.162306899800001 ], [ -115.2400122, 36.162306899800001 ], [ -115.2400122, 36.162317699799999 ], [ -115.2400095, 36.162317699799999 ], [ -115.2400095, 36.162331199800001 ], [ -115.2400068, 36.162331199800001 ], [ -115.2400068, 36.1623365998 ], [ -115.2400041, 36.1623365998 ], [ -115.2400041, 36.162339299799996 ], [ -115.2399933, 36.162339299799996 ], [ -115.2399933, 36.162341999799999 ], [ -115.2399879, 36.162341999799999 ], [ -115.2399879, 36.162352799799997 ], [ -115.2399852, 36.162352799799997 ], [ -115.2399852, 36.162382499799996 ], [ -115.2399825, 36.162382499799996 ], [ -115.2399825, 36.162387899800002 ], [ -115.2399744, 36.162387899800002 ], [ -115.2399744, 36.162390599799998 ] ] ] } },
{ "type": "Feature", "properties": { "value": 255.0 }, "geometry": { "type": "Polygon", "coordinates": [ [ [ -115.2392751, 36.162333899799997 ], [ -115.2392535, 36.162333899799997 ], [ -115.2392535, 36.162331199800001 ], [ -115.2392454, 36.162331199800001 ], [ -115.2392454, 36.162328499799997 ], [ -115.2392319, 36.162328499799997 ], [ -115.2392319, 36.162325799800001 ], [ -115.2392157, 36.162325799800001 ], [ -115.2392157, 36.162323099799998 ], [ -115.2391995, 36.162323099799998 ], [ -115.2391995, 36.162320399800002 ], [ -115.2391887, 36.162320399800002 ], [ -115.2391887, 36.162317699799999 ], [ -115.2391833, 36.162317699799999 ], [ -115.2391833, 36.162314999799996 ], [ -115.2391806, 36.162314999799996 ], [ -115.2391806, 36.162293399799999 ], [ -115.2391833, 36.162293399799999 ], [ -115.2391833, 36.162282599800001 ], [ -115.2391806, 36.162282599800001 ], [ -115.2391806, 36.162279899799998 ], [ -115.2391779, 36.162279899799998 ], [ -115.2391779, 36.162277199800002 ], [ -115.2391725, 36.162277199800002 ], [ -115.2391725, 36.162274499799999 ], [ -115.2391671, 36.162274499799999 ], [ -115.2391671, 36.162266399799996 ], [ -115.2391644, 36.162266399799996 ], [ -115.2391644, 36.162255599799998 ], [ -115.2391671, 36.162255599799998 ], [ -115.2391671, 36.162247499799996 ], [ -115.2391698, 36.162247499799996 ], [ -115.2391698, 36.162239399800001 ], [ -115.2391725, 36.162239399800001 ], [ -115.2391725, 36.162228599800002 ], [ -115.2391752, 36.162228599800002 ], [ -115.2391752, 36.162215099800001 ], [ -115.2391779, 36.162215099800001 ], [ -115.2391779, 36.162206999799999 ], [ -115.2391806, 36.162206999799999 ], [ -115.2391806, 36.162204299799996 ], [ -115.2391833, 36.162204299799996 ], [ -115.2391833, 36.162201599799999 ], [ -115.2392049, 36.162201599799999 ], [ -115.2392049, 36.162204299799996 ], [ -115.2392211, 36.162204299799996 ], [ -115.2392211, 36.162206999799999 ], [ -115.2392427, 36.162206999799999 ], [ -115.2392427, 36.162209699800002 ], [ -115.2392562, 36.162209699800002 ], [ -115.2392562, 36.162212399799998 ], [ -115.239267, 36.162212399799998 ], [ -115.239267, 36.162215099800001 ], [ -115.2392886, 36.162215099800001 ], [ -115.2392886, 36.162217799799997 ], [ -115.2392994, 36.162217799799997 ], [ -115.2392994, 36.1622204998 ], [ -115.2393048, 36.1622204998 ], [ -115.2393048, 36.162223199799996 ], [ -115.2393075, 36.162223199799996 ], [ -115.2393075, 36.162225899799999 ], [ -115.2393102, 36.162225899799999 ], [ -115.2393102, 36.162233999800002 ], [ -115.2393129, 36.162233999800002 ], [ -115.2393129, 36.162242099799997 ], [ -115.2393102, 36.162242099799997 ], [ -115.2393102, 36.162266399799996 ], [ -115.2393075, 36.162266399799996 ], [ -115.2393075, 36.162271799799996 ], [ -115.2393048, 36.162271799799996 ], [ -115.2393048, 36.162274499799999 ], [ -115.2393021, 36.162274499799999 ], [ -115.2393021, 36.162279899799998 ], [ -115.2392994, 36.162279899799998 ], [ -115.2392994, 36.162282599800001 ], [ -115.2392967, 36.162282599800001 ], [ -115.2392967, 36.1622879998 ], [ -115.239294, 36.1622879998 ], [ -115.239294, 36.162293399799999 ], [ -115.2392913, 36.162293399799999 ], [ -115.2392913, 36.162298799799999 ], [ -115.2392886, 36.162298799799999 ], [ -115.2392886, 36.162304199799998 ], [ -115.2392859, 36.162304199799998 ], [ -115.2392859, 36.1623122998 ], [ -115.2392832, 36.1623122998 ], [ -115.2392832, 36.162320399800002 ], [ -115.2392805, 36.162320399800002 ], [ -115.2392805, 36.162328499799997 ], [ -115.2392778, 36.162328499799997 ], [ -115.2392778, 36.162331199800001 ], [ -115.2392751, 36.162331199800001 ], [ -115.2392751, 36.162333899799997 ] ] ] } },
{ "type": "Feature", "properties": { "value": 255.0 }, "geometry": { "type": "Polygon", "coordinates": [ [ [ -115.239078, 36.162368999800002 ], [ -115.2390726, 36.162368999800002 ], [ -115.2390726, 36.162185399800002 ], [ -115.2390969, 36.162185399800002 ], [ -115.2390969, 36.162182699799999 ], [ -115.2391185, 36.162182699799999 ], [ -115.2391185, 36.162185399800002 ], [ -115.239132, 36.162185399800002 ], [ -115.239132, 36.162188099799998 ], [ -115.2391401, 36.162188099799998 ], [ -115.2391401, 36.162190799800001 ], [ -115.2391428, 36.162190799800001 ], [ -115.2391428, 36.162193499799997 ], [ -115.2391455, 36.162193499799997 ], [ -115.2391455, 36.162209699800002 ], [ -115.2391428, 36.162209699800002 ], [ -115.2391428, 36.162217799799997 ], [ -115.2391401, 36.162217799799997 ], [ -115.2391401, 36.162225899799999 ], [ -115.2391374, 36.162225899799999 ], [ -115.2391374, 36.162233999800002 ], [ -115.2391347, 36.162233999800002 ], [ -115.2391347, 36.162239399800001 ], [ -115.239132, 36.162239399800001 ], [ -115.239132, 36.1622447998 ], [ -115.2391293, 36.1622447998 ], [ -115.2391293, 36.162250199799999 ], [ -115.2391266, 36.162250199799999 ], [ -115.2391266, 36.162255599799998 ], [ -115.2391239, 36.162255599799998 ], [ -115.2391239, 36.162258299800001 ], [ -115.2391212, 36.162258299800001 ], [ -115.2391212, 36.1622636998 ], [ -115.2391185, 36.1622636998 ], [ -115.2391185, 36.1622690998 ], [ -115.2391158, 36.1622690998 ], [ -115.2391158, 36.162274499799999 ], [ -115.2391131, 36.162274499799999 ], [ -115.2391131, 36.162282599800001 ], [ -115.2391104, 36.162282599800001 ], [ -115.2391104, 36.1622879998 ], [ -115.2391077, 36.1622879998 ], [ -115.2391077, 36.162296099800002 ], [ -115.239105, 36.162296099800002 ], [ -115.239105, 36.162304199799998 ], [ -115.2391023, 36.162304199799998 ], [ -115.2391023, 36.162309599799997 ], [ -115.2390996, 36.162309599799997 ], [ -115.2390996, 36.1623122998 ], [ -115.2390969, 36.1623122998 ], [ -115.2390969, 36.162314999799996 ], [ -115.2390834, 36.162314999799996 ], [ -115.2390834, 36.162317699799999 ], [ -115.2390807, 36.162317699799999 ], [ -115.2390807, 36.162323099799998 ], [ -115.2390861, 36.162323099799998 ], [ -115.2390861, 36.162325799800001 ], [ -115.2390915, 36.162325799800001 ], [ -115.2390915, 36.162328499799997 ], [ -115.2390942, 36.162328499799997 ], [ -115.2390942, 36.162339299799996 ], [ -115.2390915, 36.162339299799996 ], [ -115.2390915, 36.162347399799998 ], [ -115.2390888, 36.162347399799998 ], [ -115.2390888, 36.162352799799997 ], [ -115.2390861, 36.162352799799997 ], [ -115.2390861, 36.162358199799996 ], [ -115.2390834, 36.162358199799996 ], [ -115.2390834, 36.162363599800003 ], [ -115.2390807, 36.162363599800003 ], [ -115.2390807, 36.162366299799999 ], [ -115.239078, 36.162366299799999 ], [ -115.239078, 36.162368999800002 ] ] ] } },
{ "type": "Feature", "properties": { "value": 255.0 }, "geometry": { "type": "Polygon", "coordinates": [ [ [ -115.2406791, 36.1621961998 ], [ -115.2406548, 36.1621961998 ], [ -115.2406548, 36.162193499799997 ], [ -115.2406008, 36.162193499799997 ], [ -115.2406008, 36.1621961998 ], [ -115.240536, 36.1621961998 ], [ -115.240536, 36.162193499799997 ], [ -115.2405171, 36.162193499799997 ], [ -115.2405171, 36.162190799800001 ], [ -115.2405036, 36.162190799800001 ], [ -115.2405036, 36.162188099799998 ], [ -115.2405009, 36.162188099799998 ], [ -115.2405009, 36.162185399800002 ], [ -115.2404982, 36.162185399800002 ], [ -115.2404982, 36.162179999799996 ], [ -115.2404955, 36.162179999799996 ], [ -115.2404955, 36.162166499800001 ], [ -115.2404982, 36.162166499800001 ], [ -115.2404982, 36.1621529998 ], [ -115.2405009, 36.1621529998 ], [ -115.2405009, 36.162150299799997 ], [ -115.2405036, 36.162150299799997 ], [ -115.2405036, 36.162147599800001 ], [ -115.2405198, 36.162147599800001 ], [ -115.2405198, 36.162144899799998 ], [ -115.240536, 36.162144899799998 ], [ -115.240536, 36.162147599800001 ], [ -115.2406332, 36.162147599800001 ], [ -115.2406332, 36.162150299799997 ], [ -115.2406494, 36.162150299799997 ], [ -115.2406494, 36.162147599800001 ], [ -115.240725, 36.162147599800001 ], [ -115.240725, 36.162150299799997 ], [ -115.2407601, 36.162150299799997 ], [ -115.2407601, 36.162147599800001 ], [ -115.2407709, 36.162147599800001 ], [ -115.2407709, 36.162150299799997 ], [ -115.2407871, 36.162150299799997 ], [ -115.2407871, 36.1621529998 ], [ -115.2407925, 36.1621529998 ], [ -115.2407925, 36.162155699799996 ], [ -115.2407979, 36.162155699799996 ], [ -115.2407979, 36.162158399799999 ], [ -115.2408006, 36.162158399799999 ], [ -115.2408006, 36.162161099800002 ], [ -115.2408033, 36.162161099800002 ], [ -115.2408033, 36.162169199799997 ], [ -115.2408006, 36.162169199799997 ], [ -115.2408006, 36.162179999799996 ], [ -115.2407979, 36.162179999799996 ], [ -115.2407979, 36.162182699799999 ], [ -115.2407952, 36.162182699799999 ], [ -115.2407952, 36.162185399800002 ], [ -115.2407898, 36.162185399800002 ], [ -115.2407898, 36.162188099799998 ], [ -115.2407817, 36.162188099799998 ], [ -115.2407817, 36.162190799800001 ], [ -115.2407628, 36.162190799800001 ], [ -115.2407628, 36.162193499799997 ], [ -115.2407601, 36.162193499799997 ], [ -115.2407601, 36.162190799800001 ], [ -115.24071690000001, 36.162190799800001 ], [ -115.24071690000001, 36.162193499799997 ], [ -115.2406791, 36.162193499799997 ], [ -115.2406791, 36.1621961998 ] ] ] } },
{ "type": "Feature", "properties": { "value": 255.0 }, "geometry": { "type": "Polygon", "coordinates": [ [ [ -115.2407493, 36.162069299799995 ], [ -115.24071690000001, 36.162069299799995 ], [ -115.24071690000001, 36.162066599799999 ], [ -115.2407088, 36.162066599799999 ], [ -115.2407088, 36.162063899799996 ], [ -115.2407061, 36.162063899799996 ], [ -115.2407061, 36.1620611998 ], [ -115.2407034, 36.1620611998 ], [ -115.2407034, 36.162058499799997 ], [ -115.2407007, 36.162058499799997 ], [ -115.2407007, 36.162047699799999 ], [ -115.240698, 36.162047699799999 ], [ -115.240698, 36.162034199799997 ], [ -115.2407007, 36.162034199799997 ], [ -115.2407007, 36.162028799799998 ], [ -115.2407034, 36.162028799799998 ], [ -115.2407034, 36.162026099800002 ], [ -115.2407061, 36.162026099800002 ], [ -115.2407061, 36.162023399799999 ], [ -115.2407115, 36.162023399799999 ], [ -115.2407115, 36.162020699799996 ], [ -115.2407763, 36.162020699799996 ], [ -115.2407763, 36.1620179998 ], [ -115.2407898, 36.1620179998 ], [ -115.2407898, 36.162020699799996 ], [ -115.2408087, 36.162020699799996 ], [ -115.2408087, 36.162023399799999 ], [ -115.2408195, 36.162023399799999 ], [ -115.2408195, 36.162026099800002 ], [ -115.2408276, 36.162026099800002 ], [ -115.2408276, 36.162066599799999 ], [ -115.2407493, 36.162066599799999 ], [ -115.2407493, 36.162069299799995 ] ] ] } },
{ "type": "Feature", "properties": { "value": 255.0 }, "geometry": { "type": "Polygon", "coordinates": [ [ [ -115.2405036, 36.162066599799999 ], [ -115.2402309, 36.162066599799999 ], [ -115.2402309, 36.162063899799996 ], [ -115.240185, 36.162063899799996 ], [ -115.240185, 36.162066599799999 ], [ -115.2400311, 36.162066599799999 ], [ -115.2400311, 36.162063899799996 ], [ -115.240023, 36.162063899799996 ], [ -115.240023, 36.1620611998 ], [ -115.2400203, 36.1620611998 ], [ -115.2400203, 36.162055799800001 ], [ -115.2400176, 36.162055799800001 ], [ -115.2400176, 36.162015299799997 ], [ -115.2400203, 36.162015299799997 ], [ -115.2400203, 36.162012599800001 ], [ -115.2400338, 36.162012599800001 ], [ -115.2400338, 36.162015299799997 ], [ -115.2401013, 36.162015299799997 ], [ -115.2401013, 36.1620179998 ], [ -115.2401094, 36.1620179998 ], [ -115.2401094, 36.162020699799996 ], [ -115.2401229, 36.162020699799996 ], [ -115.2401229, 36.162023399799999 ], [ -115.2401607, 36.162023399799999 ], [ -115.2401607, 36.162020699799996 ], [ -115.2401769, 36.162020699799996 ], [ -115.2401769, 36.1620179998 ], [ -115.240185, 36.1620179998 ], [ -115.240185, 36.162015299799997 ], [ -115.2402066, 36.162015299799997 ], [ -115.2402066, 36.162012599800001 ], [ -115.2402525, 36.162012599800001 ], [ -115.2402525, 36.162015299799997 ], [ -115.2402795, 36.162015299799997 ], [ -115.2402795, 36.1620179998 ], [ -115.240293, 36.1620179998 ], [ -115.240293, 36.162020699799996 ], [ -115.2403659, 36.162020699799996 ], [ -115.2403659, 36.1620179998 ], [ -115.2403821, 36.1620179998 ], [ -115.2403821, 36.162015299799997 ], [ -115.2404037, 36.162015299799997 ], [ -115.2404037, 36.1620179998 ], [ -115.2404172, 36.1620179998 ], [ -115.2404172, 36.162020699799996 ], [ -115.2404496, 36.162020699799996 ], [ -115.2404496, 36.162023399799999 ], [ -115.240455, 36.162023399799999 ], [ -115.240455, 36.162020699799996 ], [ -115.2404901, 36.162020699799996 ], [ -115.2404901, 36.162023399799999 ], [ -115.2405036, 36.162023399799999 ], [ -115.2405036, 36.162026099800002 ], [ -115.2405063, 36.162026099800002 ], [ -115.2405063, 36.162028799799998 ], [ -115.240509, 36.162028799799998 ], [ -115.240509, 36.1620611998 ], [ -115.2405063, 36.1620611998 ], [ -115.2405063, 36.162063899799996 ], [ -115.2405036, 36.162063899799996 ], [ -115.2405036, 36.162066599799999 ] ] ] } },
{ "type": "Feature", "properties": { "value": 255.0 }, "geometry": { "type": "Polygon", "coordinates": [ [ [ -115.240779, 36.162004499799998 ], [ -115.2407709, 36.162004499799998 ], [ -115.2407709, 36.162001799799995 ], [ -115.2407682, 36.162001799799995 ], [ -115.2407682, 36.161999099799999 ], [ -115.2407655, 36.161999099799999 ], [ -115.2407655, 36.161996399799996 ], [ -115.2407601, 36.161996399799996 ], [ -115.2407601, 36.1619936998 ], [ -115.2407547, 36.1619936998 ], [ -115.2407547, 36.161990999799997 ], [ -115.2407493, 36.161990999799997 ], [ -115.2407493, 36.161988299800001 ], [ -115.2407358, 36.161988299800001 ], [ -115.2407358, 36.161985599799998 ], [ -115.2407304, 36.161985599799998 ], [ -115.2407304, 36.161982899800002 ], [ -115.2407196, 36.161982899800002 ], [ -115.2407196, 36.161977499799995 ], [ -115.24071690000001, 36.161977499799995 ], [ -115.24071690000001, 36.161974799799999 ], [ -115.2407196, 36.161974799799999 ], [ -115.2407196, 36.161961299799998 ], [ -115.2407223, 36.161961299799998 ], [ -115.2407223, 36.161931599799999 ], [ -115.240725, 36.161931599799999 ], [ -115.240725, 36.161907299799999 ], [ -115.2407223, 36.161907299799999 ], [ -115.2407223, 36.161888399799999 ], [ -115.2407277, 36.161888399799999 ], [ -115.2407277, 36.161885699799996 ], [ -115.2407385, 36.161885699799996 ], [ -115.2407385, 36.1618829998 ], [ -115.2407466, 36.1618829998 ], [ -115.2407466, 36.161880299799996 ], [ -115.2407628, 36.161880299799996 ], [ -115.2407628, 36.1618829998 ], [ -115.2407925, 36.1618829998 ], [ -115.2407925, 36.161880299799996 ], [ -115.2408006, 36.161880299799996 ], [ -115.2408006, 36.1618829998 ], [ -115.2408087, 36.1618829998 ], [ -115.2408087, 36.161885699799996 ], [ -115.2408276, 36.161885699799996 ], [ -115.2408276, 36.161999099799999 ], [ -115.2408249, 36.161999099799999 ], [ -115.2408249, 36.161996399799996 ], [ -115.2408033, 36.161996399799996 ], [ -115.2408033, 36.161999099799999 ], [ -115.2407898, 36.161999099799999 ], [ -115.2407898, 36.162001799799995 ], [ -115.240779, 36.162001799799995 ], [ -115.240779, 36.162004499799998 ] ] ] } },
{ "type": "Feature", "properties": { "value": 255.0 }, "geometry": { "type": "Polygon", "coordinates": [ [ [ -115.2405738, 36.162004499799998 ], [ -115.2405657, 36.162004499799998 ], [ -115.2405657, 36.162001799799995 ], [ -115.2405279, 36.162001799799995 ], [ -115.2405279, 36.162004499799998 ], [ -115.2404793, 36.162004499799998 ], [ -115.2404793, 36.162001799799995 ], [ -115.2404685, 36.162001799799995 ], [ -115.2404685, 36.162004499799998 ], [ -115.2404604, 36.162004499799998 ], [ -115.2404604, 36.162001799799995 ], [ -115.240455, 36.162001799799995 ], [ -115.240455, 36.161996399799996 ], [ -115.2404523, 36.161996399799996 ], [ -115.2404523, 36.1619936998 ], [ -115.2404469, 36.1619936998 ], [ -115.2404469, 36.161990999799997 ], [ -115.240428, 36.161990999799997 ], [ -115.240428, 36.161988299800001 ], [ -115.2404226, 36.161988299800001 ], [ -115.2404226, 36.161985599799998 ], [ -115.2404199, 36.161985599799998 ], [ -115.2404199, 36.161982899800002 ], [ -115.2404172, 36.161982899800002 ], [ -115.2404172, 36.161974799799999 ], [ -115.2404199, 36.161974799799999 ], [ -115.2404199, 36.161942399799997 ], [ -115.2404226, 36.161942399799997 ], [ -115.2404226, 36.161936999799998 ], [ -115.2404199, 36.161936999799998 ], [ -115.2404199, 36.161891099800002 ], [ -115.2404226, 36.161891099800002 ], [ -115.2404226, 36.161888399799999 ], [ -115.2404253, 36.161888399799999 ], [ -115.2404253, 36.161885699799996 ], [ -115.240428, 36.161885699799996 ], [ -115.240428, 36.1618829998 ], [ -115.2404334, 36.1618829998 ], [ -115.2404334, 36.161880299799996 ], [ -115.2404496, 36.161880299799996 ], [ -115.2404496, 36.1618775998 ], [ -115.240455, 36.1618775998 ], [ -115.240455, 36.161874899799997 ], [ -115.2404793, 36.161874899799997 ], [ -115.2404793, 36.1618775998 ], [ -115.2404901, 36.1618775998 ], [ -115.2404901, 36.161880299799996 ], [ -115.2404982, 36.161880299799996 ], [ -115.2404982, 36.1618829998 ], [ -115.2405414, 36.1618829998 ], [ -115.2405414, 36.161880299799996 ], [ -115.2405657, 36.161880299799996 ], [ -115.2405657, 36.1618775998 ], [ -115.2405765, 36.1618775998 ], [ -115.2405765, 36.161874899799997 ], [ -115.2405927, 36.161874899799997 ], [ -115.2405927, 36.161872199800001 ], [ -115.2406143, 36.161872199800001 ], [ -115.2406143, 36.161874899799997 ], [ -115.2406224, 36.161874899799997 ], [ -115.2406224, 36.1618775998 ], [ -115.2406278, 36.1618775998 ], [ -115.2406278, 36.161880299799996 ], [ -115.2406305, 36.161880299799996 ], [ -115.2406305, 36.161885699799996 ], [ -115.2406332, 36.161885699799996 ], [ -115.2406332, 36.161904599799996 ], [ -115.2406305, 36.161904599799996 ], [ -115.2406305, 36.161980199799999 ], [ -115.2406278, 36.161980199799999 ], [ -115.2406278, 36.161985599799998 ], [ -115.2406224, 36.161985599799998 ], [ -115.2406224, 36.161988299800001 ], [ -115.2406089, 36.161988299800001 ], [ -115.2406089, 36.161990999799997 ], [ -115.2405981, 36.161990999799997 ], [ -115.2405981, 36.1619936998 ], [ -115.2405954, 36.1619936998 ], [ -115.2405954, 36.161996399799996 ], [ -115.24059, 36.161996399799996 ], [ -115.24059, 36.161999099799999 ], [ -115.2405819, 36.161999099799999 ], [ -115.2405819, 36.162001799799995 ], [ -115.2405738, 36.162001799799995 ], [ -115.2405738, 36.162004499799998 ] ] ] } },
{ "type": "Feature", "properties": { "value": 255.0 }, "geometry": { "type": "Polygon", "coordinates": [ [ [ -115.2395154, 36.161980199799999 ], [ -115.2394884, 36.161980199799999 ], [ -115.2394884, 36.161977499799995 ], [ -115.2394803, 36.161977499799995 ], [ -115.2394803, 36.161974799799999 ], [ -115.2394776, 36.161974799799999 ], [ -115.2394776, 36.161961299799998 ], [ -115.2394749, 36.161961299799998 ], [ -115.2394749, 36.161958599800002 ], [ -115.2394722, 36.161958599800002 ], [ -115.2394722, 36.161955899799999 ], [ -115.2394668, 36.161955899799999 ], [ -115.2394668, 36.161953199799996 ], [ -115.2394452, 36.161953199799996 ], [ -115.2394452, 36.1619504998 ], [ -115.2394398, 36.1619504998 ], [ -115.2394398, 36.161947799799997 ], [ -115.2394344, 36.161947799799997 ], [ -115.2394344, 36.1619450998 ], [ -115.2394317, 36.1619450998 ], [ -115.2394317, 36.161942399799997 ], [ -115.239429, 36.161942399799997 ], [ -115.239429, 36.161939699800001 ], [ -115.2394263, 36.161939699800001 ], [ -115.2394263, 36.161936999799998 ], [ -115.2394155, 36.161936999799998 ], [ -115.2394155, 36.161934299799995 ], [ -115.239402, 36.161934299799995 ], [ -115.239402, 36.161931599799999 ], [ -115.2393858, 36.161931599799999 ], [ -115.2393858, 36.161928899799996 ], [ -115.2393777, 36.161928899799996 ], [ -115.2393777, 36.1619261998 ], [ -115.2393723, 36.1619261998 ], [ -115.2393723, 36.161920799800001 ], [ -115.2393696, 36.161920799800001 ], [ -115.2393696, 36.161899199799997 ], [ -115.2393723, 36.161899199799997 ], [ -115.2393723, 36.161888399799999 ], [ -115.239375, 36.161888399799999 ], [ -115.239375, 36.161880299799996 ], [ -115.2393777, 36.161880299799996 ], [ -115.2393777, 36.161872199800001 ], [ -115.2393804, 36.161872199800001 ], [ -115.2393804, 36.161861399799996 ], [ -115.2393831, 36.161861399799996 ], [ -115.2393831, 36.161855999799997 ], [ -115.2393858, 36.161855999799997 ], [ -115.2393858, 36.161853299800001 ], [ -115.2394128, 36.161853299800001 ], [ -115.2394128, 36.161855999799997 ], [ -115.2394209, 36.161855999799997 ], [ -115.2394209, 36.1618586998 ], [ -115.239429, 36.1618586998 ], [ -115.239429, 36.161861399799996 ], [ -115.2394398, 36.161861399799996 ], [ -115.2394398, 36.161864099799999 ], [ -115.2394452, 36.161864099799999 ], [ -115.2394452, 36.161866799799995 ], [ -115.2394479, 36.161866799799995 ], [ -115.2394479, 36.161869499799998 ], [ -115.2394668, 36.161869499799998 ], [ -115.2394668, 36.161872199800001 ], [ -115.2394884, 36.161872199800001 ], [ -115.2394884, 36.161869499799998 ], [ -115.2395019, 36.161869499799998 ], [ -115.2395019, 36.161872199800001 ], [ -115.23951, 36.161872199800001 ], [ -115.23951, 36.161874899799997 ], [ -115.2395127, 36.161874899799997 ], [ -115.2395127, 36.1618775998 ], [ -115.2395154, 36.1618775998 ], [ -115.2395154, 36.161880299799996 ], [ -115.2395208, 36.161880299799996 ], [ -115.2395208, 36.1618829998 ], [ -115.239537, 36.1618829998 ], [ -115.239537, 36.161885699799996 ], [ -115.2395397, 36.161885699799996 ], [ -115.2395397, 36.161912699799998 ], [ -115.239537, 36.161912699799998 ], [ -115.239537, 36.1619261998 ], [ -115.2395343, 36.1619261998 ], [ -115.2395343, 36.161939699800001 ], [ -115.2395316, 36.161939699800001 ], [ -115.2395316, 36.161947799799997 ], [ -115.2395289, 36.161947799799997 ], [ -115.2395289, 36.161955899799999 ], [ -115.2395262, 36.161955899799999 ], [ -115.2395262, 36.161961299799998 ], [ -115.2395235, 36.161961299799998 ], [ -115.2395235, 36.161966699799997 ], [ -115.2395208, 36.161966699799997 ], [ -115.2395208, 36.161972099799996 ], [ -115.2395181, 36.161972099799996 ], [ -115.2395181, 36.161977499799995 ], [ -115.2395154, 36.161977499799995 ], [ -115.2395154, 36.161980199799999 ] ] ] } },
{ "type": "Feature", "properties": { "value": 255.0 }, "geometry": { "type": "Polygon", "coordinates": [ [ [ -115.2403443, 36.162004499799998 ], [ -115.2402876, 36.162004499799998 ], [ -115.2402876, 36.162001799799995 ], [ -115.2402687, 36.162001799799995 ], [ -115.2402687, 36.161999099799999 ], [ -115.2402579, 36.161999099799999 ], [ -115.2402579, 36.161996399799996 ], [ -115.2402336, 36.161996399799996 ], [ -115.2402336, 36.1619936998 ], [ -115.2402012, 36.1619936998 ], [ -115.2402012, 36.161996399799996 ], [ -115.2401877, 36.161996399799996 ], [ -115.2401877, 36.161999099799999 ], [ -115.2401634, 36.161999099799999 ], [ -115.2401634, 36.162001799799995 ], [ -115.2401337, 36.162001799799995 ], [ -115.2401337, 36.162004499799998 ], [ -115.2401013, 36.162004499799998 ], [ -115.2401013, 36.162001799799995 ], [ -115.2400959, 36.162001799799995 ], [ -115.2400959, 36.161996399799996 ], [ -115.2400932, 36.161996399799996 ], [ -115.2400932, 36.161977499799995 ], [ -115.2400905, 36.161977499799995 ], [ -115.2400905, 36.161912699799998 ], [ -115.2400878, 36.161912699799998 ], [ -115.2400878, 36.161899199799997 ], [ -115.2400851, 36.161899199799997 ], [ -115.2400851, 36.161893799799998 ], [ -115.2400824, 36.161893799799998 ], [ -115.2400824, 36.161891099800002 ], [ -115.2400851, 36.161891099800002 ], [ -115.2400851, 36.161885699799996 ], [ -115.2400878, 36.161885699799996 ], [ -115.2400878, 36.1618829998 ], [ -115.2400959, 36.1618829998 ], [ -115.2400959, 36.161880299799996 ], [ -115.2401148, 36.161880299799996 ], [ -115.2401148, 36.1618775998 ], [ -115.2401229, 36.1618775998 ], [ -115.2401229, 36.161874899799997 ], [ -115.2401283, 36.161874899799997 ], [ -115.2401283, 36.161872199800001 ], [ -115.2401337, 36.161872199800001 ], [ -115.2401337, 36.161869499799998 ], [ -115.2401391, 36.161869499799998 ], [ -115.2401391, 36.161866799799995 ], [ -115.2401445, 36.161866799799995 ], [ -115.2401445, 36.161869499799998 ], [ -115.2401526, 36.161869499799998 ], [ -115.2401526, 36.161872199800001 ], [ -115.2402579, 36.161872199800001 ], [ -115.2402579, 36.161869499799998 ], [ -115.2402876, 36.161869499799998 ], [ -115.2402876, 36.161866799799995 ], [ -115.2402957, 36.161866799799995 ], [ -115.2402957, 36.161864099799999 ], [ -115.2402984, 36.161864099799999 ], [ -115.2402984, 36.161866799799995 ], [ -115.2403038, 36.161866799799995 ], [ -115.2403038, 36.161869499799998 ], [ -115.2403092, 36.161869499799998 ], [ -115.2403092, 36.161872199800001 ], [ -115.2403146, 36.161872199800001 ], [ -115.2403146, 36.161874899799997 ], [ -115.2403389, 36.161874899799997 ], [ -115.2403389, 36.1618775998 ], [ -115.2403497, 36.1618775998 ], [ -115.2403497, 36.161874899799997 ], [ -115.2403524, 36.161874899799997 ], [ -115.2403524, 36.1618775998 ], [ -115.2403551, 36.1618775998 ], [ -115.2403551, 36.161885699799996 ], [ -115.2403578, 36.161885699799996 ], [ -115.2403578, 36.161893799799998 ], [ -115.2403551, 36.161893799799998 ], [ -115.2403551, 36.161904599799996 ], [ -115.2403524, 36.161904599799996 ], [ -115.2403524, 36.1619693998 ], [ -115.2403497, 36.1619693998 ], [ -115.2403497, 36.162001799799995 ], [ -115.2403443, 36.162001799799995 ], [ -115.2403443, 36.162004499799998 ] ] ] } },
{ "type": "Feature", "properties": { "value": 255.0 }, "geometry": { "type": "Polygon", "coordinates": [ [ [ -115.2393048, 36.161939699800001 ], [ -115.2392913, 36.161939699800001 ], [ -115.2392913, 36.161936999799998 ], [ -115.2392751, 36.161936999799998 ], [ -115.2392751, 36.161934299799995 ], [ -115.2392508, 36.161934299799995 ], [ -115.2392508, 36.161931599799999 ], [ -115.2392346, 36.161931599799999 ], [ -115.2392346, 36.161928899799996 ], [ -115.2392238, 36.161928899799996 ], [ -115.2392238, 36.1619261998 ], [ -115.2392184, 36.1619261998 ], [ -115.2392184, 36.161923499799997 ], [ -115.2392157, 36.161923499799997 ], [ -115.2392157, 36.161920799800001 ], [ -115.2392103, 36.161920799800001 ], [ -115.2392103, 36.161918099799998 ], [ -115.2392022, 36.161918099799998 ], [ -115.2392022, 36.161915399800002 ], [ -115.2391914, 36.161915399800002 ], [ -115.2391914, 36.161912699799998 ], [ -115.2391806, 36.161912699799998 ], [ -115.2391806, 36.161909999799995 ], [ -115.2391671, 36.161909999799995 ], [ -115.2391671, 36.161907299799999 ], [ -115.2391563, 36.161907299799999 ], [ -115.2391563, 36.161904599799996 ], [ -115.2391509, 36.161904599799996 ], [ -115.2391509, 36.1619018998 ], [ -115.2391482, 36.1619018998 ], [ -115.2391482, 36.161885699799996 ], [ -115.2391509, 36.161885699799996 ], [ -115.2391509, 36.161874899799997 ], [ -115.2391536, 36.161874899799997 ], [ -115.2391536, 36.161866799799995 ], [ -115.2391563, 36.161866799799995 ], [ -115.2391563, 36.1618586998 ], [ -115.239159, 36.1618586998 ], [ -115.239159, 36.161850599799997 ], [ -115.2391617, 36.161850599799997 ], [ -115.2391617, 36.161839799799999 ], [ -115.2391644, 36.161839799799999 ], [ -115.2391644, 36.161831699799997 ], [ -115.2391671, 36.161831699799997 ], [ -115.2391671, 36.161828999800001 ], [ -115.239186, 36.161828999800001 ], [ -115.239186, 36.161831699799997 ], [ -115.2392103, 36.161831699799997 ], [ -115.2392103, 36.1618343998 ], [ -115.2392184, 36.1618343998 ], [ -115.2392184, 36.161837099799996 ], [ -115.2392211, 36.161837099799996 ], [ -115.2392211, 36.161839799799999 ], [ -115.2392265, 36.161839799799999 ], [ -115.2392265, 36.161842499799995 ], [ -115.2392292, 36.161842499799995 ], [ -115.2392292, 36.161845199799998 ], [ -115.2392319, 36.161845199799998 ], [ -115.2392319, 36.161847899800001 ], [ -115.2392346, 36.161847899800001 ], [ -115.2392346, 36.161850599799997 ], [ -115.23924, 36.161850599799997 ], [ -115.23924, 36.161853299800001 ], [ -115.2392454, 36.161853299800001 ], [ -115.2392454, 36.161855999799997 ], [ -115.2392562, 36.161855999799997 ], [ -115.2392562, 36.1618586998 ], [ -115.2392724, 36.1618586998 ], [ -115.2392724, 36.161861399799996 ], [ -115.2393075, 36.161861399799996 ], [ -115.2393075, 36.161864099799999 ], [ -115.2393129, 36.161864099799999 ], [ -115.2393129, 36.161866799799995 ], [ -115.2393156, 36.161866799799995 ], [ -115.2393156, 36.161872199800001 ], [ -115.2393183, 36.161872199800001 ], [ -115.2393183, 36.161888399799999 ], [ -115.239321, 36.161888399799999 ], [ -115.239321, 36.161899199799997 ], [ -115.2393183, 36.161899199799997 ], [ -115.2393183, 36.161923499799997 ], [ -115.2393156, 36.161923499799997 ], [ -115.2393156, 36.161928899799996 ], [ -115.2393129, 36.161928899799996 ], [ -115.2393129, 36.161934299799995 ], [ -115.2393102, 36.161934299799995 ], [ -115.2393102, 36.161936999799998 ], [ -115.2393048, 36.161936999799998 ], [ -115.2393048, 36.161939699800001 ] ] ] } },
{ "type": "Feature", "properties": { "value": 255.0 }, "geometry": { "type": "Polygon", "coordinates": [ [ [ -115.2400581, 36.161988299800001 ], [ -115.2400068, 36.161988299800001 ], [ -115.2400068, 36.161985599799998 ], [ -115.2400041, 36.161985599799998 ], [ -115.2400041, 36.161982899800002 ], [ -115.2400014, 36.161982899800002 ], [ -115.2400014, 36.161928899799996 ], [ -115.2400041, 36.161928899799996 ], [ -115.2400041, 36.161837099799996 ], [ -115.2400068, 36.161837099799996 ], [ -115.2400068, 36.161780399800001 ], [ -115.2400095, 36.161780399800001 ], [ -115.2400095, 36.161769599799996 ], [ -115.2400122, 36.161769599799996 ], [ -115.2400122, 36.1617668998 ], [ -115.2400608, 36.1617668998 ], [ -115.2400608, 36.161769599799996 ], [ -115.2400635, 36.161769599799996 ], [ -115.2400635, 36.161942399799997 ], [ -115.2400608, 36.161942399799997 ], [ -115.2400608, 36.161985599799998 ], [ -115.2400581, 36.161985599799998 ], [ -115.2400581, 36.161988299800001 ] ] ] } },
{ "type": "Feature", "properties": { "value": 255.0 }, "geometry": { "type": "Polygon", "coordinates": [ [ [ -115.2391104, 36.161888399799999 ], [ -115.2390969, 36.161888399799999 ], [ -115.2390969, 36.161885699799996 ], [ -115.2390726, 36.161885699799996 ], [ -115.2390726, 36.161753399799998 ], [ -115.2390807, 36.161753399799998 ], [ -115.2390807, 36.161756099800002 ], [ -115.2390915, 36.161756099800002 ], [ -115.2390915, 36.161758799799998 ], [ -115.2391077, 36.161758799799998 ], [ -115.2391077, 36.161761499800001 ], [ -115.2391131, 36.161761499800001 ], [ -115.2391131, 36.161785799800001 ], [ -115.2391158, 36.161785799800001 ], [ -115.2391158, 36.1617911998 ], [ -115.2391239, 36.1617911998 ], [ -115.2391239, 36.161793899799996 ], [ -115.2391293, 36.161793899799996 ], [ -115.2391293, 36.161796599799999 ], [ -115.239132, 36.161796599799999 ], [ -115.239132, 36.161799299799995 ], [ -115.2391347, 36.161799299799995 ], [ -115.2391347, 36.161826299799998 ], [ -115.239132, 36.161826299799998 ], [ -115.239132, 36.161837099799996 ], [ -115.2391293, 36.161837099799996 ], [ -115.2391293, 36.161845199799998 ], [ -115.2391266, 36.161845199799998 ], [ -115.2391266, 36.161853299800001 ], [ -115.2391239, 36.161853299800001 ], [ -115.2391239, 36.1618586998 ], [ -115.2391212, 36.1618586998 ], [ -115.2391212, 36.161866799799995 ], [ -115.2391185, 36.161866799799995 ], [ -115.2391185, 36.1618775998 ], [ -115.2391158, 36.1618775998 ], [ -115.2391158, 36.1618829998 ], [ -115.2391131, 36.1618829998 ], [ -115.2391131, 36.161885699799996 ], [ -115.2391104, 36.161885699799996 ], [ -115.2391104, 36.161888399799999 ] ] ] } },
{ "type": "Feature", "properties": { "value": 255.0 }, "geometry": { "type": "Polygon", "coordinates": [ [ [ -115.2402255, 36.161747999799999 ], [ -115.2402147, 36.161747999799999 ], [ -115.2402147, 36.161745299799996 ], [ -115.2402066, 36.161745299799996 ], [ -115.2402066, 36.1617425998 ], [ -115.2402012, 36.1617425998 ], [ -115.2402012, 36.161739899799997 ], [ -115.2401823, 36.161739899799997 ], [ -115.2401823, 36.1617425998 ], [ -115.2401688, 36.1617425998 ], [ -115.2401688, 36.161739899799997 ], [ -115.2401634, 36.161739899799997 ], [ -115.2401634, 36.161737199800001 ], [ -115.2401526, 36.161737199800001 ], [ -115.2401526, 36.161734499799998 ], [ -115.2401499, 36.161734499799998 ], [ -115.2401499, 36.161731799799995 ], [ -115.2401472, 36.161731799799995 ], [ -115.2401472, 36.1617182998 ], [ -115.2401445, 36.1617182998 ], [ -115.2401445, 36.161707499799995 ], [ -115.2401472, 36.161707499799995 ], [ -115.2401472, 36.1616993998 ], [ -115.2401499, 36.1616993998 ], [ -115.2401499, 36.161688599800001 ], [ -115.2401526, 36.161688599800001 ], [ -115.2401526, 36.161672399799997 ], [ -115.2401553, 36.161672399799997 ], [ -115.2401553, 36.161664299799995 ], [ -115.240158, 36.161664299799995 ], [ -115.240158, 36.161661599799999 ], [ -115.2401715, 36.161661599799999 ], [ -115.2401715, 36.161664299799995 ], [ -115.2401769, 36.161664299799995 ], [ -115.2401769, 36.161666999799998 ], [ -115.2401796, 36.161666999799998 ], [ -115.2401796, 36.161669699800001 ], [ -115.240185, 36.161669699800001 ], [ -115.240185, 36.161672399799997 ], [ -115.2401931, 36.161672399799997 ], [ -115.2401931, 36.1616750998 ], [ -115.2401958, 36.1616750998 ], [ -115.2401958, 36.161677799799996 ], [ -115.2401985, 36.161677799799996 ], [ -115.2401985, 36.161680499799999 ], [ -115.2402012, 36.161680499799999 ], [ -115.2402012, 36.161685899799998 ], [ -115.2402039, 36.161685899799998 ], [ -115.2402039, 36.1616993998 ], [ -115.2402066, 36.1616993998 ], [ -115.2402066, 36.161702099799996 ], [ -115.240212, 36.161702099799996 ], [ -115.240212, 36.161707499799995 ], [ -115.2402147, 36.161707499799995 ], [ -115.2402147, 36.161712899800001 ], [ -115.2402174, 36.161712899800001 ], [ -115.2402174, 36.161715599799997 ], [ -115.2402228, 36.161715599799997 ], [ -115.2402228, 36.1617182998 ], [ -115.2402255, 36.1617182998 ], [ -115.2402255, 36.161720999799996 ], [ -115.2402282, 36.161720999799996 ], [ -115.2402282, 36.161726399799996 ], [ -115.2402309, 36.161726399799996 ], [ -115.2402309, 36.161734499799998 ], [ -115.2402336, 36.161734499799998 ], [ -115.2402336, 36.161739899799997 ], [ -115.2402309, 36.161739899799997 ], [ -115.2402309, 36.1617425998 ], [ -115.2402282, 36.1617425998 ], [ -115.2402282, 36.161745299799996 ], [ -115.2402255, 36.161745299799996 ], [ -115.2402255, 36.161747999799999 ] ] ] } },
{ "type": "Feature", "properties": { "value": 255.0 }, "geometry": { "type": "Polygon", "coordinates": [ [ [ -115.2404766, 36.161793899799996 ], [ -115.2404496, 36.161793899799996 ], [ -115.2404496, 36.1617911998 ], [ -115.2404415, 36.1617911998 ], [ -115.2404415, 36.161788499799997 ], [ -115.2404199, 36.161788499799997 ], [ -115.2404199, 36.1617911998 ], [ -115.2403983, 36.1617911998 ], [ -115.2403983, 36.161793899799996 ], [ -115.2403794, 36.161793899799996 ], [ -115.2403794, 36.1617911998 ], [ -115.2403632, 36.1617911998 ], [ -115.2403632, 36.161788499799997 ], [ -115.240347, 36.161788499799997 ], [ -115.240347, 36.161785799800001 ], [ -115.2403416, 36.161785799800001 ], [ -115.2403416, 36.161783099799997 ], [ -115.2403335, 36.161783099799997 ], [ -115.2403335, 36.161777699799998 ], [ -115.2403308, 36.161777699799998 ], [ -115.2403308, 36.161772299799999 ], [ -115.2403335, 36.161772299799999 ], [ -115.2403335, 36.161761499800001 ], [ -115.2403362, 36.161761499800001 ], [ -115.2403362, 36.161696699799997 ], [ -115.2403335, 36.161696699799997 ], [ -115.2403335, 36.161677799799996 ], [ -115.2403308, 36.161677799799996 ], [ -115.2403308, 36.161664299799995 ], [ -115.2403281, 36.161664299799995 ], [ -115.2403281, 36.161658899799995 ], [ -115.2403254, 36.161658899799995 ], [ -115.2403254, 36.161653499799996 ], [ -115.2403227, 36.161653499799996 ], [ -115.2403227, 36.1616507998 ], [ -115.24032, 36.1616507998 ], [ -115.24032, 36.161642699799998 ], [ -115.2404766, 36.161642699799998 ], [ -115.2404766, 36.161656199799999 ], [ -115.2404793, 36.161656199799999 ], [ -115.2404793, 36.161658899799995 ], [ -115.240482, 36.161658899799995 ], [ -115.240482, 36.161661599799999 ], [ -115.2404874, 36.161661599799999 ], [ -115.2404874, 36.161664299799995 ], [ -115.2404901, 36.161664299799995 ], [ -115.2404901, 36.161666999799998 ], [ -115.2404928, 36.161666999799998 ], [ -115.2404928, 36.161669699800001 ], [ -115.2404955, 36.161669699800001 ], [ -115.2404955, 36.1616750998 ], [ -115.2404982, 36.1616750998 ], [ -115.2404982, 36.161683199799995 ], [ -115.2405009, 36.161683199799995 ], [ -115.2405009, 36.161726399799996 ], [ -115.2405036, 36.161726399799996 ], [ -115.2405036, 36.161764199799997 ], [ -115.2404982, 36.161764199799997 ], [ -115.2404982, 36.1617668998 ], [ -115.2404901, 36.1617668998 ], [ -115.2404901, 36.161769599799996 ], [ -115.2404874, 36.161769599799996 ], [ -115.2404874, 36.161774999799995 ], [ -115.2404847, 36.161774999799995 ], [ -115.2404847, 36.161785799800001 ], [ -115.240482, 36.161785799800001 ], [ -115.240482, 36.1617911998 ], [ -115.2404766, 36.1617911998 ], [ -115.2404766, 36.161793899799996 ] ] ] } },
{ "type": "Feature", "properties": { "value": 255.0 }, "geometry": { "type": "Polygon", "coordinates": [ [ [ -115.2396072, 36.1616750998 ], [ -115.2395883, 36.1616750998 ], [ -115.2395883, 36.161672399799997 ], [ -115.2395748, 36.161672399799997 ], [ -115.2395748, 36.161669699800001 ], [ -115.2395613, 36.161669699800001 ], [ -115.2395613, 36.161666999799998 ], [ -115.2395127, 36.161666999799998 ], [ -115.2395127, 36.161664299799995 ], [ -115.2395019, 36.161664299799995 ], [ -115.2395019, 36.161661599799999 ], [ -115.2394965, 36.161661599799999 ], [ -115.2394965, 36.161658899799995 ], [ -115.2394884, 36.161658899799995 ], [ -115.2394884, 36.161656199799999 ], [ -115.2394776, 36.161656199799999 ], [ -115.2394776, 36.161653499799996 ], [ -115.2394452, 36.161653499799996 ], [ -115.2394452, 36.161642699799998 ], [ -115.2396099, 36.161642699799998 ], [ -115.2396099, 36.161672399799997 ], [ -115.2396072, 36.161672399799997 ], [ -115.2396072, 36.1616750998 ] ] ] } },
{ "type": "Feature", "properties": { "value": 255.0 }, "geometry": { "type": "Polygon", "coordinates": [ [ [ -115.2401688, 36.161653499799996 ], [ -115.2401499, 36.161653499799996 ], [ -115.2401499, 36.1616507998 ], [ -115.2401472, 36.1616507998 ], [ -115.2401472, 36.161642699799998 ], [ -115.2401742, 36.161642699799998 ], [ -115.2401742, 36.161645399800001 ], [ -115.2401769, 36.161645399800001 ], [ -115.2401769, 36.1616507998 ], [ -115.2401688, 36.1616507998 ], [ -115.2401688, 36.161653499799996 ] ] ] } },
{ "type": "Feature", "properties": { "value": 255.0 }, "geometry": { "type": "Polygon", "coordinates": [ [ [ -115.2393264, 36.161653499799996 ], [ -115.2392913, 36.161653499799996 ], [ -115.2392913, 36.1616507998 ], [ -115.2392859, 36.1616507998 ], [ -115.2392859, 36.161648099799997 ], [ -115.2392832, 36.161648099799997 ], [ -115.2392832, 36.161642699799998 ], [ -115.2393291, 36.161642699799998 ], [ -115.2393291, 36.161648099799997 ], [ -115.2393264, 36.161648099799997 ], [ -115.2393264, 36.161653499799996 ] ] ] } }
]
}
