{
"type": "FeatureCollection",
"crs": { "type": "name", "properties": { "name": "urn:ogc:def:crs:OGC:1.3:CRS84" } },
"features": [
{ "type": "Feature", "properties": { "value": 255.0 }, "geometry": { "type": "Polygon", "coordinates": [ [ [ -115.181308800000011, 36.149357699799999 ], [ -115.1811576, 36.149357699799999 ], [ -115.1811576, 36.149298299800002 ], [ -115.1811603, 36.149298299800002 ], [ -115.1811603, 36.149295599799999 ], [ -115.181271, 36.149295599799999 ], [ -115.181271, 36.149298299800002 ], [ -115.1812926, 36.149298299800002 ], [ -115.1812926, 36.149300999799998 ], [ -115.1812953, 36.149300999799998 ], [ -115.1812953, 36.149303699800001 ], [ -115.181298, 36.149303699800001 ], [ -115.181298, 36.149306399799997 ], [ -115.1813007, 36.149306399799997 ], [ -115.1813007, 36.1493090998 ], [ -115.1813034, 36.1493090998 ], [ -115.1813034, 36.149314499799999 ], [ -115.1813061, 36.149314499799999 ], [ -115.1813061, 36.149322599800001 ], [ -115.181308800000011, 36.149322599800001 ], [ -115.181308800000011, 36.1493522998 ], [ -115.1813061, 36.1493522998 ], [ -115.1813061, 36.149354999799996 ], [ -115.181308800000011, 36.149354999799996 ], [ -115.181308800000011, 36.149357699799999 ] ] ] } },
{ "type": "Feature", "properties": { "value": 255.0 }, "geometry": { "type": "Polygon", "coordinates": [ [ [ -115.1812386, 36.149252399799998 ], [ -115.1811792, 36.149252399799998 ], [ -115.1811792, 36.149249699800002 ], [ -115.1811576, 36.149249699800002 ], [ -115.1811576, 36.149095799800001 ], [ -115.181163, 36.149095799800001 ], [ -115.181163, 36.149098499799997 ], [ -115.181181900000013, 36.149098499799997 ], [ -115.181181900000013, 36.149095799800001 ], [ -115.1811846, 36.149095799800001 ], [ -115.1811846, 36.149093099799998 ], [ -115.1811981, 36.149093099799998 ], [ -115.1811981, 36.149090399800002 ], [ -115.1812035, 36.149090399800002 ], [ -115.1812035, 36.149093099799998 ], [ -115.1812143, 36.149093099799998 ], [ -115.1812143, 36.149095799800001 ], [ -115.18122240000001, 36.149095799800001 ], [ -115.18122240000001, 36.149098499799997 ], [ -115.1812359, 36.149098499799997 ], [ -115.1812359, 36.1491011998 ], [ -115.1812872, 36.1491011998 ], [ -115.1812872, 36.149103899799996 ], [ -115.1812926, 36.149103899799996 ], [ -115.1812926, 36.1491065998 ], [ -115.1812953, 36.1491065998 ], [ -115.1812953, 36.149111999799999 ], [ -115.181298, 36.149111999799999 ], [ -115.181298, 36.149122799799997 ], [ -115.1813007, 36.149122799799997 ], [ -115.1813007, 36.149138999800002 ], [ -115.181298, 36.149138999800002 ], [ -115.181298, 36.149190299799997 ], [ -115.1813007, 36.149190299799997 ], [ -115.1813007, 36.149206499800002 ], [ -115.1813034, 36.149206499800002 ], [ -115.1813034, 36.149238899799997 ], [ -115.1813007, 36.149238899799997 ], [ -115.1813007, 36.1492415998 ], [ -115.1812953, 36.1492415998 ], [ -115.1812953, 36.149244299799996 ], [ -115.1812818, 36.149244299799996 ], [ -115.1812818, 36.149246999799999 ], [ -115.1812575, 36.149246999799999 ], [ -115.1812575, 36.149249699800002 ], [ -115.1812386, 36.149249699800002 ], [ -115.1812386, 36.149252399799998 ] ] ] } },
{ "type": "Feature", "properties": { "value": 255.0 }, "geometry": { "type": "Polygon", "coordinates": [ [ [ -115.1815302, 36.149325299799997 ], [ -115.1814816, 36.149325299799997 ], [ -115.1814816, 36.149322599800001 ], [ -115.1814789, 36.149322599800001 ], [ -115.1814789, 36.149317199800002 ], [ -115.1814762, 36.149317199800002 ], [ -115.1814762, 36.1493090998 ], [ -115.1814789, 36.1493090998 ], [ -115.1814789, 36.149298299800002 ], [ -115.1814762, 36.149298299800002 ], [ -115.1814762, 36.149271299799999 ], [ -115.18147350000001, 36.149271299799999 ], [ -115.18147350000001, 36.149238899799997 ], [ -115.1814708, 36.149238899799997 ], [ -115.1814708, 36.149209199799998 ], [ -115.1814681, 36.149209199799998 ], [ -115.1814681, 36.149203799799999 ], [ -115.1814654, 36.149203799799999 ], [ -115.1814654, 36.149187599800001 ], [ -115.1814627, 36.149187599800001 ], [ -115.1814627, 36.149171399799997 ], [ -115.1814654, 36.149171399799997 ], [ -115.1814654, 36.1491254998 ], [ -115.1814627, 36.1491254998 ], [ -115.1814627, 36.149114699800002 ], [ -115.1814654, 36.149114699800002 ], [ -115.1814654, 36.149076899800001 ], [ -115.1814681, 36.149076899800001 ], [ -115.1814681, 36.149074199799998 ], [ -115.18147350000001, 36.149074199799998 ], [ -115.18147350000001, 36.149071499800002 ], [ -115.1814816, 36.149071499800002 ], [ -115.1814816, 36.149068799799998 ], [ -115.181541, 36.149068799799998 ], [ -115.181541, 36.149066099800002 ], [ -115.1815734, 36.149066099800002 ], [ -115.1815734, 36.149063399799999 ], [ -115.1815788, 36.149063399799999 ], [ -115.1815788, 36.149060699799996 ], [ -115.1815815, 36.149060699799996 ], [ -115.1815815, 36.149055299799997 ], [ -115.1815788, 36.149055299799997 ], [ -115.1815788, 36.149052599800001 ], [ -115.1815815, 36.149052599800001 ], [ -115.1815815, 36.149049899799998 ], [ -115.1815842, 36.149049899799998 ], [ -115.1815842, 36.149047199800002 ], [ -115.1815869, 36.149047199800002 ], [ -115.1815869, 36.149044499799999 ], [ -115.1815896, 36.149044499799999 ], [ -115.1815896, 36.149041799799996 ], [ -115.1815923, 36.149041799799996 ], [ -115.1815923, 36.1490390998 ], [ -115.1816058, 36.1490390998 ], [ -115.1816058, 36.149060699799996 ], [ -115.18160850000001, 36.149060699799996 ], [ -115.18160850000001, 36.149066099800002 ], [ -115.1816112, 36.149066099800002 ], [ -115.1816112, 36.149068799799998 ], [ -115.1816139, 36.149068799799998 ], [ -115.1816139, 36.149071499800002 ], [ -115.1816166, 36.149071499800002 ], [ -115.1816166, 36.149079599799997 ], [ -115.1816193, 36.149079599799997 ], [ -115.1816193, 36.149138999800002 ], [ -115.181622, 36.149138999800002 ], [ -115.181622, 36.149187599800001 ], [ -115.1816247, 36.149187599800001 ], [ -115.1816247, 36.149219999799996 ], [ -115.1816193, 36.149219999799996 ], [ -115.1816193, 36.149222699799999 ], [ -115.1816058, 36.149222699799999 ], [ -115.1816058, 36.149225399800002 ], [ -115.1815977, 36.149225399800002 ], [ -115.1815977, 36.149228099799998 ], [ -115.181595, 36.149228099799998 ], [ -115.181595, 36.149236199800001 ], [ -115.1815923, 36.149236199800001 ], [ -115.1815923, 36.149290199799999 ], [ -115.1815896, 36.149290199799999 ], [ -115.1815896, 36.149298299800002 ], [ -115.1815869, 36.149298299800002 ], [ -115.1815869, 36.149300999799998 ], [ -115.1815842, 36.149300999799998 ], [ -115.1815842, 36.149306399799997 ], [ -115.1815815, 36.149306399799997 ], [ -115.1815815, 36.1493090998 ], [ -115.1815761, 36.1493090998 ], [ -115.1815761, 36.149311799799996 ], [ -115.181568, 36.149311799799996 ], [ -115.181568, 36.149314499799999 ], [ -115.1815599, 36.149314499799999 ], [ -115.1815599, 36.149317199800002 ], [ -115.1815518, 36.149317199800002 ], [ -115.1815518, 36.149319899799998 ], [ -115.1815437, 36.149319899799998 ], [ -115.1815437, 36.149322599800001 ], [ -115.1815302, 36.149322599800001 ], [ -115.1815302, 36.149325299799997 ] ] ] } },
{ "type": "Feature", "properties": { "value": 255.0 }, "geometry": { "type": "Polygon", "coordinates": [ [ [ -115.1817327, 36.149252399799998 ], [ -115.1816652, 36.149252399799998 ], [ -115.1816652, 36.149249699800002 ], [ -115.1816598, 36.149249699800002 ], [ -115.1816598, 36.149233499799998 ], [ -115.18165710000001, 36.149233499799998 ], [ -115.18165710000001, 36.149206499800002 ], [ -115.1816544, 36.149206499800002 ], [ -115.1816544, 36.149201099800003 ], [ -115.1816517, 36.149201099800003 ], [ -115.1816517, 36.149198399799999 ], [ -115.181649, 36.149198399799999 ], [ -115.181649, 36.149195699799996 ], [ -115.1816463, 36.149195699799996 ], [ -115.1816463, 36.1491929998 ], [ -115.1816436, 36.1491929998 ], [ -115.1816436, 36.149176799799996 ], [ -115.1816409, 36.149176799799996 ], [ -115.1816409, 36.1491011998 ], [ -115.1816382, 36.1491011998 ], [ -115.1816382, 36.149036399799996 ], [ -115.1816409, 36.149036399799996 ], [ -115.1816409, 36.149028299800001 ], [ -115.1816436, 36.149028299800001 ], [ -115.1816436, 36.149025599799998 ], [ -115.1816463, 36.149025599799998 ], [ -115.1816463, 36.149022899800002 ], [ -115.1817057, 36.149022899800002 ], [ -115.1817057, 36.149020199799999 ], [ -115.1817381, 36.149020199799999 ], [ -115.1817381, 36.149022899800002 ], [ -115.1817408, 36.149022899800002 ], [ -115.1817408, 36.149028299800001 ], [ -115.1817435, 36.149028299800001 ], [ -115.1817435, 36.1490822998 ], [ -115.1817462, 36.1490822998 ], [ -115.1817462, 36.1491254998 ], [ -115.1817435, 36.1491254998 ], [ -115.1817435, 36.149184899799998 ], [ -115.1817462, 36.149184899799998 ], [ -115.1817462, 36.149211899800001 ], [ -115.1817435, 36.149211899800001 ], [ -115.1817435, 36.1492415998 ], [ -115.1817408, 36.1492415998 ], [ -115.1817408, 36.149246999799999 ], [ -115.1817381, 36.149246999799999 ], [ -115.1817381, 36.149249699800002 ], [ -115.1817327, 36.149249699800002 ], [ -115.1817327, 36.149252399799998 ] ] ] } },
{ "type": "Feature", "properties": { "value": 255.0 }, "geometry": { "type": "Polygon", "coordinates": [ [ [ -115.1824509, 36.149268599800003 ], [ -115.1823726, 36.149268599800003 ], [ -115.1823726, 36.1492658998 ], [ -115.1823672, 36.1492658998 ], [ -115.1823672, 36.149214599799997 ], [ -115.1823645, 36.149214599799997 ], [ -115.1823645, 36.149209199799998 ], [ -115.1823429, 36.149209199799998 ], [ -115.1823429, 36.149211899800001 ], [ -115.1823375, 36.149211899800001 ], [ -115.1823375, 36.149214599799997 ], [ -115.1823294, 36.149214599799997 ], [ -115.1823294, 36.149209199799998 ], [ -115.1823267, 36.149209199799998 ], [ -115.1823267, 36.149195699799996 ], [ -115.182324, 36.149195699799996 ], [ -115.182324, 36.149074199799998 ], [ -115.1823267, 36.149074199799998 ], [ -115.1823267, 36.149060699799996 ], [ -115.182324, 36.149060699799996 ], [ -115.182324, 36.149047199800002 ], [ -115.1823267, 36.149047199800002 ], [ -115.1823267, 36.149041799799996 ], [ -115.1823348, 36.149041799799996 ], [ -115.1823348, 36.1490390998 ], [ -115.182378, 36.1490390998 ], [ -115.182378, 36.149041799799996 ], [ -115.1823915, 36.149041799799996 ], [ -115.1823915, 36.1490390998 ], [ -115.182432, 36.1490390998 ], [ -115.182432, 36.149041799799996 ], [ -115.1824401, 36.149041799799996 ], [ -115.1824401, 36.149044499799999 ], [ -115.1824428, 36.149044499799999 ], [ -115.1824428, 36.149047199800002 ], [ -115.1824482, 36.149047199800002 ], [ -115.1824482, 36.149052599800001 ], [ -115.1824509, 36.149052599800001 ], [ -115.1824509, 36.149076899800001 ], [ -115.1824536, 36.149076899800001 ], [ -115.1824536, 36.149079599799997 ], [ -115.1824563, 36.149079599799997 ], [ -115.1824563, 36.149084999799996 ], [ -115.182459, 36.149084999799996 ], [ -115.182459, 36.149087699799999 ], [ -115.1824617, 36.149087699799999 ], [ -115.1824617, 36.149093099799998 ], [ -115.1824644, 36.149093099799998 ], [ -115.1824644, 36.1491011998 ], [ -115.1824671, 36.1491011998 ], [ -115.1824671, 36.149111999799999 ], [ -115.1824644, 36.149111999799999 ], [ -115.1824644, 36.1491254998 ], [ -115.182459, 36.1491254998 ], [ -115.182459, 36.149128199799996 ], [ -115.1824563, 36.149128199799996 ], [ -115.1824563, 36.149130899799999 ], [ -115.1824536, 36.149130899799999 ], [ -115.1824536, 36.149138999800002 ], [ -115.1824509, 36.149138999800002 ], [ -115.1824509, 36.149163299800001 ], [ -115.1824536, 36.149163299800001 ], [ -115.1824536, 36.1491929998 ], [ -115.1824563, 36.1491929998 ], [ -115.1824563, 36.149263199799996 ], [ -115.1824536, 36.149263199799996 ], [ -115.1824536, 36.1492658998 ], [ -115.1824509, 36.1492658998 ], [ -115.1824509, 36.149268599800003 ] ] ] } },
{ "type": "Feature", "properties": { "value": 255.0 }, "geometry": { "type": "Polygon", "coordinates": [ [ [ -115.182621, 36.149268599800003 ], [ -115.18254, 36.149268599800003 ], [ -115.18254, 36.149257799799997 ], [ -115.1825373, 36.149257799799997 ], [ -115.1825373, 36.149255099800001 ], [ -115.1825292, 36.149255099800001 ], [ -115.1825292, 36.149252399799998 ], [ -115.1825265, 36.149252399799998 ], [ -115.1825265, 36.149249699800002 ], [ -115.1825238, 36.149249699800002 ], [ -115.1825238, 36.149246999799999 ], [ -115.1825211, 36.149246999799999 ], [ -115.1825211, 36.1492415998 ], [ -115.1825184, 36.1492415998 ], [ -115.1825184, 36.149233499799998 ], [ -115.1825211, 36.149233499799998 ], [ -115.1825211, 36.149182199800002 ], [ -115.1825184, 36.149182199800002 ], [ -115.1825184, 36.149179499799999 ], [ -115.1825049, 36.149179499799999 ], [ -115.1825049, 36.149176799799996 ], [ -115.1824995, 36.149176799799996 ], [ -115.1824995, 36.149163299800001 ], [ -115.1825022, 36.149163299800001 ], [ -115.1825022, 36.1491254998 ], [ -115.1824995, 36.1491254998 ], [ -115.1824995, 36.1491011998 ], [ -115.1825022, 36.1491011998 ], [ -115.1825022, 36.149090399800002 ], [ -115.1825049, 36.149090399800002 ], [ -115.1825049, 36.149076899800001 ], [ -115.1825076, 36.149076899800001 ], [ -115.1825076, 36.149068799799998 ], [ -115.1825103, 36.149068799799998 ], [ -115.1825103, 36.149060699799996 ], [ -115.182513, 36.149060699799996 ], [ -115.182513, 36.149055299799997 ], [ -115.1825184, 36.149055299799997 ], [ -115.1825184, 36.149052599800001 ], [ -115.1825238, 36.149052599800001 ], [ -115.1825238, 36.149049899799998 ], [ -115.1825319, 36.149049899799998 ], [ -115.1825319, 36.149047199800002 ], [ -115.18254, 36.149047199800002 ], [ -115.18254, 36.149017499799996 ], [ -115.1825454, 36.149017499799996 ], [ -115.1825454, 36.1490147998 ], [ -115.1825481, 36.1490147998 ], [ -115.1825481, 36.149017499799996 ], [ -115.1825643, 36.149017499799996 ], [ -115.1825643, 36.149020199799999 ], [ -115.1826156, 36.149020199799999 ], [ -115.1826156, 36.149022899800002 ], [ -115.182621, 36.149022899800002 ], [ -115.182621, 36.149025599799998 ], [ -115.1826237, 36.149025599799998 ], [ -115.1826237, 36.1490336998 ], [ -115.1826264, 36.1490336998 ], [ -115.1826264, 36.149084999799996 ], [ -115.1826291, 36.149084999799996 ], [ -115.1826291, 36.149111999799999 ], [ -115.1826318, 36.149111999799999 ], [ -115.1826318, 36.149130899799999 ], [ -115.1826291, 36.149130899799999 ], [ -115.1826291, 36.1491497998 ], [ -115.1826264, 36.1491497998 ], [ -115.1826264, 36.149179499799999 ], [ -115.1826291, 36.149179499799999 ], [ -115.1826291, 36.149263199799996 ], [ -115.1826264, 36.149263199799996 ], [ -115.1826264, 36.1492658998 ], [ -115.182621, 36.1492658998 ], [ -115.182621, 36.149268599800003 ] ] ] } },
{ "type": "Feature", "properties": { "value": 255.0 }, "geometry": { "type": "Polygon", "coordinates": [ [ [ -115.1822457, 36.1492658998 ], [ -115.1821782, 36.1492658998 ], [ -115.1821782, 36.149263199799996 ], [ -115.1821755, 36.149263199799996 ], [ -115.1821755, 36.1492604998 ], [ -115.1821728, 36.1492604998 ], [ -115.1821728, 36.149257799799997 ], [ -115.1821701, 36.149257799799997 ], [ -115.1821701, 36.149230799800002 ], [ -115.1821674, 36.149230799800002 ], [ -115.1821674, 36.149203799799999 ], [ -115.1821647, 36.149203799799999 ], [ -115.1821647, 36.149195699799996 ], [ -115.182162, 36.149195699799996 ], [ -115.182162, 36.149187599800001 ], [ -115.1821593, 36.149187599800001 ], [ -115.1821593, 36.149160599799998 ], [ -115.182162, 36.149160599799998 ], [ -115.182162, 36.149130899799999 ], [ -115.1821593, 36.149130899799999 ], [ -115.1821593, 36.149111999799999 ], [ -115.1821566, 36.149111999799999 ], [ -115.1821566, 36.149063399799999 ], [ -115.1821593, 36.149063399799999 ], [ -115.1821593, 36.149022899800002 ], [ -115.182162, 36.149022899800002 ], [ -115.182162, 36.149020199799999 ], [ -115.1821647, 36.149020199799999 ], [ -115.1821647, 36.149017499799996 ], [ -115.1821755, 36.149017499799996 ], [ -115.1821755, 36.149020199799999 ], [ -115.1822106, 36.149020199799999 ], [ -115.1822106, 36.149022899800002 ], [ -115.1822268, 36.149022899800002 ], [ -115.1822268, 36.149025599799998 ], [ -115.1822403, 36.149025599799998 ], [ -115.1822403, 36.149028299800001 ], [ -115.182243, 36.149028299800001 ], [ -115.182243, 36.149030999799997 ], [ -115.1822484, 36.149030999799997 ], [ -115.1822484, 36.1490336998 ], [ -115.1822511, 36.1490336998 ], [ -115.1822511, 36.149036399799996 ], [ -115.1822565, 36.149036399799996 ], [ -115.1822565, 36.1490390998 ], [ -115.1822619, 36.1490390998 ], [ -115.1822619, 36.149041799799996 ], [ -115.1822727, 36.149041799799996 ], [ -115.1822727, 36.149044499799999 ], [ -115.1822781, 36.149044499799999 ], [ -115.1822781, 36.149047199800002 ], [ -115.1822808, 36.149047199800002 ], [ -115.1822808, 36.149049899799998 ], [ -115.1822835, 36.149049899799998 ], [ -115.1822835, 36.149060699799996 ], [ -115.1822862, 36.149060699799996 ], [ -115.1822862, 36.149071499800002 ], [ -115.1822835, 36.149071499800002 ], [ -115.1822835, 36.149090399800002 ], [ -115.1822862, 36.149090399800002 ], [ -115.1822862, 36.149114699800002 ], [ -115.1822835, 36.149114699800002 ], [ -115.1822835, 36.149141699799998 ], [ -115.1822808, 36.149141699799998 ], [ -115.1822808, 36.149171399799997 ], [ -115.1822835, 36.149171399799997 ], [ -115.1822835, 36.1492604998 ], [ -115.1822808, 36.1492604998 ], [ -115.1822808, 36.149263199799996 ], [ -115.1822457, 36.149263199799996 ], [ -115.1822457, 36.1492658998 ] ] ] } },
{ "type": "Feature", "properties": { "value": 255.0 }, "geometry": { "type": "Polygon", "coordinates": [ [ [ -115.1821053, 36.149246999799999 ], [ -115.1820864, 36.149246999799999 ], [ -115.1820864, 36.149244299799996 ], [ -115.1820729, 36.149244299799996 ], [ -115.1820729, 36.149246999799999 ], [ -115.1820621, 36.149246999799999 ], [ -115.1820621, 36.149244299799996 ], [ -115.1820594, 36.149244299799996 ], [ -115.1820594, 36.149246999799999 ], [ -115.1820135, 36.149246999799999 ], [ -115.1820135, 36.149244299799996 ], [ -115.1820054, 36.149244299799996 ], [ -115.1820054, 36.1492415998 ], [ -115.1820027, 36.1492415998 ], [ -115.1820027, 36.149236199800001 ], [ -115.182, 36.149236199800001 ], [ -115.182, 36.149211899800001 ], [ -115.1819973, 36.149211899800001 ], [ -115.1819973, 36.149209199799998 ], [ -115.182, 36.149209199799998 ], [ -115.182, 36.149179499799999 ], [ -115.1820027, 36.149179499799999 ], [ -115.1820027, 36.149171399799997 ], [ -115.182, 36.149171399799997 ], [ -115.182, 36.149160599799998 ], [ -115.1819973, 36.149160599799998 ], [ -115.1819973, 36.149157899800002 ], [ -115.1819919, 36.149157899800002 ], [ -115.1819919, 36.149155199799999 ], [ -115.1819784, 36.149155199799999 ], [ -115.1819784, 36.149152499799996 ], [ -115.1819757, 36.149152499799996 ], [ -115.1819757, 36.1491497998 ], [ -115.181973, 36.1491497998 ], [ -115.181973, 36.149098499799997 ], [ -115.1819703, 36.149098499799997 ], [ -115.1819703, 36.149063399799999 ], [ -115.181973, 36.149063399799999 ], [ -115.181973, 36.149003999800001 ], [ -115.1819757, 36.149003999800001 ], [ -115.1819757, 36.149001299799998 ], [ -115.1819784, 36.149001299799998 ], [ -115.1819784, 36.148998599800002 ], [ -115.1820081, 36.148998599800002 ], [ -115.1820081, 36.149001299799998 ], [ -115.182054, 36.149001299799998 ], [ -115.182054, 36.148998599800002 ], [ -115.182108, 36.148998599800002 ], [ -115.182108, 36.149001299799998 ], [ -115.1821134, 36.149001299799998 ], [ -115.1821134, 36.149003999800001 ], [ -115.1821161, 36.149003999800001 ], [ -115.1821161, 36.149017499799996 ], [ -115.1821134, 36.149017499799996 ], [ -115.1821134, 36.149028299800001 ], [ -115.1821161, 36.149028299800001 ], [ -115.1821161, 36.149041799799996 ], [ -115.1821188, 36.149041799799996 ], [ -115.1821188, 36.149044499799999 ], [ -115.1821215, 36.149044499799999 ], [ -115.1821215, 36.149049899799998 ], [ -115.1821242, 36.149049899799998 ], [ -115.1821242, 36.1490579998 ], [ -115.1821269, 36.1490579998 ], [ -115.1821269, 36.1491254998 ], [ -115.1821242, 36.1491254998 ], [ -115.1821242, 36.149130899799999 ], [ -115.1821215, 36.149130899799999 ], [ -115.1821215, 36.149133599800003 ], [ -115.1821161, 36.149133599800003 ], [ -115.1821161, 36.149138999800002 ], [ -115.1821134, 36.149138999800002 ], [ -115.1821134, 36.149198399799999 ], [ -115.1821107, 36.149198399799999 ], [ -115.1821107, 36.149244299799996 ], [ -115.1821053, 36.149244299799996 ], [ -115.1821053, 36.149246999799999 ] ] ] } },
{ "type": "Feature", "properties": { "value": 255.0 }, "geometry": { "type": "Polygon", "coordinates": [ [ [ -115.1827506, 36.149273999800002 ], [ -115.1826966, 36.149273999800002 ], [ -115.1826966, 36.149271299799999 ], [ -115.1826939, 36.149271299799999 ], [ -115.1826939, 36.149268599800003 ], [ -115.1826912, 36.149268599800003 ], [ -115.1826912, 36.149244299799996 ], [ -115.1826885, 36.149244299799996 ], [ -115.1826885, 36.149190299799997 ], [ -115.1826858, 36.149190299799997 ], [ -115.1826858, 36.149187599800001 ], [ -115.1826831, 36.149187599800001 ], [ -115.1826831, 36.149184899799998 ], [ -115.1826777, 36.149184899799998 ], [ -115.1826777, 36.149182199800002 ], [ -115.1826696, 36.149182199800002 ], [ -115.1826696, 36.149179499799999 ], [ -115.1826669, 36.149179499799999 ], [ -115.1826669, 36.149176799799996 ], [ -115.1826642, 36.149176799799996 ], [ -115.1826642, 36.1491497998 ], [ -115.1826669, 36.1491497998 ], [ -115.1826669, 36.149087699799999 ], [ -115.1826642, 36.149087699799999 ], [ -115.1826642, 36.149066099800002 ], [ -115.1826669, 36.149066099800002 ], [ -115.1826669, 36.1490390998 ], [ -115.1826696, 36.1490390998 ], [ -115.1826696, 36.149030999799997 ], [ -115.182675, 36.149030999799997 ], [ -115.182675, 36.149028299800001 ], [ -115.1826939, 36.149028299800001 ], [ -115.1826939, 36.149025599799998 ], [ -115.1826993, 36.149025599799998 ], [ -115.1826993, 36.149022899800002 ], [ -115.182702, 36.149022899800002 ], [ -115.182702, 36.149020199799999 ], [ -115.1827047, 36.149020199799999 ], [ -115.1827047, 36.149012099799997 ], [ -115.1827074, 36.149012099799997 ], [ -115.1827074, 36.149003999800001 ], [ -115.1827101, 36.149003999800001 ], [ -115.1827101, 36.149001299799998 ], [ -115.1827128, 36.149001299799998 ], [ -115.1827128, 36.148998599800002 ], [ -115.1827263, 36.148998599800002 ], [ -115.1827263, 36.148995899799999 ], [ -115.182756, 36.148995899799999 ], [ -115.182756, 36.148993199799996 ], [ -115.1827776, 36.148993199799996 ], [ -115.1827776, 36.148995899799999 ], [ -115.182791099999989, 36.148995899799999 ], [ -115.182791099999989, 36.148998599800002 ], [ -115.1827965, 36.148998599800002 ], [ -115.1827965, 36.149022899800002 ], [ -115.1827992, 36.149022899800002 ], [ -115.1827992, 36.149044499799999 ], [ -115.1828019, 36.149044499799999 ], [ -115.1828019, 36.149093099799998 ], [ -115.1828046, 36.149093099799998 ], [ -115.1828046, 36.1491011998 ], [ -115.1828073, 36.1491011998 ], [ -115.1828073, 36.1491065998 ], [ -115.18281, 36.1491065998 ], [ -115.18281, 36.149117399799998 ], [ -115.1828127, 36.149117399799998 ], [ -115.1828127, 36.149144399800001 ], [ -115.18281, 36.149144399800001 ], [ -115.18281, 36.149152499799996 ], [ -115.1828073, 36.149152499799996 ], [ -115.1828073, 36.149157899800002 ], [ -115.1828046, 36.149157899800002 ], [ -115.1828046, 36.149160599799998 ], [ -115.1828019, 36.149160599799998 ], [ -115.1828019, 36.149163299800001 ], [ -115.1827992, 36.149163299800001 ], [ -115.1827992, 36.149165999799997 ], [ -115.1827965, 36.149165999799997 ], [ -115.1827965, 36.149171399799997 ], [ -115.1827938, 36.149171399799997 ], [ -115.1827938, 36.1491740998 ], [ -115.182791099999989, 36.1491740998 ], [ -115.182791099999989, 36.149176799799996 ], [ -115.1827884, 36.149176799799996 ], [ -115.1827884, 36.149182199800002 ], [ -115.1827857, 36.149182199800002 ], [ -115.1827857, 36.149190299799997 ], [ -115.182783, 36.149190299799997 ], [ -115.182783, 36.149201099800003 ], [ -115.1827803, 36.149201099800003 ], [ -115.1827803, 36.1492172998 ], [ -115.1827776, 36.1492172998 ], [ -115.1827776, 36.1492415998 ], [ -115.1827749, 36.1492415998 ], [ -115.1827749, 36.149249699800002 ], [ -115.1827722, 36.149249699800002 ], [ -115.1827722, 36.149255099800001 ], [ -115.1827695, 36.149255099800001 ], [ -115.1827695, 36.149257799799997 ], [ -115.1827668, 36.149257799799997 ], [ -115.1827668, 36.1492604998 ], [ -115.1827641, 36.1492604998 ], [ -115.1827641, 36.149263199799996 ], [ -115.1827614, 36.149263199799996 ], [ -115.1827614, 36.1492658998 ], [ -115.1827587, 36.1492658998 ], [ -115.1827587, 36.149268599800003 ], [ -115.182756, 36.149268599800003 ], [ -115.182756, 36.149271299799999 ], [ -115.1827506, 36.149271299799999 ], [ -115.1827506, 36.149273999800002 ] ] ] } },
{ "type": "Feature", "properties": { "value": 255.0 }, "geometry": { "type": "Polygon", "coordinates": [ [ [ -115.1819001, 36.149236199800001 ], [ -115.1818272, 36.149236199800001 ], [ -115.1818272, 36.149233499799998 ], [ -115.181811, 36.149233499799998 ], [ -115.181811, 36.149230799800002 ], [ -115.1818083, 36.149230799800002 ], [ -115.1818083, 36.149228099799998 ], [ -115.1818056, 36.149228099799998 ], [ -115.1818056, 36.149225399800002 ], [ -115.1818029, 36.149225399800002 ], [ -115.1818029, 36.149222699799999 ], [ -115.1818002, 36.149222699799999 ], [ -115.1818002, 36.149214599799997 ], [ -115.1817975, 36.149214599799997 ], [ -115.1817975, 36.149195699799996 ], [ -115.1818002, 36.149195699799996 ], [ -115.1818002, 36.149182199800002 ], [ -115.1818029, 36.149182199800002 ], [ -115.1818029, 36.149163299800001 ], [ -115.1817975, 36.149163299800001 ], [ -115.1817975, 36.149160599799998 ], [ -115.1817921, 36.149160599799998 ], [ -115.1817921, 36.149163299800001 ], [ -115.1817813, 36.149163299800001 ], [ -115.1817813, 36.149133599800003 ], [ -115.1817786, 36.149133599800003 ], [ -115.1817786, 36.149049899799998 ], [ -115.1817813, 36.149049899799998 ], [ -115.1817813, 36.149009399800001 ], [ -115.181784, 36.149009399800001 ], [ -115.181784, 36.149006699799997 ], [ -115.1817867, 36.149006699799997 ], [ -115.1817867, 36.149001299799998 ], [ -115.1817894, 36.149001299799998 ], [ -115.1817894, 36.148995899799999 ], [ -115.1817921, 36.148995899799999 ], [ -115.1817921, 36.1489904998 ], [ -115.1817948, 36.1489904998 ], [ -115.1817948, 36.148985099800001 ], [ -115.181811, 36.148985099800001 ], [ -115.181811, 36.148982399799998 ], [ -115.1818407, 36.148982399799998 ], [ -115.1818407, 36.148985099800001 ], [ -115.1818731, 36.148985099800001 ], [ -115.1818731, 36.148987799799997 ], [ -115.1818758, 36.148987799799997 ], [ -115.1818758, 36.149025599799998 ], [ -115.1818785, 36.149025599799998 ], [ -115.1818785, 36.149036399799996 ], [ -115.1818812, 36.149036399799996 ], [ -115.1818812, 36.149041799799996 ], [ -115.1818839, 36.149041799799996 ], [ -115.1818839, 36.149055299799997 ], [ -115.1818812, 36.149055299799997 ], [ -115.1818812, 36.149060699799996 ], [ -115.1818839, 36.149060699799996 ], [ -115.1818839, 36.149084999799996 ], [ -115.1818866, 36.149084999799996 ], [ -115.1818866, 36.1491011998 ], [ -115.1818893, 36.1491011998 ], [ -115.1818893, 36.149111999799999 ], [ -115.181892, 36.149111999799999 ], [ -115.181892, 36.149117399799998 ], [ -115.1818947, 36.149117399799998 ], [ -115.1818947, 36.149122799799997 ], [ -115.1818974, 36.149122799799997 ], [ -115.1818974, 36.149138999800002 ], [ -115.1819001, 36.149138999800002 ], [ -115.1819001, 36.149236199800001 ] ] ] } },
{ "type": "Feature", "properties": { "value": 255.0 }, "geometry": { "type": "Polygon", "coordinates": [ [ [ -115.1818029, 36.148928399799999 ], [ -115.1817138, 36.148928399799999 ], [ -115.1817138, 36.148925699799996 ], [ -115.1816355, 36.148925699799996 ], [ -115.1816355, 36.1489229998 ], [ -115.1816301, 36.1489229998 ], [ -115.1816301, 36.148920299799997 ], [ -115.1816274, 36.148920299799997 ], [ -115.1816274, 36.148917599800001 ], [ -115.181622, 36.148917599800001 ], [ -115.181622, 36.148914899799998 ], [ -115.1816139, 36.148914899799998 ], [ -115.1816139, 36.148912199800002 ], [ -115.1816112, 36.148912199800002 ], [ -115.1816112, 36.148909499799998 ], [ -115.18160850000001, 36.148909499799998 ], [ -115.18160850000001, 36.148895999799997 ], [ -115.1816112, 36.148895999799997 ], [ -115.1816112, 36.148890599799998 ], [ -115.1816139, 36.148890599799998 ], [ -115.1816139, 36.148885199799999 ], [ -115.1816166, 36.148885199799999 ], [ -115.1816166, 36.1488797998 ], [ -115.1816193, 36.1488797998 ], [ -115.1816193, 36.1488743998 ], [ -115.181622, 36.1488743998 ], [ -115.181622, 36.148850099800001 ], [ -115.1816247, 36.148850099800001 ], [ -115.1816247, 36.148841999799998 ], [ -115.1816274, 36.148841999799998 ], [ -115.1816274, 36.148839299799995 ], [ -115.1816301, 36.148839299799995 ], [ -115.1816301, 36.148836599799999 ], [ -115.1816328, 36.148836599799999 ], [ -115.1816328, 36.148833899799996 ], [ -115.1816355, 36.148833899799996 ], [ -115.1816355, 36.1488311998 ], [ -115.1816382, 36.1488311998 ], [ -115.1816382, 36.148828499799997 ], [ -115.1816436, 36.148828499799997 ], [ -115.1816436, 36.148825799800001 ], [ -115.1816544, 36.148825799800001 ], [ -115.1816544, 36.148823099799998 ], [ -115.1816625, 36.148823099799998 ], [ -115.1816625, 36.148820399800002 ], [ -115.1816679, 36.148820399800002 ], [ -115.1816679, 36.148817699799999 ], [ -115.181676, 36.148817699799999 ], [ -115.181676, 36.148814999799995 ], [ -115.1817057, 36.148814999799995 ], [ -115.1817057, 36.148817699799999 ], [ -115.1817192, 36.148817699799999 ], [ -115.1817192, 36.148820399800002 ], [ -115.1817246, 36.148820399800002 ], [ -115.1817246, 36.148823099799998 ], [ -115.18173, 36.148823099799998 ], [ -115.18173, 36.148825799800001 ], [ -115.1817381, 36.148825799800001 ], [ -115.1817381, 36.148828499799997 ], [ -115.1817516, 36.148828499799997 ], [ -115.1817516, 36.148825799800001 ], [ -115.1817624, 36.148825799800001 ], [ -115.1817624, 36.148823099799998 ], [ -115.1817705, 36.148823099799998 ], [ -115.1817705, 36.148820399800002 ], [ -115.1818002, 36.148820399800002 ], [ -115.1818002, 36.148823099799998 ], [ -115.181892, 36.148823099799998 ], [ -115.181892, 36.148825799800001 ], [ -115.1818974, 36.148825799800001 ], [ -115.1818974, 36.148828499799997 ], [ -115.1819001, 36.148828499799997 ], [ -115.1819001, 36.148833899799996 ], [ -115.1819028, 36.148833899799996 ], [ -115.1819028, 36.148852799799997 ], [ -115.1819001, 36.148852799799997 ], [ -115.1819001, 36.148890599799998 ], [ -115.1818974, 36.148890599799998 ], [ -115.1818974, 36.148895999799997 ], [ -115.1818812, 36.148895999799997 ], [ -115.1818812, 36.1488986998 ], [ -115.1818515, 36.1488986998 ], [ -115.1818515, 36.148901399799996 ], [ -115.1818488, 36.148901399799996 ], [ -115.1818488, 36.148909499799998 ], [ -115.1818461, 36.148909499799998 ], [ -115.1818461, 36.148912199800002 ], [ -115.1818434, 36.148912199800002 ], [ -115.1818434, 36.148914899799998 ], [ -115.1818407, 36.148914899799998 ], [ -115.1818407, 36.148917599800001 ], [ -115.181838, 36.148917599800001 ], [ -115.181838, 36.148920299799997 ], [ -115.1818326, 36.148920299799997 ], [ -115.1818326, 36.1489229998 ], [ -115.1818272, 36.1489229998 ], [ -115.1818272, 36.148925699799996 ], [ -115.1818029, 36.148925699799996 ], [ -115.1818029, 36.148928399799999 ] ] ] } },
{ "type": "Feature", "properties": { "value": 255.0 }, "geometry": { "type": "Polygon", "coordinates": [ [ [ -115.1812548, 36.1490390998 ], [ -115.1812359, 36.1490390998 ], [ -115.1812359, 36.149036399799996 ], [ -115.1812008, 36.149036399799996 ], [ -115.1812008, 36.1490336998 ], [ -115.1811981, 36.1490336998 ], [ -115.1811981, 36.149030999799997 ], [ -115.1811954, 36.149030999799997 ], [ -115.1811954, 36.149025599799998 ], [ -115.181192700000011, 36.149025599799998 ], [ -115.181192700000011, 36.1490147998 ], [ -115.1811954, 36.1490147998 ], [ -115.1811954, 36.148944599799997 ], [ -115.1811981, 36.148944599799997 ], [ -115.1811981, 36.148871699799997 ], [ -115.1812008, 36.148871699799997 ], [ -115.1812008, 36.148796099800002 ], [ -115.1812035, 36.148796099800002 ], [ -115.1812035, 36.148793399799999 ], [ -115.1812062, 36.148793399799999 ], [ -115.1812062, 36.148790699799996 ], [ -115.181211600000012, 36.148790699799996 ], [ -115.181211600000012, 36.1487879998 ], [ -115.1812521, 36.1487879998 ], [ -115.1812521, 36.148790699799996 ], [ -115.181260200000011, 36.148790699799996 ], [ -115.181260200000011, 36.148793399799999 ], [ -115.1812629, 36.148793399799999 ], [ -115.1812629, 36.148904099799999 ], [ -115.181260200000011, 36.148904099799999 ], [ -115.181260200000011, 36.1490336998 ], [ -115.1812575, 36.1490336998 ], [ -115.1812575, 36.149036399799996 ], [ -115.1812548, 36.149036399799996 ], [ -115.1812548, 36.1490390998 ] ] ] } },
{ "type": "Feature", "properties": { "value": 255.0 }, "geometry": { "type": "Polygon", "coordinates": [ [ [ -115.1820756, 36.148882499799996 ], [ -115.1820621, 36.148882499799996 ], [ -115.1820621, 36.1488797998 ], [ -115.1820567, 36.1488797998 ], [ -115.1820567, 36.148877099799996 ], [ -115.182054, 36.148877099799996 ], [ -115.182054, 36.1488743998 ], [ -115.1820486, 36.1488743998 ], [ -115.1820486, 36.148871699799997 ], [ -115.1820432, 36.148871699799997 ], [ -115.1820432, 36.148868999800001 ], [ -115.1820378, 36.148868999800001 ], [ -115.1820378, 36.148866299799998 ], [ -115.1820351, 36.148866299799998 ], [ -115.1820351, 36.148863599800002 ], [ -115.1820324, 36.148863599800002 ], [ -115.1820324, 36.148860899799999 ], [ -115.1820297, 36.148860899799999 ], [ -115.1820297, 36.1488554998 ], [ -115.182027, 36.1488554998 ], [ -115.182027, 36.148847399799998 ], [ -115.1820243, 36.148847399799998 ], [ -115.1820243, 36.148828499799997 ], [ -115.182027, 36.148828499799997 ], [ -115.182027, 36.148814999799995 ], [ -115.1820297, 36.148814999799995 ], [ -115.1820297, 36.1488068998 ], [ -115.1820324, 36.1488068998 ], [ -115.1820324, 36.148801499800001 ], [ -115.1820351, 36.148801499800001 ], [ -115.1820351, 36.148796099800002 ], [ -115.1820378, 36.148796099800002 ], [ -115.1820378, 36.148790699799996 ], [ -115.1820405, 36.148790699799996 ], [ -115.1820405, 36.148766399799996 ], [ -115.1820432, 36.148766399799996 ], [ -115.1820432, 36.148760999799997 ], [ -115.1820864, 36.148760999799997 ], [ -115.1820864, 36.148758299800001 ], [ -115.1821161, 36.148758299800001 ], [ -115.1821161, 36.148760999799997 ], [ -115.1821404, 36.148760999799997 ], [ -115.1821404, 36.1487636998 ], [ -115.1821566, 36.1487636998 ], [ -115.1821566, 36.148760999799997 ], [ -115.1822511, 36.148760999799997 ], [ -115.1822511, 36.148758299800001 ], [ -115.1822781, 36.148758299800001 ], [ -115.1822781, 36.148760999799997 ], [ -115.1822835, 36.148760999799997 ], [ -115.1822835, 36.1487636998 ], [ -115.1822862, 36.1487636998 ], [ -115.1822862, 36.148852799799997 ], [ -115.1822781, 36.148852799799997 ], [ -115.1822781, 36.1488554998 ], [ -115.1822349, 36.1488554998 ], [ -115.1822349, 36.148858199799996 ], [ -115.182216, 36.148858199799996 ], [ -115.182216, 36.148860899799999 ], [ -115.1822106, 36.148860899799999 ], [ -115.1822106, 36.148866299799998 ], [ -115.1822079, 36.148866299799998 ], [ -115.1822079, 36.148871699799997 ], [ -115.1822052, 36.148871699799997 ], [ -115.1822052, 36.1488743998 ], [ -115.1822025, 36.1488743998 ], [ -115.1822025, 36.148877099799996 ], [ -115.1821458, 36.148877099799996 ], [ -115.1821458, 36.1488797998 ], [ -115.1820756, 36.1488797998 ], [ -115.1820756, 36.148882499799996 ] ] ] } },
{ "type": "Feature", "properties": { "value": 255.0 }, "geometry": { "type": "Polygon", "coordinates": [ [ [ -115.1817408, 36.148766399799996 ], [ -115.1816463, 36.148766399799996 ], [ -115.1816463, 36.1487636998 ], [ -115.1816274, 36.1487636998 ], [ -115.1816274, 36.148760999799997 ], [ -115.1815572, 36.148760999799997 ], [ -115.1815572, 36.148758299800001 ], [ -115.181487, 36.148758299800001 ], [ -115.181487, 36.148755599799998 ], [ -115.1814789, 36.148755599799998 ], [ -115.1814789, 36.148752899800002 ], [ -115.1814762, 36.148752899800002 ], [ -115.1814762, 36.148750199799998 ], [ -115.18147350000001, 36.148750199799998 ], [ -115.18147350000001, 36.148744799799999 ], [ -115.1814708, 36.148744799799999 ], [ -115.1814708, 36.148736699799997 ], [ -115.1814681, 36.148736699799997 ], [ -115.1814681, 36.148731299799998 ], [ -115.1814654, 36.148731299799998 ], [ -115.1814654, 36.148690799800001 ], [ -115.1814681, 36.148690799800001 ], [ -115.1814681, 36.148682699799998 ], [ -115.1814708, 36.148682699799998 ], [ -115.1814708, 36.148679999799995 ], [ -115.18147350000001, 36.148679999799995 ], [ -115.18147350000001, 36.148677299799999 ], [ -115.1814843, 36.148677299799999 ], [ -115.1814843, 36.148674599799996 ], [ -115.1815923, 36.148674599799996 ], [ -115.1815923, 36.1486718998 ], [ -115.181595, 36.1486718998 ], [ -115.181595, 36.148669199799997 ], [ -115.1815977, 36.148669199799997 ], [ -115.1815977, 36.148666499800001 ], [ -115.1816031, 36.148666499800001 ], [ -115.1816031, 36.148663799799998 ], [ -115.1816139, 36.148663799799998 ], [ -115.1816139, 36.148661099800002 ], [ -115.1816328, 36.148661099800002 ], [ -115.1816328, 36.148658399799999 ], [ -115.1816814, 36.148658399799999 ], [ -115.1816814, 36.148661099800002 ], [ -115.1816976, 36.148661099800002 ], [ -115.1816976, 36.148663799799998 ], [ -115.1817138, 36.148663799799998 ], [ -115.1817138, 36.148666499800001 ], [ -115.1817273, 36.148666499800001 ], [ -115.1817273, 36.148669199799997 ], [ -115.1817408, 36.148669199799997 ], [ -115.1817408, 36.1486718998 ], [ -115.1817921, 36.1486718998 ], [ -115.1817921, 36.148674599799996 ], [ -115.1817948, 36.148674599799996 ], [ -115.1817948, 36.148677299799999 ], [ -115.1817975, 36.148677299799999 ], [ -115.1817975, 36.148698899799996 ], [ -115.1818002, 36.148698899799996 ], [ -115.1818002, 36.148758299800001 ], [ -115.1817975, 36.148758299800001 ], [ -115.1817975, 36.148760999799997 ], [ -115.1817489, 36.148760999799997 ], [ -115.1817489, 36.1487636998 ], [ -115.1817408, 36.1487636998 ], [ -115.1817408, 36.148766399799996 ] ] ] } },
{ "type": "Feature", "properties": { "value": 255.0 }, "geometry": { "type": "Polygon", "coordinates": [ [ [ -115.1812575, 36.148774499799998 ], [ -115.181217, 36.148774499799998 ], [ -115.181217, 36.148771799799995 ], [ -115.1812035, 36.148771799799995 ], [ -115.1812035, 36.148769099799999 ], [ -115.1812008, 36.148769099799999 ], [ -115.1812008, 36.1487636998 ], [ -115.1811981, 36.1487636998 ], [ -115.1811981, 36.148712399799997 ], [ -115.1811954, 36.148712399799997 ], [ -115.1811954, 36.148663799799998 ], [ -115.181192700000011, 36.148663799799998 ], [ -115.181192700000011, 36.148652999799999 ], [ -115.18119, 36.148652999799999 ], [ -115.18119, 36.148644899799997 ], [ -115.181192700000011, 36.148644899799997 ], [ -115.181192700000011, 36.148642199800001 ], [ -115.1811954, 36.148642199800001 ], [ -115.1811954, 36.148639499799998 ], [ -115.1811981, 36.148639499799998 ], [ -115.1811981, 36.148636799799995 ], [ -115.1812035, 36.148636799799995 ], [ -115.1812035, 36.148634099799999 ], [ -115.181244, 36.148634099799999 ], [ -115.181244, 36.148636799799995 ], [ -115.1812494, 36.148636799799995 ], [ -115.1812494, 36.148634099799999 ], [ -115.181260200000011, 36.148634099799999 ], [ -115.181260200000011, 36.148636799799995 ], [ -115.1812629, 36.148636799799995 ], [ -115.1812629, 36.148644899799997 ], [ -115.1812656, 36.148644899799997 ], [ -115.1812656, 36.148658399799999 ], [ -115.1812629, 36.148658399799999 ], [ -115.1812629, 36.148744799799999 ], [ -115.1812656, 36.148744799799999 ], [ -115.1812656, 36.148766399799996 ], [ -115.1812629, 36.148766399799996 ], [ -115.1812629, 36.148771799799995 ], [ -115.1812575, 36.148771799799995 ], [ -115.1812575, 36.148774499799998 ] ] ] } },
{ "type": "Feature", "properties": { "value": 255.0 }, "geometry": { "type": "Polygon", "coordinates": [ [ [ -115.1811846, 36.148598999800001 ], [ -115.1811576, 36.148598999800001 ], [ -115.1811576, 36.148558499799996 ], [ -115.1811603, 36.148558499799996 ], [ -115.1811603, 36.1485611998 ], [ -115.1811684, 36.1485611998 ], [ -115.1811684, 36.148558499799996 ], [ -115.181181900000013, 36.148558499799996 ], [ -115.181181900000013, 36.1485611998 ], [ -115.1811846, 36.1485611998 ], [ -115.1811846, 36.148571999799998 ], [ -115.1811873, 36.148571999799998 ], [ -115.1811873, 36.148593599800002 ], [ -115.1811846, 36.148593599800002 ], [ -115.1811846, 36.148598999800001 ] ] ] } },
{ "type": "Feature", "properties": { "value": 255.0 }, "geometry": { "type": "Polygon", "coordinates": [ [ [ -115.1822862, 36.148731299799998 ], [ -115.1822052, 36.148731299799998 ], [ -115.1822052, 36.148728599800002 ], [ -115.1821647, 36.148728599800002 ], [ -115.1821647, 36.148731299799998 ], [ -115.1820567, 36.148731299799998 ], [ -115.1820567, 36.148728599800002 ], [ -115.182054, 36.148728599800002 ], [ -115.182054, 36.148725899799999 ], [ -115.1820513, 36.148725899799999 ], [ -115.1820513, 36.1487204998 ], [ -115.1820486, 36.1487204998 ], [ -115.1820486, 36.148706999799998 ], [ -115.1820459, 36.148706999799998 ], [ -115.1820459, 36.148650299799996 ], [ -115.1820486, 36.148650299799996 ], [ -115.1820486, 36.148636799799995 ], [ -115.1820513, 36.148636799799995 ], [ -115.1820513, 36.1486286998 ], [ -115.182054, 36.1486286998 ], [ -115.182054, 36.148623299800001 ], [ -115.1820594, 36.148623299800001 ], [ -115.1820594, 36.148620599799997 ], [ -115.1820621, 36.148620599799997 ], [ -115.1820621, 36.148617899800001 ], [ -115.1820675, 36.148617899800001 ], [ -115.1820675, 36.148615199799998 ], [ -115.1820729, 36.148615199799998 ], [ -115.1820729, 36.148612499799995 ], [ -115.182081, 36.148612499799995 ], [ -115.182081, 36.148609799799999 ], [ -115.1820891, 36.148609799799999 ], [ -115.1820891, 36.148601699799997 ], [ -115.1820864, 36.148601699799997 ], [ -115.1820864, 36.148596299799998 ], [ -115.1820837, 36.148596299799998 ], [ -115.1820837, 36.148590899799999 ], [ -115.1820864, 36.148590899799999 ], [ -115.1820864, 36.148582799799996 ], [ -115.1820891, 36.148582799799996 ], [ -115.1820891, 36.148574699800001 ], [ -115.1820918, 36.148574699800001 ], [ -115.1820918, 36.148569299799995 ], [ -115.1820945, 36.148569299799995 ], [ -115.1820945, 36.148566599799999 ], [ -115.1820972, 36.148566599799999 ], [ -115.1820972, 36.1485611998 ], [ -115.1820999, 36.1485611998 ], [ -115.1820999, 36.148553099799997 ], [ -115.1821026, 36.148553099799997 ], [ -115.1821026, 36.148550399800001 ], [ -115.1821053, 36.148550399800001 ], [ -115.1821053, 36.148547699799998 ], [ -115.182108, 36.148547699799998 ], [ -115.182108, 36.148544999799995 ], [ -115.1821107, 36.148544999799995 ], [ -115.1821107, 36.148517999799999 ], [ -115.1821134, 36.148517999799999 ], [ -115.1821134, 36.148515299799996 ], [ -115.1821215, 36.148515299799996 ], [ -115.1821215, 36.1485125998 ], [ -115.1821485, 36.1485125998 ], [ -115.1821485, 36.148509899799997 ], [ -115.1821566, 36.148509899799997 ], [ -115.1821566, 36.148507199800001 ], [ -115.1821647, 36.148507199800001 ], [ -115.1821647, 36.148504499799998 ], [ -115.1821836, 36.148504499799998 ], [ -115.1821836, 36.148501799799995 ], [ -115.1821971, 36.148501799799995 ], [ -115.1821971, 36.148504499799998 ], [ -115.1823591, 36.148504499799998 ], [ -115.1823591, 36.148507199800001 ], [ -115.1823618, 36.148507199800001 ], [ -115.1823618, 36.148509899799997 ], [ -115.1823645, 36.148509899799997 ], [ -115.1823645, 36.148515299799996 ], [ -115.1823618, 36.148515299799996 ], [ -115.1823618, 36.148577399799997 ], [ -115.1823591, 36.148577399799997 ], [ -115.1823591, 36.1485800998 ], [ -115.1823321, 36.1485800998 ], [ -115.1823321, 36.148582799799996 ], [ -115.18227, 36.148582799799996 ], [ -115.18227, 36.148585499799999 ], [ -115.1822565, 36.148585499799999 ], [ -115.1822565, 36.148588199799995 ], [ -115.1822484, 36.148588199799995 ], [ -115.1822484, 36.148590899799999 ], [ -115.182243, 36.148590899799999 ], [ -115.182243, 36.148593599800002 ], [ -115.1822376, 36.148593599800002 ], [ -115.1822376, 36.148596299799998 ], [ -115.1822214, 36.148596299799998 ], [ -115.1822214, 36.148598999800001 ], [ -115.1822106, 36.148598999800001 ], [ -115.1822106, 36.148596299799998 ], [ -115.1821944, 36.148596299799998 ], [ -115.1821944, 36.148598999800001 ], [ -115.1821404, 36.148598999800001 ], [ -115.1821404, 36.148601699799997 ], [ -115.1821215, 36.148601699799997 ], [ -115.1821215, 36.1486043998 ], [ -115.1821134, 36.1486043998 ], [ -115.1821134, 36.148607099799996 ], [ -115.1821053, 36.148607099799996 ], [ -115.1821053, 36.148609799799999 ], [ -115.1821026, 36.148609799799999 ], [ -115.1821026, 36.148612499799995 ], [ -115.1821053, 36.148612499799995 ], [ -115.1821053, 36.148615199799998 ], [ -115.182108, 36.148615199799998 ], [ -115.182108, 36.148617899800001 ], [ -115.1821161, 36.148617899800001 ], [ -115.1821161, 36.148620599799997 ], [ -115.1821296, 36.148620599799997 ], [ -115.1821296, 36.148623299800001 ], [ -115.1821755, 36.148623299800001 ], [ -115.1821755, 36.148620599799997 ], [ -115.1822322, 36.148620599799997 ], [ -115.1822322, 36.148623299800001 ], [ -115.1823618, 36.148623299800001 ], [ -115.1823618, 36.148620599799997 ], [ -115.1823726, 36.148620599799997 ], [ -115.1823726, 36.148623299800001 ], [ -115.1823861, 36.148623299800001 ], [ -115.1823861, 36.148625999799997 ], [ -115.1823942, 36.148625999799997 ], [ -115.1823942, 36.1486286998 ], [ -115.1823996, 36.1486286998 ], [ -115.1823996, 36.1487204998 ], [ -115.1823969, 36.1487204998 ], [ -115.1823969, 36.148723199799996 ], [ -115.1823942, 36.148723199799996 ], [ -115.1823942, 36.148725899799999 ], [ -115.1823051, 36.148725899799999 ], [ -115.1823051, 36.148728599800002 ], [ -115.1822862, 36.148728599800002 ], [ -115.1822862, 36.148731299799998 ] ] ] } },
{ "type": "Feature", "properties": { "value": 255.0 }, "geometry": { "type": "Polygon", "coordinates": [ [ [ -115.182891, 36.148542299799999 ], [ -115.1828829, 36.148542299799999 ], [ -115.1828829, 36.148539599799996 ], [ -115.182877499999989, 36.148539599799996 ], [ -115.182877499999989, 36.148534199799997 ], [ -115.1828748, 36.148534199799997 ], [ -115.1828748, 36.148528799799998 ], [ -115.182877499999989, 36.148528799799998 ], [ -115.182877499999989, 36.148382999799999 ], [ -115.1828802, 36.148382999799999 ], [ -115.1828802, 36.148380299799996 ], [ -115.1828829, 36.148380299799996 ], [ -115.1828829, 36.1483775998 ], [ -115.1829126, 36.1483775998 ], [ -115.1829126, 36.148539599799996 ], [ -115.182891, 36.148539599799996 ], [ -115.182891, 36.148542299799999 ] ] ] } },
{ "type": "Feature", "properties": { "value": 255.0 }, "geometry": { "type": "Polygon", "coordinates": [ [ [ -115.1821134, 36.148477499799995 ], [ -115.1820972, 36.148477499799995 ], [ -115.1820972, 36.148474799799999 ], [ -115.1820864, 36.148474799799999 ], [ -115.1820864, 36.148472099799996 ], [ -115.1820783, 36.148472099799996 ], [ -115.1820783, 36.1484693998 ], [ -115.1820702, 36.1484693998 ], [ -115.1820702, 36.148466699799997 ], [ -115.1820675, 36.148466699799997 ], [ -115.1820675, 36.148463999800001 ], [ -115.1820648, 36.148463999800001 ], [ -115.1820648, 36.148461299799997 ], [ -115.1820621, 36.148461299799997 ], [ -115.1820621, 36.148458599800001 ], [ -115.1820594, 36.148458599800001 ], [ -115.1820594, 36.148447799799996 ], [ -115.1820567, 36.148447799799996 ], [ -115.1820567, 36.148439699800001 ], [ -115.182054, 36.148439699800001 ], [ -115.182054, 36.148418099799997 ], [ -115.1820567, 36.148418099799997 ], [ -115.1820567, 36.148412699799998 ], [ -115.1820594, 36.148412699799998 ], [ -115.1820594, 36.148409999799995 ], [ -115.1820621, 36.148409999799995 ], [ -115.1820621, 36.148407299799999 ], [ -115.1820648, 36.148407299799999 ], [ -115.1820648, 36.148404599799996 ], [ -115.1820945, 36.148404599799996 ], [ -115.1820945, 36.1484018998 ], [ -115.1821026, 36.1484018998 ], [ -115.1821026, 36.148399199799996 ], [ -115.182108, 36.148399199799996 ], [ -115.182108, 36.1483964998 ], [ -115.1821107, 36.1483964998 ], [ -115.1821107, 36.148393799799997 ], [ -115.1821161, 36.148393799799997 ], [ -115.1821161, 36.148391099800001 ], [ -115.1821188, 36.148391099800001 ], [ -115.1821188, 36.148388399799998 ], [ -115.1821215, 36.148388399799998 ], [ -115.1821215, 36.148385699799995 ], [ -115.1821242, 36.148385699799995 ], [ -115.1821242, 36.148380299799996 ], [ -115.1821269, 36.148380299799996 ], [ -115.1821269, 36.1483775998 ], [ -115.1821296, 36.1483775998 ], [ -115.1821296, 36.148374899799997 ], [ -115.1821323, 36.148374899799997 ], [ -115.1821323, 36.148372199800001 ], [ -115.1821512, 36.148372199800001 ], [ -115.1821512, 36.148369499799998 ], [ -115.1821863, 36.148369499799998 ], [ -115.1821863, 36.148366799799994 ], [ -115.1823537, 36.148366799799994 ], [ -115.1823537, 36.148364099799998 ], [ -115.1823591, 36.148364099799998 ], [ -115.1823591, 36.148366799799994 ], [ -115.1823753, 36.148366799799994 ], [ -115.1823753, 36.148369499799998 ], [ -115.182378, 36.148369499799998 ], [ -115.182378, 36.148385699799995 ], [ -115.1823807, 36.148385699799995 ], [ -115.1823807, 36.1483964998 ], [ -115.1823834, 36.1483964998 ], [ -115.1823834, 36.148399199799996 ], [ -115.1823861, 36.148399199799996 ], [ -115.1823861, 36.1484018998 ], [ -115.1823942, 36.1484018998 ], [ -115.1823942, 36.148404599799996 ], [ -115.1823996, 36.148404599799996 ], [ -115.1823996, 36.148426199799999 ], [ -115.1824023, 36.148426199799999 ], [ -115.1824023, 36.148431599799999 ], [ -115.1823996, 36.148431599799999 ], [ -115.1823996, 36.148453199799995 ], [ -115.1823969, 36.148453199799995 ], [ -115.1823969, 36.148455899799998 ], [ -115.1823942, 36.148455899799998 ], [ -115.1823942, 36.148458599800001 ], [ -115.1823834, 36.148458599800001 ], [ -115.1823834, 36.148461299799997 ], [ -115.1823807, 36.148461299799997 ], [ -115.1823807, 36.148463999800001 ], [ -115.182378, 36.148463999800001 ], [ -115.182378, 36.148466699799997 ], [ -115.1823726, 36.148466699799997 ], [ -115.1823726, 36.1484693998 ], [ -115.1823537, 36.1484693998 ], [ -115.1823537, 36.148466699799997 ], [ -115.1823402, 36.148466699799997 ], [ -115.1823402, 36.1484693998 ], [ -115.1822943, 36.1484693998 ], [ -115.1822943, 36.148472099799996 ], [ -115.18227, 36.148472099799996 ], [ -115.18227, 36.148474799799999 ], [ -115.1822187, 36.148474799799999 ], [ -115.1822187, 36.148472099799996 ], [ -115.1821782, 36.148472099799996 ], [ -115.1821782, 36.148474799799999 ], [ -115.1821134, 36.148474799799999 ], [ -115.1821134, 36.148477499799995 ] ] ] } },
{ "type": "Feature", "properties": { "value": 255.0 }, "geometry": { "type": "Polygon", "coordinates": [ [ [ -115.18117380000001, 36.148453199799995 ], [ -115.1811576, 36.148453199799995 ], [ -115.1811576, 36.148347899800001 ], [ -115.1811684, 36.148347899800001 ], [ -115.1811684, 36.148350599799997 ], [ -115.1811711, 36.148350599799997 ], [ -115.1811711, 36.1483532998 ], [ -115.18117380000001, 36.1483532998 ], [ -115.18117380000001, 36.148361399799995 ], [ -115.1811765, 36.148361399799995 ], [ -115.1811765, 36.1483775998 ], [ -115.1811792, 36.1483775998 ], [ -115.1811792, 36.148450499799999 ], [ -115.18117380000001, 36.148450499799999 ], [ -115.18117380000001, 36.148453199799995 ] ] ] } },
{ "type": "Feature", "properties": { "value": 255.0 }, "geometry": { "type": "Polygon", "coordinates": [ [ [ -115.1818164, 36.1486475998 ], [ -115.1817948, 36.1486475998 ], [ -115.1817948, 36.148644899799997 ], [ -115.1817435, 36.148644899799997 ], [ -115.1817435, 36.148642199800001 ], [ -115.1816679, 36.148642199800001 ], [ -115.1816679, 36.148644899799997 ], [ -115.1815977, 36.148644899799997 ], [ -115.1815977, 36.148642199800001 ], [ -115.1815302, 36.148642199800001 ], [ -115.1815302, 36.148639499799998 ], [ -115.1815167, 36.148639499799998 ], [ -115.1815167, 36.148636799799995 ], [ -115.181514, 36.148636799799995 ], [ -115.181514, 36.148634099799999 ], [ -115.1815113, 36.148634099799999 ], [ -115.1815113, 36.1486286998 ], [ -115.1815086, 36.1486286998 ], [ -115.1815086, 36.148617899800001 ], [ -115.1815059, 36.148617899800001 ], [ -115.1815059, 36.148615199799998 ], [ -115.1815032, 36.148615199799998 ], [ -115.1815032, 36.148607099799996 ], [ -115.1815059, 36.148607099799996 ], [ -115.1815059, 36.148569299799995 ], [ -115.1815086, 36.148569299799995 ], [ -115.1815086, 36.148566599799999 ], [ -115.1815113, 36.148566599799999 ], [ -115.1815113, 36.148563899799996 ], [ -115.181514, 36.148563899799996 ], [ -115.181514, 36.1485611998 ], [ -115.1815302, 36.1485611998 ], [ -115.1815302, 36.1485557998 ], [ -115.1815356, 36.1485557998 ], [ -115.1815356, 36.148553099799997 ], [ -115.181541, 36.148553099799997 ], [ -115.181541, 36.148550399800001 ], [ -115.1815437, 36.148550399800001 ], [ -115.1815437, 36.148547699799998 ], [ -115.1815464, 36.148547699799998 ], [ -115.1815464, 36.148544999799995 ], [ -115.1815491, 36.148544999799995 ], [ -115.1815491, 36.148542299799999 ], [ -115.1815518, 36.148542299799999 ], [ -115.1815518, 36.1485368998 ], [ -115.1815437, 36.1485368998 ], [ -115.1815437, 36.148534199799997 ], [ -115.1815329, 36.148534199799997 ], [ -115.1815329, 36.148531499800001 ], [ -115.1815302, 36.148531499800001 ], [ -115.1815302, 36.148520699799995 ], [ -115.1815275, 36.148520699799995 ], [ -115.1815275, 36.148507199800001 ], [ -115.1815248, 36.148507199800001 ], [ -115.1815248, 36.148501799799995 ], [ -115.1815221, 36.148501799799995 ], [ -115.1815221, 36.148499099799999 ], [ -115.1815113, 36.148499099799999 ], [ -115.1815113, 36.148496399799996 ], [ -115.1815086, 36.148496399799996 ], [ -115.1815086, 36.148485599799997 ], [ -115.1815113, 36.148485599799997 ], [ -115.1815113, 36.148482899800001 ], [ -115.181514, 36.148482899800001 ], [ -115.181514, 36.148477499799995 ], [ -115.1815167, 36.148477499799995 ], [ -115.1815167, 36.148455899799998 ], [ -115.1815194, 36.148455899799998 ], [ -115.1815194, 36.148450499799999 ], [ -115.1815221, 36.148450499799999 ], [ -115.1815221, 36.148447799799996 ], [ -115.1815275, 36.148447799799996 ], [ -115.1815275, 36.1484450998 ], [ -115.1815302, 36.1484450998 ], [ -115.1815302, 36.148447799799996 ], [ -115.1815329, 36.148447799799996 ], [ -115.1815329, 36.1484450998 ], [ -115.1815707, 36.1484450998 ], [ -115.1815707, 36.148442399799997 ], [ -115.1815842, 36.148442399799997 ], [ -115.1815842, 36.148439699800001 ], [ -115.1815869, 36.148439699800001 ], [ -115.1815869, 36.148436999799998 ], [ -115.1815896, 36.148436999799998 ], [ -115.1815896, 36.148434299799995 ], [ -115.1815923, 36.148434299799995 ], [ -115.1815923, 36.148428899799995 ], [ -115.1815977, 36.148428899799995 ], [ -115.1815977, 36.148426199799999 ], [ -115.1816004, 36.148426199799999 ], [ -115.1816004, 36.148423499799996 ], [ -115.1816031, 36.148423499799996 ], [ -115.1816031, 36.148418099799997 ], [ -115.181595, 36.148418099799997 ], [ -115.181595, 36.148415399800001 ], [ -115.1815707, 36.148415399800001 ], [ -115.1815707, 36.148412699799998 ], [ -115.1815545, 36.148412699799998 ], [ -115.1815545, 36.148409999799995 ], [ -115.1815491, 36.148409999799995 ], [ -115.1815491, 36.148407299799999 ], [ -115.1815464, 36.148407299799999 ], [ -115.1815464, 36.148404599799996 ], [ -115.1815437, 36.148404599799996 ], [ -115.1815437, 36.148391099800001 ], [ -115.1815464, 36.148391099800001 ], [ -115.1815464, 36.148366799799994 ], [ -115.1815437, 36.148366799799994 ], [ -115.1815437, 36.148355999799996 ], [ -115.1815464, 36.148355999799996 ], [ -115.1815464, 36.148342499799995 ], [ -115.1815491, 36.148342499799995 ], [ -115.1815491, 36.148339799799999 ], [ -115.1815518, 36.148339799799999 ], [ -115.1815518, 36.148337099799996 ], [ -115.1815545, 36.148337099799996 ], [ -115.1815545, 36.1483343998 ], [ -115.1815572, 36.1483343998 ], [ -115.1815572, 36.148331699799996 ], [ -115.1815707, 36.148331699799996 ], [ -115.1815707, 36.1483289998 ], [ -115.1815734, 36.1483289998 ], [ -115.1815734, 36.148331699799996 ], [ -115.1816166, 36.148331699799996 ], [ -115.1816166, 36.1483289998 ], [ -115.1816193, 36.1483289998 ], [ -115.1816193, 36.148323599800001 ], [ -115.1816247, 36.148323599800001 ], [ -115.1816247, 36.148320899799998 ], [ -115.1816328, 36.148320899799998 ], [ -115.1816328, 36.148318199799995 ], [ -115.181649, 36.148318199799995 ], [ -115.181649, 36.148315499799999 ], [ -115.1816598, 36.148315499799999 ], [ -115.1816598, 36.148318199799995 ], [ -115.1816652, 36.148318199799995 ], [ -115.1816652, 36.148315499799999 ], [ -115.1817111, 36.148315499799999 ], [ -115.1817111, 36.148312799799996 ], [ -115.18173, 36.148312799799996 ], [ -115.18173, 36.148315499799999 ], [ -115.1817435, 36.148315499799999 ], [ -115.1817435, 36.148312799799996 ], [ -115.181784, 36.148312799799996 ], [ -115.181784, 36.148315499799999 ], [ -115.1818029, 36.148315499799999 ], [ -115.1818029, 36.148312799799996 ], [ -115.1818137, 36.148312799799996 ], [ -115.1818137, 36.148315499799999 ], [ -115.181838, 36.148315499799999 ], [ -115.181838, 36.148318199799995 ], [ -115.1818407, 36.148318199799995 ], [ -115.1818407, 36.148388399799998 ], [ -115.181838, 36.148388399799998 ], [ -115.181838, 36.148391099800001 ], [ -115.181757, 36.148391099800001 ], [ -115.181757, 36.148393799799997 ], [ -115.1817435, 36.148393799799997 ], [ -115.1817435, 36.1483964998 ], [ -115.1817408, 36.1483964998 ], [ -115.1817408, 36.148404599799996 ], [ -115.1817381, 36.148404599799996 ], [ -115.1817381, 36.148407299799999 ], [ -115.1817354, 36.148407299799999 ], [ -115.1817354, 36.148409999799995 ], [ -115.1817273, 36.148409999799995 ], [ -115.1817273, 36.148412699799998 ], [ -115.1816922, 36.148412699799998 ], [ -115.1816922, 36.148415399800001 ], [ -115.1816733, 36.148415399800001 ], [ -115.1816733, 36.148418099799997 ], [ -115.1816625, 36.148418099799997 ], [ -115.1816625, 36.1484207998 ], [ -115.1816544, 36.1484207998 ], [ -115.1816544, 36.148423499799996 ], [ -115.1816625, 36.148423499799996 ], [ -115.1816625, 36.148426199799999 ], [ -115.1816976, 36.148426199799999 ], [ -115.1816976, 36.148428899799995 ], [ -115.1818056, 36.148428899799995 ], [ -115.1818056, 36.148431599799999 ], [ -115.181811, 36.148431599799999 ], [ -115.181811, 36.148434299799995 ], [ -115.1818164, 36.148434299799995 ], [ -115.1818164, 36.148436999799998 ], [ -115.1818191, 36.148436999799998 ], [ -115.1818191, 36.148442399799997 ], [ -115.1818218, 36.148442399799997 ], [ -115.1818218, 36.148450499799999 ], [ -115.1818191, 36.148450499799999 ], [ -115.1818191, 36.148472099799996 ], [ -115.1818218, 36.148472099799996 ], [ -115.1818218, 36.148496399799996 ], [ -115.1818191, 36.148496399799996 ], [ -115.1818191, 36.148499099799999 ], [ -115.1818164, 36.148499099799999 ], [ -115.1818164, 36.148501799799995 ], [ -115.1818083, 36.148501799799995 ], [ -115.1818083, 36.148499099799999 ], [ -115.1817894, 36.148499099799999 ], [ -115.1817894, 36.148501799799995 ], [ -115.1817759, 36.148501799799995 ], [ -115.1817759, 36.148504499799998 ], [ -115.1817651, 36.148504499799998 ], [ -115.1817651, 36.148507199800001 ], [ -115.1817273, 36.148507199800001 ], [ -115.1817273, 36.148509899799997 ], [ -115.1817246, 36.148509899799997 ], [ -115.1817246, 36.1485125998 ], [ -115.1817219, 36.1485125998 ], [ -115.1817219, 36.148520699799995 ], [ -115.1817192, 36.148520699799995 ], [ -115.1817192, 36.148523399799998 ], [ -115.1817165, 36.148523399799998 ], [ -115.1817165, 36.148526099800002 ], [ -115.1816976, 36.148526099800002 ], [ -115.1816976, 36.148528799799998 ], [ -115.1816598, 36.148528799799998 ], [ -115.1816598, 36.148531499800001 ], [ -115.1816436, 36.148531499800001 ], [ -115.1816436, 36.148534199799997 ], [ -115.1816382, 36.148534199799997 ], [ -115.1816382, 36.1485368998 ], [ -115.1816409, 36.1485368998 ], [ -115.1816409, 36.148539599799996 ], [ -115.18165710000001, 36.148539599799996 ], [ -115.18165710000001, 36.148542299799999 ], [ -115.1817003, 36.148542299799999 ], [ -115.1817003, 36.148544999799995 ], [ -115.1817057, 36.148544999799995 ], [ -115.1817057, 36.148547699799998 ], [ -115.1817138, 36.148547699799998 ], [ -115.1817138, 36.148550399800001 ], [ -115.1817489, 36.148550399800001 ], [ -115.1817489, 36.148553099799997 ], [ -115.1817732, 36.148553099799997 ], [ -115.1817732, 36.1485557998 ], [ -115.181784, 36.1485557998 ], [ -115.181784, 36.148558499799996 ], [ -115.1817867, 36.148558499799996 ], [ -115.1817867, 36.1485611998 ], [ -115.1817921, 36.1485611998 ], [ -115.1817921, 36.148563899799996 ], [ -115.1817948, 36.148563899799996 ], [ -115.1817948, 36.148566599799999 ], [ -115.1817975, 36.148566599799999 ], [ -115.1817975, 36.148569299799995 ], [ -115.1818029, 36.148569299799995 ], [ -115.1818029, 36.148571999799998 ], [ -115.1818083, 36.148571999799998 ], [ -115.1818083, 36.148574699800001 ], [ -115.1818137, 36.148574699800001 ], [ -115.1818137, 36.148577399799997 ], [ -115.1818164, 36.148577399799997 ], [ -115.1818164, 36.148582799799996 ], [ -115.1818191, 36.148582799799996 ], [ -115.1818191, 36.148588199799995 ], [ -115.1818218, 36.148588199799995 ], [ -115.1818218, 36.148596299799998 ], [ -115.1818245, 36.148596299799998 ], [ -115.1818245, 36.148615199799998 ], [ -115.1818218, 36.148615199799998 ], [ -115.1818218, 36.148625999799997 ], [ -115.1818191, 36.148625999799997 ], [ -115.1818191, 36.148644899799997 ], [ -115.1818164, 36.148644899799997 ], [ -115.1818164, 36.1486475998 ] ] ] } },
{ "type": "Feature", "properties": { "value": 255.0 }, "geometry": { "type": "Polygon", "coordinates": [ [ [ -115.1825886, 36.148574699800001 ], [ -115.1825751, 36.148574699800001 ], [ -115.1825751, 36.148571999799998 ], [ -115.18254, 36.148571999799998 ], [ -115.18254, 36.148490999799996 ], [ -115.1825373, 36.148490999799996 ], [ -115.1825373, 36.148461299799997 ], [ -115.1825346, 36.148461299799997 ], [ -115.1825346, 36.148426199799999 ], [ -115.1825373, 36.148426199799999 ], [ -115.1825373, 36.1484207998 ], [ -115.18254, 36.1484207998 ], [ -115.18254, 36.1483775998 ], [ -115.1825427, 36.1483775998 ], [ -115.1825427, 36.148374899799997 ], [ -115.1825454, 36.148374899799997 ], [ -115.1825454, 36.148372199800001 ], [ -115.1825508, 36.148372199800001 ], [ -115.1825508, 36.148369499799998 ], [ -115.1825535, 36.148369499799998 ], [ -115.1825535, 36.148366799799994 ], [ -115.1825562, 36.148366799799994 ], [ -115.1825562, 36.148361399799995 ], [ -115.1825589, 36.148361399799995 ], [ -115.1825589, 36.148358699799999 ], [ -115.1825616, 36.148358699799999 ], [ -115.1825616, 36.148355999799996 ], [ -115.1825643, 36.148355999799996 ], [ -115.1825643, 36.148350599799997 ], [ -115.182567, 36.148350599799997 ], [ -115.182567, 36.148345199799998 ], [ -115.1825697, 36.148345199799998 ], [ -115.1825697, 36.148337099799996 ], [ -115.1825724, 36.148337099799996 ], [ -115.1825724, 36.148331699799996 ], [ -115.1825751, 36.148331699799996 ], [ -115.1825751, 36.1483289998 ], [ -115.1825778, 36.1483289998 ], [ -115.1825778, 36.148326299799997 ], [ -115.1825805, 36.148326299799997 ], [ -115.1825805, 36.148320899799998 ], [ -115.1825832, 36.148320899799998 ], [ -115.1825832, 36.148315499799999 ], [ -115.1825859, 36.148315499799999 ], [ -115.1825859, 36.148307399799997 ], [ -115.1825886, 36.148307399799997 ], [ -115.1825886, 36.148301999799997 ], [ -115.1825913, 36.148301999799997 ], [ -115.1825913, 36.148299299799994 ], [ -115.182594, 36.148299299799994 ], [ -115.182594, 36.148293899799995 ], [ -115.1825967, 36.148293899799995 ], [ -115.1825967, 36.148291199799999 ], [ -115.1825994, 36.148291199799999 ], [ -115.1825994, 36.148288499799996 ], [ -115.1826048, 36.148288499799996 ], [ -115.1826048, 36.1482857998 ], [ -115.1826318, 36.1482857998 ], [ -115.1826318, 36.148288499799996 ], [ -115.1826453, 36.148288499799996 ], [ -115.1826453, 36.148291199799999 ], [ -115.1826642, 36.148291199799999 ], [ -115.1826642, 36.148293899799995 ], [ -115.1826696, 36.148293899799995 ], [ -115.1826696, 36.148296599799998 ], [ -115.1826723, 36.148296599799998 ], [ -115.1826723, 36.148307399799997 ], [ -115.182675, 36.148307399799997 ], [ -115.182675, 36.148391099800001 ], [ -115.1826777, 36.148391099800001 ], [ -115.1826777, 36.1483964998 ], [ -115.1826804, 36.1483964998 ], [ -115.1826804, 36.148399199799996 ], [ -115.1826831, 36.148399199799996 ], [ -115.1826831, 36.1484018998 ], [ -115.1826858, 36.1484018998 ], [ -115.1826858, 36.148480199799998 ], [ -115.1826831, 36.148480199799998 ], [ -115.1826831, 36.148485599799997 ], [ -115.1826804, 36.148485599799997 ], [ -115.1826804, 36.1484882998 ], [ -115.1826777, 36.1484882998 ], [ -115.1826777, 36.148490999799996 ], [ -115.182675, 36.148490999799996 ], [ -115.182675, 36.148496399799996 ], [ -115.1826723, 36.148496399799996 ], [ -115.1826723, 36.1485611998 ], [ -115.1826696, 36.1485611998 ], [ -115.1826696, 36.148566599799999 ], [ -115.1826642, 36.148566599799999 ], [ -115.1826642, 36.148569299799995 ], [ -115.182648, 36.148569299799995 ], [ -115.182648, 36.148571999799998 ], [ -115.1825886, 36.148571999799998 ], [ -115.1825886, 36.148574699800001 ] ] ] } },
{ "type": "Feature", "properties": { "value": 255.0 }, "geometry": { "type": "Polygon", "coordinates": [ [ [ -115.1828343, 36.148547699799998 ], [ -115.1827641, 36.148547699799998 ], [ -115.1827641, 36.148544999799995 ], [ -115.1827506, 36.148544999799995 ], [ -115.1827506, 36.148547699799998 ], [ -115.1827101, 36.148547699799998 ], [ -115.1827101, 36.148542299799999 ], [ -115.1827074, 36.148542299799999 ], [ -115.1827074, 36.148517999799999 ], [ -115.1827101, 36.148517999799999 ], [ -115.1827101, 36.148431599799999 ], [ -115.1827074, 36.148431599799999 ], [ -115.1827074, 36.148423499799996 ], [ -115.1827101, 36.148423499799996 ], [ -115.1827101, 36.148399199799996 ], [ -115.1827128, 36.148399199799996 ], [ -115.1827128, 36.148393799799997 ], [ -115.1827155, 36.148393799799997 ], [ -115.1827155, 36.148388399799998 ], [ -115.1827182, 36.148388399799998 ], [ -115.1827182, 36.148385699799995 ], [ -115.1827236, 36.148385699799995 ], [ -115.1827236, 36.148382999799999 ], [ -115.1827263, 36.148382999799999 ], [ -115.1827263, 36.148380299799996 ], [ -115.182729, 36.148380299799996 ], [ -115.182729, 36.148374899799997 ], [ -115.1827317, 36.148374899799997 ], [ -115.1827317, 36.148337099799996 ], [ -115.1827344, 36.148337099799996 ], [ -115.1827344, 36.148318199799995 ], [ -115.1827371, 36.148318199799995 ], [ -115.1827371, 36.1483100998 ], [ -115.1827398, 36.1483100998 ], [ -115.1827398, 36.148304699800001 ], [ -115.182742499999989, 36.148304699800001 ], [ -115.182742499999989, 36.148301999799997 ], [ -115.1827452, 36.148301999799997 ], [ -115.1827452, 36.148299299799994 ], [ -115.1827479, 36.148299299799994 ], [ -115.1827479, 36.148296599799998 ], [ -115.1828019, 36.148296599799998 ], [ -115.1828019, 36.148293899799995 ], [ -115.1828262, 36.148293899799995 ], [ -115.1828262, 36.148296599799998 ], [ -115.182837, 36.148296599799998 ], [ -115.182837, 36.148299299799994 ], [ -115.182839699999988, 36.148299299799994 ], [ -115.182839699999988, 36.148301999799997 ], [ -115.1828424, 36.148301999799997 ], [ -115.1828424, 36.148320899799998 ], [ -115.1828451, 36.148320899799998 ], [ -115.1828451, 36.148342499799995 ], [ -115.1828424, 36.148342499799995 ], [ -115.1828424, 36.1483532998 ], [ -115.1828451, 36.1483532998 ], [ -115.1828451, 36.148374899799997 ], [ -115.1828424, 36.148374899799997 ], [ -115.1828424, 36.1483964998 ], [ -115.182839699999988, 36.1483964998 ], [ -115.182839699999988, 36.148407299799999 ], [ -115.1828424, 36.148407299799999 ], [ -115.1828424, 36.148415399800001 ], [ -115.1828451, 36.148415399800001 ], [ -115.1828451, 36.148439699800001 ], [ -115.1828424, 36.148439699800001 ], [ -115.1828424, 36.148466699799997 ], [ -115.182839699999988, 36.148466699799997 ], [ -115.182839699999988, 36.148501799799995 ], [ -115.182837, 36.148501799799995 ], [ -115.182837, 36.148544999799995 ], [ -115.1828343, 36.148544999799995 ], [ -115.1828343, 36.148547699799998 ] ] ] } },
{ "type": "Feature", "properties": { "value": 255.0 }, "geometry": { "type": "Polygon", "coordinates": [ [ [ -115.1822484, 36.148345199799998 ], [ -115.1822187, 36.148345199799998 ], [ -115.1822187, 36.148342499799995 ], [ -115.1822052, 36.148342499799995 ], [ -115.1822052, 36.148339799799999 ], [ -115.1821944, 36.148339799799999 ], [ -115.1821944, 36.148337099799996 ], [ -115.1821863, 36.148337099799996 ], [ -115.1821863, 36.1483343998 ], [ -115.1820945, 36.1483343998 ], [ -115.1820945, 36.148331699799996 ], [ -115.1820837, 36.148331699799996 ], [ -115.1820837, 36.1483289998 ], [ -115.1820783, 36.1483289998 ], [ -115.1820783, 36.148326299799997 ], [ -115.1820729, 36.148326299799997 ], [ -115.1820729, 36.148323599800001 ], [ -115.1820702, 36.148323599800001 ], [ -115.1820702, 36.148301999799997 ], [ -115.1820675, 36.148301999799997 ], [ -115.1820675, 36.148296599799998 ], [ -115.1820648, 36.148296599799998 ], [ -115.1820648, 36.148293899799995 ], [ -115.1820621, 36.148293899799995 ], [ -115.1820621, 36.148288499799996 ], [ -115.1820594, 36.148288499799996 ], [ -115.1820594, 36.148277699799998 ], [ -115.1820567, 36.148277699799998 ], [ -115.1820567, 36.148256099800001 ], [ -115.1820594, 36.148256099800001 ], [ -115.1820594, 36.148253399799998 ], [ -115.1820648, 36.148253399799998 ], [ -115.1820648, 36.148250699799995 ], [ -115.1820702, 36.148250699799995 ], [ -115.1820702, 36.148247999799999 ], [ -115.1820756, 36.148247999799999 ], [ -115.1820756, 36.148245299799996 ], [ -115.1820837, 36.148245299799996 ], [ -115.1820837, 36.1482425998 ], [ -115.182135, 36.1482425998 ], [ -115.182135, 36.148245299799996 ], [ -115.182162, 36.148245299799996 ], [ -115.182162, 36.1482425998 ], [ -115.1821809, 36.1482425998 ], [ -115.1821809, 36.148245299799996 ], [ -115.1822673, 36.148245299799996 ], [ -115.1822673, 36.148247999799999 ], [ -115.1822916, 36.148247999799999 ], [ -115.1822916, 36.148245299799996 ], [ -115.1823294, 36.148245299799996 ], [ -115.1823294, 36.148247999799999 ], [ -115.1823456, 36.148247999799999 ], [ -115.1823456, 36.148250699799995 ], [ -115.1823564, 36.148250699799995 ], [ -115.1823564, 36.148253399799998 ], [ -115.1823618, 36.148253399799998 ], [ -115.1823618, 36.148256099800001 ], [ -115.1823672, 36.148256099800001 ], [ -115.1823672, 36.148258799799997 ], [ -115.1823699, 36.148258799799997 ], [ -115.1823699, 36.1482614998 ], [ -115.1823726, 36.1482614998 ], [ -115.1823726, 36.148269599799995 ], [ -115.1823753, 36.148269599799995 ], [ -115.1823753, 36.148274999799995 ], [ -115.182378, 36.148274999799995 ], [ -115.182378, 36.148299299799994 ], [ -115.1823753, 36.148299299799994 ], [ -115.1823753, 36.1483100998 ], [ -115.182378, 36.1483100998 ], [ -115.182378, 36.148312799799996 ], [ -115.1823753, 36.148312799799996 ], [ -115.1823753, 36.148331699799996 ], [ -115.182378, 36.148331699799996 ], [ -115.182378, 36.148337099799996 ], [ -115.1823753, 36.148337099799996 ], [ -115.1823753, 36.148339799799999 ], [ -115.1823699, 36.148339799799999 ], [ -115.1823699, 36.148337099799996 ], [ -115.1823645, 36.148337099799996 ], [ -115.1823645, 36.1483343998 ], [ -115.1823564, 36.1483343998 ], [ -115.1823564, 36.148331699799996 ], [ -115.1822835, 36.148331699799996 ], [ -115.1822835, 36.1483343998 ], [ -115.1822673, 36.1483343998 ], [ -115.1822673, 36.148337099799996 ], [ -115.1822619, 36.148337099799996 ], [ -115.1822619, 36.148339799799999 ], [ -115.1822565, 36.148339799799999 ], [ -115.1822565, 36.148342499799995 ], [ -115.1822484, 36.148342499799995 ], [ -115.1822484, 36.148345199799998 ] ] ] } },
{ "type": "Feature", "properties": { "value": 255.0 }, "geometry": { "type": "Polygon", "coordinates": [ [ [ -115.181649, 36.148299299799994 ], [ -115.181622, 36.148299299799994 ], [ -115.181622, 36.148296599799998 ], [ -115.1815923, 36.148296599799998 ], [ -115.1815923, 36.148293899799995 ], [ -115.1815356, 36.148293899799995 ], [ -115.1815356, 36.148291199799999 ], [ -115.1815329, 36.148291199799999 ], [ -115.1815329, 36.148288499799996 ], [ -115.1815302, 36.148288499799996 ], [ -115.1815302, 36.148226399799995 ], [ -115.1815329, 36.148226399799995 ], [ -115.1815329, 36.148220999799996 ], [ -115.1815383, 36.148220999799996 ], [ -115.1815383, 36.1482182998 ], [ -115.1815572, 36.1482182998 ], [ -115.1815572, 36.148215599799997 ], [ -115.1815923, 36.148215599799997 ], [ -115.1815923, 36.148212899800001 ], [ -115.181595, 36.148212899800001 ], [ -115.181595, 36.148210199799998 ], [ -115.1815977, 36.148210199799998 ], [ -115.1815977, 36.148204799799998 ], [ -115.1816004, 36.148204799799998 ], [ -115.1816004, 36.148202099799995 ], [ -115.1816112, 36.148202099799995 ], [ -115.1816112, 36.148199399799999 ], [ -115.1816598, 36.148199399799999 ], [ -115.1816598, 36.148196699799996 ], [ -115.1816733, 36.148196699799996 ], [ -115.1816733, 36.1481939998 ], [ -115.18173, 36.1481939998 ], [ -115.18173, 36.148191299799997 ], [ -115.1817867, 36.148191299799997 ], [ -115.1817867, 36.1481939998 ], [ -115.1818029, 36.1481939998 ], [ -115.1818029, 36.148196699799996 ], [ -115.181811, 36.148196699799996 ], [ -115.181811, 36.148199399799999 ], [ -115.1818137, 36.148199399799999 ], [ -115.1818137, 36.148202099799995 ], [ -115.1818191, 36.148202099799995 ], [ -115.1818191, 36.148207499799994 ], [ -115.1818218, 36.148207499799994 ], [ -115.1818218, 36.148269599799995 ], [ -115.1818191, 36.148269599799995 ], [ -115.1818191, 36.148272299799999 ], [ -115.1818164, 36.148272299799999 ], [ -115.1818164, 36.148274999799995 ], [ -115.1817732, 36.148274999799995 ], [ -115.1817732, 36.148277699799998 ], [ -115.1817327, 36.148277699799998 ], [ -115.1817327, 36.148280399800001 ], [ -115.1817273, 36.148280399800001 ], [ -115.1817273, 36.1482857998 ], [ -115.1817246, 36.1482857998 ], [ -115.1817246, 36.148291199799999 ], [ -115.1817219, 36.148291199799999 ], [ -115.1817219, 36.148293899799995 ], [ -115.1817138, 36.148293899799995 ], [ -115.1817138, 36.148296599799998 ], [ -115.1817003, 36.148296599799998 ], [ -115.1817003, 36.148293899799995 ], [ -115.1816976, 36.148293899799995 ], [ -115.1816976, 36.148296599799998 ], [ -115.181649, 36.148296599799998 ], [ -115.181649, 36.148299299799994 ] ] ] } },
{ "type": "Feature", "properties": { "value": 255.0 }, "geometry": { "type": "Polygon", "coordinates": [ [ [ -115.181260200000011, 36.148461299799997 ], [ -115.1812251, 36.148461299799997 ], [ -115.1812251, 36.148458599800001 ], [ -115.181211600000012, 36.148458599800001 ], [ -115.181211600000012, 36.148455899799998 ], [ -115.1812089, 36.148455899799998 ], [ -115.1812089, 36.148453199799995 ], [ -115.1812062, 36.148453199799995 ], [ -115.1812062, 36.148345199799998 ], [ -115.1812089, 36.148345199799998 ], [ -115.1812089, 36.148315499799999 ], [ -115.1812062, 36.148315499799999 ], [ -115.1812062, 36.148312799799996 ], [ -115.1812089, 36.148312799799996 ], [ -115.1812089, 36.148207499799994 ], [ -115.1812062, 36.148207499799994 ], [ -115.1812062, 36.148166999799997 ], [ -115.1812089, 36.148166999799997 ], [ -115.1812089, 36.148164299799994 ], [ -115.181211600000012, 36.148164299799994 ], [ -115.181211600000012, 36.148161599799998 ], [ -115.1812629, 36.148161599799998 ], [ -115.1812629, 36.148164299799994 ], [ -115.1812683, 36.148164299799994 ], [ -115.1812683, 36.1481696998 ], [ -115.181271, 36.1481696998 ], [ -115.181271, 36.1482857998 ], [ -115.1812683, 36.1482857998 ], [ -115.1812683, 36.148326299799997 ], [ -115.1812656, 36.148326299799997 ], [ -115.1812656, 36.148331699799996 ], [ -115.1812629, 36.148331699799996 ], [ -115.1812629, 36.1483343998 ], [ -115.1812656, 36.1483343998 ], [ -115.1812656, 36.148345199799998 ], [ -115.1812683, 36.148345199799998 ], [ -115.1812683, 36.148455899799998 ], [ -115.1812656, 36.148455899799998 ], [ -115.1812656, 36.148458599800001 ], [ -115.181260200000011, 36.148458599800001 ], [ -115.181260200000011, 36.148461299799997 ] ] ] } },
{ "type": "Feature", "properties": { "value": 255.0 }, "geometry": { "type": "Polygon", "coordinates": [ [ [ -115.1816895, 36.148188599800001 ], [ -115.18165710000001, 36.148188599800001 ], [ -115.18165710000001, 36.148185899799998 ], [ -115.1816112, 36.148185899799998 ], [ -115.1816112, 36.148183199799995 ], [ -115.1815815, 36.148183199799995 ], [ -115.1815815, 36.148180499799999 ], [ -115.1815572, 36.148180499799999 ], [ -115.1815572, 36.148177799799996 ], [ -115.1815545, 36.148177799799996 ], [ -115.1815545, 36.148172399799996 ], [ -115.1815518, 36.148172399799996 ], [ -115.1815518, 36.148110299799995 ], [ -115.1815545, 36.148110299799995 ], [ -115.1815545, 36.148107599799999 ], [ -115.1815572, 36.148107599799999 ], [ -115.1815572, 36.148104899799996 ], [ -115.1815626, 36.148104899799996 ], [ -115.1815626, 36.1481021998 ], [ -115.1816058, 36.1481021998 ], [ -115.1816058, 36.148104899799996 ], [ -115.1816247, 36.148104899799996 ], [ -115.1816247, 36.1481021998 ], [ -115.1816355, 36.1481021998 ], [ -115.1816355, 36.148099499799997 ], [ -115.1816382, 36.148099499799997 ], [ -115.1816382, 36.148096799799994 ], [ -115.1816436, 36.148096799799994 ], [ -115.1816436, 36.148094099799998 ], [ -115.1816517, 36.148094099799998 ], [ -115.1816517, 36.148091399799995 ], [ -115.1816706, 36.148091399799995 ], [ -115.1816706, 36.148088699799999 ], [ -115.1816976, 36.148088699799999 ], [ -115.1816976, 36.148085999799996 ], [ -115.1817219, 36.148085999799996 ], [ -115.1817219, 36.148088699799999 ], [ -115.1817516, 36.148088699799999 ], [ -115.1817516, 36.148085999799996 ], [ -115.1818164, 36.148085999799996 ], [ -115.1818164, 36.148088699799999 ], [ -115.1818407, 36.148088699799999 ], [ -115.1818407, 36.148094099799998 ], [ -115.1818434, 36.148094099799998 ], [ -115.1818434, 36.1481264998 ], [ -115.1818407, 36.1481264998 ], [ -115.1818407, 36.148161599799998 ], [ -115.181838, 36.148161599799998 ], [ -115.181838, 36.148164299799994 ], [ -115.1817732, 36.148164299799994 ], [ -115.1817732, 36.148166999799997 ], [ -115.1817408, 36.148166999799997 ], [ -115.1817408, 36.1481696998 ], [ -115.1817327, 36.1481696998 ], [ -115.1817327, 36.148172399799996 ], [ -115.18173, 36.148172399799996 ], [ -115.18173, 36.1481750998 ], [ -115.1817273, 36.1481750998 ], [ -115.1817273, 36.148177799799996 ], [ -115.1817246, 36.148177799799996 ], [ -115.1817246, 36.148180499799999 ], [ -115.1817219, 36.148180499799999 ], [ -115.1817219, 36.148183199799995 ], [ -115.1817138, 36.148183199799995 ], [ -115.1817138, 36.148185899799998 ], [ -115.1816895, 36.148185899799998 ], [ -115.1816895, 36.148188599800001 ] ] ] } },
{ "type": "Feature", "properties": { "value": 255.0 }, "geometry": { "type": "Polygon", "coordinates": [ [ [ -115.1823159, 36.148115699799995 ], [ -115.182189, 36.148115699799995 ], [ -115.182189, 36.148112999799999 ], [ -115.1821836, 36.148112999799999 ], [ -115.1821836, 36.148110299799995 ], [ -115.1821809, 36.148110299799995 ], [ -115.1821809, 36.148107599799999 ], [ -115.1821782, 36.148107599799999 ], [ -115.1821782, 36.148104899799996 ], [ -115.1821728, 36.148104899799996 ], [ -115.1821728, 36.148099499799997 ], [ -115.1821701, 36.148099499799997 ], [ -115.1821701, 36.148096799799994 ], [ -115.1821674, 36.148096799799994 ], [ -115.1821674, 36.148094099799998 ], [ -115.182162, 36.148094099799998 ], [ -115.182162, 36.148091399799995 ], [ -115.1821566, 36.148091399799995 ], [ -115.1821566, 36.148088699799999 ], [ -115.1821539, 36.148088699799999 ], [ -115.1821539, 36.148085999799996 ], [ -115.1821512, 36.148085999799996 ], [ -115.1821512, 36.1480589998 ], [ -115.1821485, 36.1480589998 ], [ -115.1821485, 36.148042799799995 ], [ -115.1821458, 36.148042799799995 ], [ -115.1821458, 36.148021199799999 ], [ -115.1821485, 36.148021199799999 ], [ -115.1821485, 36.1480103998 ], [ -115.1821512, 36.1480103998 ], [ -115.1821512, 36.148007699799997 ], [ -115.1821539, 36.148007699799997 ], [ -115.1821539, 36.148004999799994 ], [ -115.1821566, 36.148004999799994 ], [ -115.1821566, 36.148002299799998 ], [ -115.1821701, 36.148002299799998 ], [ -115.1821701, 36.147999599799995 ], [ -115.1822187, 36.147999599799995 ], [ -115.1822187, 36.148002299799998 ], [ -115.1823618, 36.148002299799998 ], [ -115.1823618, 36.148004999799994 ], [ -115.1824077, 36.148004999799994 ], [ -115.1824077, 36.148007699799997 ], [ -115.1824104, 36.148007699799997 ], [ -115.1824104, 36.1480103998 ], [ -115.1824131, 36.1480103998 ], [ -115.1824131, 36.148104899799996 ], [ -115.1824104, 36.148104899799996 ], [ -115.1824104, 36.148107599799999 ], [ -115.1823915, 36.148107599799999 ], [ -115.1823915, 36.148110299799995 ], [ -115.1823726, 36.148110299799995 ], [ -115.1823726, 36.148107599799999 ], [ -115.1823564, 36.148107599799999 ], [ -115.1823564, 36.148104899799996 ], [ -115.1823483, 36.148104899799996 ], [ -115.1823483, 36.148107599799999 ], [ -115.1823348, 36.148107599799999 ], [ -115.1823348, 36.148110299799995 ], [ -115.182324, 36.148110299799995 ], [ -115.182324, 36.148112999799999 ], [ -115.1823159, 36.148112999799999 ], [ -115.1823159, 36.148115699799995 ] ] ] } },
{ "type": "Feature", "properties": { "value": 255.0 }, "geometry": { "type": "Polygon", "coordinates": [ [ [ -115.1826885, 36.148118399799998 ], [ -115.1826642, 36.148118399799998 ], [ -115.1826642, 36.148115699799995 ], [ -115.18254, 36.148115699799995 ], [ -115.18254, 36.148118399799998 ], [ -115.1825373, 36.148118399799998 ], [ -115.1825373, 36.148115699799995 ], [ -115.1825049, 36.148115699799995 ], [ -115.1825049, 36.148112999799999 ], [ -115.1824941, 36.148112999799999 ], [ -115.1824941, 36.148110299799995 ], [ -115.1824698, 36.148110299799995 ], [ -115.1824698, 36.148107599799999 ], [ -115.1824671, 36.148107599799999 ], [ -115.1824671, 36.148104899799996 ], [ -115.1824644, 36.148104899799996 ], [ -115.1824644, 36.148085999799996 ], [ -115.1824617, 36.148085999799996 ], [ -115.1824617, 36.148029299799994 ], [ -115.182459, 36.148029299799994 ], [ -115.182459, 36.1480157998 ], [ -115.1824617, 36.1480157998 ], [ -115.1824617, 36.148013099799996 ], [ -115.1824644, 36.148013099799996 ], [ -115.1824644, 36.1480103998 ], [ -115.1824671, 36.1480103998 ], [ -115.1824671, 36.148007699799997 ], [ -115.1824752, 36.148007699799997 ], [ -115.1824752, 36.148004999799994 ], [ -115.1824968, 36.148004999799994 ], [ -115.1824968, 36.148002299799998 ], [ -115.1825211, 36.148002299799998 ], [ -115.1825211, 36.148004999799994 ], [ -115.18254, 36.148004999799994 ], [ -115.18254, 36.148002299799998 ], [ -115.1825508, 36.148002299799998 ], [ -115.1825508, 36.147999599799995 ], [ -115.1825562, 36.147999599799995 ], [ -115.1825562, 36.147996899799999 ], [ -115.1825751, 36.147996899799999 ], [ -115.1825751, 36.147994199799996 ], [ -115.1825994, 36.147994199799996 ], [ -115.1825994, 36.147996899799999 ], [ -115.1826237, 36.147996899799999 ], [ -115.1826237, 36.147994199799996 ], [ -115.1826588, 36.147994199799996 ], [ -115.1826588, 36.147996899799999 ], [ -115.1826696, 36.147996899799999 ], [ -115.1826696, 36.147999599799995 ], [ -115.182675, 36.147999599799995 ], [ -115.182675, 36.148002299799998 ], [ -115.1827074, 36.148002299799998 ], [ -115.1827074, 36.148004999799994 ], [ -115.1827236, 36.148004999799994 ], [ -115.1827236, 36.148002299799998 ], [ -115.1827614, 36.148002299799998 ], [ -115.1827614, 36.148004999799994 ], [ -115.1827992, 36.148004999799994 ], [ -115.1827992, 36.148007699799997 ], [ -115.1828073, 36.148007699799997 ], [ -115.1828073, 36.1480103998 ], [ -115.1828127, 36.1480103998 ], [ -115.1828127, 36.148013099799996 ], [ -115.1828154, 36.148013099799996 ], [ -115.1828154, 36.148037399799996 ], [ -115.1828127, 36.148037399799996 ], [ -115.1828127, 36.148088699799999 ], [ -115.1828046, 36.148088699799999 ], [ -115.1828046, 36.148091399799995 ], [ -115.1827047, 36.148091399799995 ], [ -115.1827047, 36.148094099799998 ], [ -115.1826966, 36.148094099799998 ], [ -115.1826966, 36.148110299799995 ], [ -115.1826939, 36.148110299799995 ], [ -115.1826939, 36.148112999799999 ], [ -115.1826912, 36.148112999799999 ], [ -115.1826912, 36.148115699799995 ], [ -115.1826885, 36.148115699799995 ], [ -115.1826885, 36.148118399799998 ] ] ] } },
{ "type": "Feature", "properties": { "value": 255.0 }, "geometry": { "type": "Polygon", "coordinates": [ [ [ -115.1816706, 36.148069799799998 ], [ -115.181622, 36.148069799799998 ], [ -115.181622, 36.148067099799995 ], [ -115.1815977, 36.148067099799995 ], [ -115.1815977, 36.148064399799999 ], [ -115.1815383, 36.148064399799999 ], [ -115.1815383, 36.148061699799996 ], [ -115.1815356, 36.148061699799996 ], [ -115.1815356, 36.1480589998 ], [ -115.1815329, 36.1480589998 ], [ -115.1815329, 36.148056299799997 ], [ -115.1815302, 36.148056299799997 ], [ -115.1815302, 36.148048199799995 ], [ -115.1815329, 36.148048199799995 ], [ -115.1815329, 36.148040099799999 ], [ -115.1815356, 36.148040099799999 ], [ -115.1815356, 36.148031999799997 ], [ -115.1815329, 36.148031999799997 ], [ -115.1815329, 36.148021199799999 ], [ -115.1815302, 36.148021199799999 ], [ -115.1815302, 36.148018499799996 ], [ -115.1815329, 36.148018499799996 ], [ -115.1815329, 36.148007699799997 ], [ -115.1815356, 36.148007699799997 ], [ -115.1815356, 36.148002299799998 ], [ -115.1815329, 36.148002299799998 ], [ -115.1815329, 36.147988799799997 ], [ -115.1815356, 36.147988799799997 ], [ -115.1815356, 36.147986099800001 ], [ -115.1815437, 36.147986099800001 ], [ -115.1815437, 36.147983399799998 ], [ -115.1816004, 36.147983399799998 ], [ -115.1816004, 36.147980699799994 ], [ -115.1816058, 36.147980699799994 ], [ -115.1816058, 36.147977999799998 ], [ -115.1816139, 36.147977999799998 ], [ -115.1816139, 36.147975299799995 ], [ -115.1816463, 36.147975299799995 ], [ -115.1816463, 36.147972599799999 ], [ -115.1816679, 36.147972599799999 ], [ -115.1816679, 36.147969899799996 ], [ -115.1817192, 36.147969899799996 ], [ -115.1817192, 36.147972599799999 ], [ -115.1817894, 36.147972599799999 ], [ -115.1817894, 36.147975299799995 ], [ -115.1818137, 36.147975299799995 ], [ -115.1818137, 36.147977999799998 ], [ -115.1818191, 36.147977999799998 ], [ -115.1818191, 36.147980699799994 ], [ -115.1818218, 36.147980699799994 ], [ -115.1818218, 36.147986099800001 ], [ -115.1818245, 36.147986099800001 ], [ -115.1818245, 36.148042799799995 ], [ -115.1818218, 36.148042799799995 ], [ -115.1818218, 36.148048199799995 ], [ -115.1818191, 36.148048199799995 ], [ -115.1818191, 36.148050899799998 ], [ -115.1817381, 36.148050899799998 ], [ -115.1817381, 36.148053599800001 ], [ -115.1817327, 36.148053599800001 ], [ -115.1817327, 36.148056299799997 ], [ -115.18173, 36.148056299799997 ], [ -115.18173, 36.1480589998 ], [ -115.1817273, 36.1480589998 ], [ -115.1817273, 36.148061699799996 ], [ -115.1817246, 36.148061699799996 ], [ -115.1817246, 36.148064399799999 ], [ -115.1817219, 36.148064399799999 ], [ -115.1817219, 36.148067099799995 ], [ -115.1816706, 36.148067099799995 ], [ -115.1816706, 36.148069799799998 ] ] ] } },
{ "type": "Feature", "properties": { "value": 255.0 }, "geometry": { "type": "Polygon", "coordinates": [ [ [ -115.1814141, 36.148134599799995 ], [ -115.1813655, 36.148134599799995 ], [ -115.1813655, 36.148131899799999 ], [ -115.1813628, 36.148131899799999 ], [ -115.1813628, 36.148056299799997 ], [ -115.1813601, 36.148056299799997 ], [ -115.1813601, 36.1480157998 ], [ -115.1813628, 36.1480157998 ], [ -115.1813628, 36.147977999799998 ], [ -115.1813655, 36.147977999799998 ], [ -115.1813655, 36.147975299799995 ], [ -115.1813682, 36.147975299799995 ], [ -115.1813682, 36.147972599799999 ], [ -115.1813709, 36.147972599799999 ], [ -115.1813709, 36.1479671998 ], [ -115.1813736, 36.1479671998 ], [ -115.1813736, 36.147964499799997 ], [ -115.1813817, 36.147964499799997 ], [ -115.1813817, 36.147961799799994 ], [ -115.1813925, 36.147961799799994 ], [ -115.1813925, 36.147959099799998 ], [ -115.1814087, 36.147959099799998 ], [ -115.1814087, 36.147961799799994 ], [ -115.1814114, 36.147961799799994 ], [ -115.1814114, 36.147964499799997 ], [ -115.1814141, 36.147964499799997 ], [ -115.1814141, 36.147972599799999 ], [ -115.1814168, 36.147972599799999 ], [ -115.1814168, 36.147977999799998 ], [ -115.1814195, 36.147977999799998 ], [ -115.1814195, 36.148018499799996 ], [ -115.1814222, 36.148018499799996 ], [ -115.1814222, 36.1480832998 ], [ -115.1814195, 36.1480832998 ], [ -115.1814195, 36.148110299799995 ], [ -115.1814168, 36.148110299799995 ], [ -115.1814168, 36.148131899799999 ], [ -115.1814141, 36.148131899799999 ], [ -115.1814141, 36.148134599799995 ] ] ] } },
{ "type": "Feature", "properties": { "value": 255.0 }, "geometry": { "type": "Polygon", "coordinates": [ [ [ -115.1811684, 36.148269599799995 ], [ -115.1811576, 36.148269599799995 ], [ -115.1811576, 36.147845699799994 ], [ -115.1811684, 36.147845699799994 ], [ -115.1811684, 36.147848399799997 ], [ -115.18117380000001, 36.147848399799997 ], [ -115.18117380000001, 36.1478510998 ], [ -115.1811765, 36.1478510998 ], [ -115.1811765, 36.1478564998 ], [ -115.1811792, 36.1478564998 ], [ -115.1811792, 36.147907799799995 ], [ -115.181181900000013, 36.147907799799995 ], [ -115.181181900000013, 36.147948299799999 ], [ -115.1811792, 36.147948299799999 ], [ -115.1811792, 36.147953699799999 ], [ -115.181181900000013, 36.147953699799999 ], [ -115.181181900000013, 36.147959099799998 ], [ -115.1811792, 36.147959099799998 ], [ -115.1811792, 36.147975299799995 ], [ -115.18117380000001, 36.147975299799995 ], [ -115.18117380000001, 36.147983399799998 ], [ -115.1811765, 36.147983399799998 ], [ -115.1811765, 36.148161599799998 ], [ -115.18117380000001, 36.148161599799998 ], [ -115.18117380000001, 36.148180499799999 ], [ -115.1811765, 36.148180499799999 ], [ -115.1811765, 36.148258799799997 ], [ -115.18117380000001, 36.148258799799997 ], [ -115.18117380000001, 36.148264199799996 ], [ -115.1811711, 36.148264199799996 ], [ -115.1811711, 36.148266899799999 ], [ -115.1811684, 36.148266899799999 ], [ -115.1811684, 36.148269599799995 ] ] ] } },
{ "type": "Feature", "properties": { "value": 255.0 }, "geometry": { "type": "Polygon", "coordinates": [ [ [ -115.1812683, 36.148129199799996 ], [ -115.1812089, 36.148129199799996 ], [ -115.1812089, 36.1481264998 ], [ -115.1812062, 36.1481264998 ], [ -115.1812062, 36.148023899799995 ], [ -115.1812035, 36.148023899799995 ], [ -115.1812035, 36.148018499799996 ], [ -115.1812062, 36.148018499799996 ], [ -115.1812062, 36.147977999799998 ], [ -115.1812089, 36.147977999799998 ], [ -115.1812089, 36.147959099799998 ], [ -115.1812062, 36.147959099799998 ], [ -115.1812062, 36.147945599799996 ], [ -115.1812035, 36.147945599799996 ], [ -115.1812035, 36.147915899799997 ], [ -115.1812062, 36.147915899799997 ], [ -115.1812062, 36.147845699799994 ], [ -115.1812089, 36.147845699799994 ], [ -115.1812089, 36.147840299799995 ], [ -115.181211600000012, 36.147840299799995 ], [ -115.181211600000012, 36.147837599799999 ], [ -115.181217, 36.147837599799999 ], [ -115.181217, 36.147834899799996 ], [ -115.181271, 36.147834899799996 ], [ -115.181271, 36.147837599799999 ], [ -115.1812737, 36.147837599799999 ], [ -115.1812737, 36.147937499799994 ], [ -115.181271, 36.147937499799994 ], [ -115.181271, 36.148123799799997 ], [ -115.1812683, 36.148123799799997 ], [ -115.1812683, 36.148129199799996 ] ] ] } },
{ "type": "Feature", "properties": { "value": 255.0 }, "geometry": { "type": "Polygon", "coordinates": [ [ [ -115.1816841, 36.147950999799995 ], [ -115.1816301, 36.147950999799995 ], [ -115.1816301, 36.147948299799999 ], [ -115.181622, 36.147948299799999 ], [ -115.181622, 36.147945599799996 ], [ -115.1815977, 36.147945599799996 ], [ -115.1815977, 36.147948299799999 ], [ -115.1815545, 36.147948299799999 ], [ -115.1815545, 36.147945599799996 ], [ -115.1815491, 36.147945599799996 ], [ -115.1815491, 36.1479428998 ], [ -115.1815464, 36.1479428998 ], [ -115.1815464, 36.147932099799995 ], [ -115.1815437, 36.147932099799995 ], [ -115.1815437, 36.147929399799999 ], [ -115.1815464, 36.147929399799999 ], [ -115.1815464, 36.147896999799997 ], [ -115.1815491, 36.147896999799997 ], [ -115.1815491, 36.147886199799999 ], [ -115.1815518, 36.147886199799999 ], [ -115.1815518, 36.147880799799999 ], [ -115.1815545, 36.147880799799999 ], [ -115.1815545, 36.147878099799996 ], [ -115.1815599, 36.147878099799996 ], [ -115.1815599, 36.1478753998 ], [ -115.1816058, 36.1478753998 ], [ -115.1816058, 36.147872699799997 ], [ -115.1816139, 36.147872699799997 ], [ -115.1816139, 36.147869999799994 ], [ -115.1816166, 36.147869999799994 ], [ -115.1816166, 36.147867299799998 ], [ -115.181622, 36.147867299799998 ], [ -115.181622, 36.147864599799995 ], [ -115.1816247, 36.147864599799995 ], [ -115.1816247, 36.147861899799999 ], [ -115.1816301, 36.147861899799999 ], [ -115.1816301, 36.147859199799996 ], [ -115.1816409, 36.147859199799996 ], [ -115.1816409, 36.1478564998 ], [ -115.1816517, 36.1478564998 ], [ -115.1816517, 36.147853799799996 ], [ -115.1816976, 36.147853799799996 ], [ -115.1816976, 36.1478510998 ], [ -115.181757, 36.1478510998 ], [ -115.181757, 36.147853799799996 ], [ -115.1817921, 36.147853799799996 ], [ -115.1817921, 36.1478564998 ], [ -115.1818029, 36.1478564998 ], [ -115.1818029, 36.147859199799996 ], [ -115.181811, 36.147859199799996 ], [ -115.181811, 36.147861899799999 ], [ -115.1818191, 36.147861899799999 ], [ -115.1818191, 36.147864599799995 ], [ -115.1818353, 36.147864599799995 ], [ -115.1818353, 36.147867299799998 ], [ -115.1818407, 36.147867299799998 ], [ -115.1818407, 36.147872699799997 ], [ -115.1818434, 36.147872699799997 ], [ -115.1818434, 36.147926699799996 ], [ -115.1818407, 36.147926699799996 ], [ -115.1818407, 36.147929399799999 ], [ -115.1818029, 36.147929399799999 ], [ -115.1818029, 36.147932099799995 ], [ -115.1817813, 36.147932099799995 ], [ -115.1817813, 36.147934799799998 ], [ -115.1817786, 36.147934799799998 ], [ -115.1817786, 36.147940199799997 ], [ -115.1817759, 36.147940199799997 ], [ -115.1817759, 36.1479428998 ], [ -115.1817597, 36.1479428998 ], [ -115.1817597, 36.147945599799996 ], [ -115.1817381, 36.147945599799996 ], [ -115.1817381, 36.147948299799999 ], [ -115.1816841, 36.147948299799999 ], [ -115.1816841, 36.147950999799995 ] ] ] } },
{ "type": "Feature", "properties": { "value": 255.0 }, "geometry": { "type": "Polygon", "coordinates": [ [ [ -115.1826291, 36.147980699799994 ], [ -115.1825778, 36.147980699799994 ], [ -115.1825778, 36.147977999799998 ], [ -115.1825616, 36.147977999799998 ], [ -115.1825616, 36.147975299799995 ], [ -115.1825319, 36.147975299799995 ], [ -115.1825319, 36.147972599799999 ], [ -115.1825265, 36.147972599799999 ], [ -115.1825265, 36.1479671998 ], [ -115.1825238, 36.1479671998 ], [ -115.1825238, 36.147959099799998 ], [ -115.1825211, 36.147959099799998 ], [ -115.1825211, 36.147956399799995 ], [ -115.182513, 36.147956399799995 ], [ -115.182513, 36.147953699799999 ], [ -115.1825076, 36.147953699799999 ], [ -115.1825076, 36.147950999799995 ], [ -115.1825022, 36.147950999799995 ], [ -115.1825022, 36.147948299799999 ], [ -115.1824995, 36.147948299799999 ], [ -115.1824995, 36.147945599799996 ], [ -115.1824806, 36.147945599799996 ], [ -115.1824806, 36.147948299799999 ], [ -115.1824725, 36.147948299799999 ], [ -115.1824725, 36.147950999799995 ], [ -115.1824698, 36.147950999799995 ], [ -115.1824698, 36.147948299799999 ], [ -115.1824671, 36.147948299799999 ], [ -115.1824671, 36.147945599799996 ], [ -115.1824644, 36.147945599799996 ], [ -115.1824644, 36.147932099799995 ], [ -115.1824617, 36.147932099799995 ], [ -115.1824617, 36.1478753998 ], [ -115.1824644, 36.1478753998 ], [ -115.1824644, 36.147872699799997 ], [ -115.1824671, 36.147872699799997 ], [ -115.1824671, 36.147869999799994 ], [ -115.1824725, 36.147869999799994 ], [ -115.1824725, 36.147867299799998 ], [ -115.1824779, 36.147867299799998 ], [ -115.1824779, 36.147864599799995 ], [ -115.1824833, 36.147864599799995 ], [ -115.1824833, 36.147861899799999 ], [ -115.1824887, 36.147861899799999 ], [ -115.1824887, 36.147859199799996 ], [ -115.1824941, 36.147859199799996 ], [ -115.1824941, 36.1478564998 ], [ -115.1824995, 36.1478564998 ], [ -115.1824995, 36.147853799799996 ], [ -115.1825157, 36.147853799799996 ], [ -115.1825157, 36.1478564998 ], [ -115.1825211, 36.1478564998 ], [ -115.1825211, 36.147859199799996 ], [ -115.1825238, 36.147859199799996 ], [ -115.1825238, 36.147861899799999 ], [ -115.1825265, 36.147861899799999 ], [ -115.1825265, 36.147864599799995 ], [ -115.1825292, 36.147864599799995 ], [ -115.1825292, 36.147867299799998 ], [ -115.1825373, 36.147867299799998 ], [ -115.1825373, 36.147864599799995 ], [ -115.18254, 36.147864599799995 ], [ -115.18254, 36.147848399799997 ], [ -115.1825346, 36.147848399799997 ], [ -115.1825346, 36.147845699799994 ], [ -115.1825292, 36.147845699799994 ], [ -115.1825292, 36.147842999799998 ], [ -115.1825157, 36.147842999799998 ], [ -115.1825157, 36.147840299799995 ], [ -115.1825076, 36.147840299799995 ], [ -115.1825076, 36.147837599799999 ], [ -115.1825049, 36.147837599799999 ], [ -115.1825049, 36.1478321998 ], [ -115.1825022, 36.1478321998 ], [ -115.1825022, 36.147821399799994 ], [ -115.1825049, 36.147821399799994 ], [ -115.1825049, 36.147813299799999 ], [ -115.1825076, 36.147813299799999 ], [ -115.1825076, 36.1478078998 ], [ -115.1825103, 36.1478078998 ], [ -115.1825103, 36.147802499799994 ], [ -115.182513, 36.147802499799994 ], [ -115.182513, 36.147797099799995 ], [ -115.1825184, 36.147797099799995 ], [ -115.1825184, 36.147794399799999 ], [ -115.1825238, 36.147794399799999 ], [ -115.1825238, 36.147791699799996 ], [ -115.1825292, 36.147791699799996 ], [ -115.1825292, 36.147788999799999 ], [ -115.1825346, 36.147788999799999 ], [ -115.1825346, 36.147786299799996 ], [ -115.1825373, 36.147786299799996 ], [ -115.1825373, 36.1477835998 ], [ -115.18254, 36.1477835998 ], [ -115.18254, 36.147767399799996 ], [ -115.1825481, 36.147767399799996 ], [ -115.1825481, 36.1477646998 ], [ -115.1825535, 36.1477646998 ], [ -115.1825535, 36.147761999799997 ], [ -115.1825697, 36.147761999799997 ], [ -115.1825697, 36.147759299799993 ], [ -115.1825859, 36.147759299799993 ], [ -115.1825859, 36.147756599799997 ], [ -115.1826048, 36.147756599799997 ], [ -115.1826048, 36.147753899799994 ], [ -115.1826156, 36.147753899799994 ], [ -115.1826156, 36.147751199799998 ], [ -115.1826453, 36.147751199799998 ], [ -115.1826453, 36.147753899799994 ], [ -115.1826858, 36.147753899799994 ], [ -115.1826858, 36.147756599799997 ], [ -115.182729, 36.147756599799997 ], [ -115.182729, 36.147753899799994 ], [ -115.1827371, 36.147753899799994 ], [ -115.1827371, 36.147756599799997 ], [ -115.1827533, 36.147756599799997 ], [ -115.1827533, 36.147759299799993 ], [ -115.1827614, 36.147759299799993 ], [ -115.1827614, 36.147761999799997 ], [ -115.1827668, 36.147761999799997 ], [ -115.1827668, 36.1477646998 ], [ -115.1827722, 36.1477646998 ], [ -115.1827722, 36.147767399799996 ], [ -115.1827749, 36.147767399799996 ], [ -115.1827749, 36.147772799799995 ], [ -115.1827776, 36.147772799799995 ], [ -115.1827776, 36.147780899799997 ], [ -115.1827803, 36.147780899799997 ], [ -115.1827803, 36.147786299799996 ], [ -115.182783, 36.147786299799996 ], [ -115.182783, 36.147791699799996 ], [ -115.1827857, 36.147791699799996 ], [ -115.1827857, 36.147797099799995 ], [ -115.1827884, 36.147797099799995 ], [ -115.1827884, 36.147799799799998 ], [ -115.182791099999989, 36.147799799799998 ], [ -115.182791099999989, 36.147802499799994 ], [ -115.1827938, 36.147802499799994 ], [ -115.1827938, 36.1478078998 ], [ -115.1827965, 36.1478078998 ], [ -115.1827965, 36.147813299799999 ], [ -115.1827992, 36.147813299799999 ], [ -115.1827992, 36.147829499799997 ], [ -115.1828019, 36.147829499799997 ], [ -115.1828019, 36.147837599799999 ], [ -115.1828046, 36.147837599799999 ], [ -115.1828046, 36.147842999799998 ], [ -115.1828073, 36.147842999799998 ], [ -115.1828073, 36.147848399799997 ], [ -115.18281, 36.147848399799997 ], [ -115.18281, 36.147853799799996 ], [ -115.1828127, 36.147853799799996 ], [ -115.1828127, 36.147859199799996 ], [ -115.1828154, 36.147859199799996 ], [ -115.1828154, 36.147867299799998 ], [ -115.1828181, 36.147867299799998 ], [ -115.1828181, 36.1478753998 ], [ -115.1828208, 36.1478753998 ], [ -115.1828208, 36.147886199799999 ], [ -115.1828181, 36.147886199799999 ], [ -115.1828181, 36.147929399799999 ], [ -115.1828154, 36.147929399799999 ], [ -115.1828154, 36.147956399799995 ], [ -115.1828127, 36.147956399799995 ], [ -115.1828127, 36.147959099799998 ], [ -115.1828073, 36.147959099799998 ], [ -115.1828073, 36.147961799799994 ], [ -115.1827722, 36.147961799799994 ], [ -115.1827722, 36.147964499799997 ], [ -115.1827398, 36.147964499799997 ], [ -115.1827398, 36.1479671998 ], [ -115.1827209, 36.1479671998 ], [ -115.1827209, 36.147969899799996 ], [ -115.1827155, 36.147969899799996 ], [ -115.1827155, 36.147972599799999 ], [ -115.1827101, 36.147972599799999 ], [ -115.1827101, 36.147975299799995 ], [ -115.1826561, 36.147975299799995 ], [ -115.1826561, 36.147977999799998 ], [ -115.1826291, 36.147977999799998 ], [ -115.1826291, 36.147980699799994 ] ] ] } },
{ "type": "Feature", "properties": { "value": 255.0 }, "geometry": { "type": "Polygon", "coordinates": [ [ [ -115.1823078, 36.147977999799998 ], [ -115.1821674, 36.147977999799998 ], [ -115.1821674, 36.147975299799995 ], [ -115.1821566, 36.147975299799995 ], [ -115.1821566, 36.147972599799999 ], [ -115.1821539, 36.147972599799999 ], [ -115.1821539, 36.147969899799996 ], [ -115.1821512, 36.147969899799996 ], [ -115.1821512, 36.147937499799994 ], [ -115.1821485, 36.147937499799994 ], [ -115.1821485, 36.1478996998 ], [ -115.1821458, 36.1478996998 ], [ -115.1821458, 36.147880799799999 ], [ -115.1821485, 36.147880799799999 ], [ -115.1821485, 36.147872699799997 ], [ -115.1821512, 36.147872699799997 ], [ -115.1821512, 36.147864599799995 ], [ -115.1821539, 36.147864599799995 ], [ -115.1821539, 36.1478564998 ], [ -115.1821566, 36.1478564998 ], [ -115.1821566, 36.147848399799997 ], [ -115.1821593, 36.147848399799997 ], [ -115.1821593, 36.147845699799994 ], [ -115.182162, 36.147845699799994 ], [ -115.182162, 36.147842999799998 ], [ -115.1821647, 36.147842999799998 ], [ -115.1821647, 36.147840299799995 ], [ -115.182162, 36.147840299799995 ], [ -115.182162, 36.147834899799996 ], [ -115.1821593, 36.147834899799996 ], [ -115.1821593, 36.1478321998 ], [ -115.1821539, 36.1478321998 ], [ -115.1821539, 36.147829499799997 ], [ -115.1821404, 36.147829499799997 ], [ -115.1821404, 36.1478321998 ], [ -115.1821269, 36.1478321998 ], [ -115.1821269, 36.147829499799997 ], [ -115.1821188, 36.147829499799997 ], [ -115.1821188, 36.147826799799994 ], [ -115.1821107, 36.147826799799994 ], [ -115.1821107, 36.147824099799998 ], [ -115.1821026, 36.147824099799998 ], [ -115.1821026, 36.147821399799994 ], [ -115.1820918, 36.147821399799994 ], [ -115.1820918, 36.147818699799998 ], [ -115.1820837, 36.147818699799998 ], [ -115.1820837, 36.147815999799995 ], [ -115.182081, 36.147815999799995 ], [ -115.182081, 36.147813299799999 ], [ -115.1820783, 36.147813299799999 ], [ -115.1820783, 36.147788999799999 ], [ -115.182081, 36.147788999799999 ], [ -115.182081, 36.1477835998 ], [ -115.1820837, 36.1477835998 ], [ -115.1820837, 36.147780899799997 ], [ -115.1820864, 36.147780899799997 ], [ -115.1820864, 36.147778199799994 ], [ -115.1821026, 36.147778199799994 ], [ -115.1821026, 36.147780899799997 ], [ -115.1821404, 36.147780899799997 ], [ -115.1821404, 36.147778199799994 ], [ -115.1821836, 36.147778199799994 ], [ -115.1821836, 36.147775499799998 ], [ -115.182189, 36.147775499799998 ], [ -115.182189, 36.147772799799995 ], [ -115.1821944, 36.147772799799995 ], [ -115.1821944, 36.147770099799999 ], [ -115.1821971, 36.147770099799999 ], [ -115.1821971, 36.147767399799996 ], [ -115.1821998, 36.147767399799996 ], [ -115.1821998, 36.1477646998 ], [ -115.1822025, 36.1477646998 ], [ -115.1822025, 36.147761999799997 ], [ -115.1822052, 36.147761999799997 ], [ -115.1822052, 36.147759299799993 ], [ -115.1822646, 36.147759299799993 ], [ -115.1822646, 36.147761999799997 ], [ -115.1822727, 36.147761999799997 ], [ -115.1822727, 36.147759299799993 ], [ -115.1822808, 36.147759299799993 ], [ -115.1822808, 36.147761999799997 ], [ -115.1822916, 36.147761999799997 ], [ -115.1822916, 36.147759299799993 ], [ -115.1823537, 36.147759299799993 ], [ -115.1823537, 36.147761999799997 ], [ -115.1823618, 36.147761999799997 ], [ -115.1823618, 36.1477646998 ], [ -115.1823645, 36.1477646998 ], [ -115.1823645, 36.147767399799996 ], [ -115.1823672, 36.147767399799996 ], [ -115.1823672, 36.147772799799995 ], [ -115.1823699, 36.147772799799995 ], [ -115.1823699, 36.147837599799999 ], [ -115.1823672, 36.147837599799999 ], [ -115.1823672, 36.147840299799995 ], [ -115.1823591, 36.147840299799995 ], [ -115.1823591, 36.147837599799999 ], [ -115.1822727, 36.147837599799999 ], [ -115.1822727, 36.147840299799995 ], [ -115.1822322, 36.147840299799995 ], [ -115.1822322, 36.147842999799998 ], [ -115.1822268, 36.147842999799998 ], [ -115.1822268, 36.147848399799997 ], [ -115.1822295, 36.147848399799997 ], [ -115.1822295, 36.1478510998 ], [ -115.1822322, 36.1478510998 ], [ -115.1822322, 36.147853799799996 ], [ -115.1822295, 36.147853799799996 ], [ -115.1822295, 36.1478564998 ], [ -115.1822268, 36.1478564998 ], [ -115.1822268, 36.147859199799996 ], [ -115.1822295, 36.147859199799996 ], [ -115.1822295, 36.147861899799999 ], [ -115.1822592, 36.147861899799999 ], [ -115.1822592, 36.147864599799995 ], [ -115.1823078, 36.147864599799995 ], [ -115.1823078, 36.147861899799999 ], [ -115.1823105, 36.147861899799999 ], [ -115.1823105, 36.147859199799996 ], [ -115.1823159, 36.147859199799996 ], [ -115.1823159, 36.1478564998 ], [ -115.182324, 36.1478564998 ], [ -115.182324, 36.147853799799996 ], [ -115.1823321, 36.147853799799996 ], [ -115.1823321, 36.1478510998 ], [ -115.1823402, 36.1478510998 ], [ -115.1823402, 36.147853799799996 ], [ -115.1823483, 36.147853799799996 ], [ -115.1823483, 36.147861899799999 ], [ -115.182351, 36.147861899799999 ], [ -115.182351, 36.147872699799997 ], [ -115.1823537, 36.147872699799997 ], [ -115.1823537, 36.147878099799996 ], [ -115.1823861, 36.147878099799996 ], [ -115.1823861, 36.147880799799999 ], [ -115.1823888, 36.147880799799999 ], [ -115.1823888, 36.147886199799999 ], [ -115.1823915, 36.147886199799999 ], [ -115.1823915, 36.147888899799995 ], [ -115.1823888, 36.147888899799995 ], [ -115.1823888, 36.147964499799997 ], [ -115.1823861, 36.147964499799997 ], [ -115.1823861, 36.147969899799996 ], [ -115.182378, 36.147969899799996 ], [ -115.182378, 36.147972599799999 ], [ -115.1823591, 36.147972599799999 ], [ -115.1823591, 36.147975299799995 ], [ -115.1823078, 36.147975299799995 ], [ -115.1823078, 36.147977999799998 ] ] ] } },
{ "type": "Feature", "properties": { "value": 255.0 }, "geometry": { "type": "Polygon", "coordinates": [ [ [ -115.1816598, 36.147837599799999 ], [ -115.1816004, 36.147837599799999 ], [ -115.1816004, 36.147834899799996 ], [ -115.1815653, 36.147834899799996 ], [ -115.1815653, 36.1478321998 ], [ -115.1815491, 36.1478321998 ], [ -115.1815491, 36.147829499799997 ], [ -115.1815437, 36.147829499799997 ], [ -115.1815437, 36.147826799799994 ], [ -115.181541, 36.147826799799994 ], [ -115.181541, 36.147821399799994 ], [ -115.1815383, 36.147821399799994 ], [ -115.1815383, 36.147788999799999 ], [ -115.181541, 36.147788999799999 ], [ -115.181541, 36.147775499799998 ], [ -115.1815383, 36.147775499799998 ], [ -115.1815383, 36.147770099799999 ], [ -115.181541, 36.147770099799999 ], [ -115.181541, 36.1477646998 ], [ -115.1815437, 36.1477646998 ], [ -115.1815437, 36.147761999799997 ], [ -115.1815464, 36.147761999799997 ], [ -115.1815464, 36.147759299799993 ], [ -115.1815572, 36.147759299799993 ], [ -115.1815572, 36.147756599799997 ], [ -115.1815842, 36.147756599799997 ], [ -115.1815842, 36.147753899799994 ], [ -115.1815977, 36.147753899799994 ], [ -115.1815977, 36.147751199799998 ], [ -115.1816004, 36.147751199799998 ], [ -115.1816004, 36.147745799799999 ], [ -115.1816031, 36.147745799799999 ], [ -115.1816031, 36.147743099799996 ], [ -115.18160850000001, 36.147743099799996 ], [ -115.18160850000001, 36.1477403998 ], [ -115.181676, 36.1477403998 ], [ -115.181676, 36.147737699799997 ], [ -115.1816949, 36.147737699799997 ], [ -115.1816949, 36.1477403998 ], [ -115.1817921, 36.1477403998 ], [ -115.1817921, 36.147743099799996 ], [ -115.1818083, 36.147743099799996 ], [ -115.1818083, 36.147745799799999 ], [ -115.1818164, 36.147745799799999 ], [ -115.1818164, 36.147748499799995 ], [ -115.1818218, 36.147748499799995 ], [ -115.1818218, 36.147753899799994 ], [ -115.1818245, 36.147753899799994 ], [ -115.1818245, 36.1477646998 ], [ -115.1818272, 36.1477646998 ], [ -115.1818272, 36.147802499799994 ], [ -115.1818245, 36.147802499799994 ], [ -115.1818245, 36.147813299799999 ], [ -115.1818191, 36.147813299799999 ], [ -115.1818191, 36.147815999799995 ], [ -115.1817381, 36.147815999799995 ], [ -115.1817381, 36.147818699799998 ], [ -115.1817327, 36.147818699799998 ], [ -115.1817327, 36.147821399799994 ], [ -115.18173, 36.147821399799994 ], [ -115.18173, 36.147829499799997 ], [ -115.1817273, 36.147829499799997 ], [ -115.1817273, 36.1478321998 ], [ -115.1817165, 36.1478321998 ], [ -115.1817165, 36.147834899799996 ], [ -115.1817084, 36.147834899799996 ], [ -115.1817084, 36.1478321998 ], [ -115.181703, 36.1478321998 ], [ -115.181703, 36.147834899799996 ], [ -115.1816598, 36.147834899799996 ], [ -115.1816598, 36.147837599799999 ] ] ] } },
{ "type": "Feature", "properties": { "value": 255.0 }, "geometry": { "type": "Polygon", "coordinates": [ [ [ -115.1827803, 36.147732299799998 ], [ -115.1827155, 36.147732299799998 ], [ -115.1827155, 36.147729599799995 ], [ -115.1827074, 36.147729599799995 ], [ -115.1827074, 36.147726899799999 ], [ -115.182702, 36.147726899799999 ], [ -115.182702, 36.147724199799995 ], [ -115.1826885, 36.147724199799995 ], [ -115.1826885, 36.147721499799999 ], [ -115.1826831, 36.147721499799999 ], [ -115.1826831, 36.147718799799996 ], [ -115.1826804, 36.147718799799996 ], [ -115.1826804, 36.147707999799998 ], [ -115.1826777, 36.147707999799998 ], [ -115.1826777, 36.147705299799995 ], [ -115.1826804, 36.147705299799995 ], [ -115.1826804, 36.147667499799994 ], [ -115.1826777, 36.147667499799994 ], [ -115.1826777, 36.147662099799994 ], [ -115.182675, 36.147662099799994 ], [ -115.182675, 36.147656699799995 ], [ -115.1826723, 36.147656699799995 ], [ -115.1826723, 36.147653999799999 ], [ -115.1826696, 36.147653999799999 ], [ -115.1826696, 36.147651299799996 ], [ -115.1826669, 36.147651299799996 ], [ -115.1826669, 36.1476485998 ], [ -115.1826642, 36.1476485998 ], [ -115.1826642, 36.147645899799997 ], [ -115.1826615, 36.147645899799997 ], [ -115.1826615, 36.147640499799998 ], [ -115.1826588, 36.147640499799998 ], [ -115.1826588, 36.147635099799999 ], [ -115.1826561, 36.147635099799999 ], [ -115.1826561, 36.147616199799998 ], [ -115.1826588, 36.147616199799998 ], [ -115.1826588, 36.147602699799997 ], [ -115.1827803, 36.147602699799997 ], [ -115.1827803, 36.147624299799993 ], [ -115.182783, 36.147624299799993 ], [ -115.182783, 36.147626999799996 ], [ -115.1827938, 36.147626999799996 ], [ -115.1827938, 36.147624299799993 ], [ -115.1827992, 36.147624299799993 ], [ -115.1827992, 36.147621599799997 ], [ -115.1828046, 36.147621599799997 ], [ -115.1828046, 36.147618899799994 ], [ -115.18281, 36.147618899799994 ], [ -115.18281, 36.147610799799999 ], [ -115.1827938, 36.147610799799999 ], [ -115.1827938, 36.147608099799996 ], [ -115.182791099999989, 36.147608099799996 ], [ -115.182791099999989, 36.147602699799997 ], [ -115.1828262, 36.147602699799997 ], [ -115.1828262, 36.1476053998 ], [ -115.1828343, 36.1476053998 ], [ -115.1828343, 36.147608099799996 ], [ -115.1828559, 36.147608099799996 ], [ -115.1828559, 36.147610799799999 ], [ -115.182858599999989, 36.147610799799999 ], [ -115.182858599999989, 36.147613499799995 ], [ -115.1828613, 36.147613499799995 ], [ -115.1828613, 36.147616199799998 ], [ -115.182864, 36.147616199799998 ], [ -115.182864, 36.147618899799994 ], [ -115.1828667, 36.147618899799994 ], [ -115.1828667, 36.147621599799997 ], [ -115.1828694, 36.147621599799997 ], [ -115.1828694, 36.147624299799993 ], [ -115.182877499999989, 36.147624299799993 ], [ -115.182877499999989, 36.147626999799996 ], [ -115.1828991, 36.147626999799996 ], [ -115.1828991, 36.147624299799993 ], [ -115.1829126, 36.147624299799993 ], [ -115.1829126, 36.1476971998 ], [ -115.1828613, 36.1476971998 ], [ -115.1828613, 36.147699899799996 ], [ -115.182858599999989, 36.147699899799996 ], [ -115.182858599999989, 36.147702599799999 ], [ -115.1828559, 36.147702599799999 ], [ -115.1828559, 36.147707999799998 ], [ -115.182858599999989, 36.147707999799998 ], [ -115.182858599999989, 36.147713399799997 ], [ -115.1828559, 36.147713399799997 ], [ -115.1828559, 36.147724199799995 ], [ -115.1828532, 36.147724199799995 ], [ -115.1828532, 36.147726899799999 ], [ -115.1828505, 36.147726899799999 ], [ -115.1828505, 36.147729599799995 ], [ -115.1828262, 36.147729599799995 ], [ -115.1828262, 36.147726899799999 ], [ -115.1827992, 36.147726899799999 ], [ -115.1827992, 36.147729599799995 ], [ -115.1827803, 36.147729599799995 ], [ -115.1827803, 36.147732299799998 ] ] ] } },
{ "type": "Feature", "properties": { "value": 255.0 }, "geometry": { "type": "Polygon", "coordinates": [ [ [ -115.1817705, 36.147721499799999 ], [ -115.1816814, 36.147721499799999 ], [ -115.1816814, 36.147718799799996 ], [ -115.1816166, 36.147718799799996 ], [ -115.1816166, 36.1477160998 ], [ -115.1815842, 36.1477160998 ], [ -115.1815842, 36.147713399799997 ], [ -115.1815761, 36.147713399799997 ], [ -115.1815761, 36.147710699799994 ], [ -115.1815707, 36.147710699799994 ], [ -115.1815707, 36.147705299799995 ], [ -115.181568, 36.147705299799995 ], [ -115.181568, 36.147683699799998 ], [ -115.1815653, 36.147683699799998 ], [ -115.1815653, 36.147670199799997 ], [ -115.181568, 36.147670199799997 ], [ -115.181568, 36.147662099799994 ], [ -115.1815707, 36.147662099799994 ], [ -115.1815707, 36.147659399799998 ], [ -115.1815734, 36.147659399799998 ], [ -115.1815734, 36.147656699799995 ], [ -115.1815788, 36.147656699799995 ], [ -115.1815788, 36.147653999799999 ], [ -115.1815815, 36.147653999799999 ], [ -115.1815815, 36.147651299799996 ], [ -115.1815869, 36.147651299799996 ], [ -115.1815869, 36.1476485998 ], [ -115.181595, 36.1476485998 ], [ -115.181595, 36.147645899799997 ], [ -115.1816031, 36.147645899799997 ], [ -115.1816031, 36.147643199799994 ], [ -115.1816058, 36.147643199799994 ], [ -115.1816058, 36.147640499799998 ], [ -115.18160850000001, 36.147640499799998 ], [ -115.18160850000001, 36.147637799799995 ], [ -115.1816112, 36.147637799799995 ], [ -115.1816112, 36.147632399799996 ], [ -115.1816166, 36.147632399799996 ], [ -115.1816166, 36.1476296998 ], [ -115.181622, 36.1476296998 ], [ -115.181622, 36.147626999799996 ], [ -115.1816301, 36.147626999799996 ], [ -115.1816301, 36.147624299799993 ], [ -115.1816463, 36.147624299799993 ], [ -115.1816463, 36.147621599799997 ], [ -115.1816625, 36.147621599799997 ], [ -115.1816625, 36.147618899799994 ], [ -115.1816706, 36.147618899799994 ], [ -115.1816706, 36.147616199799998 ], [ -115.1817057, 36.147616199799998 ], [ -115.1817057, 36.147613499799995 ], [ -115.1817111, 36.147613499799995 ], [ -115.1817111, 36.147608099799996 ], [ -115.1817084, 36.147608099799996 ], [ -115.1817084, 36.147602699799997 ], [ -115.181757, 36.147602699799997 ], [ -115.181757, 36.147613499799995 ], [ -115.1817786, 36.147613499799995 ], [ -115.1817786, 36.147616199799998 ], [ -115.1818083, 36.147616199799998 ], [ -115.1818083, 36.147618899799994 ], [ -115.1818164, 36.147618899799994 ], [ -115.1818164, 36.147621599799997 ], [ -115.1818191, 36.147621599799997 ], [ -115.1818191, 36.147624299799993 ], [ -115.1818218, 36.147624299799993 ], [ -115.1818218, 36.1476296998 ], [ -115.1818245, 36.1476296998 ], [ -115.1818245, 36.147640499799998 ], [ -115.1818272, 36.147640499799998 ], [ -115.1818272, 36.147645899799997 ], [ -115.1818299, 36.147645899799997 ], [ -115.1818299, 36.1476728998 ], [ -115.1818272, 36.1476728998 ], [ -115.1818272, 36.147678299799999 ], [ -115.1818245, 36.147678299799999 ], [ -115.1818245, 36.147680999799995 ], [ -115.1818218, 36.147680999799995 ], [ -115.1818218, 36.147683699799998 ], [ -115.1818191, 36.147683699799998 ], [ -115.1818191, 36.147686399799994 ], [ -115.1818164, 36.147686399799994 ], [ -115.1818164, 36.147691799799993 ], [ -115.1818137, 36.147691799799993 ], [ -115.1818137, 36.147707999799998 ], [ -115.181811, 36.147707999799998 ], [ -115.181811, 36.147710699799994 ], [ -115.1818083, 36.147710699799994 ], [ -115.1818083, 36.147713399799997 ], [ -115.1818056, 36.147713399799997 ], [ -115.1818056, 36.1477160998 ], [ -115.1818029, 36.1477160998 ], [ -115.1818029, 36.147718799799996 ], [ -115.1817705, 36.147718799799996 ], [ -115.1817705, 36.147721499799999 ] ] ] } },
{ "type": "Feature", "properties": { "value": 255.0 }, "geometry": { "type": "Polygon", "coordinates": [ [ [ -115.1812278, 36.147791699799996 ], [ -115.1811576, 36.147791699799996 ], [ -115.1811576, 36.147608099799996 ], [ -115.1811657, 36.147608099799996 ], [ -115.1811657, 36.147610799799999 ], [ -115.18117380000001, 36.147610799799999 ], [ -115.18117380000001, 36.147608099799996 ], [ -115.181181900000013, 36.147608099799996 ], [ -115.181181900000013, 36.147610799799999 ], [ -115.1812062, 36.147610799799999 ], [ -115.1812062, 36.147608099799996 ], [ -115.181211600000012, 36.147608099799996 ], [ -115.181211600000012, 36.147602699799997 ], [ -115.181241300000011, 36.147602699799997 ], [ -115.181241300000011, 36.1476053998 ], [ -115.181244, 36.1476053998 ], [ -115.181244, 36.147608099799996 ], [ -115.1812467, 36.147608099799996 ], [ -115.1812467, 36.147613499799995 ], [ -115.1812494, 36.147613499799995 ], [ -115.1812494, 36.1476485998 ], [ -115.1812467, 36.1476485998 ], [ -115.1812467, 36.147683699799998 ], [ -115.1812494, 36.147683699799998 ], [ -115.1812494, 36.1476971998 ], [ -115.1812521, 36.1476971998 ], [ -115.1812521, 36.147724199799995 ], [ -115.1812494, 36.147724199799995 ], [ -115.1812494, 36.147737699799997 ], [ -115.1812467, 36.147737699799997 ], [ -115.1812467, 36.1477835998 ], [ -115.181244, 36.1477835998 ], [ -115.181244, 36.147786299799996 ], [ -115.181241300000011, 36.147786299799996 ], [ -115.181241300000011, 36.147788999799999 ], [ -115.1812278, 36.147788999799999 ], [ -115.1812278, 36.147791699799996 ] ] ] } },
{ "type": "Feature", "properties": { "value": 255.0 }, "geometry": { "type": "Polygon", "coordinates": [ [ [ -115.1821215, 36.147726899799999 ], [ -115.1820621, 36.147726899799999 ], [ -115.1820621, 36.147724199799995 ], [ -115.182054, 36.147724199799995 ], [ -115.182054, 36.147718799799996 ], [ -115.1820513, 36.147718799799996 ], [ -115.1820513, 36.147702599799999 ], [ -115.1820486, 36.147702599799999 ], [ -115.1820486, 36.147699899799996 ], [ -115.1820459, 36.147699899799996 ], [ -115.1820459, 36.1476971998 ], [ -115.1820432, 36.1476971998 ], [ -115.1820432, 36.147694499799996 ], [ -115.1819892, 36.147694499799996 ], [ -115.1819892, 36.147691799799993 ], [ -115.1819784, 36.147691799799993 ], [ -115.1819784, 36.1476971998 ], [ -115.1819703, 36.1476971998 ], [ -115.1819703, 36.147694499799996 ], [ -115.1819676, 36.147694499799996 ], [ -115.1819676, 36.147691799799993 ], [ -115.1819649, 36.147691799799993 ], [ -115.1819649, 36.1476728998 ], [ -115.1819676, 36.1476728998 ], [ -115.1819676, 36.147667499799994 ], [ -115.1819703, 36.147667499799994 ], [ -115.1819703, 36.147662099799994 ], [ -115.181973, 36.147662099799994 ], [ -115.181973, 36.147659399799998 ], [ -115.1819757, 36.147659399799998 ], [ -115.1819757, 36.147656699799995 ], [ -115.1819784, 36.147656699799995 ], [ -115.1819784, 36.147653999799999 ], [ -115.1819811, 36.147653999799999 ], [ -115.1819811, 36.147651299799996 ], [ -115.1819838, 36.147651299799996 ], [ -115.1819838, 36.1476485998 ], [ -115.1819865, 36.1476485998 ], [ -115.1819865, 36.147645899799997 ], [ -115.1819892, 36.147645899799997 ], [ -115.1819892, 36.147640499799998 ], [ -115.1819919, 36.147640499799998 ], [ -115.1819919, 36.147616199799998 ], [ -115.1819946, 36.147616199799998 ], [ -115.1819946, 36.147613499799995 ], [ -115.1820027, 36.147613499799995 ], [ -115.1820027, 36.147616199799998 ], [ -115.1820081, 36.147616199799998 ], [ -115.1820081, 36.147618899799994 ], [ -115.1820108, 36.147618899799994 ], [ -115.1820108, 36.147621599799997 ], [ -115.1820135, 36.147621599799997 ], [ -115.1820135, 36.147624299799993 ], [ -115.1820162, 36.147624299799993 ], [ -115.1820162, 36.147626999799996 ], [ -115.1820189, 36.147626999799996 ], [ -115.1820189, 36.147640499799998 ], [ -115.1820135, 36.147640499799998 ], [ -115.1820135, 36.147643199799994 ], [ -115.1820108, 36.147643199799994 ], [ -115.1820108, 36.147651299799996 ], [ -115.1820135, 36.147651299799996 ], [ -115.1820135, 36.147656699799995 ], [ -115.182027, 36.147656699799995 ], [ -115.182027, 36.147659399799998 ], [ -115.1820432, 36.147659399799998 ], [ -115.1820432, 36.147656699799995 ], [ -115.1820459, 36.147656699799995 ], [ -115.1820459, 36.147653999799999 ], [ -115.1820486, 36.147653999799999 ], [ -115.1820486, 36.147651299799996 ], [ -115.1820513, 36.147651299799996 ], [ -115.1820513, 36.1476485998 ], [ -115.182054, 36.1476485998 ], [ -115.182054, 36.147645899799997 ], [ -115.1820648, 36.147645899799997 ], [ -115.1820648, 36.147643199799994 ], [ -115.1820702, 36.147643199799994 ], [ -115.1820702, 36.147640499799998 ], [ -115.1820756, 36.147640499799998 ], [ -115.1820756, 36.147637799799995 ], [ -115.182081, 36.147637799799995 ], [ -115.182081, 36.147635099799999 ], [ -115.1820837, 36.147635099799999 ], [ -115.1820837, 36.147632399799996 ], [ -115.1820864, 36.147632399799996 ], [ -115.1820864, 36.1476296998 ], [ -115.1820891, 36.1476296998 ], [ -115.1820891, 36.147626999799996 ], [ -115.1820999, 36.147626999799996 ], [ -115.1820999, 36.147624299799993 ], [ -115.182108, 36.147624299799993 ], [ -115.182108, 36.147621599799997 ], [ -115.1821134, 36.147621599799997 ], [ -115.1821134, 36.147618899799994 ], [ -115.1821188, 36.147618899799994 ], [ -115.1821188, 36.147616199799998 ], [ -115.1821269, 36.147616199799998 ], [ -115.1821269, 36.147613499799995 ], [ -115.1821458, 36.147613499799995 ], [ -115.1821458, 36.147610799799999 ], [ -115.1821971, 36.147610799799999 ], [ -115.1821971, 36.147613499799995 ], [ -115.1822025, 36.147613499799995 ], [ -115.1822025, 36.147616199799998 ], [ -115.1822052, 36.147616199799998 ], [ -115.1822052, 36.147618899799994 ], [ -115.1822079, 36.147618899799994 ], [ -115.1822079, 36.147621599799997 ], [ -115.182216, 36.147621599799997 ], [ -115.182216, 36.147624299799993 ], [ -115.1822241, 36.147624299799993 ], [ -115.1822241, 36.147626999799996 ], [ -115.1822295, 36.147626999799996 ], [ -115.1822295, 36.1476296998 ], [ -115.1822673, 36.1476296998 ], [ -115.1822673, 36.147632399799996 ], [ -115.1822754, 36.147632399799996 ], [ -115.1822754, 36.147635099799999 ], [ -115.1822808, 36.147635099799999 ], [ -115.1822808, 36.147637799799995 ], [ -115.1822997, 36.147637799799995 ], [ -115.1822997, 36.147640499799998 ], [ -115.1823078, 36.147640499799998 ], [ -115.1823078, 36.147643199799994 ], [ -115.1823105, 36.147643199799994 ], [ -115.1823105, 36.147645899799997 ], [ -115.1823132, 36.147645899799997 ], [ -115.1823132, 36.147651299799996 ], [ -115.1823159, 36.147651299799996 ], [ -115.1823159, 36.147667499799994 ], [ -115.1823132, 36.147667499799994 ], [ -115.1823132, 36.147707999799998 ], [ -115.1823105, 36.147707999799998 ], [ -115.1823105, 36.147710699799994 ], [ -115.1823078, 36.147710699799994 ], [ -115.1823078, 36.147713399799997 ], [ -115.1823024, 36.147713399799997 ], [ -115.1823024, 36.1477160998 ], [ -115.1822889, 36.1477160998 ], [ -115.1822889, 36.147718799799996 ], [ -115.1822646, 36.147718799799996 ], [ -115.1822646, 36.147721499799999 ], [ -115.1822376, 36.147721499799999 ], [ -115.1822376, 36.147724199799995 ], [ -115.1822241, 36.147724199799995 ], [ -115.1822241, 36.147721499799999 ], [ -115.1821971, 36.147721499799999 ], [ -115.1821971, 36.147724199799995 ], [ -115.1821215, 36.147724199799995 ], [ -115.1821215, 36.147726899799999 ] ] ] } }
]
}
