{
"type": "FeatureCollection",
"crs": { "type": "name", "properties": { "name": "urn:ogc:def:crs:OGC:1.3:CRS84" } },
"features": [
{ "type": "Feature", "properties": { "value": 255.0 }, "geometry": { "type": "Polygon", "coordinates": [ [ [ -115.245801, 36.202007699900001 ], [ -115.2454203, 36.202007699900001 ], [ -115.2454203, 36.202002299900002 ], [ -115.2454176, 36.202002299900002 ], [ -115.2454176, 36.201977999900002 ], [ -115.2454203, 36.201977999900002 ], [ -115.2454203, 36.2019698999 ], [ -115.245423, 36.2019698999 ], [ -115.245423, 36.201967199900004 ], [ -115.2454257, 36.201967199900004 ], [ -115.2454257, 36.201964499900001 ], [ -115.2454338, 36.201964499900001 ], [ -115.2454338, 36.201961799899998 ], [ -115.2454392, 36.201961799899998 ], [ -115.2454392, 36.201959099900002 ], [ -115.2454419, 36.201959099900002 ], [ -115.2454419, 36.201956399899998 ], [ -115.2454446, 36.201956399899998 ], [ -115.2454446, 36.201950999899999 ], [ -115.2454473, 36.201950999899999 ], [ -115.2454473, 36.201948299900003 ], [ -115.2454527, 36.201948299900003 ], [ -115.2454527, 36.2019455999 ], [ -115.2454662, 36.2019455999 ], [ -115.2454662, 36.201942899900004 ], [ -115.245477, 36.201942899900004 ], [ -115.245477, 36.201940199900001 ], [ -115.2454824, 36.201940199900001 ], [ -115.2454824, 36.201937499899998 ], [ -115.2454905, 36.201937499899998 ], [ -115.2454905, 36.201934799900002 ], [ -115.2454959, 36.201934799900002 ], [ -115.2454959, 36.201932099899999 ], [ -115.2454986, 36.201932099899999 ], [ -115.2454986, 36.201929399900003 ], [ -115.245504, 36.201929399900003 ], [ -115.245504, 36.2019266999 ], [ -115.2455121, 36.2019266999 ], [ -115.2455121, 36.201923999900004 ], [ -115.245531, 36.201923999900004 ], [ -115.245531, 36.2019212999 ], [ -115.2455445, 36.2019212999 ], [ -115.2455445, 36.201918599900004 ], [ -115.2455688, 36.201918599900004 ], [ -115.2455688, 36.2019212999 ], [ -115.2455715, 36.2019212999 ], [ -115.2455715, 36.201918599900004 ], [ -115.2455931, 36.201918599900004 ], [ -115.2455931, 36.201915899900001 ], [ -115.2456039, 36.201915899900001 ], [ -115.2456039, 36.201913199899998 ], [ -115.2456066, 36.201913199899998 ], [ -115.2456066, 36.201910499900002 ], [ -115.245612, 36.201910499900002 ], [ -115.245612, 36.201907799899999 ], [ -115.2456147, 36.201907799899999 ], [ -115.2456147, 36.201905099900003 ], [ -115.2456174, 36.201905099900003 ], [ -115.2456174, 36.2019023999 ], [ -115.2456228, 36.2019023999 ], [ -115.2456228, 36.201899699900004 ], [ -115.2456309, 36.201899699900004 ], [ -115.2456309, 36.201896999900001 ], [ -115.2456417, 36.201896999900001 ], [ -115.2456417, 36.201894299899998 ], [ -115.2456498, 36.201894299899998 ], [ -115.2456498, 36.201891599900001 ], [ -115.2456633, 36.201891599900001 ], [ -115.2456633, 36.201888899899998 ], [ -115.2457011, 36.201888899899998 ], [ -115.2457011, 36.201891599900001 ], [ -115.2457092, 36.201891599900001 ], [ -115.2457092, 36.201894299899998 ], [ -115.2457173, 36.201894299899998 ], [ -115.2457173, 36.201896999900001 ], [ -115.24572, 36.201896999900001 ], [ -115.24572, 36.201894299899998 ], [ -115.2457308, 36.201894299899998 ], [ -115.2457308, 36.201896999900001 ], [ -115.2457389, 36.201896999900001 ], [ -115.2457389, 36.201899699900004 ], [ -115.2457416, 36.201899699900004 ], [ -115.2457416, 36.2019023999 ], [ -115.245747, 36.2019023999 ], [ -115.245747, 36.201905099900003 ], [ -115.2457524, 36.201905099900003 ], [ -115.2457524, 36.201907799899999 ], [ -115.2457578, 36.201907799899999 ], [ -115.2457578, 36.201910499900002 ], [ -115.2457605, 36.201910499900002 ], [ -115.2457605, 36.201913199899998 ], [ -115.2457659, 36.201913199899998 ], [ -115.2457659, 36.201915899900001 ], [ -115.2457713, 36.201915899900001 ], [ -115.2457713, 36.201918599900004 ], [ -115.2457767, 36.201918599900004 ], [ -115.2457767, 36.2019212999 ], [ -115.2457794, 36.2019212999 ], [ -115.2457794, 36.201923999900004 ], [ -115.2457848, 36.201923999900004 ], [ -115.2457848, 36.2019266999 ], [ -115.2457875, 36.2019266999 ], [ -115.2457875, 36.201932099899999 ], [ -115.2457902, 36.201932099899999 ], [ -115.2457902, 36.201940199900001 ], [ -115.2457929, 36.201940199900001 ], [ -115.2457929, 36.201950999899999 ], [ -115.2457956, 36.201950999899999 ], [ -115.2457956, 36.201961799899998 ], [ -115.2457983, 36.201961799899998 ], [ -115.2457983, 36.201991499900004 ], [ -115.245801, 36.201991499900004 ], [ -115.245801, 36.202007699900001 ] ] ] } },
{ "type": "Feature", "properties": { "value": 255.0 }, "geometry": { "type": "Polygon", "coordinates": [ [ [ -115.2452394, 36.201986099900004 ], [ -115.2452259, 36.201986099900004 ], [ -115.2452259, 36.201983399900001 ], [ -115.2452232, 36.201983399900001 ], [ -115.2452232, 36.201980699899998 ], [ -115.2452205, 36.201980699899998 ], [ -115.2452205, 36.201975299899999 ], [ -115.2452178, 36.201975299899999 ], [ -115.2452178, 36.2019698999 ], [ -115.2452151, 36.2019698999 ], [ -115.2452151, 36.201950999899999 ], [ -115.2452178, 36.201950999899999 ], [ -115.2452178, 36.2019455999 ], [ -115.2452232, 36.2019455999 ], [ -115.2452232, 36.201942899900004 ], [ -115.2452259, 36.201942899900004 ], [ -115.2452259, 36.201940199900001 ], [ -115.2452286, 36.201940199900001 ], [ -115.2452286, 36.201937499899998 ], [ -115.2452313, 36.201937499899998 ], [ -115.2452313, 36.201934799900002 ], [ -115.245234, 36.201934799900002 ], [ -115.245234, 36.201932099899999 ], [ -115.2452367, 36.201932099899999 ], [ -115.2452367, 36.201929399900003 ], [ -115.2452448, 36.201929399900003 ], [ -115.2452448, 36.2019266999 ], [ -115.2452502, 36.2019266999 ], [ -115.2452502, 36.201923999900004 ], [ -115.245258299999989, 36.201923999900004 ], [ -115.245258299999989, 36.2019212999 ], [ -115.2452637, 36.2019212999 ], [ -115.2452637, 36.201918599900004 ], [ -115.2452691, 36.201918599900004 ], [ -115.2452691, 36.201915899900001 ], [ -115.2452772, 36.201915899900001 ], [ -115.2452772, 36.201913199899998 ], [ -115.2452853, 36.201913199899998 ], [ -115.2452853, 36.201910499900002 ], [ -115.2452934, 36.201910499900002 ], [ -115.2452934, 36.201907799899999 ], [ -115.2452988, 36.201907799899999 ], [ -115.2452988, 36.201905099900003 ], [ -115.2453042, 36.201905099900003 ], [ -115.2453042, 36.2019023999 ], [ -115.2453123, 36.2019023999 ], [ -115.2453123, 36.201899699900004 ], [ -115.2453177, 36.201899699900004 ], [ -115.2453177, 36.201896999900001 ], [ -115.2453231, 36.201896999900001 ], [ -115.2453231, 36.201894299899998 ], [ -115.2453312, 36.201894299899998 ], [ -115.2453312, 36.201891599900001 ], [ -115.2453366, 36.201891599900001 ], [ -115.2453366, 36.201888899899998 ], [ -115.2453393, 36.201888899899998 ], [ -115.2453393, 36.201886199900002 ], [ -115.2453447, 36.201886199900002 ], [ -115.2453447, 36.201883499899999 ], [ -115.2453501, 36.201883499899999 ], [ -115.2453501, 36.201880799900003 ], [ -115.2453555, 36.201880799900003 ], [ -115.2453555, 36.2018780999 ], [ -115.2453609, 36.2018780999 ], [ -115.2453609, 36.201875399900004 ], [ -115.2453663, 36.201875399900004 ], [ -115.2453663, 36.201872699900001 ], [ -115.2453717, 36.201872699900001 ], [ -115.2453717, 36.201869999899998 ], [ -115.2453771, 36.201869999899998 ], [ -115.2453771, 36.201867299900002 ], [ -115.2453825, 36.201867299900002 ], [ -115.2453825, 36.201864599899999 ], [ -115.2453879, 36.201864599899999 ], [ -115.2453879, 36.201861899900003 ], [ -115.245396, 36.201861899900003 ], [ -115.245396, 36.201859199899999 ], [ -115.2454176, 36.201859199899999 ], [ -115.2454176, 36.201861899900003 ], [ -115.2454203, 36.201861899900003 ], [ -115.2454203, 36.201864599899999 ], [ -115.245423, 36.201864599899999 ], [ -115.245423, 36.201869999899998 ], [ -115.2454257, 36.201869999899998 ], [ -115.2454257, 36.201875399900004 ], [ -115.2454284, 36.201875399900004 ], [ -115.2454284, 36.201883499899999 ], [ -115.2454311, 36.201883499899999 ], [ -115.2454311, 36.201891599900001 ], [ -115.2454284, 36.201891599900001 ], [ -115.2454284, 36.201894299899998 ], [ -115.2454257, 36.201894299899998 ], [ -115.2454257, 36.201896999900001 ], [ -115.245423, 36.201896999900001 ], [ -115.245423, 36.201899699900004 ], [ -115.2454176, 36.201899699900004 ], [ -115.2454176, 36.2019023999 ], [ -115.2454122, 36.2019023999 ], [ -115.2454122, 36.201905099900003 ], [ -115.2454068, 36.201905099900003 ], [ -115.2454068, 36.201907799899999 ], [ -115.2454014, 36.201907799899999 ], [ -115.2454014, 36.201910499900002 ], [ -115.245396, 36.201910499900002 ], [ -115.245396, 36.201913199899998 ], [ -115.2453906, 36.201913199899998 ], [ -115.2453906, 36.201915899900001 ], [ -115.2453852, 36.201915899900001 ], [ -115.2453852, 36.201918599900004 ], [ -115.2453798, 36.201918599900004 ], [ -115.2453798, 36.2019212999 ], [ -115.2453744, 36.2019212999 ], [ -115.2453744, 36.201923999900004 ], [ -115.245369, 36.201923999900004 ], [ -115.245369, 36.2019266999 ], [ -115.2453636, 36.2019266999 ], [ -115.2453636, 36.201929399900003 ], [ -115.2453555, 36.201929399900003 ], [ -115.2453555, 36.201932099899999 ], [ -115.2453501, 36.201932099899999 ], [ -115.2453501, 36.201934799900002 ], [ -115.2453447, 36.201934799900002 ], [ -115.2453447, 36.201937499899998 ], [ -115.2453393, 36.201937499899998 ], [ -115.2453393, 36.201940199900001 ], [ -115.2453339, 36.201940199900001 ], [ -115.2453339, 36.201942899900004 ], [ -115.2453285, 36.201942899900004 ], [ -115.2453285, 36.2019455999 ], [ -115.2453231, 36.2019455999 ], [ -115.2453231, 36.201948299900003 ], [ -115.2453177, 36.201948299900003 ], [ -115.2453177, 36.201950999899999 ], [ -115.2453123, 36.201950999899999 ], [ -115.2453123, 36.201953699900002 ], [ -115.2453069, 36.201953699900002 ], [ -115.2453069, 36.201956399899998 ], [ -115.2453015, 36.201956399899998 ], [ -115.2453015, 36.201959099900002 ], [ -115.2452961, 36.201959099900002 ], [ -115.2452961, 36.201961799899998 ], [ -115.245288, 36.201961799899998 ], [ -115.245288, 36.201964499900001 ], [ -115.2452826, 36.201964499900001 ], [ -115.2452826, 36.201967199900004 ], [ -115.2452772, 36.201967199900004 ], [ -115.2452772, 36.2019698999 ], [ -115.2452718, 36.2019698999 ], [ -115.2452718, 36.201972599900003 ], [ -115.2452664, 36.201972599900003 ], [ -115.2452664, 36.201975299899999 ], [ -115.245261, 36.201975299899999 ], [ -115.245261, 36.201977999900002 ], [ -115.2452529, 36.201977999900002 ], [ -115.2452529, 36.201980699899998 ], [ -115.2452475, 36.201980699899998 ], [ -115.2452475, 36.201983399900001 ], [ -115.2452394, 36.201983399900001 ], [ -115.2452394, 36.201986099900004 ] ] ] } },
{ "type": "Feature", "properties": { "value": 255.0 }, "geometry": { "type": "Polygon", "coordinates": [ [ [ -115.2460926, 36.202007699900001 ], [ -115.2458955, 36.202007699900001 ], [ -115.2458955, 36.201999599899999 ], [ -115.2458928, 36.201999599899999 ], [ -115.2458928, 36.2019941999 ], [ -115.2458901, 36.2019941999 ], [ -115.2458901, 36.201988799900001 ], [ -115.2458874, 36.201988799900001 ], [ -115.2458874, 36.201980699899998 ], [ -115.2458847, 36.201980699899998 ], [ -115.2458847, 36.2019698999 ], [ -115.245882, 36.2019698999 ], [ -115.245882, 36.201964499900001 ], [ -115.2458793, 36.201964499900001 ], [ -115.2458793, 36.201959099900002 ], [ -115.2458766, 36.201959099900002 ], [ -115.2458766, 36.201956399899998 ], [ -115.2458739, 36.201956399899998 ], [ -115.2458739, 36.201953699900002 ], [ -115.2458712, 36.201953699900002 ], [ -115.2458712, 36.201948299900003 ], [ -115.2458685, 36.201948299900003 ], [ -115.2458685, 36.2019455999 ], [ -115.2458658, 36.2019455999 ], [ -115.2458658, 36.201940199900001 ], [ -115.2458631, 36.201940199900001 ], [ -115.2458631, 36.201932099899999 ], [ -115.2458604, 36.201932099899999 ], [ -115.2458604, 36.2019266999 ], [ -115.2458577, 36.2019266999 ], [ -115.2458577, 36.201910499900002 ], [ -115.2458604, 36.201910499900002 ], [ -115.2458604, 36.201907799899999 ], [ -115.2458631, 36.201907799899999 ], [ -115.2458631, 36.201905099900003 ], [ -115.2458658, 36.201905099900003 ], [ -115.2458658, 36.2019023999 ], [ -115.2458685, 36.2019023999 ], [ -115.2458685, 36.201899699900004 ], [ -115.2458712, 36.201899699900004 ], [ -115.2458712, 36.201896999900001 ], [ -115.2458739, 36.201896999900001 ], [ -115.2458739, 36.201894299899998 ], [ -115.2458766, 36.201894299899998 ], [ -115.2458766, 36.201888899899998 ], [ -115.2458793, 36.201888899899998 ], [ -115.2458793, 36.201883499899999 ], [ -115.245882, 36.201883499899999 ], [ -115.245882, 36.201880799900003 ], [ -115.2458847, 36.201880799900003 ], [ -115.2458847, 36.2018780999 ], [ -115.2458874, 36.2018780999 ], [ -115.2458874, 36.201872699900001 ], [ -115.2458901, 36.201872699900001 ], [ -115.2458901, 36.201869999899998 ], [ -115.2458928, 36.201869999899998 ], [ -115.2458928, 36.201867299900002 ], [ -115.2458955, 36.201867299900002 ], [ -115.2458955, 36.201864599899999 ], [ -115.2458982, 36.201864599899999 ], [ -115.2458982, 36.201861899900003 ], [ -115.2459009, 36.201861899900003 ], [ -115.2459009, 36.201859199899999 ], [ -115.2459036, 36.201859199899999 ], [ -115.2459036, 36.201856499900003 ], [ -115.2459063, 36.201856499900003 ], [ -115.2459063, 36.2018537999 ], [ -115.2459117, 36.2018537999 ], [ -115.2459117, 36.201851099900004 ], [ -115.2459144, 36.201851099900004 ], [ -115.2459144, 36.201848399900001 ], [ -115.2459225, 36.201848399900001 ], [ -115.2459225, 36.201845699899998 ], [ -115.2459333, 36.201845699899998 ], [ -115.2459333, 36.201842999900002 ], [ -115.2459603, 36.201842999900002 ], [ -115.2459603, 36.201840299899999 ], [ -115.2459738, 36.201840299899999 ], [ -115.2459738, 36.201837599900003 ], [ -115.2459846, 36.201837599900003 ], [ -115.2459846, 36.2018348999 ], [ -115.2460008, 36.2018348999 ], [ -115.2460008, 36.201837599900003 ], [ -115.2460035, 36.201837599900003 ], [ -115.2460035, 36.201840299899999 ], [ -115.2460062, 36.201840299899999 ], [ -115.2460062, 36.201842999900002 ], [ -115.2460089, 36.201842999900002 ], [ -115.2460089, 36.201845699899998 ], [ -115.2460116, 36.201845699899998 ], [ -115.2460116, 36.201848399900001 ], [ -115.2460143, 36.201848399900001 ], [ -115.2460143, 36.201845699899998 ], [ -115.2460251, 36.201845699899998 ], [ -115.2460251, 36.201848399900001 ], [ -115.2460359, 36.201848399900001 ], [ -115.2460359, 36.201851099900004 ], [ -115.246044, 36.201851099900004 ], [ -115.246044, 36.2018537999 ], [ -115.2460494, 36.2018537999 ], [ -115.2460494, 36.201856499900003 ], [ -115.2460521, 36.201856499900003 ], [ -115.2460521, 36.201859199899999 ], [ -115.2460575, 36.201859199899999 ], [ -115.2460575, 36.201861899900003 ], [ -115.2460791, 36.201861899900003 ], [ -115.2460791, 36.201864599899999 ], [ -115.2460845, 36.201864599899999 ], [ -115.2460845, 36.201869999899998 ], [ -115.2460899, 36.201869999899998 ], [ -115.2460899, 36.201872699900001 ], [ -115.2460926, 36.201872699900001 ], [ -115.2460926, 36.202007699900001 ] ] ] } },
{ "type": "Feature", "properties": { "value": 255.0 }, "geometry": { "type": "Polygon", "coordinates": [ [ [ -115.2455013, 36.201864599899999 ], [ -115.2454797, 36.201864599899999 ], [ -115.2454797, 36.201861899900003 ], [ -115.245477, 36.201861899900003 ], [ -115.245477, 36.201859199899999 ], [ -115.2454743, 36.201859199899999 ], [ -115.2454743, 36.201856499900003 ], [ -115.2454716, 36.201856499900003 ], [ -115.2454716, 36.201851099900004 ], [ -115.2454689, 36.201851099900004 ], [ -115.2454689, 36.201832199900004 ], [ -115.2454716, 36.201832199900004 ], [ -115.2454716, 36.201829499900001 ], [ -115.2454743, 36.201829499900001 ], [ -115.2454743, 36.201826799899997 ], [ -115.245477, 36.201826799899997 ], [ -115.245477, 36.201824099900001 ], [ -115.2454824, 36.201824099900001 ], [ -115.2454824, 36.201821399899998 ], [ -115.2454878, 36.201821399899998 ], [ -115.2454878, 36.201818699900002 ], [ -115.2454932, 36.201818699900002 ], [ -115.2454932, 36.201815999899999 ], [ -115.2455013, 36.201815999899999 ], [ -115.2455013, 36.201813299900003 ], [ -115.2455067, 36.201813299900003 ], [ -115.2455067, 36.2018105999 ], [ -115.2455148, 36.2018105999 ], [ -115.2455148, 36.201807899900004 ], [ -115.2455202, 36.201807899900004 ], [ -115.2455202, 36.201805199900001 ], [ -115.245528299999989, 36.201805199900001 ], [ -115.245528299999989, 36.201802499899998 ], [ -115.2455364, 36.201802499899998 ], [ -115.2455364, 36.201799799900002 ], [ -115.2455418, 36.201799799900002 ], [ -115.2455418, 36.201797099899998 ], [ -115.2455553, 36.201797099899998 ], [ -115.2455553, 36.201794399900002 ], [ -115.2455742, 36.201794399900002 ], [ -115.2455742, 36.201797099899998 ], [ -115.2455769, 36.201797099899998 ], [ -115.2455769, 36.201799799900002 ], [ -115.2455796, 36.201799799900002 ], [ -115.2455796, 36.201805199900001 ], [ -115.2455823, 36.201805199900001 ], [ -115.2455823, 36.2018105999 ], [ -115.245585, 36.2018105999 ], [ -115.245585, 36.201818699900002 ], [ -115.2455877, 36.201818699900002 ], [ -115.2455877, 36.201826799899997 ], [ -115.245585, 36.201826799899997 ], [ -115.245585, 36.201832199900004 ], [ -115.2455823, 36.201832199900004 ], [ -115.2455823, 36.2018348999 ], [ -115.2455769, 36.2018348999 ], [ -115.2455769, 36.201837599900003 ], [ -115.2455688, 36.201837599900003 ], [ -115.2455688, 36.201840299899999 ], [ -115.2455634, 36.201840299899999 ], [ -115.2455634, 36.201842999900002 ], [ -115.2455553, 36.201842999900002 ], [ -115.2455553, 36.201845699899998 ], [ -115.2455499, 36.201845699899998 ], [ -115.2455499, 36.201848399900001 ], [ -115.2455418, 36.201848399900001 ], [ -115.2455418, 36.201851099900004 ], [ -115.2455337, 36.201851099900004 ], [ -115.2455337, 36.2018537999 ], [ -115.2455256, 36.2018537999 ], [ -115.2455256, 36.201856499900003 ], [ -115.2455202, 36.201856499900003 ], [ -115.2455202, 36.201859199899999 ], [ -115.2455121, 36.201859199899999 ], [ -115.2455121, 36.201861899900003 ], [ -115.2455013, 36.201861899900003 ], [ -115.2455013, 36.201864599899999 ] ] ] } },
{ "type": "Feature", "properties": { "value": 255.0 }, "geometry": { "type": "Polygon", "coordinates": [ [ [ -115.2452826, 36.2018105999 ], [ -115.2452556, 36.2018105999 ], [ -115.2452556, 36.201807899900004 ], [ -115.2452529, 36.201807899900004 ], [ -115.2452529, 36.201805199900001 ], [ -115.2452502, 36.201805199900001 ], [ -115.2452502, 36.201783599900004 ], [ -115.2452529, 36.201783599900004 ], [ -115.2452529, 36.201778199899998 ], [ -115.2452556, 36.201778199899998 ], [ -115.2452556, 36.201775499900002 ], [ -115.245258299999989, 36.201775499900002 ], [ -115.245258299999989, 36.201772799899999 ], [ -115.245261, 36.201772799899999 ], [ -115.245261, 36.201770099900003 ], [ -115.2452664, 36.201770099900003 ], [ -115.2452664, 36.201764699900004 ], [ -115.2452691, 36.201764699900004 ], [ -115.2452691, 36.2017619999 ], [ -115.2452718, 36.2017619999 ], [ -115.2452718, 36.201759299899997 ], [ -115.2452745, 36.201759299899997 ], [ -115.2452745, 36.201756599900001 ], [ -115.2452772, 36.201756599900001 ], [ -115.2452772, 36.201753899899998 ], [ -115.2452799, 36.201753899899998 ], [ -115.2452799, 36.201751199900002 ], [ -115.2452826, 36.201751199900002 ], [ -115.2452826, 36.201748499899999 ], [ -115.245288, 36.201748499899999 ], [ -115.245288, 36.201745799900003 ], [ -115.2452934, 36.201745799900003 ], [ -115.2452934, 36.2017430999 ], [ -115.2452961, 36.2017430999 ], [ -115.2452961, 36.201740399900004 ], [ -115.2453042, 36.201740399900004 ], [ -115.2453042, 36.201737699900001 ], [ -115.2453069, 36.201737699900001 ], [ -115.2453069, 36.201740399900004 ], [ -115.2453474, 36.201740399900004 ], [ -115.2453474, 36.2017430999 ], [ -115.2453501, 36.2017430999 ], [ -115.2453501, 36.201745799900003 ], [ -115.2453528, 36.201745799900003 ], [ -115.2453528, 36.201748499899999 ], [ -115.2453555, 36.201748499899999 ], [ -115.2453555, 36.201778199899998 ], [ -115.2453528, 36.201778199899998 ], [ -115.2453528, 36.201780899900001 ], [ -115.2453474, 36.201780899900001 ], [ -115.2453474, 36.201783599900004 ], [ -115.245342, 36.201783599900004 ], [ -115.245342, 36.2017862999 ], [ -115.2453366, 36.2017862999 ], [ -115.2453366, 36.201788999900003 ], [ -115.2453312, 36.201788999900003 ], [ -115.2453312, 36.201791699899999 ], [ -115.245325799999989, 36.201791699899999 ], [ -115.245325799999989, 36.201794399900002 ], [ -115.2453204, 36.201794399900002 ], [ -115.2453204, 36.201797099899998 ], [ -115.245315, 36.201797099899998 ], [ -115.245315, 36.201799799900002 ], [ -115.2453096, 36.201799799900002 ], [ -115.2453096, 36.201802499899998 ], [ -115.2452988, 36.201802499899998 ], [ -115.2452988, 36.201805199900001 ], [ -115.2452934, 36.201805199900001 ], [ -115.2452934, 36.201807899900004 ], [ -115.2452826, 36.201807899900004 ], [ -115.2452826, 36.2018105999 ] ] ] } },
{ "type": "Feature", "properties": { "value": 255.0 }, "geometry": { "type": "Polygon", "coordinates": [ [ [ -115.2456795, 36.201802499899998 ], [ -115.2456525, 36.201802499899998 ], [ -115.2456525, 36.201799799900002 ], [ -115.2456498, 36.201799799900002 ], [ -115.2456498, 36.201797099899998 ], [ -115.2456471, 36.201797099899998 ], [ -115.2456471, 36.201794399900002 ], [ -115.2456444, 36.201794399900002 ], [ -115.2456444, 36.201788999900003 ], [ -115.2456417, 36.201788999900003 ], [ -115.2456417, 36.2017862999 ], [ -115.245639, 36.2017862999 ], [ -115.245639, 36.2017673999 ], [ -115.2456417, 36.2017673999 ], [ -115.2456417, 36.201764699900004 ], [ -115.2456471, 36.201764699900004 ], [ -115.2456471, 36.2017619999 ], [ -115.2456525, 36.2017619999 ], [ -115.2456525, 36.201759299899997 ], [ -115.2456579, 36.201759299899997 ], [ -115.2456579, 36.201756599900001 ], [ -115.245666, 36.201756599900001 ], [ -115.245666, 36.201753899899998 ], [ -115.2456741, 36.201753899899998 ], [ -115.2456741, 36.201751199900002 ], [ -115.2456795, 36.201751199900002 ], [ -115.2456795, 36.201748499899999 ], [ -115.2456849, 36.201748499899999 ], [ -115.2456849, 36.201745799900003 ], [ -115.245693, 36.201745799900003 ], [ -115.245693, 36.2017430999 ], [ -115.2456984, 36.2017430999 ], [ -115.2456984, 36.201740399900004 ], [ -115.2457065, 36.201740399900004 ], [ -115.2457065, 36.201737699900001 ], [ -115.24572, 36.201737699900001 ], [ -115.24572, 36.201732299900002 ], [ -115.2457416, 36.201732299900002 ], [ -115.2457416, 36.201734999899998 ], [ -115.2457443, 36.201734999899998 ], [ -115.2457443, 36.201740399900004 ], [ -115.245747, 36.201740399900004 ], [ -115.245747, 36.201772799899999 ], [ -115.2457416, 36.201772799899999 ], [ -115.2457416, 36.201775499900002 ], [ -115.2457362, 36.201775499900002 ], [ -115.2457362, 36.201778199899998 ], [ -115.2457281, 36.201778199899998 ], [ -115.2457281, 36.201780899900001 ], [ -115.2457173, 36.201780899900001 ], [ -115.2457173, 36.201783599900004 ], [ -115.2457119, 36.201783599900004 ], [ -115.2457119, 36.2017862999 ], [ -115.2457092, 36.2017862999 ], [ -115.2457092, 36.201788999900003 ], [ -115.2457065, 36.201788999900003 ], [ -115.2457065, 36.201791699899999 ], [ -115.2457011, 36.201791699899999 ], [ -115.2457011, 36.201794399900002 ], [ -115.2456957, 36.201794399900002 ], [ -115.2456957, 36.201797099899998 ], [ -115.2456876, 36.201797099899998 ], [ -115.2456876, 36.201799799900002 ], [ -115.2456795, 36.201799799900002 ], [ -115.2456795, 36.201802499899998 ] ] ] } },
{ "type": "Feature", "properties": { "value": 255.0 }, "geometry": { "type": "Polygon", "coordinates": [ [ [ -115.2454365, 36.201745799900003 ], [ -115.2454095, 36.201745799900003 ], [ -115.2454095, 36.2017430999 ], [ -115.2454068, 36.2017430999 ], [ -115.2454068, 36.201740399900004 ], [ -115.2454041, 36.201740399900004 ], [ -115.2454041, 36.201734999899998 ], [ -115.2454014, 36.201734999899998 ], [ -115.2454014, 36.201710699899998 ], [ -115.2454041, 36.201710699899998 ], [ -115.2454041, 36.201707999900002 ], [ -115.2454068, 36.201707999900002 ], [ -115.2454068, 36.201705299899999 ], [ -115.2454122, 36.201705299899999 ], [ -115.2454122, 36.201702599900003 ], [ -115.2454176, 36.201702599900003 ], [ -115.2454176, 36.201699899899999 ], [ -115.2454257, 36.201699899899999 ], [ -115.2454257, 36.201697199900003 ], [ -115.2454311, 36.201697199900003 ], [ -115.2454311, 36.2016944999 ], [ -115.2454338, 36.2016944999 ], [ -115.2454338, 36.201691799899997 ], [ -115.2454392, 36.201691799899997 ], [ -115.2454392, 36.201689099900001 ], [ -115.2454473, 36.201689099900001 ], [ -115.2454473, 36.201686399899998 ], [ -115.2454554, 36.201686399899998 ], [ -115.2454554, 36.201683699900002 ], [ -115.245460799999989, 36.201683699900002 ], [ -115.245460799999989, 36.201680999899999 ], [ -115.2454689, 36.201680999899999 ], [ -115.2454689, 36.201678299900003 ], [ -115.245477, 36.201678299900003 ], [ -115.245477, 36.2016755999 ], [ -115.2454824, 36.2016755999 ], [ -115.2454824, 36.201672899900004 ], [ -115.2454905, 36.201672899900004 ], [ -115.2454905, 36.201670199900001 ], [ -115.2455202, 36.201670199900001 ], [ -115.2455202, 36.201672899900004 ], [ -115.2455229, 36.201672899900004 ], [ -115.2455229, 36.2016755999 ], [ -115.2455256, 36.2016755999 ], [ -115.2455256, 36.201683699900002 ], [ -115.245528299999989, 36.201683699900002 ], [ -115.245528299999989, 36.2016944999 ], [ -115.245531, 36.2016944999 ], [ -115.245531, 36.201707999900002 ], [ -115.2455256, 36.201707999900002 ], [ -115.2455256, 36.201710699899998 ], [ -115.2455229, 36.201710699899998 ], [ -115.2455229, 36.201713399900001 ], [ -115.2455175, 36.201713399900001 ], [ -115.2455175, 36.201716099900004 ], [ -115.2455121, 36.201716099900004 ], [ -115.2455121, 36.2017187999 ], [ -115.245504, 36.2017187999 ], [ -115.245504, 36.201721499900003 ], [ -115.2454986, 36.201721499900003 ], [ -115.2454986, 36.201724199899999 ], [ -115.2454905, 36.201724199899999 ], [ -115.2454905, 36.201726899900002 ], [ -115.2454851, 36.201726899900002 ], [ -115.2454851, 36.201729599899998 ], [ -115.245477, 36.201729599899998 ], [ -115.245477, 36.201732299900002 ], [ -115.2454716, 36.201732299900002 ], [ -115.2454716, 36.201734999899998 ], [ -115.2454635, 36.201734999899998 ], [ -115.2454635, 36.201737699900001 ], [ -115.2454554, 36.201737699900001 ], [ -115.2454554, 36.201740399900004 ], [ -115.2454473, 36.201740399900004 ], [ -115.2454473, 36.2017430999 ], [ -115.2454365, 36.2017430999 ], [ -115.2454365, 36.201745799900003 ] ] ] } },
{ "type": "Feature", "properties": { "value": 255.0 }, "geometry": { "type": "Polygon", "coordinates": [ [ [ -115.2456012, 36.201683699900002 ], [ -115.2455985, 36.201683699900002 ], [ -115.2455985, 36.201680999899999 ], [ -115.2455904, 36.201680999899999 ], [ -115.2455904, 36.201678299900003 ], [ -115.2455877, 36.201678299900003 ], [ -115.2455877, 36.2016755999 ], [ -115.245585, 36.2016755999 ], [ -115.245585, 36.201670199900001 ], [ -115.2455823, 36.201670199900001 ], [ -115.2455823, 36.201664799900001 ], [ -115.2455796, 36.201664799900001 ], [ -115.2455796, 36.201662099899998 ], [ -115.2455769, 36.201662099899998 ], [ -115.2455769, 36.201656699899999 ], [ -115.2455742, 36.201656699899999 ], [ -115.2455742, 36.201643199899998 ], [ -115.2455769, 36.201643199899998 ], [ -115.2455769, 36.201640499900002 ], [ -115.2455796, 36.201640499900002 ], [ -115.2455796, 36.201637799899999 ], [ -115.2455823, 36.201637799899999 ], [ -115.2455823, 36.201635099900003 ], [ -115.2456093, 36.201635099900003 ], [ -115.2456093, 36.201632399899999 ], [ -115.2456174, 36.201632399899999 ], [ -115.2456174, 36.201629699900003 ], [ -115.2456282, 36.201629699900003 ], [ -115.2456282, 36.2016269999 ], [ -115.2456417, 36.2016269999 ], [ -115.2456417, 36.201624299899997 ], [ -115.2456498, 36.201624299899997 ], [ -115.2456498, 36.2016269999 ], [ -115.2456579, 36.2016269999 ], [ -115.2456579, 36.201629699900003 ], [ -115.2456606, 36.201629699900003 ], [ -115.2456606, 36.201632399899999 ], [ -115.2456633, 36.201632399899999 ], [ -115.2456633, 36.201635099900003 ], [ -115.2457119, 36.201635099900003 ], [ -115.2457119, 36.201645899900001 ], [ -115.2457092, 36.201645899900001 ], [ -115.2457092, 36.2016512999 ], [ -115.2457065, 36.2016512999 ], [ -115.2457065, 36.201653999900003 ], [ -115.2456984, 36.201653999900003 ], [ -115.2456984, 36.201656699899999 ], [ -115.2456714, 36.201656699899999 ], [ -115.2456714, 36.201659399900002 ], [ -115.2456633, 36.201659399900002 ], [ -115.2456633, 36.201662099899998 ], [ -115.2456552, 36.201662099899998 ], [ -115.2456552, 36.201664799900001 ], [ -115.2456471, 36.201664799900001 ], [ -115.2456471, 36.201667499899997 ], [ -115.245639, 36.201667499899997 ], [ -115.245639, 36.201670199900001 ], [ -115.2456336, 36.201670199900001 ], [ -115.2456336, 36.201672899900004 ], [ -115.2456282, 36.201672899900004 ], [ -115.2456282, 36.2016755999 ], [ -115.2456201, 36.2016755999 ], [ -115.2456201, 36.201678299900003 ], [ -115.2456147, 36.201678299900003 ], [ -115.2456147, 36.201680999899999 ], [ -115.2456012, 36.201680999899999 ], [ -115.2456012, 36.201683699900002 ] ] ] } },
{ "type": "Feature", "properties": { "value": 255.0 }, "geometry": { "type": "Polygon", "coordinates": [ [ [ -115.2460548, 36.201632399899999 ], [ -115.2460494, 36.201632399899999 ], [ -115.2460494, 36.201629699900003 ], [ -115.2460278, 36.201629699900003 ], [ -115.2460278, 36.2016269999 ], [ -115.246017, 36.2016269999 ], [ -115.246017, 36.201624299899997 ], [ -115.2460089, 36.201624299899997 ], [ -115.2460089, 36.201621599900001 ], [ -115.2460035, 36.201621599900001 ], [ -115.2460035, 36.201618899899998 ], [ -115.2460008, 36.201618899899998 ], [ -115.2460008, 36.201616199900002 ], [ -115.2459981, 36.201616199900002 ], [ -115.2459981, 36.201610799900003 ], [ -115.2459954, 36.201610799900003 ], [ -115.2459954, 36.2016026999 ], [ -115.2459981, 36.2016026999 ], [ -115.2459981, 36.201597299900001 ], [ -115.2460008, 36.201597299900001 ], [ -115.2460008, 36.201594599899998 ], [ -115.2460035, 36.201594599899998 ], [ -115.2460035, 36.201591899900002 ], [ -115.2460062, 36.201591899900002 ], [ -115.2460062, 36.201589199899999 ], [ -115.2460278, 36.201589199899999 ], [ -115.2460278, 36.201591899900002 ], [ -115.2460656, 36.201591899900002 ], [ -115.2460656, 36.201589199899999 ], [ -115.2460737, 36.201589199899999 ], [ -115.2460737, 36.201591899900002 ], [ -115.2460791, 36.201591899900002 ], [ -115.2460791, 36.201613499899999 ], [ -115.2460818, 36.201613499899999 ], [ -115.2460818, 36.201621599900001 ], [ -115.2460791, 36.201621599900001 ], [ -115.2460791, 36.2016269999 ], [ -115.2460764, 36.2016269999 ], [ -115.2460764, 36.201629699900003 ], [ -115.2460548, 36.201629699900003 ], [ -115.2460548, 36.201632399899999 ] ] ] } },
{ "type": "Feature", "properties": { "value": 255.0 }, "geometry": { "type": "Polygon", "coordinates": [ [ [ -115.2458658, 36.201616199900002 ], [ -115.2458496, 36.201616199900002 ], [ -115.2458496, 36.201613499899999 ], [ -115.2458469, 36.201613499899999 ], [ -115.2458469, 36.201594599899998 ], [ -115.2458523, 36.201594599899998 ], [ -115.2458523, 36.201591899900002 ], [ -115.2458577, 36.201591899900002 ], [ -115.2458577, 36.201589199899999 ], [ -115.2458631, 36.201589199899999 ], [ -115.2458631, 36.201591899900002 ], [ -115.2458793, 36.201591899900002 ], [ -115.2458793, 36.201589199899999 ], [ -115.2458928, 36.201589199899999 ], [ -115.2458928, 36.201591899900002 ], [ -115.2459036, 36.201591899900002 ], [ -115.2459036, 36.201594599899998 ], [ -115.2459063, 36.201594599899998 ], [ -115.2459063, 36.201599999899997 ], [ -115.2459009, 36.201599999899997 ], [ -115.2459009, 36.2016026999 ], [ -115.2458982, 36.2016026999 ], [ -115.2458982, 36.201605399900004 ], [ -115.2458928, 36.201605399900004 ], [ -115.2458928, 36.2016080999 ], [ -115.245882, 36.2016080999 ], [ -115.245882, 36.201610799900003 ], [ -115.2458739, 36.201610799900003 ], [ -115.2458739, 36.201613499899999 ], [ -115.2458658, 36.201613499899999 ], [ -115.2458658, 36.201616199900002 ] ] ] } },
{ "type": "Feature", "properties": { "value": 255.0 }, "geometry": { "type": "Polygon", "coordinates": [ [ [ -115.2458199, 36.201635099900003 ], [ -115.2457767, 36.201635099900003 ], [ -115.2457767, 36.201632399899999 ], [ -115.2457713, 36.201632399899999 ], [ -115.2457713, 36.2016269999 ], [ -115.2457686, 36.2016269999 ], [ -115.2457686, 36.201616199900002 ], [ -115.2457713, 36.201616199900002 ], [ -115.2457713, 36.201597299900001 ], [ -115.245774, 36.201597299900001 ], [ -115.245774, 36.201594599899998 ], [ -115.2457767, 36.201594599899998 ], [ -115.2457767, 36.201591899900002 ], [ -115.2457794, 36.201591899900002 ], [ -115.2457794, 36.201589199899999 ], [ -115.2457929, 36.201589199899999 ], [ -115.2457929, 36.201586499900003 ], [ -115.245828, 36.201586499900003 ], [ -115.245828, 36.201589199899999 ], [ -115.2458307, 36.201589199899999 ], [ -115.2458307, 36.201594599899998 ], [ -115.2458334, 36.201594599899998 ], [ -115.2458334, 36.201597299900001 ], [ -115.2458307, 36.201597299900001 ], [ -115.2458307, 36.201621599900001 ], [ -115.245828, 36.201621599900001 ], [ -115.245828, 36.201629699900003 ], [ -115.2458253, 36.201629699900003 ], [ -115.2458253, 36.201632399899999 ], [ -115.2458199, 36.201632399899999 ], [ -115.2458199, 36.201635099900003 ] ] ] } },
{ "type": "Feature", "properties": { "value": 255.0 }, "geometry": { "type": "Polygon", "coordinates": [ [ [ -115.2449937, 36.201653999900003 ], [ -115.244964, 36.201653999900003 ], [ -115.244964, 36.2016512999 ], [ -115.2449505, 36.2016512999 ], [ -115.2449505, 36.201648599900004 ], [ -115.2449478, 36.201648599900004 ], [ -115.2449478, 36.201594599899998 ], [ -115.2449505, 36.201594599899998 ], [ -115.2449505, 36.201551399899998 ], [ -115.2449532, 36.201551399899998 ], [ -115.2449532, 36.2015351999 ], [ -115.2449559, 36.2015351999 ], [ -115.2449559, 36.201502799899998 ], [ -115.2449586, 36.201502799899998 ], [ -115.2449586, 36.201464999899997 ], [ -115.2449613, 36.201464999899997 ], [ -115.2449613, 36.2014244999 ], [ -115.244964, 36.2014244999 ], [ -115.244964, 36.201413699900002 ], [ -115.2449667, 36.201413699900002 ], [ -115.2449667, 36.201408299900002 ], [ -115.245018, 36.201408299900002 ], [ -115.245018, 36.201413699900002 ], [ -115.2450207, 36.201413699900002 ], [ -115.2450207, 36.201421799899997 ], [ -115.245018, 36.201421799899997 ], [ -115.245018, 36.2014487999 ], [ -115.2450153, 36.2014487999 ], [ -115.2450153, 36.201481199900002 ], [ -115.2450126, 36.201481199900002 ], [ -115.2450126, 36.201510899900001 ], [ -115.2450099, 36.201510899900001 ], [ -115.2450099, 36.2015351999 ], [ -115.245007199999989, 36.2015351999 ], [ -115.245007199999989, 36.201570299899998 ], [ -115.2450045, 36.201570299899998 ], [ -115.2450045, 36.2016080999 ], [ -115.2450018, 36.2016080999 ], [ -115.2450018, 36.201640499900002 ], [ -115.2449991, 36.201640499900002 ], [ -115.2449991, 36.2016512999 ], [ -115.2449937, 36.2016512999 ], [ -115.2449937, 36.201653999900003 ] ] ] } },
{ "type": "Feature", "properties": { "value": 255.0 }, "geometry": { "type": "Polygon", "coordinates": [ [ [ -115.2453015, 36.201670199900001 ], [ -115.2452934, 36.201670199900001 ], [ -115.2452934, 36.201667499899997 ], [ -115.245288, 36.201667499899997 ], [ -115.245288, 36.201664799900001 ], [ -115.2452853, 36.201664799900001 ], [ -115.2452853, 36.201662099899998 ], [ -115.2452799, 36.201662099899998 ], [ -115.2452799, 36.201659399900002 ], [ -115.2452772, 36.201659399900002 ], [ -115.2452772, 36.201656699899999 ], [ -115.2452637, 36.201656699899999 ], [ -115.2452637, 36.201653999900003 ], [ -115.245261, 36.201653999900003 ], [ -115.245261, 36.2016512999 ], [ -115.245258299999989, 36.2016512999 ], [ -115.245258299999989, 36.201648599900004 ], [ -115.2452556, 36.201648599900004 ], [ -115.2452556, 36.201645899900001 ], [ -115.2452529, 36.201645899900001 ], [ -115.2452529, 36.201640499900002 ], [ -115.2452502, 36.201640499900002 ], [ -115.2452502, 36.201635099900003 ], [ -115.2452529, 36.201635099900003 ], [ -115.2452529, 36.201632399899999 ], [ -115.2452502, 36.201632399899999 ], [ -115.2452502, 36.2016269999 ], [ -115.2452475, 36.2016269999 ], [ -115.2452475, 36.201624299899997 ], [ -115.2452448, 36.201624299899997 ], [ -115.2452448, 36.201621599900001 ], [ -115.2452421, 36.201621599900001 ], [ -115.2452421, 36.201616199900002 ], [ -115.2452394, 36.201616199900002 ], [ -115.2452394, 36.201610799900003 ], [ -115.2452367, 36.201610799900003 ], [ -115.2452367, 36.201605399900004 ], [ -115.245234, 36.201605399900004 ], [ -115.245234, 36.201575699899998 ], [ -115.2452313, 36.201575699899998 ], [ -115.2452313, 36.201554099900001 ], [ -115.2452286, 36.201554099900001 ], [ -115.2452286, 36.201527099899998 ], [ -115.2452313, 36.201527099899998 ], [ -115.2452313, 36.201524399900002 ], [ -115.2452421, 36.201524399900002 ], [ -115.2452421, 36.201521699899999 ], [ -115.2452556, 36.201521699899999 ], [ -115.2452556, 36.201518999900003 ], [ -115.2452637, 36.201518999900003 ], [ -115.2452637, 36.2015162999 ], [ -115.2452718, 36.2015162999 ], [ -115.2452718, 36.201513599900004 ], [ -115.2452772, 36.201513599900004 ], [ -115.2452772, 36.201510899900001 ], [ -115.2452826, 36.201510899900001 ], [ -115.2452826, 36.201508199899997 ], [ -115.245288, 36.201508199899997 ], [ -115.245288, 36.201505499900001 ], [ -115.2452934, 36.201505499900001 ], [ -115.2452934, 36.201502799899998 ], [ -115.2452988, 36.201502799899998 ], [ -115.2452988, 36.201500099900002 ], [ -115.2453123, 36.201500099900002 ], [ -115.2453123, 36.201497399899999 ], [ -115.2453204, 36.201497399899999 ], [ -115.2453204, 36.201494699900003 ], [ -115.2453231, 36.201494699900003 ], [ -115.2453231, 36.201489299899997 ], [ -115.245325799999989, 36.201489299899997 ], [ -115.245325799999989, 36.201486599900001 ], [ -115.2453285, 36.201486599900001 ], [ -115.2453285, 36.201481199900002 ], [ -115.2453339, 36.201481199900002 ], [ -115.2453339, 36.201478499899999 ], [ -115.2453366, 36.201478499899999 ], [ -115.2453366, 36.201475799900003 ], [ -115.2453501, 36.201475799900003 ], [ -115.2453501, 36.201473099899999 ], [ -115.2453852, 36.201473099899999 ], [ -115.2453852, 36.201470399900003 ], [ -115.2453906, 36.201470399900003 ], [ -115.2453906, 36.2014676999 ], [ -115.245393299999989, 36.2014676999 ], [ -115.245393299999989, 36.201464999899997 ], [ -115.2453987, 36.201464999899997 ], [ -115.2453987, 36.201462299900001 ], [ -115.2454041, 36.201462299900001 ], [ -115.2454041, 36.201459599899998 ], [ -115.2454149, 36.201459599899998 ], [ -115.2454149, 36.201456899900002 ], [ -115.2454284, 36.201456899900002 ], [ -115.2454284, 36.201454199899999 ], [ -115.2454581, 36.201454199899999 ], [ -115.2454581, 36.201456899900002 ], [ -115.2454662, 36.201456899900002 ], [ -115.2454662, 36.201459599899998 ], [ -115.2454743, 36.201459599899998 ], [ -115.2454743, 36.201456899900002 ], [ -115.2454878, 36.201456899900002 ], [ -115.2454878, 36.201454199899999 ], [ -115.2455013, 36.201454199899999 ], [ -115.2455013, 36.201451499900003 ], [ -115.2455067, 36.201451499900003 ], [ -115.2455067, 36.2014487999 ], [ -115.2455121, 36.2014487999 ], [ -115.2455121, 36.201446099900004 ], [ -115.2455148, 36.201446099900004 ], [ -115.2455148, 36.2014433999 ], [ -115.2455175, 36.2014433999 ], [ -115.2455175, 36.201440699899997 ], [ -115.2455202, 36.201440699899997 ], [ -115.2455202, 36.201437999900001 ], [ -115.2455229, 36.201437999900001 ], [ -115.2455229, 36.201435299899998 ], [ -115.2455256, 36.201435299899998 ], [ -115.2455256, 36.201432599900002 ], [ -115.245531, 36.201432599900002 ], [ -115.245531, 36.201429899899999 ], [ -115.2455364, 36.201429899899999 ], [ -115.2455364, 36.201427199900003 ], [ -115.2455418, 36.201427199900003 ], [ -115.2455418, 36.2014244999 ], [ -115.2455526, 36.2014244999 ], [ -115.2455526, 36.201421799899997 ], [ -115.2455688, 36.201421799899997 ], [ -115.2455688, 36.2014244999 ], [ -115.2455823, 36.2014244999 ], [ -115.2455823, 36.201421799899997 ], [ -115.245585, 36.201421799899997 ], [ -115.245585, 36.201408299900002 ], [ -115.2455877, 36.201408299900002 ], [ -115.2455877, 36.201405599899999 ], [ -115.2455904, 36.201405599899999 ], [ -115.2455904, 36.201402899900003 ], [ -115.2455931, 36.201402899900003 ], [ -115.2455931, 36.2014001999 ], [ -115.2456039, 36.2014001999 ], [ -115.2456039, 36.201397499899997 ], [ -115.245612, 36.201397499899997 ], [ -115.245612, 36.201394799900001 ], [ -115.2456363, 36.201394799900001 ], [ -115.2456363, 36.201392099899998 ], [ -115.2456498, 36.201392099899998 ], [ -115.2456498, 36.201389399900002 ], [ -115.2456579, 36.201389399900002 ], [ -115.2456579, 36.201386699899999 ], [ -115.2456714, 36.201386699899999 ], [ -115.2456714, 36.201383999900003 ], [ -115.2456849, 36.201383999900003 ], [ -115.2456849, 36.2013812999 ], [ -115.2457281, 36.2013812999 ], [ -115.2457281, 36.201378599900004 ], [ -115.245747, 36.201378599900004 ], [ -115.245747, 36.2013812999 ], [ -115.2457551, 36.2013812999 ], [ -115.2457551, 36.201383999900003 ], [ -115.2457578, 36.201383999900003 ], [ -115.2457578, 36.201386699899999 ], [ -115.2457605, 36.201386699899999 ], [ -115.2457605, 36.201389399900002 ], [ -115.2457632, 36.201389399900002 ], [ -115.2457632, 36.201392099899998 ], [ -115.2457659, 36.201392099899998 ], [ -115.2457659, 36.201394799900001 ], [ -115.2457713, 36.201394799900001 ], [ -115.2457713, 36.201397499899997 ], [ -115.245774, 36.201397499899997 ], [ -115.245774, 36.2014001999 ], [ -115.2457767, 36.2014001999 ], [ -115.2457767, 36.201402899900003 ], [ -115.2457794, 36.201402899900003 ], [ -115.2457794, 36.201440699899997 ], [ -115.2457821, 36.201440699899997 ], [ -115.2457821, 36.201451499900003 ], [ -115.2457848, 36.201451499900003 ], [ -115.2457848, 36.201459599899998 ], [ -115.2457875, 36.201459599899998 ], [ -115.2457875, 36.201473099899999 ], [ -115.2457902, 36.201473099899999 ], [ -115.2457902, 36.201483899899998 ], [ -115.2457929, 36.201483899899998 ], [ -115.2457929, 36.201489299899997 ], [ -115.2457956, 36.201489299899997 ], [ -115.2457956, 36.201494699900003 ], [ -115.2457983, 36.201494699900003 ], [ -115.2457983, 36.201497399899999 ], [ -115.245801, 36.201497399899999 ], [ -115.245801, 36.201502799899998 ], [ -115.2458037, 36.201502799899998 ], [ -115.2458037, 36.201505499900001 ], [ -115.2458064, 36.201505499900001 ], [ -115.2458064, 36.201508199899997 ], [ -115.2458091, 36.201508199899997 ], [ -115.2458091, 36.201521699899999 ], [ -115.2458037, 36.201521699899999 ], [ -115.2458037, 36.201524399900002 ], [ -115.2457956, 36.201524399900002 ], [ -115.2457956, 36.201527099899998 ], [ -115.2457875, 36.201527099899998 ], [ -115.2457875, 36.201529799900001 ], [ -115.2457821, 36.201529799900001 ], [ -115.2457821, 36.201532499899997 ], [ -115.2457794, 36.201532499899997 ], [ -115.2457794, 36.201537899900003 ], [ -115.2457767, 36.201537899900003 ], [ -115.2457767, 36.2015405999 ], [ -115.2457686, 36.2015405999 ], [ -115.2457686, 36.201543299900003 ], [ -115.2457605, 36.201543299900003 ], [ -115.2457605, 36.201545999899999 ], [ -115.2457497, 36.201545999899999 ], [ -115.2457497, 36.201548699900002 ], [ -115.2457416, 36.201548699900002 ], [ -115.2457416, 36.201551399899998 ], [ -115.2457308, 36.201551399899998 ], [ -115.2457308, 36.201554099900001 ], [ -115.2457254, 36.201554099900001 ], [ -115.2457254, 36.201556799899997 ], [ -115.24572, 36.201556799899997 ], [ -115.24572, 36.2015594999 ], [ -115.2457173, 36.2015594999 ], [ -115.2457173, 36.201562199900003 ], [ -115.2457119, 36.201562199900003 ], [ -115.2457119, 36.201564899899999 ], [ -115.2457092, 36.201564899899999 ], [ -115.2457092, 36.201570299899998 ], [ -115.2457065, 36.201570299899998 ], [ -115.2457065, 36.201572999900002 ], [ -115.2457038, 36.201572999900002 ], [ -115.2457038, 36.201575699899998 ], [ -115.2456984, 36.201575699899998 ], [ -115.2456984, 36.201578399900001 ], [ -115.2456876, 36.201578399900001 ], [ -115.2456876, 36.201581099900004 ], [ -115.2456471, 36.201581099900004 ], [ -115.2456471, 36.2015837999 ], [ -115.2456309, 36.2015837999 ], [ -115.2456309, 36.201586499900003 ], [ -115.2456174, 36.201586499900003 ], [ -115.2456174, 36.201589199899999 ], [ -115.2456039, 36.201589199899999 ], [ -115.2456039, 36.201591899900002 ], [ -115.2455877, 36.201591899900002 ], [ -115.2455877, 36.201589199899999 ], [ -115.245585, 36.201589199899999 ], [ -115.245585, 36.201586499900003 ], [ -115.2455823, 36.201586499900003 ], [ -115.2455823, 36.2015837999 ], [ -115.2455769, 36.2015837999 ], [ -115.2455769, 36.201581099900004 ], [ -115.2455553, 36.201581099900004 ], [ -115.2455553, 36.2015837999 ], [ -115.2455391, 36.2015837999 ], [ -115.2455391, 36.201586499900003 ], [ -115.245531, 36.201586499900003 ], [ -115.245531, 36.201589199899999 ], [ -115.2455256, 36.201589199899999 ], [ -115.2455256, 36.201591899900002 ], [ -115.2455229, 36.201591899900002 ], [ -115.2455229, 36.201613499899999 ], [ -115.2455202, 36.201613499899999 ], [ -115.2455202, 36.201616199900002 ], [ -115.2455121, 36.201616199900002 ], [ -115.2455121, 36.201618899899998 ], [ -115.2454986, 36.201618899899998 ], [ -115.2454986, 36.201621599900001 ], [ -115.2454878, 36.201621599900001 ], [ -115.2454878, 36.201624299899997 ], [ -115.2454797, 36.201624299899997 ], [ -115.2454797, 36.2016269999 ], [ -115.2454716, 36.2016269999 ], [ -115.2454716, 36.201629699900003 ], [ -115.2454581, 36.201629699900003 ], [ -115.2454581, 36.201632399899999 ], [ -115.2454554, 36.201632399899999 ], [ -115.2454554, 36.201635099900003 ], [ -115.24545, 36.201635099900003 ], [ -115.24545, 36.201640499900002 ], [ -115.2454473, 36.201640499900002 ], [ -115.2454473, 36.201645899900001 ], [ -115.2454446, 36.201645899900001 ], [ -115.2454446, 36.201648599900004 ], [ -115.2454311, 36.201648599900004 ], [ -115.2454311, 36.2016512999 ], [ -115.245393299999989, 36.2016512999 ], [ -115.245393299999989, 36.201653999900003 ], [ -115.2453852, 36.201653999900003 ], [ -115.2453852, 36.201656699899999 ], [ -115.2453771, 36.201656699899999 ], [ -115.2453771, 36.201659399900002 ], [ -115.2453663, 36.201659399900002 ], [ -115.2453663, 36.201662099899998 ], [ -115.2453555, 36.201662099899998 ], [ -115.2453555, 36.201664799900001 ], [ -115.245342, 36.201664799900001 ], [ -115.245342, 36.201667499899997 ], [ -115.2453285, 36.201667499899997 ], [ -115.2453285, 36.201664799900001 ], [ -115.245315, 36.201664799900001 ], [ -115.245315, 36.201667499899997 ], [ -115.2453015, 36.201667499899997 ], [ -115.2453015, 36.201670199900001 ] ] ] } },
{ "type": "Feature", "properties": { "value": 255.0 }, "geometry": { "type": "Polygon", "coordinates": [ [ [ -115.2451692, 36.201486599900001 ], [ -115.2451368, 36.201486599900001 ], [ -115.2451368, 36.201483899899998 ], [ -115.245126, 36.201483899899998 ], [ -115.245126, 36.2014433999 ], [ -115.2451287, 36.2014433999 ], [ -115.2451287, 36.2014001999 ], [ -115.2451314, 36.2014001999 ], [ -115.2451314, 36.201386699899999 ], [ -115.2451341, 36.201386699899999 ], [ -115.2451341, 36.201378599900004 ], [ -115.2451368, 36.201378599900004 ], [ -115.2451368, 36.201373199899997 ], [ -115.2451638, 36.201373199899997 ], [ -115.2451638, 36.2013758999 ], [ -115.2451665, 36.2013758999 ], [ -115.2451665, 36.201378599900004 ], [ -115.2451692, 36.201378599900004 ], [ -115.2451692, 36.2013812999 ], [ -115.2451719, 36.2013812999 ], [ -115.2451719, 36.201386699899999 ], [ -115.2451773, 36.201386699899999 ], [ -115.2451773, 36.201389399900002 ], [ -115.2451827, 36.201389399900002 ], [ -115.2451827, 36.201392099899998 ], [ -115.2451854, 36.201392099899998 ], [ -115.2451854, 36.2014001999 ], [ -115.2451827, 36.2014001999 ], [ -115.2451827, 36.201419099900001 ], [ -115.24518, 36.201419099900001 ], [ -115.24518, 36.201440699899997 ], [ -115.2451773, 36.201440699899997 ], [ -115.2451773, 36.201470399900003 ], [ -115.2451746, 36.201470399900003 ], [ -115.2451746, 36.201483899899998 ], [ -115.2451692, 36.201483899899998 ], [ -115.2451692, 36.201486599900001 ] ] ] } },
{ "type": "Feature", "properties": { "value": 255.0 }, "geometry": { "type": "Polygon", "coordinates": [ [ [ -115.2460548, 36.2015594999 ], [ -115.246044, 36.2015594999 ], [ -115.246044, 36.201556799899997 ], [ -115.2460224, 36.201556799899997 ], [ -115.2460224, 36.201554099900001 ], [ -115.2460116, 36.201554099900001 ], [ -115.2460116, 36.201551399899998 ], [ -115.2460008, 36.201551399899998 ], [ -115.2460008, 36.201548699900002 ], [ -115.2459819, 36.201548699900002 ], [ -115.2459819, 36.201545999899999 ], [ -115.245963, 36.201545999899999 ], [ -115.245963, 36.201543299900003 ], [ -115.245936, 36.201543299900003 ], [ -115.245936, 36.2015405999 ], [ -115.2459063, 36.2015405999 ], [ -115.2459063, 36.201537899900003 ], [ -115.2458982, 36.201537899900003 ], [ -115.2458982, 36.2015351999 ], [ -115.2458955, 36.2015351999 ], [ -115.2458955, 36.201532499899997 ], [ -115.2458901, 36.201532499899997 ], [ -115.2458901, 36.201529799900001 ], [ -115.2458874, 36.201529799900001 ], [ -115.2458874, 36.201527099899998 ], [ -115.245882, 36.201527099899998 ], [ -115.245882, 36.201524399900002 ], [ -115.2458793, 36.201524399900002 ], [ -115.2458793, 36.201521699899999 ], [ -115.2458766, 36.201521699899999 ], [ -115.2458766, 36.201518999900003 ], [ -115.2458739, 36.201518999900003 ], [ -115.2458739, 36.2015162999 ], [ -115.2458712, 36.2015162999 ], [ -115.2458712, 36.201513599900004 ], [ -115.2458685, 36.201513599900004 ], [ -115.2458685, 36.2014676999 ], [ -115.2458712, 36.2014676999 ], [ -115.2458712, 36.201459599899998 ], [ -115.2458739, 36.201459599899998 ], [ -115.2458739, 36.201451499900003 ], [ -115.2458766, 36.201451499900003 ], [ -115.2458766, 36.2014433999 ], [ -115.2458739, 36.2014433999 ], [ -115.2458739, 36.201435299899998 ], [ -115.2458766, 36.201435299899998 ], [ -115.2458766, 36.2014244999 ], [ -115.2458793, 36.2014244999 ], [ -115.2458793, 36.201416399899998 ], [ -115.245882, 36.201416399899998 ], [ -115.245882, 36.201413699900002 ], [ -115.2458847, 36.201413699900002 ], [ -115.2458847, 36.201410999899998 ], [ -115.2458874, 36.201410999899998 ], [ -115.2458874, 36.201408299900002 ], [ -115.2458901, 36.201408299900002 ], [ -115.2458901, 36.201351599900001 ], [ -115.2458928, 36.201351599900001 ], [ -115.2458928, 36.201346199900001 ], [ -115.2458955, 36.201346199900001 ], [ -115.2458955, 36.201343499899998 ], [ -115.2458982, 36.201343499899998 ], [ -115.2458982, 36.201340799900002 ], [ -115.2459225, 36.201340799900002 ], [ -115.2459225, 36.201338099899999 ], [ -115.2459279, 36.201338099899999 ], [ -115.2459279, 36.2013326999 ], [ -115.2459306, 36.2013326999 ], [ -115.2459306, 36.201324599899998 ], [ -115.2459333, 36.201324599899998 ], [ -115.2459333, 36.2013083999 ], [ -115.245936, 36.2013083999 ], [ -115.245936, 36.201305699899997 ], [ -115.2459333, 36.201305699899997 ], [ -115.2459333, 36.201302999900001 ], [ -115.2459306, 36.201302999900001 ], [ -115.2459306, 36.201300299899998 ], [ -115.2459252, 36.201300299899998 ], [ -115.2459252, 36.201297599900002 ], [ -115.2459144, 36.201297599900002 ], [ -115.2459144, 36.201294899899999 ], [ -115.2459117, 36.201294899899999 ], [ -115.2459117, 36.2012894999 ], [ -115.245909, 36.2012894999 ], [ -115.245909, 36.201278699900001 ], [ -115.2459117, 36.201278699900001 ], [ -115.2459117, 36.201251699899998 ], [ -115.2459144, 36.201251699899998 ], [ -115.2459144, 36.201246299899999 ], [ -115.2459171, 36.201246299899999 ], [ -115.2459171, 36.2012408999 ], [ -115.2459225, 36.2012408999 ], [ -115.2459225, 36.201238199899997 ], [ -115.2459252, 36.201238199899997 ], [ -115.2459252, 36.201230099900002 ], [ -115.2459225, 36.201230099900002 ], [ -115.2459225, 36.201224699900003 ], [ -115.2459198, 36.201224699900003 ], [ -115.2459198, 36.2011976999 ], [ -115.2459225, 36.2011976999 ], [ -115.2459225, 36.201189599899998 ], [ -115.2459279, 36.201189599899998 ], [ -115.2459279, 36.201184199899998 ], [ -115.2459306, 36.201184199899998 ], [ -115.2459306, 36.201181499900002 ], [ -115.2459333, 36.201181499900002 ], [ -115.2459333, 36.201154499899999 ], [ -115.245936, 36.201154499899999 ], [ -115.245936, 36.201135599899999 ], [ -115.2459387, 36.201135599899999 ], [ -115.2459387, 36.201127499899997 ], [ -115.2459414, 36.201127499899997 ], [ -115.2459414, 36.201124799900001 ], [ -115.2459468, 36.201124799900001 ], [ -115.2459468, 36.201122099899997 ], [ -115.2459522, 36.201122099899997 ], [ -115.2459522, 36.201119399900001 ], [ -115.2459549, 36.201119399900001 ], [ -115.2459549, 36.201111299899999 ], [ -115.2459576, 36.201111299899999 ], [ -115.2459576, 36.201103199899997 ], [ -115.2459603, 36.201103199899997 ], [ -115.2459603, 36.201100499900001 ], [ -115.245963, 36.201100499900001 ], [ -115.245963, 36.201097799899998 ], [ -115.2459954, 36.201097799899998 ], [ -115.2459954, 36.201100499900001 ], [ -115.2460035, 36.201100499900001 ], [ -115.2460035, 36.201103199899997 ], [ -115.2460089, 36.201103199899997 ], [ -115.2460089, 36.2011058999 ], [ -115.2460197, 36.2011058999 ], [ -115.2460197, 36.201108599900003 ], [ -115.2460278, 36.201108599900003 ], [ -115.2460278, 36.201111299899999 ], [ -115.2460386, 36.201111299899999 ], [ -115.2460386, 36.201113999900002 ], [ -115.2460548, 36.201113999900002 ], [ -115.2460548, 36.201116699899998 ], [ -115.2460683, 36.201116699899998 ], [ -115.2460683, 36.201113999900002 ], [ -115.246071, 36.201113999900002 ], [ -115.246071, 36.201116699899998 ], [ -115.2460899, 36.201116699899998 ], [ -115.2460899, 36.201119399900001 ], [ -115.2460926, 36.201119399900001 ], [ -115.2460926, 36.201489299899997 ], [ -115.2460872, 36.201489299899997 ], [ -115.2460872, 36.201494699900003 ], [ -115.2460845, 36.201494699900003 ], [ -115.2460845, 36.201508199899997 ], [ -115.2460818, 36.201508199899997 ], [ -115.2460818, 36.201527099899998 ], [ -115.2460791, 36.201527099899998 ], [ -115.2460791, 36.2015351999 ], [ -115.2460764, 36.2015351999 ], [ -115.2460764, 36.201537899900003 ], [ -115.2460683, 36.201537899900003 ], [ -115.2460683, 36.2015405999 ], [ -115.2460656, 36.2015405999 ], [ -115.2460656, 36.201545999899999 ], [ -115.2460629, 36.201545999899999 ], [ -115.2460629, 36.201551399899998 ], [ -115.2460602, 36.201551399899998 ], [ -115.2460602, 36.201556799899997 ], [ -115.2460548, 36.201556799899997 ], [ -115.2460548, 36.2015594999 ] ] ] } },
{ "type": "Feature", "properties": { "value": 255.0 }, "geometry": { "type": "Polygon", "coordinates": [ [ [ -115.24491, 36.201635099900003 ], [ -115.2448803, 36.201635099900003 ], [ -115.2448803, 36.201632399899999 ], [ -115.2448776, 36.201632399899999 ], [ -115.2448776, 36.201610799900003 ], [ -115.2448749, 36.201610799900003 ], [ -115.2448749, 36.201532499899997 ], [ -115.2448776, 36.201532499899997 ], [ -115.2448776, 36.201473099899999 ], [ -115.2448749, 36.201473099899999 ], [ -115.2448749, 36.201440699899997 ], [ -115.2448776, 36.201440699899997 ], [ -115.2448776, 36.2013812999 ], [ -115.2448749, 36.2013812999 ], [ -115.2448749, 36.2013083999 ], [ -115.2448776, 36.2013083999 ], [ -115.2448776, 36.201302999900001 ], [ -115.2448803, 36.201302999900001 ], [ -115.2448803, 36.201300299899998 ], [ -115.2448857, 36.201300299899998 ], [ -115.2448857, 36.201297599900002 ], [ -115.2448911, 36.201297599900002 ], [ -115.2448911, 36.201294899899999 ], [ -115.2448938, 36.201294899899999 ], [ -115.2448938, 36.201292199900003 ], [ -115.2448965, 36.201292199900003 ], [ -115.2448965, 36.2012894999 ], [ -115.2448992, 36.2012894999 ], [ -115.2448992, 36.201281399899997 ], [ -115.2449019, 36.201281399899997 ], [ -115.2449019, 36.201273299900002 ], [ -115.2448992, 36.201273299900002 ], [ -115.2448992, 36.2012651999 ], [ -115.2449019, 36.2012651999 ], [ -115.2449019, 36.201238199899997 ], [ -115.2448992, 36.201238199899997 ], [ -115.2448992, 36.201227399899999 ], [ -115.2448965, 36.201227399899999 ], [ -115.2448965, 36.201219299899996 ], [ -115.2448938, 36.201219299899996 ], [ -115.2448938, 36.201200399900003 ], [ -115.2448965, 36.201200399900003 ], [ -115.2448965, 36.201194999899997 ], [ -115.2448992, 36.201194999899997 ], [ -115.2448992, 36.201192299900001 ], [ -115.2449019, 36.201192299900001 ], [ -115.2449019, 36.201189599899998 ], [ -115.2449046, 36.201189599899998 ], [ -115.2449046, 36.201186899900001 ], [ -115.2449073, 36.201186899900001 ], [ -115.2449073, 36.201184199899998 ], [ -115.24491, 36.201184199899998 ], [ -115.24491, 36.201181499900002 ], [ -115.2449127, 36.201181499900002 ], [ -115.2449127, 36.201178799899999 ], [ -115.2449154, 36.201178799899999 ], [ -115.2449154, 36.2011733999 ], [ -115.2449181, 36.2011733999 ], [ -115.2449181, 36.201170699899997 ], [ -115.244920799999989, 36.201170699899997 ], [ -115.244920799999989, 36.201165299899998 ], [ -115.2449235, 36.201165299899998 ], [ -115.2449235, 36.201162599900002 ], [ -115.2449262, 36.201162599900002 ], [ -115.2449262, 36.201157199900003 ], [ -115.2449289, 36.201157199900003 ], [ -115.2449289, 36.201151799899996 ], [ -115.2449316, 36.201151799899996 ], [ -115.2449316, 36.201143699900001 ], [ -115.2449343, 36.201143699900001 ], [ -115.2449343, 36.201135599899999 ], [ -115.244937, 36.201135599899999 ], [ -115.244937, 36.201124799900001 ], [ -115.244939699999989, 36.201124799900001 ], [ -115.244939699999989, 36.201116699899998 ], [ -115.2449424, 36.201116699899998 ], [ -115.2449424, 36.201111299899999 ], [ -115.2449451, 36.201111299899999 ], [ -115.2449451, 36.2011058999 ], [ -115.2449478, 36.2011058999 ], [ -115.2449478, 36.201103199899997 ], [ -115.2449505, 36.201103199899997 ], [ -115.2449505, 36.201100499900001 ], [ -115.2449586, 36.201100499900001 ], [ -115.2449586, 36.201113999900002 ], [ -115.2449613, 36.201113999900002 ], [ -115.2449613, 36.201122099899997 ], [ -115.2449586, 36.201122099899997 ], [ -115.2449586, 36.201181499900002 ], [ -115.2449559, 36.201181499900002 ], [ -115.2449559, 36.201203099899999 ], [ -115.2449532, 36.201203099899999 ], [ -115.2449532, 36.201232799899998 ], [ -115.2449505, 36.201232799899998 ], [ -115.2449505, 36.201262499899997 ], [ -115.2449478, 36.201262499899997 ], [ -115.2449478, 36.201294899899999 ], [ -115.2449451, 36.201294899899999 ], [ -115.2449451, 36.201319199899999 ], [ -115.2449424, 36.201319199899999 ], [ -115.2449424, 36.201343499899998 ], [ -115.244939699999989, 36.201343499899998 ], [ -115.244939699999989, 36.201362399899999 ], [ -115.244937, 36.201362399899999 ], [ -115.244937, 36.201389399900002 ], [ -115.2449343, 36.201389399900002 ], [ -115.2449343, 36.201413699900002 ], [ -115.2449316, 36.201413699900002 ], [ -115.2449316, 36.201456899900002 ], [ -115.2449289, 36.201456899900002 ], [ -115.2449289, 36.201483899899998 ], [ -115.2449262, 36.201483899899998 ], [ -115.2449262, 36.201527099899998 ], [ -115.2449235, 36.201527099899998 ], [ -115.2449235, 36.201556799899997 ], [ -115.244920799999989, 36.201556799899997 ], [ -115.244920799999989, 36.2015837999 ], [ -115.2449181, 36.2015837999 ], [ -115.2449181, 36.201605399900004 ], [ -115.2449154, 36.201605399900004 ], [ -115.2449154, 36.201621599900001 ], [ -115.2449127, 36.201621599900001 ], [ -115.2449127, 36.201629699900003 ], [ -115.24491, 36.201629699900003 ], [ -115.24491, 36.201635099900003 ] ] ] } },
{ "type": "Feature", "properties": { "value": 255.0 }, "geometry": { "type": "Polygon", "coordinates": [ [ [ -115.2456606, 36.201351599900001 ], [ -115.245639, 36.201351599900001 ], [ -115.245639, 36.201348899899997 ], [ -115.2456363, 36.201348899899997 ], [ -115.2456363, 36.201346199900001 ], [ -115.2456336, 36.201346199900001 ], [ -115.2456336, 36.201343499899998 ], [ -115.2456309, 36.201343499899998 ], [ -115.2456309, 36.201340799900002 ], [ -115.2456255, 36.201340799900002 ], [ -115.2456255, 36.201338099899999 ], [ -115.2456201, 36.201338099899999 ], [ -115.2456201, 36.201335399900003 ], [ -115.2456147, 36.201335399900003 ], [ -115.2456147, 36.201329999899997 ], [ -115.245612, 36.201329999899997 ], [ -115.245612, 36.201327299900001 ], [ -115.2456093, 36.201327299900001 ], [ -115.2456093, 36.201321899900002 ], [ -115.2456066, 36.201321899900002 ], [ -115.2456066, 36.201316499900003 ], [ -115.2456039, 36.201316499900003 ], [ -115.2456039, 36.201313799899999 ], [ -115.2456012, 36.201313799899999 ], [ -115.2456012, 36.2013083999 ], [ -115.2455985, 36.2013083999 ], [ -115.2455985, 36.201302999900001 ], [ -115.2455958, 36.201302999900001 ], [ -115.2455958, 36.201297599900002 ], [ -115.2455931, 36.201297599900002 ], [ -115.2455931, 36.201294899899999 ], [ -115.2455904, 36.201294899899999 ], [ -115.2455904, 36.2012894999 ], [ -115.2455877, 36.2012894999 ], [ -115.2455877, 36.201284099900001 ], [ -115.245585, 36.201284099900001 ], [ -115.245585, 36.201278699900001 ], [ -115.2455823, 36.201278699900001 ], [ -115.2455823, 36.201270599899999 ], [ -115.2455796, 36.201270599899999 ], [ -115.2455796, 36.201262499899997 ], [ -115.2455769, 36.201262499899997 ], [ -115.2455769, 36.201248999900002 ], [ -115.2455742, 36.201248999900002 ], [ -115.2455742, 36.201243599900003 ], [ -115.2455769, 36.201243599900003 ], [ -115.2455769, 36.201238199899997 ], [ -115.2455742, 36.201238199899997 ], [ -115.2455742, 36.201227399899999 ], [ -115.2455715, 36.201227399899999 ], [ -115.2455715, 36.201219299899996 ], [ -115.2455688, 36.201219299899996 ], [ -115.2455688, 36.201213899899997 ], [ -115.2455661, 36.201213899899997 ], [ -115.2455661, 36.201208499899998 ], [ -115.2455607, 36.201208499899998 ], [ -115.2455607, 36.201205799900002 ], [ -115.2455526, 36.201205799900002 ], [ -115.2455526, 36.201203099899999 ], [ -115.2455472, 36.201203099899999 ], [ -115.2455472, 36.201200399900003 ], [ -115.2455445, 36.201200399900003 ], [ -115.2455445, 36.201194999899997 ], [ -115.2455418, 36.201194999899997 ], [ -115.2455418, 36.201192299900001 ], [ -115.2455391, 36.201192299900001 ], [ -115.2455391, 36.201186899900001 ], [ -115.2455364, 36.201186899900001 ], [ -115.2455364, 36.201184199899998 ], [ -115.2455337, 36.201184199899998 ], [ -115.2455337, 36.201178799899999 ], [ -115.245531, 36.201178799899999 ], [ -115.245531, 36.2011733999 ], [ -115.245528299999989, 36.2011733999 ], [ -115.245528299999989, 36.201167999900001 ], [ -115.2455256, 36.201167999900001 ], [ -115.2455256, 36.201162599900002 ], [ -115.2455229, 36.201162599900002 ], [ -115.2455229, 36.201157199900003 ], [ -115.2455202, 36.201157199900003 ], [ -115.2455202, 36.201151799899996 ], [ -115.2455175, 36.201151799899996 ], [ -115.2455175, 36.201146399899997 ], [ -115.2455148, 36.201146399899997 ], [ -115.2455148, 36.201138299900002 ], [ -115.2455121, 36.201138299900002 ], [ -115.2455121, 36.201127499899997 ], [ -115.2455094, 36.201127499899997 ], [ -115.2455094, 36.201113999900002 ], [ -115.2455121, 36.201113999900002 ], [ -115.2455121, 36.201103199899997 ], [ -115.2455148, 36.201103199899997 ], [ -115.2455148, 36.201100499900001 ], [ -115.2455175, 36.201100499900001 ], [ -115.2455175, 36.201095099900002 ], [ -115.2455202, 36.201095099900002 ], [ -115.2455202, 36.201092399899998 ], [ -115.2455229, 36.201092399899998 ], [ -115.2455229, 36.201089699900002 ], [ -115.2455256, 36.201089699900002 ], [ -115.2455256, 36.201086999899999 ], [ -115.245531, 36.201086999899999 ], [ -115.245531, 36.201084299899996 ], [ -115.2455337, 36.201084299899996 ], [ -115.2455337, 36.2010815999 ], [ -115.2455418, 36.2010815999 ], [ -115.2455418, 36.201078899899997 ], [ -115.2455526, 36.201078899899997 ], [ -115.2455526, 36.201076199900001 ], [ -115.2455553, 36.201076199900001 ], [ -115.2455553, 36.201073499899998 ], [ -115.245558, 36.201073499899998 ], [ -115.245558, 36.201070799900002 ], [ -115.2455607, 36.201070799900002 ], [ -115.2455607, 36.201068099899999 ], [ -115.2455634, 36.201068099899999 ], [ -115.2455634, 36.201065399900003 ], [ -115.2455661, 36.201065399900003 ], [ -115.2455661, 36.2010626999 ], [ -115.2455715, 36.2010626999 ], [ -115.2455715, 36.201059999899996 ], [ -115.2455769, 36.201059999899996 ], [ -115.2455769, 36.2010572999 ], [ -115.2455904, 36.2010572999 ], [ -115.2455904, 36.201054599899997 ], [ -115.2456039, 36.201054599899997 ], [ -115.2456039, 36.201051899900001 ], [ -115.245612, 36.201051899900001 ], [ -115.245612, 36.201049199899998 ], [ -115.2456174, 36.201049199899998 ], [ -115.2456174, 36.201046499900002 ], [ -115.2456255, 36.201046499900002 ], [ -115.2456255, 36.201043799899999 ], [ -115.245639, 36.201043799899999 ], [ -115.245639, 36.201041099900003 ], [ -115.2456633, 36.201041099900003 ], [ -115.2456633, 36.201043799899999 ], [ -115.2456714, 36.201043799899999 ], [ -115.2456714, 36.201046499900002 ], [ -115.2456795, 36.201046499900002 ], [ -115.2456795, 36.201049199899998 ], [ -115.2456849, 36.201049199899998 ], [ -115.2456849, 36.201051899900001 ], [ -115.2456903, 36.201051899900001 ], [ -115.2456903, 36.201054599899997 ], [ -115.245693, 36.201054599899997 ], [ -115.245693, 36.2010572999 ], [ -115.2456957, 36.2010572999 ], [ -115.2456957, 36.2010626999 ], [ -115.2456984, 36.2010626999 ], [ -115.2456984, 36.201070799900002 ], [ -115.2457011, 36.201070799900002 ], [ -115.2457011, 36.201076199900001 ], [ -115.2457038, 36.201076199900001 ], [ -115.2457038, 36.201078899899997 ], [ -115.2457065, 36.201078899899997 ], [ -115.2457065, 36.2010815999 ], [ -115.2457092, 36.2010815999 ], [ -115.2457092, 36.201084299899996 ], [ -115.2457119, 36.201084299899996 ], [ -115.2457119, 36.201086999899999 ], [ -115.2457146, 36.201086999899999 ], [ -115.2457146, 36.201089699900002 ], [ -115.2457173, 36.201089699900002 ], [ -115.2457173, 36.201092399899998 ], [ -115.24572, 36.201092399899998 ], [ -115.24572, 36.201108599900003 ], [ -115.2457227, 36.201108599900003 ], [ -115.2457227, 36.201113999900002 ], [ -115.2457254, 36.201113999900002 ], [ -115.2457254, 36.201119399900001 ], [ -115.2457281, 36.201119399900001 ], [ -115.2457281, 36.201122099899997 ], [ -115.2457308, 36.201122099899997 ], [ -115.2457308, 36.201127499899997 ], [ -115.2457335, 36.201127499899997 ], [ -115.2457335, 36.201143699900001 ], [ -115.2457362, 36.201143699900001 ], [ -115.2457362, 36.201165299899998 ], [ -115.2457389, 36.201165299899998 ], [ -115.2457389, 36.2011733999 ], [ -115.2457416, 36.2011733999 ], [ -115.2457416, 36.201176099900003 ], [ -115.2457443, 36.201176099900003 ], [ -115.2457443, 36.201178799899999 ], [ -115.245747, 36.201178799899999 ], [ -115.245747, 36.201181499900002 ], [ -115.2457524, 36.201181499900002 ], [ -115.2457524, 36.201184199899998 ], [ -115.2457551, 36.201184199899998 ], [ -115.2457551, 36.201186899900001 ], [ -115.2457578, 36.201186899900001 ], [ -115.2457578, 36.201189599899998 ], [ -115.2457605, 36.201189599899998 ], [ -115.2457605, 36.201194999899997 ], [ -115.2457632, 36.201194999899997 ], [ -115.2457632, 36.2011976999 ], [ -115.2457659, 36.2011976999 ], [ -115.2457659, 36.201200399900003 ], [ -115.2457686, 36.201200399900003 ], [ -115.2457686, 36.201203099899999 ], [ -115.2457713, 36.201203099899999 ], [ -115.2457713, 36.201205799900002 ], [ -115.2457767, 36.201205799900002 ], [ -115.2457767, 36.201208499899998 ], [ -115.2457821, 36.201208499899998 ], [ -115.2457821, 36.201213899899997 ], [ -115.2457848, 36.201213899899997 ], [ -115.2457848, 36.2012219999 ], [ -115.2457875, 36.2012219999 ], [ -115.2457875, 36.201235499900001 ], [ -115.2457902, 36.201235499900001 ], [ -115.2457902, 36.201246299899999 ], [ -115.2457929, 36.201246299899999 ], [ -115.2457929, 36.201254399900002 ], [ -115.2457956, 36.201254399900002 ], [ -115.2457956, 36.201257099899998 ], [ -115.2457983, 36.201257099899998 ], [ -115.2457983, 36.201262499899997 ], [ -115.245801, 36.201262499899997 ], [ -115.245801, 36.201270599899999 ], [ -115.2458037, 36.201270599899999 ], [ -115.2458037, 36.201275999899998 ], [ -115.245801, 36.201275999899998 ], [ -115.245801, 36.201302999900001 ], [ -115.2457983, 36.201302999900001 ], [ -115.2457983, 36.201305699899997 ], [ -115.2457929, 36.201305699899997 ], [ -115.2457929, 36.2013083999 ], [ -115.2457821, 36.2013083999 ], [ -115.2457821, 36.201311099900003 ], [ -115.2457659, 36.201311099900003 ], [ -115.2457659, 36.201313799899999 ], [ -115.2457551, 36.201313799899999 ], [ -115.2457551, 36.201316499900003 ], [ -115.245747, 36.201316499900003 ], [ -115.245747, 36.201319199899999 ], [ -115.2457389, 36.201319199899999 ], [ -115.2457389, 36.201321899900002 ], [ -115.2457308, 36.201321899900002 ], [ -115.2457308, 36.201324599899998 ], [ -115.2457227, 36.201324599899998 ], [ -115.2457227, 36.201327299900001 ], [ -115.24572, 36.201327299900001 ], [ -115.24572, 36.2013326999 ], [ -115.2457065, 36.2013326999 ], [ -115.2457065, 36.201335399900003 ], [ -115.2456957, 36.201335399900003 ], [ -115.2456957, 36.201338099899999 ], [ -115.2456903, 36.201338099899999 ], [ -115.2456903, 36.201340799900002 ], [ -115.2456822, 36.201340799900002 ], [ -115.2456822, 36.201343499899998 ], [ -115.2456768, 36.201343499899998 ], [ -115.2456768, 36.201346199900001 ], [ -115.2456714, 36.201346199900001 ], [ -115.2456714, 36.201348899899997 ], [ -115.2456606, 36.201348899899997 ], [ -115.2456606, 36.201351599900001 ] ] ] } },
{ "type": "Feature", "properties": { "value": 255.0 }, "geometry": { "type": "Polygon", "coordinates": [ [ [ -115.245045, 36.201124799900001 ], [ -115.2449991, 36.201124799900001 ], [ -115.2449991, 36.201122099899997 ], [ -115.2449964, 36.201122099899997 ], [ -115.2449964, 36.2010815999 ], [ -115.2449991, 36.2010815999 ], [ -115.2449991, 36.201022199900002 ], [ -115.2450018, 36.201022199900002 ], [ -115.2450018, 36.200992499899996 ], [ -115.2450045, 36.200992499899996 ], [ -115.2450045, 36.200981699899998 ], [ -115.2450099, 36.200981699899998 ], [ -115.2450099, 36.200978999900002 ], [ -115.2450207, 36.200978999900002 ], [ -115.2450207, 36.200981699899998 ], [ -115.245055799999989, 36.200981699899998 ], [ -115.245055799999989, 36.200984399900001 ], [ -115.2450585, 36.200984399900001 ], [ -115.2450585, 36.2010140999 ], [ -115.245055799999989, 36.2010140999 ], [ -115.245055799999989, 36.201043799899999 ], [ -115.2450531, 36.201043799899999 ], [ -115.2450531, 36.201073499899998 ], [ -115.2450504, 36.201073499899998 ], [ -115.2450504, 36.201116699899998 ], [ -115.2450477, 36.201116699899998 ], [ -115.2450477, 36.201122099899997 ], [ -115.245045, 36.201122099899997 ], [ -115.245045, 36.201124799900001 ] ] ] } },
{ "type": "Feature", "properties": { "value": 255.0 }, "geometry": { "type": "Polygon", "coordinates": [ [ [ -115.2460791, 36.201065399900003 ], [ -115.2460656, 36.201065399900003 ], [ -115.2460656, 36.2010626999 ], [ -115.2460413, 36.2010626999 ], [ -115.2460413, 36.201059999899996 ], [ -115.2460305, 36.201059999899996 ], [ -115.2460305, 36.2010572999 ], [ -115.246017, 36.2010572999 ], [ -115.246017, 36.201054599899997 ], [ -115.2459819, 36.201054599899997 ], [ -115.2459819, 36.201051899900001 ], [ -115.2459684, 36.201051899900001 ], [ -115.2459684, 36.201049199899998 ], [ -115.2459576, 36.201049199899998 ], [ -115.2459576, 36.201046499900002 ], [ -115.2459441, 36.201046499900002 ], [ -115.2459441, 36.201043799899999 ], [ -115.2459333, 36.201043799899999 ], [ -115.2459333, 36.201041099900003 ], [ -115.2459198, 36.201041099900003 ], [ -115.2459198, 36.2010383999 ], [ -115.2459063, 36.2010383999 ], [ -115.2459063, 36.201035699899997 ], [ -115.2458955, 36.201035699899997 ], [ -115.2458955, 36.201032999900001 ], [ -115.2458847, 36.201032999900001 ], [ -115.2458847, 36.201030299899998 ], [ -115.2458739, 36.201030299899998 ], [ -115.2458739, 36.201027599900002 ], [ -115.2458604, 36.201027599900002 ], [ -115.2458604, 36.201024899899998 ], [ -115.2458496, 36.201024899899998 ], [ -115.2458496, 36.201022199900002 ], [ -115.2458361, 36.201022199900002 ], [ -115.2458361, 36.201019499899999 ], [ -115.2458226, 36.201019499899999 ], [ -115.2458226, 36.201016799899996 ], [ -115.2458145, 36.201016799899996 ], [ -115.2458145, 36.2010140999 ], [ -115.2458064, 36.2010140999 ], [ -115.2458064, 36.201011399899997 ], [ -115.245801, 36.201011399899997 ], [ -115.245801, 36.201005999899998 ], [ -115.2457983, 36.201005999899998 ], [ -115.2457983, 36.200992499899996 ], [ -115.245801, 36.200992499899996 ], [ -115.245801, 36.200978999900002 ], [ -115.2458037, 36.200978999900002 ], [ -115.2458037, 36.200976299899999 ], [ -115.2458064, 36.200976299899999 ], [ -115.2458064, 36.200973599900003 ], [ -115.2458361, 36.200973599900003 ], [ -115.2458361, 36.200976299899999 ], [ -115.2458496, 36.200976299899999 ], [ -115.2458496, 36.200978999900002 ], [ -115.2458631, 36.200978999900002 ], [ -115.2458631, 36.200981699899998 ], [ -115.2458739, 36.200981699899998 ], [ -115.2458739, 36.200984399900001 ], [ -115.2458847, 36.200984399900001 ], [ -115.2458847, 36.200987099899997 ], [ -115.2458955, 36.200987099899997 ], [ -115.2458955, 36.2009897999 ], [ -115.245909, 36.2009897999 ], [ -115.245909, 36.200992499899996 ], [ -115.2459225, 36.200992499899996 ], [ -115.2459225, 36.200995199899999 ], [ -115.2459387, 36.200995199899999 ], [ -115.2459387, 36.200997899900003 ], [ -115.2459468, 36.200997899900003 ], [ -115.2459468, 36.201000599899999 ], [ -115.2459549, 36.201000599899999 ], [ -115.2459549, 36.201003299900002 ], [ -115.2459657, 36.201003299900002 ], [ -115.2459657, 36.201005999899998 ], [ -115.2459819, 36.201005999899998 ], [ -115.2459819, 36.201008699900001 ], [ -115.2459954, 36.201008699900001 ], [ -115.2459954, 36.201011399899997 ], [ -115.2460089, 36.201011399899997 ], [ -115.2460089, 36.2010140999 ], [ -115.2460224, 36.2010140999 ], [ -115.2460224, 36.201016799899996 ], [ -115.2460359, 36.201016799899996 ], [ -115.2460359, 36.201019499899999 ], [ -115.2460521, 36.201019499899999 ], [ -115.2460521, 36.201022199900002 ], [ -115.2460656, 36.201022199900002 ], [ -115.2460656, 36.201024899899998 ], [ -115.2460791, 36.201024899899998 ], [ -115.2460791, 36.201027599900002 ], [ -115.2460926, 36.201027599900002 ], [ -115.2460926, 36.2010626999 ], [ -115.2460791, 36.2010626999 ], [ -115.2460791, 36.201065399900003 ] ] ] } },
{ "type": "Feature", "properties": { "value": 255.0 }, "geometry": { "type": "Polygon", "coordinates": [ [ [ -115.2452799, 36.2014244999 ], [ -115.245261, 36.2014244999 ], [ -115.245261, 36.201421799899997 ], [ -115.245258299999989, 36.201421799899997 ], [ -115.245258299999989, 36.201419099900001 ], [ -115.2452556, 36.201419099900001 ], [ -115.2452556, 36.201410999899998 ], [ -115.2452529, 36.201410999899998 ], [ -115.2452529, 36.201405599899999 ], [ -115.2452502, 36.201405599899999 ], [ -115.2452502, 36.201402899900003 ], [ -115.2452448, 36.201402899900003 ], [ -115.2452448, 36.2014001999 ], [ -115.2452421, 36.2014001999 ], [ -115.2452421, 36.201397499899997 ], [ -115.2452394, 36.201397499899997 ], [ -115.2452394, 36.201392099899998 ], [ -115.2452367, 36.201392099899998 ], [ -115.2452367, 36.201383999900003 ], [ -115.245234, 36.201383999900003 ], [ -115.245234, 36.2013569999 ], [ -115.2452313, 36.2013569999 ], [ -115.2452313, 36.201348899899997 ], [ -115.245234, 36.201348899899997 ], [ -115.245234, 36.201335399900003 ], [ -115.2452313, 36.201335399900003 ], [ -115.2452313, 36.201329999899997 ], [ -115.2452286, 36.201329999899997 ], [ -115.2452286, 36.201319199899999 ], [ -115.2452259, 36.201319199899999 ], [ -115.2452259, 36.201316499900003 ], [ -115.2452286, 36.201316499900003 ], [ -115.2452286, 36.201302999900001 ], [ -115.2452313, 36.201302999900001 ], [ -115.2452313, 36.201300299899998 ], [ -115.245234, 36.201300299899998 ], [ -115.245234, 36.201297599900002 ], [ -115.2452394, 36.201297599900002 ], [ -115.2452394, 36.201294899899999 ], [ -115.2452421, 36.201294899899999 ], [ -115.2452421, 36.201292199900003 ], [ -115.2452448, 36.201292199900003 ], [ -115.2452448, 36.201284099900001 ], [ -115.2452367, 36.201284099900001 ], [ -115.2452367, 36.201281399899997 ], [ -115.2452313, 36.201281399899997 ], [ -115.2452313, 36.201275999899998 ], [ -115.2452286, 36.201275999899998 ], [ -115.2452286, 36.201270599899999 ], [ -115.2452259, 36.201270599899999 ], [ -115.2452259, 36.201248999900002 ], [ -115.2452232, 36.201248999900002 ], [ -115.2452232, 36.201238199899997 ], [ -115.2452205, 36.201238199899997 ], [ -115.2452205, 36.201230099900002 ], [ -115.2452232, 36.201230099900002 ], [ -115.2452232, 36.201227399899999 ], [ -115.2452259, 36.201227399899999 ], [ -115.2452259, 36.201224699900003 ], [ -115.2452421, 36.201224699900003 ], [ -115.2452421, 36.2012219999 ], [ -115.2452475, 36.2012219999 ], [ -115.2452475, 36.201219299899996 ], [ -115.2452502, 36.201219299899996 ], [ -115.2452502, 36.2012165999 ], [ -115.2452529, 36.2012165999 ], [ -115.2452529, 36.201208499899998 ], [ -115.2452502, 36.201208499899998 ], [ -115.2452502, 36.2011976999 ], [ -115.2452475, 36.2011976999 ], [ -115.2452475, 36.201189599899998 ], [ -115.2452502, 36.201189599899998 ], [ -115.2452502, 36.201186899900001 ], [ -115.2452475, 36.201186899900001 ], [ -115.2452475, 36.201181499900002 ], [ -115.2452421, 36.201181499900002 ], [ -115.2452421, 36.201178799899999 ], [ -115.2452178, 36.201178799899999 ], [ -115.2452178, 36.201176099900003 ], [ -115.2452151, 36.201176099900003 ], [ -115.2452151, 36.201170699899997 ], [ -115.2452124, 36.201170699899997 ], [ -115.2452124, 36.201159899899999 ], [ -115.2452097, 36.201159899899999 ], [ -115.2452097, 36.201127499899997 ], [ -115.2452151, 36.201127499899997 ], [ -115.2452151, 36.201122099899997 ], [ -115.2452178, 36.201122099899997 ], [ -115.2452178, 36.201116699899998 ], [ -115.2452151, 36.201116699899998 ], [ -115.2452151, 36.201113999900002 ], [ -115.2452124, 36.201113999900002 ], [ -115.2452124, 36.201111299899999 ], [ -115.2452097, 36.201111299899999 ], [ -115.2452097, 36.2011058999 ], [ -115.245207, 36.2011058999 ], [ -115.245207, 36.201103199899997 ], [ -115.2452043, 36.201103199899997 ], [ -115.2452043, 36.201097799899998 ], [ -115.2452016, 36.201097799899998 ], [ -115.2452016, 36.201073499899998 ], [ -115.245207, 36.201073499899998 ], [ -115.245207, 36.201068099899999 ], [ -115.2452097, 36.201068099899999 ], [ -115.2452097, 36.2010626999 ], [ -115.245207, 36.2010626999 ], [ -115.245207, 36.201054599899997 ], [ -115.2452043, 36.201054599899997 ], [ -115.2452043, 36.201049199899998 ], [ -115.2452016, 36.201049199899998 ], [ -115.2452016, 36.201027599900002 ], [ -115.2451989, 36.201027599900002 ], [ -115.2451989, 36.201011399899997 ], [ -115.2452016, 36.201011399899997 ], [ -115.2452016, 36.201008699900001 ], [ -115.2452043, 36.201008699900001 ], [ -115.2452043, 36.201005999899998 ], [ -115.245207, 36.201005999899998 ], [ -115.245207, 36.201003299900002 ], [ -115.2452097, 36.201003299900002 ], [ -115.2452097, 36.200997899900003 ], [ -115.2452124, 36.200997899900003 ], [ -115.2452124, 36.200987099899997 ], [ -115.2452151, 36.200987099899997 ], [ -115.2452151, 36.200981699899998 ], [ -115.2452205, 36.200981699899998 ], [ -115.2452205, 36.200978999900002 ], [ -115.245234, 36.200978999900002 ], [ -115.245234, 36.200976299899999 ], [ -115.2452502, 36.200976299899999 ], [ -115.2452502, 36.200973599900003 ], [ -115.2452691, 36.200973599900003 ], [ -115.2452691, 36.2009708999 ], [ -115.2453015, 36.2009708999 ], [ -115.2453015, 36.200968199899997 ], [ -115.2453177, 36.200968199899997 ], [ -115.2453177, 36.200965499900001 ], [ -115.2453798, 36.200965499900001 ], [ -115.2453798, 36.200968199899997 ], [ -115.245393299999989, 36.200968199899997 ], [ -115.245393299999989, 36.2009708999 ], [ -115.2453987, 36.2009708999 ], [ -115.2453987, 36.200973599900003 ], [ -115.2454014, 36.200973599900003 ], [ -115.2454014, 36.200984399900001 ], [ -115.2454041, 36.200984399900001 ], [ -115.2454041, 36.2009897999 ], [ -115.2454068, 36.2009897999 ], [ -115.2454068, 36.200992499899996 ], [ -115.2454095, 36.200992499899996 ], [ -115.2454095, 36.200995199899999 ], [ -115.2454122, 36.200995199899999 ], [ -115.2454122, 36.200997899900003 ], [ -115.2454149, 36.200997899900003 ], [ -115.2454149, 36.201000599899999 ], [ -115.2454176, 36.201000599899999 ], [ -115.2454176, 36.201016799899996 ], [ -115.2454203, 36.201016799899996 ], [ -115.2454203, 36.201043799899999 ], [ -115.2454176, 36.201043799899999 ], [ -115.2454176, 36.201046499900002 ], [ -115.2454122, 36.201046499900002 ], [ -115.2454122, 36.201049199899998 ], [ -115.2454095, 36.201049199899998 ], [ -115.2454095, 36.201051899900001 ], [ -115.2454068, 36.201051899900001 ], [ -115.2454068, 36.2010572999 ], [ -115.2454095, 36.2010572999 ], [ -115.2454095, 36.201059999899996 ], [ -115.2454122, 36.201059999899996 ], [ -115.2454122, 36.2010626999 ], [ -115.2454149, 36.2010626999 ], [ -115.2454149, 36.201065399900003 ], [ -115.245423, 36.201065399900003 ], [ -115.245423, 36.201068099899999 ], [ -115.2454257, 36.201068099899999 ], [ -115.2454257, 36.201070799900002 ], [ -115.2454284, 36.201070799900002 ], [ -115.2454284, 36.201073499899998 ], [ -115.2454311, 36.201073499899998 ], [ -115.2454311, 36.201078899899997 ], [ -115.2454338, 36.201078899899997 ], [ -115.2454338, 36.201095099900002 ], [ -115.2454311, 36.201095099900002 ], [ -115.2454311, 36.201097799899998 ], [ -115.2454284, 36.201097799899998 ], [ -115.2454284, 36.201100499900001 ], [ -115.2454257, 36.201100499900001 ], [ -115.2454257, 36.2011058999 ], [ -115.2454284, 36.2011058999 ], [ -115.2454284, 36.201116699899998 ], [ -115.2454311, 36.201116699899998 ], [ -115.2454311, 36.201151799899996 ], [ -115.2454284, 36.201151799899996 ], [ -115.2454284, 36.201159899899999 ], [ -115.2454257, 36.201159899899999 ], [ -115.2454257, 36.201162599900002 ], [ -115.245423, 36.201162599900002 ], [ -115.245423, 36.201167999900001 ], [ -115.2454203, 36.201167999900001 ], [ -115.2454203, 36.201170699899997 ], [ -115.2454176, 36.201170699899997 ], [ -115.2454176, 36.2011976999 ], [ -115.245423, 36.2011976999 ], [ -115.245423, 36.201200399900003 ], [ -115.2454311, 36.201200399900003 ], [ -115.2454311, 36.201203099899999 ], [ -115.2454365, 36.201203099899999 ], [ -115.2454365, 36.201205799900002 ], [ -115.2454392, 36.201205799900002 ], [ -115.2454392, 36.201208499899998 ], [ -115.2454419, 36.201208499899998 ], [ -115.2454419, 36.201211199900001 ], [ -115.2454446, 36.201211199900001 ], [ -115.2454446, 36.201219299899996 ], [ -115.2454473, 36.201219299899996 ], [ -115.2454473, 36.201235499900001 ], [ -115.2454446, 36.201235499900001 ], [ -115.2454446, 36.201259799900001 ], [ -115.2454419, 36.201259799900001 ], [ -115.2454419, 36.201262499899997 ], [ -115.2454392, 36.201262499899997 ], [ -115.2454392, 36.2012651999 ], [ -115.2454338, 36.2012651999 ], [ -115.2454338, 36.201267899900003 ], [ -115.2454284, 36.201267899900003 ], [ -115.2454284, 36.201270599899999 ], [ -115.2454257, 36.201270599899999 ], [ -115.2454257, 36.201273299900002 ], [ -115.245423, 36.201273299900002 ], [ -115.245423, 36.201275999899998 ], [ -115.2454257, 36.201275999899998 ], [ -115.2454257, 36.201278699900001 ], [ -115.2454284, 36.201278699900001 ], [ -115.2454284, 36.201281399899997 ], [ -115.2454311, 36.201281399899997 ], [ -115.2454311, 36.201284099900001 ], [ -115.2454446, 36.201284099900001 ], [ -115.2454446, 36.201286799899997 ], [ -115.24545, 36.201286799899997 ], [ -115.24545, 36.2012894999 ], [ -115.2454527, 36.2012894999 ], [ -115.2454527, 36.201292199900003 ], [ -115.2454554, 36.201292199900003 ], [ -115.2454554, 36.201300299899998 ], [ -115.2454581, 36.201300299899998 ], [ -115.2454581, 36.201311099900003 ], [ -115.2454554, 36.201311099900003 ], [ -115.2454554, 36.201316499900003 ], [ -115.2454527, 36.201316499900003 ], [ -115.2454527, 36.201319199899999 ], [ -115.24545, 36.201319199899999 ], [ -115.24545, 36.201335399900003 ], [ -115.2454527, 36.201335399900003 ], [ -115.2454527, 36.201373199899997 ], [ -115.24545, 36.201373199899997 ], [ -115.24545, 36.201389399900002 ], [ -115.2454473, 36.201389399900002 ], [ -115.2454473, 36.201408299900002 ], [ -115.2454446, 36.201408299900002 ], [ -115.2454446, 36.201413699900002 ], [ -115.2454257, 36.201413699900002 ], [ -115.2454257, 36.201410999899998 ], [ -115.2453798, 36.201410999899998 ], [ -115.2453798, 36.201413699900002 ], [ -115.2453582, 36.201413699900002 ], [ -115.2453582, 36.201416399899998 ], [ -115.2453069, 36.201416399899998 ], [ -115.2453069, 36.201419099900001 ], [ -115.2452907, 36.201419099900001 ], [ -115.2452907, 36.201421799899997 ], [ -115.2452799, 36.201421799899997 ], [ -115.2452799, 36.2014244999 ] ] ] } },
{ "type": "Feature", "properties": { "value": 255.0 }, "geometry": { "type": "Polygon", "coordinates": [ [ [ -115.2457551, 36.201000599899999 ], [ -115.2457524, 36.201000599899999 ], [ -115.2457524, 36.200997899900003 ], [ -115.2457335, 36.200997899900003 ], [ -115.2457335, 36.200995199899999 ], [ -115.2457227, 36.200995199899999 ], [ -115.2457227, 36.200992499899996 ], [ -115.24572, 36.200992499899996 ], [ -115.24572, 36.2009897999 ], [ -115.2457065, 36.2009897999 ], [ -115.2457065, 36.200987099899997 ], [ -115.245693, 36.200987099899997 ], [ -115.245693, 36.200984399900001 ], [ -115.2456795, 36.200984399900001 ], [ -115.2456795, 36.200981699899998 ], [ -115.2456633, 36.200981699899998 ], [ -115.2456633, 36.200978999900002 ], [ -115.2456525, 36.200978999900002 ], [ -115.2456525, 36.200976299899999 ], [ -115.2456471, 36.200976299899999 ], [ -115.2456471, 36.200960099900001 ], [ -115.2456498, 36.200960099900001 ], [ -115.2456498, 36.200951999899999 ], [ -115.2456525, 36.200951999899999 ], [ -115.2456525, 36.2009465999 ], [ -115.2456552, 36.2009465999 ], [ -115.2456552, 36.200941199900001 ], [ -115.2456606, 36.200941199900001 ], [ -115.2456606, 36.200938499899998 ], [ -115.2456849, 36.200938499899998 ], [ -115.2456849, 36.200941199900001 ], [ -115.2457011, 36.200941199900001 ], [ -115.2457011, 36.200943899899997 ], [ -115.2457146, 36.200943899899997 ], [ -115.2457146, 36.2009465999 ], [ -115.2457227, 36.2009465999 ], [ -115.2457227, 36.200949299899996 ], [ -115.2457335, 36.200949299899996 ], [ -115.2457335, 36.200951999899999 ], [ -115.2457443, 36.200951999899999 ], [ -115.2457443, 36.200954699900002 ], [ -115.2457551, 36.200954699900002 ], [ -115.2457551, 36.200957399899998 ], [ -115.2457659, 36.200957399899998 ], [ -115.2457659, 36.200960099900001 ], [ -115.2457686, 36.200960099900001 ], [ -115.2457686, 36.200962799899997 ], [ -115.2457713, 36.200962799899997 ], [ -115.2457713, 36.200973599900003 ], [ -115.2457686, 36.200973599900003 ], [ -115.2457686, 36.200981699899998 ], [ -115.2457659, 36.200981699899998 ], [ -115.2457659, 36.200992499899996 ], [ -115.2457632, 36.200992499899996 ], [ -115.2457632, 36.200995199899999 ], [ -115.2457605, 36.200995199899999 ], [ -115.2457605, 36.200997899900003 ], [ -115.2457551, 36.200997899900003 ], [ -115.2457551, 36.201000599899999 ] ] ] } },
{ "type": "Feature", "properties": { "value": 255.0 }, "geometry": { "type": "Polygon", "coordinates": [ [ [ -115.2460926, 36.200933099899999 ], [ -115.2460629, 36.200933099899999 ], [ -115.2460629, 36.200930399900002 ], [ -115.2460467, 36.200930399900002 ], [ -115.2460467, 36.200927699899999 ], [ -115.2460359, 36.200927699899999 ], [ -115.2460359, 36.200924999899996 ], [ -115.2460224, 36.200924999899996 ], [ -115.2460224, 36.2009222999 ], [ -115.2460089, 36.2009222999 ], [ -115.2460089, 36.200919599899997 ], [ -115.2459981, 36.200919599899997 ], [ -115.2459981, 36.200916899900001 ], [ -115.2459927, 36.200916899900001 ], [ -115.2459927, 36.200914199899998 ], [ -115.24599, 36.200914199899998 ], [ -115.24599, 36.200908799899999 ], [ -115.2459873, 36.200908799899999 ], [ -115.2459873, 36.2008979999 ], [ -115.2459846, 36.2008979999 ], [ -115.2459846, 36.200892599900001 ], [ -115.2459819, 36.200892599900001 ], [ -115.2459819, 36.200889899899998 ], [ -115.2459792, 36.200889899899998 ], [ -115.2459792, 36.2008790999 ], [ -115.2459819, 36.2008790999 ], [ -115.2459819, 36.200873699900001 ], [ -115.2459846, 36.200873699900001 ], [ -115.2459846, 36.200870999899998 ], [ -115.24599, 36.200870999899998 ], [ -115.24599, 36.200868299900002 ], [ -115.2459954, 36.200868299900002 ], [ -115.2459954, 36.200865599899998 ], [ -115.2460008, 36.200865599899998 ], [ -115.2460008, 36.200862899900002 ], [ -115.2460116, 36.200862899900002 ], [ -115.2460116, 36.200865599899998 ], [ -115.246017, 36.200865599899998 ], [ -115.246017, 36.200868299900002 ], [ -115.2460224, 36.200868299900002 ], [ -115.2460224, 36.200870999899998 ], [ -115.2460278, 36.200870999899998 ], [ -115.2460278, 36.200873699900001 ], [ -115.2460629, 36.200873699900001 ], [ -115.2460629, 36.200876399899997 ], [ -115.2460845, 36.200876399899997 ], [ -115.2460845, 36.2008790999 ], [ -115.2460926, 36.2008790999 ], [ -115.2460926, 36.200933099899999 ] ] ] } },
{ "type": "Feature", "properties": { "value": 255.0 }, "geometry": { "type": "Polygon", "coordinates": [ [ [ -115.2459549, 36.200906099900003 ], [ -115.2459414, 36.200906099900003 ], [ -115.2459414, 36.2009033999 ], [ -115.2459279, 36.2009033999 ], [ -115.2459279, 36.200900699899996 ], [ -115.2459144, 36.200900699899996 ], [ -115.2459144, 36.2008979999 ], [ -115.2458982, 36.2008979999 ], [ -115.2458982, 36.200895299899997 ], [ -115.2458874, 36.200895299899997 ], [ -115.2458874, 36.200892599900001 ], [ -115.2458766, 36.200892599900001 ], [ -115.2458766, 36.200889899899998 ], [ -115.2458631, 36.200889899899998 ], [ -115.2458631, 36.200887199900002 ], [ -115.2458523, 36.200887199900002 ], [ -115.2458523, 36.200884499899999 ], [ -115.2458442, 36.200884499899999 ], [ -115.2458442, 36.200881799899996 ], [ -115.2458334, 36.200881799899996 ], [ -115.2458334, 36.2008790999 ], [ -115.2458226, 36.2008790999 ], [ -115.2458226, 36.200876399899997 ], [ -115.2458091, 36.200876399899997 ], [ -115.2458091, 36.200873699900001 ], [ -115.2457983, 36.200873699900001 ], [ -115.2457983, 36.200870999899998 ], [ -115.2457902, 36.200870999899998 ], [ -115.2457902, 36.200868299900002 ], [ -115.2457875, 36.200868299900002 ], [ -115.2457875, 36.200865599899998 ], [ -115.2457848, 36.200865599899998 ], [ -115.2457848, 36.2008547999 ], [ -115.2457875, 36.2008547999 ], [ -115.2457875, 36.200843999900002 ], [ -115.2457902, 36.200843999900002 ], [ -115.2457902, 36.2008358999 ], [ -115.2457929, 36.2008358999 ], [ -115.2457929, 36.200833199899996 ], [ -115.2457956, 36.200833199899996 ], [ -115.2457956, 36.2008304999 ], [ -115.2458388, 36.2008304999 ], [ -115.2458388, 36.200833199899996 ], [ -115.245855, 36.200833199899996 ], [ -115.245855, 36.2008358999 ], [ -115.2458658, 36.2008358999 ], [ -115.2458658, 36.200838599900003 ], [ -115.2458739, 36.200838599900003 ], [ -115.2458739, 36.200841299899999 ], [ -115.245882, 36.200841299899999 ], [ -115.245882, 36.200843999900002 ], [ -115.245909, 36.200843999900002 ], [ -115.245909, 36.200846699899998 ], [ -115.2459495, 36.200846699899998 ], [ -115.2459495, 36.200849399900001 ], [ -115.2459549, 36.200849399900001 ], [ -115.2459549, 36.200852099899997 ], [ -115.2459603, 36.200852099899997 ], [ -115.2459603, 36.200857499899996 ], [ -115.245963, 36.200857499899996 ], [ -115.245963, 36.200862899900002 ], [ -115.2459657, 36.200862899900002 ], [ -115.2459657, 36.200868299900002 ], [ -115.2459684, 36.200868299900002 ], [ -115.2459684, 36.200873699900001 ], [ -115.2459711, 36.200873699900001 ], [ -115.2459711, 36.200881799899996 ], [ -115.2459684, 36.200881799899996 ], [ -115.2459684, 36.200889899899998 ], [ -115.2459657, 36.200889899899998 ], [ -115.2459657, 36.200895299899997 ], [ -115.245963, 36.200895299899997 ], [ -115.245963, 36.2008979999 ], [ -115.2459603, 36.2008979999 ], [ -115.2459603, 36.200900699899996 ], [ -115.2459576, 36.200900699899996 ], [ -115.2459576, 36.2009033999 ], [ -115.2459549, 36.2009033999 ], [ -115.2459549, 36.200906099900003 ] ] ] } },
{ "type": "Feature", "properties": { "value": 255.0 }, "geometry": { "type": "Polygon", "coordinates": [ [ [ -115.245045, 36.2008115999 ], [ -115.2450423, 36.2008115999 ], [ -115.2450423, 36.200795399900002 ], [ -115.2450396, 36.200795399900002 ], [ -115.2450396, 36.2007872999 ], [ -115.2450288, 36.2007872999 ], [ -115.2450288, 36.200784599899997 ], [ -115.2450261, 36.200784599899997 ], [ -115.2450261, 36.200781899900001 ], [ -115.2450234, 36.200781899900001 ], [ -115.2450234, 36.200776499900002 ], [ -115.2450207, 36.200776499900002 ], [ -115.2450207, 36.2007629999 ], [ -115.2450234, 36.2007629999 ], [ -115.2450234, 36.200754899899998 ], [ -115.2450261, 36.200754899899998 ], [ -115.2450261, 36.200752199900002 ], [ -115.2450315, 36.200752199900002 ], [ -115.2450315, 36.200749499899999 ], [ -115.2450369, 36.200749499899999 ], [ -115.2450369, 36.200752199900002 ], [ -115.2450423, 36.200752199900002 ], [ -115.2450423, 36.200757599900001 ], [ -115.245045, 36.200757599900001 ], [ -115.245045, 36.2007629999 ], [ -115.2450504, 36.2007629999 ], [ -115.2450504, 36.200765699899996 ], [ -115.2450531, 36.200765699899996 ], [ -115.2450531, 36.200784599899997 ], [ -115.2450504, 36.200784599899997 ], [ -115.2450504, 36.200800799900001 ], [ -115.2450477, 36.200800799900001 ], [ -115.2450477, 36.200808899899997 ], [ -115.245045, 36.200808899899997 ], [ -115.245045, 36.2008115999 ] ] ] } },
{ "type": "Feature", "properties": { "value": 255.0 }, "geometry": { "type": "Polygon", "coordinates": [ [ [ -115.2454851, 36.200798099899998 ], [ -115.2454797, 36.200798099899998 ], [ -115.2454797, 36.200795399900002 ], [ -115.2454338, 36.200795399900002 ], [ -115.2454338, 36.200792699899999 ], [ -115.2453825, 36.200792699899999 ], [ -115.2453825, 36.200789999899996 ], [ -115.2453096, 36.200789999899996 ], [ -115.2453096, 36.2007872999 ], [ -115.245288, 36.2007872999 ], [ -115.245288, 36.200784599899997 ], [ -115.2452826, 36.200784599899997 ], [ -115.2452826, 36.200781899900001 ], [ -115.2452772, 36.200781899900001 ], [ -115.2452772, 36.200779199899998 ], [ -115.2452745, 36.200779199899998 ], [ -115.2452745, 36.200776499900002 ], [ -115.2452718, 36.200776499900002 ], [ -115.2452718, 36.200771099900003 ], [ -115.2452691, 36.200771099900003 ], [ -115.2452691, 36.200746799899996 ], [ -115.2452718, 36.200746799899996 ], [ -115.2452718, 36.2007440999 ], [ -115.2452772, 36.2007440999 ], [ -115.2452772, 36.200741399899997 ], [ -115.2452826, 36.200741399899997 ], [ -115.2452826, 36.2007386999 ], [ -115.2453015, 36.2007386999 ], [ -115.2453015, 36.200741399899997 ], [ -115.2453096, 36.200741399899997 ], [ -115.2453096, 36.2007440999 ], [ -115.2453177, 36.2007440999 ], [ -115.2453177, 36.200746799899996 ], [ -115.2453555, 36.200746799899996 ], [ -115.2453555, 36.200749499899999 ], [ -115.2454095, 36.200749499899999 ], [ -115.2454095, 36.200746799899996 ], [ -115.2454176, 36.200746799899996 ], [ -115.2454176, 36.200749499899999 ], [ -115.2454365, 36.200749499899999 ], [ -115.2454365, 36.200752199900002 ], [ -115.24545, 36.200752199900002 ], [ -115.24545, 36.200754899899998 ], [ -115.2454905, 36.200754899899998 ], [ -115.2454905, 36.200757599900001 ], [ -115.2454959, 36.200757599900001 ], [ -115.2454959, 36.200760299899997 ], [ -115.2454986, 36.200760299899997 ], [ -115.2454986, 36.200789999899996 ], [ -115.2454959, 36.200789999899996 ], [ -115.2454959, 36.200795399900002 ], [ -115.2454851, 36.200795399900002 ], [ -115.2454851, 36.200798099899998 ] ] ] } },
{ "type": "Feature", "properties": { "value": 255.0 }, "geometry": { "type": "Polygon", "coordinates": [ [ [ -115.245774, 36.200789999899996 ], [ -115.2457605, 36.200789999899996 ], [ -115.2457605, 36.2007872999 ], [ -115.245747, 36.2007872999 ], [ -115.245747, 36.200784599899997 ], [ -115.2457362, 36.200784599899997 ], [ -115.2457362, 36.200781899900001 ], [ -115.2457308, 36.200781899900001 ], [ -115.2457308, 36.200779199899998 ], [ -115.2457281, 36.200779199899998 ], [ -115.2457281, 36.200776499900002 ], [ -115.2457254, 36.200776499900002 ], [ -115.2457254, 36.200765699899996 ], [ -115.2457281, 36.200765699899996 ], [ -115.2457281, 36.2007629999 ], [ -115.2457308, 36.2007629999 ], [ -115.2457308, 36.200760299899997 ], [ -115.2457335, 36.200760299899997 ], [ -115.2457335, 36.200754899899998 ], [ -115.2457362, 36.200754899899998 ], [ -115.2457362, 36.200749499899999 ], [ -115.2457389, 36.200749499899999 ], [ -115.2457389, 36.2007386999 ], [ -115.2457416, 36.2007386999 ], [ -115.2457416, 36.200730599899998 ], [ -115.2457443, 36.200730599899998 ], [ -115.2457443, 36.2007197999 ], [ -115.245747, 36.2007197999 ], [ -115.245747, 36.200708999900002 ], [ -115.2457497, 36.200708999900002 ], [ -115.2457497, 36.200700899899999 ], [ -115.2457524, 36.200700899899999 ], [ -115.2457524, 36.200692799899997 ], [ -115.2457551, 36.200692799899997 ], [ -115.2457551, 36.200684699900002 ], [ -115.2457578, 36.200684699900002 ], [ -115.2457578, 36.2006765999 ], [ -115.2457605, 36.2006765999 ], [ -115.2457605, 36.200663099899998 ], [ -115.2457632, 36.200663099899998 ], [ -115.2457632, 36.200654999899996 ], [ -115.2457659, 36.200654999899996 ], [ -115.2457659, 36.2006522999 ], [ -115.2457686, 36.2006522999 ], [ -115.2457686, 36.200649599899997 ], [ -115.2457767, 36.200649599899997 ], [ -115.2457767, 36.200646899900001 ], [ -115.2457875, 36.200646899900001 ], [ -115.2457875, 36.200649599899997 ], [ -115.2457929, 36.200649599899997 ], [ -115.2457929, 36.2006522999 ], [ -115.2457956, 36.2006522999 ], [ -115.2457956, 36.200654999899996 ], [ -115.2457983, 36.200654999899996 ], [ -115.2457983, 36.200657699899999 ], [ -115.245801, 36.200657699899999 ], [ -115.245801, 36.200668499899997 ], [ -115.2458037, 36.200668499899997 ], [ -115.2458037, 36.200690099900001 ], [ -115.2458064, 36.200690099900001 ], [ -115.2458064, 36.200700899899999 ], [ -115.2458037, 36.200700899899999 ], [ -115.2458037, 36.200708999900002 ], [ -115.245801, 36.200708999900002 ], [ -115.245801, 36.2007197999 ], [ -115.2457983, 36.2007197999 ], [ -115.2457983, 36.200727899900002 ], [ -115.2457956, 36.200727899900002 ], [ -115.2457956, 36.200735999899997 ], [ -115.2457929, 36.200735999899997 ], [ -115.2457929, 36.2007440999 ], [ -115.2457902, 36.2007440999 ], [ -115.2457902, 36.200752199900002 ], [ -115.2457875, 36.200752199900002 ], [ -115.2457875, 36.200760299899997 ], [ -115.2457848, 36.200760299899997 ], [ -115.2457848, 36.200768399899999 ], [ -115.2457821, 36.200768399899999 ], [ -115.2457821, 36.200776499900002 ], [ -115.2457794, 36.200776499900002 ], [ -115.2457794, 36.200784599899997 ], [ -115.2457767, 36.200784599899997 ], [ -115.2457767, 36.2007872999 ], [ -115.245774, 36.2007872999 ], [ -115.245774, 36.200789999899996 ] ] ] } },
{ "type": "Feature", "properties": { "value": 255.0 }, "geometry": { "type": "Polygon", "coordinates": [ [ [ -115.2460926, 36.200841299899999 ], [ -115.2460818, 36.200841299899999 ], [ -115.2460818, 36.200838599900003 ], [ -115.2460683, 36.200838599900003 ], [ -115.2460683, 36.2008358999 ], [ -115.2460602, 36.2008358999 ], [ -115.2460602, 36.200833199899996 ], [ -115.2460548, 36.200833199899996 ], [ -115.2460548, 36.2008304999 ], [ -115.2460494, 36.2008304999 ], [ -115.2460494, 36.200827799899997 ], [ -115.2460467, 36.200827799899997 ], [ -115.2460467, 36.200825099900001 ], [ -115.2460386, 36.200825099900001 ], [ -115.2460386, 36.200822399899998 ], [ -115.2460251, 36.200822399899998 ], [ -115.2460251, 36.200819699900002 ], [ -115.2460224, 36.200819699900002 ], [ -115.2460224, 36.200816999899999 ], [ -115.2460197, 36.200816999899999 ], [ -115.2460197, 36.2008115999 ], [ -115.246017, 36.2008115999 ], [ -115.246017, 36.200808899899997 ], [ -115.2460143, 36.200808899899997 ], [ -115.2460143, 36.200806199900001 ], [ -115.2460116, 36.200806199900001 ], [ -115.2460116, 36.200803499899997 ], [ -115.2460035, 36.200803499899997 ], [ -115.2460035, 36.200800799900001 ], [ -115.2459927, 36.200800799900001 ], [ -115.2459927, 36.200798099899998 ], [ -115.2459792, 36.200798099899998 ], [ -115.2459792, 36.200795399900002 ], [ -115.2459738, 36.200795399900002 ], [ -115.2459738, 36.200798099899998 ], [ -115.2459468, 36.200798099899998 ], [ -115.2459468, 36.200795399900002 ], [ -115.2459252, 36.200795399900002 ], [ -115.2459252, 36.200792699899999 ], [ -115.2459117, 36.200792699899999 ], [ -115.2459117, 36.200789999899996 ], [ -115.2459036, 36.200789999899996 ], [ -115.2459036, 36.2007872999 ], [ -115.2458955, 36.2007872999 ], [ -115.2458955, 36.200784599899997 ], [ -115.2458901, 36.200784599899997 ], [ -115.2458901, 36.200781899900001 ], [ -115.2458847, 36.200781899900001 ], [ -115.2458847, 36.200779199899998 ], [ -115.2458793, 36.200779199899998 ], [ -115.2458793, 36.200776499900002 ], [ -115.2458712, 36.200776499900002 ], [ -115.2458712, 36.200773799899999 ], [ -115.2458631, 36.200773799899999 ], [ -115.2458631, 36.200771099900003 ], [ -115.245855, 36.200771099900003 ], [ -115.245855, 36.200765699899996 ], [ -115.2458523, 36.200765699899996 ], [ -115.2458523, 36.2007629999 ], [ -115.2458496, 36.2007629999 ], [ -115.2458496, 36.200760299899997 ], [ -115.2458442, 36.200760299899997 ], [ -115.2458442, 36.200757599900001 ], [ -115.2458388, 36.200757599900001 ], [ -115.2458388, 36.200754899899998 ], [ -115.2458334, 36.200754899899998 ], [ -115.2458334, 36.200752199900002 ], [ -115.2458307, 36.200752199900002 ], [ -115.2458307, 36.2007386999 ], [ -115.2458334, 36.2007386999 ], [ -115.2458334, 36.200722499899996 ], [ -115.2458361, 36.200722499899996 ], [ -115.2458361, 36.200714399900001 ], [ -115.2458388, 36.200714399900001 ], [ -115.2458388, 36.200711699899998 ], [ -115.2458415, 36.200711699899998 ], [ -115.2458415, 36.200708999900002 ], [ -115.2458442, 36.200708999900002 ], [ -115.2458442, 36.200706299899998 ], [ -115.2458469, 36.200706299899998 ], [ -115.2458469, 36.200703599900002 ], [ -115.2458523, 36.200703599900002 ], [ -115.2458523, 36.200700899899999 ], [ -115.245855, 36.200700899899999 ], [ -115.245855, 36.200698199899996 ], [ -115.2458577, 36.200698199899996 ], [ -115.2458577, 36.2006954999 ], [ -115.2458604, 36.2006954999 ], [ -115.2458604, 36.200690099900001 ], [ -115.2458631, 36.200690099900001 ], [ -115.2458631, 36.200649599899997 ], [ -115.2458658, 36.200649599899997 ], [ -115.2458658, 36.200644199899997 ], [ -115.2458685, 36.200644199899997 ], [ -115.2458685, 36.200641499900001 ], [ -115.2458712, 36.200641499900001 ], [ -115.2458712, 36.200638799899998 ], [ -115.2458739, 36.200638799899998 ], [ -115.2458739, 36.200633399899999 ], [ -115.2458766, 36.200633399899999 ], [ -115.2458766, 36.2006279999 ], [ -115.2458793, 36.2006279999 ], [ -115.2458793, 36.200622599900001 ], [ -115.245882, 36.200622599900001 ], [ -115.245882, 36.200619899899998 ], [ -115.2458874, 36.200619899899998 ], [ -115.2458874, 36.200617199900002 ], [ -115.2459252, 36.200617199900002 ], [ -115.2459252, 36.200619899899998 ], [ -115.2459387, 36.200619899899998 ], [ -115.2459387, 36.200622599900001 ], [ -115.2459576, 36.200622599900001 ], [ -115.2459576, 36.200625299899997 ], [ -115.2459738, 36.200625299899997 ], [ -115.2459738, 36.200630699899996 ], [ -115.2459792, 36.200630699899996 ], [ -115.2459792, 36.200633399899999 ], [ -115.24599, 36.200633399899999 ], [ -115.24599, 36.200636099900002 ], [ -115.2460008, 36.200636099900002 ], [ -115.2460008, 36.200638799899998 ], [ -115.2460089, 36.200638799899998 ], [ -115.2460089, 36.200641499900001 ], [ -115.2460224, 36.200641499900001 ], [ -115.2460224, 36.200644199899997 ], [ -115.2460494, 36.200644199899997 ], [ -115.2460494, 36.200646899900001 ], [ -115.2460818, 36.200646899900001 ], [ -115.2460818, 36.200649599899997 ], [ -115.2460926, 36.200649599899997 ], [ -115.2460926, 36.200841299899999 ] ] ] } },
{ "type": "Feature", "properties": { "value": 255.0 }, "geometry": { "type": "Polygon", "coordinates": [ [ [ -115.245612, 36.200768399899999 ], [ -115.2455985, 36.200768399899999 ], [ -115.2455985, 36.200765699899996 ], [ -115.2455877, 36.200765699899996 ], [ -115.2455877, 36.2007629999 ], [ -115.2455823, 36.2007629999 ], [ -115.2455823, 36.200760299899997 ], [ -115.2455796, 36.200760299899997 ], [ -115.2455796, 36.200757599900001 ], [ -115.2455769, 36.200757599900001 ], [ -115.2455769, 36.200754899899998 ], [ -115.2455742, 36.200754899899998 ], [ -115.2455742, 36.200746799899996 ], [ -115.2455715, 36.200746799899996 ], [ -115.2455715, 36.200741399899997 ], [ -115.2455742, 36.200741399899997 ], [ -115.2455742, 36.200714399900001 ], [ -115.2455769, 36.200714399900001 ], [ -115.2455769, 36.2006954999 ], [ -115.2455796, 36.2006954999 ], [ -115.2455796, 36.200673899899996 ], [ -115.2455823, 36.200673899899996 ], [ -115.2455823, 36.200668499899997 ], [ -115.245585, 36.200668499899997 ], [ -115.245585, 36.200665799900001 ], [ -115.2455823, 36.200665799900001 ], [ -115.2455823, 36.200654999899996 ], [ -115.245585, 36.200654999899996 ], [ -115.245585, 36.200649599899997 ], [ -115.2455877, 36.200649599899997 ], [ -115.2455877, 36.200644199899997 ], [ -115.2455904, 36.200644199899997 ], [ -115.2455904, 36.200638799899998 ], [ -115.2455931, 36.200638799899998 ], [ -115.2455931, 36.200636099900002 ], [ -115.2455985, 36.200636099900002 ], [ -115.2455985, 36.200633399899999 ], [ -115.2456093, 36.200633399899999 ], [ -115.2456093, 36.200630699899996 ], [ -115.2456255, 36.200630699899996 ], [ -115.2456255, 36.200633399899999 ], [ -115.2456309, 36.200633399899999 ], [ -115.2456309, 36.200636099900002 ], [ -115.2456336, 36.200636099900002 ], [ -115.2456336, 36.200641499900001 ], [ -115.2456363, 36.200641499900001 ], [ -115.2456363, 36.200657699899999 ], [ -115.245639, 36.200657699899999 ], [ -115.245639, 36.200663099899998 ], [ -115.2456363, 36.200663099899998 ], [ -115.2456363, 36.200668499899997 ], [ -115.2456336, 36.200668499899997 ], [ -115.2456336, 36.2006765999 ], [ -115.2456363, 36.2006765999 ], [ -115.2456363, 36.200687399899998 ], [ -115.245639, 36.200687399899998 ], [ -115.245639, 36.200700899899999 ], [ -115.2456363, 36.200700899899999 ], [ -115.2456363, 36.200711699899998 ], [ -115.2456336, 36.200711699899998 ], [ -115.2456336, 36.200722499899996 ], [ -115.2456309, 36.200722499899996 ], [ -115.2456309, 36.200733299900001 ], [ -115.2456282, 36.200733299900001 ], [ -115.2456282, 36.200741399899997 ], [ -115.2456255, 36.200741399899997 ], [ -115.2456255, 36.200752199900002 ], [ -115.2456228, 36.200752199900002 ], [ -115.2456228, 36.200760299899997 ], [ -115.2456201, 36.200760299899997 ], [ -115.2456201, 36.2007629999 ], [ -115.2456174, 36.2007629999 ], [ -115.2456174, 36.200765699899996 ], [ -115.245612, 36.200765699899996 ], [ -115.245612, 36.200768399899999 ] ] ] } },
{ "type": "Feature", "properties": { "value": 255.0 }, "geometry": { "type": "Polygon", "coordinates": [ [ [ -115.2456417, 36.200625299899997 ], [ -115.2455985, 36.200625299899997 ], [ -115.2455985, 36.200622599900001 ], [ -115.2456066, 36.200622599900001 ], [ -115.2456066, 36.200619899899998 ], [ -115.2456228, 36.200619899899998 ], [ -115.2456228, 36.200617199900002 ], [ -115.2456309, 36.200617199900002 ], [ -115.2456309, 36.200619899899998 ], [ -115.245639, 36.200619899899998 ], [ -115.245639, 36.200622599900001 ], [ -115.2456417, 36.200622599900001 ], [ -115.2456417, 36.200625299899997 ] ] ] } },
{ "type": "Feature", "properties": { "value": 255.0 }, "geometry": { "type": "Polygon", "coordinates": [ [ [ -115.2450828, 36.200673899899996 ], [ -115.245055799999989, 36.200673899899996 ], [ -115.245055799999989, 36.2006711999 ], [ -115.2450396, 36.2006711999 ], [ -115.2450396, 36.200668499899997 ], [ -115.2450369, 36.200668499899997 ], [ -115.2450369, 36.200641499900001 ], [ -115.2450396, 36.200641499900001 ], [ -115.2450396, 36.200611799899995 ], [ -115.2450423, 36.200611799899995 ], [ -115.2450423, 36.200576699899997 ], [ -115.245045, 36.200576699899997 ], [ -115.245045, 36.200552399899998 ], [ -115.2450477, 36.200552399899998 ], [ -115.2450477, 36.200528099899998 ], [ -115.2450504, 36.200528099899998 ], [ -115.2450504, 36.200495699899996 ], [ -115.2450531, 36.200495699899996 ], [ -115.2450531, 36.200471399899996 ], [ -115.245055799999989, 36.200471399899996 ], [ -115.245055799999989, 36.2004443999 ], [ -115.2450585, 36.2004443999 ], [ -115.2450585, 36.200411999899998 ], [ -115.2450612, 36.200411999899998 ], [ -115.2450612, 36.200382299899999 ], [ -115.2450639, 36.200382299899999 ], [ -115.2450639, 36.200379599899996 ], [ -115.2450666, 36.200379599899996 ], [ -115.2450666, 36.2003768999 ], [ -115.2450801, 36.2003768999 ], [ -115.2450801, 36.200379599899996 ], [ -115.2451125, 36.200379599899996 ], [ -115.2451125, 36.200382299899999 ], [ -115.2451152, 36.200382299899999 ], [ -115.2451152, 36.200411999899998 ], [ -115.2451125, 36.200411999899998 ], [ -115.2451125, 36.200441699899997 ], [ -115.2451098, 36.200441699899997 ], [ -115.2451098, 36.2004686999 ], [ -115.2451071, 36.2004686999 ], [ -115.2451071, 36.200498399899999 ], [ -115.2451044, 36.200498399899999 ], [ -115.2451044, 36.200530799900001 ], [ -115.2451017, 36.200530799900001 ], [ -115.2451017, 36.200563199899996 ], [ -115.245099, 36.200563199899996 ], [ -115.245099, 36.200590199899999 ], [ -115.2450963, 36.200590199899999 ], [ -115.2450963, 36.200614499899999 ], [ -115.2450936, 36.200614499899999 ], [ -115.2450936, 36.2006279999 ], [ -115.2450909, 36.2006279999 ], [ -115.2450909, 36.200663099899998 ], [ -115.2450882, 36.200663099899998 ], [ -115.2450882, 36.2006711999 ], [ -115.2450828, 36.2006711999 ], [ -115.2450828, 36.200673899899996 ] ] ] } },
{ "type": "Feature", "properties": { "value": 255.0 }, "geometry": { "type": "Polygon", "coordinates": [ [ [ -115.2457119, 36.200563199899996 ], [ -115.2456984, 36.200563199899996 ], [ -115.2456984, 36.2005604999 ], [ -115.2456714, 36.2005604999 ], [ -115.2456714, 36.200563199899996 ], [ -115.2456606, 36.200563199899996 ], [ -115.2456606, 36.2005604999 ], [ -115.2456579, 36.2005604999 ], [ -115.2456579, 36.200557799899997 ], [ -115.2456552, 36.200557799899997 ], [ -115.2456552, 36.200552399899998 ], [ -115.2456525, 36.200552399899998 ], [ -115.2456525, 36.200544299899995 ], [ -115.2456498, 36.200544299899995 ], [ -115.2456498, 36.2005361999 ], [ -115.2456471, 36.2005361999 ], [ -115.2456471, 36.200528099899998 ], [ -115.2456444, 36.200528099899998 ], [ -115.2456444, 36.200519999899996 ], [ -115.2456417, 36.200519999899996 ], [ -115.2456417, 36.2005118999 ], [ -115.245639, 36.2005118999 ], [ -115.245639, 36.200503799899998 ], [ -115.2456363, 36.200503799899998 ], [ -115.2456363, 36.200498399899999 ], [ -115.2456336, 36.200498399899999 ], [ -115.2456336, 36.2004929999 ], [ -115.2456309, 36.2004929999 ], [ -115.2456309, 36.200487599900001 ], [ -115.2456282, 36.200487599900001 ], [ -115.2456282, 36.200482199900001 ], [ -115.2456255, 36.200482199900001 ], [ -115.2456255, 36.200474099899999 ], [ -115.2456228, 36.200474099899999 ], [ -115.2456228, 36.200463299900001 ], [ -115.2456201, 36.200463299900001 ], [ -115.2456201, 36.200457899900002 ], [ -115.2456174, 36.200457899900002 ], [ -115.2456174, 36.200449799899999 ], [ -115.2456147, 36.200449799899999 ], [ -115.2456147, 36.200438999900001 ], [ -115.245612, 36.200438999900001 ], [ -115.245612, 36.2004254999 ], [ -115.2456147, 36.2004254999 ], [ -115.2456147, 36.200422799899997 ], [ -115.2456228, 36.200422799899997 ], [ -115.2456228, 36.200420099900001 ], [ -115.245639, 36.200420099900001 ], [ -115.245639, 36.200417399899997 ], [ -115.2456444, 36.200417399899997 ], [ -115.2456444, 36.200414699900001 ], [ -115.2456525, 36.200414699900001 ], [ -115.2456525, 36.200411999899998 ], [ -115.2456579, 36.200411999899998 ], [ -115.2456579, 36.200409299899995 ], [ -115.2456633, 36.200409299899995 ], [ -115.2456633, 36.200406599899999 ], [ -115.2456687, 36.200406599899999 ], [ -115.2456687, 36.200403899899996 ], [ -115.2456714, 36.200403899899996 ], [ -115.2456714, 36.2004011999 ], [ -115.2456741, 36.2004011999 ], [ -115.2456741, 36.200398499899997 ], [ -115.2456795, 36.200398499899997 ], [ -115.2456795, 36.200395799900001 ], [ -115.2456876, 36.200395799900001 ], [ -115.2456876, 36.200393099899998 ], [ -115.2457011, 36.200393099899998 ], [ -115.2457011, 36.200390399900002 ], [ -115.2457119, 36.200390399900002 ], [ -115.2457119, 36.200387699899998 ], [ -115.2457335, 36.200387699899998 ], [ -115.2457335, 36.200384999899995 ], [ -115.2457497, 36.200384999899995 ], [ -115.2457497, 36.200382299899999 ], [ -115.245774, 36.200382299899999 ], [ -115.245774, 36.200379599899996 ], [ -115.2457821, 36.200379599899996 ], [ -115.2457821, 36.2003768999 ], [ -115.2457902, 36.2003768999 ], [ -115.2457902, 36.200374199899997 ], [ -115.2457983, 36.200374199899997 ], [ -115.2457983, 36.200371499900001 ], [ -115.2458064, 36.200371499900001 ], [ -115.2458064, 36.200368799899998 ], [ -115.2458199, 36.200368799899998 ], [ -115.2458199, 36.200366099900002 ], [ -115.2458307, 36.200366099900002 ], [ -115.2458307, 36.200363399899999 ], [ -115.2458361, 36.200363399899999 ], [ -115.2458361, 36.200360699899996 ], [ -115.2458415, 36.200360699899996 ], [ -115.2458415, 36.2003579999 ], [ -115.2458523, 36.2003579999 ], [ -115.2458523, 36.200355299899996 ], [ -115.2458739, 36.200355299899996 ], [ -115.2458739, 36.2003525999 ], [ -115.2459468, 36.2003525999 ], [ -115.2459468, 36.200349899899997 ], [ -115.245963, 36.200349899899997 ], [ -115.245963, 36.2003525999 ], [ -115.2459657, 36.2003525999 ], [ -115.2459657, 36.200355299899996 ], [ -115.2459684, 36.200355299899996 ], [ -115.2459684, 36.200363399899999 ], [ -115.2459711, 36.200363399899999 ], [ -115.2459711, 36.200374199899997 ], [ -115.2459738, 36.200374199899997 ], [ -115.2459738, 36.200382299899999 ], [ -115.2459765, 36.200382299899999 ], [ -115.2459765, 36.200390399900002 ], [ -115.2459792, 36.200390399900002 ], [ -115.2459792, 36.2004011999 ], [ -115.2459819, 36.2004011999 ], [ -115.2459819, 36.200414699900001 ], [ -115.2459846, 36.200414699900001 ], [ -115.2459846, 36.2004254999 ], [ -115.2459873, 36.2004254999 ], [ -115.2459873, 36.200436299899998 ], [ -115.24599, 36.200436299899998 ], [ -115.24599, 36.200449799899999 ], [ -115.2459927, 36.200449799899999 ], [ -115.2459927, 36.200457899900002 ], [ -115.2459954, 36.200457899900002 ], [ -115.2459954, 36.2004686999 ], [ -115.2459981, 36.2004686999 ], [ -115.2459981, 36.200482199900001 ], [ -115.2459927, 36.200482199900001 ], [ -115.2459927, 36.200484899899998 ], [ -115.2459873, 36.200484899899998 ], [ -115.2459873, 36.200487599900001 ], [ -115.2459819, 36.200487599900001 ], [ -115.2459819, 36.2004929999 ], [ -115.2459792, 36.2004929999 ], [ -115.2459792, 36.200495699899996 ], [ -115.2459765, 36.200495699899996 ], [ -115.2459765, 36.200498399899999 ], [ -115.2459711, 36.200498399899999 ], [ -115.2459711, 36.200501099900002 ], [ -115.2459576, 36.200501099900002 ], [ -115.2459576, 36.200503799899998 ], [ -115.2459495, 36.200503799899998 ], [ -115.2459495, 36.200506499900001 ], [ -115.2459441, 36.200506499900001 ], [ -115.2459441, 36.200509199899997 ], [ -115.2459414, 36.200509199899997 ], [ -115.2459414, 36.2005118999 ], [ -115.2459333, 36.2005118999 ], [ -115.2459333, 36.200514599899996 ], [ -115.2459117, 36.200514599899996 ], [ -115.2459117, 36.2005172999 ], [ -115.245882, 36.2005172999 ], [ -115.245882, 36.200519999899996 ], [ -115.2458631, 36.200519999899996 ], [ -115.2458631, 36.2005172999 ], [ -115.2458496, 36.2005172999 ], [ -115.2458496, 36.200519999899996 ], [ -115.2458334, 36.200519999899996 ], [ -115.2458334, 36.200522699899999 ], [ -115.2458226, 36.200522699899999 ], [ -115.2458226, 36.200525399900002 ], [ -115.2458145, 36.200525399900002 ], [ -115.2458145, 36.200528099899998 ], [ -115.2458118, 36.200528099899998 ], [ -115.2458118, 36.200533499899997 ], [ -115.2458091, 36.200533499899997 ], [ -115.2458091, 36.200538899899996 ], [ -115.2458064, 36.200538899899996 ], [ -115.2458064, 36.200541599899999 ], [ -115.2458037, 36.200541599899999 ], [ -115.2458037, 36.200544299899995 ], [ -115.2457983, 36.200544299899995 ], [ -115.2457983, 36.200546999899998 ], [ -115.2457848, 36.200546999899998 ], [ -115.2457848, 36.200549699900002 ], [ -115.2457794, 36.200549699900002 ], [ -115.2457794, 36.200552399899998 ], [ -115.245774, 36.200552399899998 ], [ -115.245774, 36.200555099900001 ], [ -115.2457659, 36.200555099900001 ], [ -115.2457659, 36.200557799899997 ], [ -115.24572, 36.200557799899997 ], [ -115.24572, 36.2005604999 ], [ -115.2457119, 36.2005604999 ], [ -115.2457119, 36.200563199899996 ] ] ] } },
{ "type": "Feature", "properties": { "value": 255.0 }, "geometry": { "type": "Polygon", "coordinates": [ [ [ -115.2450045, 36.200528099899998 ], [ -115.2449991, 36.200528099899998 ], [ -115.2449991, 36.200522699899999 ], [ -115.2449964, 36.200522699899999 ], [ -115.2449964, 36.200514599899996 ], [ -115.2449937, 36.200514599899996 ], [ -115.2449937, 36.200503799899998 ], [ -115.244991, 36.200503799899998 ], [ -115.244991, 36.200490299899997 ], [ -115.244988299999989, 36.200490299899997 ], [ -115.244988299999989, 36.200455199899999 ], [ -115.2449856, 36.200455199899999 ], [ -115.2449856, 36.200422799899997 ], [ -115.244988299999989, 36.200422799899997 ], [ -115.244988299999989, 36.2004011999 ], [ -115.244991, 36.2004011999 ], [ -115.244991, 36.200368799899998 ], [ -115.2449937, 36.200368799899998 ], [ -115.2449937, 36.200349899899997 ], [ -115.2449964, 36.200349899899997 ], [ -115.2449964, 36.200341799899995 ], [ -115.2449991, 36.200341799899995 ], [ -115.2449991, 36.2003336999 ], [ -115.2450018, 36.2003336999 ], [ -115.2450018, 36.200328299900001 ], [ -115.2450045, 36.200328299900001 ], [ -115.2450045, 36.200320199899998 ], [ -115.245007199999989, 36.200320199899998 ], [ -115.245007199999989, 36.200314799899999 ], [ -115.2450099, 36.200314799899999 ], [ -115.2450099, 36.200306699899997 ], [ -115.2450126, 36.200306699899997 ], [ -115.2450126, 36.200298599900002 ], [ -115.2450153, 36.200298599900002 ], [ -115.2450153, 36.200282399899997 ], [ -115.245018, 36.200282399899997 ], [ -115.245018, 36.200276999899998 ], [ -115.2450207, 36.200276999899998 ], [ -115.2450207, 36.200274299899995 ], [ -115.2450288, 36.200274299899995 ], [ -115.2450288, 36.200276999899998 ], [ -115.2450315, 36.200276999899998 ], [ -115.2450315, 36.200298599900002 ], [ -115.2450342, 36.200298599900002 ], [ -115.2450342, 36.200349899899997 ], [ -115.2450315, 36.200349899899997 ], [ -115.2450315, 36.200382299899999 ], [ -115.2450288, 36.200382299899999 ], [ -115.2450288, 36.200409299899995 ], [ -115.2450261, 36.200409299899995 ], [ -115.2450261, 36.200430899899999 ], [ -115.2450234, 36.200430899899999 ], [ -115.2450234, 36.200449799899999 ], [ -115.2450207, 36.200449799899999 ], [ -115.2450207, 36.200465999899997 ], [ -115.245018, 36.200465999899997 ], [ -115.245018, 36.200476799899995 ], [ -115.2450153, 36.200476799899995 ], [ -115.2450153, 36.200487599900001 ], [ -115.2450126, 36.200487599900001 ], [ -115.2450126, 36.200501099900002 ], [ -115.2450099, 36.200501099900002 ], [ -115.2450099, 36.200514599899996 ], [ -115.245007199999989, 36.200514599899996 ], [ -115.245007199999989, 36.200522699899999 ], [ -115.2450045, 36.200522699899999 ], [ -115.2450045, 36.200528099899998 ] ] ] } },
{ "type": "Feature", "properties": { "value": 255.0 }, "geometry": { "type": "Polygon", "coordinates": [ [ [ -115.2454851, 36.200725199899999 ], [ -115.245477, 36.200725199899999 ], [ -115.245477, 36.200722499899996 ], [ -115.2454311, 36.200722499899996 ], [ -115.2454311, 36.2007197999 ], [ -115.2454122, 36.2007197999 ], [ -115.2454122, 36.200717099899997 ], [ -115.2453852, 36.200717099899997 ], [ -115.2453852, 36.200714399900001 ], [ -115.2453582, 36.200714399900001 ], [ -115.2453582, 36.200711699899998 ], [ -115.2453366, 36.200711699899998 ], [ -115.2453366, 36.200714399900001 ], [ -115.2453069, 36.200714399900001 ], [ -115.2453069, 36.200711699899998 ], [ -115.2453042, 36.200711699899998 ], [ -115.2453042, 36.200706299899998 ], [ -115.2453015, 36.200706299899998 ], [ -115.2453015, 36.200690099900001 ], [ -115.2452988, 36.200690099900001 ], [ -115.2452988, 36.200687399899998 ], [ -115.2452961, 36.200687399899998 ], [ -115.2452961, 36.200660399900002 ], [ -115.2452988, 36.200660399900002 ], [ -115.2452988, 36.200646899900001 ], [ -115.2453015, 36.200646899900001 ], [ -115.2453015, 36.200638799899998 ], [ -115.2453042, 36.200638799899998 ], [ -115.2453042, 36.2006279999 ], [ -115.2453069, 36.2006279999 ], [ -115.2453069, 36.200625299899997 ], [ -115.2453042, 36.200625299899997 ], [ -115.2453042, 36.200614499899999 ], [ -115.2453069, 36.200614499899999 ], [ -115.2453069, 36.200606399899996 ], [ -115.2453096, 36.200606399899996 ], [ -115.2453096, 36.200598299900001 ], [ -115.2453123, 36.200598299900001 ], [ -115.2453123, 36.200595599899998 ], [ -115.245315, 36.200595599899998 ], [ -115.245315, 36.200590199899999 ], [ -115.2453177, 36.200590199899999 ], [ -115.2453177, 36.200587499899996 ], [ -115.2453204, 36.200587499899996 ], [ -115.2453204, 36.200582099899997 ], [ -115.2453231, 36.200582099899997 ], [ -115.2453231, 36.200546999899998 ], [ -115.2453204, 36.200546999899998 ], [ -115.2453204, 36.200538899899996 ], [ -115.2453231, 36.200538899899996 ], [ -115.2453231, 36.2005361999 ], [ -115.2453204, 36.2005361999 ], [ -115.2453204, 36.200519999899996 ], [ -115.2453231, 36.200519999899996 ], [ -115.2453231, 36.200514599899996 ], [ -115.245325799999989, 36.200514599899996 ], [ -115.245325799999989, 36.2005118999 ], [ -115.2453393, 36.2005118999 ], [ -115.2453393, 36.200509199899997 ], [ -115.2453447, 36.200509199899997 ], [ -115.2453447, 36.200506499900001 ], [ -115.2453474, 36.200506499900001 ], [ -115.2453474, 36.200503799899998 ], [ -115.2453501, 36.200503799899998 ], [ -115.2453501, 36.2004929999 ], [ -115.2453528, 36.2004929999 ], [ -115.2453528, 36.200474099899999 ], [ -115.2453501, 36.200474099899999 ], [ -115.2453501, 36.200471399899996 ], [ -115.2453447, 36.200471399899996 ], [ -115.2453447, 36.2004686999 ], [ -115.2453366, 36.2004686999 ], [ -115.2453366, 36.200465999899997 ], [ -115.2453339, 36.200465999899997 ], [ -115.2453339, 36.200457899900002 ], [ -115.2453312, 36.200457899900002 ], [ -115.2453312, 36.200449799899999 ], [ -115.2453339, 36.200449799899999 ], [ -115.2453339, 36.200422799899997 ], [ -115.2453366, 36.200422799899997 ], [ -115.2453366, 36.200417399899997 ], [ -115.2453393, 36.200417399899997 ], [ -115.2453393, 36.200414699900001 ], [ -115.245342, 36.200414699900001 ], [ -115.245342, 36.200411999899998 ], [ -115.2453447, 36.200411999899998 ], [ -115.2453447, 36.200409299899995 ], [ -115.2453474, 36.200409299899995 ], [ -115.2453474, 36.200406599899999 ], [ -115.2453501, 36.200406599899999 ], [ -115.2453501, 36.200398499899997 ], [ -115.2453474, 36.200398499899997 ], [ -115.2453474, 36.200390399900002 ], [ -115.2453501, 36.200390399900002 ], [ -115.2453501, 36.200382299899999 ], [ -115.2453528, 36.200382299899999 ], [ -115.2453528, 36.200374199899997 ], [ -115.2453555, 36.200374199899997 ], [ -115.2453555, 36.200366099900002 ], [ -115.2453582, 36.200366099900002 ], [ -115.2453582, 36.2003525999 ], [ -115.2453555, 36.2003525999 ], [ -115.2453555, 36.200347199900001 ], [ -115.2453582, 36.200347199900001 ], [ -115.2453582, 36.200306699899997 ], [ -115.2453609, 36.200306699899997 ], [ -115.2453609, 36.200301299899998 ], [ -115.2453636, 36.200301299899998 ], [ -115.2453636, 36.200298599900002 ], [ -115.245369, 36.200298599900002 ], [ -115.245369, 36.200295899899999 ], [ -115.2453717, 36.200295899899999 ], [ -115.2453717, 36.200293199899995 ], [ -115.2453744, 36.200293199899995 ], [ -115.2453744, 36.200290499899999 ], [ -115.2453771, 36.200290499899999 ], [ -115.2453771, 36.200282399899997 ], [ -115.2453798, 36.200282399899997 ], [ -115.2453798, 36.200279699900001 ], [ -115.2453825, 36.200279699900001 ], [ -115.2453825, 36.200276999899998 ], [ -115.2453852, 36.200276999899998 ], [ -115.2453852, 36.200274299899995 ], [ -115.2454419, 36.200274299899995 ], [ -115.2454419, 36.200276999899998 ], [ -115.245460799999989, 36.200276999899998 ], [ -115.245460799999989, 36.200279699900001 ], [ -115.2454689, 36.200279699900001 ], [ -115.2454689, 36.200282399899997 ], [ -115.2454743, 36.200282399899997 ], [ -115.2454743, 36.2002850999 ], [ -115.2454797, 36.2002850999 ], [ -115.2454797, 36.200287799899996 ], [ -115.2455094, 36.200287799899996 ], [ -115.2455094, 36.200290499899999 ], [ -115.2455229, 36.200290499899999 ], [ -115.2455229, 36.200293199899995 ], [ -115.2455337, 36.200293199899995 ], [ -115.2455337, 36.200295899899999 ], [ -115.245558, 36.200295899899999 ], [ -115.245558, 36.200298599900002 ], [ -115.2455607, 36.200298599900002 ], [ -115.2455607, 36.200301299899998 ], [ -115.2455634, 36.200301299899998 ], [ -115.2455634, 36.200314799899999 ], [ -115.2455661, 36.200314799899999 ], [ -115.2455661, 36.200320199899998 ], [ -115.2455688, 36.200320199899998 ], [ -115.2455688, 36.200328299900001 ], [ -115.2455715, 36.200328299900001 ], [ -115.2455715, 36.200336399899996 ], [ -115.2455688, 36.200336399899996 ], [ -115.2455688, 36.200360699899996 ], [ -115.2455661, 36.200360699899996 ], [ -115.2455661, 36.200366099900002 ], [ -115.2455634, 36.200366099900002 ], [ -115.2455634, 36.200368799899998 ], [ -115.2455607, 36.200368799899998 ], [ -115.2455607, 36.200371499900001 ], [ -115.245558, 36.200371499900001 ], [ -115.245558, 36.2003768999 ], [ -115.2455553, 36.2003768999 ], [ -115.2455553, 36.200379599899996 ], [ -115.245558, 36.200379599899996 ], [ -115.245558, 36.200384999899995 ], [ -115.2455607, 36.200384999899995 ], [ -115.2455607, 36.200390399900002 ], [ -115.2455634, 36.200390399900002 ], [ -115.2455634, 36.200393099899998 ], [ -115.2455661, 36.200393099899998 ], [ -115.2455661, 36.200398499899997 ], [ -115.2455688, 36.200398499899997 ], [ -115.2455688, 36.200414699900001 ], [ -115.2455661, 36.200414699900001 ], [ -115.2455661, 36.200420099900001 ], [ -115.2455634, 36.200420099900001 ], [ -115.2455634, 36.200422799899997 ], [ -115.2455607, 36.200422799899997 ], [ -115.2455607, 36.2004254999 ], [ -115.2455553, 36.2004254999 ], [ -115.2455553, 36.200428199899996 ], [ -115.2455526, 36.200428199899996 ], [ -115.2455526, 36.200452499899995 ], [ -115.2455499, 36.200452499899995 ], [ -115.2455499, 36.2004686999 ], [ -115.2455472, 36.2004686999 ], [ -115.2455472, 36.200476799899995 ], [ -115.2455445, 36.200476799899995 ], [ -115.2455445, 36.200487599900001 ], [ -115.2455418, 36.200487599900001 ], [ -115.2455418, 36.200490299899997 ], [ -115.245528299999989, 36.200490299899997 ], [ -115.245528299999989, 36.2004929999 ], [ -115.2455229, 36.2004929999 ], [ -115.2455229, 36.200498399899999 ], [ -115.2455202, 36.200498399899999 ], [ -115.2455202, 36.200506499900001 ], [ -115.2455175, 36.200506499900001 ], [ -115.2455175, 36.200509199899997 ], [ -115.2455148, 36.200509199899997 ], [ -115.2455148, 36.200514599899996 ], [ -115.2455121, 36.200514599899996 ], [ -115.2455121, 36.200530799900001 ], [ -115.2455148, 36.200530799900001 ], [ -115.2455148, 36.200533499899997 ], [ -115.2455202, 36.200533499899997 ], [ -115.2455202, 36.2005361999 ], [ -115.245528299999989, 36.2005361999 ], [ -115.245528299999989, 36.200538899899996 ], [ -115.245531, 36.200538899899996 ], [ -115.245531, 36.200541599899999 ], [ -115.2455337, 36.200541599899999 ], [ -115.2455337, 36.200568599900002 ], [ -115.245531, 36.200568599900002 ], [ -115.245531, 36.200579399900001 ], [ -115.245528299999989, 36.200579399900001 ], [ -115.245528299999989, 36.2005847999 ], [ -115.2455256, 36.2005847999 ], [ -115.2455256, 36.200587499899996 ], [ -115.2455229, 36.200587499899996 ], [ -115.2455229, 36.200590199899999 ], [ -115.2455175, 36.200590199899999 ], [ -115.2455175, 36.200592899900002 ], [ -115.2455148, 36.200592899900002 ], [ -115.2455148, 36.200600999899997 ], [ -115.2455175, 36.200600999899997 ], [ -115.2455175, 36.2006036999 ], [ -115.2455202, 36.2006036999 ], [ -115.2455202, 36.200606399899996 ], [ -115.2455229, 36.200606399899996 ], [ -115.2455229, 36.200609099899999 ], [ -115.2455256, 36.200609099899999 ], [ -115.2455256, 36.200611799899995 ], [ -115.245528299999989, 36.200611799899995 ], [ -115.245528299999989, 36.200619899899998 ], [ -115.245531, 36.200619899899998 ], [ -115.245531, 36.200636099900002 ], [ -115.245528299999989, 36.200636099900002 ], [ -115.245528299999989, 36.200638799899998 ], [ -115.2455256, 36.200638799899998 ], [ -115.2455256, 36.200641499900001 ], [ -115.2455148, 36.200641499900001 ], [ -115.2455148, 36.200644199899997 ], [ -115.2455121, 36.200644199899997 ], [ -115.2455121, 36.200646899900001 ], [ -115.2455094, 36.200646899900001 ], [ -115.2455094, 36.200649599899997 ], [ -115.2455121, 36.200649599899997 ], [ -115.2455121, 36.200668499899997 ], [ -115.2455094, 36.200668499899997 ], [ -115.2455094, 36.200692799899997 ], [ -115.2455067, 36.200692799899997 ], [ -115.2455067, 36.200700899899999 ], [ -115.245504, 36.200700899899999 ], [ -115.245504, 36.200706299899998 ], [ -115.2454986, 36.200706299899998 ], [ -115.2454986, 36.200708999900002 ], [ -115.2454932, 36.200708999900002 ], [ -115.2454932, 36.200711699899998 ], [ -115.2454905, 36.200711699899998 ], [ -115.2454905, 36.200717099899997 ], [ -115.2454878, 36.200717099899997 ], [ -115.2454878, 36.200722499899996 ], [ -115.2454851, 36.200722499899996 ], [ -115.2454851, 36.200725199899999 ] ] ] } },
{ "type": "Feature", "properties": { "value": 255.0 }, "geometry": { "type": "Polygon", "coordinates": [ [ [ -115.2451179, 36.2003525999 ], [ -115.2450693, 36.2003525999 ], [ -115.2450693, 36.200349899899997 ], [ -115.2450666, 36.200349899899997 ], [ -115.2450666, 36.200268899899996 ], [ -115.2450693, 36.200268899899996 ], [ -115.2450693, 36.200252699899998 ], [ -115.245126, 36.200252699899998 ], [ -115.245126, 36.200287799899996 ], [ -115.245123299999989, 36.200287799899996 ], [ -115.245123299999989, 36.200328299900001 ], [ -115.2451206, 36.200328299900001 ], [ -115.2451206, 36.200349899899997 ], [ -115.2451179, 36.200349899899997 ], [ -115.2451179, 36.2003525999 ] ] ] } },
{ "type": "Feature", "properties": { "value": 255.0 }, "geometry": { "type": "Polygon", "coordinates": [ [ [ -115.2458442, 36.200274299899995 ], [ -115.2458307, 36.200274299899995 ], [ -115.2458307, 36.200271599899999 ], [ -115.2458091, 36.200271599899999 ], [ -115.2458091, 36.200274299899995 ], [ -115.2457713, 36.200274299899995 ], [ -115.2457713, 36.200271599899999 ], [ -115.2457497, 36.200271599899999 ], [ -115.2457497, 36.200268899899996 ], [ -115.2457416, 36.200268899899996 ], [ -115.2457416, 36.2002661999 ], [ -115.2456957, 36.2002661999 ], [ -115.2456957, 36.200263499899997 ], [ -115.2456903, 36.200263499899997 ], [ -115.2456903, 36.200260799900001 ], [ -115.2456876, 36.200260799900001 ], [ -115.2456876, 36.200252699899998 ], [ -115.2458496, 36.200252699899998 ], [ -115.2458496, 36.200258099899997 ], [ -115.2458469, 36.200258099899997 ], [ -115.2458469, 36.200271599899999 ], [ -115.2458442, 36.200271599899999 ], [ -115.2458442, 36.200274299899995 ] ] ] } }
]
}
