{
"type": "FeatureCollection",
"crs": { "type": "name", "properties": { "name": "urn:ogc:def:crs:OGC:1.3:CRS84" } },
"features": [
{ "type": "Feature", "properties": { "value": 255.0 }, "geometry": { "type": "Polygon", "coordinates": [ [ [ -115.2389106, 36.186212699800002 ], [ -115.2387675, 36.186212699800002 ], [ -115.2387675, 36.186201899800004 ], [ -115.2387702, 36.186201899800004 ], [ -115.2387702, 36.186199199800001 ], [ -115.2387783, 36.186199199800001 ], [ -115.2387783, 36.186196499800005 ], [ -115.2387918, 36.186196499800005 ], [ -115.2387918, 36.186199199800001 ], [ -115.2388161, 36.186199199800001 ], [ -115.2388161, 36.186196499800005 ], [ -115.2388431, 36.186196499800005 ], [ -115.2388431, 36.186199199800001 ], [ -115.2388701, 36.186199199800001 ], [ -115.2388701, 36.186201899800004 ], [ -115.2388809, 36.186201899800004 ], [ -115.2388809, 36.1862045998 ], [ -115.238889, 36.1862045998 ], [ -115.238889, 36.186207299800003 ], [ -115.2388944, 36.186207299800003 ], [ -115.2388944, 36.186209999799999 ], [ -115.2389106, 36.186209999799999 ], [ -115.2389106, 36.186212699800002 ] ] ] } },
{ "type": "Feature", "properties": { "value": 255.0 }, "geometry": { "type": "Polygon", "coordinates": [ [ [ -115.2385299, 36.186212699800002 ], [ -115.2383814, 36.186212699800002 ], [ -115.2383814, 36.186209999799999 ], [ -115.2383787, 36.186209999799999 ], [ -115.2383787, 36.186207299800003 ], [ -115.238376, 36.186207299800003 ], [ -115.238376, 36.1862045998 ], [ -115.2383733, 36.1862045998 ], [ -115.2383733, 36.186201899800004 ], [ -115.2383706, 36.186201899800004 ], [ -115.2383706, 36.186199199800001 ], [ -115.2383679, 36.186199199800001 ], [ -115.2383679, 36.186196499800005 ], [ -115.2383625, 36.186196499800005 ], [ -115.2383625, 36.186193799800002 ], [ -115.2383598, 36.186193799800002 ], [ -115.2383598, 36.186188399800002 ], [ -115.2383571, 36.186188399800002 ], [ -115.2383571, 36.186174899800001 ], [ -115.2383544, 36.186174899800001 ], [ -115.2383544, 36.186166799799999 ], [ -115.2383517, 36.186166799799999 ], [ -115.2383517, 36.1861613998 ], [ -115.2383544, 36.1861613998 ], [ -115.2383544, 36.186158699800004 ], [ -115.2383625, 36.186158699800004 ], [ -115.2383625, 36.1861559998 ], [ -115.238376, 36.1861559998 ], [ -115.238376, 36.186158699800004 ], [ -115.2384003, 36.186158699800004 ], [ -115.2384003, 36.1861613998 ], [ -115.2384084, 36.1861613998 ], [ -115.2384084, 36.186164099800003 ], [ -115.2384138, 36.186164099800003 ], [ -115.2384138, 36.186166799799999 ], [ -115.2384165, 36.186166799799999 ], [ -115.2384165, 36.186169499800002 ], [ -115.2384246, 36.186169499800002 ], [ -115.2384246, 36.186172199800005 ], [ -115.2384327, 36.186172199800005 ], [ -115.2384327, 36.186174899800001 ], [ -115.2384408, 36.186174899800001 ], [ -115.2384408, 36.186172199800005 ], [ -115.2384651, 36.186172199800005 ], [ -115.2384651, 36.186169499800002 ], [ -115.238511, 36.186169499800002 ], [ -115.238511, 36.186172199800005 ], [ -115.2385191, 36.186172199800005 ], [ -115.2385191, 36.186174899800001 ], [ -115.2385245, 36.186174899800001 ], [ -115.2385245, 36.186177599800004 ], [ -115.2385299, 36.186177599800004 ], [ -115.2385299, 36.1861802998 ], [ -115.2385407, 36.1861802998 ], [ -115.2385407, 36.186182999800003 ], [ -115.2385434, 36.186182999800003 ], [ -115.2385434, 36.186199199800001 ], [ -115.2385407, 36.186199199800001 ], [ -115.2385407, 36.186201899800004 ], [ -115.238538, 36.186201899800004 ], [ -115.238538, 36.1862045998 ], [ -115.2385353, 36.1862045998 ], [ -115.2385353, 36.186207299800003 ], [ -115.2385299, 36.186207299800003 ], [ -115.2385299, 36.186212699800002 ] ] ] } },
{ "type": "Feature", "properties": { "value": 255.0 }, "geometry": { "type": "Polygon", "coordinates": [ [ [ -115.2379494, 36.186212699800002 ], [ -115.2378387, 36.186212699800002 ], [ -115.2378387, 36.186207299800003 ], [ -115.237836, 36.186207299800003 ], [ -115.237836, 36.186199199800001 ], [ -115.2378333, 36.186199199800001 ], [ -115.2378333, 36.186172199800005 ], [ -115.237836, 36.186172199800005 ], [ -115.237836, 36.186145199800002 ], [ -115.2378387, 36.186145199800002 ], [ -115.2378387, 36.186142499799999 ], [ -115.2379197, 36.186142499799999 ], [ -115.2379197, 36.186145199800002 ], [ -115.237944, 36.186145199800002 ], [ -115.237944, 36.186142499799999 ], [ -115.2379683, 36.186142499799999 ], [ -115.2379683, 36.186139799800003 ], [ -115.237971, 36.186139799800003 ], [ -115.237971, 36.1861370998 ], [ -115.2379737, 36.1861370998 ], [ -115.2379737, 36.186131699800001 ], [ -115.2379764, 36.186131699800001 ], [ -115.2379764, 36.186128999800005 ], [ -115.2379791, 36.186128999800005 ], [ -115.2379791, 36.186126299800002 ], [ -115.2379899, 36.186126299800002 ], [ -115.2379899, 36.186123599800005 ], [ -115.2380142, 36.186123599800005 ], [ -115.2380142, 36.186126299800002 ], [ -115.2380304, 36.186126299800002 ], [ -115.2380304, 36.186128999800005 ], [ -115.2380331, 36.186128999800005 ], [ -115.2380331, 36.186134399800004 ], [ -115.2380358, 36.186134399800004 ], [ -115.2380358, 36.186172199800005 ], [ -115.2380331, 36.186172199800005 ], [ -115.2380331, 36.1861802998 ], [ -115.2380304, 36.1861802998 ], [ -115.2380304, 36.186182999800003 ], [ -115.2379953, 36.186182999800003 ], [ -115.2379953, 36.186185699799999 ], [ -115.2379899, 36.186185699799999 ], [ -115.2379899, 36.186188399800002 ], [ -115.2379845, 36.186188399800002 ], [ -115.2379845, 36.186191099800006 ], [ -115.2379764, 36.186191099800006 ], [ -115.2379764, 36.186188399800002 ], [ -115.2379629, 36.186188399800002 ], [ -115.2379629, 36.186191099800006 ], [ -115.2379548, 36.186191099800006 ], [ -115.2379548, 36.186193799800002 ], [ -115.2379521, 36.186193799800002 ], [ -115.2379521, 36.186207299800003 ], [ -115.2379494, 36.186207299800003 ], [ -115.2379494, 36.186212699800002 ] ] ] } },
{ "type": "Feature", "properties": { "value": 255.0 }, "geometry": { "type": "Polygon", "coordinates": [ [ [ -115.2374094, 36.186212699800002 ], [ -115.2373932, 36.186212699800002 ], [ -115.2373932, 36.186207299800003 ], [ -115.2373851, 36.186207299800003 ], [ -115.2373851, 36.1862045998 ], [ -115.237377, 36.1862045998 ], [ -115.237377, 36.186201899800004 ], [ -115.2373581, 36.186201899800004 ], [ -115.2373581, 36.186199199800001 ], [ -115.237323, 36.186199199800001 ], [ -115.237323, 36.186201899800004 ], [ -115.2373176, 36.186201899800004 ], [ -115.2373176, 36.186107399800001 ], [ -115.2373203, 36.186107399800001 ], [ -115.2373203, 36.186104699800005 ], [ -115.237323, 36.186104699800005 ], [ -115.237323, 36.186101999800002 ], [ -115.2373257, 36.186101999800002 ], [ -115.2373257, 36.186096599800003 ], [ -115.2373311, 36.186096599800003 ], [ -115.2373311, 36.186093899799999 ], [ -115.2373446, 36.186093899799999 ], [ -115.2373446, 36.186096599800003 ], [ -115.2373608, 36.186096599800003 ], [ -115.2373608, 36.186099299799999 ], [ -115.237377, 36.186099299799999 ], [ -115.237377, 36.186101999800002 ], [ -115.2373878, 36.186101999800002 ], [ -115.2373878, 36.186104699800005 ], [ -115.2373959, 36.186104699800005 ], [ -115.2373959, 36.186107399800001 ], [ -115.2374013, 36.186107399800001 ], [ -115.2374013, 36.186110099800004 ], [ -115.2374121, 36.186110099800004 ], [ -115.2374121, 36.1861127998 ], [ -115.2374283, 36.1861127998 ], [ -115.2374283, 36.186115499800003 ], [ -115.237431, 36.186115499800003 ], [ -115.237431, 36.186118199799999 ], [ -115.2374337, 36.186118199799999 ], [ -115.2374337, 36.186185699799999 ], [ -115.237431, 36.186185699799999 ], [ -115.237431, 36.186188399800002 ], [ -115.2374283, 36.186188399800002 ], [ -115.2374283, 36.186191099800006 ], [ -115.2374229, 36.186191099800006 ], [ -115.2374229, 36.186193799800002 ], [ -115.2374202, 36.186193799800002 ], [ -115.2374202, 36.186196499800005 ], [ -115.2374175, 36.186196499800005 ], [ -115.2374175, 36.186199199800001 ], [ -115.2374148, 36.186199199800001 ], [ -115.2374148, 36.1862045998 ], [ -115.2374121, 36.1862045998 ], [ -115.2374121, 36.186207299800003 ], [ -115.2374094, 36.186207299800003 ], [ -115.2374094, 36.186212699800002 ] ] ] } },
{ "type": "Feature", "properties": { "value": 255.0 }, "geometry": { "type": "Polygon", "coordinates": [ [ [ -115.2389187, 36.186172199800005 ], [ -115.238727, 36.186172199800005 ], [ -115.238727, 36.186169499800002 ], [ -115.2387243, 36.186169499800002 ], [ -115.2387243, 36.186164099800003 ], [ -115.2387216, 36.186164099800003 ], [ -115.2387216, 36.186145199800002 ], [ -115.2387243, 36.186145199800002 ], [ -115.2387243, 36.186123599800005 ], [ -115.2387216, 36.186123599800005 ], [ -115.2387216, 36.186080399800005 ], [ -115.2387243, 36.186080399800005 ], [ -115.2387243, 36.186074999799999 ], [ -115.238727, 36.186074999799999 ], [ -115.238727, 36.186072299800003 ], [ -115.2389241, 36.186072299800003 ], [ -115.2389241, 36.186074999799999 ], [ -115.2389295, 36.186074999799999 ], [ -115.2389295, 36.186077699800002 ], [ -115.2389322, 36.186077699800002 ], [ -115.2389322, 36.186093899799999 ], [ -115.2389295, 36.186093899799999 ], [ -115.2389295, 36.186107399800001 ], [ -115.2389268, 36.186107399800001 ], [ -115.2389268, 36.186120899800002 ], [ -115.2389241, 36.186120899800002 ], [ -115.2389241, 36.1861370998 ], [ -115.2389214, 36.1861370998 ], [ -115.2389214, 36.186169499800002 ], [ -115.2389187, 36.186169499800002 ], [ -115.2389187, 36.186172199800005 ] ] ] } },
{ "type": "Feature", "properties": { "value": 255.0 }, "geometry": { "type": "Polygon", "coordinates": [ [ [ -115.2385272, 36.186150599800001 ], [ -115.2384273, 36.186150599800001 ], [ -115.2384273, 36.186147899800005 ], [ -115.2384246, 36.186147899800005 ], [ -115.2384246, 36.186142499799999 ], [ -115.2384219, 36.186142499799999 ], [ -115.2384219, 36.186128999800005 ], [ -115.2384192, 36.186128999800005 ], [ -115.2384192, 36.186126299800002 ], [ -115.2384138, 36.186126299800002 ], [ -115.2384138, 36.186123599800005 ], [ -115.2383679, 36.186123599800005 ], [ -115.2383679, 36.186120899800002 ], [ -115.2383625, 36.186120899800002 ], [ -115.2383625, 36.186118199799999 ], [ -115.2383571, 36.186118199799999 ], [ -115.2383571, 36.186115499800003 ], [ -115.2383544, 36.186115499800003 ], [ -115.2383544, 36.186107399800001 ], [ -115.2383571, 36.186107399800001 ], [ -115.2383571, 36.186061499800005 ], [ -115.2383652, 36.186061499800005 ], [ -115.2383652, 36.186058799800001 ], [ -115.2384084, 36.186058799800001 ], [ -115.2384084, 36.186061499800005 ], [ -115.2384165, 36.186061499800005 ], [ -115.2384165, 36.186064199800001 ], [ -115.2384192, 36.186064199800001 ], [ -115.2384192, 36.186066899800004 ], [ -115.2384219, 36.186066899800004 ], [ -115.2384219, 36.186072299800003 ], [ -115.2384273, 36.186072299800003 ], [ -115.2384273, 36.186074999799999 ], [ -115.2384354, 36.186074999799999 ], [ -115.2384354, 36.186072299800003 ], [ -115.2384975, 36.186072299800003 ], [ -115.2384975, 36.186074999799999 ], [ -115.2385245, 36.186074999799999 ], [ -115.2385245, 36.186077699800002 ], [ -115.2385272, 36.186077699800002 ], [ -115.2385272, 36.186080399800005 ], [ -115.2385299, 36.186080399800005 ], [ -115.2385299, 36.186085799800004 ], [ -115.2385326, 36.186085799800004 ], [ -115.2385326, 36.1860884998 ], [ -115.2385515, 36.1860884998 ], [ -115.2385515, 36.186091199800003 ], [ -115.238565, 36.186091199800003 ], [ -115.238565, 36.186093899799999 ], [ -115.2385731, 36.186093899799999 ], [ -115.2385731, 36.186096599800003 ], [ -115.2385758, 36.186096599800003 ], [ -115.2385758, 36.186099299799999 ], [ -115.2385785, 36.186099299799999 ], [ -115.2385785, 36.186139799800003 ], [ -115.2385758, 36.186139799800003 ], [ -115.2385758, 36.186142499799999 ], [ -115.2385731, 36.186142499799999 ], [ -115.2385731, 36.186145199800002 ], [ -115.2385542, 36.186145199800002 ], [ -115.2385542, 36.186142499799999 ], [ -115.2385353, 36.186142499799999 ], [ -115.2385353, 36.186145199800002 ], [ -115.2385299, 36.186145199800002 ], [ -115.2385299, 36.186147899800005 ], [ -115.2385272, 36.186147899800005 ], [ -115.2385272, 36.186150599800001 ] ] ] } },
{ "type": "Feature", "properties": { "value": 255.0 }, "geometry": { "type": "Polygon", "coordinates": [ [ [ -115.2378387, 36.186056099800005 ], [ -115.2378279, 36.186056099800005 ], [ -115.2378279, 36.186053399800002 ], [ -115.2378144, 36.186053399800002 ], [ -115.2378144, 36.186050699799999 ], [ -115.2378171, 36.186050699799999 ], [ -115.2378171, 36.186047999800003 ], [ -115.2378387, 36.186047999800003 ], [ -115.2378387, 36.186050699799999 ], [ -115.2378414, 36.186050699799999 ], [ -115.2378414, 36.186053399800002 ], [ -115.2378387, 36.186053399800002 ], [ -115.2378387, 36.186056099800005 ] ] ] } },
{ "type": "Feature", "properties": { "value": 255.0 }, "geometry": { "type": "Polygon", "coordinates": [ [ [ -115.2379602, 36.186120899800002 ], [ -115.2378819, 36.186120899800002 ], [ -115.2378819, 36.186118199799999 ], [ -115.2378684, 36.186118199799999 ], [ -115.2378684, 36.186115499800003 ], [ -115.237863, 36.186115499800003 ], [ -115.237863, 36.1861127998 ], [ -115.2378576, 36.1861127998 ], [ -115.2378576, 36.186110099800004 ], [ -115.2378468, 36.186110099800004 ], [ -115.2378468, 36.1861127998 ], [ -115.237809, 36.1861127998 ], [ -115.237809, 36.186110099800004 ], [ -115.2378063, 36.186110099800004 ], [ -115.2378063, 36.186107399800001 ], [ -115.2378036, 36.186107399800001 ], [ -115.2378036, 36.186091199800003 ], [ -115.2378009, 36.186091199800003 ], [ -115.2378009, 36.186074999799999 ], [ -115.2378036, 36.186074999799999 ], [ -115.2378036, 36.186072299800003 ], [ -115.2378063, 36.186072299800003 ], [ -115.2378063, 36.1860695998 ], [ -115.2378117, 36.1860695998 ], [ -115.2378117, 36.186066899800004 ], [ -115.2378387, 36.186066899800004 ], [ -115.2378387, 36.1860695998 ], [ -115.2378414, 36.1860695998 ], [ -115.2378414, 36.186072299800003 ], [ -115.2378522, 36.186072299800003 ], [ -115.2378522, 36.186064199800001 ], [ -115.2378549, 36.186064199800001 ], [ -115.2378549, 36.186047999800003 ], [ -115.2378576, 36.186047999800003 ], [ -115.2378576, 36.1860452998 ], [ -115.237863, 36.1860452998 ], [ -115.237863, 36.186042599800004 ], [ -115.2379548, 36.186042599800004 ], [ -115.2379548, 36.186039899800001 ], [ -115.2379602, 36.186039899800001 ], [ -115.2379602, 36.186037199800005 ], [ -115.2379737, 36.186037199800005 ], [ -115.2379737, 36.186034499800002 ], [ -115.2379791, 36.186034499800002 ], [ -115.2379791, 36.186031799799999 ], [ -115.2379872, 36.186031799799999 ], [ -115.2379872, 36.186029099800002 ], [ -115.2380142, 36.186029099800002 ], [ -115.2380142, 36.186031799799999 ], [ -115.2380169, 36.186031799799999 ], [ -115.2380169, 36.186034499800002 ], [ -115.2380196, 36.186034499800002 ], [ -115.2380196, 36.186050699799999 ], [ -115.2380223, 36.186050699799999 ], [ -115.2380223, 36.186061499800005 ], [ -115.238025, 36.186061499800005 ], [ -115.238025, 36.1860884998 ], [ -115.2380223, 36.1860884998 ], [ -115.2380223, 36.186091199800003 ], [ -115.2380169, 36.186091199800003 ], [ -115.2380169, 36.186093899799999 ], [ -115.237971, 36.186093899799999 ], [ -115.237971, 36.186096599800003 ], [ -115.2379683, 36.186096599800003 ], [ -115.2379683, 36.186101999800002 ], [ -115.2379656, 36.186101999800002 ], [ -115.2379656, 36.186115499800003 ], [ -115.2379629, 36.186115499800003 ], [ -115.2379629, 36.186118199799999 ], [ -115.2379602, 36.186118199799999 ], [ -115.2379602, 36.186120899800002 ] ] ] } },
{ "type": "Feature", "properties": { "value": 255.0 }, "geometry": { "type": "Polygon", "coordinates": [ [ [ -115.2385947, 36.186053399800002 ], [ -115.2384948, 36.186053399800002 ], [ -115.2384948, 36.186050699799999 ], [ -115.2384921, 36.186050699799999 ], [ -115.2384921, 36.1860452998 ], [ -115.2384894, 36.1860452998 ], [ -115.2384894, 36.186031799799999 ], [ -115.2384867, 36.186031799799999 ], [ -115.2384867, 36.186029099800002 ], [ -115.2384786, 36.186029099800002 ], [ -115.2384786, 36.186026399799999 ], [ -115.2384381, 36.186026399799999 ], [ -115.2384381, 36.186023699800003 ], [ -115.2384327, 36.186023699800003 ], [ -115.2384327, 36.1860209998 ], [ -115.23843, 36.1860209998 ], [ -115.23843, 36.186018299800004 ], [ -115.2384273, 36.186018299800004 ], [ -115.2384273, 36.186012899800005 ], [ -115.2384246, 36.186012899800005 ], [ -115.2384246, 36.185964299799998 ], [ -115.2384327, 36.185964299799998 ], [ -115.2384327, 36.185961599800002 ], [ -115.2384516, 36.185961599800002 ], [ -115.2384516, 36.185964299799998 ], [ -115.2384867, 36.185964299799998 ], [ -115.2384867, 36.185966999800002 ], [ -115.2384894, 36.185966999800002 ], [ -115.2384894, 36.185972399800001 ], [ -115.2384921, 36.185972399800001 ], [ -115.2384921, 36.185975099800004 ], [ -115.2384975, 36.185975099800004 ], [ -115.2384975, 36.1859777998 ], [ -115.2385218, 36.1859777998 ], [ -115.2385218, 36.185975099800004 ], [ -115.238538, 36.185975099800004 ], [ -115.238538, 36.1859777998 ], [ -115.2385893, 36.1859777998 ], [ -115.2385893, 36.185980499800003 ], [ -115.238592, 36.185980499800003 ], [ -115.238592, 36.185983199799999 ], [ -115.2385947, 36.185983199799999 ], [ -115.2385947, 36.185991299800001 ], [ -115.238592, 36.185991299800001 ], [ -115.238592, 36.185999399800004 ], [ -115.2385947, 36.185999399800004 ], [ -115.2385947, 36.186007499799999 ], [ -115.2385974, 36.186007499799999 ], [ -115.2385974, 36.186010199800002 ], [ -115.2386001, 36.186010199800002 ], [ -115.2386001, 36.186007499799999 ], [ -115.2386109, 36.186007499799999 ], [ -115.2386109, 36.186004799800003 ], [ -115.2386244, 36.186004799800003 ], [ -115.2386244, 36.186007499799999 ], [ -115.2386298, 36.186007499799999 ], [ -115.2386298, 36.186042599800004 ], [ -115.2386271, 36.186042599800004 ], [ -115.2386271, 36.1860452998 ], [ -115.2386001, 36.1860452998 ], [ -115.2386001, 36.186047999800003 ], [ -115.2385974, 36.186047999800003 ], [ -115.2385974, 36.186050699799999 ], [ -115.2385947, 36.186050699799999 ], [ -115.2385947, 36.186053399800002 ] ] ] } },
{ "type": "Feature", "properties": { "value": 255.0 }, "geometry": { "type": "Polygon", "coordinates": [ [ [ -115.238943, 36.186047999800003 ], [ -115.2387459, 36.186047999800003 ], [ -115.2387459, 36.1860452998 ], [ -115.2387432, 36.1860452998 ], [ -115.2387432, 36.186037199800005 ], [ -115.2387405, 36.186037199800005 ], [ -115.2387405, 36.185991299800001 ], [ -115.2387432, 36.185991299800001 ], [ -115.2387432, 36.185983199799999 ], [ -115.2387459, 36.185983199799999 ], [ -115.2387459, 36.1859534998 ], [ -115.2387513, 36.1859534998 ], [ -115.2387513, 36.185950799800004 ], [ -115.2387702, 36.185950799800004 ], [ -115.2387702, 36.1859534998 ], [ -115.2387864, 36.1859534998 ], [ -115.2387864, 36.185956199800003 ], [ -115.2387945, 36.185956199800003 ], [ -115.2387945, 36.185958899799999 ], [ -115.2388053, 36.185958899799999 ], [ -115.2388053, 36.185956199800003 ], [ -115.2388134, 36.185956199800003 ], [ -115.2388134, 36.1859534998 ], [ -115.2388188, 36.1859534998 ], [ -115.2388188, 36.185950799800004 ], [ -115.2388215, 36.185950799800004 ], [ -115.2388215, 36.185948099800001 ], [ -115.2389295, 36.185948099800001 ], [ -115.2389295, 36.185950799800004 ], [ -115.2389322, 36.185950799800004 ], [ -115.2389322, 36.185980499800003 ], [ -115.2389349, 36.185980499800003 ], [ -115.2389349, 36.185983199799999 ], [ -115.2389376, 36.185983199799999 ], [ -115.2389376, 36.185985899800002 ], [ -115.2389403, 36.185985899800002 ], [ -115.2389403, 36.185991299800001 ], [ -115.238943, 36.185991299800001 ], [ -115.238943, 36.185993999800004 ], [ -115.2389457, 36.185993999800004 ], [ -115.2389457, 36.185999399800004 ], [ -115.2389484, 36.185999399800004 ], [ -115.2389484, 36.1860209998 ], [ -115.2389457, 36.1860209998 ], [ -115.2389457, 36.1860452998 ], [ -115.238943, 36.1860452998 ], [ -115.238943, 36.186047999800003 ] ] ] } },
{ "type": "Feature", "properties": { "value": 255.0 }, "geometry": { "type": "Polygon", "coordinates": [ [ [ -115.2378171, 36.1860209998 ], [ -115.2378117, 36.1860209998 ], [ -115.2378117, 36.186018299800004 ], [ -115.2378009, 36.186018299800004 ], [ -115.2378009, 36.186015599800001 ], [ -115.2377982, 36.186015599800001 ], [ -115.2377982, 36.186010199800002 ], [ -115.2377955, 36.186010199800002 ], [ -115.2377955, 36.1860020998 ], [ -115.2377982, 36.1860020998 ], [ -115.2377982, 36.185985899800002 ], [ -115.2378009, 36.185985899800002 ], [ -115.2378009, 36.185961599800002 ], [ -115.2378036, 36.185961599800002 ], [ -115.2378036, 36.185956199800003 ], [ -115.2378144, 36.185956199800003 ], [ -115.2378144, 36.1859534998 ], [ -115.2378387, 36.1859534998 ], [ -115.2378387, 36.185950799800004 ], [ -115.2378657, 36.185950799800004 ], [ -115.2378657, 36.185948099800001 ], [ -115.2378981, 36.185948099800001 ], [ -115.2378981, 36.185945399800005 ], [ -115.2379278, 36.185945399800005 ], [ -115.2379278, 36.185942699800002 ], [ -115.2379494, 36.185942699800002 ], [ -115.2379494, 36.185939999799999 ], [ -115.2379575, 36.185939999799999 ], [ -115.2379575, 36.185937299800003 ], [ -115.2379629, 36.185937299800003 ], [ -115.2379629, 36.185934599799999 ], [ -115.2379818, 36.185934599799999 ], [ -115.2379818, 36.185931899800003 ], [ -115.2380169, 36.185931899800003 ], [ -115.2380169, 36.185934599799999 ], [ -115.2380196, 36.185934599799999 ], [ -115.2380196, 36.185937299800003 ], [ -115.2380223, 36.185937299800003 ], [ -115.2380223, 36.185961599800002 ], [ -115.238025, 36.185961599800002 ], [ -115.238025, 36.185975099800004 ], [ -115.2380223, 36.185975099800004 ], [ -115.2380223, 36.185988599800005 ], [ -115.2380196, 36.185988599800005 ], [ -115.2380196, 36.185991299800001 ], [ -115.2380007, 36.185991299800001 ], [ -115.2380007, 36.185988599800005 ], [ -115.2379791, 36.185988599800005 ], [ -115.2379791, 36.185991299800001 ], [ -115.2379737, 36.185991299800001 ], [ -115.2379737, 36.1859966998 ], [ -115.237971, 36.1859966998 ], [ -115.237971, 36.1860020998 ], [ -115.2379683, 36.1860020998 ], [ -115.2379683, 36.186004799800003 ], [ -115.2379629, 36.186004799800003 ], [ -115.2379629, 36.186007499799999 ], [ -115.2379575, 36.186007499799999 ], [ -115.2379575, 36.186012899800005 ], [ -115.2379548, 36.186012899800005 ], [ -115.2379548, 36.186015599800001 ], [ -115.2379494, 36.186015599800001 ], [ -115.2379494, 36.186018299800004 ], [ -115.2378171, 36.186018299800004 ], [ -115.2378171, 36.1860209998 ] ] ] } },
{ "type": "Feature", "properties": { "value": 255.0 }, "geometry": { "type": "Polygon", "coordinates": [ [ [ -115.2373662, 36.1860209998 ], [ -115.2373581, 36.1860209998 ], [ -115.2373581, 36.186018299800004 ], [ -115.2373527, 36.186018299800004 ], [ -115.2373527, 36.186012899800005 ], [ -115.23735, 36.186012899800005 ], [ -115.23735, 36.186007499799999 ], [ -115.2373473, 36.186007499799999 ], [ -115.2373473, 36.185999399800004 ], [ -115.2373446, 36.185999399800004 ], [ -115.2373446, 36.185993999800004 ], [ -115.2373419, 36.185993999800004 ], [ -115.2373419, 36.185988599800005 ], [ -115.2373392, 36.185988599800005 ], [ -115.2373392, 36.185985899800002 ], [ -115.2373365, 36.185985899800002 ], [ -115.2373365, 36.1859777998 ], [ -115.2373338, 36.1859777998 ], [ -115.2373338, 36.185969699800005 ], [ -115.2373311, 36.185969699800005 ], [ -115.2373311, 36.185958899799999 ], [ -115.2373338, 36.185958899799999 ], [ -115.2373338, 36.185956199800003 ], [ -115.2373365, 36.185956199800003 ], [ -115.2373365, 36.1859534998 ], [ -115.2373392, 36.1859534998 ], [ -115.2373392, 36.185950799800004 ], [ -115.2373446, 36.185950799800004 ], [ -115.2373446, 36.185948099800001 ], [ -115.2373473, 36.185948099800001 ], [ -115.2373473, 36.185942699800002 ], [ -115.23735, 36.185942699800002 ], [ -115.23735, 36.185921099800005 ], [ -115.2373527, 36.185921099800005 ], [ -115.2373527, 36.185902199800005 ], [ -115.23735, 36.185902199800005 ], [ -115.23735, 36.1858859998 ], [ -115.2373527, 36.1858859998 ], [ -115.2373527, 36.185883299800004 ], [ -115.2373554, 36.185883299800004 ], [ -115.2373554, 36.185880599800001 ], [ -115.2373635, 36.185880599800001 ], [ -115.2373635, 36.185877899800005 ], [ -115.2373716, 36.185877899800005 ], [ -115.2373716, 36.185875199800002 ], [ -115.2373824, 36.185875199800002 ], [ -115.2373824, 36.185872499799999 ], [ -115.2373932, 36.185872499799999 ], [ -115.2373932, 36.185869799800003 ], [ -115.2374148, 36.185869799800003 ], [ -115.2374148, 36.185872499799999 ], [ -115.2374175, 36.185872499799999 ], [ -115.2374175, 36.185875199800002 ], [ -115.2374202, 36.185875199800002 ], [ -115.2374202, 36.185877899800005 ], [ -115.2374229, 36.185877899800005 ], [ -115.2374229, 36.185880599800001 ], [ -115.2374256, 36.185880599800001 ], [ -115.2374256, 36.185883299800004 ], [ -115.2374283, 36.185883299800004 ], [ -115.2374283, 36.185888699800003 ], [ -115.237431, 36.185888699800003 ], [ -115.237431, 36.185907599800004 ], [ -115.2374337, 36.185907599800004 ], [ -115.2374337, 36.185921099800005 ], [ -115.2374364, 36.185921099800005 ], [ -115.2374364, 36.185926499800004 ], [ -115.2374391, 36.185926499800004 ], [ -115.2374391, 36.1859291998 ], [ -115.2374418, 36.1859291998 ], [ -115.2374418, 36.185931899800003 ], [ -115.2374472, 36.185931899800003 ], [ -115.2374472, 36.185934599799999 ], [ -115.2374499, 36.185934599799999 ], [ -115.2374499, 36.185937299800003 ], [ -115.2374526, 36.185937299800003 ], [ -115.2374526, 36.185939999799999 ], [ -115.2374553, 36.185939999799999 ], [ -115.2374553, 36.185945399800005 ], [ -115.237458, 36.185945399800005 ], [ -115.237458, 36.185950799800004 ], [ -115.2374607, 36.185950799800004 ], [ -115.2374607, 36.185958899799999 ], [ -115.2374634, 36.185958899799999 ], [ -115.2374634, 36.185964299799998 ], [ -115.2374661, 36.185964299799998 ], [ -115.2374661, 36.185969699800005 ], [ -115.2374688, 36.185969699800005 ], [ -115.2374688, 36.185980499800003 ], [ -115.2374661, 36.185980499800003 ], [ -115.2374661, 36.185988599800005 ], [ -115.2374634, 36.185988599800005 ], [ -115.2374634, 36.185991299800001 ], [ -115.237458, 36.185991299800001 ], [ -115.237458, 36.185993999800004 ], [ -115.2374445, 36.185993999800004 ], [ -115.2374445, 36.1859966998 ], [ -115.2374364, 36.1859966998 ], [ -115.2374364, 36.185999399800004 ], [ -115.237431, 36.185999399800004 ], [ -115.237431, 36.1860020998 ], [ -115.2374256, 36.1860020998 ], [ -115.2374256, 36.186004799800003 ], [ -115.2374202, 36.186004799800003 ], [ -115.2374202, 36.186007499799999 ], [ -115.2374175, 36.186007499799999 ], [ -115.2374175, 36.186010199800002 ], [ -115.2373986, 36.186010199800002 ], [ -115.2373986, 36.186012899800005 ], [ -115.2373851, 36.186012899800005 ], [ -115.2373851, 36.186015599800001 ], [ -115.2373743, 36.186015599800001 ], [ -115.2373743, 36.186018299800004 ], [ -115.2373662, 36.186018299800004 ], [ -115.2373662, 36.1860209998 ] ] ] } },
{ "type": "Feature", "properties": { "value": 255.0 }, "geometry": { "type": "Polygon", "coordinates": [ [ [ -115.2386271, 36.185939999799999 ], [ -115.2386217, 36.185939999799999 ], [ -115.2386217, 36.185937299800003 ], [ -115.2385353, 36.185937299800003 ], [ -115.2385353, 36.185934599799999 ], [ -115.2385326, 36.185934599799999 ], [ -115.2385326, 36.185931899800003 ], [ -115.2385299, 36.185931899800003 ], [ -115.2385299, 36.185915699799999 ], [ -115.2385272, 36.185915699799999 ], [ -115.2385272, 36.185912999800003 ], [ -115.2385218, 36.185912999800003 ], [ -115.2385218, 36.1859102998 ], [ -115.2384759, 36.1859102998 ], [ -115.2384759, 36.185907599800004 ], [ -115.2384732, 36.185907599800004 ], [ -115.2384732, 36.185904899800001 ], [ -115.2384705, 36.185904899800001 ], [ -115.2384705, 36.185902199800005 ], [ -115.2384678, 36.185902199800005 ], [ -115.2384678, 36.185877899800005 ], [ -115.2384705, 36.185877899800005 ], [ -115.2384705, 36.185867099799999 ], [ -115.2384732, 36.185867099799999 ], [ -115.2384732, 36.1858616998 ], [ -115.2384759, 36.1858616998 ], [ -115.2384759, 36.185856299800001 ], [ -115.2384786, 36.185856299800001 ], [ -115.2384786, 36.185853599800005 ], [ -115.2384813, 36.185853599800005 ], [ -115.2384813, 36.185850899800002 ], [ -115.2384867, 36.185850899800002 ], [ -115.2384867, 36.185848199799999 ], [ -115.2385299, 36.185848199799999 ], [ -115.2385299, 36.185850899800002 ], [ -115.2385353, 36.185850899800002 ], [ -115.2385353, 36.185853599800005 ], [ -115.238538, 36.185853599800005 ], [ -115.238538, 36.185856299800001 ], [ -115.2385407, 36.185856299800001 ], [ -115.2385407, 36.185858999800004 ], [ -115.2385434, 36.185858999800004 ], [ -115.2385434, 36.1858616998 ], [ -115.2385515, 36.1858616998 ], [ -115.2385515, 36.185864399800003 ], [ -115.2385704, 36.185864399800003 ], [ -115.2385704, 36.1858616998 ], [ -115.2386028, 36.1858616998 ], [ -115.2386028, 36.185864399800003 ], [ -115.2386325, 36.185864399800003 ], [ -115.2386325, 36.185867099799999 ], [ -115.2386352, 36.185867099799999 ], [ -115.2386352, 36.185877899800005 ], [ -115.2386379, 36.185877899800005 ], [ -115.2386379, 36.185888699800003 ], [ -115.2386406, 36.185888699800003 ], [ -115.2386406, 36.185891399799999 ], [ -115.2386595, 36.185891399799999 ], [ -115.2386595, 36.185894099800002 ], [ -115.2386622, 36.185894099800002 ], [ -115.2386622, 36.185921099800005 ], [ -115.2386595, 36.185921099800005 ], [ -115.2386595, 36.185923799800001 ], [ -115.2386541, 36.185923799800001 ], [ -115.2386541, 36.185926499800004 ], [ -115.2386433, 36.185926499800004 ], [ -115.2386433, 36.1859291998 ], [ -115.2386406, 36.1859291998 ], [ -115.2386406, 36.185931899800003 ], [ -115.2386379, 36.185931899800003 ], [ -115.2386379, 36.185934599799999 ], [ -115.2386352, 36.185934599799999 ], [ -115.2386352, 36.185937299800003 ], [ -115.2386271, 36.185937299800003 ], [ -115.2386271, 36.185939999799999 ] ] ] } },
{ "type": "Feature", "properties": { "value": 255.0 }, "geometry": { "type": "Polygon", "coordinates": [ [ [ -115.237944, 36.1859291998 ], [ -115.2379332, 36.1859291998 ], [ -115.2379332, 36.185926499800004 ], [ -115.2378846, 36.185926499800004 ], [ -115.2378846, 36.1859291998 ], [ -115.2378495, 36.1859291998 ], [ -115.2378495, 36.185926499800004 ], [ -115.2378441, 36.185926499800004 ], [ -115.2378441, 36.185923799800001 ], [ -115.2378387, 36.185923799800001 ], [ -115.2378387, 36.185918399800002 ], [ -115.237836, 36.185918399800002 ], [ -115.237836, 36.185907599800004 ], [ -115.2378333, 36.185907599800004 ], [ -115.2378333, 36.185902199800005 ], [ -115.237836, 36.185902199800005 ], [ -115.237836, 36.185856299800001 ], [ -115.2378414, 36.185856299800001 ], [ -115.2378414, 36.185853599800005 ], [ -115.237944, 36.185853599800005 ], [ -115.237944, 36.185850899800002 ], [ -115.2379548, 36.185850899800002 ], [ -115.2379548, 36.185848199799999 ], [ -115.2379602, 36.185848199799999 ], [ -115.2379602, 36.1858427998 ], [ -115.2379656, 36.1858427998 ], [ -115.2379656, 36.185840099800004 ], [ -115.2379683, 36.185840099800004 ], [ -115.2379683, 36.1858373998 ], [ -115.2380277, 36.1858373998 ], [ -115.2380277, 36.185840099800004 ], [ -115.2380304, 36.185840099800004 ], [ -115.2380304, 36.1858427998 ], [ -115.2380331, 36.1858427998 ], [ -115.2380331, 36.185872499799999 ], [ -115.2380358, 36.185872499799999 ], [ -115.2380358, 36.185888699800003 ], [ -115.2380331, 36.185888699800003 ], [ -115.2380331, 36.185894099800002 ], [ -115.2379926, 36.185894099800002 ], [ -115.2379926, 36.185896799799998 ], [ -115.2379872, 36.185896799799998 ], [ -115.2379872, 36.185899499800001 ], [ -115.2379575, 36.185899499800001 ], [ -115.2379575, 36.185902199800005 ], [ -115.2379548, 36.185902199800005 ], [ -115.2379548, 36.185904899800001 ], [ -115.2379521, 36.185904899800001 ], [ -115.2379521, 36.185923799800001 ], [ -115.2379494, 36.185923799800001 ], [ -115.2379494, 36.185926499800004 ], [ -115.237944, 36.185926499800004 ], [ -115.237944, 36.1859291998 ] ] ] } },
{ "type": "Feature", "properties": { "value": 255.0 }, "geometry": { "type": "Polygon", "coordinates": [ [ [ -115.23762, 36.185948099800001 ], [ -115.2376038, 36.185948099800001 ], [ -115.2376038, 36.185945399800005 ], [ -115.2375984, 36.185945399800005 ], [ -115.2375984, 36.185942699800002 ], [ -115.237593, 36.185942699800002 ], [ -115.237593, 36.185939999799999 ], [ -115.2375903, 36.185939999799999 ], [ -115.2375903, 36.185937299800003 ], [ -115.2375849, 36.185937299800003 ], [ -115.2375849, 36.185934599799999 ], [ -115.2375822, 36.185934599799999 ], [ -115.2375822, 36.185931899800003 ], [ -115.2375768, 36.185931899800003 ], [ -115.2375768, 36.1859291998 ], [ -115.2375741, 36.1859291998 ], [ -115.2375741, 36.185926499800004 ], [ -115.2375687, 36.185926499800004 ], [ -115.2375687, 36.185923799800001 ], [ -115.2375633, 36.185923799800001 ], [ -115.2375633, 36.185921099800005 ], [ -115.2375552, 36.185921099800005 ], [ -115.2375552, 36.185918399800002 ], [ -115.2375525, 36.185918399800002 ], [ -115.2375525, 36.185915699799999 ], [ -115.2375498, 36.185915699799999 ], [ -115.2375498, 36.185912999800003 ], [ -115.2375444, 36.185912999800003 ], [ -115.2375444, 36.185907599800004 ], [ -115.237539, 36.185907599800004 ], [ -115.237539, 36.185904899800001 ], [ -115.2375309, 36.185904899800001 ], [ -115.2375309, 36.185902199800005 ], [ -115.2375255, 36.185902199800005 ], [ -115.2375255, 36.185899499800001 ], [ -115.2375201, 36.185899499800001 ], [ -115.2375201, 36.185896799799998 ], [ -115.2375174, 36.185896799799998 ], [ -115.2375174, 36.185894099800002 ], [ -115.2375147, 36.185894099800002 ], [ -115.2375147, 36.185891399799999 ], [ -115.237512, 36.185891399799999 ], [ -115.237512, 36.185888699800003 ], [ -115.2375066, 36.185888699800003 ], [ -115.2375066, 36.1858859998 ], [ -115.2375039, 36.1858859998 ], [ -115.2375039, 36.185883299800004 ], [ -115.2375012, 36.185883299800004 ], [ -115.2375012, 36.185880599800001 ], [ -115.2374985, 36.185880599800001 ], [ -115.2374985, 36.185877899800005 ], [ -115.2374931, 36.185877899800005 ], [ -115.2374931, 36.185875199800002 ], [ -115.2374904, 36.185875199800002 ], [ -115.2374904, 36.185872499799999 ], [ -115.2374877, 36.185872499799999 ], [ -115.2374877, 36.185869799800003 ], [ -115.237485, 36.185869799800003 ], [ -115.237485, 36.185867099799999 ], [ -115.2374823, 36.185867099799999 ], [ -115.2374823, 36.185864399800003 ], [ -115.2374769, 36.185864399800003 ], [ -115.2374769, 36.1858616998 ], [ -115.2374715, 36.1858616998 ], [ -115.2374715, 36.185858999800004 ], [ -115.2374688, 36.185858999800004 ], [ -115.2374688, 36.185856299800001 ], [ -115.2374661, 36.185856299800001 ], [ -115.2374661, 36.185853599800005 ], [ -115.2374634, 36.185853599800005 ], [ -115.2374634, 36.185850899800002 ], [ -115.2374607, 36.185850899800002 ], [ -115.2374607, 36.185840099800004 ], [ -115.2374634, 36.185840099800004 ], [ -115.2374634, 36.1858373998 ], [ -115.2374661, 36.1858373998 ], [ -115.2374661, 36.185834699800004 ], [ -115.2374715, 36.185834699800004 ], [ -115.2374715, 36.185831999800001 ], [ -115.2374823, 36.185831999800001 ], [ -115.2374823, 36.185829299799998 ], [ -115.2375039, 36.185829299799998 ], [ -115.2375039, 36.185826599800002 ], [ -115.237512, 36.185826599800002 ], [ -115.237512, 36.185823899799999 ], [ -115.2375201, 36.185823899799999 ], [ -115.2375201, 36.185826599800002 ], [ -115.2375471, 36.185826599800002 ], [ -115.2375471, 36.185829299799998 ], [ -115.2375795, 36.185829299799998 ], [ -115.2375795, 36.185826599800002 ], [ -115.2375903, 36.185826599800002 ], [ -115.2375903, 36.185829299799998 ], [ -115.2375957, 36.185829299799998 ], [ -115.2375957, 36.185831999800001 ], [ -115.2375984, 36.185831999800001 ], [ -115.2375984, 36.185834699800004 ], [ -115.2376011, 36.185834699800004 ], [ -115.2376011, 36.1858373998 ], [ -115.2376038, 36.1858373998 ], [ -115.2376038, 36.185840099800004 ], [ -115.2376254, 36.185840099800004 ], [ -115.2376254, 36.1858427998 ], [ -115.2376335, 36.1858427998 ], [ -115.2376335, 36.185845499800003 ], [ -115.2376416, 36.185845499800003 ], [ -115.2376416, 36.185848199799999 ], [ -115.2376497, 36.185848199799999 ], [ -115.2376497, 36.185850899800002 ], [ -115.2376578, 36.185850899800002 ], [ -115.2376578, 36.185853599800005 ], [ -115.2376632, 36.185853599800005 ], [ -115.2376632, 36.185856299800001 ], [ -115.2376713, 36.185856299800001 ], [ -115.2376713, 36.185858999800004 ], [ -115.2376848, 36.185858999800004 ], [ -115.2376848, 36.1858616998 ], [ -115.2376902, 36.1858616998 ], [ -115.2376902, 36.185888699800003 ], [ -115.2376848, 36.185888699800003 ], [ -115.2376848, 36.185891399799999 ], [ -115.2376821, 36.185891399799999 ], [ -115.2376821, 36.185894099800002 ], [ -115.2376794, 36.185894099800002 ], [ -115.2376794, 36.185896799799998 ], [ -115.2376767, 36.185896799799998 ], [ -115.2376767, 36.185899499800001 ], [ -115.237674, 36.185899499800001 ], [ -115.237674, 36.185902199800005 ], [ -115.2376686, 36.185902199800005 ], [ -115.2376686, 36.185904899800001 ], [ -115.2376632, 36.185904899800001 ], [ -115.2376632, 36.185907599800004 ], [ -115.2376605, 36.185907599800004 ], [ -115.2376605, 36.1859102998 ], [ -115.2376578, 36.1859102998 ], [ -115.2376578, 36.185912999800003 ], [ -115.2376524, 36.185912999800003 ], [ -115.2376524, 36.185915699799999 ], [ -115.2376497, 36.185915699799999 ], [ -115.2376497, 36.185918399800002 ], [ -115.237647, 36.185918399800002 ], [ -115.237647, 36.185921099800005 ], [ -115.2376443, 36.185921099800005 ], [ -115.2376443, 36.185926499800004 ], [ -115.2376416, 36.185926499800004 ], [ -115.2376416, 36.185931899800003 ], [ -115.2376389, 36.185931899800003 ], [ -115.2376389, 36.185934599799999 ], [ -115.2376362, 36.185934599799999 ], [ -115.2376362, 36.185937299800003 ], [ -115.2376335, 36.185937299800003 ], [ -115.2376335, 36.185939999799999 ], [ -115.2376281, 36.185939999799999 ], [ -115.2376281, 36.185942699800002 ], [ -115.2376254, 36.185942699800002 ], [ -115.2376254, 36.185945399800005 ], [ -115.23762, 36.185945399800005 ], [ -115.23762, 36.185948099800001 ] ], [ [ -115.2376578, 36.185902199800005 ], [ -115.2376578, 36.185899499800001 ], [ -115.2376605, 36.185899499800001 ], [ -115.2376605, 36.185894099800002 ], [ -115.2376632, 36.185894099800002 ], [ -115.2376632, 36.185891399799999 ], [ -115.2376605, 36.185891399799999 ], [ -115.2376605, 36.1858859998 ], [ -115.2376578, 36.1858859998 ], [ -115.2376578, 36.185883299800004 ], [ -115.2376497, 36.185883299800004 ], [ -115.2376497, 36.1858859998 ], [ -115.237647, 36.1858859998 ], [ -115.237647, 36.185899499800001 ], [ -115.2376497, 36.185899499800001 ], [ -115.2376497, 36.185902199800005 ], [ -115.2376578, 36.185902199800005 ] ] ] } },
{ "type": "Feature", "properties": { "value": 255.0 }, "geometry": { "type": "Polygon", "coordinates": [ [ [ -115.2388944, 36.185926499800004 ], [ -115.2388134, 36.185926499800004 ], [ -115.2388134, 36.185923799800001 ], [ -115.2387648, 36.185923799800001 ], [ -115.2387648, 36.185921099800005 ], [ -115.2387621, 36.185921099800005 ], [ -115.2387621, 36.185918399800002 ], [ -115.2387594, 36.185918399800002 ], [ -115.2387594, 36.185896799799998 ], [ -115.2387621, 36.185896799799998 ], [ -115.2387621, 36.185869799800003 ], [ -115.2387594, 36.185869799800003 ], [ -115.2387594, 36.185840099800004 ], [ -115.2387648, 36.185840099800004 ], [ -115.2387648, 36.185829299799998 ], [ -115.2387702, 36.185829299799998 ], [ -115.2387702, 36.185826599800002 ], [ -115.2387999, 36.185826599800002 ], [ -115.2387999, 36.185829299799998 ], [ -115.238808, 36.185829299799998 ], [ -115.238808, 36.185831999800001 ], [ -115.2388593, 36.185831999800001 ], [ -115.2388593, 36.185829299799998 ], [ -115.2388647, 36.185829299799998 ], [ -115.2388647, 36.185826599800002 ], [ -115.2388701, 36.185826599800002 ], [ -115.2388701, 36.185823899799999 ], [ -115.2389619, 36.185823899799999 ], [ -115.2389619, 36.185826599800002 ], [ -115.2389646, 36.185826599800002 ], [ -115.2389646, 36.185840099800004 ], [ -115.2389673, 36.185840099800004 ], [ -115.2389673, 36.185848199799999 ], [ -115.2389646, 36.185848199799999 ], [ -115.2389646, 36.185869799800003 ], [ -115.2389619, 36.185869799800003 ], [ -115.2389619, 36.185921099800005 ], [ -115.2389565, 36.185921099800005 ], [ -115.2389565, 36.185923799800001 ], [ -115.2388944, 36.185923799800001 ], [ -115.2388944, 36.185926499800004 ] ] ] } },
{ "type": "Feature", "properties": { "value": 255.0 }, "geometry": { "type": "Polygon", "coordinates": [ [ [ -115.2386433, 36.185829299799998 ], [ -115.2385677, 36.185829299799998 ], [ -115.2385677, 36.185826599800002 ], [ -115.2385569, 36.185826599800002 ], [ -115.2385569, 36.185829299799998 ], [ -115.2385407, 36.185829299799998 ], [ -115.2385407, 36.185826599800002 ], [ -115.238538, 36.185826599800002 ], [ -115.238538, 36.185810399800005 ], [ -115.2385353, 36.185810399800005 ], [ -115.2385353, 36.185807699800002 ], [ -115.2385326, 36.185807699800002 ], [ -115.2385326, 36.185804999799998 ], [ -115.238511, 36.185804999799998 ], [ -115.238511, 36.185802299800002 ], [ -115.2385029, 36.185802299800002 ], [ -115.2385029, 36.185799599799999 ], [ -115.2384975, 36.185799599799999 ], [ -115.2384975, 36.185796899800003 ], [ -115.2384921, 36.185796899800003 ], [ -115.2384921, 36.1857941998 ], [ -115.2384624, 36.1857941998 ], [ -115.2384624, 36.185796899800003 ], [ -115.2384543, 36.185796899800003 ], [ -115.2384543, 36.1857941998 ], [ -115.2384489, 36.1857941998 ], [ -115.2384489, 36.185791499800004 ], [ -115.2384462, 36.185791499800004 ], [ -115.2384462, 36.185783399800002 ], [ -115.2384489, 36.185783399800002 ], [ -115.2384489, 36.185740199800001 ], [ -115.2384543, 36.185740199800001 ], [ -115.2384543, 36.185737499799998 ], [ -115.2385137, 36.185737499799998 ], [ -115.2385137, 36.185740199800001 ], [ -115.2385164, 36.185740199800001 ], [ -115.2385164, 36.185742899800005 ], [ -115.2385191, 36.185742899800005 ], [ -115.2385191, 36.185748299800004 ], [ -115.2385218, 36.185748299800004 ], [ -115.2385218, 36.1857509998 ], [ -115.2385245, 36.1857509998 ], [ -115.2385245, 36.185753699800003 ], [ -115.2386244, 36.185753699800003 ], [ -115.2386244, 36.185756399799999 ], [ -115.2386406, 36.185756399799999 ], [ -115.2386406, 36.185759099800002 ], [ -115.2386433, 36.185759099800002 ], [ -115.2386433, 36.185772599800003 ], [ -115.238646, 36.185772599800003 ], [ -115.238646, 36.185783399800002 ], [ -115.2386487, 36.185783399800002 ], [ -115.2386487, 36.185791499800004 ], [ -115.2386514, 36.185791499800004 ], [ -115.2386514, 36.185796899800003 ], [ -115.2386595, 36.185796899800003 ], [ -115.2386595, 36.185799599799999 ], [ -115.2386649, 36.185799599799999 ], [ -115.2386649, 36.185802299800002 ], [ -115.2386676, 36.185802299800002 ], [ -115.2386676, 36.185804999799998 ], [ -115.2386703, 36.185804999799998 ], [ -115.2386703, 36.185815799800004 ], [ -115.2386676, 36.185815799800004 ], [ -115.2386676, 36.1858184998 ], [ -115.2386622, 36.1858184998 ], [ -115.2386622, 36.185821199800003 ], [ -115.2386514, 36.185821199800003 ], [ -115.2386514, 36.185823899799999 ], [ -115.238646, 36.185823899799999 ], [ -115.238646, 36.185826599800002 ], [ -115.2386433, 36.185826599800002 ], [ -115.2386433, 36.185829299799998 ] ] ] } },
{ "type": "Feature", "properties": { "value": 255.0 }, "geometry": { "type": "Polygon", "coordinates": [ [ [ -115.2379602, 36.185826599800002 ], [ -115.2378171, 36.185826599800002 ], [ -115.2378171, 36.185823899799999 ], [ -115.237809, 36.185823899799999 ], [ -115.237809, 36.1857941998 ], [ -115.2378117, 36.1857941998 ], [ -115.2378117, 36.185780699799999 ], [ -115.237809, 36.185780699799999 ], [ -115.237809, 36.185772599800003 ], [ -115.2378063, 36.185772599800003 ], [ -115.2378063, 36.185767199800004 ], [ -115.237809, 36.185767199800004 ], [ -115.237809, 36.185764499800001 ], [ -115.2378117, 36.185764499800001 ], [ -115.2378117, 36.185761799799998 ], [ -115.2378468, 36.185761799799998 ], [ -115.2378468, 36.185759099800002 ], [ -115.2378549, 36.185759099800002 ], [ -115.2378549, 36.185756399799999 ], [ -115.2378738, 36.185756399799999 ], [ -115.2378738, 36.185753699800003 ], [ -115.2379332, 36.185753699800003 ], [ -115.2379332, 36.1857509998 ], [ -115.2379521, 36.1857509998 ], [ -115.2379521, 36.185748299800004 ], [ -115.2379575, 36.185748299800004 ], [ -115.2379575, 36.185745599800001 ], [ -115.2379656, 36.185745599800001 ], [ -115.2379656, 36.185742899800005 ], [ -115.2379953, 36.185742899800005 ], [ -115.2379953, 36.185740199800001 ], [ -115.2380304, 36.185740199800001 ], [ -115.2380304, 36.185742899800005 ], [ -115.2380331, 36.185742899800005 ], [ -115.2380331, 36.1857941998 ], [ -115.2380304, 36.1857941998 ], [ -115.2380304, 36.185799599799999 ], [ -115.2379899, 36.185799599799999 ], [ -115.2379899, 36.185802299800002 ], [ -115.2379872, 36.185802299800002 ], [ -115.2379872, 36.185804999799998 ], [ -115.2379845, 36.185804999799998 ], [ -115.2379845, 36.185810399800005 ], [ -115.2379818, 36.185810399800005 ], [ -115.2379818, 36.185813099800001 ], [ -115.2379764, 36.185813099800001 ], [ -115.2379764, 36.185815799800004 ], [ -115.2379683, 36.185815799800004 ], [ -115.2379683, 36.1858184998 ], [ -115.2379656, 36.1858184998 ], [ -115.2379656, 36.185823899799999 ], [ -115.2379602, 36.185823899799999 ], [ -115.2379602, 36.185826599800002 ] ] ] } },
{ "type": "Feature", "properties": { "value": 255.0 }, "geometry": { "type": "Polygon", "coordinates": [ [ [ -115.2388674, 36.185804999799998 ], [ -115.2388134, 36.185804999799998 ], [ -115.2388134, 36.185802299800002 ], [ -115.2387756, 36.185802299800002 ], [ -115.2387756, 36.185799599799999 ], [ -115.2387729, 36.185799599799999 ], [ -115.2387729, 36.185796899800003 ], [ -115.2387702, 36.185796899800003 ], [ -115.2387702, 36.1857941998 ], [ -115.2387675, 36.1857941998 ], [ -115.2387675, 36.185737499799998 ], [ -115.2387702, 36.185737499799998 ], [ -115.2387702, 36.185710499800003 ], [ -115.2387729, 36.185710499800003 ], [ -115.2387729, 36.185707799799999 ], [ -115.2387918, 36.185707799799999 ], [ -115.2387918, 36.185710499800003 ], [ -115.2387999, 36.185710499800003 ], [ -115.2387999, 36.185713199799999 ], [ -115.2388323, 36.185713199799999 ], [ -115.2388323, 36.185710499800003 ], [ -115.2388404, 36.185710499800003 ], [ -115.2388404, 36.185707799799999 ], [ -115.2388485, 36.185707799799999 ], [ -115.2388485, 36.185705099800003 ], [ -115.2388566, 36.185705099800003 ], [ -115.2388566, 36.1857023998 ], [ -115.2389106, 36.1857023998 ], [ -115.2389106, 36.185699699800004 ], [ -115.2389511, 36.185699699800004 ], [ -115.2389511, 36.1857023998 ], [ -115.2389565, 36.1857023998 ], [ -115.2389565, 36.185705099800003 ], [ -115.2389619, 36.185705099800003 ], [ -115.2389619, 36.185710499800003 ], [ -115.2389646, 36.185710499800003 ], [ -115.2389646, 36.185732099799999 ], [ -115.2389673, 36.185732099799999 ], [ -115.2389673, 36.185737499799998 ], [ -115.23897, 36.185737499799998 ], [ -115.23897, 36.185745599800001 ], [ -115.2389727, 36.185745599800001 ], [ -115.2389727, 36.1857752998 ], [ -115.23897, 36.1857752998 ], [ -115.23897, 36.185780699799999 ], [ -115.2389727, 36.185780699799999 ], [ -115.2389727, 36.185791499800004 ], [ -115.23897, 36.185791499800004 ], [ -115.23897, 36.185796899800003 ], [ -115.2389673, 36.185796899800003 ], [ -115.2389673, 36.185799599799999 ], [ -115.2389403, 36.185799599799999 ], [ -115.2389403, 36.185802299800002 ], [ -115.2389349, 36.185802299800002 ], [ -115.2389349, 36.185799599799999 ], [ -115.2388836, 36.185799599799999 ], [ -115.2388836, 36.185802299800002 ], [ -115.2388674, 36.185802299800002 ], [ -115.2388674, 36.185804999799998 ] ] ] } },
{ "type": "Feature", "properties": { "value": 255.0 }, "geometry": { "type": "Polygon", "coordinates": [ [ [ -115.2376281, 36.185767199800004 ], [ -115.2375984, 36.185767199800004 ], [ -115.2375984, 36.185764499800001 ], [ -115.2375957, 36.185764499800001 ], [ -115.2375957, 36.185756399799999 ], [ -115.237593, 36.185756399799999 ], [ -115.237593, 36.185737499799998 ], [ -115.2375903, 36.185737499799998 ], [ -115.2375903, 36.185734799800002 ], [ -115.2375849, 36.185734799800002 ], [ -115.2375849, 36.185732099799999 ], [ -115.2375714, 36.185732099799999 ], [ -115.2375714, 36.185729399800003 ], [ -115.2375687, 36.185729399800003 ], [ -115.2375687, 36.1857266998 ], [ -115.237566, 36.1857266998 ], [ -115.237566, 36.185723999800004 ], [ -115.2375606, 36.185723999800004 ], [ -115.2375606, 36.185721299800001 ], [ -115.2375417, 36.185721299800001 ], [ -115.2375417, 36.185723999800004 ], [ -115.2375174, 36.185723999800004 ], [ -115.2375174, 36.185721299800001 ], [ -115.237512, 36.185721299800001 ], [ -115.237512, 36.185713199799999 ], [ -115.2375093, 36.185713199799999 ], [ -115.2375093, 36.185680799800004 ], [ -115.2375066, 36.185680799800004 ], [ -115.2375066, 36.185667299800002 ], [ -115.237512, 36.185667299800002 ], [ -115.237512, 36.185664599799999 ], [ -115.2375336, 36.185664599799999 ], [ -115.2375336, 36.185661899800003 ], [ -115.2375606, 36.185661899800003 ], [ -115.2375606, 36.1856591998 ], [ -115.2375795, 36.1856591998 ], [ -115.2375795, 36.185656499800004 ], [ -115.2375957, 36.185656499800004 ], [ -115.2375957, 36.185653799800001 ], [ -115.2376038, 36.185653799800001 ], [ -115.2376038, 36.185651099800005 ], [ -115.2376119, 36.185651099800005 ], [ -115.2376119, 36.185648399800002 ], [ -115.2376254, 36.185648399800002 ], [ -115.2376254, 36.185651099800005 ], [ -115.2376389, 36.185651099800005 ], [ -115.2376389, 36.185653799800001 ], [ -115.237647, 36.185653799800001 ], [ -115.237647, 36.185656499800004 ], [ -115.2376551, 36.185656499800004 ], [ -115.2376551, 36.1856591998 ], [ -115.2376578, 36.1856591998 ], [ -115.2376578, 36.185664599799999 ], [ -115.2376605, 36.185664599799999 ], [ -115.2376605, 36.185672699800001 ], [ -115.2376632, 36.185672699800001 ], [ -115.2376632, 36.1856834998 ], [ -115.2376659, 36.1856834998 ], [ -115.2376659, 36.185688899799999 ], [ -115.2376686, 36.185688899799999 ], [ -115.2376686, 36.185715899800002 ], [ -115.2376713, 36.185715899800002 ], [ -115.2376713, 36.185723999800004 ], [ -115.237674, 36.185723999800004 ], [ -115.237674, 36.185732099799999 ], [ -115.2376767, 36.185732099799999 ], [ -115.2376767, 36.185756399799999 ], [ -115.237674, 36.185756399799999 ], [ -115.237674, 36.185759099800002 ], [ -115.2376659, 36.185759099800002 ], [ -115.2376659, 36.185761799799998 ], [ -115.2376497, 36.185761799799998 ], [ -115.2376497, 36.185764499800001 ], [ -115.2376281, 36.185764499800001 ], [ -115.2376281, 36.185767199800004 ] ] ] } },
{ "type": "Feature", "properties": { "value": 255.0 }, "geometry": { "type": "Polygon", "coordinates": [ [ [ -115.2384759, 36.1857023998 ], [ -115.2384219, 36.1857023998 ], [ -115.2384219, 36.185696999800001 ], [ -115.2384192, 36.185696999800001 ], [ -115.2384192, 36.185680799800004 ], [ -115.2384165, 36.185680799800004 ], [ -115.2384165, 36.185669999799998 ], [ -115.2384138, 36.185669999799998 ], [ -115.2384138, 36.185651099800005 ], [ -115.2384165, 36.185651099800005 ], [ -115.2384165, 36.185642999800002 ], [ -115.2384192, 36.185642999800002 ], [ -115.2384192, 36.185640299799999 ], [ -115.2384219, 36.185640299799999 ], [ -115.2384219, 36.185637599800003 ], [ -115.2384246, 36.185637599800003 ], [ -115.2384246, 36.1856348998 ], [ -115.2384273, 36.1856348998 ], [ -115.2384273, 36.185605199800001 ], [ -115.23843, 36.185605199800001 ], [ -115.23843, 36.185602499799998 ], [ -115.2384462, 36.185602499799998 ], [ -115.2384462, 36.185599799800002 ], [ -115.238538, 36.185599799800002 ], [ -115.238538, 36.185602499799998 ], [ -115.2385407, 36.185602499799998 ], [ -115.2385407, 36.185605199800001 ], [ -115.2385434, 36.185605199800001 ], [ -115.2385434, 36.185607899800004 ], [ -115.2385461, 36.185607899800004 ], [ -115.2385461, 36.1856105998 ], [ -115.2385515, 36.1856105998 ], [ -115.2385515, 36.185613299800004 ], [ -115.2385623, 36.185613299800004 ], [ -115.2385623, 36.1856105998 ], [ -115.2385704, 36.1856105998 ], [ -115.2385704, 36.185607899800004 ], [ -115.2385785, 36.185607899800004 ], [ -115.2385785, 36.185605199800001 ], [ -115.2386136, 36.185605199800001 ], [ -115.2386136, 36.185607899800004 ], [ -115.2386163, 36.185607899800004 ], [ -115.2386163, 36.185613299800004 ], [ -115.238619, 36.185613299800004 ], [ -115.238619, 36.185642999800002 ], [ -115.2386217, 36.185642999800002 ], [ -115.2386217, 36.185694299799998 ], [ -115.238619, 36.185694299799998 ], [ -115.238619, 36.185699699800004 ], [ -115.2384759, 36.185699699800004 ], [ -115.2384759, 36.1857023998 ] ] ] } },
{ "type": "Feature", "properties": { "value": 255.0 }, "geometry": { "type": "Polygon", "coordinates": [ [ [ -115.2379953, 36.185710499800003 ], [ -115.2378765, 36.185710499800003 ], [ -115.2378765, 36.185707799799999 ], [ -115.2378711, 36.185707799799999 ], [ -115.2378711, 36.185705099800003 ], [ -115.2378657, 36.185705099800003 ], [ -115.2378657, 36.1857023998 ], [ -115.2378387, 36.1857023998 ], [ -115.2378387, 36.185699699800004 ], [ -115.237836, 36.185699699800004 ], [ -115.237836, 36.185696999800001 ], [ -115.2378333, 36.185696999800001 ], [ -115.2378333, 36.1856591998 ], [ -115.237836, 36.1856591998 ], [ -115.237836, 36.185656499800004 ], [ -115.2378684, 36.185656499800004 ], [ -115.2378684, 36.185653799800001 ], [ -115.2378711, 36.185653799800001 ], [ -115.2378711, 36.185632199800004 ], [ -115.2378738, 36.185632199800004 ], [ -115.2378738, 36.185629499800001 ], [ -115.2378792, 36.185629499800001 ], [ -115.2378792, 36.185626799799998 ], [ -115.2378954, 36.185626799799998 ], [ -115.2378954, 36.185624099800002 ], [ -115.2378981, 36.185624099800002 ], [ -115.2378981, 36.185613299800004 ], [ -115.2379008, 36.185613299800004 ], [ -115.2379008, 36.185607899800004 ], [ -115.2379089, 36.185607899800004 ], [ -115.2379089, 36.185605199800001 ], [ -115.2379251, 36.185605199800001 ], [ -115.2379251, 36.185607899800004 ], [ -115.2379386, 36.185607899800004 ], [ -115.2379386, 36.1856105998 ], [ -115.2379413, 36.1856105998 ], [ -115.2379413, 36.1856159998 ], [ -115.2379386, 36.1856159998 ], [ -115.2379386, 36.185626799799998 ], [ -115.2379413, 36.185626799799998 ], [ -115.2379413, 36.185629499800001 ], [ -115.2379467, 36.185629499800001 ], [ -115.2379467, 36.185632199800004 ], [ -115.2379764, 36.185632199800004 ], [ -115.2379764, 36.1856348998 ], [ -115.2379791, 36.1856348998 ], [ -115.2379791, 36.185637599800003 ], [ -115.2379845, 36.185637599800003 ], [ -115.2379845, 36.185640299799999 ], [ -115.2379899, 36.185640299799999 ], [ -115.2379899, 36.185642999800002 ], [ -115.2380277, 36.185642999800002 ], [ -115.2380277, 36.185640299799999 ], [ -115.2380358, 36.185640299799999 ], [ -115.2380358, 36.185642999800002 ], [ -115.2380412, 36.185642999800002 ], [ -115.2380412, 36.185645699799998 ], [ -115.2380439, 36.185645699799998 ], [ -115.2380439, 36.185651099800005 ], [ -115.2380466, 36.185651099800005 ], [ -115.2380466, 36.1856591998 ], [ -115.2380439, 36.1856591998 ], [ -115.2380439, 36.185667299800002 ], [ -115.2380466, 36.185667299800002 ], [ -115.2380466, 36.185694299799998 ], [ -115.2380439, 36.185694299799998 ], [ -115.2380439, 36.185705099800003 ], [ -115.2380115, 36.185705099800003 ], [ -115.2380115, 36.185707799799999 ], [ -115.2379953, 36.185707799799999 ], [ -115.2379953, 36.185710499800003 ] ] ] } },
{ "type": "Feature", "properties": { "value": 255.0 }, "geometry": { "type": "Polygon", "coordinates": [ [ [ -115.2389592, 36.1856780998 ], [ -115.2389052, 36.1856780998 ], [ -115.2389052, 36.185675399800004 ], [ -115.2388944, 36.185675399800004 ], [ -115.2388944, 36.1856780998 ], [ -115.2388161, 36.1856780998 ], [ -115.2388161, 36.185675399800004 ], [ -115.2388107, 36.185675399800004 ], [ -115.2388107, 36.185669999799998 ], [ -115.238808, 36.185669999799998 ], [ -115.238808, 36.185656499800004 ], [ -115.2388107, 36.185656499800004 ], [ -115.2388107, 36.185645699799998 ], [ -115.238808, 36.185645699799998 ], [ -115.238808, 36.185640299799999 ], [ -115.2388053, 36.185640299799999 ], [ -115.2388053, 36.185637599800003 ], [ -115.2387864, 36.185637599800003 ], [ -115.2387864, 36.185640299799999 ], [ -115.2387756, 36.185640299799999 ], [ -115.2387756, 36.185637599800003 ], [ -115.2387702, 36.185637599800003 ], [ -115.2387702, 36.1856348998 ], [ -115.2387675, 36.1856348998 ], [ -115.2387675, 36.185580899800001 ], [ -115.2387702, 36.185580899800001 ], [ -115.2387702, 36.185578199799998 ], [ -115.2387945, 36.185578199799998 ], [ -115.2387945, 36.185580899800001 ], [ -115.2389241, 36.185580899800001 ], [ -115.2389241, 36.185578199799998 ], [ -115.2389403, 36.185578199799998 ], [ -115.2389403, 36.185575499800002 ], [ -115.2389646, 36.185575499800002 ], [ -115.2389646, 36.185578199799998 ], [ -115.2389673, 36.185578199799998 ], [ -115.2389673, 36.185580899800001 ], [ -115.23897, 36.185580899800001 ], [ -115.23897, 36.185618699800003 ], [ -115.2389673, 36.185618699800003 ], [ -115.2389673, 36.1856348998 ], [ -115.2389646, 36.1856348998 ], [ -115.2389646, 36.185675399800004 ], [ -115.2389592, 36.185675399800004 ], [ -115.2389592, 36.1856780998 ] ] ] } },
{ "type": "Feature", "properties": { "value": 255.0 }, "geometry": { "type": "Polygon", "coordinates": [ [ [ -115.2380142, 36.185580899800001 ], [ -115.2379602, 36.185580899800001 ], [ -115.2379602, 36.185578199799998 ], [ -115.2379413, 36.185578199799998 ], [ -115.2379413, 36.185580899800001 ], [ -115.2378684, 36.185580899800001 ], [ -115.2378684, 36.185578199799998 ], [ -115.237863, 36.185578199799998 ], [ -115.237863, 36.185572799799999 ], [ -115.2378603, 36.185572799799999 ], [ -115.2378603, 36.1855430998 ], [ -115.2378576, 36.1855430998 ], [ -115.2378576, 36.185540399800004 ], [ -115.2378387, 36.185540399800004 ], [ -115.2378387, 36.1855430998 ], [ -115.2378225, 36.1855430998 ], [ -115.2378225, 36.185540399800004 ], [ -115.2378171, 36.185540399800004 ], [ -115.2378171, 36.185534999799998 ], [ -115.2378144, 36.185534999799998 ], [ -115.2378144, 36.185516099800004 ], [ -115.2378171, 36.185516099800004 ], [ -115.2378171, 36.185497199800004 ], [ -115.2378198, 36.185497199800004 ], [ -115.2378198, 36.185489099800002 ], [ -115.2378225, 36.185489099800002 ], [ -115.2378225, 36.185486399799998 ], [ -115.2378252, 36.185486399799998 ], [ -115.2378252, 36.185483699800002 ], [ -115.2378306, 36.185483699800002 ], [ -115.2378306, 36.185480999799999 ], [ -115.2379494, 36.185480999799999 ], [ -115.2379494, 36.185478299800003 ], [ -115.2380169, 36.185478299800003 ], [ -115.2380169, 36.185480999799999 ], [ -115.2380196, 36.185480999799999 ], [ -115.2380196, 36.185483699800002 ], [ -115.2380223, 36.185483699800002 ], [ -115.2380223, 36.185521499800004 ], [ -115.2380196, 36.185521499800004 ], [ -115.2380196, 36.185561999800001 ], [ -115.2380169, 36.185561999800001 ], [ -115.2380169, 36.1855673998 ], [ -115.2380196, 36.1855673998 ], [ -115.2380196, 36.185570099800003 ], [ -115.2380169, 36.185570099800003 ], [ -115.2380169, 36.185578199799998 ], [ -115.2380142, 36.185578199799998 ], [ -115.2380142, 36.185580899800001 ] ] ] } },
{ "type": "Feature", "properties": { "value": 255.0 }, "geometry": { "type": "Polygon", "coordinates": [ [ [ -115.2386082, 36.1855673998 ], [ -115.2385893, 36.1855673998 ], [ -115.2385893, 36.185564699800004 ], [ -115.2385272, 36.185564699800004 ], [ -115.2385272, 36.185561999800001 ], [ -115.2384894, 36.185561999800001 ], [ -115.2384894, 36.185564699800004 ], [ -115.238484, 36.185564699800004 ], [ -115.238484, 36.185561999800001 ], [ -115.2384759, 36.185561999800001 ], [ -115.2384759, 36.185564699800004 ], [ -115.2384651, 36.185564699800004 ], [ -115.2384651, 36.185561999800001 ], [ -115.2384408, 36.185561999800001 ], [ -115.2384408, 36.185559299799998 ], [ -115.2384354, 36.185559299799998 ], [ -115.2384354, 36.185551199800003 ], [ -115.2384327, 36.185551199800003 ], [ -115.2384327, 36.185507999800002 ], [ -115.2384354, 36.185507999800002 ], [ -115.2384354, 36.185489099800002 ], [ -115.2384381, 36.185489099800002 ], [ -115.2384381, 36.185478299800003 ], [ -115.2384408, 36.185478299800003 ], [ -115.2384408, 36.185470199800001 ], [ -115.2384435, 36.185470199800001 ], [ -115.2384435, 36.185467499799998 ], [ -115.2384489, 36.185467499799998 ], [ -115.2384489, 36.185464799800002 ], [ -115.2385434, 36.185464799800002 ], [ -115.2385434, 36.185462099799999 ], [ -115.238592, 36.185462099799999 ], [ -115.238592, 36.185464799800002 ], [ -115.2385947, 36.185464799800002 ], [ -115.2385947, 36.185467499799998 ], [ -115.2385974, 36.185467499799998 ], [ -115.2385974, 36.185480999799999 ], [ -115.2386001, 36.185480999799999 ], [ -115.2386001, 36.185491799799998 ], [ -115.2386028, 36.185491799799998 ], [ -115.2386028, 36.185497199800004 ], [ -115.2386082, 36.185497199800004 ], [ -115.2386082, 36.1854998998 ], [ -115.2386325, 36.1854998998 ], [ -115.2386325, 36.185502599800003 ], [ -115.2386379, 36.185502599800003 ], [ -115.2386379, 36.185505299799999 ], [ -115.2386406, 36.185505299799999 ], [ -115.2386406, 36.185534999799998 ], [ -115.2386379, 36.185534999799998 ], [ -115.2386379, 36.185561999800001 ], [ -115.2386352, 36.185561999800001 ], [ -115.2386352, 36.185564699800004 ], [ -115.2386082, 36.185564699800004 ], [ -115.2386082, 36.1855673998 ] ] ] } },
{ "type": "Feature", "properties": { "value": 255.0 }, "geometry": { "type": "Polygon", "coordinates": [ [ [ -115.237485, 36.1856159998 ], [ -115.2374769, 36.1856159998 ], [ -115.2374769, 36.185613299800004 ], [ -115.2374715, 36.185613299800004 ], [ -115.2374715, 36.1856105998 ], [ -115.2374688, 36.1856105998 ], [ -115.2374688, 36.185607899800004 ], [ -115.2374661, 36.185607899800004 ], [ -115.2374661, 36.185605199800001 ], [ -115.2374634, 36.185605199800001 ], [ -115.2374634, 36.185602499799998 ], [ -115.2374607, 36.185602499799998 ], [ -115.2374607, 36.185599799800002 ], [ -115.237458, 36.185599799800002 ], [ -115.237458, 36.185597099799999 ], [ -115.2374553, 36.185597099799999 ], [ -115.2374553, 36.185594399800003 ], [ -115.2374526, 36.185594399800003 ], [ -115.2374526, 36.1855916998 ], [ -115.2374499, 36.1855916998 ], [ -115.2374499, 36.185588999800004 ], [ -115.2374472, 36.185588999800004 ], [ -115.2374472, 36.185586299800001 ], [ -115.2374445, 36.185586299800001 ], [ -115.2374445, 36.185580899800001 ], [ -115.2374418, 36.185580899800001 ], [ -115.2374418, 36.185570099800003 ], [ -115.2374445, 36.185570099800003 ], [ -115.2374445, 36.1855673998 ], [ -115.2374472, 36.1855673998 ], [ -115.2374472, 36.185564699800004 ], [ -115.2374499, 36.185564699800004 ], [ -115.2374499, 36.185561999800001 ], [ -115.2374526, 36.185561999800001 ], [ -115.2374526, 36.185559299799998 ], [ -115.2374553, 36.185559299799998 ], [ -115.2374553, 36.185556599800002 ], [ -115.2374607, 36.185556599800002 ], [ -115.2374607, 36.185553899799999 ], [ -115.2374634, 36.185553899799999 ], [ -115.2374634, 36.185551199800003 ], [ -115.2374688, 36.185551199800003 ], [ -115.2374688, 36.185548499799999 ], [ -115.2374769, 36.185548499799999 ], [ -115.2374769, 36.185545799800003 ], [ -115.237485, 36.185545799800003 ], [ -115.237485, 36.185537699800001 ], [ -115.2374823, 36.185537699800001 ], [ -115.2374823, 36.185532299800002 ], [ -115.2374796, 36.185532299800002 ], [ -115.2374796, 36.185529599799999 ], [ -115.2374769, 36.185529599799999 ], [ -115.2374769, 36.185526899800003 ], [ -115.2374742, 36.185526899800003 ], [ -115.2374742, 36.1855241998 ], [ -115.2374715, 36.1855241998 ], [ -115.2374715, 36.185521499800004 ], [ -115.2374688, 36.185521499800004 ], [ -115.2374688, 36.185518799800001 ], [ -115.2374661, 36.185518799800001 ], [ -115.2374661, 36.185516099800004 ], [ -115.2374634, 36.185516099800004 ], [ -115.2374634, 36.1854998998 ], [ -115.2374661, 36.1854998998 ], [ -115.2374661, 36.185497199800004 ], [ -115.2374688, 36.185497199800004 ], [ -115.2374688, 36.185494499800001 ], [ -115.2374715, 36.185494499800001 ], [ -115.2374715, 36.185491799799998 ], [ -115.2374742, 36.185491799799998 ], [ -115.2374742, 36.185489099800002 ], [ -115.2374796, 36.185489099800002 ], [ -115.2374796, 36.185486399799998 ], [ -115.237485, 36.185486399799998 ], [ -115.237485, 36.185483699800002 ], [ -115.2374904, 36.185483699800002 ], [ -115.2374904, 36.185480999799999 ], [ -115.2374931, 36.185480999799999 ], [ -115.2374931, 36.185478299800003 ], [ -115.2374985, 36.185478299800003 ], [ -115.2374985, 36.1854755998 ], [ -115.2375012, 36.1854755998 ], [ -115.2375012, 36.185472899800004 ], [ -115.2375066, 36.185472899800004 ], [ -115.2375066, 36.185470199800001 ], [ -115.2375093, 36.185470199800001 ], [ -115.2375093, 36.185467499799998 ], [ -115.2375147, 36.185467499799998 ], [ -115.2375147, 36.185464799800002 ], [ -115.2375174, 36.185464799800002 ], [ -115.2375174, 36.185462099799999 ], [ -115.2375228, 36.185462099799999 ], [ -115.2375228, 36.185459399800003 ], [ -115.2375363, 36.185459399800003 ], [ -115.2375363, 36.185462099799999 ], [ -115.237539, 36.185462099799999 ], [ -115.237539, 36.185464799800002 ], [ -115.2375417, 36.185464799800002 ], [ -115.2375417, 36.185467499799998 ], [ -115.2375444, 36.185467499799998 ], [ -115.2375444, 36.185470199800001 ], [ -115.2375471, 36.185470199800001 ], [ -115.2375471, 36.185472899800004 ], [ -115.2375498, 36.185472899800004 ], [ -115.2375498, 36.1854755998 ], [ -115.2375525, 36.1854755998 ], [ -115.2375525, 36.185478299800003 ], [ -115.2375606, 36.185478299800003 ], [ -115.2375606, 36.185480999799999 ], [ -115.2375687, 36.185480999799999 ], [ -115.2375687, 36.185483699800002 ], [ -115.2376065, 36.185483699800002 ], [ -115.2376065, 36.185486399799998 ], [ -115.2376092, 36.185486399799998 ], [ -115.2376092, 36.185489099800002 ], [ -115.2376119, 36.185489099800002 ], [ -115.2376119, 36.185491799799998 ], [ -115.2376146, 36.185491799799998 ], [ -115.2376146, 36.185497199800004 ], [ -115.2376173, 36.185497199800004 ], [ -115.2376173, 36.1854998998 ], [ -115.23762, 36.1854998998 ], [ -115.23762, 36.185502599800003 ], [ -115.2376254, 36.185502599800003 ], [ -115.2376254, 36.185505299799999 ], [ -115.2376281, 36.185505299799999 ], [ -115.2376281, 36.185507999800002 ], [ -115.2376308, 36.185507999800002 ], [ -115.2376308, 36.185510699799998 ], [ -115.2376335, 36.185510699799998 ], [ -115.2376335, 36.185521499800004 ], [ -115.2376308, 36.185521499800004 ], [ -115.2376308, 36.1855241998 ], [ -115.2376281, 36.1855241998 ], [ -115.2376281, 36.185526899800003 ], [ -115.2376254, 36.185526899800003 ], [ -115.2376254, 36.185529599799999 ], [ -115.23762, 36.185529599799999 ], [ -115.23762, 36.185532299800002 ], [ -115.2376173, 36.185532299800002 ], [ -115.2376173, 36.185534999799998 ], [ -115.2376119, 36.185534999799998 ], [ -115.2376119, 36.185537699800001 ], [ -115.2376092, 36.185537699800001 ], [ -115.2376092, 36.185540399800004 ], [ -115.2376038, 36.185540399800004 ], [ -115.2376038, 36.1855430998 ], [ -115.2376011, 36.1855430998 ], [ -115.2376011, 36.185545799800003 ], [ -115.2375957, 36.185545799800003 ], [ -115.2375957, 36.185548499799999 ], [ -115.2375903, 36.185548499799999 ], [ -115.2375903, 36.185551199800003 ], [ -115.2375876, 36.185551199800003 ], [ -115.2375876, 36.185553899799999 ], [ -115.2375795, 36.185553899799999 ], [ -115.2375795, 36.185556599800002 ], [ -115.2375687, 36.185556599800002 ], [ -115.2375687, 36.185559299799998 ], [ -115.2375579, 36.185559299799998 ], [ -115.2375579, 36.185561999800001 ], [ -115.2375525, 36.185561999800001 ], [ -115.2375525, 36.185564699800004 ], [ -115.2375498, 36.185564699800004 ], [ -115.2375498, 36.1855673998 ], [ -115.2375471, 36.1855673998 ], [ -115.2375471, 36.185572799799999 ], [ -115.2375444, 36.185572799799999 ], [ -115.2375444, 36.185580899800001 ], [ -115.2375417, 36.185580899800001 ], [ -115.2375417, 36.185583599800005 ], [ -115.2375363, 36.185583599800005 ], [ -115.2375363, 36.185586299800001 ], [ -115.2375336, 36.185586299800001 ], [ -115.2375336, 36.185588999800004 ], [ -115.2375282, 36.185588999800004 ], [ -115.2375282, 36.1855916998 ], [ -115.2375228, 36.1855916998 ], [ -115.2375228, 36.185594399800003 ], [ -115.2375201, 36.185594399800003 ], [ -115.2375201, 36.185597099799999 ], [ -115.2375174, 36.185597099799999 ], [ -115.2375174, 36.185599799800002 ], [ -115.2375147, 36.185599799800002 ], [ -115.2375147, 36.185602499799998 ], [ -115.2375093, 36.185602499799998 ], [ -115.2375093, 36.185605199800001 ], [ -115.2375039, 36.185605199800001 ], [ -115.2375039, 36.185607899800004 ], [ -115.2374985, 36.185607899800004 ], [ -115.2374985, 36.1856105998 ], [ -115.2374931, 36.1856105998 ], [ -115.2374931, 36.185613299800004 ], [ -115.237485, 36.185613299800004 ], [ -115.237485, 36.1856159998 ] ] ] } },
{ "type": "Feature", "properties": { "value": 255.0 }, "geometry": { "type": "Polygon", "coordinates": [ [ [ -115.2389322, 36.185559299799998 ], [ -115.2387945, 36.185559299799998 ], [ -115.2387945, 36.185553899799999 ], [ -115.2387918, 36.185553899799999 ], [ -115.2387918, 36.1855430998 ], [ -115.2387891, 36.1855430998 ], [ -115.2387891, 36.185529599799999 ], [ -115.2387864, 36.185529599799999 ], [ -115.2387864, 36.185507999800002 ], [ -115.2387891, 36.185507999800002 ], [ -115.2387891, 36.185494499800001 ], [ -115.2387918, 36.185494499800001 ], [ -115.2387918, 36.185491799799998 ], [ -115.2387945, 36.185491799799998 ], [ -115.2387945, 36.185489099800002 ], [ -115.2387972, 36.185489099800002 ], [ -115.2387972, 36.185486399799998 ], [ -115.2388026, 36.185486399799998 ], [ -115.2388026, 36.185483699800002 ], [ -115.238808, 36.185483699800002 ], [ -115.238808, 36.185480999799999 ], [ -115.2388134, 36.185480999799999 ], [ -115.2388134, 36.185478299800003 ], [ -115.2388188, 36.185478299800003 ], [ -115.2388188, 36.185472899800004 ], [ -115.2388215, 36.185472899800004 ], [ -115.2388215, 36.185462099799999 ], [ -115.2388242, 36.185462099799999 ], [ -115.2388242, 36.185459399800003 ], [ -115.2388269, 36.185459399800003 ], [ -115.2388269, 36.1854566998 ], [ -115.2388404, 36.1854566998 ], [ -115.2388404, 36.185453999800004 ], [ -115.2388674, 36.185453999800004 ], [ -115.2388674, 36.1854566998 ], [ -115.238889, 36.1854566998 ], [ -115.238889, 36.185459399800003 ], [ -115.2388917, 36.185459399800003 ], [ -115.2388917, 36.185467499799998 ], [ -115.238889, 36.185467499799998 ], [ -115.238889, 36.185472899800004 ], [ -115.2388863, 36.185472899800004 ], [ -115.2388863, 36.185478299800003 ], [ -115.2388917, 36.185478299800003 ], [ -115.2388917, 36.185480999799999 ], [ -115.2388998, 36.185480999799999 ], [ -115.2388998, 36.185483699800002 ], [ -115.2389052, 36.185483699800002 ], [ -115.2389052, 36.185486399799998 ], [ -115.2389106, 36.185486399799998 ], [ -115.2389106, 36.185489099800002 ], [ -115.2389187, 36.185489099800002 ], [ -115.2389187, 36.185491799799998 ], [ -115.238943, 36.185491799799998 ], [ -115.238943, 36.185489099800002 ], [ -115.2389538, 36.185489099800002 ], [ -115.2389538, 36.185491799799998 ], [ -115.2389673, 36.185491799799998 ], [ -115.2389673, 36.185494499800001 ], [ -115.23897, 36.185494499800001 ], [ -115.23897, 36.1854998998 ], [ -115.2389727, 36.1854998998 ], [ -115.2389727, 36.185505299799999 ], [ -115.23897, 36.185505299799999 ], [ -115.23897, 36.185548499799999 ], [ -115.2389673, 36.185548499799999 ], [ -115.2389673, 36.185551199800003 ], [ -115.2389592, 36.185551199800003 ], [ -115.2389592, 36.185553899799999 ], [ -115.2389376, 36.185553899799999 ], [ -115.2389376, 36.185556599800002 ], [ -115.2389322, 36.185556599800002 ], [ -115.2389322, 36.185559299799998 ] ] ] } },
{ "type": "Feature", "properties": { "value": 255.0 }, "geometry": { "type": "Polygon", "coordinates": [ [ [ -115.2373743, 36.185559299799998 ], [ -115.2373365, 36.185559299799998 ], [ -115.2373365, 36.185556599800002 ], [ -115.2373203, 36.185556599800002 ], [ -115.2373203, 36.185559299799998 ], [ -115.2373176, 36.185559299799998 ], [ -115.2373176, 36.185429699800004 ], [ -115.2373311, 36.185429699800004 ], [ -115.2373311, 36.1854323998 ], [ -115.2373365, 36.1854323998 ], [ -115.2373365, 36.185435099800003 ], [ -115.2373446, 36.185435099800003 ], [ -115.2373446, 36.185437799799999 ], [ -115.2373608, 36.185437799799999 ], [ -115.2373608, 36.185440499800002 ], [ -115.2373743, 36.185440499800002 ], [ -115.2373743, 36.185443199799998 ], [ -115.2373905, 36.185443199799998 ], [ -115.2373905, 36.185445899800001 ], [ -115.237404, 36.185445899800001 ], [ -115.237404, 36.185448599800004 ], [ -115.2374094, 36.185448599800004 ], [ -115.2374094, 36.185478299800003 ], [ -115.2374121, 36.185478299800003 ], [ -115.2374121, 36.185486399799998 ], [ -115.2374094, 36.185486399799998 ], [ -115.2374094, 36.185491799799998 ], [ -115.2374067, 36.185491799799998 ], [ -115.2374067, 36.185494499800001 ], [ -115.237404, 36.185494499800001 ], [ -115.237404, 36.1854998998 ], [ -115.2374013, 36.1854998998 ], [ -115.2374013, 36.185502599800003 ], [ -115.2373986, 36.185502599800003 ], [ -115.2373986, 36.185507999800002 ], [ -115.2373959, 36.185507999800002 ], [ -115.2373959, 36.185510699799998 ], [ -115.2373932, 36.185510699799998 ], [ -115.2373932, 36.185513399800001 ], [ -115.2373851, 36.185513399800001 ], [ -115.2373851, 36.185516099800004 ], [ -115.2373797, 36.185516099800004 ], [ -115.2373797, 36.185529599799999 ], [ -115.237377, 36.185529599799999 ], [ -115.237377, 36.185553899799999 ], [ -115.2373743, 36.185553899799999 ], [ -115.2373743, 36.185559299799998 ] ] ] } },
{ "type": "Feature", "properties": { "value": 255.0 }, "geometry": { "type": "Polygon", "coordinates": [ [ [ -115.2380007, 36.1854566998 ], [ -115.237971, 36.1854566998 ], [ -115.237971, 36.185453999800004 ], [ -115.2379386, 36.185453999800004 ], [ -115.2379386, 36.1854566998 ], [ -115.2378279, 36.1854566998 ], [ -115.2378279, 36.185453999800004 ], [ -115.2378252, 36.185453999800004 ], [ -115.2378252, 36.1854512998 ], [ -115.2378225, 36.1854512998 ], [ -115.2378225, 36.185443199799998 ], [ -115.2378198, 36.185443199799998 ], [ -115.2378198, 36.185418899799998 ], [ -115.2378225, 36.185418899799998 ], [ -115.2378225, 36.185389199799999 ], [ -115.2378252, 36.185389199799999 ], [ -115.2378252, 36.1853648998 ], [ -115.2378279, 36.1853648998 ], [ -115.2378279, 36.185362199800004 ], [ -115.2378333, 36.185362199800004 ], [ -115.2378333, 36.185359499800001 ], [ -115.2378414, 36.185359499800001 ], [ -115.2378414, 36.185362199800004 ], [ -115.2378495, 36.185362199800004 ], [ -115.2378495, 36.1853648998 ], [ -115.2378522, 36.1853648998 ], [ -115.2378522, 36.185367599800003 ], [ -115.2378576, 36.185367599800003 ], [ -115.2378576, 36.185370299799999 ], [ -115.23789, 36.185370299799999 ], [ -115.23789, 36.185367599800003 ], [ -115.2378954, 36.185367599800003 ], [ -115.2378954, 36.1853648998 ], [ -115.2379008, 36.1853648998 ], [ -115.2379008, 36.185362199800004 ], [ -115.2379035, 36.185362199800004 ], [ -115.2379035, 36.185359499800001 ], [ -115.2379089, 36.185359499800001 ], [ -115.2379089, 36.185356799799997 ], [ -115.2380007, 36.185356799799997 ], [ -115.2380007, 36.185359499800001 ], [ -115.2380061, 36.185359499800001 ], [ -115.2380061, 36.185362199800004 ], [ -115.2380088, 36.185362199800004 ], [ -115.2380088, 36.1853648998 ], [ -115.2380115, 36.1853648998 ], [ -115.2380115, 36.185389199799999 ], [ -115.2380142, 36.185389199799999 ], [ -115.2380142, 36.185391899800003 ], [ -115.2380169, 36.185391899800003 ], [ -115.2380169, 36.185394599799999 ], [ -115.2380196, 36.185394599799999 ], [ -115.2380196, 36.185397299800002 ], [ -115.2380223, 36.185397299800002 ], [ -115.2380223, 36.185402699800001 ], [ -115.238025, 36.185402699800001 ], [ -115.238025, 36.185413499799999 ], [ -115.2380223, 36.185413499799999 ], [ -115.2380223, 36.1854512998 ], [ -115.2380196, 36.1854512998 ], [ -115.2380196, 36.185453999800004 ], [ -115.2380007, 36.185453999800004 ], [ -115.2380007, 36.1854566998 ] ] ] } },
{ "type": "Feature", "properties": { "value": 255.0 }, "geometry": { "type": "Polygon", "coordinates": [ [ [ -115.2380169, 36.185332499799998 ], [ -115.2378711, 36.185332499799998 ], [ -115.2378711, 36.185329799800002 ], [ -115.2378684, 36.185329799800002 ], [ -115.2378684, 36.185324399800002 ], [ -115.2378657, 36.185324399800002 ], [ -115.2378657, 36.185294699800004 ], [ -115.2378279, 36.185294699800004 ], [ -115.2378279, 36.1852919998 ], [ -115.2378252, 36.1852919998 ], [ -115.2378252, 36.185289299799997 ], [ -115.2378225, 36.185289299799997 ], [ -115.2378225, 36.185278499799999 ], [ -115.2378198, 36.185278499799999 ], [ -115.2378198, 36.185254199799999 ], [ -115.2378225, 36.185254199799999 ], [ -115.2378225, 36.185235299799999 ], [ -115.2378279, 36.185235299799999 ], [ -115.2378279, 36.185232599800003 ], [ -115.2380196, 36.185232599800003 ], [ -115.2380196, 36.185235299799999 ], [ -115.2380223, 36.185235299799999 ], [ -115.2380223, 36.185237999800002 ], [ -115.238025, 36.185237999800002 ], [ -115.238025, 36.1852919998 ], [ -115.2380223, 36.1852919998 ], [ -115.2380223, 36.185329799800002 ], [ -115.2380169, 36.185329799800002 ], [ -115.2380169, 36.185332499799998 ] ] ] } },
{ "type": "Feature", "properties": { "value": 255.0 }, "geometry": { "type": "Polygon", "coordinates": [ [ [ -115.2373311, 36.185332499799998 ], [ -115.2373176, 36.185332499799998 ], [ -115.2373176, 36.185200199800001 ], [ -115.2373554, 36.185200199800001 ], [ -115.2373554, 36.185202899800004 ], [ -115.2373662, 36.185202899800004 ], [ -115.2373662, 36.185200199800001 ], [ -115.2373716, 36.185200199800001 ], [ -115.2373716, 36.185202899800004 ], [ -115.2373743, 36.185202899800004 ], [ -115.2373743, 36.1852055998 ], [ -115.237377, 36.1852055998 ], [ -115.237377, 36.185210999799999 ], [ -115.2373797, 36.185210999799999 ], [ -115.2373797, 36.185232599800003 ], [ -115.2373716, 36.185232599800003 ], [ -115.2373716, 36.185229899799999 ], [ -115.2373581, 36.185229899799999 ], [ -115.2373581, 36.185232599800003 ], [ -115.2373527, 36.185232599800003 ], [ -115.2373527, 36.185237999800002 ], [ -115.23735, 36.185237999800002 ], [ -115.23735, 36.185243399800001 ], [ -115.2373527, 36.185243399800001 ], [ -115.2373527, 36.1852487998 ], [ -115.2373581, 36.1852487998 ], [ -115.2373581, 36.185251499800003 ], [ -115.2373608, 36.185251499800003 ], [ -115.2373608, 36.185254199799999 ], [ -115.2373851, 36.185254199799999 ], [ -115.2373851, 36.185256899800002 ], [ -115.2373932, 36.185256899800002 ], [ -115.2373932, 36.185259599799998 ], [ -115.2373986, 36.185259599799998 ], [ -115.2373986, 36.185262299800002 ], [ -115.2374013, 36.185262299800002 ], [ -115.2374013, 36.185264999799998 ], [ -115.237404, 36.185264999799998 ], [ -115.237404, 36.185270399800004 ], [ -115.2374067, 36.185270399800004 ], [ -115.2374067, 36.185275799800003 ], [ -115.2374094, 36.185275799800003 ], [ -115.2374094, 36.185281199800002 ], [ -115.2374121, 36.185281199800002 ], [ -115.2374121, 36.185283899799998 ], [ -115.2374148, 36.185283899799998 ], [ -115.2374148, 36.185289299799997 ], [ -115.2374175, 36.185289299799997 ], [ -115.2374175, 36.185294699800004 ], [ -115.2374202, 36.185294699800004 ], [ -115.2374202, 36.185305499800002 ], [ -115.2374175, 36.185305499800002 ], [ -115.2374175, 36.185313599800004 ], [ -115.2374148, 36.185313599800004 ], [ -115.2374148, 36.1853162998 ], [ -115.2374094, 36.1853162998 ], [ -115.2374094, 36.185318999800003 ], [ -115.2373878, 36.185318999800003 ], [ -115.2373878, 36.185321699799999 ], [ -115.2373635, 36.185321699799999 ], [ -115.2373635, 36.185324399800002 ], [ -115.2373554, 36.185324399800002 ], [ -115.2373554, 36.185327099799999 ], [ -115.2373473, 36.185327099799999 ], [ -115.2373473, 36.185329799800002 ], [ -115.2373311, 36.185329799800002 ], [ -115.2373311, 36.185332499799998 ] ] ] } },
{ "type": "Feature", "properties": { "value": 255.0 }, "geometry": { "type": "Polygon", "coordinates": [ [ [ -115.2384651, 36.1852730998 ], [ -115.2384354, 36.1852730998 ], [ -115.2384354, 36.185270399800004 ], [ -115.2383922, 36.185270399800004 ], [ -115.2383922, 36.185267699800001 ], [ -115.2383895, 36.185267699800001 ], [ -115.2383895, 36.185256899800002 ], [ -115.2383922, 36.185256899800002 ], [ -115.2383922, 36.185251499800003 ], [ -115.2383949, 36.185251499800003 ], [ -115.2383949, 36.185246099800004 ], [ -115.2383922, 36.185246099800004 ], [ -115.2383922, 36.185243399800001 ], [ -115.2383868, 36.185243399800001 ], [ -115.2383868, 36.185240699799998 ], [ -115.2383625, 36.185240699799998 ], [ -115.2383625, 36.185237999800002 ], [ -115.2383544, 36.185237999800002 ], [ -115.2383544, 36.185235299799999 ], [ -115.2383274, 36.185235299799999 ], [ -115.2383274, 36.185232599800003 ], [ -115.238322, 36.185232599800003 ], [ -115.238322, 36.185229899799999 ], [ -115.2383193, 36.185229899799999 ], [ -115.2383193, 36.1851812998 ], [ -115.238322, 36.1851812998 ], [ -115.238322, 36.185175899800001 ], [ -115.2383247, 36.185175899800001 ], [ -115.2383247, 36.185173199799998 ], [ -115.2383706, 36.185173199799998 ], [ -115.2383706, 36.185175899800001 ], [ -115.2385029, 36.185175899800001 ], [ -115.2385029, 36.185178599800004 ], [ -115.2385137, 36.185178599800004 ], [ -115.2385137, 36.1851812998 ], [ -115.2385218, 36.1851812998 ], [ -115.2385218, 36.185183999800003 ], [ -115.2385245, 36.185183999800003 ], [ -115.2385245, 36.185208299800003 ], [ -115.2385218, 36.185208299800003 ], [ -115.2385218, 36.185216399799998 ], [ -115.2385191, 36.185216399799998 ], [ -115.2385191, 36.1852244998 ], [ -115.2385164, 36.1852244998 ], [ -115.2385164, 36.185229899799999 ], [ -115.2385137, 36.185229899799999 ], [ -115.2385137, 36.185232599800003 ], [ -115.238511, 36.185232599800003 ], [ -115.238511, 36.185235299799999 ], [ -115.2385083, 36.185235299799999 ], [ -115.2385083, 36.185237999800002 ], [ -115.2385029, 36.185237999800002 ], [ -115.2385029, 36.185240699799998 ], [ -115.2385002, 36.185240699799998 ], [ -115.2385002, 36.185246099800004 ], [ -115.2384975, 36.185246099800004 ], [ -115.2384975, 36.185251499800003 ], [ -115.2384921, 36.185251499800003 ], [ -115.2384921, 36.185254199799999 ], [ -115.238484, 36.185254199799999 ], [ -115.238484, 36.185256899800002 ], [ -115.2384759, 36.185256899800002 ], [ -115.2384759, 36.185259599799998 ], [ -115.2384732, 36.185259599799998 ], [ -115.2384732, 36.185264999799998 ], [ -115.2384705, 36.185264999799998 ], [ -115.2384705, 36.185270399800004 ], [ -115.2384651, 36.185270399800004 ], [ -115.2384651, 36.1852730998 ] ] ] } },
{ "type": "Feature", "properties": { "value": 255.0 }, "geometry": { "type": "Polygon", "coordinates": [ [ [ -115.2375903, 36.185302799799999 ], [ -115.2375714, 36.185302799799999 ], [ -115.2375714, 36.185300099800003 ], [ -115.237566, 36.185300099800003 ], [ -115.237566, 36.1852973998 ], [ -115.2375606, 36.1852973998 ], [ -115.2375606, 36.185294699800004 ], [ -115.2375579, 36.185294699800004 ], [ -115.2375579, 36.1852919998 ], [ -115.2375525, 36.1852919998 ], [ -115.2375525, 36.185289299799997 ], [ -115.2375498, 36.185289299799997 ], [ -115.2375498, 36.185286599800001 ], [ -115.2375471, 36.185286599800001 ], [ -115.2375471, 36.185283899799998 ], [ -115.2375444, 36.185283899799998 ], [ -115.2375444, 36.185281199800002 ], [ -115.2375417, 36.185281199800002 ], [ -115.2375417, 36.185278499799999 ], [ -115.237539, 36.185278499799999 ], [ -115.237539, 36.185275799800003 ], [ -115.2375363, 36.185275799800003 ], [ -115.2375363, 36.1852730998 ], [ -115.2375336, 36.1852730998 ], [ -115.2375336, 36.185267699800001 ], [ -115.2375309, 36.185267699800001 ], [ -115.2375309, 36.185264999799998 ], [ -115.2375282, 36.185264999799998 ], [ -115.2375282, 36.185262299800002 ], [ -115.2375255, 36.185262299800002 ], [ -115.2375255, 36.185259599799998 ], [ -115.2375228, 36.185259599799998 ], [ -115.2375228, 36.185256899800002 ], [ -115.2375147, 36.185256899800002 ], [ -115.2375147, 36.185254199799999 ], [ -115.237512, 36.185254199799999 ], [ -115.237512, 36.185251499800003 ], [ -115.2375066, 36.185251499800003 ], [ -115.2375066, 36.1852487998 ], [ -115.2375039, 36.1852487998 ], [ -115.2375039, 36.185246099800004 ], [ -115.2375012, 36.185246099800004 ], [ -115.2375012, 36.185243399800001 ], [ -115.2374985, 36.185243399800001 ], [ -115.2374985, 36.185240699799998 ], [ -115.2374958, 36.185240699799998 ], [ -115.2374958, 36.185237999800002 ], [ -115.2374904, 36.185237999800002 ], [ -115.2374904, 36.185235299799999 ], [ -115.2374877, 36.185235299799999 ], [ -115.2374877, 36.185232599800003 ], [ -115.237485, 36.185232599800003 ], [ -115.237485, 36.185229899799999 ], [ -115.2374823, 36.185229899799999 ], [ -115.2374823, 36.185227199800003 ], [ -115.2374796, 36.185227199800003 ], [ -115.2374796, 36.1852244998 ], [ -115.2374769, 36.1852244998 ], [ -115.2374769, 36.185221799799997 ], [ -115.2374742, 36.185221799799997 ], [ -115.2374742, 36.185219099800001 ], [ -115.2374688, 36.185219099800001 ], [ -115.2374688, 36.185216399799998 ], [ -115.2374661, 36.185216399799998 ], [ -115.2374661, 36.185213699800002 ], [ -115.2374634, 36.185213699800002 ], [ -115.2374634, 36.185210999799999 ], [ -115.2374607, 36.185210999799999 ], [ -115.2374607, 36.185208299800003 ], [ -115.237458, 36.185208299800003 ], [ -115.237458, 36.1852055998 ], [ -115.2374553, 36.1852055998 ], [ -115.2374553, 36.185202899800004 ], [ -115.2374526, 36.185202899800004 ], [ -115.2374526, 36.185200199800001 ], [ -115.2374472, 36.185200199800001 ], [ -115.2374472, 36.185197499799997 ], [ -115.2374418, 36.185197499799997 ], [ -115.2374418, 36.185194799800001 ], [ -115.2374391, 36.185194799800001 ], [ -115.2374391, 36.185192099799998 ], [ -115.2374364, 36.185192099799998 ], [ -115.2374364, 36.185189399800002 ], [ -115.2374337, 36.185189399800002 ], [ -115.2374337, 36.185186699799999 ], [ -115.237431, 36.185186699799999 ], [ -115.237431, 36.1851812998 ], [ -115.2374283, 36.1851812998 ], [ -115.2374283, 36.185175899800001 ], [ -115.237431, 36.185175899800001 ], [ -115.237431, 36.185170499800002 ], [ -115.2374364, 36.185170499800002 ], [ -115.2374364, 36.185167799799999 ], [ -115.2374418, 36.185167799799999 ], [ -115.2374418, 36.185165099800003 ], [ -115.2374472, 36.185165099800003 ], [ -115.2374472, 36.185162399799999 ], [ -115.2374526, 36.185162399799999 ], [ -115.2374526, 36.185159699800003 ], [ -115.2374553, 36.185159699800003 ], [ -115.2374553, 36.1851569998 ], [ -115.237458, 36.1851569998 ], [ -115.237458, 36.185154299799997 ], [ -115.2374607, 36.185154299799997 ], [ -115.2374607, 36.185151599800001 ], [ -115.2374634, 36.185151599800001 ], [ -115.2374634, 36.185148899799998 ], [ -115.2374661, 36.185148899799998 ], [ -115.2374661, 36.185146199800002 ], [ -115.2374688, 36.185146199800002 ], [ -115.2374688, 36.185143499799999 ], [ -115.2374796, 36.185143499799999 ], [ -115.2374796, 36.185146199800002 ], [ -115.237485, 36.185146199800002 ], [ -115.237485, 36.185148899799998 ], [ -115.2374904, 36.185148899799998 ], [ -115.2374904, 36.185151599800001 ], [ -115.2374931, 36.185151599800001 ], [ -115.2374931, 36.185154299799997 ], [ -115.2374958, 36.185154299799997 ], [ -115.2374958, 36.1851569998 ], [ -115.2374985, 36.1851569998 ], [ -115.2374985, 36.185159699800003 ], [ -115.2375012, 36.185159699800003 ], [ -115.2375012, 36.185162399799999 ], [ -115.2375066, 36.185162399799999 ], [ -115.2375066, 36.185165099800003 ], [ -115.237512, 36.185165099800003 ], [ -115.237512, 36.185167799799999 ], [ -115.2375228, 36.185167799799999 ], [ -115.2375228, 36.185165099800003 ], [ -115.2375309, 36.185165099800003 ], [ -115.2375309, 36.185162399799999 ], [ -115.2375363, 36.185162399799999 ], [ -115.2375363, 36.185159699800003 ], [ -115.2375417, 36.185159699800003 ], [ -115.2375417, 36.185162399799999 ], [ -115.2375471, 36.185162399799999 ], [ -115.2375471, 36.185165099800003 ], [ -115.2375525, 36.185165099800003 ], [ -115.2375525, 36.185167799799999 ], [ -115.2375552, 36.185167799799999 ], [ -115.2375552, 36.185170499800002 ], [ -115.2375606, 36.185170499800002 ], [ -115.2375606, 36.185173199799998 ], [ -115.2375633, 36.185173199799998 ], [ -115.2375633, 36.185175899800001 ], [ -115.2375687, 36.185175899800001 ], [ -115.2375687, 36.185178599800004 ], [ -115.2375714, 36.185178599800004 ], [ -115.2375714, 36.1851812998 ], [ -115.2375741, 36.1851812998 ], [ -115.2375741, 36.185183999800003 ], [ -115.2375768, 36.185183999800003 ], [ -115.2375768, 36.185186699799999 ], [ -115.2375795, 36.185186699799999 ], [ -115.2375795, 36.185189399800002 ], [ -115.2375822, 36.185189399800002 ], [ -115.2375822, 36.185194799800001 ], [ -115.2375849, 36.185194799800001 ], [ -115.2375849, 36.185197499799997 ], [ -115.2375876, 36.185197499799997 ], [ -115.2375876, 36.185200199800001 ], [ -115.237593, 36.185200199800001 ], [ -115.237593, 36.185202899800004 ], [ -115.2375957, 36.185202899800004 ], [ -115.2375957, 36.1852055998 ], [ -115.2376011, 36.1852055998 ], [ -115.2376011, 36.185208299800003 ], [ -115.2376038, 36.185208299800003 ], [ -115.2376038, 36.185210999799999 ], [ -115.2376065, 36.185210999799999 ], [ -115.2376065, 36.185213699800002 ], [ -115.2376119, 36.185213699800002 ], [ -115.2376119, 36.185216399799998 ], [ -115.2376146, 36.185216399799998 ], [ -115.2376146, 36.185219099800001 ], [ -115.2376173, 36.185219099800001 ], [ -115.2376173, 36.185221799799997 ], [ -115.23762, 36.185221799799997 ], [ -115.23762, 36.1852244998 ], [ -115.2376227, 36.1852244998 ], [ -115.2376227, 36.185227199800003 ], [ -115.2376254, 36.185227199800003 ], [ -115.2376254, 36.185229899799999 ], [ -115.2376281, 36.185229899799999 ], [ -115.2376281, 36.185232599800003 ], [ -115.2376308, 36.185232599800003 ], [ -115.2376308, 36.185235299799999 ], [ -115.2376335, 36.185235299799999 ], [ -115.2376335, 36.185237999800002 ], [ -115.2376389, 36.185237999800002 ], [ -115.2376389, 36.185240699799998 ], [ -115.2376416, 36.185240699799998 ], [ -115.2376416, 36.185243399800001 ], [ -115.2376443, 36.185243399800001 ], [ -115.2376443, 36.185246099800004 ], [ -115.237647, 36.185246099800004 ], [ -115.237647, 36.185251499800003 ], [ -115.2376497, 36.185251499800003 ], [ -115.2376497, 36.185256899800002 ], [ -115.237647, 36.185256899800002 ], [ -115.237647, 36.185262299800002 ], [ -115.2376443, 36.185262299800002 ], [ -115.2376443, 36.185264999799998 ], [ -115.2376416, 36.185264999799998 ], [ -115.2376416, 36.185267699800001 ], [ -115.2376362, 36.185267699800001 ], [ -115.2376362, 36.185270399800004 ], [ -115.2376308, 36.185270399800004 ], [ -115.2376308, 36.1852730998 ], [ -115.2376254, 36.1852730998 ], [ -115.2376254, 36.185275799800003 ], [ -115.23762, 36.185275799800003 ], [ -115.23762, 36.185278499799999 ], [ -115.2376173, 36.185278499799999 ], [ -115.2376173, 36.185281199800002 ], [ -115.2376146, 36.185281199800002 ], [ -115.2376146, 36.185286599800001 ], [ -115.2376119, 36.185286599800001 ], [ -115.2376119, 36.185289299799997 ], [ -115.2376092, 36.185289299799997 ], [ -115.2376092, 36.1852919998 ], [ -115.2376065, 36.1852919998 ], [ -115.2376065, 36.185294699800004 ], [ -115.2376038, 36.185294699800004 ], [ -115.2376038, 36.1852973998 ], [ -115.2375984, 36.1852973998 ], [ -115.2375984, 36.185300099800003 ], [ -115.2375903, 36.185300099800003 ], [ -115.2375903, 36.185302799799999 ] ] ] } },
{ "type": "Feature", "properties": { "value": 255.0 }, "geometry": { "type": "Polygon", "coordinates": [ [ [ -115.238916, 36.185232599800003 ], [ -115.238808, 36.185232599800003 ], [ -115.238808, 36.185229899799999 ], [ -115.2387999, 36.185229899799999 ], [ -115.2387999, 36.185227199800003 ], [ -115.2387729, 36.185227199800003 ], [ -115.2387729, 36.185229899799999 ], [ -115.2387648, 36.185229899799999 ], [ -115.2387648, 36.185227199800003 ], [ -115.2387594, 36.185227199800003 ], [ -115.2387594, 36.185192099799998 ], [ -115.2387621, 36.185192099799998 ], [ -115.2387621, 36.185183999800003 ], [ -115.2387594, 36.185183999800003 ], [ -115.2387594, 36.185170499800002 ], [ -115.2387567, 36.185170499800002 ], [ -115.2387567, 36.185162399799999 ], [ -115.238754, 36.185162399799999 ], [ -115.238754, 36.1851569998 ], [ -115.2387513, 36.1851569998 ], [ -115.2387513, 36.185140799800003 ], [ -115.238754, 36.185140799800003 ], [ -115.238754, 36.1851380998 ], [ -115.2387567, 36.1851380998 ], [ -115.2387567, 36.185135399800004 ], [ -115.2387621, 36.185135399800004 ], [ -115.2387621, 36.1851326998 ], [ -115.2387783, 36.1851326998 ], [ -115.2387783, 36.185129999799997 ], [ -115.2388269, 36.185129999799997 ], [ -115.2388269, 36.1851326998 ], [ -115.2389052, 36.1851326998 ], [ -115.2389052, 36.185129999799997 ], [ -115.2389484, 36.185129999799997 ], [ -115.2389484, 36.1851326998 ], [ -115.2389565, 36.1851326998 ], [ -115.2389565, 36.185135399800004 ], [ -115.2389592, 36.185135399800004 ], [ -115.2389592, 36.1851380998 ], [ -115.2389619, 36.1851380998 ], [ -115.2389619, 36.185170499800002 ], [ -115.2389592, 36.185170499800002 ], [ -115.2389592, 36.185197499799997 ], [ -115.2389565, 36.185197499799997 ], [ -115.2389565, 36.185210999799999 ], [ -115.2389592, 36.185210999799999 ], [ -115.2389592, 36.185221799799997 ], [ -115.2389565, 36.185221799799997 ], [ -115.2389565, 36.185227199800003 ], [ -115.2389538, 36.185227199800003 ], [ -115.2389538, 36.185229899799999 ], [ -115.238916, 36.185229899799999 ], [ -115.238916, 36.185232599800003 ] ] ] } },
{ "type": "Feature", "properties": { "value": 255.0 }, "geometry": { "type": "Polygon", "coordinates": [ [ [ -115.2386784, 36.185151599800001 ], [ -115.2386568, 36.185151599800001 ], [ -115.2386568, 36.185148899799998 ], [ -115.2386541, 36.185148899799998 ], [ -115.2386541, 36.185146199800002 ], [ -115.2386514, 36.185146199800002 ], [ -115.2386514, 36.1851326998 ], [ -115.2386541, 36.1851326998 ], [ -115.2386541, 36.185129999799997 ], [ -115.2386838, 36.185129999799997 ], [ -115.2386838, 36.1851326998 ], [ -115.2386865, 36.1851326998 ], [ -115.2386865, 36.185146199800002 ], [ -115.2386838, 36.185146199800002 ], [ -115.2386838, 36.185148899799998 ], [ -115.2386784, 36.185148899799998 ], [ -115.2386784, 36.185151599800001 ] ] ] } },
{ "type": "Feature", "properties": { "value": 255.0 }, "geometry": { "type": "Polygon", "coordinates": [ [ [ -115.2385785, 36.1851380998 ], [ -115.2385731, 36.1851380998 ], [ -115.2385731, 36.185135399800004 ], [ -115.2385434, 36.185135399800004 ], [ -115.2385434, 36.1851326998 ], [ -115.238538, 36.1851326998 ], [ -115.238538, 36.185102999800002 ], [ -115.2385407, 36.185102999800002 ], [ -115.2385407, 36.185100299799998 ], [ -115.2385488, 36.185100299799998 ], [ -115.2385488, 36.185097599800002 ], [ -115.2385893, 36.185097599800002 ], [ -115.2385893, 36.185100299799998 ], [ -115.2385947, 36.185100299799998 ], [ -115.2385947, 36.185102999800002 ], [ -115.2385974, 36.185102999800002 ], [ -115.2385974, 36.1851326998 ], [ -115.2385947, 36.1851326998 ], [ -115.2385947, 36.185135399800004 ], [ -115.2385785, 36.185135399800004 ], [ -115.2385785, 36.1851380998 ] ] ] } },
{ "type": "Feature", "properties": { "value": 255.0 }, "geometry": { "type": "Polygon", "coordinates": [ [ [ -115.2379008, 36.185213699800002 ], [ -115.2378792, 36.185213699800002 ], [ -115.2378792, 36.185210999799999 ], [ -115.237836, 36.185210999799999 ], [ -115.237836, 36.185208299800003 ], [ -115.2378333, 36.185208299800003 ], [ -115.2378333, 36.185202899800004 ], [ -115.2378306, 36.185202899800004 ], [ -115.2378306, 36.185178599800004 ], [ -115.2378279, 36.185178599800004 ], [ -115.2378279, 36.185148899799998 ], [ -115.2378252, 36.185148899799998 ], [ -115.2378252, 36.1851380998 ], [ -115.2378279, 36.1851380998 ], [ -115.2378279, 36.185129999799997 ], [ -115.2378252, 36.185129999799997 ], [ -115.2378252, 36.1851137998 ], [ -115.2378279, 36.1851137998 ], [ -115.2378279, 36.185111099800004 ], [ -115.2378387, 36.185111099800004 ], [ -115.2378387, 36.185108399800001 ], [ -115.237998, 36.185108399800001 ], [ -115.237998, 36.185111099800004 ], [ -115.2380142, 36.185111099800004 ], [ -115.2380142, 36.1851137998 ], [ -115.2380169, 36.1851137998 ], [ -115.2380169, 36.185116499800003 ], [ -115.2380196, 36.185116499800003 ], [ -115.2380196, 36.185119199799999 ], [ -115.2380223, 36.185119199799999 ], [ -115.2380223, 36.185124599799998 ], [ -115.238025, 36.185124599799998 ], [ -115.238025, 36.185129999799997 ], [ -115.2380223, 36.185129999799997 ], [ -115.2380223, 36.185143499799999 ], [ -115.238025, 36.185143499799999 ], [ -115.238025, 36.185146199800002 ], [ -115.2380277, 36.185146199800002 ], [ -115.2380277, 36.185154299799997 ], [ -115.2380304, 36.185154299799997 ], [ -115.2380304, 36.185183999800003 ], [ -115.2380277, 36.185183999800003 ], [ -115.2380277, 36.185186699799999 ], [ -115.2380304, 36.185186699799999 ], [ -115.2380304, 36.1852055998 ], [ -115.2380277, 36.1852055998 ], [ -115.2380277, 36.185208299800003 ], [ -115.2380223, 36.185208299800003 ], [ -115.2380223, 36.185210999799999 ], [ -115.2379737, 36.185210999799999 ], [ -115.2379737, 36.185208299800003 ], [ -115.2379278, 36.185208299800003 ], [ -115.2379278, 36.185210999799999 ], [ -115.2379008, 36.185210999799999 ], [ -115.2379008, 36.185213699800002 ] ] ] } },
{ "type": "Feature", "properties": { "value": 255.0 }, "geometry": { "type": "Polygon", "coordinates": [ [ [ -115.2385191, 36.185148899799998 ], [ -115.2385164, 36.185148899799998 ], [ -115.2385164, 36.185146199800002 ], [ -115.2383841, 36.185146199800002 ], [ -115.2383841, 36.185148899799998 ], [ -115.238376, 36.185148899799998 ], [ -115.238376, 36.185146199800002 ], [ -115.2383436, 36.185146199800002 ], [ -115.2383436, 36.185148899799998 ], [ -115.2383355, 36.185148899799998 ], [ -115.2383355, 36.185146199800002 ], [ -115.2383274, 36.185146199800002 ], [ -115.2383274, 36.185143499799999 ], [ -115.2383247, 36.185143499799999 ], [ -115.2383247, 36.185129999799997 ], [ -115.238322, 36.185129999799997 ], [ -115.238322, 36.185100299799998 ], [ -115.2383247, 36.185100299799998 ], [ -115.2383247, 36.185051699799999 ], [ -115.2383274, 36.185051699799999 ], [ -115.2383274, 36.185048999800003 ], [ -115.2383301, 36.185048999800003 ], [ -115.2383301, 36.1850462998 ], [ -115.2383436, 36.1850462998 ], [ -115.2383436, 36.185048999800003 ], [ -115.238349, 36.185048999800003 ], [ -115.238349, 36.1850462998 ], [ -115.2383544, 36.1850462998 ], [ -115.2383544, 36.185048999800003 ], [ -115.238376, 36.185048999800003 ], [ -115.238376, 36.1850462998 ], [ -115.2384759, 36.1850462998 ], [ -115.2384759, 36.185048999800003 ], [ -115.238484, 36.185048999800003 ], [ -115.238484, 36.185051699799999 ], [ -115.2384867, 36.185051699799999 ], [ -115.2384867, 36.185054399800002 ], [ -115.2384894, 36.185054399800002 ], [ -115.2384894, 36.185059799800001 ], [ -115.2384921, 36.185059799800001 ], [ -115.2384921, 36.1850705998 ], [ -115.2384948, 36.1850705998 ], [ -115.2384948, 36.185073299800003 ], [ -115.2384975, 36.185073299800003 ], [ -115.2384975, 36.185075999799999 ], [ -115.2385029, 36.185075999799999 ], [ -115.2385029, 36.185078699800002 ], [ -115.2385137, 36.185078699800002 ], [ -115.2385137, 36.185081399799998 ], [ -115.2385218, 36.185081399799998 ], [ -115.2385218, 36.185084099800001 ], [ -115.2385272, 36.185084099800001 ], [ -115.2385272, 36.185086799799997 ], [ -115.2385299, 36.185086799799997 ], [ -115.2385299, 36.1850894998 ], [ -115.2385326, 36.1850894998 ], [ -115.2385326, 36.185094899799999 ], [ -115.2385353, 36.185094899799999 ], [ -115.2385353, 36.185105699799998 ], [ -115.2385326, 36.185105699799998 ], [ -115.2385326, 36.185127299800001 ], [ -115.2385299, 36.185127299800001 ], [ -115.2385299, 36.1851380998 ], [ -115.2385272, 36.1851380998 ], [ -115.2385272, 36.185146199800002 ], [ -115.2385191, 36.185146199800002 ], [ -115.2385191, 36.185148899799998 ] ] ] } },
{ "type": "Feature", "properties": { "value": 255.0 }, "geometry": { "type": "Polygon", "coordinates": [ [ [ -115.2389484, 36.185108399800001 ], [ -115.2388917, 36.185108399800001 ], [ -115.2388917, 36.185105699799998 ], [ -115.2388809, 36.185105699799998 ], [ -115.2388809, 36.185108399800001 ], [ -115.2387594, 36.185108399800001 ], [ -115.2387594, 36.185105699799998 ], [ -115.2387567, 36.185105699799998 ], [ -115.2387567, 36.185100299799998 ], [ -115.238754, 36.185100299799998 ], [ -115.238754, 36.185084099800001 ], [ -115.2387513, 36.185084099800001 ], [ -115.2387513, 36.185054399800002 ], [ -115.238754, 36.185054399800002 ], [ -115.238754, 36.185048999800003 ], [ -115.2387567, 36.185048999800003 ], [ -115.2387567, 36.1850462998 ], [ -115.2387891, 36.1850462998 ], [ -115.2387891, 36.185043599800004 ], [ -115.2387918, 36.185043599800004 ], [ -115.2387918, 36.185040899800001 ], [ -115.2387945, 36.185040899800001 ], [ -115.2387945, 36.185030099800002 ], [ -115.2387972, 36.185030099800002 ], [ -115.2387972, 36.185024699800003 ], [ -115.2388026, 36.185024699800003 ], [ -115.2388026, 36.1850219998 ], [ -115.2388242, 36.1850219998 ], [ -115.2388242, 36.185019299799997 ], [ -115.2388296, 36.185019299799997 ], [ -115.2388296, 36.185016599800001 ], [ -115.238835, 36.185016599800001 ], [ -115.238835, 36.185013899799998 ], [ -115.2388377, 36.185013899799998 ], [ -115.2388377, 36.185011199800002 ], [ -115.2388458, 36.185011199800002 ], [ -115.2388458, 36.185008499799999 ], [ -115.2389349, 36.185008499799999 ], [ -115.2389349, 36.185011199800002 ], [ -115.2389403, 36.185011199800002 ], [ -115.2389403, 36.185016599800001 ], [ -115.238943, 36.185016599800001 ], [ -115.238943, 36.185038199799997 ], [ -115.2389457, 36.185038199799997 ], [ -115.2389457, 36.185040899800001 ], [ -115.2389484, 36.185040899800001 ], [ -115.2389484, 36.185043599800004 ], [ -115.2389511, 36.185043599800004 ], [ -115.2389511, 36.1850462998 ], [ -115.2389538, 36.1850462998 ], [ -115.2389538, 36.185048999800003 ], [ -115.2389565, 36.185048999800003 ], [ -115.2389565, 36.185051699799999 ], [ -115.2389592, 36.185051699799999 ], [ -115.2389592, 36.185059799800001 ], [ -115.2389619, 36.185059799800001 ], [ -115.2389619, 36.185075999799999 ], [ -115.2389592, 36.185075999799999 ], [ -115.2389592, 36.185084099800001 ], [ -115.2389565, 36.185084099800001 ], [ -115.2389565, 36.185102999800002 ], [ -115.2389538, 36.185102999800002 ], [ -115.2389538, 36.185105699799998 ], [ -115.2389484, 36.185105699799998 ], [ -115.2389484, 36.185108399800001 ] ] ] } },
{ "type": "Feature", "properties": { "value": 255.0 }, "geometry": { "type": "Polygon", "coordinates": [ [ [ -115.2376605, 36.185086799799997 ], [ -115.2376146, 36.185086799799997 ], [ -115.2376146, 36.185084099800001 ], [ -115.2375849, 36.185084099800001 ], [ -115.2375849, 36.185081399799998 ], [ -115.2375822, 36.185081399799998 ], [ -115.2375822, 36.185078699800002 ], [ -115.2375795, 36.185078699800002 ], [ -115.2375795, 36.185075999799999 ], [ -115.2375741, 36.185075999799999 ], [ -115.2375741, 36.185073299800003 ], [ -115.2375633, 36.185073299800003 ], [ -115.2375633, 36.1850705998 ], [ -115.2375336, 36.1850705998 ], [ -115.2375336, 36.185067899800003 ], [ -115.2375174, 36.185067899800003 ], [ -115.2375174, 36.1850651998 ], [ -115.237512, 36.1850651998 ], [ -115.237512, 36.185062499799997 ], [ -115.2375093, 36.185062499799997 ], [ -115.2375093, 36.185038199799997 ], [ -115.237512, 36.185038199799997 ], [ -115.237512, 36.185016599800001 ], [ -115.2375147, 36.185016599800001 ], [ -115.2375147, 36.185013899799998 ], [ -115.2375174, 36.185013899799998 ], [ -115.2375174, 36.185011199800002 ], [ -115.2375552, 36.185011199800002 ], [ -115.2375552, 36.185008499799999 ], [ -115.2375714, 36.185008499799999 ], [ -115.2375714, 36.185005799800003 ], [ -115.2375795, 36.185005799800003 ], [ -115.2375795, 36.185003099799999 ], [ -115.2375822, 36.185003099799999 ], [ -115.2375822, 36.1849976998 ], [ -115.2375849, 36.1849976998 ], [ -115.2375849, 36.184989599799998 ], [ -115.2375876, 36.184989599799998 ], [ -115.2375876, 36.184981499800003 ], [ -115.2375903, 36.184981499800003 ], [ -115.2375903, 36.1849787998 ], [ -115.237593, 36.1849787998 ], [ -115.237593, 36.184976099800004 ], [ -115.2376065, 36.184976099800004 ], [ -115.2376065, 36.1849787998 ], [ -115.2376254, 36.1849787998 ], [ -115.2376254, 36.184981499800003 ], [ -115.2376416, 36.184981499800003 ], [ -115.2376416, 36.184984199799999 ], [ -115.2376578, 36.184984199799999 ], [ -115.2376578, 36.184986899800002 ], [ -115.2376686, 36.184986899800002 ], [ -115.2376686, 36.184989599799998 ], [ -115.2376713, 36.184989599799998 ], [ -115.2376713, 36.184992299800001 ], [ -115.237674, 36.184992299800001 ], [ -115.237674, 36.185038199799997 ], [ -115.2376767, 36.185038199799997 ], [ -115.2376767, 36.185040899800001 ], [ -115.2376794, 36.185040899800001 ], [ -115.2376794, 36.185043599800004 ], [ -115.2376848, 36.185043599800004 ], [ -115.2376848, 36.1850462998 ], [ -115.2376875, 36.1850462998 ], [ -115.2376875, 36.185048999800003 ], [ -115.2376902, 36.185048999800003 ], [ -115.2376902, 36.185062499799997 ], [ -115.2376875, 36.185062499799997 ], [ -115.2376875, 36.185075999799999 ], [ -115.2376848, 36.185075999799999 ], [ -115.2376848, 36.185078699800002 ], [ -115.2376686, 36.185078699800002 ], [ -115.2376686, 36.185081399799998 ], [ -115.2376659, 36.185081399799998 ], [ -115.2376659, 36.185084099800001 ], [ -115.2376605, 36.185084099800001 ], [ -115.2376605, 36.185086799799997 ] ] ] } },
{ "type": "Feature", "properties": { "value": 255.0 }, "geometry": { "type": "Polygon", "coordinates": [ [ [ -115.2380304, 36.185086799799997 ], [ -115.2379845, 36.185086799799997 ], [ -115.2379845, 36.185084099800001 ], [ -115.2379521, 36.185084099800001 ], [ -115.2379521, 36.185086799799997 ], [ -115.2379332, 36.185086799799997 ], [ -115.2379332, 36.185084099800001 ], [ -115.2378873, 36.185084099800001 ], [ -115.2378873, 36.185081399799998 ], [ -115.2378846, 36.185081399799998 ], [ -115.2378846, 36.185075999799999 ], [ -115.2378819, 36.185075999799999 ], [ -115.2378819, 36.185051699799999 ], [ -115.2378792, 36.185051699799999 ], [ -115.2378792, 36.1850462998 ], [ -115.2378414, 36.1850462998 ], [ -115.2378414, 36.185043599800004 ], [ -115.2378387, 36.185043599800004 ], [ -115.2378387, 36.185038199799997 ], [ -115.237836, 36.185038199799997 ], [ -115.237836, 36.1850219998 ], [ -115.2378387, 36.1850219998 ], [ -115.2378387, 36.184992299800001 ], [ -115.2378414, 36.184992299800001 ], [ -115.2378414, 36.184989599799998 ], [ -115.2378441, 36.184989599799998 ], [ -115.2378441, 36.184986899800002 ], [ -115.2380385, 36.184986899800002 ], [ -115.2380385, 36.184989599799998 ], [ -115.2380439, 36.184989599799998 ], [ -115.2380439, 36.185008499799999 ], [ -115.2380412, 36.185008499799999 ], [ -115.2380412, 36.185035499800001 ], [ -115.2380385, 36.185035499800001 ], [ -115.2380385, 36.1850705998 ], [ -115.2380358, 36.1850705998 ], [ -115.2380358, 36.185084099800001 ], [ -115.2380304, 36.185084099800001 ], [ -115.2380304, 36.185086799799997 ] ] ] } },
{ "type": "Feature", "properties": { "value": 255.0 }, "geometry": { "type": "Polygon", "coordinates": [ [ [ -115.2385029, 36.1850219998 ], [ -115.23843, 36.1850219998 ], [ -115.23843, 36.185019299799997 ], [ -115.238403, 36.185019299799997 ], [ -115.238403, 36.185016599800001 ], [ -115.2384003, 36.185016599800001 ], [ -115.2384003, 36.185011199800002 ], [ -115.2383976, 36.185011199800002 ], [ -115.2383976, 36.184984199799999 ], [ -115.2383949, 36.184984199799999 ], [ -115.2383949, 36.184981499800003 ], [ -115.2383382, 36.184981499800003 ], [ -115.2383382, 36.1849787998 ], [ -115.2383355, 36.1849787998 ], [ -115.2383355, 36.184976099800004 ], [ -115.2383328, 36.184976099800004 ], [ -115.2383328, 36.184965299799998 ], [ -115.2383301, 36.184965299799998 ], [ -115.2383301, 36.184951799799997 ], [ -115.2383328, 36.184951799799997 ], [ -115.2383328, 36.184924799800001 ], [ -115.2383355, 36.184924799800001 ], [ -115.2383355, 36.184922099799998 ], [ -115.2384192, 36.184922099799998 ], [ -115.2384192, 36.184919399800002 ], [ -115.2384354, 36.184919399800002 ], [ -115.2384354, 36.184922099799998 ], [ -115.2385164, 36.184922099799998 ], [ -115.2385164, 36.184924799800001 ], [ -115.2385191, 36.184924799800001 ], [ -115.2385191, 36.184927499799997 ], [ -115.2385218, 36.184927499799997 ], [ -115.2385218, 36.184940999799998 ], [ -115.2385191, 36.184940999799998 ], [ -115.2385191, 36.184951799799997 ], [ -115.2385218, 36.184951799799997 ], [ -115.2385218, 36.184962599800002 ], [ -115.2385191, 36.184962599800002 ], [ -115.2385191, 36.184967999800001 ], [ -115.2385164, 36.184967999800001 ], [ -115.2385164, 36.184970699799997 ], [ -115.2385137, 36.184970699799997 ], [ -115.2385137, 36.1849733998 ], [ -115.238511, 36.1849733998 ], [ -115.238511, 36.184976099800004 ], [ -115.2385083, 36.184976099800004 ], [ -115.2385083, 36.185019299799997 ], [ -115.2385029, 36.185019299799997 ], [ -115.2385029, 36.1850219998 ] ] ] } },
{ "type": "Feature", "properties": { "value": 255.0 }, "geometry": { "type": "Polygon", "coordinates": [ [ [ -115.2389268, 36.184984199799999 ], [ -115.2387756, 36.184984199799999 ], [ -115.2387756, 36.1849787998 ], [ -115.2387729, 36.1849787998 ], [ -115.2387729, 36.1849733998 ], [ -115.2387702, 36.1849733998 ], [ -115.2387702, 36.184946399799998 ], [ -115.2387351, 36.184946399799998 ], [ -115.2387351, 36.184943699800002 ], [ -115.2387297, 36.184943699800002 ], [ -115.2387297, 36.184938299800002 ], [ -115.238727, 36.184938299800002 ], [ -115.238727, 36.184889699800003 ], [ -115.2387297, 36.184889699800003 ], [ -115.2387297, 36.1848869998 ], [ -115.2387351, 36.1848869998 ], [ -115.2387351, 36.184884299799997 ], [ -115.2389241, 36.184884299799997 ], [ -115.2389241, 36.1848869998 ], [ -115.2389295, 36.1848869998 ], [ -115.2389295, 36.184889699800003 ], [ -115.2389322, 36.184889699800003 ], [ -115.2389322, 36.184924799800001 ], [ -115.2389295, 36.184924799800001 ], [ -115.2389295, 36.184943699800002 ], [ -115.2389322, 36.184943699800002 ], [ -115.2389322, 36.184957199800003 ], [ -115.2389349, 36.184957199800003 ], [ -115.2389349, 36.184965299799998 ], [ -115.2389376, 36.184965299799998 ], [ -115.2389376, 36.184970699799997 ], [ -115.2389403, 36.184970699799997 ], [ -115.2389403, 36.1849787998 ], [ -115.2389376, 36.1849787998 ], [ -115.2389376, 36.184981499800003 ], [ -115.2389268, 36.184981499800003 ], [ -115.2389268, 36.184984199799999 ] ] ] } },
{ "type": "Feature", "properties": { "value": 255.0 }, "geometry": { "type": "Polygon", "coordinates": [ [ [ -115.2380358, 36.184962599800002 ], [ -115.2379764, 36.184962599800002 ], [ -115.2379764, 36.184959899799999 ], [ -115.2379602, 36.184959899799999 ], [ -115.2379602, 36.184962599800002 ], [ -115.2378495, 36.184962599800002 ], [ -115.2378495, 36.184959899799999 ], [ -115.2378468, 36.184959899799999 ], [ -115.2378468, 36.184957199800003 ], [ -115.2378441, 36.184957199800003 ], [ -115.2378441, 36.184951799799997 ], [ -115.2378414, 36.184951799799997 ], [ -115.2378414, 36.1849058998 ], [ -115.2378441, 36.1849058998 ], [ -115.2378441, 36.184903199799997 ], [ -115.2378738, 36.184903199799997 ], [ -115.2378738, 36.184900499800001 ], [ -115.2378846, 36.184900499800001 ], [ -115.2378846, 36.184897799799998 ], [ -115.2378873, 36.184897799799998 ], [ -115.2378873, 36.1848869998 ], [ -115.23789, 36.1848869998 ], [ -115.23789, 36.184881599800001 ], [ -115.2378954, 36.184881599800001 ], [ -115.2378954, 36.184878899799997 ], [ -115.2379035, 36.184878899799997 ], [ -115.2379035, 36.184876199800001 ], [ -115.2379143, 36.184876199800001 ], [ -115.2379143, 36.184873499799998 ], [ -115.2379197, 36.184873499799998 ], [ -115.2379197, 36.184870799800002 ], [ -115.2379224, 36.184870799800002 ], [ -115.2379224, 36.184868099799999 ], [ -115.2379251, 36.184868099799999 ], [ -115.2379251, 36.184865399800003 ], [ -115.2379332, 36.184865399800003 ], [ -115.2379332, 36.1848626998 ], [ -115.2380196, 36.1848626998 ], [ -115.2380196, 36.184865399800003 ], [ -115.2380277, 36.184865399800003 ], [ -115.2380277, 36.184868099799999 ], [ -115.2380304, 36.184868099799999 ], [ -115.2380304, 36.184873499799998 ], [ -115.2380331, 36.184873499799998 ], [ -115.2380331, 36.184878899799997 ], [ -115.2380358, 36.184878899799997 ], [ -115.2380358, 36.184892399799999 ], [ -115.2380385, 36.184892399799999 ], [ -115.2380385, 36.184908599800004 ], [ -115.2380412, 36.184908599800004 ], [ -115.2380412, 36.184916699799999 ], [ -115.2380439, 36.184916699799999 ], [ -115.2380439, 36.184957199800003 ], [ -115.2380412, 36.184957199800003 ], [ -115.2380412, 36.184959899799999 ], [ -115.2380358, 36.184959899799999 ], [ -115.2380358, 36.184962599800002 ] ] ] } },
{ "type": "Feature", "properties": { "value": 255.0 }, "geometry": { "type": "Polygon", "coordinates": [ [ [ -115.2385353, 36.184897799799998 ], [ -115.2385245, 36.184897799799998 ], [ -115.2385245, 36.184895099800002 ], [ -115.2384867, 36.184895099800002 ], [ -115.2384867, 36.184897799799998 ], [ -115.2384246, 36.184897799799998 ], [ -115.2384246, 36.184895099800002 ], [ -115.2383949, 36.184895099800002 ], [ -115.2383949, 36.184897799799998 ], [ -115.2383598, 36.184897799799998 ], [ -115.2383598, 36.184895099800002 ], [ -115.238349, 36.184895099800002 ], [ -115.238349, 36.184892399799999 ], [ -115.2383463, 36.184892399799999 ], [ -115.2383463, 36.184889699800003 ], [ -115.2383436, 36.184889699800003 ], [ -115.2383436, 36.1848869998 ], [ -115.2383409, 36.1848869998 ], [ -115.2383409, 36.184881599800001 ], [ -115.2383382, 36.184881599800001 ], [ -115.2383382, 36.184870799800002 ], [ -115.2383355, 36.184870799800002 ], [ -115.2383355, 36.184851899800002 ], [ -115.2383382, 36.184851899800002 ], [ -115.2383382, 36.184835699799997 ], [ -115.2383409, 36.184835699799997 ], [ -115.2383409, 36.184830299799998 ], [ -115.2383382, 36.184830299799998 ], [ -115.2383382, 36.184800599799999 ], [ -115.2383409, 36.184800599799999 ], [ -115.2383409, 36.184797899800003 ], [ -115.2383517, 36.184797899800003 ], [ -115.2383517, 36.1847951998 ], [ -115.2384894, 36.1847951998 ], [ -115.2384894, 36.184797899800003 ], [ -115.2384975, 36.184797899800003 ], [ -115.2384975, 36.184803299800002 ], [ -115.2385002, 36.184803299800002 ], [ -115.2385002, 36.184827599800002 ], [ -115.2385029, 36.184827599800002 ], [ -115.2385029, 36.184830299799998 ], [ -115.2385083, 36.184830299799998 ], [ -115.2385083, 36.184832999800001 ], [ -115.238511, 36.184832999800001 ], [ -115.238511, 36.184835699799997 ], [ -115.238538, 36.184835699799997 ], [ -115.238538, 36.1848383998 ], [ -115.2385407, 36.1848383998 ], [ -115.2385407, 36.184895099800002 ], [ -115.2385353, 36.184895099800002 ], [ -115.2385353, 36.184897799799998 ] ] ] } },
{ "type": "Feature", "properties": { "value": 255.0 }, "geometry": { "type": "Polygon", "coordinates": [ [ [ -115.2387567, 36.1848626998 ], [ -115.2387243, 36.1848626998 ], [ -115.2387243, 36.184859999799997 ], [ -115.2387189, 36.184859999799997 ], [ -115.2387189, 36.184854599799998 ], [ -115.2387162, 36.184854599799998 ], [ -115.2387162, 36.184800599799999 ], [ -115.2387189, 36.184800599799999 ], [ -115.2387189, 36.184797899800003 ], [ -115.2387216, 36.184797899800003 ], [ -115.2387216, 36.184792499799997 ], [ -115.2387243, 36.184792499799997 ], [ -115.2387243, 36.1847708998 ], [ -115.238727, 36.1847708998 ], [ -115.238727, 36.184768199799997 ], [ -115.2387324, 36.184768199799997 ], [ -115.2387324, 36.184765499800001 ], [ -115.2387432, 36.184765499800001 ], [ -115.2387432, 36.184768199799997 ], [ -115.238754, 36.184768199799997 ], [ -115.238754, 36.1847708998 ], [ -115.2387621, 36.1847708998 ], [ -115.2387621, 36.184773599800003 ], [ -115.2387891, 36.184773599800003 ], [ -115.2387891, 36.1847708998 ], [ -115.2387945, 36.1847708998 ], [ -115.2387945, 36.184768199799997 ], [ -115.2387972, 36.184768199799997 ], [ -115.2387972, 36.184765499800001 ], [ -115.2388026, 36.184765499800001 ], [ -115.2388026, 36.184762799799998 ], [ -115.2388323, 36.184762799799998 ], [ -115.2388323, 36.184760099800002 ], [ -115.2388944, 36.184760099800002 ], [ -115.2388944, 36.184762799799998 ], [ -115.2388998, 36.184762799799998 ], [ -115.2388998, 36.184768199799997 ], [ -115.2389025, 36.184768199799997 ], [ -115.2389025, 36.184778999800002 ], [ -115.2389052, 36.184778999800002 ], [ -115.2389052, 36.184787099799998 ], [ -115.2389079, 36.184787099799998 ], [ -115.2389079, 36.184800599799999 ], [ -115.2389106, 36.184800599799999 ], [ -115.2389106, 36.184811399799997 ], [ -115.2389133, 36.184811399799997 ], [ -115.2389133, 36.184822199800003 ], [ -115.238916, 36.184822199800003 ], [ -115.238916, 36.184854599799998 ], [ -115.2389133, 36.184854599799998 ], [ -115.2389133, 36.184857299800001 ], [ -115.2389106, 36.184857299800001 ], [ -115.2389106, 36.184859999799997 ], [ -115.2387567, 36.184859999799997 ], [ -115.2387567, 36.1848626998 ] ] ] } },
{ "type": "Feature", "properties": { "value": 255.0 }, "geometry": { "type": "Polygon", "coordinates": [ [ [ -115.237485, 36.184913999800003 ], [ -115.2374661, 36.184913999800003 ], [ -115.2374661, 36.1849112998 ], [ -115.2374634, 36.1849112998 ], [ -115.2374634, 36.184908599800004 ], [ -115.237458, 36.184908599800004 ], [ -115.237458, 36.1849058998 ], [ -115.2374526, 36.1849058998 ], [ -115.2374526, 36.184903199799997 ], [ -115.2374499, 36.184903199799997 ], [ -115.2374499, 36.184900499800001 ], [ -115.2374445, 36.184900499800001 ], [ -115.2374445, 36.184897799799998 ], [ -115.2374418, 36.184897799799998 ], [ -115.2374418, 36.184895099800002 ], [ -115.2374364, 36.184895099800002 ], [ -115.2374364, 36.184892399799999 ], [ -115.2374337, 36.184892399799999 ], [ -115.2374337, 36.184889699800003 ], [ -115.237431, 36.184889699800003 ], [ -115.237431, 36.1848869998 ], [ -115.2374283, 36.1848869998 ], [ -115.2374283, 36.184876199800001 ], [ -115.237431, 36.184876199800001 ], [ -115.237431, 36.184873499799998 ], [ -115.2374337, 36.184873499799998 ], [ -115.2374337, 36.184870799800002 ], [ -115.2374364, 36.184870799800002 ], [ -115.2374364, 36.184868099799999 ], [ -115.2374391, 36.184868099799999 ], [ -115.2374391, 36.184865399800003 ], [ -115.2374418, 36.184865399800003 ], [ -115.2374418, 36.1848626998 ], [ -115.2374472, 36.1848626998 ], [ -115.2374472, 36.184859999799997 ], [ -115.2374499, 36.184859999799997 ], [ -115.2374499, 36.184857299800001 ], [ -115.2374553, 36.184857299800001 ], [ -115.2374553, 36.184854599799998 ], [ -115.2374634, 36.184854599799998 ], [ -115.2374634, 36.184851899800002 ], [ -115.2374661, 36.184851899800002 ], [ -115.2374661, 36.184849199799999 ], [ -115.2374688, 36.184849199799999 ], [ -115.2374688, 36.184843799799999 ], [ -115.2374715, 36.184843799799999 ], [ -115.2374715, 36.184841099800003 ], [ -115.2374742, 36.184841099800003 ], [ -115.2374742, 36.1848383998 ], [ -115.2374769, 36.1848383998 ], [ -115.2374769, 36.184835699799997 ], [ -115.2374796, 36.184835699799997 ], [ -115.2374796, 36.184832999800001 ], [ -115.2374823, 36.184832999800001 ], [ -115.2374823, 36.184827599800002 ], [ -115.237485, 36.184827599800002 ], [ -115.237485, 36.184822199800003 ], [ -115.2374877, 36.184822199800003 ], [ -115.2374877, 36.1848194998 ], [ -115.2374904, 36.1848194998 ], [ -115.2374904, 36.184814099800001 ], [ -115.2374931, 36.184814099800001 ], [ -115.2374931, 36.184811399799997 ], [ -115.2374985, 36.184811399799997 ], [ -115.2374985, 36.184808699800001 ], [ -115.2375012, 36.184808699800001 ], [ -115.2375012, 36.184805999799998 ], [ -115.2375066, 36.184805999799998 ], [ -115.2375066, 36.184803299800002 ], [ -115.2375093, 36.184803299800002 ], [ -115.2375093, 36.184800599799999 ], [ -115.237512, 36.184800599799999 ], [ -115.237512, 36.184797899800003 ], [ -115.2375147, 36.184797899800003 ], [ -115.2375147, 36.1847951998 ], [ -115.2375174, 36.1847951998 ], [ -115.2375174, 36.184792499799997 ], [ -115.2375201, 36.184792499799997 ], [ -115.2375201, 36.184789799800001 ], [ -115.2375228, 36.184789799800001 ], [ -115.2375228, 36.184787099799998 ], [ -115.2375255, 36.184787099799998 ], [ -115.2375255, 36.184784399800002 ], [ -115.2375282, 36.184784399800002 ], [ -115.2375282, 36.184781699799998 ], [ -115.2375309, 36.184781699799998 ], [ -115.2375309, 36.184778999800002 ], [ -115.2375336, 36.184778999800002 ], [ -115.2375336, 36.184776299799999 ], [ -115.2375363, 36.184776299799999 ], [ -115.2375363, 36.184773599800003 ], [ -115.237539, 36.184773599800003 ], [ -115.237539, 36.1847708998 ], [ -115.2375417, 36.1847708998 ], [ -115.2375417, 36.184768199799997 ], [ -115.2375444, 36.184768199799997 ], [ -115.2375444, 36.184765499800001 ], [ -115.2375471, 36.184765499800001 ], [ -115.2375471, 36.184762799799998 ], [ -115.2375525, 36.184762799799998 ], [ -115.2375525, 36.184760099800002 ], [ -115.2375579, 36.184760099800002 ], [ -115.2375579, 36.184762799799998 ], [ -115.237566, 36.184762799799998 ], [ -115.237566, 36.184765499800001 ], [ -115.2375714, 36.184765499800001 ], [ -115.2375714, 36.184768199799997 ], [ -115.2375768, 36.184768199799997 ], [ -115.2375768, 36.1847708998 ], [ -115.2375795, 36.1847708998 ], [ -115.2375795, 36.184773599800003 ], [ -115.2375849, 36.184773599800003 ], [ -115.2375849, 36.184776299799999 ], [ -115.2375903, 36.184776299799999 ], [ -115.2375903, 36.184778999800002 ], [ -115.2375957, 36.184778999800002 ], [ -115.2375957, 36.184781699799998 ], [ -115.2375984, 36.184781699799998 ], [ -115.2375984, 36.184784399800002 ], [ -115.2376038, 36.184784399800002 ], [ -115.2376038, 36.184787099799998 ], [ -115.2376065, 36.184787099799998 ], [ -115.2376065, 36.184789799800001 ], [ -115.2376119, 36.184789799800001 ], [ -115.2376119, 36.184792499799997 ], [ -115.2376146, 36.184792499799997 ], [ -115.2376146, 36.1847951998 ], [ -115.2376254, 36.1847951998 ], [ -115.2376254, 36.184797899800003 ], [ -115.2376308, 36.184797899800003 ], [ -115.2376308, 36.184800599799999 ], [ -115.2376335, 36.184800599799999 ], [ -115.2376335, 36.184803299800002 ], [ -115.2376389, 36.184803299800002 ], [ -115.2376389, 36.184808699800001 ], [ -115.2376416, 36.184808699800001 ], [ -115.2376416, 36.184811399799997 ], [ -115.2376443, 36.184811399799997 ], [ -115.2376443, 36.1848194998 ], [ -115.237647, 36.1848194998 ], [ -115.237647, 36.184827599800002 ], [ -115.2376443, 36.184827599800002 ], [ -115.2376443, 36.184830299799998 ], [ -115.2376416, 36.184830299799998 ], [ -115.2376416, 36.184832999800001 ], [ -115.2376389, 36.184832999800001 ], [ -115.2376389, 36.1848383998 ], [ -115.2376362, 36.1848383998 ], [ -115.2376362, 36.184841099800003 ], [ -115.2376335, 36.184841099800003 ], [ -115.2376335, 36.184843799799999 ], [ -115.2376308, 36.184843799799999 ], [ -115.2376308, 36.184846499800003 ], [ -115.2376281, 36.184846499800003 ], [ -115.2376281, 36.184849199799999 ], [ -115.2376254, 36.184849199799999 ], [ -115.2376254, 36.184851899800002 ], [ -115.2376227, 36.184851899800002 ], [ -115.2376227, 36.184854599799998 ], [ -115.23762, 36.184854599799998 ], [ -115.23762, 36.184857299800001 ], [ -115.2376173, 36.184857299800001 ], [ -115.2376173, 36.184859999799997 ], [ -115.2376146, 36.184859999799997 ], [ -115.2376146, 36.1848626998 ], [ -115.2376119, 36.1848626998 ], [ -115.2376119, 36.184865399800003 ], [ -115.2376065, 36.184865399800003 ], [ -115.2376065, 36.184868099799999 ], [ -115.2376038, 36.184868099799999 ], [ -115.2376038, 36.184870799800002 ], [ -115.2376011, 36.184870799800002 ], [ -115.2376011, 36.184873499799998 ], [ -115.2375984, 36.184873499799998 ], [ -115.2375984, 36.184876199800001 ], [ -115.2375957, 36.184876199800001 ], [ -115.2375957, 36.184878899799997 ], [ -115.237593, 36.184878899799997 ], [ -115.237593, 36.184881599800001 ], [ -115.2375903, 36.184881599800001 ], [ -115.2375903, 36.184884299799997 ], [ -115.2375876, 36.184884299799997 ], [ -115.2375876, 36.1848869998 ], [ -115.2375849, 36.1848869998 ], [ -115.2375849, 36.184889699800003 ], [ -115.2375822, 36.184889699800003 ], [ -115.2375822, 36.184892399799999 ], [ -115.2375795, 36.184892399799999 ], [ -115.2375795, 36.184895099800002 ], [ -115.2375768, 36.184895099800002 ], [ -115.2375768, 36.184897799799998 ], [ -115.2375741, 36.184897799799998 ], [ -115.2375741, 36.184900499800001 ], [ -115.237566, 36.184900499800001 ], [ -115.237566, 36.184903199799997 ], [ -115.2375633, 36.184903199799997 ], [ -115.2375633, 36.184900499800001 ], [ -115.2375525, 36.184900499800001 ], [ -115.2375525, 36.184897799799998 ], [ -115.2375471, 36.184897799799998 ], [ -115.2375471, 36.184895099800002 ], [ -115.2375417, 36.184895099800002 ], [ -115.2375417, 36.184892399799999 ], [ -115.2375363, 36.184892399799999 ], [ -115.2375363, 36.184889699800003 ], [ -115.2375309, 36.184889699800003 ], [ -115.2375309, 36.1848869998 ], [ -115.237512, 36.1848869998 ], [ -115.237512, 36.184889699800003 ], [ -115.2375093, 36.184889699800003 ], [ -115.2375093, 36.184895099800002 ], [ -115.2375066, 36.184895099800002 ], [ -115.2375066, 36.184897799799998 ], [ -115.2375039, 36.184897799799998 ], [ -115.2375039, 36.184900499800001 ], [ -115.2375012, 36.184900499800001 ], [ -115.2375012, 36.184903199799997 ], [ -115.2374958, 36.184903199799997 ], [ -115.2374958, 36.1849058998 ], [ -115.2374931, 36.1849058998 ], [ -115.2374931, 36.184908599800004 ], [ -115.2374904, 36.184908599800004 ], [ -115.2374904, 36.1849112998 ], [ -115.237485, 36.1849112998 ], [ -115.237485, 36.184913999800003 ] ] ] } },
{ "type": "Feature", "properties": { "value": 255.0 }, "geometry": { "type": "Polygon", "coordinates": [ [ [ -115.2373689, 36.184854599799998 ], [ -115.2373338, 36.184854599799998 ], [ -115.2373338, 36.184851899800002 ], [ -115.2373176, 36.184851899800002 ], [ -115.2373176, 36.184749299799996 ], [ -115.2373203, 36.184749299799996 ], [ -115.2373203, 36.1847519998 ], [ -115.2373338, 36.1847519998 ], [ -115.2373338, 36.184749299799996 ], [ -115.2373581, 36.184749299799996 ], [ -115.2373581, 36.1847519998 ], [ -115.2373824, 36.1847519998 ], [ -115.2373824, 36.184754699800003 ], [ -115.2373851, 36.184754699800003 ], [ -115.2373851, 36.184757399799999 ], [ -115.2373878, 36.184757399799999 ], [ -115.2373878, 36.184800599799999 ], [ -115.2373851, 36.184800599799999 ], [ -115.2373851, 36.184805999799998 ], [ -115.2373824, 36.184805999799998 ], [ -115.2373824, 36.184816799799997 ], [ -115.2373797, 36.184816799799997 ], [ -115.2373797, 36.184827599800002 ], [ -115.237377, 36.184827599800002 ], [ -115.237377, 36.184841099800003 ], [ -115.2373743, 36.184841099800003 ], [ -115.2373743, 36.184849199799999 ], [ -115.2373716, 36.184849199799999 ], [ -115.2373716, 36.184851899800002 ], [ -115.2373689, 36.184851899800002 ], [ -115.2373689, 36.184854599799998 ] ] ] } },
{ "type": "Feature", "properties": { "value": 255.0 }, "geometry": { "type": "Polygon", "coordinates": [ [ [ -115.2380385, 36.184841099800003 ], [ -115.2380007, 36.184841099800003 ], [ -115.2380007, 36.1848383998 ], [ -115.2378549, 36.1848383998 ], [ -115.2378549, 36.184835699799997 ], [ -115.2378522, 36.184835699799997 ], [ -115.2378522, 36.184830299799998 ], [ -115.2378495, 36.184830299799998 ], [ -115.2378495, 36.184827599800002 ], [ -115.2378468, 36.184827599800002 ], [ -115.2378468, 36.184743899799997 ], [ -115.2378495, 36.184743899799997 ], [ -115.2378495, 36.184741199800001 ], [ -115.2378549, 36.184741199800001 ], [ -115.2378549, 36.184738499799998 ], [ -115.2380466, 36.184738499799998 ], [ -115.2380466, 36.184741199800001 ], [ -115.2380493, 36.184741199800001 ], [ -115.2380493, 36.184743899799997 ], [ -115.238052, 36.184743899799997 ], [ -115.238052, 36.1847465998 ], [ -115.2380547, 36.1847465998 ], [ -115.2380547, 36.184760099800002 ], [ -115.238052, 36.184760099800002 ], [ -115.238052, 36.184789799800001 ], [ -115.2380493, 36.184789799800001 ], [ -115.2380493, 36.1848194998 ], [ -115.2380466, 36.1848194998 ], [ -115.2380466, 36.184830299799998 ], [ -115.2380493, 36.184830299799998 ], [ -115.2380493, 36.184832999800001 ], [ -115.2380466, 36.184832999800001 ], [ -115.2380466, 36.1848383998 ], [ -115.2380385, 36.1848383998 ], [ -115.2380385, 36.184841099800003 ] ] ] } },
{ "type": "Feature", "properties": { "value": 255.0 }, "geometry": { "type": "Polygon", "coordinates": [ [ [ -115.2383949, 36.184768199799997 ], [ -115.2383787, 36.184768199799997 ], [ -115.2383787, 36.184765499800001 ], [ -115.2383517, 36.184765499800001 ], [ -115.2383517, 36.184762799799998 ], [ -115.2383463, 36.184762799799998 ], [ -115.2383463, 36.184733099799999 ], [ -115.2383436, 36.184733099799999 ], [ -115.2383436, 36.184724999799997 ], [ -115.2383409, 36.184724999799997 ], [ -115.2383409, 36.184714199799998 ], [ -115.2383382, 36.184714199799998 ], [ -115.2383382, 36.184695299799998 ], [ -115.2383355, 36.184695299799998 ], [ -115.2383355, 36.184676399799997 ], [ -115.2383382, 36.184676399799997 ], [ -115.2383382, 36.184670999799998 ], [ -115.2383409, 36.184670999799998 ], [ -115.2383409, 36.184668299800002 ], [ -115.2383517, 36.184668299800002 ], [ -115.2383517, 36.184665599799999 ], [ -115.238538, 36.184665599799999 ], [ -115.238538, 36.184668299800002 ], [ -115.2385434, 36.184668299800002 ], [ -115.2385434, 36.184670999799998 ], [ -115.2385461, 36.184670999799998 ], [ -115.2385461, 36.1846790998 ], [ -115.2385434, 36.1846790998 ], [ -115.2385434, 36.184722299800001 ], [ -115.2385407, 36.184722299800001 ], [ -115.2385407, 36.184743899799997 ], [ -115.238538, 36.184743899799997 ], [ -115.238538, 36.1847465998 ], [ -115.2385353, 36.1847465998 ], [ -115.2385353, 36.184749299799996 ], [ -115.2385029, 36.184749299799996 ], [ -115.2385029, 36.1847519998 ], [ -115.2384948, 36.1847519998 ], [ -115.2384948, 36.184754699800003 ], [ -115.2384705, 36.184754699800003 ], [ -115.2384705, 36.184757399799999 ], [ -115.2384651, 36.184757399799999 ], [ -115.2384651, 36.184760099800002 ], [ -115.2384624, 36.184760099800002 ], [ -115.2384624, 36.184762799799998 ], [ -115.2384597, 36.184762799799998 ], [ -115.2384597, 36.184765499800001 ], [ -115.2383949, 36.184765499800001 ], [ -115.2383949, 36.184768199799997 ] ] ] } },
{ "type": "Feature", "properties": { "value": 255.0 }, "geometry": { "type": "Polygon", "coordinates": [ [ [ -115.238862, 36.184738499799998 ], [ -115.2388107, 36.184738499799998 ], [ -115.2388107, 36.184735799800002 ], [ -115.2388026, 36.184735799800002 ], [ -115.2388026, 36.184738499799998 ], [ -115.2387243, 36.184738499799998 ], [ -115.2387243, 36.184735799800002 ], [ -115.2386757, 36.184735799800002 ], [ -115.2386757, 36.184733099799999 ], [ -115.238673, 36.184733099799999 ], [ -115.238673, 36.184724999799997 ], [ -115.2386703, 36.184724999799997 ], [ -115.2386703, 36.184711499800002 ], [ -115.238673, 36.184711499800002 ], [ -115.238673, 36.184692599800002 ], [ -115.2386703, 36.184692599800002 ], [ -115.2386703, 36.1846601998 ], [ -115.238673, 36.1846601998 ], [ -115.238673, 36.184643999800002 ], [ -115.2386757, 36.184643999800002 ], [ -115.2386757, 36.184641299799999 ], [ -115.2387, 36.184641299799999 ], [ -115.2387, 36.184638599800003 ], [ -115.2388701, 36.184638599800003 ], [ -115.2388701, 36.184641299799999 ], [ -115.2388728, 36.184641299799999 ], [ -115.2388728, 36.184643999800002 ], [ -115.2388755, 36.184643999800002 ], [ -115.2388755, 36.184649399800001 ], [ -115.2388782, 36.184649399800001 ], [ -115.2388782, 36.184687199800003 ], [ -115.2388755, 36.184687199800003 ], [ -115.2388755, 36.184706099800003 ], [ -115.2388728, 36.184706099800003 ], [ -115.2388728, 36.184733099799999 ], [ -115.2388701, 36.184733099799999 ], [ -115.2388701, 36.184735799800002 ], [ -115.238862, 36.184735799800002 ], [ -115.238862, 36.184738499799998 ] ] ] } },
{ "type": "Feature", "properties": { "value": 255.0 }, "geometry": { "type": "Polygon", "coordinates": [ [ [ -115.2380439, 36.184716899800001 ], [ -115.2380331, 36.184716899800001 ], [ -115.2380331, 36.184714199799998 ], [ -115.2378522, 36.184714199799998 ], [ -115.2378522, 36.184711499800002 ], [ -115.2378495, 36.184711499800002 ], [ -115.2378495, 36.1847033998 ], [ -115.2378468, 36.1847033998 ], [ -115.2378468, 36.184692599800002 ], [ -115.2378441, 36.184692599800002 ], [ -115.2378441, 36.184662899800003 ], [ -115.2378468, 36.184662899800003 ], [ -115.2378468, 36.184657499799997 ], [ -115.2378495, 36.184657499799997 ], [ -115.2378495, 36.184654799800001 ], [ -115.2378522, 36.184654799800001 ], [ -115.2378522, 36.184652099799997 ], [ -115.2378792, 36.184652099799997 ], [ -115.2378792, 36.184649399800001 ], [ -115.2378846, 36.184649399800001 ], [ -115.2378846, 36.184646699799998 ], [ -115.2378873, 36.184646699799998 ], [ -115.2378873, 36.184643999800002 ], [ -115.23789, 36.184643999800002 ], [ -115.23789, 36.184638599800003 ], [ -115.2378927, 36.184638599800003 ], [ -115.2378927, 36.1846358998 ], [ -115.2378954, 36.1846358998 ], [ -115.2378954, 36.184633199799997 ], [ -115.2378981, 36.184633199799997 ], [ -115.2378981, 36.184630499800001 ], [ -115.2379035, 36.184630499800001 ], [ -115.2379035, 36.184627799799998 ], [ -115.237917, 36.184627799799998 ], [ -115.237917, 36.184625099800002 ], [ -115.2379224, 36.184625099800002 ], [ -115.2379224, 36.184622399799999 ], [ -115.2379278, 36.184622399799999 ], [ -115.2379278, 36.184619699800002 ], [ -115.2379332, 36.184619699800002 ], [ -115.2379332, 36.184616999799999 ], [ -115.2380331, 36.184616999799999 ], [ -115.2380331, 36.184619699800002 ], [ -115.2380385, 36.184619699800002 ], [ -115.2380385, 36.184622399799999 ], [ -115.2380439, 36.184622399799999 ], [ -115.2380439, 36.184625099800002 ], [ -115.2380466, 36.184625099800002 ], [ -115.2380466, 36.184627799799998 ], [ -115.2380493, 36.184627799799998 ], [ -115.2380493, 36.184641299799999 ], [ -115.238052, 36.184641299799999 ], [ -115.238052, 36.184670999799998 ], [ -115.2380547, 36.184670999799998 ], [ -115.2380547, 36.184692599800002 ], [ -115.238052, 36.184692599800002 ], [ -115.238052, 36.184711499800002 ], [ -115.2380493, 36.184711499800002 ], [ -115.2380493, 36.184714199799998 ], [ -115.2380439, 36.184714199799998 ], [ -115.2380439, 36.184716899800001 ] ] ] } },
{ "type": "Feature", "properties": { "value": 255.0 }, "geometry": { "type": "Polygon", "coordinates": [ [ [ -115.2384867, 36.184643999800002 ], [ -115.2383544, 36.184643999800002 ], [ -115.2383544, 36.184641299799999 ], [ -115.238349, 36.184641299799999 ], [ -115.238349, 36.184638599800003 ], [ -115.2383463, 36.184638599800003 ], [ -115.2383463, 36.1846358998 ], [ -115.2383436, 36.1846358998 ], [ -115.2383436, 36.184622399799999 ], [ -115.2383409, 36.184622399799999 ], [ -115.2383409, 36.184614299799996 ], [ -115.2383382, 36.184614299799996 ], [ -115.2383382, 36.184549499799999 ], [ -115.2383409, 36.184549499799999 ], [ -115.2383409, 36.184546799799996 ], [ -115.2383436, 36.184546799799996 ], [ -115.2383436, 36.1845440998 ], [ -115.2383949, 36.1845440998 ], [ -115.2383949, 36.184541399799997 ], [ -115.2384408, 36.184541399799997 ], [ -115.2384408, 36.1845440998 ], [ -115.2384867, 36.1845440998 ], [ -115.2384867, 36.184541399799997 ], [ -115.2385137, 36.184541399799997 ], [ -115.2385137, 36.184538699800001 ], [ -115.2385191, 36.184538699800001 ], [ -115.2385191, 36.184535999799998 ], [ -115.2385299, 36.184535999799998 ], [ -115.2385299, 36.184538699800001 ], [ -115.2385326, 36.184538699800001 ], [ -115.2385326, 36.184541399799997 ], [ -115.2385353, 36.184541399799997 ], [ -115.2385353, 36.184546799799996 ], [ -115.238538, 36.184546799799996 ], [ -115.238538, 36.184552199800002 ], [ -115.2385407, 36.184552199800002 ], [ -115.2385407, 36.184557599800002 ], [ -115.238538, 36.184557599800002 ], [ -115.238538, 36.184571099800003 ], [ -115.2385407, 36.184571099800003 ], [ -115.2385407, 36.184576499800002 ], [ -115.2385434, 36.184576499800002 ], [ -115.2385434, 36.184579199799998 ], [ -115.2385461, 36.184579199799998 ], [ -115.2385461, 36.184584599799997 ], [ -115.2385488, 36.184584599799997 ], [ -115.2385488, 36.1846358998 ], [ -115.2385461, 36.1846358998 ], [ -115.2385461, 36.184641299799999 ], [ -115.2384867, 36.184641299799999 ], [ -115.2384867, 36.184643999800002 ] ] ] } },
{ "type": "Feature", "properties": { "value": 255.0 }, "geometry": { "type": "Polygon", "coordinates": [ [ [ -115.2373284, 36.184649399800001 ], [ -115.2373176, 36.184649399800001 ], [ -115.2373176, 36.184511699799998 ], [ -115.2373284, 36.184511699799998 ], [ -115.2373284, 36.184508999800002 ], [ -115.2373473, 36.184508999800002 ], [ -115.2373473, 36.184506299799999 ], [ -115.2373662, 36.184506299799999 ], [ -115.2373662, 36.184508999800002 ], [ -115.2373689, 36.184508999800002 ], [ -115.2373689, 36.184511699799998 ], [ -115.2373716, 36.184511699799998 ], [ -115.2373716, 36.1845197998 ], [ -115.2373743, 36.1845197998 ], [ -115.2373743, 36.184525199799999 ], [ -115.237377, 36.184525199799999 ], [ -115.237377, 36.184530599799999 ], [ -115.2373797, 36.184530599799999 ], [ -115.2373797, 36.184533299800002 ], [ -115.2373824, 36.184533299800002 ], [ -115.2373824, 36.184535999799998 ], [ -115.2373851, 36.184535999799998 ], [ -115.2373851, 36.184541399799997 ], [ -115.2373878, 36.184541399799997 ], [ -115.2373878, 36.184554899799998 ], [ -115.2373905, 36.184554899799998 ], [ -115.2373905, 36.184557599800002 ], [ -115.2373932, 36.184557599800002 ], [ -115.2373932, 36.184560299799998 ], [ -115.2373959, 36.184560299799998 ], [ -115.2373959, 36.184562999800001 ], [ -115.2374013, 36.184562999800001 ], [ -115.2374013, 36.184565699799997 ], [ -115.237404, 36.184565699799997 ], [ -115.237404, 36.1845683998 ], [ -115.2374067, 36.1845683998 ], [ -115.2374067, 36.184573799799999 ], [ -115.2374094, 36.184573799799999 ], [ -115.2374094, 36.184579199799998 ], [ -115.2374121, 36.184579199799998 ], [ -115.2374121, 36.184584599799997 ], [ -115.2374148, 36.184584599799997 ], [ -115.2374148, 36.184589999799996 ], [ -115.2374175, 36.184589999799996 ], [ -115.2374175, 36.1845926998 ], [ -115.2374202, 36.1845926998 ], [ -115.2374202, 36.184598099799999 ], [ -115.2374229, 36.184598099799999 ], [ -115.2374229, 36.184606199800001 ], [ -115.2374256, 36.184606199800001 ], [ -115.2374256, 36.1846115998 ], [ -115.2374229, 36.1846115998 ], [ -115.2374229, 36.184625099800002 ], [ -115.2374202, 36.184625099800002 ], [ -115.2374202, 36.184627799799998 ], [ -115.2374121, 36.184627799799998 ], [ -115.2374121, 36.184630499800001 ], [ -115.2373959, 36.184630499800001 ], [ -115.2373959, 36.184633199799997 ], [ -115.2373743, 36.184633199799997 ], [ -115.2373743, 36.1846358998 ], [ -115.2373662, 36.1846358998 ], [ -115.2373662, 36.184638599800003 ], [ -115.2373635, 36.184638599800003 ], [ -115.2373635, 36.184641299799999 ], [ -115.2373608, 36.184641299799999 ], [ -115.2373608, 36.184643999800002 ], [ -115.2373446, 36.184643999800002 ], [ -115.2373446, 36.184646699799998 ], [ -115.2373284, 36.184646699799998 ], [ -115.2373284, 36.184649399800001 ] ] ] } },
{ "type": "Feature", "properties": { "value": 255.0 }, "geometry": { "type": "Polygon", "coordinates": [ [ [ -115.2387459, 36.184616999799999 ], [ -115.2387216, 36.184616999799999 ], [ -115.2387216, 36.184614299799996 ], [ -115.2387, 36.184614299799996 ], [ -115.2387, 36.184616999799999 ], [ -115.2386622, 36.184616999799999 ], [ -115.2386622, 36.184614299799996 ], [ -115.2386541, 36.184614299799996 ], [ -115.2386541, 36.1846115998 ], [ -115.2386514, 36.1846115998 ], [ -115.2386514, 36.184522499799996 ], [ -115.2386541, 36.184522499799996 ], [ -115.2386541, 36.1845197998 ], [ -115.2386892, 36.1845197998 ], [ -115.2386892, 36.184522499799996 ], [ -115.2387, 36.184522499799996 ], [ -115.2387, 36.184527899800003 ], [ -115.2387108, 36.184527899800003 ], [ -115.2387108, 36.184530599799999 ], [ -115.2387189, 36.184530599799999 ], [ -115.2387189, 36.184527899800003 ], [ -115.238727, 36.184527899800003 ], [ -115.238727, 36.184525199799999 ], [ -115.2387297, 36.184525199799999 ], [ -115.2387297, 36.184522499799996 ], [ -115.2387324, 36.184522499799996 ], [ -115.2387324, 36.1845197998 ], [ -115.2387351, 36.1845197998 ], [ -115.2387351, 36.184517099799997 ], [ -115.2387378, 36.184517099799997 ], [ -115.2387378, 36.184514399800001 ], [ -115.2387432, 36.184514399800001 ], [ -115.2387432, 36.184511699799998 ], [ -115.2387837, 36.184511699799998 ], [ -115.2387837, 36.184514399800001 ], [ -115.2388377, 36.184514399800001 ], [ -115.2388377, 36.184517099799997 ], [ -115.2388404, 36.184517099799997 ], [ -115.2388404, 36.184527899800003 ], [ -115.2388431, 36.184527899800003 ], [ -115.2388431, 36.184549499799999 ], [ -115.2388458, 36.184549499799999 ], [ -115.2388458, 36.184557599800002 ], [ -115.2388485, 36.184557599800002 ], [ -115.2388485, 36.184560299799998 ], [ -115.2388512, 36.184560299799998 ], [ -115.2388512, 36.1845683998 ], [ -115.2388539, 36.1845683998 ], [ -115.2388539, 36.184581899800001 ], [ -115.2388566, 36.184581899800001 ], [ -115.2388566, 36.184608899799997 ], [ -115.2388539, 36.184608899799997 ], [ -115.2388539, 36.1846115998 ], [ -115.2388512, 36.1846115998 ], [ -115.2388512, 36.184614299799996 ], [ -115.2387459, 36.184614299799996 ], [ -115.2387459, 36.184616999799999 ] ] ] } },
{ "type": "Feature", "properties": { "value": 255.0 }, "geometry": { "type": "Polygon", "coordinates": [ [ [ -115.2380196, 36.1845926998 ], [ -115.2378954, 36.1845926998 ], [ -115.2378954, 36.184589999799996 ], [ -115.2378927, 36.184589999799996 ], [ -115.2378927, 36.1845872998 ], [ -115.23789, 36.1845872998 ], [ -115.23789, 36.184573799799999 ], [ -115.2378873, 36.184573799799999 ], [ -115.2378873, 36.184554899799998 ], [ -115.2378522, 36.184554899799998 ], [ -115.2378522, 36.184552199800002 ], [ -115.2378495, 36.184552199800002 ], [ -115.2378495, 36.184549499799999 ], [ -115.2378468, 36.184549499799999 ], [ -115.2378468, 36.1845008998 ], [ -115.2378495, 36.1845008998 ], [ -115.2378495, 36.184495499800001 ], [ -115.2378549, 36.184495499800001 ], [ -115.2378549, 36.184492799799997 ], [ -115.238025, 36.184492799799997 ], [ -115.238025, 36.184490099800001 ], [ -115.2380277, 36.184490099800001 ], [ -115.2380277, 36.184492799799997 ], [ -115.2380439, 36.184492799799997 ], [ -115.2380439, 36.184495499800001 ], [ -115.2380466, 36.184495499800001 ], [ -115.2380466, 36.184554899799998 ], [ -115.2380439, 36.184554899799998 ], [ -115.2380439, 36.1845872998 ], [ -115.2380412, 36.1845872998 ], [ -115.2380412, 36.184589999799996 ], [ -115.2380196, 36.184589999799996 ], [ -115.2380196, 36.1845926998 ] ] ] } },
{ "type": "Feature", "properties": { "value": 255.0 }, "geometry": { "type": "Polygon", "coordinates": [ [ [ -115.2385299, 36.184517099799997 ], [ -115.2384543, 36.184517099799997 ], [ -115.2384543, 36.184514399800001 ], [ -115.2383598, 36.184514399800001 ], [ -115.2383598, 36.184511699799998 ], [ -115.238349, 36.184511699799998 ], [ -115.238349, 36.184508999800002 ], [ -115.2383463, 36.184508999800002 ], [ -115.2383463, 36.184460399800003 ], [ -115.238349, 36.184460399800003 ], [ -115.238349, 36.184457699799999 ], [ -115.2385353, 36.184457699799999 ], [ -115.2385353, 36.184511699799998 ], [ -115.2385326, 36.184511699799998 ], [ -115.2385326, 36.184514399800001 ], [ -115.2385299, 36.184514399800001 ], [ -115.2385299, 36.184517099799997 ] ] ] } },
{ "type": "Feature", "properties": { "value": 255.0 }, "geometry": { "type": "Polygon", "coordinates": [ [ [ -115.2376416, 36.184662899800003 ], [ -115.2376362, 36.184662899800003 ], [ -115.2376362, 36.1846601998 ], [ -115.2376308, 36.1846601998 ], [ -115.2376308, 36.184654799800001 ], [ -115.2376281, 36.184654799800001 ], [ -115.2376281, 36.184649399800001 ], [ -115.2376092, 36.184649399800001 ], [ -115.2376092, 36.184646699799998 ], [ -115.2376038, 36.184646699799998 ], [ -115.2376038, 36.184643999800002 ], [ -115.2375984, 36.184643999800002 ], [ -115.2375984, 36.184641299799999 ], [ -115.2375957, 36.184641299799999 ], [ -115.2375957, 36.184638599800003 ], [ -115.237593, 36.184638599800003 ], [ -115.237593, 36.1846358998 ], [ -115.2375903, 36.1846358998 ], [ -115.2375903, 36.184633199799997 ], [ -115.2375876, 36.184633199799997 ], [ -115.2375876, 36.184630499800001 ], [ -115.2375849, 36.184630499800001 ], [ -115.2375849, 36.184627799799998 ], [ -115.2375795, 36.184627799799998 ], [ -115.2375795, 36.184625099800002 ], [ -115.2375768, 36.184625099800002 ], [ -115.2375768, 36.184622399799999 ], [ -115.2375741, 36.184622399799999 ], [ -115.2375741, 36.184619699800002 ], [ -115.2375714, 36.184619699800002 ], [ -115.2375714, 36.184616999799999 ], [ -115.2375687, 36.184616999799999 ], [ -115.2375687, 36.184614299799996 ], [ -115.237566, 36.184614299799996 ], [ -115.237566, 36.1846115998 ], [ -115.2375633, 36.1846115998 ], [ -115.2375633, 36.184608899799997 ], [ -115.2375606, 36.184608899799997 ], [ -115.2375606, 36.184606199800001 ], [ -115.2375579, 36.184606199800001 ], [ -115.2375579, 36.184603499799998 ], [ -115.2375552, 36.184603499799998 ], [ -115.2375552, 36.184600799800002 ], [ -115.2375525, 36.184600799800002 ], [ -115.2375525, 36.184598099799999 ], [ -115.2375498, 36.184598099799999 ], [ -115.2375498, 36.184589999799996 ], [ -115.2375606, 36.184589999799996 ], [ -115.2375606, 36.1845926998 ], [ -115.237566, 36.1845926998 ], [ -115.237566, 36.184589999799996 ], [ -115.2375687, 36.184589999799996 ], [ -115.2375687, 36.1845872998 ], [ -115.2375714, 36.1845872998 ], [ -115.2375714, 36.184584599799997 ], [ -115.2375768, 36.184584599799997 ], [ -115.2375768, 36.184581899800001 ], [ -115.2375822, 36.184581899800001 ], [ -115.2375822, 36.184576499800002 ], [ -115.2375795, 36.184576499800002 ], [ -115.2375795, 36.184571099800003 ], [ -115.2375768, 36.184571099800003 ], [ -115.2375768, 36.1845683998 ], [ -115.2375741, 36.1845683998 ], [ -115.2375741, 36.184562999800001 ], [ -115.2375714, 36.184562999800001 ], [ -115.2375714, 36.184557599800002 ], [ -115.2375687, 36.184557599800002 ], [ -115.2375687, 36.184554899799998 ], [ -115.237566, 36.184554899799998 ], [ -115.237566, 36.184552199800002 ], [ -115.2375633, 36.184552199800002 ], [ -115.2375633, 36.184549499799999 ], [ -115.2375606, 36.184549499799999 ], [ -115.2375606, 36.184546799799996 ], [ -115.2375579, 36.184546799799996 ], [ -115.2375579, 36.1845440998 ], [ -115.2375552, 36.1845440998 ], [ -115.2375552, 36.184538699800001 ], [ -115.2375525, 36.184538699800001 ], [ -115.2375525, 36.184535999799998 ], [ -115.2375498, 36.184535999799998 ], [ -115.2375498, 36.184533299800002 ], [ -115.2375471, 36.184533299800002 ], [ -115.2375471, 36.184530599799999 ], [ -115.2375444, 36.184530599799999 ], [ -115.2375444, 36.184527899800003 ], [ -115.237539, 36.184527899800003 ], [ -115.237539, 36.184525199799999 ], [ -115.2375363, 36.184525199799999 ], [ -115.2375363, 36.184522499799996 ], [ -115.2375309, 36.184522499799996 ], [ -115.2375309, 36.1845197998 ], [ -115.2375228, 36.1845197998 ], [ -115.2375228, 36.184522499799996 ], [ -115.2375201, 36.184522499799996 ], [ -115.2375201, 36.184525199799999 ], [ -115.2375174, 36.184525199799999 ], [ -115.2375174, 36.184535999799998 ], [ -115.2375201, 36.184535999799998 ], [ -115.2375201, 36.184546799799996 ], [ -115.2375147, 36.184546799799996 ], [ -115.2375147, 36.184549499799999 ], [ -115.2375093, 36.184549499799999 ], [ -115.2375093, 36.184552199800002 ], [ -115.2375066, 36.184552199800002 ], [ -115.2375066, 36.184554899799998 ], [ -115.2375012, 36.184554899799998 ], [ -115.2375012, 36.184552199800002 ], [ -115.2374958, 36.184552199800002 ], [ -115.2374958, 36.184549499799999 ], [ -115.2374931, 36.184549499799999 ], [ -115.2374931, 36.184546799799996 ], [ -115.2374877, 36.184546799799996 ], [ -115.2374877, 36.1845440998 ], [ -115.237485, 36.1845440998 ], [ -115.237485, 36.184541399799997 ], [ -115.2374823, 36.184541399799997 ], [ -115.2374823, 36.184538699800001 ], [ -115.2374796, 36.184538699800001 ], [ -115.2374796, 36.184535999799998 ], [ -115.2374769, 36.184535999799998 ], [ -115.2374769, 36.184533299800002 ], [ -115.2374715, 36.184533299800002 ], [ -115.2374715, 36.184530599799999 ], [ -115.2374688, 36.184530599799999 ], [ -115.2374688, 36.184527899800003 ], [ -115.2374661, 36.184527899800003 ], [ -115.2374661, 36.184525199799999 ], [ -115.2374634, 36.184525199799999 ], [ -115.2374634, 36.184522499799996 ], [ -115.237458, 36.184522499799996 ], [ -115.237458, 36.1845197998 ], [ -115.2374553, 36.1845197998 ], [ -115.2374553, 36.184517099799997 ], [ -115.2374526, 36.184517099799997 ], [ -115.2374526, 36.184514399800001 ], [ -115.2374472, 36.184514399800001 ], [ -115.2374472, 36.184511699799998 ], [ -115.2374445, 36.184511699799998 ], [ -115.2374445, 36.184508999800002 ], [ -115.2374391, 36.184508999800002 ], [ -115.2374391, 36.184506299799999 ], [ -115.2374364, 36.184506299799999 ], [ -115.2374364, 36.1845008998 ], [ -115.2374337, 36.1845008998 ], [ -115.2374337, 36.184498199799997 ], [ -115.237431, 36.184498199799997 ], [ -115.237431, 36.184492799799997 ], [ -115.2374283, 36.184492799799997 ], [ -115.2374283, 36.184490099800001 ], [ -115.237431, 36.184490099800001 ], [ -115.237431, 36.184484699800002 ], [ -115.2374337, 36.184484699800002 ], [ -115.2374337, 36.184479299799996 ], [ -115.2374364, 36.184479299799996 ], [ -115.2374364, 36.1844765998 ], [ -115.2374391, 36.1844765998 ], [ -115.2374391, 36.184473899799997 ], [ -115.2374418, 36.184473899799997 ], [ -115.2374418, 36.184471199800001 ], [ -115.2374472, 36.184471199800001 ], [ -115.2374472, 36.184468499799998 ], [ -115.2374526, 36.184468499799998 ], [ -115.2374526, 36.184465799800002 ], [ -115.2374607, 36.184465799800002 ], [ -115.2374607, 36.184463099799999 ], [ -115.2374904, 36.184463099799999 ], [ -115.2374904, 36.184465799800002 ], [ -115.2374985, 36.184465799800002 ], [ -115.2374985, 36.184468499799998 ], [ -115.2375039, 36.184468499799998 ], [ -115.2375039, 36.184471199800001 ], [ -115.237512, 36.184471199800001 ], [ -115.237512, 36.184473899799997 ], [ -115.2375201, 36.184473899799997 ], [ -115.2375201, 36.1844765998 ], [ -115.2375255, 36.1844765998 ], [ -115.2375255, 36.184473899799997 ], [ -115.2375282, 36.184473899799997 ], [ -115.2375282, 36.1844765998 ], [ -115.2375309, 36.1844765998 ], [ -115.2375309, 36.184473899799997 ], [ -115.2375336, 36.184473899799997 ], [ -115.2375336, 36.184471199800001 ], [ -115.2375363, 36.184471199800001 ], [ -115.2375363, 36.184473899799997 ], [ -115.237539, 36.184473899799997 ], [ -115.237539, 36.1844765998 ], [ -115.2375363, 36.1844765998 ], [ -115.2375363, 36.184481999799999 ], [ -115.2375336, 36.184481999799999 ], [ -115.2375336, 36.184484699800002 ], [ -115.2375309, 36.184484699800002 ], [ -115.2375309, 36.184492799799997 ], [ -115.2375336, 36.184492799799997 ], [ -115.2375336, 36.184495499800001 ], [ -115.2375363, 36.184495499800001 ], [ -115.2375363, 36.184498199799997 ], [ -115.2375444, 36.184498199799997 ], [ -115.2375444, 36.1845008998 ], [ -115.2375525, 36.1845008998 ], [ -115.2375525, 36.184498199799997 ], [ -115.237566, 36.184498199799997 ], [ -115.237566, 36.1845008998 ], [ -115.2375687, 36.1845008998 ], [ -115.2375687, 36.184503599800003 ], [ -115.2375741, 36.184503599800003 ], [ -115.2375741, 36.184506299799999 ], [ -115.2375768, 36.184506299799999 ], [ -115.2375768, 36.184508999800002 ], [ -115.2375795, 36.184508999800002 ], [ -115.2375795, 36.184511699799998 ], [ -115.2375822, 36.184511699799998 ], [ -115.2375822, 36.184514399800001 ], [ -115.2375849, 36.184514399800001 ], [ -115.2375849, 36.184517099799997 ], [ -115.2375876, 36.184517099799997 ], [ -115.2375876, 36.1845197998 ], [ -115.2375903, 36.1845197998 ], [ -115.2375903, 36.184522499799996 ], [ -115.237593, 36.184522499799996 ], [ -115.237593, 36.184525199799999 ], [ -115.2375957, 36.184525199799999 ], [ -115.2375957, 36.184527899800003 ], [ -115.2375984, 36.184527899800003 ], [ -115.2375984, 36.184530599799999 ], [ -115.2376038, 36.184530599799999 ], [ -115.2376038, 36.184533299800002 ], [ -115.2376092, 36.184533299800002 ], [ -115.2376092, 36.184535999799998 ], [ -115.2376119, 36.184535999799998 ], [ -115.2376119, 36.184538699800001 ], [ -115.2376173, 36.184538699800001 ], [ -115.2376173, 36.184541399799997 ], [ -115.23762, 36.184541399799997 ], [ -115.23762, 36.1845440998 ], [ -115.2376254, 36.1845440998 ], [ -115.2376254, 36.184546799799996 ], [ -115.2376281, 36.184546799799996 ], [ -115.2376281, 36.184549499799999 ], [ -115.2376308, 36.184549499799999 ], [ -115.2376308, 36.184552199800002 ], [ -115.2376335, 36.184552199800002 ], [ -115.2376335, 36.184554899799998 ], [ -115.2376362, 36.184554899799998 ], [ -115.2376362, 36.184557599800002 ], [ -115.2376416, 36.184557599800002 ], [ -115.2376416, 36.184560299799998 ], [ -115.2376443, 36.184560299799998 ], [ -115.2376443, 36.184562999800001 ], [ -115.237647, 36.184562999800001 ], [ -115.237647, 36.184565699799997 ], [ -115.2376497, 36.184565699799997 ], [ -115.2376497, 36.1845683998 ], [ -115.2376524, 36.1845683998 ], [ -115.2376524, 36.184571099800003 ], [ -115.2376551, 36.184571099800003 ], [ -115.2376551, 36.184573799799999 ], [ -115.2376578, 36.184573799799999 ], [ -115.2376578, 36.184576499800002 ], [ -115.2376632, 36.184576499800002 ], [ -115.2376632, 36.184579199799998 ], [ -115.2376659, 36.184579199799998 ], [ -115.2376659, 36.184581899800001 ], [ -115.2376713, 36.184581899800001 ], [ -115.2376713, 36.184584599799997 ], [ -115.237674, 36.184584599799997 ], [ -115.237674, 36.1845872998 ], [ -115.2376767, 36.1845872998 ], [ -115.2376767, 36.1845926998 ], [ -115.2376794, 36.1845926998 ], [ -115.2376794, 36.184608899799997 ], [ -115.2376767, 36.184608899799997 ], [ -115.2376767, 36.1846115998 ], [ -115.2376794, 36.1846115998 ], [ -115.2376794, 36.184614299799996 ], [ -115.2376902, 36.184614299799996 ], [ -115.2376902, 36.184630499800001 ], [ -115.2376875, 36.184630499800001 ], [ -115.2376875, 36.184633199799997 ], [ -115.2376821, 36.184633199799997 ], [ -115.2376821, 36.1846358998 ], [ -115.2376794, 36.1846358998 ], [ -115.2376794, 36.184638599800003 ], [ -115.237674, 36.184638599800003 ], [ -115.237674, 36.184641299799999 ], [ -115.2376713, 36.184641299799999 ], [ -115.2376713, 36.184643999800002 ], [ -115.2376686, 36.184643999800002 ], [ -115.2376686, 36.184646699799998 ], [ -115.2376632, 36.184646699799998 ], [ -115.2376632, 36.184649399800001 ], [ -115.2376578, 36.184649399800001 ], [ -115.2376578, 36.184652099799997 ], [ -115.2376551, 36.184652099799997 ], [ -115.2376551, 36.184657499799997 ], [ -115.2376497, 36.184657499799997 ], [ -115.2376497, 36.1846601998 ], [ -115.2376416, 36.1846601998 ], [ -115.2376416, 36.184662899800003 ] ] ] } },
{ "type": "Feature", "properties": { "value": 255.0 }, "geometry": { "type": "Polygon", "coordinates": [ [ [ -115.2380196, 36.184468499799998 ], [ -115.2379953, 36.184468499799998 ], [ -115.2379953, 36.184465799800002 ], [ -115.2379467, 36.184465799800002 ], [ -115.2379467, 36.184468499799998 ], [ -115.2378495, 36.184468499799998 ], [ -115.2378495, 36.184457699799999 ], [ -115.2380439, 36.184457699799999 ], [ -115.2380439, 36.184463099799999 ], [ -115.2380412, 36.184463099799999 ], [ -115.2380412, 36.184465799800002 ], [ -115.2380196, 36.184465799800002 ], [ -115.2380196, 36.184468499799998 ] ] ] } }
]
}
