{
"type": "FeatureCollection",
"crs": { "type": "name", "properties": { "name": "urn:ogc:def:crs:OGC:1.3:CRS84" } },
"features": [
{ "type": "Feature", "properties": { "value": 255.0 }, "geometry": { "type": "Polygon", "coordinates": [ [ [ -115.2622089, 36.187967699799998 ], [ -115.2620901, 36.187967699799998 ], [ -115.2620901, 36.187964999799995 ], [ -115.2620928, 36.187964999799995 ], [ -115.2620928, 36.187962299799999 ], [ -115.2620955, 36.187962299799999 ], [ -115.2620955, 36.187959599799996 ], [ -115.2620982, 36.187959599799996 ], [ -115.2620982, 36.1879568998 ], [ -115.2621009, 36.1879568998 ], [ -115.2621009, 36.1879514998 ], [ -115.2621198, 36.1879514998 ], [ -115.2621198, 36.187948799799997 ], [ -115.2621279, 36.187948799799997 ], [ -115.2621279, 36.187946099800001 ], [ -115.262133299999988, 36.187946099800001 ], [ -115.262133299999988, 36.187943399799998 ], [ -115.2621387, 36.187943399799998 ], [ -115.2621387, 36.187940699799995 ], [ -115.2621441, 36.187940699799995 ], [ -115.2621441, 36.187937999799999 ], [ -115.262171099999989, 36.187937999799999 ], [ -115.262171099999989, 36.187940699799995 ], [ -115.2621738, 36.187940699799995 ], [ -115.2621738, 36.187943399799998 ], [ -115.2621765, 36.187943399799998 ], [ -115.2621765, 36.1879514998 ], [ -115.2621792, 36.1879514998 ], [ -115.2621792, 36.187954199799997 ], [ -115.2621819, 36.187954199799997 ], [ -115.2621819, 36.1879568998 ], [ -115.26219, 36.1879568998 ], [ -115.26219, 36.187959599799996 ], [ -115.262200799999988, 36.187959599799996 ], [ -115.262200799999988, 36.187962299799999 ], [ -115.2622062, 36.187962299799999 ], [ -115.2622062, 36.187964999799995 ], [ -115.2622089, 36.187964999799995 ], [ -115.2622089, 36.187967699799998 ] ] ] } },
{ "type": "Feature", "properties": { "value": 255.0 }, "geometry": { "type": "Polygon", "coordinates": [ [ [ -115.262605799999989, 36.187967699799998 ], [ -115.2623007, 36.187967699799998 ], [ -115.2623007, 36.187964999799995 ], [ -115.2623034, 36.187964999799995 ], [ -115.2623034, 36.187962299799999 ], [ -115.2623007, 36.187962299799999 ], [ -115.2623007, 36.187959599799996 ], [ -115.2623034, 36.187959599799996 ], [ -115.2623034, 36.187954199799997 ], [ -115.262306099999989, 36.187954199799997 ], [ -115.262306099999989, 36.187948799799997 ], [ -115.2623088, 36.187948799799997 ], [ -115.2623088, 36.187946099800001 ], [ -115.2623277, 36.187946099800001 ], [ -115.2623277, 36.187943399799998 ], [ -115.2623655, 36.187943399799998 ], [ -115.2623655, 36.187940699799995 ], [ -115.2623817, 36.187940699799995 ], [ -115.2623817, 36.187943399799998 ], [ -115.2623925, 36.187943399799998 ], [ -115.2623925, 36.187946099800001 ], [ -115.2623979, 36.187946099800001 ], [ -115.2623979, 36.187943399799998 ], [ -115.262403299999988, 36.187943399799998 ], [ -115.262403299999988, 36.187940699799995 ], [ -115.2624114, 36.187940699799995 ], [ -115.2624114, 36.187937999799999 ], [ -115.2624168, 36.187937999799999 ], [ -115.2624168, 36.187935299799996 ], [ -115.262422199999989, 36.187935299799996 ], [ -115.262422199999989, 36.1879325998 ], [ -115.2624303, 36.1879325998 ], [ -115.2624303, 36.187929899799997 ], [ -115.2624573, 36.187929899799997 ], [ -115.2624573, 36.1879325998 ], [ -115.2625248, 36.1879325998 ], [ -115.2625248, 36.187929899799997 ], [ -115.262538299999989, 36.187929899799997 ], [ -115.262538299999989, 36.187927199800001 ], [ -115.2625491, 36.187927199800001 ], [ -115.2625491, 36.187929899799997 ], [ -115.262557199999989, 36.187929899799997 ], [ -115.262557199999989, 36.1879325998 ], [ -115.2625653, 36.1879325998 ], [ -115.2625653, 36.187935299799996 ], [ -115.2626004, 36.187935299799996 ], [ -115.2626004, 36.187937999799999 ], [ -115.2626031, 36.187937999799999 ], [ -115.2626031, 36.187943399799998 ], [ -115.262605799999989, 36.187943399799998 ], [ -115.262605799999989, 36.187948799799997 ], [ -115.2626085, 36.187948799799997 ], [ -115.2626085, 36.187954199799997 ], [ -115.262605799999989, 36.187954199799997 ], [ -115.262605799999989, 36.187967699799998 ] ] ] } },
{ "type": "Feature", "properties": { "value": 255.0 }, "geometry": { "type": "Polygon", "coordinates": [ [ [ -115.2635832, 36.187967699799998 ], [ -115.2632943, 36.187967699799998 ], [ -115.2632943, 36.187929899799997 ], [ -115.263297, 36.187929899799997 ], [ -115.263297, 36.187924499799998 ], [ -115.2632997, 36.187924499799998 ], [ -115.2632997, 36.187921799800002 ], [ -115.2633024, 36.187921799800002 ], [ -115.2633024, 36.187919099799998 ], [ -115.2633078, 36.187919099799998 ], [ -115.2633078, 36.187916399799995 ], [ -115.2633159, 36.187916399799995 ], [ -115.2633159, 36.187919099799998 ], [ -115.2633294, 36.187919099799998 ], [ -115.2633294, 36.187921799800002 ], [ -115.2633375, 36.187921799800002 ], [ -115.2633375, 36.187924499799998 ], [ -115.2633672, 36.187924499799998 ], [ -115.2633672, 36.187927199800001 ], [ -115.2633753, 36.187927199800001 ], [ -115.2633753, 36.187924499799998 ], [ -115.2633807, 36.187924499799998 ], [ -115.2633807, 36.187921799800002 ], [ -115.2633834, 36.187921799800002 ], [ -115.2633834, 36.187919099799998 ], [ -115.2633861, 36.187919099799998 ], [ -115.2633861, 36.187913699799999 ], [ -115.2633888, 36.187913699799999 ], [ -115.2633888, 36.187910999799996 ], [ -115.2633915, 36.187910999799996 ], [ -115.2633915, 36.1879082998 ], [ -115.2633942, 36.1879082998 ], [ -115.2633942, 36.187905599799997 ], [ -115.2633969, 36.187905599799997 ], [ -115.2633969, 36.187902899800001 ], [ -115.2633996, 36.187902899800001 ], [ -115.2633996, 36.187900199799998 ], [ -115.263405, 36.187900199799998 ], [ -115.263405, 36.187897499799995 ], [ -115.2634158, 36.187897499799995 ], [ -115.2634158, 36.187894799799999 ], [ -115.2634455, 36.187894799799999 ], [ -115.2634455, 36.187897499799995 ], [ -115.2634509, 36.187897499799995 ], [ -115.2634509, 36.187900199799998 ], [ -115.2634536, 36.187900199799998 ], [ -115.2634536, 36.187902899800001 ], [ -115.263459, 36.187902899800001 ], [ -115.263459, 36.187905599799997 ], [ -115.2634644, 36.187905599799997 ], [ -115.2634644, 36.1879082998 ], [ -115.2634671, 36.1879082998 ], [ -115.2634671, 36.187910999799996 ], [ -115.2634725, 36.187910999799996 ], [ -115.2634725, 36.187913699799999 ], [ -115.2634779, 36.187913699799999 ], [ -115.2634779, 36.187916399799995 ], [ -115.263486, 36.187916399799995 ], [ -115.263486, 36.187919099799998 ], [ -115.2635103, 36.187919099799998 ], [ -115.2635103, 36.187916399799995 ], [ -115.26354, 36.187916399799995 ], [ -115.26354, 36.187919099799998 ], [ -115.2635643, 36.187919099799998 ], [ -115.2635643, 36.187916399799995 ], [ -115.2635751, 36.187916399799995 ], [ -115.2635751, 36.187919099799998 ], [ -115.2635778, 36.187919099799998 ], [ -115.2635778, 36.187921799800002 ], [ -115.2635805, 36.187921799800002 ], [ -115.2635805, 36.187937999799999 ], [ -115.2635832, 36.187937999799999 ], [ -115.2635832, 36.187967699799998 ] ], [ [ -115.2633753, 36.1879568998 ], [ -115.2633753, 36.187954199799997 ], [ -115.2633726, 36.187954199799997 ], [ -115.2633726, 36.1879568998 ], [ -115.2633753, 36.1879568998 ] ] ] } },
{ "type": "Feature", "properties": { "value": 255.0 }, "geometry": { "type": "Polygon", "coordinates": [ [ [ -115.2632727, 36.187967699799998 ], [ -115.263081, 36.187967699799998 ], [ -115.263081, 36.187962299799999 ], [ -115.2630837, 36.187962299799999 ], [ -115.2630837, 36.187959599799996 ], [ -115.2630864, 36.187959599799996 ], [ -115.2630864, 36.1879568998 ], [ -115.2630891, 36.1879568998 ], [ -115.2630891, 36.187935299799996 ], [ -115.2630918, 36.187935299799996 ], [ -115.2630918, 36.187929899799997 ], [ -115.2630945, 36.187929899799997 ], [ -115.2630945, 36.187924499799998 ], [ -115.2630972, 36.187924499799998 ], [ -115.2630972, 36.187921799800002 ], [ -115.2630999, 36.187921799800002 ], [ -115.2630999, 36.187919099799998 ], [ -115.2631026, 36.187919099799998 ], [ -115.2631026, 36.187913699799999 ], [ -115.2631053, 36.187913699799999 ], [ -115.2631053, 36.1879082998 ], [ -115.263108, 36.1879082998 ], [ -115.263108, 36.187905599799997 ], [ -115.2631107, 36.187905599799997 ], [ -115.2631107, 36.187902899800001 ], [ -115.2631161, 36.187902899800001 ], [ -115.2631161, 36.187900199799998 ], [ -115.2631188, 36.187900199799998 ], [ -115.2631188, 36.187902899800001 ], [ -115.2631404, 36.187902899800001 ], [ -115.2631404, 36.187905599799997 ], [ -115.2631485, 36.187905599799997 ], [ -115.2631485, 36.1879082998 ], [ -115.2631512, 36.1879082998 ], [ -115.2631512, 36.187910999799996 ], [ -115.2631539, 36.187910999799996 ], [ -115.2631539, 36.187913699799999 ], [ -115.263162, 36.187913699799999 ], [ -115.263162, 36.187916399799995 ], [ -115.2631809, 36.187916399799995 ], [ -115.2631809, 36.187919099799998 ], [ -115.2632214, 36.187919099799998 ], [ -115.2632214, 36.187916399799995 ], [ -115.2632322, 36.187916399799995 ], [ -115.2632322, 36.187913699799999 ], [ -115.2632592, 36.187913699799999 ], [ -115.2632592, 36.187916399799995 ], [ -115.2632673, 36.187916399799995 ], [ -115.2632673, 36.187919099799998 ], [ -115.26327, 36.187919099799998 ], [ -115.26327, 36.187940699799995 ], [ -115.2632727, 36.187940699799995 ], [ -115.2632727, 36.187967699799998 ] ] ] } },
{ "type": "Feature", "properties": { "value": 255.0 }, "geometry": { "type": "Polygon", "coordinates": [ [ [ -115.2636426, 36.1878164998 ], [ -115.2636048, 36.1878164998 ], [ -115.2636048, 36.187813799799997 ], [ -115.263594, 36.187813799799997 ], [ -115.263594, 36.187811099800001 ], [ -115.2635751, 36.187811099800001 ], [ -115.2635751, 36.187808399799998 ], [ -115.2635724, 36.187808399799998 ], [ -115.2635724, 36.187805699799995 ], [ -115.263567, 36.187805699799995 ], [ -115.263567, 36.187802999799999 ], [ -115.2635643, 36.187802999799999 ], [ -115.2635643, 36.187800299799996 ], [ -115.2635616, 36.187800299799996 ], [ -115.2635616, 36.1877975998 ], [ -115.2635589, 36.1877975998 ], [ -115.2635589, 36.187792199800001 ], [ -115.2635562, 36.187792199800001 ], [ -115.2635562, 36.187778699799999 ], [ -115.2635535, 36.187778699799999 ], [ -115.2635535, 36.1877732998 ], [ -115.2635508, 36.1877732998 ], [ -115.2635508, 36.187770599799997 ], [ -115.2635481, 36.187770599799997 ], [ -115.2635481, 36.187767899800001 ], [ -115.2635454, 36.187767899800001 ], [ -115.2635454, 36.187765199799998 ], [ -115.2635427, 36.187765199799998 ], [ -115.2635427, 36.187746299799997 ], [ -115.2635454, 36.187746299799997 ], [ -115.2635454, 36.187743599800001 ], [ -115.2635508, 36.187743599800001 ], [ -115.2635508, 36.187740899799998 ], [ -115.2635616, 36.187740899799998 ], [ -115.2635616, 36.187738199800002 ], [ -115.2635643, 36.187738199800002 ], [ -115.2635643, 36.187735499799999 ], [ -115.263567, 36.187735499799999 ], [ -115.263567, 36.1877246998 ], [ -115.2635697, 36.1877246998 ], [ -115.2635697, 36.187716599799998 ], [ -115.263567, 36.187716599799998 ], [ -115.263567, 36.187711199799999 ], [ -115.2635643, 36.187711199799999 ], [ -115.2635643, 36.187708499799996 ], [ -115.2635508, 36.187708499799996 ], [ -115.2635508, 36.1877057998 ], [ -115.2635481, 36.1877057998 ], [ -115.2635481, 36.187662599799999 ], [ -115.2635508, 36.187662599799999 ], [ -115.2635508, 36.187659899799996 ], [ -115.263567, 36.187659899799996 ], [ -115.263567, 36.1876571998 ], [ -115.2635751, 36.1876571998 ], [ -115.2635751, 36.187654499799997 ], [ -115.2635778, 36.187654499799997 ], [ -115.2635778, 36.187651799800001 ], [ -115.2635805, 36.187651799800001 ], [ -115.2635805, 36.187649099799998 ], [ -115.2635859, 36.187649099799998 ], [ -115.2635859, 36.187646399800002 ], [ -115.2635967, 36.187646399800002 ], [ -115.2635967, 36.187643699799999 ], [ -115.2636075, 36.187643699799999 ], [ -115.2636075, 36.187646399800002 ], [ -115.2636399, 36.187646399800002 ], [ -115.2636399, 36.187643699799999 ], [ -115.2636426, 36.187643699799999 ], [ -115.2636426, 36.1878164998 ] ] ] } },
{ "type": "Feature", "properties": { "value": 255.0 }, "geometry": { "type": "Polygon", "coordinates": [ [ [ -115.2621252, 36.187835399800001 ], [ -115.2620982, 36.187835399800001 ], [ -115.2620982, 36.187832699799998 ], [ -115.262065799999988, 36.187832699799998 ], [ -115.262065799999988, 36.187829999800002 ], [ -115.2620523, 36.187829999800002 ], [ -115.2620523, 36.187827299799999 ], [ -115.2620469, 36.187827299799999 ], [ -115.2620469, 36.187824599799995 ], [ -115.2620415, 36.187824599799995 ], [ -115.2620415, 36.187821899799999 ], [ -115.2620388, 36.187821899799999 ], [ -115.2620388, 36.187819199799996 ], [ -115.2620334, 36.187819199799996 ], [ -115.2620334, 36.1878164998 ], [ -115.2620253, 36.1878164998 ], [ -115.2620253, 36.187813799799997 ], [ -115.2620091, 36.187813799799997 ], [ -115.2620091, 36.187811099800001 ], [ -115.2619794, 36.187811099800001 ], [ -115.2619794, 36.187813799799997 ], [ -115.261974, 36.187813799799997 ], [ -115.261974, 36.1878164998 ], [ -115.261949699999988, 36.1878164998 ], [ -115.261949699999988, 36.187813799799997 ], [ -115.261947, 36.187813799799997 ], [ -115.261947, 36.187811099800001 ], [ -115.2619416, 36.187811099800001 ], [ -115.2619416, 36.187808399799998 ], [ -115.2619335, 36.187808399799998 ], [ -115.2619335, 36.187805699799995 ], [ -115.2619281, 36.187805699799995 ], [ -115.2619281, 36.187802999799999 ], [ -115.2619227, 36.187802999799999 ], [ -115.2619227, 36.187800299799996 ], [ -115.2619146, 36.187800299799996 ], [ -115.2619146, 36.1877975998 ], [ -115.261893, 36.1877975998 ], [ -115.261893, 36.187800299799996 ], [ -115.2618876, 36.187800299799996 ], [ -115.2618876, 36.187619399799999 ], [ -115.261901099999989, 36.187619399799999 ], [ -115.261901099999989, 36.187622099800002 ], [ -115.2619173, 36.187622099800002 ], [ -115.2619173, 36.187624799799998 ], [ -115.2619254, 36.187624799799998 ], [ -115.2619254, 36.187627499800001 ], [ -115.261949699999988, 36.187627499800001 ], [ -115.261949699999988, 36.187630199799997 ], [ -115.2619605, 36.187630199799997 ], [ -115.2619605, 36.187632899800001 ], [ -115.261974, 36.187632899800001 ], [ -115.261974, 36.187635599799997 ], [ -115.2619794, 36.187635599799997 ], [ -115.2619794, 36.1876382998 ], [ -115.2619848, 36.1876382998 ], [ -115.2619848, 36.187640999799996 ], [ -115.2619902, 36.187640999799996 ], [ -115.2619902, 36.187643699799999 ], [ -115.261998299999988, 36.187643699799999 ], [ -115.261998299999988, 36.187646399800002 ], [ -115.2620118, 36.187646399800002 ], [ -115.2620118, 36.187649099799998 ], [ -115.2620226, 36.187649099799998 ], [ -115.2620226, 36.187651799800001 ], [ -115.2620334, 36.187651799800001 ], [ -115.2620334, 36.187654499799997 ], [ -115.2620469, 36.187654499799997 ], [ -115.2620469, 36.1876571998 ], [ -115.2620712, 36.1876571998 ], [ -115.2620712, 36.187659899799996 ], [ -115.2620874, 36.187659899799996 ], [ -115.2620874, 36.187662599799999 ], [ -115.2620982, 36.187662599799999 ], [ -115.2620982, 36.187665299799995 ], [ -115.262109, 36.187665299799995 ], [ -115.262109, 36.187667999799999 ], [ -115.2621171, 36.187667999799999 ], [ -115.2621171, 36.187670699800002 ], [ -115.2621279, 36.187670699800002 ], [ -115.2621279, 36.187673399799998 ], [ -115.262133299999988, 36.187673399799998 ], [ -115.262133299999988, 36.187676099800001 ], [ -115.2621387, 36.187676099800001 ], [ -115.2621387, 36.187678799799997 ], [ -115.2621441, 36.187678799799997 ], [ -115.2621441, 36.1876814998 ], [ -115.2621495, 36.1876814998 ], [ -115.2621495, 36.187684199799996 ], [ -115.262152199999989, 36.187684199799996 ], [ -115.262152199999989, 36.187686899799999 ], [ -115.2621576, 36.187686899799999 ], [ -115.2621576, 36.187689599799995 ], [ -115.2621603, 36.187689599799995 ], [ -115.2621603, 36.187692299799998 ], [ -115.262163, 36.187692299799998 ], [ -115.262163, 36.187697699799998 ], [ -115.2621657, 36.187697699799998 ], [ -115.2621657, 36.187700399800001 ], [ -115.2621684, 36.187700399800001 ], [ -115.2621684, 36.187703099799997 ], [ -115.2621738, 36.187703099799997 ], [ -115.2621738, 36.1877057998 ], [ -115.2621765, 36.1877057998 ], [ -115.2621765, 36.187708499799996 ], [ -115.2621792, 36.187708499799996 ], [ -115.2621792, 36.187727399799996 ], [ -115.2621765, 36.187727399799996 ], [ -115.2621765, 36.187735499799999 ], [ -115.2621738, 36.187735499799999 ], [ -115.2621738, 36.187740899799998 ], [ -115.2621549, 36.187740899799998 ], [ -115.2621549, 36.187743599800001 ], [ -115.2621495, 36.187743599800001 ], [ -115.2621495, 36.1877489998 ], [ -115.2621468, 36.1877489998 ], [ -115.2621468, 36.187757099799995 ], [ -115.2621441, 36.187757099799995 ], [ -115.2621441, 36.187775999799996 ], [ -115.2621468, 36.187775999799996 ], [ -115.2621468, 36.187778699799999 ], [ -115.2621603, 36.187778699799999 ], [ -115.2621603, 36.187781399799995 ], [ -115.262163, 36.187781399799995 ], [ -115.262163, 36.187784099799998 ], [ -115.2621657, 36.187784099799998 ], [ -115.2621657, 36.187786799800001 ], [ -115.2621684, 36.187786799800001 ], [ -115.2621684, 36.187800299799996 ], [ -115.2621657, 36.187800299799996 ], [ -115.2621657, 36.187802999799999 ], [ -115.2621603, 36.187802999799999 ], [ -115.2621603, 36.187805699799995 ], [ -115.262152199999989, 36.187805699799995 ], [ -115.262152199999989, 36.187802999799999 ], [ -115.2621468, 36.187802999799999 ], [ -115.2621468, 36.187805699799995 ], [ -115.262136, 36.187805699799995 ], [ -115.262136, 36.187811099800001 ], [ -115.262133299999988, 36.187811099800001 ], [ -115.262133299999988, 36.187813799799997 ], [ -115.262136, 36.187813799799997 ], [ -115.262136, 36.187821899799999 ], [ -115.262133299999988, 36.187821899799999 ], [ -115.262133299999988, 36.187829999800002 ], [ -115.2621306, 36.187829999800002 ], [ -115.2621306, 36.187832699799998 ], [ -115.2621252, 36.187832699799998 ], [ -115.2621252, 36.187835399800001 ] ] ] } },
{ "type": "Feature", "properties": { "value": 255.0 }, "geometry": { "type": "Polygon", "coordinates": [ [ [ -115.2633078, 36.187595099799999 ], [ -115.2632457, 36.187595099799999 ], [ -115.2632457, 36.187592399799996 ], [ -115.263243, 36.187592399799996 ], [ -115.263243, 36.1875896998 ], [ -115.2632376, 36.1875896998 ], [ -115.2632376, 36.187584299800001 ], [ -115.2632322, 36.187584299800001 ], [ -115.2632322, 36.187581599799998 ], [ -115.2632295, 36.187581599799998 ], [ -115.2632295, 36.187578899800002 ], [ -115.2632241, 36.187578899800002 ], [ -115.2632241, 36.187573499799996 ], [ -115.2632214, 36.187573499799996 ], [ -115.2632214, 36.187562699799997 ], [ -115.2632187, 36.187562699799997 ], [ -115.2632187, 36.187557299799998 ], [ -115.2632133, 36.187557299799998 ], [ -115.2632133, 36.187554599800002 ], [ -115.2631998, 36.187554599800002 ], [ -115.2631998, 36.187551899799999 ], [ -115.2631944, 36.187551899799999 ], [ -115.2631944, 36.187549199799996 ], [ -115.2631836, 36.187549199799996 ], [ -115.2631836, 36.187551899799999 ], [ -115.2631809, 36.187551899799999 ], [ -115.2631809, 36.187554599800002 ], [ -115.2631782, 36.187554599800002 ], [ -115.2631782, 36.187557299799998 ], [ -115.2631674, 36.187557299799998 ], [ -115.2631674, 36.187554599800002 ], [ -115.2631647, 36.187554599800002 ], [ -115.2631647, 36.187551899799999 ], [ -115.2631593, 36.187551899799999 ], [ -115.2631593, 36.1875464998 ], [ -115.2631566, 36.1875464998 ], [ -115.2631566, 36.187543799799997 ], [ -115.2631539, 36.187543799799997 ], [ -115.2631539, 36.187541099800001 ], [ -115.2631512, 36.187541099800001 ], [ -115.2631512, 36.187543799799997 ], [ -115.2631485, 36.187543799799997 ], [ -115.2631485, 36.1875464998 ], [ -115.2631458, 36.1875464998 ], [ -115.2631458, 36.187549199799996 ], [ -115.2631431, 36.187549199799996 ], [ -115.2631431, 36.187551899799999 ], [ -115.2631404, 36.187551899799999 ], [ -115.2631404, 36.187554599800002 ], [ -115.263135, 36.187554599800002 ], [ -115.263135, 36.187557299799998 ], [ -115.2631269, 36.187557299799998 ], [ -115.2631269, 36.187559999800001 ], [ -115.2631215, 36.187559999800001 ], [ -115.2631215, 36.187562699799997 ], [ -115.2631188, 36.187562699799997 ], [ -115.2631188, 36.1875653998 ], [ -115.2631161, 36.1875653998 ], [ -115.2631161, 36.187576199799999 ], [ -115.2631134, 36.187576199799999 ], [ -115.2631134, 36.187586999799997 ], [ -115.2631107, 36.187586999799997 ], [ -115.2631107, 36.1875896998 ], [ -115.263108, 36.1875896998 ], [ -115.263108, 36.187592399799996 ], [ -115.2631053, 36.187592399799996 ], [ -115.2631053, 36.187595099799999 ], [ -115.2630648, 36.187595099799999 ], [ -115.2630648, 36.187592399799996 ], [ -115.2630594, 36.187592399799996 ], [ -115.2630594, 36.1875896998 ], [ -115.2630459, 36.1875896998 ], [ -115.2630459, 36.187586999799997 ], [ -115.2630162, 36.187586999799997 ], [ -115.2630162, 36.187584299800001 ], [ -115.262973, 36.187584299800001 ], [ -115.262973, 36.187581599799998 ], [ -115.2629379, 36.187581599799998 ], [ -115.2629379, 36.187578899800002 ], [ -115.2628785, 36.187578899800002 ], [ -115.2628785, 36.187581599799998 ], [ -115.262865, 36.187581599799998 ], [ -115.262865, 36.187578899800002 ], [ -115.2628515, 36.187578899800002 ], [ -115.2628515, 36.187576199799999 ], [ -115.2628407, 36.187576199799999 ], [ -115.2628407, 36.187573499799996 ], [ -115.2628353, 36.187573499799996 ], [ -115.2628353, 36.1875707998 ], [ -115.2628326, 36.1875707998 ], [ -115.2628326, 36.187549199799996 ], [ -115.2628299, 36.187549199799996 ], [ -115.2628299, 36.1875464998 ], [ -115.2628272, 36.1875464998 ], [ -115.2628272, 36.187543799799997 ], [ -115.2628191, 36.187543799799997 ], [ -115.2628191, 36.187541099800001 ], [ -115.2628137, 36.187541099800001 ], [ -115.2628137, 36.187538399799998 ], [ -115.262811, 36.187538399799998 ], [ -115.262811, 36.1875221998 ], [ -115.262808299999989, 36.1875221998 ], [ -115.262808299999989, 36.187500599799996 ], [ -115.2628137, 36.187500599799996 ], [ -115.2628137, 36.187495199799997 ], [ -115.262811, 36.187495199799997 ], [ -115.262811, 36.187492499800001 ], [ -115.262808299999989, 36.187492499800001 ], [ -115.262808299999989, 36.187487099800002 ], [ -115.2628056, 36.187487099800002 ], [ -115.2628056, 36.187470899799997 ], [ -115.2628029, 36.187470899799997 ], [ -115.2628029, 36.187465499799998 ], [ -115.2628002, 36.187465499799998 ], [ -115.2628002, 36.187462799800002 ], [ -115.2627975, 36.187462799800002 ], [ -115.2627975, 36.187460099799999 ], [ -115.2627948, 36.187460099799999 ], [ -115.2627948, 36.187457399799996 ], [ -115.2627921, 36.187457399799996 ], [ -115.2627921, 36.1874546998 ], [ -115.2627975, 36.1874546998 ], [ -115.2627975, 36.187451999799997 ], [ -115.2628002, 36.187451999799997 ], [ -115.2628002, 36.187446599799998 ], [ -115.2628029, 36.187446599799998 ], [ -115.2628029, 36.187435799799999 ], [ -115.2628056, 36.187435799799999 ], [ -115.2628056, 36.1874303998 ], [ -115.262808299999989, 36.1874303998 ], [ -115.262808299999989, 36.187427699799997 ], [ -115.262811, 36.187427699799997 ], [ -115.262811, 36.187424999800001 ], [ -115.2628245, 36.187424999800001 ], [ -115.2628245, 36.187422299799998 ], [ -115.262838, 36.187422299799998 ], [ -115.262838, 36.187419599800002 ], [ -115.2628434, 36.187419599800002 ], [ -115.2628434, 36.187416899799999 ], [ -115.2628515, 36.187416899799999 ], [ -115.2628515, 36.187414199800003 ], [ -115.2628623, 36.187414199800003 ], [ -115.2628623, 36.1874114998 ], [ -115.2629352, 36.1874114998 ], [ -115.2629352, 36.187414199800003 ], [ -115.2629487, 36.187414199800003 ], [ -115.2629487, 36.187416899799999 ], [ -115.2629784, 36.187416899799999 ], [ -115.2629784, 36.187419599800002 ], [ -115.2630297, 36.187419599800002 ], [ -115.2630297, 36.187416899799999 ], [ -115.2630459, 36.187416899799999 ], [ -115.2630459, 36.187419599800002 ], [ -115.263081, 36.187419599800002 ], [ -115.263081, 36.187422299799998 ], [ -115.2630999, 36.187422299799998 ], [ -115.2630999, 36.187424999800001 ], [ -115.263108, 36.187424999800001 ], [ -115.263108, 36.187427699799997 ], [ -115.2631215, 36.187427699799997 ], [ -115.2631215, 36.1874303998 ], [ -115.2631296, 36.1874303998 ], [ -115.2631296, 36.187433099799996 ], [ -115.263135, 36.187433099799996 ], [ -115.263135, 36.187435799799999 ], [ -115.2631404, 36.187435799799999 ], [ -115.2631404, 36.187438499800002 ], [ -115.2631485, 36.187438499800002 ], [ -115.2631485, 36.187441199799999 ], [ -115.2631539, 36.187441199799999 ], [ -115.2631539, 36.187446599799998 ], [ -115.2631566, 36.187446599799998 ], [ -115.2631566, 36.187462799800002 ], [ -115.2631539, 36.187462799800002 ], [ -115.2631539, 36.187492499800001 ], [ -115.2631566, 36.187492499800001 ], [ -115.2631566, 36.187495199799997 ], [ -115.263162, 36.187495199799997 ], [ -115.263162, 36.1874978998 ], [ -115.2631647, 36.1874978998 ], [ -115.2631647, 36.187500599799996 ], [ -115.2631674, 36.187500599799996 ], [ -115.2631674, 36.187505999800003 ], [ -115.2631647, 36.187505999800003 ], [ -115.2631647, 36.187516799800001 ], [ -115.2631755, 36.187516799800001 ], [ -115.2631755, 36.187514099799998 ], [ -115.2631863, 36.187514099799998 ], [ -115.2631863, 36.187516799800001 ], [ -115.2631944, 36.187516799800001 ], [ -115.2631944, 36.187519499799997 ], [ -115.2631998, 36.187519499799997 ], [ -115.2631998, 36.187516799800001 ], [ -115.2632106, 36.187516799800001 ], [ -115.2632106, 36.187519499799997 ], [ -115.2632187, 36.187519499799997 ], [ -115.2632187, 36.187516799800001 ], [ -115.2632214, 36.187516799800001 ], [ -115.2632214, 36.187514099799998 ], [ -115.2632241, 36.187514099799998 ], [ -115.2632241, 36.1874978998 ], [ -115.2632214, 36.1874978998 ], [ -115.2632214, 36.187495199799997 ], [ -115.2632187, 36.187495199799997 ], [ -115.2632187, 36.187492499800001 ], [ -115.2632133, 36.187492499800001 ], [ -115.2632133, 36.187495199799997 ], [ -115.2632079, 36.187495199799997 ], [ -115.2632079, 36.187492499800001 ], [ -115.2632052, 36.187492499800001 ], [ -115.2632052, 36.187489799799998 ], [ -115.2632025, 36.187489799799998 ], [ -115.2632025, 36.187484399799999 ], [ -115.2631998, 36.187484399799999 ], [ -115.2631998, 36.1874546998 ], [ -115.2632025, 36.1874546998 ], [ -115.2632025, 36.187449299800001 ], [ -115.2632052, 36.187449299800001 ], [ -115.2632052, 36.187446599799998 ], [ -115.2632187, 36.187446599799998 ], [ -115.2632187, 36.187443899800002 ], [ -115.2632241, 36.187443899800002 ], [ -115.2632241, 36.187441199799999 ], [ -115.2632268, 36.187441199799999 ], [ -115.2632268, 36.187438499800002 ], [ -115.2632295, 36.187438499800002 ], [ -115.2632295, 36.187435799799999 ], [ -115.2632322, 36.187435799799999 ], [ -115.2632322, 36.187433099799996 ], [ -115.2632376, 36.187433099799996 ], [ -115.2632376, 36.1874303998 ], [ -115.263243, 36.1874303998 ], [ -115.263243, 36.187427699799997 ], [ -115.2632484, 36.187427699799997 ], [ -115.2632484, 36.187424999800001 ], [ -115.2632619, 36.187424999800001 ], [ -115.2632619, 36.187422299799998 ], [ -115.2632754, 36.187422299799998 ], [ -115.2632754, 36.187419599800002 ], [ -115.2633078, 36.187419599800002 ], [ -115.2633078, 36.187416899799999 ], [ -115.2633375, 36.187416899799999 ], [ -115.2633375, 36.187419599800002 ], [ -115.2633456, 36.187419599800002 ], [ -115.2633456, 36.187416899799999 ], [ -115.2633942, 36.187416899799999 ], [ -115.2633942, 36.187414199800003 ], [ -115.2634104, 36.187414199800003 ], [ -115.2634104, 36.1874114998 ], [ -115.2634266, 36.1874114998 ], [ -115.2634266, 36.187408799799996 ], [ -115.2634671, 36.187408799799996 ], [ -115.2634671, 36.1874060998 ], [ -115.263486, 36.1874060998 ], [ -115.263486, 36.187408799799996 ], [ -115.2635049, 36.187408799799996 ], [ -115.2635049, 36.1874114998 ], [ -115.263513, 36.1874114998 ], [ -115.263513, 36.187414199800003 ], [ -115.2635184, 36.187414199800003 ], [ -115.2635184, 36.187416899799999 ], [ -115.2635238, 36.187416899799999 ], [ -115.2635238, 36.187419599800002 ], [ -115.2635427, 36.187419599800002 ], [ -115.2635427, 36.187422299799998 ], [ -115.2635589, 36.187422299799998 ], [ -115.2635589, 36.187424999800001 ], [ -115.2635643, 36.187424999800001 ], [ -115.2635643, 36.187427699799997 ], [ -115.2635697, 36.187427699799997 ], [ -115.2635697, 36.1874303998 ], [ -115.2635805, 36.1874303998 ], [ -115.2635805, 36.187427699799997 ], [ -115.2635967, 36.187427699799997 ], [ -115.2635967, 36.187424999800001 ], [ -115.2636048, 36.187424999800001 ], [ -115.2636048, 36.187422299799998 ], [ -115.2636129, 36.187422299799998 ], [ -115.2636129, 36.187419599800002 ], [ -115.2636264, 36.187419599800002 ], [ -115.2636264, 36.187416899799999 ], [ -115.2636291, 36.187416899799999 ], [ -115.2636291, 36.187414199800003 ], [ -115.2636345, 36.187414199800003 ], [ -115.2636345, 36.1874114998 ], [ -115.2636372, 36.1874114998 ], [ -115.2636372, 36.1874060998 ], [ -115.2636399, 36.1874060998 ], [ -115.2636399, 36.187403399799997 ], [ -115.2636426, 36.187403399799997 ], [ -115.2636426, 36.187559999800001 ], [ -115.2636399, 36.187559999800001 ], [ -115.2636399, 36.187557299799998 ], [ -115.2636318, 36.187557299799998 ], [ -115.2636318, 36.187554599800002 ], [ -115.2636264, 36.187554599800002 ], [ -115.2636264, 36.187551899799999 ], [ -115.2636237, 36.187551899799999 ], [ -115.2636237, 36.187549199799996 ], [ -115.2636183, 36.187549199799996 ], [ -115.2636183, 36.1875464998 ], [ -115.2635967, 36.1875464998 ], [ -115.2635967, 36.187543799799997 ], [ -115.2635913, 36.187543799799997 ], [ -115.2635913, 36.187541099800001 ], [ -115.2635886, 36.187541099800001 ], [ -115.2635886, 36.187538399799998 ], [ -115.2635859, 36.187538399799998 ], [ -115.2635859, 36.187535699800002 ], [ -115.2635805, 36.187535699800002 ], [ -115.2635805, 36.187532999799998 ], [ -115.2635697, 36.187532999799998 ], [ -115.2635697, 36.187530299800002 ], [ -115.2635562, 36.187530299800002 ], [ -115.2635562, 36.187532999799998 ], [ -115.2635535, 36.187532999799998 ], [ -115.2635535, 36.187538399799998 ], [ -115.2635508, 36.187538399799998 ], [ -115.2635508, 36.187551899799999 ], [ -115.2635481, 36.187551899799999 ], [ -115.2635481, 36.187557299799998 ], [ -115.2635454, 36.187557299799998 ], [ -115.2635454, 36.187562699799997 ], [ -115.2635427, 36.187562699799997 ], [ -115.2635427, 36.187568099799996 ], [ -115.26354, 36.187568099799996 ], [ -115.26354, 36.1875707998 ], [ -115.2635346, 36.1875707998 ], [ -115.2635346, 36.187573499799996 ], [ -115.2635319, 36.187573499799996 ], [ -115.2635319, 36.1875707998 ], [ -115.2635157, 36.1875707998 ], [ -115.2635157, 36.187573499799996 ], [ -115.2635076, 36.187573499799996 ], [ -115.2635076, 36.187576199799999 ], [ -115.2634995, 36.187576199799999 ], [ -115.2634995, 36.187578899800002 ], [ -115.2634833, 36.187578899800002 ], [ -115.2634833, 36.187581599799998 ], [ -115.2634644, 36.187581599799998 ], [ -115.2634644, 36.187584299800001 ], [ -115.2634563, 36.187584299800001 ], [ -115.2634563, 36.187581599799998 ], [ -115.2633348, 36.187581599799998 ], [ -115.2633348, 36.187584299800001 ], [ -115.2633186, 36.187584299800001 ], [ -115.2633186, 36.187586999799997 ], [ -115.2633132, 36.187586999799997 ], [ -115.2633132, 36.1875896998 ], [ -115.2633105, 36.1875896998 ], [ -115.2633105, 36.187592399799996 ], [ -115.2633078, 36.187592399799996 ], [ -115.2633078, 36.187595099799999 ] ], [ [ -115.263567, 36.187460099799999 ], [ -115.263567, 36.187457399799996 ], [ -115.2635724, 36.187457399799996 ], [ -115.2635724, 36.1874546998 ], [ -115.2635751, 36.1874546998 ], [ -115.2635751, 36.187451999799997 ], [ -115.2635778, 36.187451999799997 ], [ -115.2635778, 36.187449299800001 ], [ -115.2635832, 36.187449299800001 ], [ -115.2635832, 36.187446599799998 ], [ -115.2635913, 36.187446599799998 ], [ -115.2635913, 36.187443899800002 ], [ -115.263594, 36.187443899800002 ], [ -115.263594, 36.187441199799999 ], [ -115.2635859, 36.187441199799999 ], [ -115.2635859, 36.187438499800002 ], [ -115.2635616, 36.187438499800002 ], [ -115.2635616, 36.187441199799999 ], [ -115.2635508, 36.187441199799999 ], [ -115.2635508, 36.187451999799997 ], [ -115.2635535, 36.187451999799997 ], [ -115.2635535, 36.1874546998 ], [ -115.2635562, 36.1874546998 ], [ -115.2635562, 36.187457399799996 ], [ -115.2635589, 36.187457399799996 ], [ -115.2635589, 36.187460099799999 ], [ -115.263567, 36.187460099799999 ] ], [ [ -115.2635562, 36.1874789998 ], [ -115.2635562, 36.187476299799997 ], [ -115.2635589, 36.187476299799997 ], [ -115.2635589, 36.187470899799997 ], [ -115.2635562, 36.187470899799997 ], [ -115.2635562, 36.187468199800001 ], [ -115.2635535, 36.187468199800001 ], [ -115.2635535, 36.187470899799997 ], [ -115.2635508, 36.187470899799997 ], [ -115.2635508, 36.1874789998 ], [ -115.2635562, 36.1874789998 ] ] ] } },
{ "type": "Feature", "properties": { "value": 255.0 }, "geometry": { "type": "Polygon", "coordinates": [ [ [ -115.2621981, 36.187595099799999 ], [ -115.2621684, 36.187595099799999 ], [ -115.2621684, 36.187592399799996 ], [ -115.2621603, 36.187592399799996 ], [ -115.2621603, 36.1875896998 ], [ -115.262136, 36.1875896998 ], [ -115.262136, 36.187586999799997 ], [ -115.2621279, 36.187586999799997 ], [ -115.2621279, 36.187584299800001 ], [ -115.2621225, 36.187584299800001 ], [ -115.2621225, 36.187581599799998 ], [ -115.2621171, 36.187581599799998 ], [ -115.2621171, 36.187578899800002 ], [ -115.262109, 36.187578899800002 ], [ -115.262109, 36.187576199799999 ], [ -115.2621009, 36.187576199799999 ], [ -115.2621009, 36.187573499799996 ], [ -115.2620982, 36.187573499799996 ], [ -115.2620982, 36.1875707998 ], [ -115.2620928, 36.1875707998 ], [ -115.2620928, 36.187568099799996 ], [ -115.262084699999988, 36.187568099799996 ], [ -115.262084699999988, 36.1875653998 ], [ -115.2620766, 36.1875653998 ], [ -115.2620766, 36.187562699799997 ], [ -115.262065799999988, 36.187562699799997 ], [ -115.262065799999988, 36.187559999800001 ], [ -115.2620523, 36.187559999800001 ], [ -115.2620523, 36.187557299799998 ], [ -115.2620388, 36.187557299799998 ], [ -115.2620388, 36.187554599800002 ], [ -115.2620199, 36.187554599800002 ], [ -115.2620199, 36.187551899799999 ], [ -115.2619956, 36.187551899799999 ], [ -115.2619956, 36.187549199799996 ], [ -115.2619794, 36.187549199799996 ], [ -115.2619794, 36.1875464998 ], [ -115.2619713, 36.1875464998 ], [ -115.2619713, 36.187543799799997 ], [ -115.2619659, 36.187543799799997 ], [ -115.2619659, 36.187541099800001 ], [ -115.2619578, 36.187541099800001 ], [ -115.2619578, 36.187538399799998 ], [ -115.261949699999988, 36.187538399799998 ], [ -115.261949699999988, 36.187535699800002 ], [ -115.2619389, 36.187535699800002 ], [ -115.2619389, 36.187532999799998 ], [ -115.2619281, 36.187532999799998 ], [ -115.2619281, 36.187530299800002 ], [ -115.2619227, 36.187530299800002 ], [ -115.2619227, 36.187527599799999 ], [ -115.26192, 36.187527599799999 ], [ -115.26192, 36.187524899799996 ], [ -115.2619173, 36.187524899799996 ], [ -115.2619173, 36.1875221998 ], [ -115.2619146, 36.1875221998 ], [ -115.2619146, 36.187519499799997 ], [ -115.2619092, 36.187519499799997 ], [ -115.2619092, 36.187516799800001 ], [ -115.261901099999989, 36.187516799800001 ], [ -115.261901099999989, 36.187514099799998 ], [ -115.2618984, 36.187514099799998 ], [ -115.2618984, 36.187511399800002 ], [ -115.2618957, 36.187511399800002 ], [ -115.2618957, 36.187508699799999 ], [ -115.2618984, 36.187508699799999 ], [ -115.2618984, 36.187503299799999 ], [ -115.261901099999989, 36.187503299799999 ], [ -115.261901099999989, 36.187500599799996 ], [ -115.2619038, 36.187500599799996 ], [ -115.2619038, 36.187495199799997 ], [ -115.2619065, 36.187495199799997 ], [ -115.2619065, 36.187484399799999 ], [ -115.2619092, 36.187484399799999 ], [ -115.2619092, 36.187470899799997 ], [ -115.2619119, 36.187470899799997 ], [ -115.2619119, 36.187460099799999 ], [ -115.2619146, 36.187460099799999 ], [ -115.2619146, 36.1874546998 ], [ -115.2619173, 36.1874546998 ], [ -115.2619173, 36.187449299800001 ], [ -115.261930799999988, 36.187449299800001 ], [ -115.261930799999988, 36.187446599799998 ], [ -115.2619335, 36.187446599799998 ], [ -115.2619335, 36.187443899800002 ], [ -115.2619362, 36.187443899800002 ], [ -115.2619362, 36.187438499800002 ], [ -115.2619335, 36.187438499800002 ], [ -115.2619335, 36.187435799799999 ], [ -115.261930799999988, 36.187435799799999 ], [ -115.261930799999988, 36.1874303998 ], [ -115.2619281, 36.1874303998 ], [ -115.2619281, 36.187422299799998 ], [ -115.261930799999988, 36.187422299799998 ], [ -115.261930799999988, 36.187416899799999 ], [ -115.2619335, 36.187416899799999 ], [ -115.2619335, 36.1874060998 ], [ -115.2619362, 36.1874060998 ], [ -115.2619362, 36.187400699800001 ], [ -115.2619389, 36.187400699800001 ], [ -115.2619389, 36.187397999799998 ], [ -115.2619416, 36.187397999799998 ], [ -115.2619416, 36.187395299800002 ], [ -115.2619443, 36.187395299800002 ], [ -115.2619443, 36.187392599799999 ], [ -115.2619524, 36.187392599799999 ], [ -115.2619524, 36.187389899799996 ], [ -115.2619578, 36.187389899799996 ], [ -115.2619578, 36.1873871998 ], [ -115.2619632, 36.1873871998 ], [ -115.2619632, 36.187384499799997 ], [ -115.261968599999989, 36.187384499799997 ], [ -115.261968599999989, 36.187381799800001 ], [ -115.261974, 36.187381799800001 ], [ -115.261974, 36.187379099799998 ], [ -115.2619821, 36.187379099799998 ], [ -115.2619821, 36.187376399800002 ], [ -115.262001, 36.187376399800002 ], [ -115.262001, 36.187379099799998 ], [ -115.2620091, 36.187379099799998 ], [ -115.2620091, 36.187381799800001 ], [ -115.2620145, 36.187381799800001 ], [ -115.2620145, 36.187384499799997 ], [ -115.2620226, 36.187384499799997 ], [ -115.2620226, 36.1873871998 ], [ -115.2620334, 36.1873871998 ], [ -115.2620334, 36.187389899799996 ], [ -115.2620469, 36.187389899799996 ], [ -115.2620469, 36.187392599799999 ], [ -115.2620712, 36.187392599799999 ], [ -115.2620712, 36.187395299800002 ], [ -115.262082, 36.187395299800002 ], [ -115.262082, 36.187397999799998 ], [ -115.2620901, 36.187397999799998 ], [ -115.2620901, 36.187400699800001 ], [ -115.2620982, 36.187400699800001 ], [ -115.2620982, 36.187403399799997 ], [ -115.262109, 36.187403399799997 ], [ -115.262109, 36.1874060998 ], [ -115.2621225, 36.1874060998 ], [ -115.2621225, 36.187408799799996 ], [ -115.262136, 36.187408799799996 ], [ -115.262136, 36.1874114998 ], [ -115.2621495, 36.1874114998 ], [ -115.2621495, 36.187414199800003 ], [ -115.2621549, 36.187414199800003 ], [ -115.2621549, 36.187416899799999 ], [ -115.262163, 36.187416899799999 ], [ -115.262163, 36.187419599800002 ], [ -115.262171099999989, 36.187419599800002 ], [ -115.262171099999989, 36.187422299799998 ], [ -115.2621792, 36.187422299799998 ], [ -115.2621792, 36.187424999800001 ], [ -115.26219, 36.187424999800001 ], [ -115.26219, 36.187427699799997 ], [ -115.2621981, 36.187427699799997 ], [ -115.2621981, 36.1874303998 ], [ -115.262200799999988, 36.1874303998 ], [ -115.262200799999988, 36.187433099799996 ], [ -115.2622062, 36.187433099799996 ], [ -115.2622062, 36.187435799799999 ], [ -115.2622089, 36.187435799799999 ], [ -115.2622089, 36.187441199799999 ], [ -115.2622116, 36.187441199799999 ], [ -115.2622116, 36.187443899800002 ], [ -115.2622143, 36.187443899800002 ], [ -115.2622143, 36.187446599799998 ], [ -115.262217, 36.187446599799998 ], [ -115.262217, 36.187449299800001 ], [ -115.262219699999989, 36.187449299800001 ], [ -115.262219699999989, 36.187451999799997 ], [ -115.2622224, 36.187451999799997 ], [ -115.2622224, 36.1874546998 ], [ -115.2622251, 36.1874546998 ], [ -115.2622251, 36.187457399799996 ], [ -115.2622278, 36.187457399799996 ], [ -115.2622278, 36.187460099799999 ], [ -115.2622305, 36.187460099799999 ], [ -115.2622305, 36.187465499799998 ], [ -115.2622332, 36.187465499799998 ], [ -115.2622332, 36.187470899799997 ], [ -115.2622359, 36.187470899799997 ], [ -115.2622359, 36.1874789998 ], [ -115.262238599999989, 36.1874789998 ], [ -115.262238599999989, 36.187481699799996 ], [ -115.2622413, 36.187481699799996 ], [ -115.2622413, 36.187484399799999 ], [ -115.2622467, 36.187484399799999 ], [ -115.2622467, 36.187487099800002 ], [ -115.2622494, 36.187487099800002 ], [ -115.2622494, 36.187500599799996 ], [ -115.2622359, 36.187500599799996 ], [ -115.2622359, 36.187503299799999 ], [ -115.2622278, 36.187503299799999 ], [ -115.2622278, 36.187508699799999 ], [ -115.2622251, 36.187508699799999 ], [ -115.2622251, 36.187527599799999 ], [ -115.2622278, 36.187527599799999 ], [ -115.2622278, 36.187535699800002 ], [ -115.2622305, 36.187535699800002 ], [ -115.2622305, 36.187543799799997 ], [ -115.2622332, 36.187543799799997 ], [ -115.2622332, 36.1875707998 ], [ -115.2622305, 36.1875707998 ], [ -115.2622305, 36.187581599799998 ], [ -115.2622278, 36.187581599799998 ], [ -115.2622278, 36.187586999799997 ], [ -115.2622224, 36.187586999799997 ], [ -115.2622224, 36.1875896998 ], [ -115.262200799999988, 36.1875896998 ], [ -115.262200799999988, 36.187592399799996 ], [ -115.2621981, 36.187592399799996 ], [ -115.2621981, 36.187595099799999 ] ] ] } },
{ "type": "Feature", "properties": { "value": 255.0 }, "geometry": { "type": "Polygon", "coordinates": [ [ [ -115.2627138, 36.187559999800001 ], [ -115.2627003, 36.187559999800001 ], [ -115.2627003, 36.187557299799998 ], [ -115.2626895, 36.187557299799998 ], [ -115.2626895, 36.187554599800002 ], [ -115.2626679, 36.187554599800002 ], [ -115.2626679, 36.187551899799999 ], [ -115.2626463, 36.187551899799999 ], [ -115.2626463, 36.187549199799996 ], [ -115.2626382, 36.187549199799996 ], [ -115.2626382, 36.1875464998 ], [ -115.2626328, 36.1875464998 ], [ -115.2626328, 36.187543799799997 ], [ -115.2626193, 36.187543799799997 ], [ -115.2626193, 36.187541099800001 ], [ -115.2625761, 36.187541099800001 ], [ -115.2625761, 36.187538399799998 ], [ -115.262557199999989, 36.187538399799998 ], [ -115.262557199999989, 36.187535699800002 ], [ -115.262538299999989, 36.187535699800002 ], [ -115.262538299999989, 36.187532999799998 ], [ -115.2625221, 36.187532999799998 ], [ -115.2625221, 36.187530299800002 ], [ -115.2624735, 36.187530299800002 ], [ -115.2624735, 36.187527599799999 ], [ -115.2624573, 36.187527599799999 ], [ -115.2624573, 36.187524899799996 ], [ -115.2624519, 36.187524899799996 ], [ -115.2624519, 36.1875221998 ], [ -115.2624465, 36.1875221998 ], [ -115.2624465, 36.187519499799997 ], [ -115.2624303, 36.187519499799997 ], [ -115.2624303, 36.187516799800001 ], [ -115.2624249, 36.187516799800001 ], [ -115.2624249, 36.187514099799998 ], [ -115.2624168, 36.187514099799998 ], [ -115.2624168, 36.187511399800002 ], [ -115.2624141, 36.187511399800002 ], [ -115.2624141, 36.187508699799999 ], [ -115.2624114, 36.187508699799999 ], [ -115.2624114, 36.187505999800003 ], [ -115.2624087, 36.187505999800003 ], [ -115.2624087, 36.187500599799996 ], [ -115.2624114, 36.187500599799996 ], [ -115.2624114, 36.187495199799997 ], [ -115.2624087, 36.187495199799997 ], [ -115.2624087, 36.187492499800001 ], [ -115.2624006, 36.187492499800001 ], [ -115.2624006, 36.187489799799998 ], [ -115.2623979, 36.187489799799998 ], [ -115.2623979, 36.187487099800002 ], [ -115.2623952, 36.187487099800002 ], [ -115.2623952, 36.187484399799999 ], [ -115.2623925, 36.187484399799999 ], [ -115.2623925, 36.187473599800001 ], [ -115.2623898, 36.187473599800001 ], [ -115.2623898, 36.187468199800001 ], [ -115.2623925, 36.187468199800001 ], [ -115.2623925, 36.187457399799996 ], [ -115.2623952, 36.187457399799996 ], [ -115.2623952, 36.187451999799997 ], [ -115.2623979, 36.187451999799997 ], [ -115.2623979, 36.187449299800001 ], [ -115.2624006, 36.187449299800001 ], [ -115.2624006, 36.187446599799998 ], [ -115.2624087, 36.187446599799998 ], [ -115.2624087, 36.187443899800002 ], [ -115.2624276, 36.187443899800002 ], [ -115.2624276, 36.187441199799999 ], [ -115.2624303, 36.187441199799999 ], [ -115.2624303, 36.187438499800002 ], [ -115.262433, 36.187438499800002 ], [ -115.262433, 36.187424999800001 ], [ -115.2624303, 36.187424999800001 ], [ -115.2624303, 36.187419599800002 ], [ -115.2624249, 36.187419599800002 ], [ -115.2624249, 36.187416899799999 ], [ -115.262422199999989, 36.187416899799999 ], [ -115.262422199999989, 36.1874114998 ], [ -115.2624195, 36.1874114998 ], [ -115.2624195, 36.187392599799999 ], [ -115.262422199999989, 36.187392599799999 ], [ -115.262422199999989, 36.1873871998 ], [ -115.2624249, 36.1873871998 ], [ -115.2624249, 36.187379099799998 ], [ -115.2624276, 36.187379099799998 ], [ -115.2624276, 36.187373699799998 ], [ -115.2624303, 36.187373699799998 ], [ -115.2624303, 36.187370999800002 ], [ -115.2624519, 36.187370999800002 ], [ -115.2624519, 36.187365599799996 ], [ -115.2624546, 36.187365599799996 ], [ -115.2624546, 36.1873628998 ], [ -115.2624573, 36.1873628998 ], [ -115.2624573, 36.187360199799997 ], [ -115.26246, 36.187360199799997 ], [ -115.26246, 36.187357499800001 ], [ -115.2624627, 36.187357499800001 ], [ -115.2624627, 36.187354799799998 ], [ -115.2624735, 36.187354799799998 ], [ -115.2624735, 36.187357499800001 ], [ -115.2624951, 36.187357499800001 ], [ -115.2624951, 36.187360199799997 ], [ -115.2625194, 36.187360199799997 ], [ -115.2625194, 36.1873628998 ], [ -115.262541, 36.1873628998 ], [ -115.262541, 36.187365599799996 ], [ -115.2625545, 36.187365599799996 ], [ -115.2625545, 36.187368299799999 ], [ -115.2625626, 36.187368299799999 ], [ -115.2625626, 36.187370999800002 ], [ -115.2625761, 36.187370999800002 ], [ -115.2625761, 36.187373699799998 ], [ -115.262595, 36.187373699799998 ], [ -115.262595, 36.187376399800002 ], [ -115.2626166, 36.187376399800002 ], [ -115.2626166, 36.187379099799998 ], [ -115.2626598, 36.187379099799998 ], [ -115.2626598, 36.187381799800001 ], [ -115.2626814, 36.187381799800001 ], [ -115.2626814, 36.187384499799997 ], [ -115.2627003, 36.187384499799997 ], [ -115.2627003, 36.1873871998 ], [ -115.2627165, 36.1873871998 ], [ -115.2627165, 36.187389899799996 ], [ -115.2627219, 36.187389899799996 ], [ -115.2627219, 36.187392599799999 ], [ -115.2627246, 36.187392599799999 ], [ -115.2627246, 36.187395299800002 ], [ -115.2627273, 36.187395299800002 ], [ -115.2627273, 36.187397999799998 ], [ -115.26273, 36.187397999799998 ], [ -115.26273, 36.187400699800001 ], [ -115.2627327, 36.187400699800001 ], [ -115.2627327, 36.187403399799997 ], [ -115.2627354, 36.187403399799997 ], [ -115.2627354, 36.1874060998 ], [ -115.2627381, 36.1874060998 ], [ -115.2627381, 36.187408799799996 ], [ -115.262740799999989, 36.187408799799996 ], [ -115.262740799999989, 36.1874114998 ], [ -115.2627435, 36.1874114998 ], [ -115.2627435, 36.187414199800003 ], [ -115.2627516, 36.187414199800003 ], [ -115.2627516, 36.187416899799999 ], [ -115.2627624, 36.187416899799999 ], [ -115.2627624, 36.187419599800002 ], [ -115.2627651, 36.187419599800002 ], [ -115.2627651, 36.187435799799999 ], [ -115.2627624, 36.187435799799999 ], [ -115.2627624, 36.187449299800001 ], [ -115.262759699999989, 36.187449299800001 ], [ -115.262759699999989, 36.187457399799996 ], [ -115.262757, 36.187457399799996 ], [ -115.262757, 36.187465499799998 ], [ -115.2627543, 36.187465499799998 ], [ -115.2627543, 36.187476299799997 ], [ -115.262757, 36.187476299799997 ], [ -115.262757, 36.187484399799999 ], [ -115.262759699999989, 36.187484399799999 ], [ -115.262759699999989, 36.187489799799998 ], [ -115.2627624, 36.187489799799998 ], [ -115.2627624, 36.187505999800003 ], [ -115.262759699999989, 36.187505999800003 ], [ -115.262759699999989, 36.187516799800001 ], [ -115.262757, 36.187516799800001 ], [ -115.262757, 36.187519499799997 ], [ -115.2627489, 36.187519499799997 ], [ -115.2627489, 36.1875221998 ], [ -115.2627462, 36.1875221998 ], [ -115.2627462, 36.187519499799997 ], [ -115.262740799999989, 36.187519499799997 ], [ -115.262740799999989, 36.1875221998 ], [ -115.2627354, 36.1875221998 ], [ -115.2627354, 36.187524899799996 ], [ -115.2627327, 36.187524899799996 ], [ -115.2627327, 36.187541099800001 ], [ -115.26273, 36.187541099800001 ], [ -115.26273, 36.1875464998 ], [ -115.2627273, 36.1875464998 ], [ -115.2627273, 36.187549199799996 ], [ -115.2627246, 36.187549199799996 ], [ -115.2627246, 36.187551899799999 ], [ -115.2627219, 36.187551899799999 ], [ -115.2627219, 36.187554599800002 ], [ -115.2627165, 36.187554599800002 ], [ -115.2627165, 36.187557299799998 ], [ -115.2627138, 36.187557299799998 ], [ -115.2627138, 36.187559999800001 ] ] ] } },
{ "type": "Feature", "properties": { "value": 255.0 }, "geometry": { "type": "Polygon", "coordinates": [ [ [ -115.2623412, 36.187392599799999 ], [ -115.2622737, 36.187392599799999 ], [ -115.2622737, 36.187389899799996 ], [ -115.2622332, 36.187389899799996 ], [ -115.2622332, 36.1873871998 ], [ -115.2622278, 36.1873871998 ], [ -115.2622278, 36.187384499799997 ], [ -115.2622251, 36.187384499799997 ], [ -115.2622251, 36.187376399800002 ], [ -115.2622224, 36.187376399800002 ], [ -115.2622224, 36.187368299799999 ], [ -115.2622251, 36.187368299799999 ], [ -115.2622251, 36.187346699800003 ], [ -115.2622278, 36.187346699800003 ], [ -115.2622278, 36.187343999799999 ], [ -115.262306099999989, 36.187343999799999 ], [ -115.262306099999989, 36.187346699800003 ], [ -115.2623385, 36.187346699800003 ], [ -115.2623385, 36.187349399799999 ], [ -115.2623412, 36.187349399799999 ], [ -115.2623412, 36.187352099800002 ], [ -115.2623439, 36.187352099800002 ], [ -115.2623439, 36.187389899799996 ], [ -115.2623412, 36.187389899799996 ], [ -115.2623412, 36.187392599799999 ] ] ] } },
{ "type": "Feature", "properties": { "value": 255.0 }, "geometry": { "type": "Polygon", "coordinates": [ [ [ -115.2631863, 36.187341299799996 ], [ -115.263081, 36.187341299799996 ], [ -115.263081, 36.1873385998 ], [ -115.2630756, 36.1873385998 ], [ -115.2630756, 36.187308899800001 ], [ -115.263078299999989, 36.187308899800001 ], [ -115.263078299999989, 36.187306199799998 ], [ -115.263081, 36.187306199799998 ], [ -115.263081, 36.187303499800002 ], [ -115.2630837, 36.187303499800002 ], [ -115.2630837, 36.187300799799999 ], [ -115.2630864, 36.187300799799999 ], [ -115.2630864, 36.187298099800003 ], [ -115.2630918, 36.187298099800003 ], [ -115.2630918, 36.1872953998 ], [ -115.2630972, 36.1872953998 ], [ -115.2630972, 36.187292699799997 ], [ -115.263108, 36.187292699799997 ], [ -115.263108, 36.187289999800001 ], [ -115.2631323, 36.187289999800001 ], [ -115.2631323, 36.187292699799997 ], [ -115.2631944, 36.187292699799997 ], [ -115.2631944, 36.187298099800003 ], [ -115.2631971, 36.187298099800003 ], [ -115.2631971, 36.187308899800001 ], [ -115.2631944, 36.187308899800001 ], [ -115.2631944, 36.1873385998 ], [ -115.2631863, 36.1873385998 ], [ -115.2631863, 36.187341299799996 ] ] ] } },
{ "type": "Feature", "properties": { "value": 255.0 }, "geometry": { "type": "Polygon", "coordinates": [ [ [ -115.2633429, 36.1873385998 ], [ -115.2632862, 36.1873385998 ], [ -115.2632862, 36.187335899799997 ], [ -115.2632808, 36.187335899799997 ], [ -115.2632808, 36.187333199800001 ], [ -115.2632781, 36.187333199800001 ], [ -115.2632781, 36.187330499799998 ], [ -115.2632727, 36.187330499799998 ], [ -115.2632727, 36.187327799800002 ], [ -115.26327, 36.187327799800002 ], [ -115.26327, 36.187284599800002 ], [ -115.2632754, 36.187284599800002 ], [ -115.2632754, 36.187281899799999 ], [ -115.2633645, 36.187281899799999 ], [ -115.2633645, 36.187284599800002 ], [ -115.2633915, 36.187284599800002 ], [ -115.2633915, 36.187287299799998 ], [ -115.2633969, 36.187287299799998 ], [ -115.2633969, 36.187289999800001 ], [ -115.2634023, 36.187289999800001 ], [ -115.2634023, 36.1872953998 ], [ -115.263405, 36.1872953998 ], [ -115.263405, 36.187306199799998 ], [ -115.2634077, 36.187306199799998 ], [ -115.2634077, 36.187327799800002 ], [ -115.263405, 36.187327799800002 ], [ -115.263405, 36.187330499799998 ], [ -115.2633996, 36.187330499799998 ], [ -115.2633996, 36.187333199800001 ], [ -115.2633699, 36.187333199800001 ], [ -115.2633699, 36.187335899799997 ], [ -115.2633429, 36.187335899799997 ], [ -115.2633429, 36.1873385998 ] ] ] } },
{ "type": "Feature", "properties": { "value": 255.0 }, "geometry": { "type": "Polygon", "coordinates": [ [ [ -115.262973, 36.187335899799997 ], [ -115.262943299999989, 36.187335899799997 ], [ -115.262943299999989, 36.187333199800001 ], [ -115.2629244, 36.187333199800001 ], [ -115.2629244, 36.187330499799998 ], [ -115.2629001, 36.187330499799998 ], [ -115.2629001, 36.187327799800002 ], [ -115.2628785, 36.187327799800002 ], [ -115.2628785, 36.187325099799999 ], [ -115.2628542, 36.187325099799999 ], [ -115.2628542, 36.187322399800003 ], [ -115.2628299, 36.187322399800003 ], [ -115.2628299, 36.1873196998 ], [ -115.262808299999989, 36.1873196998 ], [ -115.262808299999989, 36.187316999799997 ], [ -115.2627894, 36.187316999799997 ], [ -115.2627894, 36.187314299800001 ], [ -115.2627705, 36.187314299800001 ], [ -115.2627705, 36.187311599799997 ], [ -115.2627489, 36.187311599799997 ], [ -115.2627489, 36.187308899800001 ], [ -115.2627381, 36.187308899800001 ], [ -115.2627381, 36.187303499800002 ], [ -115.2627354, 36.187303499800002 ], [ -115.2627354, 36.187292699799997 ], [ -115.2627381, 36.187292699799997 ], [ -115.2627381, 36.187276499799999 ], [ -115.262740799999989, 36.187276499799999 ], [ -115.262740799999989, 36.1872710998 ], [ -115.2627435, 36.1872710998 ], [ -115.2627435, 36.187268399799997 ], [ -115.2627489, 36.187268399799997 ], [ -115.2627489, 36.187265699800001 ], [ -115.2628056, 36.187265699800001 ], [ -115.2628056, 36.187268399799997 ], [ -115.2628299, 36.187268399799997 ], [ -115.2628299, 36.1872710998 ], [ -115.2628974, 36.1872710998 ], [ -115.2628974, 36.187273799799996 ], [ -115.2629055, 36.187273799799996 ], [ -115.2629055, 36.187276499799999 ], [ -115.2629136, 36.187276499799999 ], [ -115.2629136, 36.187279199800003 ], [ -115.2629352, 36.187279199800003 ], [ -115.2629352, 36.187281899799999 ], [ -115.262943299999989, 36.187281899799999 ], [ -115.262943299999989, 36.187284599800002 ], [ -115.2629649, 36.187284599800002 ], [ -115.2629649, 36.187287299799998 ], [ -115.2629757, 36.187287299799998 ], [ -115.2629757, 36.187289999800001 ], [ -115.2629784, 36.187289999800001 ], [ -115.2629784, 36.187292699799997 ], [ -115.2629811, 36.187292699799997 ], [ -115.2629811, 36.1873196998 ], [ -115.2629784, 36.1873196998 ], [ -115.2629784, 36.187333199800001 ], [ -115.262973, 36.187333199800001 ], [ -115.262973, 36.187335899799997 ] ] ] } },
{ "type": "Feature", "properties": { "value": 255.0 }, "geometry": { "type": "Polygon", "coordinates": [ [ [ -115.2635994, 36.187303499800002 ], [ -115.2635859, 36.187303499800002 ], [ -115.2635859, 36.187300799799999 ], [ -115.2635805, 36.187300799799999 ], [ -115.2635805, 36.187292699799997 ], [ -115.2635778, 36.187292699799997 ], [ -115.2635778, 36.187254899800003 ], [ -115.2635805, 36.187254899800003 ], [ -115.2635805, 36.1872521998 ], [ -115.2635832, 36.1872521998 ], [ -115.2635832, 36.187249499799996 ], [ -115.2636048, 36.187249499799996 ], [ -115.2636048, 36.1872467998 ], [ -115.2636318, 36.1872467998 ], [ -115.2636318, 36.187249499799996 ], [ -115.2636399, 36.187249499799996 ], [ -115.2636399, 36.1872521998 ], [ -115.2636426, 36.1872521998 ], [ -115.2636426, 36.187298099800003 ], [ -115.2636264, 36.187298099800003 ], [ -115.2636264, 36.187300799799999 ], [ -115.2635994, 36.187300799799999 ], [ -115.2635994, 36.187303499800002 ] ] ] } },
{ "type": "Feature", "properties": { "value": 255.0 }, "geometry": { "type": "Polygon", "coordinates": [ [ [ -115.262605799999989, 36.187284599800002 ], [ -115.2625653, 36.187284599800002 ], [ -115.2625653, 36.187281899799999 ], [ -115.262557199999989, 36.187281899799999 ], [ -115.262557199999989, 36.187262999799998 ], [ -115.2625599, 36.187262999799998 ], [ -115.2625599, 36.187260299800002 ], [ -115.2625626, 36.187260299800002 ], [ -115.2625626, 36.187257599799999 ], [ -115.2625869, 36.187257599799999 ], [ -115.2625869, 36.187260299800002 ], [ -115.262605799999989, 36.187260299800002 ], [ -115.262605799999989, 36.187262999799998 ], [ -115.2626085, 36.187262999799998 ], [ -115.2626085, 36.187281899799999 ], [ -115.262605799999989, 36.187281899799999 ], [ -115.262605799999989, 36.187284599800002 ] ] ] } },
{ "type": "Feature", "properties": { "value": 255.0 }, "geometry": { "type": "Polygon", "coordinates": [ [ [ -115.2620793, 36.187195499799998 ], [ -115.2620307, 36.187195499799998 ], [ -115.2620307, 36.187192799800002 ], [ -115.262028, 36.187192799800002 ], [ -115.262028, 36.187127999799998 ], [ -115.2620253, 36.187127999799998 ], [ -115.2620253, 36.187106399800001 ], [ -115.262028, 36.187106399800001 ], [ -115.262028, 36.187103699799998 ], [ -115.2620307, 36.187103699799998 ], [ -115.2620307, 36.187100999800002 ], [ -115.2620793, 36.187100999800002 ], [ -115.2620793, 36.187103699799998 ], [ -115.262082, 36.187103699799998 ], [ -115.262082, 36.187106399800001 ], [ -115.262084699999988, 36.187106399800001 ], [ -115.262084699999988, 36.187190099799999 ], [ -115.262082, 36.187190099799999 ], [ -115.262082, 36.187192799800002 ], [ -115.2620793, 36.187192799800002 ], [ -115.2620793, 36.187195499799998 ] ] ] } },
{ "type": "Feature", "properties": { "value": 255.0 }, "geometry": { "type": "Polygon", "coordinates": [ [ [ -115.2631836, 36.187260299800002 ], [ -115.2631404, 36.187260299800002 ], [ -115.2631404, 36.187257599799999 ], [ -115.2631296, 36.187257599799999 ], [ -115.2631296, 36.187254899800003 ], [ -115.2631053, 36.187254899800003 ], [ -115.2631053, 36.1872521998 ], [ -115.2630648, 36.1872521998 ], [ -115.2630648, 36.187249499799996 ], [ -115.2630351, 36.187249499799996 ], [ -115.2630351, 36.1872467998 ], [ -115.2630054, 36.1872467998 ], [ -115.2630054, 36.187244099799997 ], [ -115.2629622, 36.187244099799997 ], [ -115.2629622, 36.187241399800001 ], [ -115.2629514, 36.187241399800001 ], [ -115.2629514, 36.187244099799997 ], [ -115.2629352, 36.187244099799997 ], [ -115.2629352, 36.187241399800001 ], [ -115.2629244, 36.187241399800001 ], [ -115.2629244, 36.187238699799998 ], [ -115.262919, 36.187238699799998 ], [ -115.262919, 36.187235999800002 ], [ -115.2629136, 36.187235999800002 ], [ -115.2629136, 36.187233299799999 ], [ -115.2629082, 36.187233299799999 ], [ -115.2629082, 36.187206299800003 ], [ -115.2629055, 36.187206299800003 ], [ -115.2629055, 36.1872035998 ], [ -115.2629001, 36.1872035998 ], [ -115.2629001, 36.187200899799997 ], [ -115.262892, 36.187200899799997 ], [ -115.262892, 36.187198199800001 ], [ -115.2628866, 36.187198199800001 ], [ -115.2628866, 36.187192799800002 ], [ -115.2628839, 36.187192799800002 ], [ -115.2628839, 36.187181999799996 ], [ -115.2628866, 36.187181999799996 ], [ -115.2628866, 36.187168499800002 ], [ -115.2629001, 36.187168499800002 ], [ -115.2629001, 36.187165799799999 ], [ -115.2629055, 36.187165799799999 ], [ -115.2629055, 36.1871603998 ], [ -115.2629082, 36.1871603998 ], [ -115.2629082, 36.187138799800003 ], [ -115.2629109, 36.187138799800003 ], [ -115.2629109, 36.187127999799998 ], [ -115.2629082, 36.187127999799998 ], [ -115.2629082, 36.187125299800002 ], [ -115.2629055, 36.187125299800002 ], [ -115.2629055, 36.187122599799999 ], [ -115.2629028, 36.187122599799999 ], [ -115.2629028, 36.187119899800003 ], [ -115.2628839, 36.187119899800003 ], [ -115.2628839, 36.187117199799999 ], [ -115.2628812, 36.187117199799999 ], [ -115.2628812, 36.187095599800003 ], [ -115.2628839, 36.187095599800003 ], [ -115.2628839, 36.1870928998 ], [ -115.2628947, 36.1870928998 ], [ -115.2628947, 36.187090199799997 ], [ -115.2629055, 36.187090199799997 ], [ -115.2629055, 36.187084799799997 ], [ -115.2629082, 36.187084799799997 ], [ -115.2629082, 36.187076699800002 ], [ -115.2629109, 36.187076699800002 ], [ -115.2629109, 36.187063199800001 ], [ -115.2629136, 36.187063199800001 ], [ -115.2629136, 36.187055099799998 ], [ -115.2629163, 36.187055099799998 ], [ -115.2629163, 36.187052399800002 ], [ -115.2629892, 36.187052399800002 ], [ -115.2629892, 36.187055099799998 ], [ -115.2630054, 36.187055099799998 ], [ -115.2630054, 36.187057799800002 ], [ -115.2630297, 36.187057799800002 ], [ -115.2630297, 36.187060499799998 ], [ -115.2630459, 36.187060499799998 ], [ -115.2630459, 36.187063199800001 ], [ -115.2630567, 36.187063199800001 ], [ -115.2630567, 36.187065899799997 ], [ -115.2630675, 36.187065899799997 ], [ -115.2630675, 36.1870685998 ], [ -115.2631647, 36.1870685998 ], [ -115.2631647, 36.187071299800003 ], [ -115.2631782, 36.187071299800003 ], [ -115.2631782, 36.187073999799999 ], [ -115.2631836, 36.187073999799999 ], [ -115.2631836, 36.187076699800002 ], [ -115.2631917, 36.187076699800002 ], [ -115.2631917, 36.187079399799998 ], [ -115.2632052, 36.187079399799998 ], [ -115.2632052, 36.187082099800001 ], [ -115.2632214, 36.187082099800001 ], [ -115.2632214, 36.187084799799997 ], [ -115.2632241, 36.187084799799997 ], [ -115.2632241, 36.187087499800001 ], [ -115.2632268, 36.187087499800001 ], [ -115.2632268, 36.187100999800002 ], [ -115.2632295, 36.187100999800002 ], [ -115.2632295, 36.187106399800001 ], [ -115.2632322, 36.187106399800001 ], [ -115.2632322, 36.187109099799997 ], [ -115.2632349, 36.187109099799997 ], [ -115.2632349, 36.187119899800003 ], [ -115.2632322, 36.187119899800003 ], [ -115.2632322, 36.187127999799998 ], [ -115.2632349, 36.187127999799998 ], [ -115.2632349, 36.187130699800001 ], [ -115.2632376, 36.187130699800001 ], [ -115.2632376, 36.187133399799997 ], [ -115.2632403, 36.187133399799997 ], [ -115.2632403, 36.1871360998 ], [ -115.263243, 36.1871360998 ], [ -115.263243, 36.187149599800001 ], [ -115.2632403, 36.187149599800001 ], [ -115.2632403, 36.187152299799997 ], [ -115.2632187, 36.187152299799997 ], [ -115.2632187, 36.187154999800001 ], [ -115.2632133, 36.187154999800001 ], [ -115.2632133, 36.187157699799997 ], [ -115.2632106, 36.187157699799997 ], [ -115.2632106, 36.187171199799998 ], [ -115.2632079, 36.187171199799998 ], [ -115.2632079, 36.1871792998 ], [ -115.2632052, 36.1871792998 ], [ -115.2632052, 36.1871846998 ], [ -115.2632025, 36.1871846998 ], [ -115.2632025, 36.1872035998 ], [ -115.2632079, 36.1872035998 ], [ -115.2632079, 36.187206299800003 ], [ -115.2632106, 36.187206299800003 ], [ -115.2632106, 36.187208999799999 ], [ -115.2632133, 36.187208999799999 ], [ -115.2632133, 36.187214399799998 ], [ -115.263216, 36.187214399799998 ], [ -115.263216, 36.187233299799999 ], [ -115.2632133, 36.187233299799999 ], [ -115.2632133, 36.187238699799998 ], [ -115.2632106, 36.187238699799998 ], [ -115.2632106, 36.187241399800001 ], [ -115.2631998, 36.187241399800001 ], [ -115.2631998, 36.187244099799997 ], [ -115.2631917, 36.187244099799997 ], [ -115.2631917, 36.1872467998 ], [ -115.263189, 36.1872467998 ], [ -115.263189, 36.187254899800003 ], [ -115.2631863, 36.187254899800003 ], [ -115.2631863, 36.187257599799999 ], [ -115.2631836, 36.187257599799999 ], [ -115.2631836, 36.187260299800002 ] ] ] } },
{ "type": "Feature", "properties": { "value": 255.0 }, "geometry": { "type": "Polygon", "coordinates": [ [ [ -115.2634077, 36.187257599799999 ], [ -115.263378, 36.187257599799999 ], [ -115.263378, 36.187254899800003 ], [ -115.2633753, 36.187254899800003 ], [ -115.2633753, 36.1872521998 ], [ -115.2633726, 36.1872521998 ], [ -115.2633726, 36.1872467998 ], [ -115.2633699, 36.1872467998 ], [ -115.2633699, 36.187241399800001 ], [ -115.2633672, 36.187241399800001 ], [ -115.2633672, 36.187238699799998 ], [ -115.2633645, 36.187238699799998 ], [ -115.2633645, 36.187235999800002 ], [ -115.2633483, 36.187235999800002 ], [ -115.2633483, 36.187233299799999 ], [ -115.2633456, 36.187233299799999 ], [ -115.2633456, 36.187225199799997 ], [ -115.2633429, 36.187225199799997 ], [ -115.2633429, 36.187214399799998 ], [ -115.2633402, 36.187214399799998 ], [ -115.2633402, 36.187206299800003 ], [ -115.2633429, 36.187206299800003 ], [ -115.2633429, 36.187198199800001 ], [ -115.2633456, 36.187198199800001 ], [ -115.2633456, 36.187187399800003 ], [ -115.2633429, 36.187187399800003 ], [ -115.2633429, 36.187181999799996 ], [ -115.2633402, 36.187181999799996 ], [ -115.2633402, 36.1871792998 ], [ -115.2633375, 36.1871792998 ], [ -115.2633375, 36.187171199799998 ], [ -115.2633348, 36.187171199799998 ], [ -115.2633348, 36.1871603998 ], [ -115.2633321, 36.1871603998 ], [ -115.2633321, 36.187157699799997 ], [ -115.2633294, 36.187157699799997 ], [ -115.2633294, 36.187154999800001 ], [ -115.263324, 36.187154999800001 ], [ -115.263324, 36.187152299799997 ], [ -115.2633186, 36.187152299799997 ], [ -115.2633186, 36.187149599800001 ], [ -115.2633159, 36.187149599800001 ], [ -115.2633159, 36.187144199800002 ], [ -115.2633132, 36.187144199800002 ], [ -115.2633132, 36.187133399799997 ], [ -115.2633105, 36.187133399799997 ], [ -115.2633105, 36.187122599799999 ], [ -115.2633078, 36.187122599799999 ], [ -115.2633078, 36.187106399800001 ], [ -115.2633051, 36.187106399800001 ], [ -115.2633051, 36.187095599800003 ], [ -115.2633078, 36.187095599800003 ], [ -115.2633078, 36.187090199799997 ], [ -115.2633105, 36.187090199799997 ], [ -115.2633105, 36.187087499800001 ], [ -115.2633186, 36.187087499800001 ], [ -115.2633186, 36.187084799799997 ], [ -115.2633375, 36.187084799799997 ], [ -115.2633375, 36.187082099800001 ], [ -115.2633402, 36.187082099800001 ], [ -115.2633402, 36.187079399799998 ], [ -115.2633429, 36.187079399799998 ], [ -115.2633429, 36.187076699800002 ], [ -115.2633456, 36.187076699800002 ], [ -115.2633456, 36.187073999799999 ], [ -115.2633483, 36.187073999799999 ], [ -115.2633483, 36.187071299800003 ], [ -115.263351, 36.187071299800003 ], [ -115.263351, 36.1870685998 ], [ -115.2633645, 36.1870685998 ], [ -115.2633645, 36.187065899799997 ], [ -115.2633861, 36.187065899799997 ], [ -115.2633861, 36.187063199800001 ], [ -115.263405, 36.187063199800001 ], [ -115.263405, 36.187060499799998 ], [ -115.2634239, 36.187060499799998 ], [ -115.2634239, 36.187057799800002 ], [ -115.2634563, 36.187057799800002 ], [ -115.2634563, 36.187055099799998 ], [ -115.2634671, 36.187055099799998 ], [ -115.2634671, 36.187052399800002 ], [ -115.2634752, 36.187052399800002 ], [ -115.2634752, 36.187049699799999 ], [ -115.263486, 36.187049699799999 ], [ -115.263486, 36.187046999800003 ], [ -115.2635049, 36.187046999800003 ], [ -115.2635049, 36.1870442998 ], [ -115.2635184, 36.1870442998 ], [ -115.2635184, 36.187041599799997 ], [ -115.2635265, 36.187041599799997 ], [ -115.2635265, 36.187038899800001 ], [ -115.2635292, 36.187038899800001 ], [ -115.2635292, 36.187036199799998 ], [ -115.2635373, 36.187036199799998 ], [ -115.2635373, 36.187033499800002 ], [ -115.2635508, 36.187033499800002 ], [ -115.2635508, 36.187030799799999 ], [ -115.263594, 36.187030799799999 ], [ -115.263594, 36.187028099800003 ], [ -115.2636102, 36.187028099800003 ], [ -115.2636102, 36.187030799799999 ], [ -115.2636129, 36.187030799799999 ], [ -115.2636129, 36.187033499800002 ], [ -115.2636156, 36.187033499800002 ], [ -115.2636156, 36.187038899800001 ], [ -115.2636183, 36.187038899800001 ], [ -115.2636183, 36.187041599799997 ], [ -115.263621, 36.187041599799997 ], [ -115.263621, 36.1870442998 ], [ -115.2636237, 36.1870442998 ], [ -115.2636237, 36.187046999800003 ], [ -115.2636264, 36.187046999800003 ], [ -115.2636264, 36.187049699799999 ], [ -115.2636426, 36.187049699799999 ], [ -115.2636426, 36.187219799799998 ], [ -115.2636237, 36.187219799799998 ], [ -115.2636237, 36.187222499800001 ], [ -115.2636129, 36.187222499800001 ], [ -115.2636129, 36.187219799799998 ], [ -115.2635724, 36.187219799799998 ], [ -115.2635724, 36.187222499800001 ], [ -115.2635589, 36.187222499800001 ], [ -115.2635589, 36.187225199799997 ], [ -115.2635427, 36.187225199799997 ], [ -115.2635427, 36.1872278998 ], [ -115.2635319, 36.1872278998 ], [ -115.2635319, 36.187230599800003 ], [ -115.2635184, 36.187230599800003 ], [ -115.2635184, 36.187233299799999 ], [ -115.2635103, 36.187233299799999 ], [ -115.2635103, 36.187235999800002 ], [ -115.2635049, 36.187235999800002 ], [ -115.2635049, 36.187238699799998 ], [ -115.2635022, 36.187238699799998 ], [ -115.2635022, 36.187244099799997 ], [ -115.2635049, 36.187244099799997 ], [ -115.2635049, 36.187254899800003 ], [ -115.2634914, 36.187254899800003 ], [ -115.2634914, 36.1872521998 ], [ -115.263486, 36.1872521998 ], [ -115.263486, 36.187249499799996 ], [ -115.2634779, 36.187249499799996 ], [ -115.2634779, 36.1872467998 ], [ -115.2634428, 36.1872467998 ], [ -115.2634428, 36.187249499799996 ], [ -115.2634266, 36.187249499799996 ], [ -115.2634266, 36.1872521998 ], [ -115.2634212, 36.1872521998 ], [ -115.2634212, 36.187254899800003 ], [ -115.2634077, 36.187254899800003 ], [ -115.2634077, 36.187257599799999 ] ] ] } },
{ "type": "Feature", "properties": { "value": 255.0 }, "geometry": { "type": "Polygon", "coordinates": [ [ [ -115.2622818, 36.187241399800001 ], [ -115.262268299999988, 36.187241399800001 ], [ -115.262268299999988, 36.187238699799998 ], [ -115.2622629, 36.187238699799998 ], [ -115.2622629, 36.187235999800002 ], [ -115.2622332, 36.187235999800002 ], [ -115.2622332, 36.187238699799998 ], [ -115.2622116, 36.187238699799998 ], [ -115.2622116, 36.187235999800002 ], [ -115.2622089, 36.187235999800002 ], [ -115.2622089, 36.187233299799999 ], [ -115.2622062, 36.187233299799999 ], [ -115.2622062, 36.1872278998 ], [ -115.2622035, 36.1872278998 ], [ -115.2622035, 36.187225199799997 ], [ -115.262200799999988, 36.187225199799997 ], [ -115.262200799999988, 36.187219799799998 ], [ -115.2621981, 36.187219799799998 ], [ -115.2621981, 36.187214399799998 ], [ -115.2621954, 36.187214399799998 ], [ -115.2621954, 36.187208999799999 ], [ -115.2621927, 36.187208999799999 ], [ -115.2621927, 36.187200899799997 ], [ -115.26219, 36.187200899799997 ], [ -115.26219, 36.187192799800002 ], [ -115.2621873, 36.187192799800002 ], [ -115.2621873, 36.187187399800003 ], [ -115.2621846, 36.187187399800003 ], [ -115.2621846, 36.187181999799996 ], [ -115.2621819, 36.187181999799996 ], [ -115.2621819, 36.187176599799997 ], [ -115.2621792, 36.187176599799997 ], [ -115.2621792, 36.187171199799998 ], [ -115.2621765, 36.187171199799998 ], [ -115.2621765, 36.187165799799999 ], [ -115.2621738, 36.187165799799999 ], [ -115.2621738, 36.187163099800003 ], [ -115.262171099999989, 36.187163099800003 ], [ -115.262171099999989, 36.1871603998 ], [ -115.2621684, 36.1871603998 ], [ -115.2621684, 36.187157699799997 ], [ -115.2621657, 36.187157699799997 ], [ -115.2621657, 36.187152299799997 ], [ -115.262163, 36.187152299799997 ], [ -115.262163, 36.187146899799998 ], [ -115.2621603, 36.187146899799998 ], [ -115.2621603, 36.187138799800003 ], [ -115.2621576, 36.187138799800003 ], [ -115.2621576, 36.187122599799999 ], [ -115.2621549, 36.187122599799999 ], [ -115.2621549, 36.187114499800003 ], [ -115.2621603, 36.187114499800003 ], [ -115.2621603, 36.1871117998 ], [ -115.2621657, 36.1871117998 ], [ -115.2621657, 36.187109099799997 ], [ -115.2621765, 36.187109099799997 ], [ -115.2621765, 36.187106399800001 ], [ -115.2621819, 36.187106399800001 ], [ -115.2621819, 36.187103699799998 ], [ -115.2621873, 36.187103699799998 ], [ -115.2621873, 36.187100999800002 ], [ -115.26219, 36.187100999800002 ], [ -115.26219, 36.187079399799998 ], [ -115.2621927, 36.187079399799998 ], [ -115.2621927, 36.187076699800002 ], [ -115.2621954, 36.187076699800002 ], [ -115.2621954, 36.187073999799999 ], [ -115.2622116, 36.187073999799999 ], [ -115.2622116, 36.187071299800003 ], [ -115.2622251, 36.187071299800003 ], [ -115.2622251, 36.1870685998 ], [ -115.2622602, 36.1870685998 ], [ -115.2622602, 36.187057799800002 ], [ -115.2622656, 36.187057799800002 ], [ -115.2622656, 36.187055099799998 ], [ -115.262271, 36.187055099799998 ], [ -115.262271, 36.187052399800002 ], [ -115.2622737, 36.187052399800002 ], [ -115.2622737, 36.187049699799999 ], [ -115.2622818, 36.187049699799999 ], [ -115.2622818, 36.187046999800003 ], [ -115.2622926, 36.187046999800003 ], [ -115.2622926, 36.1870442998 ], [ -115.2623223, 36.1870442998 ], [ -115.2623223, 36.187046999800003 ], [ -115.262335799999988, 36.187046999800003 ], [ -115.262335799999988, 36.187049699799999 ], [ -115.2623493, 36.187049699799999 ], [ -115.2623493, 36.187052399800002 ], [ -115.2623655, 36.187052399800002 ], [ -115.2623655, 36.187055099799998 ], [ -115.262373599999989, 36.187055099799998 ], [ -115.262373599999989, 36.187057799800002 ], [ -115.262379, 36.187057799800002 ], [ -115.262379, 36.187060499799998 ], [ -115.2623817, 36.187060499799998 ], [ -115.2623817, 36.187063199800001 ], [ -115.2623844, 36.187063199800001 ], [ -115.2623844, 36.187065899799997 ], [ -115.2623871, 36.187065899799997 ], [ -115.2623871, 36.187073999799999 ], [ -115.2623898, 36.187073999799999 ], [ -115.2623898, 36.187079399799998 ], [ -115.2623925, 36.187079399799998 ], [ -115.2623925, 36.187082099800001 ], [ -115.2623952, 36.187082099800001 ], [ -115.2623952, 36.187084799799997 ], [ -115.2623979, 36.187084799799997 ], [ -115.2623979, 36.187090199799997 ], [ -115.2624006, 36.187090199799997 ], [ -115.2624006, 36.187095599800003 ], [ -115.262403299999988, 36.187095599800003 ], [ -115.262403299999988, 36.187100999800002 ], [ -115.262406, 36.187100999800002 ], [ -115.262406, 36.187103699799998 ], [ -115.2624087, 36.187103699799998 ], [ -115.2624087, 36.187109099799997 ], [ -115.2624114, 36.187109099799997 ], [ -115.2624114, 36.1871117998 ], [ -115.2624141, 36.1871117998 ], [ -115.2624141, 36.187114499800003 ], [ -115.2624195, 36.187114499800003 ], [ -115.2624195, 36.187117199799999 ], [ -115.262422199999989, 36.187117199799999 ], [ -115.262422199999989, 36.187122599799999 ], [ -115.2624249, 36.187122599799999 ], [ -115.2624249, 36.187133399799997 ], [ -115.2624276, 36.187133399799997 ], [ -115.2624276, 36.187144199800002 ], [ -115.2624303, 36.187144199800002 ], [ -115.2624303, 36.187157699799997 ], [ -115.262433, 36.187157699799997 ], [ -115.262433, 36.187173899800001 ], [ -115.2624276, 36.187173899800001 ], [ -115.2624276, 36.187176599799997 ], [ -115.2624195, 36.187176599799997 ], [ -115.2624195, 36.1871792998 ], [ -115.2624087, 36.1871792998 ], [ -115.2624087, 36.187181999799996 ], [ -115.262403299999988, 36.187181999799996 ], [ -115.262403299999988, 36.1871846998 ], [ -115.2623979, 36.1871846998 ], [ -115.2623979, 36.1872035998 ], [ -115.2623952, 36.1872035998 ], [ -115.2623952, 36.187206299800003 ], [ -115.2623898, 36.187206299800003 ], [ -115.2623898, 36.187208999799999 ], [ -115.2623763, 36.187208999799999 ], [ -115.2623763, 36.187211699800002 ], [ -115.2623655, 36.187211699800002 ], [ -115.2623655, 36.187214399799998 ], [ -115.2623574, 36.187214399799998 ], [ -115.2623574, 36.187217099800002 ], [ -115.262352, 36.187217099800002 ], [ -115.262352, 36.187214399799998 ], [ -115.2623466, 36.187214399799998 ], [ -115.2623466, 36.187211699800002 ], [ -115.2623439, 36.187211699800002 ], [ -115.2623439, 36.187208999799999 ], [ -115.2623412, 36.187208999799999 ], [ -115.2623412, 36.187200899799997 ], [ -115.2623385, 36.187200899799997 ], [ -115.2623385, 36.187192799800002 ], [ -115.262335799999988, 36.187192799800002 ], [ -115.262335799999988, 36.187187399800003 ], [ -115.2623331, 36.187187399800003 ], [ -115.2623331, 36.1871846998 ], [ -115.2623304, 36.1871846998 ], [ -115.2623304, 36.187181999799996 ], [ -115.2623142, 36.187181999799996 ], [ -115.2623142, 36.1871846998 ], [ -115.2623115, 36.1871846998 ], [ -115.2623115, 36.187187399800003 ], [ -115.2623088, 36.187187399800003 ], [ -115.2623088, 36.1872035998 ], [ -115.2623115, 36.1872035998 ], [ -115.2623115, 36.187217099800002 ], [ -115.2623142, 36.187217099800002 ], [ -115.2623142, 36.187233299799999 ], [ -115.262306099999989, 36.187233299799999 ], [ -115.262306099999989, 36.187235999800002 ], [ -115.2622953, 36.187235999800002 ], [ -115.2622953, 36.187238699799998 ], [ -115.2622818, 36.187238699799998 ], [ -115.2622818, 36.187241399800001 ] ] ] } },
{ "type": "Feature", "properties": { "value": 255.0 }, "geometry": { "type": "Polygon", "coordinates": [ [ [ -115.2627705, 36.187235999800002 ], [ -115.2627273, 36.187235999800002 ], [ -115.2627273, 36.187233299799999 ], [ -115.2627192, 36.187233299799999 ], [ -115.2627192, 36.187230599800003 ], [ -115.2626949, 36.187230599800003 ], [ -115.2626949, 36.1872278998 ], [ -115.2626409, 36.1872278998 ], [ -115.2626409, 36.187225199799997 ], [ -115.262622, 36.187225199799997 ], [ -115.262622, 36.187222499800001 ], [ -115.2625977, 36.187222499800001 ], [ -115.2625977, 36.187219799799998 ], [ -115.2625221, 36.187219799799998 ], [ -115.2625221, 36.187217099800002 ], [ -115.2625194, 36.187217099800002 ], [ -115.2625194, 36.187214399799998 ], [ -115.262514, 36.187214399799998 ], [ -115.262514, 36.187211699800002 ], [ -115.2625086, 36.187211699800002 ], [ -115.2625086, 36.187208999799999 ], [ -115.2625059, 36.187208999799999 ], [ -115.2625059, 36.1872035998 ], [ -115.2625032, 36.1872035998 ], [ -115.2625032, 36.1871846998 ], [ -115.2625005, 36.1871846998 ], [ -115.2625005, 36.1871603998 ], [ -115.2624978, 36.1871603998 ], [ -115.2624978, 36.187152299799997 ], [ -115.2624951, 36.187152299799997 ], [ -115.2624951, 36.187141499799999 ], [ -115.2624924, 36.187141499799999 ], [ -115.2624924, 36.187127999799998 ], [ -115.262489699999989, 36.187127999799998 ], [ -115.262489699999989, 36.187117199799999 ], [ -115.262487, 36.187117199799999 ], [ -115.262487, 36.187109099799997 ], [ -115.2624843, 36.187109099799997 ], [ -115.2624843, 36.187103699799998 ], [ -115.2624816, 36.187103699799998 ], [ -115.2624816, 36.187100999800002 ], [ -115.2624762, 36.187100999800002 ], [ -115.2624762, 36.187098299799999 ], [ -115.2624735, 36.187098299799999 ], [ -115.2624735, 36.1870928998 ], [ -115.262470799999988, 36.1870928998 ], [ -115.262470799999988, 36.187087499800001 ], [ -115.2624681, 36.187087499800001 ], [ -115.2624681, 36.187082099800001 ], [ -115.262470799999988, 36.187082099800001 ], [ -115.262470799999988, 36.187065899799997 ], [ -115.2624735, 36.187065899799997 ], [ -115.2624735, 36.187063199800001 ], [ -115.2624789, 36.187063199800001 ], [ -115.2624789, 36.187060499799998 ], [ -115.262487, 36.187060499799998 ], [ -115.262487, 36.187057799800002 ], [ -115.2624924, 36.187057799800002 ], [ -115.2624924, 36.187055099799998 ], [ -115.2624951, 36.187055099799998 ], [ -115.2624951, 36.187052399800002 ], [ -115.2624978, 36.187052399800002 ], [ -115.2624978, 36.1870442998 ], [ -115.2625005, 36.1870442998 ], [ -115.2625005, 36.187036199799998 ], [ -115.2625032, 36.187036199799998 ], [ -115.2625032, 36.187030799799999 ], [ -115.2625086, 36.187030799799999 ], [ -115.2625086, 36.187028099800003 ], [ -115.2625167, 36.187028099800003 ], [ -115.2625167, 36.187030799799999 ], [ -115.262538299999989, 36.187030799799999 ], [ -115.262538299999989, 36.187028099800003 ], [ -115.2625842, 36.187028099800003 ], [ -115.2625842, 36.187030799799999 ], [ -115.2626031, 36.187030799799999 ], [ -115.2626031, 36.187033499800002 ], [ -115.2626166, 36.187033499800002 ], [ -115.2626166, 36.187036199799998 ], [ -115.2626274, 36.187036199799998 ], [ -115.2626274, 36.187038899800001 ], [ -115.2626382, 36.187038899800001 ], [ -115.2626382, 36.187041599799997 ], [ -115.262649, 36.187041599799997 ], [ -115.262649, 36.1870442998 ], [ -115.2626841, 36.1870442998 ], [ -115.2626841, 36.187046999800003 ], [ -115.2626868, 36.187046999800003 ], [ -115.2626868, 36.1870442998 ], [ -115.2627219, 36.1870442998 ], [ -115.2627219, 36.187046999800003 ], [ -115.262759699999989, 36.187046999800003 ], [ -115.262759699999989, 36.187049699799999 ], [ -115.2627705, 36.187049699799999 ], [ -115.2627705, 36.187052399800002 ], [ -115.2627786, 36.187052399800002 ], [ -115.2627786, 36.187055099799998 ], [ -115.2627867, 36.187055099799998 ], [ -115.2627867, 36.187057799800002 ], [ -115.2628002, 36.187057799800002 ], [ -115.2628002, 36.187060499799998 ], [ -115.2628137, 36.187060499799998 ], [ -115.2628137, 36.187063199800001 ], [ -115.2628164, 36.187063199800001 ], [ -115.2628164, 36.1870685998 ], [ -115.2628191, 36.1870685998 ], [ -115.2628191, 36.187082099800001 ], [ -115.2628218, 36.187082099800001 ], [ -115.2628218, 36.1870928998 ], [ -115.2628191, 36.1870928998 ], [ -115.2628191, 36.187103699799998 ], [ -115.2628218, 36.187103699799998 ], [ -115.2628218, 36.187106399800001 ], [ -115.2628326, 36.187106399800001 ], [ -115.2628326, 36.187109099799997 ], [ -115.2628353, 36.187109099799997 ], [ -115.2628353, 36.1871117998 ], [ -115.262838, 36.1871117998 ], [ -115.262838, 36.187117199799999 ], [ -115.2628407, 36.187117199799999 ], [ -115.2628407, 36.187125299800002 ], [ -115.262838, 36.187125299800002 ], [ -115.262838, 36.187130699800001 ], [ -115.2628353, 36.187130699800001 ], [ -115.2628353, 36.187133399799997 ], [ -115.2628299, 36.187133399799997 ], [ -115.2628299, 36.187130699800001 ], [ -115.2628056, 36.187130699800001 ], [ -115.2628056, 36.187133399799997 ], [ -115.2628029, 36.187133399799997 ], [ -115.2628029, 36.1871360998 ], [ -115.2628002, 36.1871360998 ], [ -115.2628002, 36.187146899799998 ], [ -115.2627975, 36.187146899799998 ], [ -115.2627975, 36.187152299799997 ], [ -115.2627948, 36.187152299799997 ], [ -115.2627948, 36.187157699799997 ], [ -115.2627921, 36.187157699799997 ], [ -115.2627921, 36.187176599799997 ], [ -115.2627948, 36.187176599799997 ], [ -115.2627948, 36.187181999799996 ], [ -115.2627975, 36.187181999799996 ], [ -115.2627975, 36.1871846998 ], [ -115.2628002, 36.1871846998 ], [ -115.2628002, 36.187192799800002 ], [ -115.2628029, 36.187192799800002 ], [ -115.2628029, 36.187200899799997 ], [ -115.2628002, 36.187200899799997 ], [ -115.2628002, 36.1872035998 ], [ -115.2627867, 36.1872035998 ], [ -115.2627867, 36.187206299800003 ], [ -115.2627813, 36.187206299800003 ], [ -115.2627813, 36.187208999799999 ], [ -115.2627786, 36.187208999799999 ], [ -115.2627786, 36.187211699800002 ], [ -115.2627759, 36.187211699800002 ], [ -115.2627759, 36.187225199799997 ], [ -115.2627732, 36.187225199799997 ], [ -115.2627732, 36.187233299799999 ], [ -115.2627705, 36.187233299799999 ], [ -115.2627705, 36.187235999800002 ] ] ] } },
{ "type": "Feature", "properties": { "value": 255.0 }, "geometry": { "type": "Polygon", "coordinates": [ [ [ -115.2620118, 36.187090199799997 ], [ -115.262001, 36.187090199799997 ], [ -115.262001, 36.187087499800001 ], [ -115.261998299999988, 36.187087499800001 ], [ -115.261998299999988, 36.187084799799997 ], [ -115.2619929, 36.187084799799997 ], [ -115.2619929, 36.187082099800001 ], [ -115.2619902, 36.187082099800001 ], [ -115.2619902, 36.187079399799998 ], [ -115.261987499999989, 36.187079399799998 ], [ -115.261987499999989, 36.187076699800002 ], [ -115.2619848, 36.187076699800002 ], [ -115.2619848, 36.187073999799999 ], [ -115.2619821, 36.187073999799999 ], [ -115.2619821, 36.187071299800003 ], [ -115.2619767, 36.187071299800003 ], [ -115.2619767, 36.1870685998 ], [ -115.261974, 36.1870685998 ], [ -115.261974, 36.187065899799997 ], [ -115.2619713, 36.187065899799997 ], [ -115.2619713, 36.187063199800001 ], [ -115.261968599999989, 36.187063199800001 ], [ -115.261968599999989, 36.187060499799998 ], [ -115.2619632, 36.187060499799998 ], [ -115.2619632, 36.187057799800002 ], [ -115.2619605, 36.187057799800002 ], [ -115.2619605, 36.187055099799998 ], [ -115.2619578, 36.187055099799998 ], [ -115.2619578, 36.187052399800002 ], [ -115.2619551, 36.187052399800002 ], [ -115.2619551, 36.187049699799999 ], [ -115.2619524, 36.187049699799999 ], [ -115.2619524, 36.187046999800003 ], [ -115.261949699999988, 36.187046999800003 ], [ -115.261949699999988, 36.1870442998 ], [ -115.261947, 36.1870442998 ], [ -115.261947, 36.187041599799997 ], [ -115.2619443, 36.187041599799997 ], [ -115.2619443, 36.187038899800001 ], [ -115.2619389, 36.187038899800001 ], [ -115.2619389, 36.187036199799998 ], [ -115.2619362, 36.187036199799998 ], [ -115.2619362, 36.187033499800002 ], [ -115.261930799999988, 36.187033499800002 ], [ -115.261930799999988, 36.187030799799999 ], [ -115.2619281, 36.187030799799999 ], [ -115.2619281, 36.187028099800003 ], [ -115.2619254, 36.187028099800003 ], [ -115.2619254, 36.1870253998 ], [ -115.2619227, 36.1870253998 ], [ -115.2619227, 36.187022699800004 ], [ -115.26192, 36.187022699800004 ], [ -115.26192, 36.1870199998 ], [ -115.2619173, 36.1870199998 ], [ -115.2619173, 36.187017299799997 ], [ -115.2619146, 36.187017299799997 ], [ -115.2619146, 36.187014599800001 ], [ -115.2619119, 36.187014599800001 ], [ -115.2619119, 36.187011899799998 ], [ -115.2619092, 36.187011899799998 ], [ -115.2619092, 36.187009199800002 ], [ -115.2619065, 36.187009199800002 ], [ -115.2619065, 36.187006499799999 ], [ -115.2619038, 36.187006499799999 ], [ -115.2619038, 36.187003799800003 ], [ -115.261901099999989, 36.187003799800003 ], [ -115.261901099999989, 36.1870010998 ], [ -115.2618984, 36.1870010998 ], [ -115.2618984, 36.186998399800004 ], [ -115.2618957, 36.186998399800004 ], [ -115.2618957, 36.186987599799998 ], [ -115.261901099999989, 36.186987599799998 ], [ -115.261901099999989, 36.186990299800001 ], [ -115.2619146, 36.186990299800001 ], [ -115.2619146, 36.186987599799998 ], [ -115.2619173, 36.186987599799998 ], [ -115.2619173, 36.186984899800002 ], [ -115.26192, 36.186984899800002 ], [ -115.26192, 36.186982199799999 ], [ -115.2619254, 36.186982199799999 ], [ -115.2619254, 36.186979499800003 ], [ -115.2619335, 36.186979499800003 ], [ -115.2619335, 36.1869767998 ], [ -115.2619443, 36.1869767998 ], [ -115.2619443, 36.186979499800003 ], [ -115.261949699999988, 36.186979499800003 ], [ -115.261949699999988, 36.186982199799999 ], [ -115.2619524, 36.186982199799999 ], [ -115.2619524, 36.186984899800002 ], [ -115.2619551, 36.186984899800002 ], [ -115.2619551, 36.186987599799998 ], [ -115.2619578, 36.186987599799998 ], [ -115.2619578, 36.186990299800001 ], [ -115.2619605, 36.186990299800001 ], [ -115.2619605, 36.186992999799998 ], [ -115.2619632, 36.186992999799998 ], [ -115.2619632, 36.186995699800001 ], [ -115.2619659, 36.186995699800001 ], [ -115.2619659, 36.186998399800004 ], [ -115.261968599999989, 36.186998399800004 ], [ -115.261968599999989, 36.187003799800003 ], [ -115.2619713, 36.187003799800003 ], [ -115.2619713, 36.187006499799999 ], [ -115.261974, 36.187006499799999 ], [ -115.261974, 36.187011899799998 ], [ -115.2619767, 36.187011899799998 ], [ -115.2619767, 36.187014599800001 ], [ -115.2619794, 36.187014599800001 ], [ -115.2619794, 36.187017299799997 ], [ -115.2619848, 36.187017299799997 ], [ -115.2619848, 36.1870199998 ], [ -115.2619929, 36.1870199998 ], [ -115.2619929, 36.187022699800004 ], [ -115.262001, 36.187022699800004 ], [ -115.262001, 36.1870253998 ], [ -115.2620064, 36.1870253998 ], [ -115.2620064, 36.187028099800003 ], [ -115.2620091, 36.187028099800003 ], [ -115.2620091, 36.187030799799999 ], [ -115.2620118, 36.187030799799999 ], [ -115.2620118, 36.187033499800002 ], [ -115.2620145, 36.187033499800002 ], [ -115.2620145, 36.187036199799998 ], [ -115.262017199999988, 36.187036199799998 ], [ -115.262017199999988, 36.187038899800001 ], [ -115.2620199, 36.187038899800001 ], [ -115.2620199, 36.187041599799997 ], [ -115.2620226, 36.187041599799997 ], [ -115.2620226, 36.1870442998 ], [ -115.2620253, 36.1870442998 ], [ -115.2620253, 36.187046999800003 ], [ -115.2620307, 36.187046999800003 ], [ -115.2620307, 36.187049699799999 ], [ -115.262036099999989, 36.187049699799999 ], [ -115.262036099999989, 36.187052399800002 ], [ -115.2620388, 36.187052399800002 ], [ -115.2620388, 36.187055099799998 ], [ -115.2620415, 36.187055099799998 ], [ -115.2620415, 36.187065899799997 ], [ -115.2620388, 36.187065899799997 ], [ -115.2620388, 36.1870685998 ], [ -115.262036099999989, 36.1870685998 ], [ -115.262036099999989, 36.187071299800003 ], [ -115.2620334, 36.187071299800003 ], [ -115.2620334, 36.187073999799999 ], [ -115.2620307, 36.187073999799999 ], [ -115.2620307, 36.187076699800002 ], [ -115.262028, 36.187076699800002 ], [ -115.262028, 36.187079399799998 ], [ -115.2620253, 36.187079399799998 ], [ -115.2620253, 36.187082099800001 ], [ -115.2620199, 36.187082099800001 ], [ -115.2620199, 36.187084799799997 ], [ -115.262017199999988, 36.187084799799997 ], [ -115.262017199999988, 36.187087499800001 ], [ -115.2620118, 36.187087499800001 ], [ -115.2620118, 36.187090199799997 ] ] ] } },
{ "type": "Feature", "properties": { "value": 255.0 }, "geometry": { "type": "Polygon", "coordinates": [ [ [ -115.2623898, 36.186741899799998 ], [ -115.2623844, 36.186741899799998 ], [ -115.2623844, 36.186731099799999 ], [ -115.2623817, 36.186731099799999 ], [ -115.2623817, 36.186687899799999 ], [ -115.2623844, 36.186687899799999 ], [ -115.2623844, 36.186674399799998 ], [ -115.2623871, 36.186674399799998 ], [ -115.2623871, 36.186671699800002 ], [ -115.2624141, 36.186671699800002 ], [ -115.2624141, 36.186668999799998 ], [ -115.2624249, 36.186668999799998 ], [ -115.2624249, 36.186671699800002 ], [ -115.2624303, 36.186671699800002 ], [ -115.2624303, 36.186674399799998 ], [ -115.262433, 36.186674399799998 ], [ -115.262433, 36.186709499800003 ], [ -115.2624303, 36.186709499800003 ], [ -115.2624303, 36.186720299800001 ], [ -115.2624276, 36.186720299800001 ], [ -115.2624276, 36.1867256998 ], [ -115.2624249, 36.1867256998 ], [ -115.2624249, 36.186728399800003 ], [ -115.2624195, 36.186728399800003 ], [ -115.2624195, 36.186731099799999 ], [ -115.2624168, 36.186731099799999 ], [ -115.2624168, 36.186733799800002 ], [ -115.2624141, 36.186733799800002 ], [ -115.2624141, 36.186736499799999 ], [ -115.2624114, 36.186736499799999 ], [ -115.2624114, 36.186739199800002 ], [ -115.2623898, 36.186739199800002 ], [ -115.2623898, 36.186741899799998 ] ] ] } },
{ "type": "Feature", "properties": { "value": 255.0 }, "geometry": { "type": "Polygon", "coordinates": [ [ [ -115.2629298, 36.186776999800003 ], [ -115.2629082, 36.186776999800003 ], [ -115.2629082, 36.1867742998 ], [ -115.2628839, 36.1867742998 ], [ -115.2628839, 36.186771599800004 ], [ -115.2628542, 36.186771599800004 ], [ -115.2628542, 36.186768899800001 ], [ -115.2628191, 36.186768899800001 ], [ -115.2628191, 36.186766199799997 ], [ -115.2627705, 36.186766199799997 ], [ -115.2627705, 36.186763499800001 ], [ -115.2627516, 36.186763499800001 ], [ -115.2627516, 36.186760799799998 ], [ -115.2627435, 36.186760799799998 ], [ -115.2627435, 36.186758099800002 ], [ -115.2627381, 36.186758099800002 ], [ -115.2627381, 36.186755399799999 ], [ -115.2627354, 36.186755399799999 ], [ -115.2627354, 36.186752699800003 ], [ -115.2627327, 36.186752699800003 ], [ -115.2627327, 36.1867499998 ], [ -115.26273, 36.1867499998 ], [ -115.26273, 36.186747299800004 ], [ -115.2627273, 36.186747299800004 ], [ -115.2627273, 36.186736499799999 ], [ -115.2627246, 36.186736499799999 ], [ -115.2627246, 36.186687899799999 ], [ -115.2627273, 36.186687899799999 ], [ -115.2627273, 36.186674399799998 ], [ -115.26273, 36.186674399799998 ], [ -115.26273, 36.1866581998 ], [ -115.2627327, 36.1866581998 ], [ -115.2627327, 36.186652799800001 ], [ -115.2627543, 36.186652799800001 ], [ -115.2627543, 36.186655499800004 ], [ -115.2627759, 36.186655499800004 ], [ -115.2627759, 36.186652799800001 ], [ -115.2627786, 36.186652799800001 ], [ -115.2627786, 36.186650099799998 ], [ -115.2627813, 36.186650099799998 ], [ -115.2627813, 36.186641999800003 ], [ -115.262784, 36.186641999800003 ], [ -115.262784, 36.186639299799999 ], [ -115.2628137, 36.186639299799999 ], [ -115.2628137, 36.186641999800003 ], [ -115.2628245, 36.186641999800003 ], [ -115.2628245, 36.186644699799999 ], [ -115.2628272, 36.186644699799999 ], [ -115.2628272, 36.186647399800002 ], [ -115.2628299, 36.186647399800002 ], [ -115.2628299, 36.186650099799998 ], [ -115.2628326, 36.186650099799998 ], [ -115.2628326, 36.186652799800001 ], [ -115.262838, 36.186652799800001 ], [ -115.262838, 36.186655499800004 ], [ -115.2628407, 36.186655499800004 ], [ -115.2628407, 36.1866581998 ], [ -115.2628488, 36.1866581998 ], [ -115.2628488, 36.186660899800003 ], [ -115.2628785, 36.186660899800003 ], [ -115.2628785, 36.1866581998 ], [ -115.2628839, 36.1866581998 ], [ -115.2628839, 36.186655499800004 ], [ -115.2628866, 36.186655499800004 ], [ -115.2628866, 36.186652799800001 ], [ -115.2628893, 36.186652799800001 ], [ -115.2628893, 36.186650099799998 ], [ -115.2628947, 36.186650099799998 ], [ -115.2628947, 36.186647399800002 ], [ -115.2629298, 36.186647399800002 ], [ -115.2629298, 36.186650099799998 ], [ -115.2629325, 36.186650099799998 ], [ -115.2629325, 36.186652799800001 ], [ -115.2629352, 36.186652799800001 ], [ -115.2629352, 36.186660899800003 ], [ -115.2629379, 36.186660899800003 ], [ -115.2629379, 36.186693299799998 ], [ -115.2629352, 36.186693299799998 ], [ -115.2629352, 36.186731099799999 ], [ -115.2629325, 36.186731099799999 ], [ -115.2629325, 36.186755399799999 ], [ -115.2629352, 36.186755399799999 ], [ -115.2629352, 36.186768899800001 ], [ -115.2629325, 36.186768899800001 ], [ -115.2629325, 36.1867742998 ], [ -115.2629298, 36.1867742998 ], [ -115.2629298, 36.186776999800003 ] ] ] } },
{ "type": "Feature", "properties": { "value": 255.0 }, "geometry": { "type": "Polygon", "coordinates": [ [ [ -115.262568, 36.186785099799998 ], [ -115.2625653, 36.186785099799998 ], [ -115.2625653, 36.186782399800002 ], [ -115.262541, 36.186782399800002 ], [ -115.262541, 36.186785099799998 ], [ -115.2625329, 36.186785099799998 ], [ -115.2625329, 36.186782399800002 ], [ -115.262487, 36.186782399800002 ], [ -115.262487, 36.186779699799999 ], [ -115.2624789, 36.186779699799999 ], [ -115.2624789, 36.186776999800003 ], [ -115.2624654, 36.186776999800003 ], [ -115.2624654, 36.1867742998 ], [ -115.2624627, 36.1867742998 ], [ -115.2624627, 36.186771599800004 ], [ -115.26246, 36.186771599800004 ], [ -115.26246, 36.186768899800001 ], [ -115.2624573, 36.186768899800001 ], [ -115.2624573, 36.186763499800001 ], [ -115.2624546, 36.186763499800001 ], [ -115.2624546, 36.186752699800003 ], [ -115.2624573, 36.186752699800003 ], [ -115.2624573, 36.186722999800004 ], [ -115.26246, 36.186722999800004 ], [ -115.26246, 36.186674399799998 ], [ -115.2624627, 36.186674399799998 ], [ -115.2624627, 36.186671699800002 ], [ -115.2624762, 36.186671699800002 ], [ -115.2624762, 36.186674399799998 ], [ -115.2624978, 36.186674399799998 ], [ -115.2624978, 36.186671699800002 ], [ -115.2625005, 36.186671699800002 ], [ -115.2625005, 36.186663599799999 ], [ -115.2625032, 36.186663599799999 ], [ -115.2625032, 36.186655499800004 ], [ -115.2625086, 36.186655499800004 ], [ -115.2625086, 36.186652799800001 ], [ -115.2625329, 36.186652799800001 ], [ -115.2625329, 36.186655499800004 ], [ -115.2625356, 36.186655499800004 ], [ -115.2625356, 36.186652799800001 ], [ -115.2625437, 36.186652799800001 ], [ -115.2625437, 36.186655499800004 ], [ -115.2625518, 36.186655499800004 ], [ -115.2625518, 36.1866581998 ], [ -115.2625545, 36.1866581998 ], [ -115.2625545, 36.186660899800003 ], [ -115.262557199999989, 36.186660899800003 ], [ -115.262557199999989, 36.186663599799999 ], [ -115.2625599, 36.186663599799999 ], [ -115.2625599, 36.186666299800002 ], [ -115.2625626, 36.186666299800002 ], [ -115.2625626, 36.186668999799998 ], [ -115.2625815, 36.186668999799998 ], [ -115.2625815, 36.186666299800002 ], [ -115.2625977, 36.186666299800002 ], [ -115.2625977, 36.186663599799999 ], [ -115.2626031, 36.186663599799999 ], [ -115.2626031, 36.1866581998 ], [ -115.262605799999989, 36.1866581998 ], [ -115.262605799999989, 36.186655499800004 ], [ -115.2626085, 36.186655499800004 ], [ -115.2626085, 36.186652799800001 ], [ -115.2626544, 36.186652799800001 ], [ -115.2626544, 36.186655499800004 ], [ -115.2626571, 36.186655499800004 ], [ -115.2626571, 36.1866581998 ], [ -115.2626598, 36.1866581998 ], [ -115.2626598, 36.186663599799999 ], [ -115.2626625, 36.186663599799999 ], [ -115.2626625, 36.186671699800002 ], [ -115.2626652, 36.186671699800002 ], [ -115.2626652, 36.186679799800004 ], [ -115.2626679, 36.186679799800004 ], [ -115.2626679, 36.186690599800002 ], [ -115.2626652, 36.186690599800002 ], [ -115.2626652, 36.186728399800003 ], [ -115.2626679, 36.186728399800003 ], [ -115.2626679, 36.1867742998 ], [ -115.2626652, 36.1867742998 ], [ -115.2626652, 36.186779699799999 ], [ -115.2626598, 36.186779699799999 ], [ -115.2626598, 36.186782399800002 ], [ -115.262568, 36.186782399800002 ], [ -115.262568, 36.186785099799998 ] ] ] } },
{ "type": "Feature", "properties": { "value": 255.0 }, "geometry": { "type": "Polygon", "coordinates": [ [ [ -115.2633213, 36.186776999800003 ], [ -115.2632916, 36.186776999800003 ], [ -115.2632916, 36.1867742998 ], [ -115.2632754, 36.1867742998 ], [ -115.2632754, 36.186776999800003 ], [ -115.26327, 36.186776999800003 ], [ -115.26327, 36.186763499800001 ], [ -115.2632673, 36.186763499800001 ], [ -115.2632673, 36.186760799799998 ], [ -115.2632457, 36.186760799799998 ], [ -115.2632457, 36.186744599800001 ], [ -115.2632484, 36.186744599800001 ], [ -115.2632484, 36.186736499799999 ], [ -115.2632457, 36.186736499799999 ], [ -115.2632457, 36.186733799800002 ], [ -115.263243, 36.186733799800002 ], [ -115.263243, 36.186731099799999 ], [ -115.2632403, 36.186731099799999 ], [ -115.2632403, 36.1867256998 ], [ -115.2632376, 36.1867256998 ], [ -115.2632376, 36.186717599799998 ], [ -115.2632403, 36.186717599799998 ], [ -115.2632403, 36.186698699800004 ], [ -115.263243, 36.186698699800004 ], [ -115.263243, 36.186690599800002 ], [ -115.2632457, 36.186690599800002 ], [ -115.2632457, 36.186660899800003 ], [ -115.2632484, 36.186660899800003 ], [ -115.2632484, 36.186655499800004 ], [ -115.2632592, 36.186655499800004 ], [ -115.2632592, 36.186652799800001 ], [ -115.26327, 36.186652799800001 ], [ -115.26327, 36.186650099799998 ], [ -115.263297, 36.186650099799998 ], [ -115.263297, 36.186647399800002 ], [ -115.2633186, 36.186647399800002 ], [ -115.2633186, 36.186644699799999 ], [ -115.2633402, 36.186644699799999 ], [ -115.2633402, 36.186641999800003 ], [ -115.2633645, 36.186641999800003 ], [ -115.2633645, 36.186639299799999 ], [ -115.2633861, 36.186639299799999 ], [ -115.2633861, 36.186636599800003 ], [ -115.2634104, 36.186636599800003 ], [ -115.2634104, 36.1866338998 ], [ -115.2634617, 36.1866338998 ], [ -115.2634617, 36.186636599800003 ], [ -115.2634644, 36.186636599800003 ], [ -115.2634644, 36.186641999800003 ], [ -115.2634671, 36.186641999800003 ], [ -115.2634671, 36.186652799800001 ], [ -115.2634698, 36.186652799800001 ], [ -115.2634698, 36.186660899800003 ], [ -115.2634725, 36.186660899800003 ], [ -115.2634725, 36.186677099800001 ], [ -115.2634752, 36.186677099800001 ], [ -115.2634752, 36.1866824998 ], [ -115.2634779, 36.1866824998 ], [ -115.2634779, 36.186687899799999 ], [ -115.2634806, 36.186687899799999 ], [ -115.2634806, 36.186709499800003 ], [ -115.2634833, 36.186709499800003 ], [ -115.2634833, 36.186722999800004 ], [ -115.2634806, 36.186722999800004 ], [ -115.2634806, 36.1867256998 ], [ -115.2634752, 36.1867256998 ], [ -115.2634752, 36.186728399800003 ], [ -115.2634671, 36.186728399800003 ], [ -115.2634671, 36.186731099799999 ], [ -115.2634617, 36.186731099799999 ], [ -115.2634617, 36.186733799800002 ], [ -115.2634563, 36.186733799800002 ], [ -115.2634563, 36.186736499799999 ], [ -115.2634536, 36.186736499799999 ], [ -115.2634536, 36.186739199800002 ], [ -115.2634509, 36.186739199800002 ], [ -115.2634509, 36.186758099800002 ], [ -115.2634455, 36.186758099800002 ], [ -115.2634455, 36.186760799799998 ], [ -115.2634185, 36.186760799799998 ], [ -115.2634185, 36.186763499800001 ], [ -115.2634023, 36.186763499800001 ], [ -115.2634023, 36.186760799799998 ], [ -115.2633969, 36.186760799799998 ], [ -115.2633969, 36.186758099800002 ], [ -115.2633888, 36.186758099800002 ], [ -115.2633888, 36.186755399799999 ], [ -115.2633591, 36.186755399799999 ], [ -115.2633591, 36.186758099800002 ], [ -115.263351, 36.186758099800002 ], [ -115.263351, 36.186760799799998 ], [ -115.2633483, 36.186760799799998 ], [ -115.2633483, 36.186763499800001 ], [ -115.2633456, 36.186763499800001 ], [ -115.2633456, 36.186771599800004 ], [ -115.2633429, 36.186771599800004 ], [ -115.2633429, 36.1867742998 ], [ -115.2633213, 36.1867742998 ], [ -115.2633213, 36.186776999800003 ] ] ] } },
{ "type": "Feature", "properties": { "value": 255.0 }, "geometry": { "type": "Polygon", "coordinates": [ [ [ -115.2630702, 36.186779699799999 ], [ -115.263054, 36.186779699799999 ], [ -115.263054, 36.186776999800003 ], [ -115.2630324, 36.186776999800003 ], [ -115.2630324, 36.186779699799999 ], [ -115.263027, 36.186779699799999 ], [ -115.263027, 36.186776999800003 ], [ -115.2630189, 36.186776999800003 ], [ -115.2630189, 36.1867742998 ], [ -115.2630135, 36.1867742998 ], [ -115.2630135, 36.186771599800004 ], [ -115.263010799999989, 36.186771599800004 ], [ -115.263010799999989, 36.186768899800001 ], [ -115.2630081, 36.186768899800001 ], [ -115.2630081, 36.186763499800001 ], [ -115.2630054, 36.186763499800001 ], [ -115.2630054, 36.186760799799998 ], [ -115.2630027, 36.186760799799998 ], [ -115.2630027, 36.186755399799999 ], [ -115.263, 36.186755399799999 ], [ -115.263, 36.1867499998 ], [ -115.2629973, 36.1867499998 ], [ -115.2629973, 36.186741899799998 ], [ -115.2629946, 36.186741899799998 ], [ -115.2629946, 36.186722999800004 ], [ -115.2629919, 36.186722999800004 ], [ -115.2629919, 36.186671699800002 ], [ -115.2629946, 36.186671699800002 ], [ -115.2629946, 36.186652799800001 ], [ -115.2629973, 36.186652799800001 ], [ -115.2629973, 36.186650099799998 ], [ -115.263, 36.186650099799998 ], [ -115.263, 36.186647399800002 ], [ -115.2630054, 36.186647399800002 ], [ -115.2630054, 36.186650099799998 ], [ -115.2630189, 36.186650099799998 ], [ -115.2630189, 36.186652799800001 ], [ -115.2630324, 36.186652799800001 ], [ -115.2630324, 36.186650099799998 ], [ -115.2630351, 36.186650099799998 ], [ -115.2630351, 36.186647399800002 ], [ -115.2630378, 36.186647399800002 ], [ -115.2630378, 36.1866338998 ], [ -115.2630405, 36.1866338998 ], [ -115.2630405, 36.186631199800004 ], [ -115.2630432, 36.186631199800004 ], [ -115.2630432, 36.186628499800001 ], [ -115.2630648, 36.186628499800001 ], [ -115.2630648, 36.186631199800004 ], [ -115.2630837, 36.186631199800004 ], [ -115.2630837, 36.1866338998 ], [ -115.2630864, 36.1866338998 ], [ -115.2630864, 36.186639299799999 ], [ -115.2630891, 36.186639299799999 ], [ -115.2630891, 36.186641999800003 ], [ -115.2630918, 36.186641999800003 ], [ -115.2630918, 36.186644699799999 ], [ -115.2630972, 36.186644699799999 ], [ -115.2630972, 36.186647399800002 ], [ -115.2631431, 36.186647399800002 ], [ -115.2631431, 36.186644699799999 ], [ -115.2631458, 36.186644699799999 ], [ -115.2631458, 36.186641999800003 ], [ -115.2631485, 36.186641999800003 ], [ -115.2631485, 36.186636599800003 ], [ -115.2631512, 36.186636599800003 ], [ -115.2631512, 36.1866338998 ], [ -115.2631539, 36.1866338998 ], [ -115.2631539, 36.186631199800004 ], [ -115.2631566, 36.186631199800004 ], [ -115.2631566, 36.186628499800001 ], [ -115.263189, 36.186628499800001 ], [ -115.263189, 36.186631199800004 ], [ -115.2631944, 36.186631199800004 ], [ -115.2631944, 36.1866338998 ], [ -115.2631971, 36.1866338998 ], [ -115.2631971, 36.186639299799999 ], [ -115.2631998, 36.186639299799999 ], [ -115.2631998, 36.186647399800002 ], [ -115.2632025, 36.186647399800002 ], [ -115.2632025, 36.186652799800001 ], [ -115.2632052, 36.186652799800001 ], [ -115.2632052, 36.1866581998 ], [ -115.2632079, 36.1866581998 ], [ -115.2632079, 36.186663599799999 ], [ -115.2632052, 36.186663599799999 ], [ -115.2632052, 36.186704099800004 ], [ -115.2632079, 36.186704099800004 ], [ -115.2632079, 36.186712199799999 ], [ -115.2632106, 36.186712199799999 ], [ -115.2632106, 36.1867256998 ], [ -115.2632133, 36.1867256998 ], [ -115.2632133, 36.186736499799999 ], [ -115.263216, 36.186736499799999 ], [ -115.263216, 36.186755399799999 ], [ -115.2632187, 36.186755399799999 ], [ -115.2632187, 36.186771599800004 ], [ -115.263216, 36.186771599800004 ], [ -115.263216, 36.1867742998 ], [ -115.2632133, 36.1867742998 ], [ -115.2632133, 36.186776999800003 ], [ -115.2630702, 36.186776999800003 ], [ -115.2630702, 36.186779699799999 ] ] ] } },
{ "type": "Feature", "properties": { "value": 255.0 }, "geometry": { "type": "Polygon", "coordinates": [ [ [ -115.2627894, 36.1866149998 ], [ -115.2627705, 36.1866149998 ], [ -115.2627705, 36.186612299800004 ], [ -115.2626949, 36.186612299800004 ], [ -115.2626949, 36.1866149998 ], [ -115.2626868, 36.1866149998 ], [ -115.2626868, 36.186612299800004 ], [ -115.2626814, 36.186612299800004 ], [ -115.2626814, 36.186609599800001 ], [ -115.2626787, 36.186609599800001 ], [ -115.2626787, 36.186571799799999 ], [ -115.2626814, 36.186571799799999 ], [ -115.2626814, 36.186569099800003 ], [ -115.2626841, 36.186569099800003 ], [ -115.2626841, 36.1865663998 ], [ -115.2627543, 36.1865663998 ], [ -115.2627543, 36.186569099800003 ], [ -115.2627948, 36.186569099800003 ], [ -115.2627948, 36.186571799799999 ], [ -115.2627975, 36.186571799799999 ], [ -115.2627975, 36.186609599800001 ], [ -115.2627948, 36.186609599800001 ], [ -115.2627948, 36.186612299800004 ], [ -115.2627894, 36.186612299800004 ], [ -115.2627894, 36.1866149998 ] ] ] } },
{ "type": "Feature", "properties": { "value": 255.0 }, "geometry": { "type": "Polygon", "coordinates": [ [ [ -115.2629217, 36.186612299800004 ], [ -115.2629055, 36.186612299800004 ], [ -115.2629055, 36.186609599800001 ], [ -115.2629028, 36.186609599800001 ], [ -115.2629028, 36.186585299800001 ], [ -115.2629001, 36.186585299800001 ], [ -115.2629001, 36.186571799799999 ], [ -115.2629028, 36.186571799799999 ], [ -115.2629028, 36.186569099800003 ], [ -115.2629109, 36.186569099800003 ], [ -115.2629109, 36.1865663998 ], [ -115.2629487, 36.1865663998 ], [ -115.2629487, 36.186563699800004 ], [ -115.2629649, 36.186563699800004 ], [ -115.2629649, 36.186560999800001 ], [ -115.2630135, 36.186560999800001 ], [ -115.2630135, 36.186563699800004 ], [ -115.2630162, 36.186563699800004 ], [ -115.2630162, 36.1865663998 ], [ -115.2630189, 36.1865663998 ], [ -115.2630189, 36.186582599800005 ], [ -115.2630216, 36.186582599800005 ], [ -115.2630216, 36.186585299800001 ], [ -115.2630189, 36.186585299800001 ], [ -115.2630189, 36.186593399800003 ], [ -115.2630216, 36.186593399800003 ], [ -115.2630216, 36.186596099799999 ], [ -115.2630189, 36.186596099799999 ], [ -115.2630189, 36.186604199800001 ], [ -115.2630027, 36.186604199800001 ], [ -115.2630027, 36.186606899800005 ], [ -115.2629649, 36.186606899800005 ], [ -115.2629649, 36.186609599800001 ], [ -115.2629217, 36.186609599800001 ], [ -115.2629217, 36.186612299800004 ] ] ] } },
{ "type": "Feature", "properties": { "value": 255.0 }, "geometry": { "type": "Polygon", "coordinates": [ [ [ -115.2626085, 36.1866149998 ], [ -115.2625302, 36.1866149998 ], [ -115.2625302, 36.186612299800004 ], [ -115.2625167, 36.186612299800004 ], [ -115.2625167, 36.1866149998 ], [ -115.2625032, 36.1866149998 ], [ -115.2625032, 36.186612299800004 ], [ -115.2624978, 36.186612299800004 ], [ -115.2624978, 36.186609599800001 ], [ -115.2624951, 36.186609599800001 ], [ -115.2624951, 36.186574499800003 ], [ -115.2624978, 36.186574499800003 ], [ -115.2624978, 36.186571799799999 ], [ -115.2625005, 36.186571799799999 ], [ -115.2625005, 36.186569099800003 ], [ -115.2625599, 36.186569099800003 ], [ -115.2625599, 36.1865663998 ], [ -115.2625734, 36.1865663998 ], [ -115.2625734, 36.186569099800003 ], [ -115.2626112, 36.186569099800003 ], [ -115.2626112, 36.186571799799999 ], [ -115.2626139, 36.186571799799999 ], [ -115.2626139, 36.186579899800002 ], [ -115.2626166, 36.186579899800002 ], [ -115.2626166, 36.186582599800005 ], [ -115.2626139, 36.186582599800005 ], [ -115.2626139, 36.186593399800003 ], [ -115.2626166, 36.186593399800003 ], [ -115.2626166, 36.186609599800001 ], [ -115.2626139, 36.186609599800001 ], [ -115.2626139, 36.186612299800004 ], [ -115.2626085, 36.186612299800004 ], [ -115.2626085, 36.1866149998 ] ] ] } },
{ "type": "Feature", "properties": { "value": 255.0 }, "geometry": { "type": "Polygon", "coordinates": [ [ [ -115.2631377, 36.186585299800001 ], [ -115.2630891, 36.186585299800001 ], [ -115.2630891, 36.186582599800005 ], [ -115.2630864, 36.186582599800005 ], [ -115.2630864, 36.186577199799999 ], [ -115.2630837, 36.186577199799999 ], [ -115.2630837, 36.186571799799999 ], [ -115.263081, 36.186571799799999 ], [ -115.263081, 36.186550199800003 ], [ -115.2630837, 36.186550199800003 ], [ -115.2630837, 36.1865474998 ], [ -115.2630891, 36.1865474998 ], [ -115.2630891, 36.186544799800004 ], [ -115.2630972, 36.186544799800004 ], [ -115.2630972, 36.1865420998 ], [ -115.263108, 36.1865420998 ], [ -115.263108, 36.186539399800004 ], [ -115.2631161, 36.186539399800004 ], [ -115.2631161, 36.186536699800001 ], [ -115.2631269, 36.186536699800001 ], [ -115.2631269, 36.186533999799998 ], [ -115.263135, 36.186533999799998 ], [ -115.263135, 36.186531299800002 ], [ -115.2631404, 36.186531299800002 ], [ -115.2631404, 36.186528599799999 ], [ -115.2631593, 36.186528599799999 ], [ -115.2631593, 36.186525899800003 ], [ -115.2631863, 36.186525899800003 ], [ -115.2631863, 36.186528599799999 ], [ -115.2631917, 36.186528599799999 ], [ -115.2631917, 36.186531299800002 ], [ -115.2631944, 36.186531299800002 ], [ -115.2631944, 36.186536699800001 ], [ -115.2631971, 36.186536699800001 ], [ -115.2631971, 36.1865420998 ], [ -115.2631998, 36.1865420998 ], [ -115.2631998, 36.1865474998 ], [ -115.2632025, 36.1865474998 ], [ -115.2632025, 36.186555599800002 ], [ -115.2632052, 36.186555599800002 ], [ -115.2632052, 36.186563699800004 ], [ -115.2632025, 36.186563699800004 ], [ -115.2632025, 36.1865663998 ], [ -115.2631998, 36.1865663998 ], [ -115.2631998, 36.186569099800003 ], [ -115.2631944, 36.186569099800003 ], [ -115.2631944, 36.186571799799999 ], [ -115.2631836, 36.186571799799999 ], [ -115.2631836, 36.186574499800003 ], [ -115.2631755, 36.186574499800003 ], [ -115.2631755, 36.186577199799999 ], [ -115.2631647, 36.186577199799999 ], [ -115.2631647, 36.186579899800002 ], [ -115.2631512, 36.186579899800002 ], [ -115.2631512, 36.186582599800005 ], [ -115.2631377, 36.186582599800005 ], [ -115.2631377, 36.186585299800001 ] ] ] } },
{ "type": "Feature", "properties": { "value": 255.0 }, "geometry": { "type": "Polygon", "coordinates": [ [ [ -115.2633294, 36.186625799799998 ], [ -115.2632835, 36.186625799799998 ], [ -115.2632835, 36.186623099800002 ], [ -115.2632781, 36.186623099800002 ], [ -115.2632781, 36.186620399799999 ], [ -115.26327, 36.186620399799999 ], [ -115.26327, 36.186593399800003 ], [ -115.2632619, 36.186593399800003 ], [ -115.2632619, 36.186596099799999 ], [ -115.2632565, 36.186596099799999 ], [ -115.2632565, 36.186593399800003 ], [ -115.2632538, 36.186593399800003 ], [ -115.2632538, 36.1865906998 ], [ -115.2632565, 36.1865906998 ], [ -115.2632565, 36.186587999800004 ], [ -115.2632538, 36.186587999800004 ], [ -115.2632538, 36.186585299800001 ], [ -115.2632457, 36.186585299800001 ], [ -115.2632457, 36.186582599800005 ], [ -115.263243, 36.186582599800005 ], [ -115.263243, 36.186569099800003 ], [ -115.2632403, 36.186569099800003 ], [ -115.2632403, 36.1865474998 ], [ -115.2632376, 36.1865474998 ], [ -115.2632376, 36.186531299800002 ], [ -115.2632403, 36.186531299800002 ], [ -115.2632403, 36.186525899800003 ], [ -115.2632484, 36.186525899800003 ], [ -115.2632484, 36.1865231998 ], [ -115.2632511, 36.1865231998 ], [ -115.2632511, 36.186525899800003 ], [ -115.26327, 36.186525899800003 ], [ -115.26327, 36.1865231998 ], [ -115.2632727, 36.1865231998 ], [ -115.2632727, 36.186520499800004 ], [ -115.2632754, 36.186520499800004 ], [ -115.2632754, 36.186515099800005 ], [ -115.2632781, 36.186515099800005 ], [ -115.2632781, 36.186506999800002 ], [ -115.2632808, 36.186506999800002 ], [ -115.2632808, 36.186504299799999 ], [ -115.2632835, 36.186504299799999 ], [ -115.2632835, 36.186501599800003 ], [ -115.2633132, 36.186501599800003 ], [ -115.2633132, 36.1864988998 ], [ -115.2633267, 36.1864988998 ], [ -115.2633267, 36.186501599800003 ], [ -115.2633321, 36.186501599800003 ], [ -115.2633321, 36.186504299799999 ], [ -115.2633375, 36.186504299799999 ], [ -115.2633375, 36.186506999800002 ], [ -115.2633726, 36.186506999800002 ], [ -115.2633726, 36.186504299799999 ], [ -115.2633807, 36.186504299799999 ], [ -115.2633807, 36.186501599800003 ], [ -115.2633834, 36.186501599800003 ], [ -115.2633834, 36.1864988998 ], [ -115.2633861, 36.1864988998 ], [ -115.2633861, 36.186493499800001 ], [ -115.2633888, 36.186493499800001 ], [ -115.2633888, 36.186490799800005 ], [ -115.2633915, 36.186490799800005 ], [ -115.2633915, 36.186488099800002 ], [ -115.2633996, 36.186488099800002 ], [ -115.2633996, 36.186485399799999 ], [ -115.263432, 36.186485399799999 ], [ -115.263432, 36.186488099800002 ], [ -115.2634347, 36.186488099800002 ], [ -115.2634347, 36.186490799800005 ], [ -115.2634374, 36.186490799800005 ], [ -115.2634374, 36.186496199800004 ], [ -115.2634401, 36.186496199800004 ], [ -115.2634401, 36.1864988998 ], [ -115.2634428, 36.1864988998 ], [ -115.2634428, 36.186501599800003 ], [ -115.2634482, 36.186501599800003 ], [ -115.2634482, 36.186504299799999 ], [ -115.2634536, 36.186504299799999 ], [ -115.2634536, 36.186506999800002 ], [ -115.263459, 36.186506999800002 ], [ -115.263459, 36.186509699799998 ], [ -115.2634617, 36.186509699799998 ], [ -115.2634617, 36.186515099800005 ], [ -115.2634644, 36.186515099800005 ], [ -115.2634644, 36.186531299800002 ], [ -115.2634671, 36.186531299800002 ], [ -115.2634671, 36.1865474998 ], [ -115.2634698, 36.1865474998 ], [ -115.2634698, 36.186558299799998 ], [ -115.2634725, 36.186558299799998 ], [ -115.2634725, 36.186569099800003 ], [ -115.2634752, 36.186569099800003 ], [ -115.2634752, 36.186577199799999 ], [ -115.2634779, 36.186577199799999 ], [ -115.2634779, 36.186582599800005 ], [ -115.2634806, 36.186582599800005 ], [ -115.2634806, 36.186585299800001 ], [ -115.2634833, 36.186585299800001 ], [ -115.2634833, 36.186587999800004 ], [ -115.263486, 36.186587999800004 ], [ -115.263486, 36.186604199800001 ], [ -115.2634833, 36.186604199800001 ], [ -115.2634833, 36.186606899800005 ], [ -115.2634698, 36.186606899800005 ], [ -115.2634698, 36.186609599800001 ], [ -115.2634428, 36.186609599800001 ], [ -115.2634428, 36.186612299800004 ], [ -115.2634185, 36.186612299800004 ], [ -115.2634185, 36.1866149998 ], [ -115.2633969, 36.1866149998 ], [ -115.2633969, 36.186617699800003 ], [ -115.263378, 36.186617699800003 ], [ -115.263378, 36.186620399799999 ], [ -115.2633591, 36.186620399799999 ], [ -115.2633591, 36.186623099800002 ], [ -115.2633294, 36.186623099800002 ], [ -115.2633294, 36.186625799799998 ] ] ] } },
{ "type": "Feature", "properties": { "value": 255.0 }, "geometry": { "type": "Polygon", "coordinates": [ [ [ -115.2635535, 36.186585299800001 ], [ -115.2635022, 36.186585299800001 ], [ -115.2635022, 36.186515099800005 ], [ -115.2634995, 36.186515099800005 ], [ -115.2634995, 36.186488099800002 ], [ -115.2634968, 36.186488099800002 ], [ -115.2634968, 36.186458399800003 ], [ -115.2634995, 36.186458399800003 ], [ -115.2634995, 36.186452999800004 ], [ -115.2635049, 36.186452999800004 ], [ -115.2635049, 36.186450299800001 ], [ -115.2635319, 36.186450299800001 ], [ -115.2635319, 36.186452999800004 ], [ -115.2635481, 36.186452999800004 ], [ -115.2635481, 36.1864556998 ], [ -115.2635535, 36.1864556998 ], [ -115.2635535, 36.186585299800001 ] ] ] } },
{ "type": "Feature", "properties": { "value": 255.0 }, "geometry": { "type": "Polygon", "coordinates": [ [ [ -115.2618984, 36.1864313998 ], [ -115.2618876, 36.1864313998 ], [ -115.2618876, 36.186371999800002 ], [ -115.2619065, 36.186371999800002 ], [ -115.2619065, 36.186374699800005 ], [ -115.2619146, 36.186374699800005 ], [ -115.2619146, 36.186377399800001 ], [ -115.2619173, 36.186377399800001 ], [ -115.2619173, 36.186380099800004 ], [ -115.26192, 36.186380099800004 ], [ -115.26192, 36.1863827998 ], [ -115.2619254, 36.1863827998 ], [ -115.2619254, 36.186385499800004 ], [ -115.2619281, 36.186385499800004 ], [ -115.2619281, 36.1863881998 ], [ -115.261930799999988, 36.1863881998 ], [ -115.261930799999988, 36.186390899800003 ], [ -115.2619335, 36.186390899800003 ], [ -115.2619335, 36.186404399800004 ], [ -115.261930799999988, 36.186404399800004 ], [ -115.261930799999988, 36.1864070998 ], [ -115.2619281, 36.1864070998 ], [ -115.2619281, 36.186409799800003 ], [ -115.2619254, 36.186409799800003 ], [ -115.2619254, 36.186412499799999 ], [ -115.2619227, 36.186412499799999 ], [ -115.2619227, 36.186415199800003 ], [ -115.2619173, 36.186415199800003 ], [ -115.2619173, 36.186417899799999 ], [ -115.2619146, 36.186417899799999 ], [ -115.2619146, 36.186420599800002 ], [ -115.2619092, 36.186420599800002 ], [ -115.2619092, 36.186423299800005 ], [ -115.2619065, 36.186423299800005 ], [ -115.2619065, 36.186425999800001 ], [ -115.261901099999989, 36.186425999800001 ], [ -115.261901099999989, 36.186428699800004 ], [ -115.2618984, 36.186428699800004 ], [ -115.2618984, 36.1864313998 ] ] ] } },
{ "type": "Feature", "properties": { "value": 255.0 }, "geometry": { "type": "Polygon", "coordinates": [ [ [ -115.2633699, 36.1863881998 ], [ -115.2633591, 36.1863881998 ], [ -115.2633591, 36.186385499800004 ], [ -115.2633456, 36.186385499800004 ], [ -115.2633456, 36.1863827998 ], [ -115.2633402, 36.1863827998 ], [ -115.2633402, 36.186380099800004 ], [ -115.2633375, 36.186380099800004 ], [ -115.2633375, 36.186374699800005 ], [ -115.2633348, 36.186374699800005 ], [ -115.2633348, 36.1863638998 ], [ -115.2633375, 36.1863638998 ], [ -115.2633375, 36.186358499800001 ], [ -115.2633402, 36.186358499800001 ], [ -115.2633402, 36.186355799800005 ], [ -115.2633429, 36.186355799800005 ], [ -115.2633429, 36.186353099800002 ], [ -115.2633456, 36.186353099800002 ], [ -115.2633456, 36.186350399799998 ], [ -115.2633564, 36.186350399799998 ], [ -115.2633564, 36.186347699800002 ], [ -115.2633726, 36.186347699800002 ], [ -115.2633726, 36.186344999799999 ], [ -115.2633807, 36.186344999799999 ], [ -115.2633807, 36.186342299800003 ], [ -115.2633888, 36.186342299800003 ], [ -115.2633888, 36.1863395998 ], [ -115.2633969, 36.1863395998 ], [ -115.2633969, 36.186336899800004 ], [ -115.263405, 36.186336899800004 ], [ -115.263405, 36.186334199800001 ], [ -115.2634077, 36.186334199800001 ], [ -115.2634077, 36.186331499800005 ], [ -115.2634104, 36.186331499800005 ], [ -115.2634104, 36.186328799800002 ], [ -115.2634131, 36.186328799800002 ], [ -115.2634131, 36.186326099799999 ], [ -115.2634158, 36.186326099799999 ], [ -115.2634158, 36.186323399800003 ], [ -115.2634239, 36.186323399800003 ], [ -115.2634239, 36.1863206998 ], [ -115.2634374, 36.1863206998 ], [ -115.2634374, 36.186323399800003 ], [ -115.2634428, 36.186323399800003 ], [ -115.2634428, 36.1863206998 ], [ -115.2634455, 36.1863206998 ], [ -115.2634455, 36.186323399800003 ], [ -115.2634509, 36.186323399800003 ], [ -115.2634509, 36.186326099799999 ], [ -115.2634536, 36.186326099799999 ], [ -115.2634536, 36.186334199800001 ], [ -115.2634509, 36.186334199800001 ], [ -115.2634509, 36.186355799800005 ], [ -115.2634536, 36.186355799800005 ], [ -115.2634536, 36.1863638998 ], [ -115.2634509, 36.1863638998 ], [ -115.2634509, 36.186366599800003 ], [ -115.2634374, 36.186366599800003 ], [ -115.2634374, 36.186369299799999 ], [ -115.2634266, 36.186369299799999 ], [ -115.2634266, 36.186371999800002 ], [ -115.2634185, 36.186371999800002 ], [ -115.2634185, 36.186374699800005 ], [ -115.2634104, 36.186374699800005 ], [ -115.2634104, 36.186377399800001 ], [ -115.263405, 36.186377399800001 ], [ -115.263405, 36.186380099800004 ], [ -115.2633942, 36.186380099800004 ], [ -115.2633942, 36.1863827998 ], [ -115.2633807, 36.1863827998 ], [ -115.2633807, 36.186385499800004 ], [ -115.2633699, 36.186385499800004 ], [ -115.2633699, 36.1863881998 ] ] ] } },
{ "type": "Feature", "properties": { "value": 255.0 }, "geometry": { "type": "Polygon", "coordinates": [ [ [ -115.2626625, 36.186496199800004 ], [ -115.262622, 36.186496199800004 ], [ -115.262622, 36.186493499800001 ], [ -115.2626193, 36.186493499800001 ], [ -115.2626193, 36.186485399799999 ], [ -115.2626166, 36.186485399799999 ], [ -115.2626166, 36.1864799998 ], [ -115.2626139, 36.1864799998 ], [ -115.2626139, 36.186477299800003 ], [ -115.2625896, 36.186477299800003 ], [ -115.2625896, 36.1864745998 ], [ -115.2625869, 36.1864745998 ], [ -115.2625869, 36.186458399800003 ], [ -115.2625896, 36.186458399800003 ], [ -115.2625896, 36.186447599800005 ], [ -115.2625923, 36.186447599800005 ], [ -115.2625923, 36.186436799799999 ], [ -115.2625896, 36.186436799799999 ], [ -115.2625896, 36.186425999800001 ], [ -115.2625869, 36.186425999800001 ], [ -115.2625869, 36.186423299800005 ], [ -115.2625842, 36.186423299800005 ], [ -115.2625842, 36.186420599800002 ], [ -115.2625815, 36.186420599800002 ], [ -115.2625815, 36.186417899799999 ], [ -115.2625707, 36.186417899799999 ], [ -115.2625707, 36.186420599800002 ], [ -115.2625545, 36.186420599800002 ], [ -115.2625545, 36.186417899799999 ], [ -115.262541, 36.186417899799999 ], [ -115.262541, 36.186415199800003 ], [ -115.2625356, 36.186415199800003 ], [ -115.2625356, 36.186412499799999 ], [ -115.2625329, 36.186412499799999 ], [ -115.2625329, 36.186404399800004 ], [ -115.2625356, 36.186404399800004 ], [ -115.2625356, 36.186401699800001 ], [ -115.262538299999989, 36.186401699800001 ], [ -115.262538299999989, 36.186398999800005 ], [ -115.262541, 36.186398999800005 ], [ -115.262541, 36.186396299800002 ], [ -115.2625437, 36.186396299800002 ], [ -115.2625437, 36.186393599799999 ], [ -115.2625464, 36.186393599799999 ], [ -115.2625464, 36.186390899800003 ], [ -115.2625491, 36.186390899800003 ], [ -115.2625491, 36.1863881998 ], [ -115.2625518, 36.1863881998 ], [ -115.2625518, 36.186385499800004 ], [ -115.2625545, 36.186385499800004 ], [ -115.2625545, 36.1863827998 ], [ -115.262557199999989, 36.1863827998 ], [ -115.262557199999989, 36.186380099800004 ], [ -115.2625599, 36.186380099800004 ], [ -115.2625599, 36.186377399800001 ], [ -115.2625653, 36.186377399800001 ], [ -115.2625653, 36.186374699800005 ], [ -115.262568, 36.186374699800005 ], [ -115.262568, 36.186371999800002 ], [ -115.2625734, 36.186371999800002 ], [ -115.2625734, 36.186369299799999 ], [ -115.2625761, 36.186369299799999 ], [ -115.2625761, 36.186366599800003 ], [ -115.2625842, 36.186366599800003 ], [ -115.2625842, 36.1863638998 ], [ -115.2626112, 36.1863638998 ], [ -115.2626112, 36.186366599800003 ], [ -115.2626895, 36.186366599800003 ], [ -115.2626895, 36.1863638998 ], [ -115.2627786, 36.1863638998 ], [ -115.2627786, 36.186361199800004 ], [ -115.2627948, 36.186361199800004 ], [ -115.2627948, 36.186358499800001 ], [ -115.262808299999989, 36.186358499800001 ], [ -115.262808299999989, 36.186361199800004 ], [ -115.2628137, 36.186361199800004 ], [ -115.2628137, 36.186366599800003 ], [ -115.2628164, 36.186366599800003 ], [ -115.2628164, 36.186374699800005 ], [ -115.2628272, 36.186374699800005 ], [ -115.2628272, 36.186371999800002 ], [ -115.2628326, 36.186371999800002 ], [ -115.2628326, 36.186369299799999 ], [ -115.2628407, 36.186369299799999 ], [ -115.2628407, 36.186366599800003 ], [ -115.2628812, 36.186366599800003 ], [ -115.2628812, 36.1863638998 ], [ -115.2628974, 36.1863638998 ], [ -115.2628974, 36.186361199800004 ], [ -115.2629136, 36.186361199800004 ], [ -115.2629136, 36.186358499800001 ], [ -115.2629298, 36.186358499800001 ], [ -115.2629298, 36.186355799800005 ], [ -115.262943299999989, 36.186355799800005 ], [ -115.262943299999989, 36.186353099800002 ], [ -115.2629622, 36.186353099800002 ], [ -115.2629622, 36.186350399799998 ], [ -115.2629838, 36.186350399799998 ], [ -115.2629838, 36.186347699800002 ], [ -115.2630054, 36.186347699800002 ], [ -115.2630054, 36.186344999799999 ], [ -115.2630162, 36.186344999799999 ], [ -115.2630162, 36.186342299800003 ], [ -115.2630243, 36.186342299800003 ], [ -115.2630243, 36.1863395998 ], [ -115.2630297, 36.1863395998 ], [ -115.2630297, 36.186331499800005 ], [ -115.263027, 36.186331499800005 ], [ -115.263027, 36.186317999800004 ], [ -115.2630297, 36.186317999800004 ], [ -115.2630297, 36.186307199800005 ], [ -115.263027, 36.186307199800005 ], [ -115.263027, 36.186304499800002 ], [ -115.2630243, 36.186304499800002 ], [ -115.2630243, 36.186301799799999 ], [ -115.2630216, 36.186301799799999 ], [ -115.2630216, 36.186299099800003 ], [ -115.2630162, 36.186299099800003 ], [ -115.2630162, 36.1862963998 ], [ -115.263010799999989, 36.1862963998 ], [ -115.263010799999989, 36.186293699800004 ], [ -115.2630027, 36.186293699800004 ], [ -115.2630027, 36.1862963998 ], [ -115.2629892, 36.1862963998 ], [ -115.2629892, 36.186299099800003 ], [ -115.2629757, 36.186299099800003 ], [ -115.2629757, 36.186301799799999 ], [ -115.2629676, 36.186301799799999 ], [ -115.2629676, 36.186304499800002 ], [ -115.2629595, 36.186304499800002 ], [ -115.2629595, 36.186307199800005 ], [ -115.2629514, 36.186307199800005 ], [ -115.2629514, 36.186309899800001 ], [ -115.262943299999989, 36.186309899800001 ], [ -115.262943299999989, 36.186312599800004 ], [ -115.2629352, 36.186312599800004 ], [ -115.2629352, 36.1863152998 ], [ -115.2629298, 36.1863152998 ], [ -115.2629298, 36.186317999800004 ], [ -115.2629217, 36.186317999800004 ], [ -115.2629217, 36.1863206998 ], [ -115.2629136, 36.1863206998 ], [ -115.2629136, 36.186323399800003 ], [ -115.2629082, 36.186323399800003 ], [ -115.2629082, 36.186326099799999 ], [ -115.2629001, 36.186326099799999 ], [ -115.2629001, 36.186328799800002 ], [ -115.262892, 36.186328799800002 ], [ -115.262892, 36.186331499800005 ], [ -115.2628812, 36.186331499800005 ], [ -115.2628812, 36.186334199800001 ], [ -115.2628731, 36.186334199800001 ], [ -115.2628731, 36.186336899800004 ], [ -115.2628596, 36.186336899800004 ], [ -115.2628596, 36.1863395998 ], [ -115.2628461, 36.1863395998 ], [ -115.2628461, 36.186336899800004 ], [ -115.2628407, 36.186336899800004 ], [ -115.2628407, 36.186334199800001 ], [ -115.262838, 36.186334199800001 ], [ -115.262838, 36.186331499800005 ], [ -115.2628353, 36.186331499800005 ], [ -115.2628353, 36.186323399800003 ], [ -115.2628326, 36.186323399800003 ], [ -115.2628326, 36.186317999800004 ], [ -115.2628299, 36.186317999800004 ], [ -115.2628299, 36.186312599800004 ], [ -115.2628245, 36.186312599800004 ], [ -115.2628245, 36.186309899800001 ], [ -115.2628191, 36.186309899800001 ], [ -115.2628191, 36.186307199800005 ], [ -115.262811, 36.186307199800005 ], [ -115.262811, 36.186304499800002 ], [ -115.262808299999989, 36.186304499800002 ], [ -115.262808299999989, 36.186301799799999 ], [ -115.2628056, 36.186301799799999 ], [ -115.2628056, 36.186299099800003 ], [ -115.2628029, 36.186299099800003 ], [ -115.2628029, 36.186293699800004 ], [ -115.2628002, 36.186293699800004 ], [ -115.2628002, 36.186288299800005 ], [ -115.2627975, 36.186288299800005 ], [ -115.2627975, 36.186282899800005 ], [ -115.2627948, 36.186282899800005 ], [ -115.2627948, 36.186280199800002 ], [ -115.2627921, 36.186280199800002 ], [ -115.2627921, 36.186274799800003 ], [ -115.2627894, 36.186274799800003 ], [ -115.2627894, 36.186266699800001 ], [ -115.2627867, 36.186266699800001 ], [ -115.2627867, 36.186261299800002 ], [ -115.262784, 36.186261299800002 ], [ -115.262784, 36.186253199799999 ], [ -115.2627867, 36.186253199799999 ], [ -115.2627867, 36.186250499800003 ], [ -115.2628002, 36.186250499800003 ], [ -115.2628002, 36.1862477998 ], [ -115.2628056, 36.1862477998 ], [ -115.2628056, 36.186231599800003 ], [ -115.2628029, 36.186231599800003 ], [ -115.2628029, 36.186223499800001 ], [ -115.2628056, 36.186223499800001 ], [ -115.2628056, 36.186220799800004 ], [ -115.262808299999989, 36.186220799800004 ], [ -115.262808299999989, 36.186218099800001 ], [ -115.2628164, 36.186218099800001 ], [ -115.2628164, 36.186215399800005 ], [ -115.2628191, 36.186215399800005 ], [ -115.2628191, 36.186212699800002 ], [ -115.2630999, 36.186212699800002 ], [ -115.2630999, 36.186215399800005 ], [ -115.2631053, 36.186215399800005 ], [ -115.2631053, 36.186218099800001 ], [ -115.2630999, 36.186218099800001 ], [ -115.2630999, 36.186220799800004 ], [ -115.2630945, 36.186220799800004 ], [ -115.2630945, 36.186223499800001 ], [ -115.2630891, 36.186223499800001 ], [ -115.2630891, 36.186226199800004 ], [ -115.2630864, 36.186226199800004 ], [ -115.2630864, 36.186231599800003 ], [ -115.2630945, 36.186231599800003 ], [ -115.2630945, 36.186234299799999 ], [ -115.263135, 36.186234299799999 ], [ -115.263135, 36.186231599800003 ], [ -115.2631539, 36.186231599800003 ], [ -115.2631539, 36.1862288998 ], [ -115.2631674, 36.1862288998 ], [ -115.2631674, 36.186226199800004 ], [ -115.2631836, 36.186226199800004 ], [ -115.2631836, 36.186223499800001 ], [ -115.2631944, 36.186223499800001 ], [ -115.2631944, 36.186220799800004 ], [ -115.2632106, 36.186220799800004 ], [ -115.2632106, 36.186226199800004 ], [ -115.2632133, 36.186226199800004 ], [ -115.2632133, 36.186234299799999 ], [ -115.263216, 36.186234299799999 ], [ -115.263216, 36.186236999800002 ], [ -115.2632187, 36.186236999800002 ], [ -115.2632187, 36.186239699800005 ], [ -115.2632268, 36.186239699800005 ], [ -115.2632268, 36.186242399800001 ], [ -115.2632322, 36.186242399800001 ], [ -115.2632322, 36.186245099800004 ], [ -115.2632376, 36.186245099800004 ], [ -115.2632376, 36.1862477998 ], [ -115.263243, 36.1862477998 ], [ -115.263243, 36.186250499800003 ], [ -115.2632484, 36.186250499800003 ], [ -115.2632484, 36.186253199799999 ], [ -115.2632511, 36.186253199799999 ], [ -115.2632511, 36.186255899800003 ], [ -115.2632538, 36.186255899800003 ], [ -115.2632538, 36.186258599799999 ], [ -115.2632565, 36.186258599799999 ], [ -115.2632565, 36.186261299800002 ], [ -115.2632619, 36.186261299800002 ], [ -115.2632619, 36.186263999800005 ], [ -115.2632646, 36.186263999800005 ], [ -115.2632646, 36.186266699800001 ], [ -115.2632673, 36.186266699800001 ], [ -115.2632673, 36.186288299800005 ], [ -115.2632646, 36.186288299800005 ], [ -115.2632646, 36.186290999800001 ], [ -115.2632619, 36.186290999800001 ], [ -115.2632619, 36.186293699800004 ], [ -115.2632592, 36.186293699800004 ], [ -115.2632592, 36.1862963998 ], [ -115.2632565, 36.1862963998 ], [ -115.2632565, 36.186299099800003 ], [ -115.2632538, 36.186299099800003 ], [ -115.2632538, 36.186304499800002 ], [ -115.2632511, 36.186304499800002 ], [ -115.2632511, 36.1863206998 ], [ -115.2632538, 36.1863206998 ], [ -115.2632538, 36.186328799800002 ], [ -115.2632565, 36.186328799800002 ], [ -115.2632565, 36.186331499800005 ], [ -115.26327, 36.186331499800005 ], [ -115.26327, 36.186336899800004 ], [ -115.2632754, 36.186336899800004 ], [ -115.2632754, 36.1863395998 ], [ -115.2632781, 36.1863395998 ], [ -115.2632781, 36.186342299800003 ], [ -115.2632808, 36.186342299800003 ], [ -115.2632808, 36.186347699800002 ], [ -115.2632835, 36.186347699800002 ], [ -115.2632835, 36.186355799800005 ], [ -115.2632862, 36.186355799800005 ], [ -115.2632862, 36.186377399800001 ], [ -115.2632835, 36.186377399800001 ], [ -115.2632835, 36.1863827998 ], [ -115.2632808, 36.1863827998 ], [ -115.2632808, 36.186385499800004 ], [ -115.2632754, 36.186385499800004 ], [ -115.2632754, 36.1863881998 ], [ -115.26327, 36.1863881998 ], [ -115.26327, 36.186396299800002 ], [ -115.2632592, 36.186396299800002 ], [ -115.2632592, 36.186398999800005 ], [ -115.263216, 36.186398999800005 ], [ -115.263216, 36.186401699800001 ], [ -115.2632052, 36.186401699800001 ], [ -115.2632052, 36.186404399800004 ], [ -115.2631971, 36.186404399800004 ], [ -115.2631971, 36.1864070998 ], [ -115.2631917, 36.1864070998 ], [ -115.2631917, 36.186409799800003 ], [ -115.2631863, 36.186409799800003 ], [ -115.2631863, 36.186412499799999 ], [ -115.2631809, 36.186412499799999 ], [ -115.2631809, 36.186415199800003 ], [ -115.2631728, 36.186415199800003 ], [ -115.2631728, 36.186417899799999 ], [ -115.2631593, 36.186417899799999 ], [ -115.2631593, 36.186420599800002 ], [ -115.2631161, 36.186420599800002 ], [ -115.2631161, 36.186417899799999 ], [ -115.2631134, 36.186417899799999 ], [ -115.2631134, 36.186415199800003 ], [ -115.2631107, 36.186415199800003 ], [ -115.2631107, 36.186409799800003 ], [ -115.263108, 36.186409799800003 ], [ -115.263108, 36.1864070998 ], [ -115.2631053, 36.1864070998 ], [ -115.2631053, 36.186404399800004 ], [ -115.2631026, 36.186404399800004 ], [ -115.2631026, 36.186398999800005 ], [ -115.2630999, 36.186398999800005 ], [ -115.2630999, 36.186396299800002 ], [ -115.2630972, 36.186396299800002 ], [ -115.2630972, 36.186390899800003 ], [ -115.2630918, 36.186390899800003 ], [ -115.2630918, 36.1863881998 ], [ -115.2630864, 36.1863881998 ], [ -115.2630864, 36.186393599799999 ], [ -115.2630837, 36.186393599799999 ], [ -115.2630837, 36.186396299800002 ], [ -115.263081, 36.186396299800002 ], [ -115.263081, 36.186398999800005 ], [ -115.263078299999989, 36.186398999800005 ], [ -115.263078299999989, 36.186404399800004 ], [ -115.2630756, 36.186404399800004 ], [ -115.2630756, 36.186417899799999 ], [ -115.2630729, 36.186417899799999 ], [ -115.2630729, 36.186423299800005 ], [ -115.2630702, 36.186423299800005 ], [ -115.2630702, 36.1864313998 ], [ -115.2630675, 36.1864313998 ], [ -115.2630675, 36.186436799799999 ], [ -115.2630648, 36.186436799799999 ], [ -115.2630648, 36.186442199799998 ], [ -115.2630621, 36.186442199799998 ], [ -115.2630621, 36.186444899800001 ], [ -115.2630594, 36.186444899800001 ], [ -115.2630594, 36.186447599800005 ], [ -115.263054, 36.186447599800005 ], [ -115.263054, 36.186450299800001 ], [ -115.2630486, 36.186450299800001 ], [ -115.2630486, 36.1864556998 ], [ -115.2630459, 36.1864556998 ], [ -115.2630459, 36.186471899800004 ], [ -115.2630432, 36.186471899800004 ], [ -115.2630432, 36.1864745998 ], [ -115.2630162, 36.1864745998 ], [ -115.2630162, 36.186477299800003 ], [ -115.2630027, 36.186477299800003 ], [ -115.2630027, 36.1864745998 ], [ -115.2629973, 36.1864745998 ], [ -115.2629973, 36.186471899800004 ], [ -115.2629919, 36.186471899800004 ], [ -115.2629919, 36.186469199800001 ], [ -115.2629541, 36.186469199800001 ], [ -115.2629541, 36.186471899800004 ], [ -115.262946, 36.186471899800004 ], [ -115.262946, 36.1864745998 ], [ -115.262943299999989, 36.1864745998 ], [ -115.262943299999989, 36.1864799998 ], [ -115.2629406, 36.1864799998 ], [ -115.2629406, 36.186485399799999 ], [ -115.2629379, 36.186485399799999 ], [ -115.2629379, 36.186488099800002 ], [ -115.2629325, 36.186488099800002 ], [ -115.2629325, 36.186490799800005 ], [ -115.2629082, 36.186490799800005 ], [ -115.2629082, 36.186493499800001 ], [ -115.2628947, 36.186493499800001 ], [ -115.2628947, 36.186490799800005 ], [ -115.262892, 36.186490799800005 ], [ -115.262892, 36.186485399799999 ], [ -115.2628893, 36.186485399799999 ], [ -115.2628893, 36.1864799998 ], [ -115.2628866, 36.1864799998 ], [ -115.2628866, 36.186477299800003 ], [ -115.2628839, 36.186477299800003 ], [ -115.2628839, 36.1864745998 ], [ -115.2628596, 36.1864745998 ], [ -115.2628596, 36.186477299800003 ], [ -115.2628272, 36.186477299800003 ], [ -115.2628272, 36.1864745998 ], [ -115.2628245, 36.1864745998 ], [ -115.2628245, 36.186471899800004 ], [ -115.2628218, 36.186471899800004 ], [ -115.2628218, 36.1863881998 ], [ -115.2628191, 36.1863881998 ], [ -115.2628191, 36.186385499800004 ], [ -115.262811, 36.186385499800004 ], [ -115.262811, 36.186390899800003 ], [ -115.262808299999989, 36.186390899800003 ], [ -115.262808299999989, 36.186396299800002 ], [ -115.2628056, 36.186396299800002 ], [ -115.2628056, 36.186409799800003 ], [ -115.2628029, 36.186409799800003 ], [ -115.2628029, 36.186420599800002 ], [ -115.2628056, 36.186420599800002 ], [ -115.2628056, 36.186428699800004 ], [ -115.2628029, 36.186428699800004 ], [ -115.2628029, 36.1864556998 ], [ -115.2628002, 36.1864556998 ], [ -115.2628002, 36.186463799800002 ], [ -115.2627975, 36.186463799800002 ], [ -115.2627975, 36.186466499799998 ], [ -115.2627948, 36.186466499799998 ], [ -115.2627948, 36.186469199800001 ], [ -115.2627867, 36.186469199800001 ], [ -115.2627867, 36.186471899800004 ], [ -115.2627813, 36.186471899800004 ], [ -115.2627813, 36.186477299800003 ], [ -115.2627786, 36.186477299800003 ], [ -115.2627786, 36.186488099800002 ], [ -115.2627759, 36.186488099800002 ], [ -115.2627759, 36.186490799800005 ], [ -115.2627732, 36.186490799800005 ], [ -115.2627732, 36.186493499800001 ], [ -115.2627327, 36.186493499800001 ], [ -115.2627327, 36.186490799800005 ], [ -115.26273, 36.186490799800005 ], [ -115.26273, 36.186488099800002 ], [ -115.2627273, 36.186488099800002 ], [ -115.2627273, 36.186485399799999 ], [ -115.2627246, 36.186485399799999 ], [ -115.2627246, 36.186482699800003 ], [ -115.2627165, 36.186482699800003 ], [ -115.2627165, 36.1864799998 ], [ -115.2626814, 36.1864799998 ], [ -115.2626814, 36.186482699800003 ], [ -115.262673299999989, 36.186482699800003 ], [ -115.262673299999989, 36.186485399799999 ], [ -115.2626706, 36.186485399799999 ], [ -115.2626706, 36.186490799800005 ], [ -115.2626679, 36.186490799800005 ], [ -115.2626679, 36.186493499800001 ], [ -115.2626625, 36.186493499800001 ], [ -115.2626625, 36.186496199800004 ] ], [ [ -115.2630864, 36.186380099800004 ], [ -115.2630864, 36.186366599800003 ], [ -115.263078299999989, 36.186366599800003 ], [ -115.263078299999989, 36.186377399800001 ], [ -115.263081, 36.186377399800001 ], [ -115.263081, 36.186380099800004 ], [ -115.2630864, 36.186380099800004 ] ] ] } }
]
}
