{
"type": "FeatureCollection",
"crs": { "type": "name", "properties": { "name": "urn:ogc:def:crs:OGC:1.3:CRS84" } },
"features": [
{ "type": "Feature", "properties": { "value": 255.0 }, "geometry": { "type": "Polygon", "coordinates": [ [ [ -115.2233073, 36.191477699899998 ], [ -115.2232776, 36.191477699899998 ], [ -115.2232776, 36.191464199899997 ], [ -115.2232857, 36.191464199899997 ], [ -115.2232857, 36.1914668999 ], [ -115.2232992, 36.1914668999 ], [ -115.2232992, 36.191469599899996 ], [ -115.2233046, 36.191469599899996 ], [ -115.2233046, 36.191472299899999 ], [ -115.2233073, 36.191472299899999 ], [ -115.2233073, 36.191477699899998 ] ] ] } },
{ "type": "Feature", "properties": { "value": 255.0 }, "geometry": { "type": "Polygon", "coordinates": [ [ [ -115.2238257, 36.191477699899998 ], [ -115.223418, 36.191477699899998 ], [ -115.223418, 36.191456099900002 ], [ -115.2234207, 36.191456099900002 ], [ -115.2234207, 36.191453399899999 ], [ -115.2234612, 36.191453399899999 ], [ -115.2234612, 36.191450699899995 ], [ -115.2234801, 36.191450699899995 ], [ -115.2234801, 36.191453399899999 ], [ -115.2234828, 36.191453399899999 ], [ -115.2234828, 36.191461499900001 ], [ -115.2234801, 36.191461499900001 ], [ -115.2234801, 36.1914668999 ], [ -115.2234828, 36.1914668999 ], [ -115.2234828, 36.191472299899999 ], [ -115.2234963, 36.191472299899999 ], [ -115.2234963, 36.191469599899996 ], [ -115.2235098, 36.191469599899996 ], [ -115.2235098, 36.191461499900001 ], [ -115.2235071, 36.191461499900001 ], [ -115.2235071, 36.191456099900002 ], [ -115.22350440000001, 36.191456099900002 ], [ -115.22350440000001, 36.191453399899999 ], [ -115.2235017, 36.191453399899999 ], [ -115.2235017, 36.191445299899996 ], [ -115.22350440000001, 36.191445299899996 ], [ -115.22350440000001, 36.1914425999 ], [ -115.2235071, 36.1914425999 ], [ -115.2235071, 36.191439899899997 ], [ -115.2235098, 36.191439899899997 ], [ -115.2235098, 36.191437199900001 ], [ -115.2235152, 36.191437199900001 ], [ -115.2235152, 36.191434499899998 ], [ -115.2235206, 36.191434499899998 ], [ -115.2235206, 36.191431799900002 ], [ -115.2235287, 36.191431799900002 ], [ -115.2235287, 36.191429099899999 ], [ -115.2235368, 36.191429099899999 ], [ -115.2235368, 36.191426399899996 ], [ -115.2235476, 36.191426399899996 ], [ -115.2235476, 36.1914236999 ], [ -115.2235611, 36.1914236999 ], [ -115.2235611, 36.191420999899997 ], [ -115.2236502, 36.191420999899997 ], [ -115.2236502, 36.191426399899996 ], [ -115.2236745, 36.191426399899996 ], [ -115.2236745, 36.191429099899999 ], [ -115.223688, 36.191429099899999 ], [ -115.223688, 36.191426399899996 ], [ -115.2237015, 36.191426399899996 ], [ -115.2237015, 36.1914236999 ], [ -115.2237258, 36.1914236999 ], [ -115.2237258, 36.191420999899997 ], [ -115.2237933, 36.191420999899997 ], [ -115.2237933, 36.1914236999 ], [ -115.2238041, 36.1914236999 ], [ -115.2238041, 36.191426399899996 ], [ -115.2238122, 36.191426399899996 ], [ -115.2238122, 36.191429099899999 ], [ -115.2238176, 36.191429099899999 ], [ -115.2238176, 36.191431799900002 ], [ -115.2238203, 36.191431799900002 ], [ -115.2238203, 36.191437199900001 ], [ -115.223823, 36.191437199900001 ], [ -115.223823, 36.191447999899999 ], [ -115.2238257, 36.191447999899999 ], [ -115.2238257, 36.1914668999 ], [ -115.223823, 36.1914668999 ], [ -115.223823, 36.191469599899996 ], [ -115.2238257, 36.191469599899996 ], [ -115.2238257, 36.191477699899998 ] ] ] } },
{ "type": "Feature", "properties": { "value": 255.0 }, "geometry": { "type": "Polygon", "coordinates": [ [ [ -115.22450880000001, 36.191302199900001 ], [ -115.2244332, 36.191302199900001 ], [ -115.2244332, 36.191299499899998 ], [ -115.2243873, 36.191299499899998 ], [ -115.2243873, 36.191296799900002 ], [ -115.224363, 36.191296799900002 ], [ -115.224363, 36.191299499899998 ], [ -115.2243306, 36.191299499899998 ], [ -115.2243306, 36.191296799900002 ], [ -115.2243279, 36.191296799900002 ], [ -115.2243279, 36.191294099899999 ], [ -115.22432520000001, 36.191294099899999 ], [ -115.22432520000001, 36.191272499900002 ], [ -115.2243225, 36.191272499900002 ], [ -115.2243225, 36.191267099899996 ], [ -115.22432520000001, 36.191267099899996 ], [ -115.22432520000001, 36.191258999900001 ], [ -115.2243306, 36.191258999900001 ], [ -115.2243306, 36.191256299899997 ], [ -115.2243387, 36.191256299899997 ], [ -115.2243387, 36.191253599900001 ], [ -115.2243468, 36.191253599900001 ], [ -115.2243468, 36.191250899899998 ], [ -115.2244008, 36.191250899899998 ], [ -115.2244008, 36.191253599900001 ], [ -115.2244089, 36.191253599900001 ], [ -115.2244089, 36.191256299899997 ], [ -115.2244197, 36.191256299899997 ], [ -115.2244197, 36.191258999900001 ], [ -115.2245034, 36.191258999900001 ], [ -115.2245034, 36.191261699899997 ], [ -115.22450880000001, 36.191261699899997 ], [ -115.22450880000001, 36.191267099899996 ], [ -115.2245115, 36.191267099899996 ], [ -115.2245115, 36.191299499899998 ], [ -115.22450880000001, 36.191299499899998 ], [ -115.22450880000001, 36.191302199900001 ] ] ] } },
{ "type": "Feature", "properties": { "value": 255.0 }, "geometry": { "type": "Polygon", "coordinates": [ [ [ -115.224795, 36.191304899899997 ], [ -115.2246573, 36.191304899899997 ], [ -115.2246573, 36.191302199900001 ], [ -115.2246546, 36.191302199900001 ], [ -115.2246546, 36.191304899899997 ], [ -115.2245898, 36.191304899899997 ], [ -115.2245898, 36.191302199900001 ], [ -115.2245817, 36.191302199900001 ], [ -115.2245817, 36.191299499899998 ], [ -115.224579, 36.191299499899998 ], [ -115.224579, 36.191296799900002 ], [ -115.2245736, 36.191296799900002 ], [ -115.2245736, 36.191294099899999 ], [ -115.2245709, 36.191294099899999 ], [ -115.2245709, 36.191291399899995 ], [ -115.2245574, 36.191291399899995 ], [ -115.2245574, 36.191288699899999 ], [ -115.2245547, 36.191288699899999 ], [ -115.2245547, 36.191285999899996 ], [ -115.224552, 36.191285999899996 ], [ -115.224552, 36.1912832999 ], [ -115.2245547, 36.1912832999 ], [ -115.2245547, 36.191280599899997 ], [ -115.2245601, 36.191280599899997 ], [ -115.2245601, 36.191277899900001 ], [ -115.2245628, 36.191277899900001 ], [ -115.2245628, 36.191275199899998 ], [ -115.224565500000011, 36.191275199899998 ], [ -115.224565500000011, 36.191272499900002 ], [ -115.2245682, 36.191272499900002 ], [ -115.2245682, 36.191269799899999 ], [ -115.2245709, 36.191269799899999 ], [ -115.2245709, 36.191267099899996 ], [ -115.2245736, 36.191267099899996 ], [ -115.2245736, 36.1912643999 ], [ -115.2245817, 36.1912643999 ], [ -115.2245817, 36.191261699899997 ], [ -115.2247896, 36.191261699899997 ], [ -115.2247896, 36.1912643999 ], [ -115.224795, 36.1912643999 ], [ -115.224795, 36.191267099899996 ], [ -115.224797700000011, 36.191267099899996 ], [ -115.224797700000011, 36.191277899900001 ], [ -115.2248004, 36.191277899900001 ], [ -115.2248004, 36.191296799900002 ], [ -115.224797700000011, 36.191296799900002 ], [ -115.224797700000011, 36.191302199900001 ], [ -115.224795, 36.191302199900001 ], [ -115.224795, 36.191304899899997 ] ] ] } },
{ "type": "Feature", "properties": { "value": 255.0 }, "geometry": { "type": "Polygon", "coordinates": [ [ [ -115.2235071, 36.191229299900002 ], [ -115.2234801, 36.191229299900002 ], [ -115.2234801, 36.191226599899998 ], [ -115.2234747, 36.191226599899998 ], [ -115.2234747, 36.191223899900002 ], [ -115.223472, 36.191223899900002 ], [ -115.223472, 36.191221199899999 ], [ -115.2234693, 36.191221199899999 ], [ -115.2234693, 36.1912157999 ], [ -115.2234666, 36.1912157999 ], [ -115.2234666, 36.191204999900002 ], [ -115.2234639, 36.191204999900002 ], [ -115.2234639, 36.191199599899996 ], [ -115.2234612, 36.191199599899996 ], [ -115.2234612, 36.191194199899996 ], [ -115.2234639, 36.191194199899996 ], [ -115.2234639, 36.1911914999 ], [ -115.2234666, 36.1911914999 ], [ -115.2234666, 36.191188799899997 ], [ -115.2234693, 36.191188799899997 ], [ -115.2234693, 36.191186099900001 ], [ -115.2234774, 36.191186099900001 ], [ -115.2234774, 36.191183399899998 ], [ -115.2234828, 36.191183399899998 ], [ -115.2234828, 36.191180699900002 ], [ -115.2235017, 36.191180699900002 ], [ -115.2235017, 36.191183399899998 ], [ -115.2235098, 36.191183399899998 ], [ -115.2235098, 36.191186099900001 ], [ -115.2235125, 36.191186099900001 ], [ -115.2235125, 36.191188799899997 ], [ -115.2235152, 36.191188799899997 ], [ -115.2235152, 36.191223899900002 ], [ -115.2235125, 36.191223899900002 ], [ -115.2235125, 36.191226599899998 ], [ -115.2235071, 36.191226599899998 ], [ -115.2235071, 36.191229299900002 ] ] ] } },
{ "type": "Feature", "properties": { "value": 255.0 }, "geometry": { "type": "Polygon", "coordinates": [ [ [ -115.2248868, 36.191248199900002 ], [ -115.2248382, 36.191248199900002 ], [ -115.2248382, 36.191242799899996 ], [ -115.224835500000012, 36.191242799899996 ], [ -115.224835500000012, 36.1912157999 ], [ -115.2248382, 36.1912157999 ], [ -115.2248382, 36.1911050999 ], [ -115.224849, 36.1911050999 ], [ -115.224849, 36.191102399899997 ], [ -115.224854400000012, 36.191102399899997 ], [ -115.224854400000012, 36.1911050999 ], [ -115.2248922, 36.1911050999 ], [ -115.2248922, 36.191161799900001 ], [ -115.2248895, 36.191161799900001 ], [ -115.2248895, 36.191245499899999 ], [ -115.2248868, 36.191245499899999 ], [ -115.2248868, 36.191248199900002 ] ] ] } },
{ "type": "Feature", "properties": { "value": 255.0 }, "geometry": { "type": "Polygon", "coordinates": [ [ [ -115.2234666, 36.191140199899998 ], [ -115.2234558, 36.191140199899998 ], [ -115.2234558, 36.191137499900002 ], [ -115.2234261, 36.191137499900002 ], [ -115.2234261, 36.191064599900002 ], [ -115.2234288, 36.191064599900002 ], [ -115.2234288, 36.191048399899998 ], [ -115.2234315, 36.191048399899998 ], [ -115.2234315, 36.191045699900002 ], [ -115.22343690000001, 36.191045699900002 ], [ -115.22343690000001, 36.191042999899999 ], [ -115.2234585, 36.191042999899999 ], [ -115.2234585, 36.191045699900002 ], [ -115.2234693, 36.191045699900002 ], [ -115.2234693, 36.191048399899998 ], [ -115.223472, 36.191048399899998 ], [ -115.223472, 36.191051099900001 ], [ -115.2234747, 36.191051099900001 ], [ -115.2234747, 36.191053799899997 ], [ -115.2234801, 36.191053799899997 ], [ -115.2234801, 36.1910564999 ], [ -115.2234828, 36.1910564999 ], [ -115.2234828, 36.191061899899999 ], [ -115.22348550000001, 36.191061899899999 ], [ -115.22348550000001, 36.191086199899999 ], [ -115.2234882, 36.191086199899999 ], [ -115.2234882, 36.191099699900001 ], [ -115.22348550000001, 36.191099699900001 ], [ -115.22348550000001, 36.191102399899997 ], [ -115.2234882, 36.191102399899997 ], [ -115.2234882, 36.1911050999 ], [ -115.22348550000001, 36.1911050999 ], [ -115.22348550000001, 36.191126699899996 ], [ -115.2234828, 36.191126699899996 ], [ -115.2234828, 36.191132099900003 ], [ -115.2234801, 36.191132099900003 ], [ -115.2234801, 36.191134799899999 ], [ -115.2234774, 36.191134799899999 ], [ -115.2234774, 36.191137499900002 ], [ -115.2234666, 36.191137499900002 ], [ -115.2234666, 36.191140199899998 ] ] ] } },
{ "type": "Feature", "properties": { "value": 255.0 }, "geometry": { "type": "Polygon", "coordinates": [ [ [ -115.2238392, 36.191153699899999 ], [ -115.2237636, 36.191153699899999 ], [ -115.2237636, 36.191150999899996 ], [ -115.223661, 36.191150999899996 ], [ -115.223661, 36.191153699899999 ], [ -115.2236502, 36.191153699899999 ], [ -115.2236502, 36.191150999899996 ], [ -115.2236016, 36.191150999899996 ], [ -115.2236016, 36.191153699899999 ], [ -115.2235773, 36.191153699899999 ], [ -115.2235773, 36.191150999899996 ], [ -115.2235584, 36.191150999899996 ], [ -115.2235584, 36.1911482999 ], [ -115.2235449, 36.1911482999 ], [ -115.2235449, 36.191145599899997 ], [ -115.2235395, 36.191145599899997 ], [ -115.2235395, 36.191142899900001 ], [ -115.2235368, 36.191142899900001 ], [ -115.2235368, 36.191140199899998 ], [ -115.2235341, 36.191140199899998 ], [ -115.2235341, 36.191134799899999 ], [ -115.2235314, 36.191134799899999 ], [ -115.2235314, 36.191107799899996 ], [ -115.2235341, 36.191107799899996 ], [ -115.2235341, 36.1911050999 ], [ -115.2235395, 36.1911050999 ], [ -115.2235395, 36.191091599899998 ], [ -115.2235422, 36.191091599899998 ], [ -115.2235422, 36.191075399900001 ], [ -115.2235395, 36.191075399900001 ], [ -115.2235395, 36.1910321999 ], [ -115.2235422, 36.1910321999 ], [ -115.2235422, 36.191024099899998 ], [ -115.2235449, 36.191024099899998 ], [ -115.2235449, 36.191018699899999 ], [ -115.2235476, 36.191018699899999 ], [ -115.2235476, 36.1910132999 ], [ -115.2235503, 36.1910132999 ], [ -115.2235503, 36.191010599899997 ], [ -115.223553, 36.191010599899997 ], [ -115.223553, 36.191007899900001 ], [ -115.2235611, 36.191007899900001 ], [ -115.2235611, 36.191005199899998 ], [ -115.2235935, 36.191005199899998 ], [ -115.2235935, 36.191002499900002 ], [ -115.2235989, 36.191002499900002 ], [ -115.2235989, 36.191005199899998 ], [ -115.2237177, 36.191005199899998 ], [ -115.2237177, 36.191007899900001 ], [ -115.2237258, 36.191007899900001 ], [ -115.2237258, 36.191005199899998 ], [ -115.2237636, 36.191005199899998 ], [ -115.2237636, 36.191007899900001 ], [ -115.2237852, 36.191007899900001 ], [ -115.2237852, 36.191005199899998 ], [ -115.223796, 36.191005199899998 ], [ -115.223796, 36.191007899900001 ], [ -115.223841900000011, 36.191007899900001 ], [ -115.223841900000011, 36.191010599899997 ], [ -115.2238473, 36.191010599899997 ], [ -115.2238473, 36.191026799900001 ], [ -115.22385, 36.191026799900001 ], [ -115.22385, 36.1910564999 ], [ -115.2238473, 36.1910564999 ], [ -115.2238473, 36.191061899899999 ], [ -115.2238446, 36.191061899899999 ], [ -115.2238446, 36.191064599900002 ], [ -115.2238392, 36.191064599900002 ], [ -115.2238392, 36.191067299899998 ], [ -115.2238365, 36.191067299899998 ], [ -115.2238365, 36.191069999900002 ], [ -115.2238338, 36.191069999900002 ], [ -115.2238338, 36.191078099899997 ], [ -115.2238311, 36.191078099899997 ], [ -115.2238311, 36.191102399899997 ], [ -115.2238338, 36.191102399899997 ], [ -115.2238338, 36.1911050999 ], [ -115.2238473, 36.1911050999 ], [ -115.2238473, 36.191110499899999 ], [ -115.22385, 36.191110499899999 ], [ -115.22385, 36.191115899899998 ], [ -115.2238473, 36.191115899899998 ], [ -115.2238473, 36.191142899900001 ], [ -115.2238446, 36.191142899900001 ], [ -115.2238446, 36.1911482999 ], [ -115.223841900000011, 36.1911482999 ], [ -115.223841900000011, 36.191150999899996 ], [ -115.2238392, 36.191150999899996 ], [ -115.2238392, 36.191153699899999 ] ] ] } },
{ "type": "Feature", "properties": { "value": 255.0 }, "geometry": { "type": "Polygon", "coordinates": [ [ [ -115.2250029, 36.191256299899997 ], [ -115.2249921, 36.191256299899997 ], [ -115.2249921, 36.191253599900001 ], [ -115.224989400000013, 36.191253599900001 ], [ -115.224989400000013, 36.191248199900002 ], [ -115.2249867, 36.191248199900002 ], [ -115.2249867, 36.191199599899996 ], [ -115.224989400000013, 36.191199599899996 ], [ -115.224989400000013, 36.191094299900001 ], [ -115.2249921, 36.191094299900001 ], [ -115.2249921, 36.191010599899997 ], [ -115.2249948, 36.191010599899997 ], [ -115.2249948, 36.190959299900001 ], [ -115.2250326, 36.190959299900001 ], [ -115.2250326, 36.191253599900001 ], [ -115.2250029, 36.191253599900001 ], [ -115.2250029, 36.191256299899997 ] ] ] } },
{ "type": "Feature", "properties": { "value": 255.0 }, "geometry": { "type": "Polygon", "coordinates": [ [ [ -115.2234882, 36.190924199900003 ], [ -115.22343690000001, 36.190924199900003 ], [ -115.22343690000001, 36.1909214999 ], [ -115.2234342, 36.1909214999 ], [ -115.2234342, 36.190832399900003 ], [ -115.22343690000001, 36.190832399900003 ], [ -115.22343690000001, 36.1908296999 ], [ -115.2234396, 36.1908296999 ], [ -115.2234396, 36.190826999899997 ], [ -115.2234882, 36.190826999899997 ], [ -115.2234882, 36.1908296999 ], [ -115.2234909, 36.1908296999 ], [ -115.2234909, 36.190832399900003 ], [ -115.2234936, 36.190832399900003 ], [ -115.2234936, 36.190918799899997 ], [ -115.2234909, 36.190918799899997 ], [ -115.2234909, 36.1909214999 ], [ -115.2234882, 36.1909214999 ], [ -115.2234882, 36.190924199900003 ] ] ] } },
{ "type": "Feature", "properties": { "value": 255.0 }, "geometry": { "type": "Polygon", "coordinates": [ [ [ -115.2238311, 36.190953899900002 ], [ -115.223796, 36.190953899900002 ], [ -115.223796, 36.190951199899999 ], [ -115.2237528, 36.190951199899999 ], [ -115.2237528, 36.190948499900003 ], [ -115.223715, 36.190948499900003 ], [ -115.223715, 36.190951199899999 ], [ -115.2236502, 36.190951199899999 ], [ -115.2236502, 36.190948499900003 ], [ -115.2235773, 36.190948499900003 ], [ -115.2235773, 36.190951199899999 ], [ -115.2235692, 36.190951199899999 ], [ -115.2235692, 36.190948499900003 ], [ -115.223526, 36.190948499900003 ], [ -115.223526, 36.190943099899997 ], [ -115.2235233, 36.190943099899997 ], [ -115.2235233, 36.190929599900002 ], [ -115.223526, 36.190929599900002 ], [ -115.223526, 36.190905299900002 ], [ -115.2235287, 36.190905299900002 ], [ -115.2235287, 36.190894499899997 ], [ -115.2235314, 36.190894499899997 ], [ -115.2235314, 36.190880999900003 ], [ -115.2235287, 36.190880999900003 ], [ -115.2235287, 36.190867499900001 ], [ -115.223526, 36.190867499900001 ], [ -115.223526, 36.190840499899998 ], [ -115.2235287, 36.190840499899998 ], [ -115.2235287, 36.190824299900001 ], [ -115.2235314, 36.190824299900001 ], [ -115.2235314, 36.190818899900002 ], [ -115.2235368, 36.190818899900002 ], [ -115.2235368, 36.190816199899999 ], [ -115.2235476, 36.190816199899999 ], [ -115.2235476, 36.190813499900003 ], [ -115.2235557, 36.190813499900003 ], [ -115.2235557, 36.190810799899999 ], [ -115.2235611, 36.190810799899999 ], [ -115.2235611, 36.190808099900003 ], [ -115.2235665, 36.190808099900003 ], [ -115.2235665, 36.1908053999 ], [ -115.2235746, 36.1908053999 ], [ -115.2235746, 36.190802699899997 ], [ -115.2236502, 36.190802699899997 ], [ -115.2236502, 36.1908053999 ], [ -115.2236583, 36.1908053999 ], [ -115.2236583, 36.190802699899997 ], [ -115.2237339, 36.190802699899997 ], [ -115.2237339, 36.1908053999 ], [ -115.2238149, 36.1908053999 ], [ -115.2238149, 36.190808099900003 ], [ -115.2238284, 36.190808099900003 ], [ -115.2238284, 36.190810799899999 ], [ -115.2238311, 36.190810799899999 ], [ -115.2238311, 36.190813499900003 ], [ -115.2238338, 36.190813499900003 ], [ -115.2238338, 36.190816199899999 ], [ -115.2238365, 36.190816199899999 ], [ -115.2238365, 36.190824299900001 ], [ -115.2238392, 36.190824299900001 ], [ -115.2238392, 36.190859399899999 ], [ -115.2238338, 36.190859399899999 ], [ -115.2238338, 36.190862099900002 ], [ -115.2238149, 36.190862099900002 ], [ -115.2238149, 36.190864799899998 ], [ -115.2238122, 36.190864799899998 ], [ -115.2238122, 36.190891799900001 ], [ -115.2238149, 36.190891799900001 ], [ -115.2238149, 36.190894499899997 ], [ -115.2238176, 36.190894499899997 ], [ -115.2238176, 36.1908971999 ], [ -115.2238311, 36.1908971999 ], [ -115.2238311, 36.190899899899996 ], [ -115.2238338, 36.190899899899996 ], [ -115.2238338, 36.190902599899999 ], [ -115.2238365, 36.190902599899999 ], [ -115.2238365, 36.190907999899999 ], [ -115.2238392, 36.190907999899999 ], [ -115.2238392, 36.190932299899998 ], [ -115.2238365, 36.190932299899998 ], [ -115.2238365, 36.190951199899999 ], [ -115.2238311, 36.190951199899999 ], [ -115.2238311, 36.190953899900002 ] ] ] } },
{ "type": "Feature", "properties": { "value": 255.0 }, "geometry": { "type": "Polygon", "coordinates": [ [ [ -115.2248895, 36.191026799900001 ], [ -115.2248436, 36.191026799900001 ], [ -115.2248436, 36.191024099899998 ], [ -115.2248409, 36.191024099899998 ], [ -115.2248409, 36.190929599900002 ], [ -115.2248436, 36.190929599900002 ], [ -115.2248436, 36.190926899899999 ], [ -115.22484630000001, 36.190926899899999 ], [ -115.22484630000001, 36.190924199900003 ], [ -115.2248517, 36.190924199900003 ], [ -115.2248517, 36.1909214999 ], [ -115.2248571, 36.1909214999 ], [ -115.2248571, 36.190924199900003 ], [ -115.224876, 36.190924199900003 ], [ -115.224876, 36.1909214999 ], [ -115.2248733, 36.1909214999 ], [ -115.2248733, 36.190918799899997 ], [ -115.2248598, 36.190918799899997 ], [ -115.2248598, 36.190916099900001 ], [ -115.224854400000012, 36.190916099900001 ], [ -115.224854400000012, 36.190894499899997 ], [ -115.2248517, 36.190894499899997 ], [ -115.2248517, 36.190880999900003 ], [ -115.224854400000012, 36.190880999900003 ], [ -115.224854400000012, 36.190837799900002 ], [ -115.2248571, 36.190837799900002 ], [ -115.2248571, 36.190826999899997 ], [ -115.224854400000012, 36.190826999899997 ], [ -115.224854400000012, 36.190802699899997 ], [ -115.2248517, 36.190802699899997 ], [ -115.2248517, 36.190783799899997 ], [ -115.224849, 36.190783799899997 ], [ -115.224849, 36.190781099900001 ], [ -115.2248517, 36.190781099900001 ], [ -115.2248517, 36.190770299900002 ], [ -115.224854400000012, 36.190770299900002 ], [ -115.224854400000012, 36.190764899900003 ], [ -115.2248571, 36.190764899900003 ], [ -115.2248571, 36.1907621999 ], [ -115.2248598, 36.1907621999 ], [ -115.2248598, 36.190759499899997 ], [ -115.2248625, 36.190759499899997 ], [ -115.2248625, 36.190756799900001 ], [ -115.2248679, 36.190756799900001 ], [ -115.2248679, 36.190754099899998 ], [ -115.2248895, 36.190754099899998 ], [ -115.2248895, 36.190756799900001 ], [ -115.2248922, 36.190756799900001 ], [ -115.2248922, 36.1907621999 ], [ -115.22489490000001, 36.1907621999 ], [ -115.22489490000001, 36.190767599899999 ], [ -115.2248976, 36.190767599899999 ], [ -115.2248976, 36.190775699900001 ], [ -115.2249003, 36.190775699900001 ], [ -115.2249003, 36.190810799899999 ], [ -115.2248976, 36.190810799899999 ], [ -115.2248976, 36.190864799899998 ], [ -115.2249003, 36.190864799899998 ], [ -115.2249003, 36.1908971999 ], [ -115.2248976, 36.1908971999 ], [ -115.2248976, 36.190907999899999 ], [ -115.22489490000001, 36.190907999899999 ], [ -115.22489490000001, 36.190913399899998 ], [ -115.2248922, 36.190913399899998 ], [ -115.2248922, 36.190918799899997 ], [ -115.2248868, 36.190918799899997 ], [ -115.2248868, 36.1909214999 ], [ -115.2248814, 36.1909214999 ], [ -115.2248814, 36.190924199900003 ], [ -115.224884100000011, 36.190924199900003 ], [ -115.224884100000011, 36.190926899899999 ], [ -115.2248868, 36.190926899899999 ], [ -115.2248868, 36.190929599900002 ], [ -115.2248922, 36.190929599900002 ], [ -115.2248922, 36.190932299899998 ], [ -115.22489490000001, 36.190932299899998 ], [ -115.22489490000001, 36.191015999900003 ], [ -115.2248922, 36.191015999900003 ], [ -115.2248922, 36.191024099899998 ], [ -115.2248895, 36.191024099899998 ], [ -115.2248895, 36.191026799900001 ] ] ] } },
{ "type": "Feature", "properties": { "value": 255.0 }, "geometry": { "type": "Polygon", "coordinates": [ [ [ -115.2247761, 36.191223899900002 ], [ -115.2247086, 36.191223899900002 ], [ -115.2247086, 36.191221199899999 ], [ -115.2246789, 36.191221199899999 ], [ -115.2246789, 36.191223899900002 ], [ -115.2246708, 36.191223899900002 ], [ -115.2246708, 36.191221199899999 ], [ -115.2246222, 36.191221199899999 ], [ -115.2246222, 36.191218499899996 ], [ -115.2246195, 36.191218499899996 ], [ -115.2246195, 36.191213099899997 ], [ -115.2246168, 36.191213099899997 ], [ -115.2246168, 36.191175299899996 ], [ -115.224614100000011, 36.191175299899996 ], [ -115.224614100000011, 36.191167199900001 ], [ -115.2246168, 36.191167199900001 ], [ -115.2246168, 36.191164499899998 ], [ -115.2246195, 36.191164499899998 ], [ -115.2246195, 36.191153699899999 ], [ -115.2246168, 36.191153699899999 ], [ -115.2246168, 36.191150999899996 ], [ -115.224614100000011, 36.191150999899996 ], [ -115.224614100000011, 36.191132099900003 ], [ -115.2246114, 36.191132099900003 ], [ -115.2246114, 36.191110499899999 ], [ -115.2246087, 36.191110499899999 ], [ -115.2246087, 36.191091599899998 ], [ -115.2246114, 36.191091599899998 ], [ -115.2246114, 36.191086199899999 ], [ -115.2246168, 36.191086199899999 ], [ -115.2246168, 36.191083499899996 ], [ -115.2246249, 36.191083499899996 ], [ -115.2246249, 36.191078099899997 ], [ -115.2246276, 36.191078099899997 ], [ -115.2246276, 36.191072699899998 ], [ -115.2246249, 36.191072699899998 ], [ -115.2246249, 36.191067299899998 ], [ -115.2246222, 36.191067299899998 ], [ -115.2246222, 36.191064599900002 ], [ -115.2246168, 36.191064599900002 ], [ -115.2246168, 36.191061899899999 ], [ -115.224614100000011, 36.191061899899999 ], [ -115.224614100000011, 36.191024099899998 ], [ -115.2246168, 36.191024099899998 ], [ -115.2246168, 36.191021399900002 ], [ -115.2246195, 36.191021399900002 ], [ -115.2246195, 36.191018699899999 ], [ -115.2246222, 36.191018699899999 ], [ -115.2246222, 36.191015999900003 ], [ -115.2246249, 36.191015999900003 ], [ -115.2246249, 36.1910132999 ], [ -115.2246276, 36.1910132999 ], [ -115.2246276, 36.191007899900001 ], [ -115.2246303, 36.191007899900001 ], [ -115.2246303, 36.191002499900002 ], [ -115.224633, 36.191002499900002 ], [ -115.224633, 36.190997099900002 ], [ -115.2246357, 36.190997099900002 ], [ -115.2246357, 36.190991699899996 ], [ -115.224633, 36.190991699899996 ], [ -115.224633, 36.190983599900001 ], [ -115.2246303, 36.190983599900001 ], [ -115.2246303, 36.190980899899998 ], [ -115.2246276, 36.190980899899998 ], [ -115.2246276, 36.190978199900002 ], [ -115.2246222, 36.190978199900002 ], [ -115.2246222, 36.190975499899999 ], [ -115.2246168, 36.190975499899999 ], [ -115.2246168, 36.190972799900003 ], [ -115.224614100000011, 36.190972799900003 ], [ -115.224614100000011, 36.190967399899996 ], [ -115.2246114, 36.190967399899996 ], [ -115.2246114, 36.190932299899998 ], [ -115.224614100000011, 36.190932299899998 ], [ -115.224614100000011, 36.190929599900002 ], [ -115.2246168, 36.190929599900002 ], [ -115.2246168, 36.190926899899999 ], [ -115.2246195, 36.190926899899999 ], [ -115.2246195, 36.1909214999 ], [ -115.2246222, 36.1909214999 ], [ -115.2246222, 36.190918799899997 ], [ -115.2246195, 36.190918799899997 ], [ -115.2246195, 36.190913399899998 ], [ -115.2246168, 36.190913399899998 ], [ -115.2246168, 36.190910699900002 ], [ -115.224614100000011, 36.190910699900002 ], [ -115.224614100000011, 36.190867499900001 ], [ -115.2246168, 36.190867499900001 ], [ -115.2246168, 36.190864799899998 ], [ -115.2246195, 36.190864799899998 ], [ -115.2246195, 36.190862099900002 ], [ -115.2246222, 36.190862099900002 ], [ -115.2246222, 36.1908539999 ], [ -115.224614100000011, 36.1908539999 ], [ -115.224614100000011, 36.190851299899997 ], [ -115.224606, 36.190851299899997 ], [ -115.224606, 36.190845899899998 ], [ -115.2246033, 36.190845899899998 ], [ -115.2246033, 36.190821599899998 ], [ -115.2246006, 36.190821599899998 ], [ -115.2246006, 36.190816199899999 ], [ -115.2245979, 36.190816199899999 ], [ -115.2245979, 36.190808099900003 ], [ -115.22459520000001, 36.190808099900003 ], [ -115.22459520000001, 36.190783799899997 ], [ -115.2245979, 36.190783799899997 ], [ -115.2245979, 36.190781099900001 ], [ -115.224633, 36.190781099900001 ], [ -115.224633, 36.190778399899997 ], [ -115.2246492, 36.190778399899997 ], [ -115.2246492, 36.190775699900001 ], [ -115.2246573, 36.190775699900001 ], [ -115.2246573, 36.190772999899998 ], [ -115.22466, 36.190772999899998 ], [ -115.22466, 36.190770299900002 ], [ -115.224681600000011, 36.190770299900002 ], [ -115.224681600000011, 36.190767599899999 ], [ -115.224687, 36.190767599899999 ], [ -115.224687, 36.190770299900002 ], [ -115.2247221, 36.190770299900002 ], [ -115.2247221, 36.190767599899999 ], [ -115.2247383, 36.190767599899999 ], [ -115.2247383, 36.190770299900002 ], [ -115.2247572, 36.190770299900002 ], [ -115.2247572, 36.190772999899998 ], [ -115.2247653, 36.190772999899998 ], [ -115.2247653, 36.190775699900001 ], [ -115.2247707, 36.190775699900001 ], [ -115.2247707, 36.190778399899997 ], [ -115.224786900000012, 36.190778399899997 ], [ -115.224786900000012, 36.190781099900001 ], [ -115.2248085, 36.190781099900001 ], [ -115.2248085, 36.190783799899997 ], [ -115.2248139, 36.190783799899997 ], [ -115.2248139, 36.1907864999 ], [ -115.224816600000011, 36.1907864999 ], [ -115.224816600000011, 36.190797299899998 ], [ -115.2248139, 36.190797299899998 ], [ -115.2248139, 36.190816199899999 ], [ -115.2248112, 36.190816199899999 ], [ -115.2248112, 36.190840499899998 ], [ -115.2248085, 36.190840499899998 ], [ -115.2248085, 36.190851299899997 ], [ -115.2248031, 36.190851299899997 ], [ -115.2248031, 36.1908539999 ], [ -115.224795, 36.1908539999 ], [ -115.224795, 36.190864799899998 ], [ -115.224797700000011, 36.190864799899998 ], [ -115.224797700000011, 36.190870199899997 ], [ -115.2248004, 36.190870199899997 ], [ -115.2248004, 36.1908971999 ], [ -115.224797700000011, 36.1908971999 ], [ -115.224797700000011, 36.190905299900002 ], [ -115.224795, 36.190905299900002 ], [ -115.224795, 36.190907999899999 ], [ -115.2247923, 36.190907999899999 ], [ -115.2247923, 36.190910699900002 ], [ -115.2247896, 36.190910699900002 ], [ -115.2247896, 36.190913399899998 ], [ -115.224786900000012, 36.190913399899998 ], [ -115.224786900000012, 36.190926899899999 ], [ -115.2247896, 36.190926899899999 ], [ -115.2247896, 36.190929599900002 ], [ -115.2247923, 36.190929599900002 ], [ -115.2247923, 36.190932299899998 ], [ -115.224795, 36.190932299899998 ], [ -115.224795, 36.190934999900001 ], [ -115.224797700000011, 36.190934999900001 ], [ -115.224797700000011, 36.190970099899999 ], [ -115.224795, 36.190970099899999 ], [ -115.224795, 36.190972799900003 ], [ -115.2247923, 36.190972799900003 ], [ -115.2247923, 36.190975499899999 ], [ -115.2247896, 36.190975499899999 ], [ -115.2247896, 36.190978199900002 ], [ -115.224786900000012, 36.190978199900002 ], [ -115.224786900000012, 36.190983599900001 ], [ -115.2247842, 36.190983599900001 ], [ -115.2247842, 36.190997099900002 ], [ -115.2247815, 36.190997099900002 ], [ -115.2247815, 36.191002499900002 ], [ -115.2247842, 36.191002499900002 ], [ -115.2247842, 36.191010599899997 ], [ -115.224786900000012, 36.191010599899997 ], [ -115.224786900000012, 36.1910132999 ], [ -115.2247896, 36.1910132999 ], [ -115.2247896, 36.191015999900003 ], [ -115.2247923, 36.191015999900003 ], [ -115.2247923, 36.191018699899999 ], [ -115.224797700000011, 36.191018699899999 ], [ -115.224797700000011, 36.191021399900002 ], [ -115.2248004, 36.191021399900002 ], [ -115.2248004, 36.1910564999 ], [ -115.224797700000011, 36.1910564999 ], [ -115.224797700000011, 36.191061899899999 ], [ -115.224795, 36.191061899899999 ], [ -115.224795, 36.191064599900002 ], [ -115.2247923, 36.191064599900002 ], [ -115.2247923, 36.191067299899998 ], [ -115.2247896, 36.191067299899998 ], [ -115.2247896, 36.191069999900002 ], [ -115.224786900000012, 36.191069999900002 ], [ -115.224786900000012, 36.191083499899996 ], [ -115.2247896, 36.191083499899996 ], [ -115.2247896, 36.191086199899999 ], [ -115.2247923, 36.191086199899999 ], [ -115.2247923, 36.191088899900002 ], [ -115.224795, 36.191088899900002 ], [ -115.224795, 36.191091599899998 ], [ -115.224797700000011, 36.191091599899998 ], [ -115.224797700000011, 36.191118599900001 ], [ -115.224795, 36.191118599900001 ], [ -115.224795, 36.1911239999 ], [ -115.2247923, 36.1911239999 ], [ -115.2247923, 36.191126699899996 ], [ -115.2247896, 36.191126699899996 ], [ -115.2247896, 36.191129399899999 ], [ -115.224786900000012, 36.191129399899999 ], [ -115.224786900000012, 36.191132099900003 ], [ -115.2247842, 36.191132099900003 ], [ -115.2247842, 36.191142899900001 ], [ -115.224786900000012, 36.191142899900001 ], [ -115.224786900000012, 36.1911482999 ], [ -115.2247896, 36.1911482999 ], [ -115.2247896, 36.191153699899999 ], [ -115.2247923, 36.191153699899999 ], [ -115.2247923, 36.191156399900002 ], [ -115.224795, 36.191156399900002 ], [ -115.224795, 36.191175299899996 ], [ -115.2247923, 36.191175299899996 ], [ -115.2247923, 36.191177999899999 ], [ -115.2247896, 36.191177999899999 ], [ -115.2247896, 36.191180699900002 ], [ -115.224786900000012, 36.191180699900002 ], [ -115.224786900000012, 36.191186099900001 ], [ -115.2247842, 36.191186099900001 ], [ -115.2247842, 36.1912157999 ], [ -115.2247815, 36.1912157999 ], [ -115.2247815, 36.191221199899999 ], [ -115.2247761, 36.191221199899999 ], [ -115.2247761, 36.191223899900002 ] ] ] } },
{ "type": "Feature", "properties": { "value": 255.0 }, "geometry": { "type": "Polygon", "coordinates": [ [ [ -115.2244629, 36.191183399899998 ], [ -115.2244332, 36.191183399899998 ], [ -115.2244332, 36.191180699900002 ], [ -115.2244143, 36.191180699900002 ], [ -115.2244143, 36.191177999899999 ], [ -115.2243576, 36.191177999899999 ], [ -115.2243576, 36.191180699900002 ], [ -115.2243387, 36.191180699900002 ], [ -115.2243387, 36.191177999899999 ], [ -115.2243306, 36.191177999899999 ], [ -115.2243306, 36.191175299899996 ], [ -115.2243279, 36.191175299899996 ], [ -115.2243279, 36.1911725999 ], [ -115.22432520000001, 36.1911725999 ], [ -115.22432520000001, 36.191129399899999 ], [ -115.2243279, 36.191129399899999 ], [ -115.2243279, 36.1911050999 ], [ -115.224336, 36.1911050999 ], [ -115.224336, 36.191094299900001 ], [ -115.2243333, 36.191094299900001 ], [ -115.2243333, 36.191088899900002 ], [ -115.2243306, 36.191088899900002 ], [ -115.2243306, 36.191086199899999 ], [ -115.2243279, 36.191086199899999 ], [ -115.2243279, 36.191083499899996 ], [ -115.22432520000001, 36.191083499899996 ], [ -115.22432520000001, 36.1910807999 ], [ -115.2243225, 36.1910807999 ], [ -115.2243225, 36.191078099899997 ], [ -115.2243198, 36.191078099899997 ], [ -115.2243198, 36.191045699900002 ], [ -115.2243225, 36.191045699900002 ], [ -115.2243225, 36.191042999899999 ], [ -115.22432520000001, 36.191042999899999 ], [ -115.22432520000001, 36.191040299900003 ], [ -115.2243306, 36.191040299900003 ], [ -115.2243306, 36.1910375999 ], [ -115.2243333, 36.1910375999 ], [ -115.2243333, 36.191024099899998 ], [ -115.2243306, 36.191024099899998 ], [ -115.2243306, 36.191021399900002 ], [ -115.22432520000001, 36.191021399900002 ], [ -115.22432520000001, 36.191018699899999 ], [ -115.2243225, 36.191018699899999 ], [ -115.2243225, 36.190997099900002 ], [ -115.2243198, 36.190997099900002 ], [ -115.2243198, 36.190980899899998 ], [ -115.2243225, 36.190980899899998 ], [ -115.2243225, 36.190978199900002 ], [ -115.2243279, 36.190978199900002 ], [ -115.2243279, 36.190975499899999 ], [ -115.2243333, 36.190975499899999 ], [ -115.2243333, 36.190972799900003 ], [ -115.224336, 36.190972799900003 ], [ -115.224336, 36.190967399899996 ], [ -115.2243387, 36.190967399899996 ], [ -115.2243387, 36.190959299900001 ], [ -115.2243414, 36.190959299900001 ], [ -115.2243414, 36.190953899900002 ], [ -115.22434410000001, 36.190953899900002 ], [ -115.22434410000001, 36.190951199899999 ], [ -115.2243414, 36.190951199899999 ], [ -115.2243414, 36.190940399900001 ], [ -115.2243387, 36.190940399900001 ], [ -115.2243387, 36.190937699899997 ], [ -115.224336, 36.190937699899997 ], [ -115.224336, 36.190934999900001 ], [ -115.2243333, 36.190934999900001 ], [ -115.2243333, 36.190932299899998 ], [ -115.2243306, 36.190932299899998 ], [ -115.2243306, 36.190929599900002 ], [ -115.2243279, 36.190929599900002 ], [ -115.2243279, 36.190926899899999 ], [ -115.22432520000001, 36.190926899899999 ], [ -115.22432520000001, 36.190916099900001 ], [ -115.2243225, 36.190916099900001 ], [ -115.2243225, 36.190910699900002 ], [ -115.22432520000001, 36.190910699900002 ], [ -115.22432520000001, 36.190905299900002 ], [ -115.2243225, 36.190905299900002 ], [ -115.2243225, 36.190891799900001 ], [ -115.22432520000001, 36.190891799900001 ], [ -115.22432520000001, 36.190886399900002 ], [ -115.2243279, 36.190886399900002 ], [ -115.2243279, 36.190880999900003 ], [ -115.2243306, 36.190880999900003 ], [ -115.2243306, 36.1908728999 ], [ -115.2243279, 36.1908728999 ], [ -115.2243279, 36.190864799899998 ], [ -115.22432520000001, 36.190864799899998 ], [ -115.22432520000001, 36.190848599900001 ], [ -115.2243279, 36.190848599900001 ], [ -115.2243279, 36.190843199900002 ], [ -115.22432520000001, 36.190843199900002 ], [ -115.22432520000001, 36.190826999899997 ], [ -115.2243279, 36.190826999899997 ], [ -115.2243279, 36.190824299900001 ], [ -115.2243306, 36.190824299900001 ], [ -115.2243306, 36.190821599899998 ], [ -115.2243333, 36.190821599899998 ], [ -115.2243333, 36.190818899900002 ], [ -115.224336, 36.190818899900002 ], [ -115.224336, 36.190810799899999 ], [ -115.22432520000001, 36.190810799899999 ], [ -115.22432520000001, 36.190808099900003 ], [ -115.2243171, 36.190808099900003 ], [ -115.2243171, 36.1908053999 ], [ -115.224314400000011, 36.1908053999 ], [ -115.224314400000011, 36.190799999900001 ], [ -115.2243117, 36.190799999900001 ], [ -115.2243117, 36.190775699900001 ], [ -115.224309, 36.190775699900001 ], [ -115.224309, 36.190767599899999 ], [ -115.2243063, 36.190767599899999 ], [ -115.2243063, 36.190745999900003 ], [ -115.224309, 36.190745999900003 ], [ -115.224309, 36.190740599900003 ], [ -115.224314400000011, 36.190740599900003 ], [ -115.224314400000011, 36.1907378999 ], [ -115.22434410000001, 36.1907378999 ], [ -115.22434410000001, 36.190735199899997 ], [ -115.2243603, 36.190735199899997 ], [ -115.2243603, 36.190732499900001 ], [ -115.2243657, 36.190732499900001 ], [ -115.2243657, 36.190729799899998 ], [ -115.22439, 36.190729799899998 ], [ -115.22439, 36.190727099900002 ], [ -115.2244008, 36.190727099900002 ], [ -115.2244008, 36.190729799899998 ], [ -115.22441160000001, 36.190729799899998 ], [ -115.22441160000001, 36.190732499900001 ], [ -115.2244278, 36.190732499900001 ], [ -115.2244278, 36.190729799899998 ], [ -115.2244386, 36.190729799899998 ], [ -115.2244386, 36.190727099900002 ], [ -115.2244656, 36.190727099900002 ], [ -115.2244656, 36.190729799899998 ], [ -115.2244737, 36.190729799899998 ], [ -115.2244737, 36.190732499900001 ], [ -115.224479100000011, 36.190732499900001 ], [ -115.224479100000011, 36.190735199899997 ], [ -115.2244845, 36.190735199899997 ], [ -115.2244845, 36.1907378999 ], [ -115.224498, 36.1907378999 ], [ -115.224498, 36.190740599900003 ], [ -115.2245223, 36.190740599900003 ], [ -115.2245223, 36.190743299899999 ], [ -115.22452770000001, 36.190743299899999 ], [ -115.22452770000001, 36.190748699899999 ], [ -115.2245304, 36.190748699899999 ], [ -115.2245304, 36.1907621999 ], [ -115.22452770000001, 36.1907621999 ], [ -115.22452770000001, 36.190772999899998 ], [ -115.224525, 36.190772999899998 ], [ -115.224525, 36.190783799899997 ], [ -115.2245223, 36.190783799899997 ], [ -115.2245223, 36.1908053999 ], [ -115.2245196, 36.1908053999 ], [ -115.2245196, 36.190810799899999 ], [ -115.224516900000012, 36.190810799899999 ], [ -115.224516900000012, 36.190813499900003 ], [ -115.2245115, 36.190813499900003 ], [ -115.2245115, 36.190859399899999 ], [ -115.22450880000001, 36.190859399899999 ], [ -115.22450880000001, 36.190864799899998 ], [ -115.2245061, 36.190864799899998 ], [ -115.2245061, 36.190867499900001 ], [ -115.2245007, 36.190867499900001 ], [ -115.2245007, 36.190870199899997 ], [ -115.224498, 36.190870199899997 ], [ -115.224498, 36.1908728999 ], [ -115.2244953, 36.1908728999 ], [ -115.2244953, 36.190880999900003 ], [ -115.224498, 36.190880999900003 ], [ -115.224498, 36.190886399900002 ], [ -115.2245034, 36.190886399900002 ], [ -115.2245034, 36.190889099899998 ], [ -115.2245061, 36.190889099899998 ], [ -115.2245061, 36.190891799900001 ], [ -115.22450880000001, 36.190891799900001 ], [ -115.22450880000001, 36.190913399899998 ], [ -115.2245115, 36.190913399899998 ], [ -115.2245115, 36.1909214999 ], [ -115.22450880000001, 36.1909214999 ], [ -115.22450880000001, 36.190929599900002 ], [ -115.2245061, 36.190929599900002 ], [ -115.2245061, 36.190932299899998 ], [ -115.2245034, 36.190932299899998 ], [ -115.2245034, 36.190934999900001 ], [ -115.2245007, 36.190934999900001 ], [ -115.2245007, 36.190937699899997 ], [ -115.224498, 36.190937699899997 ], [ -115.224498, 36.190940399900001 ], [ -115.2244953, 36.190940399900001 ], [ -115.2244953, 36.190948499900003 ], [ -115.2244926, 36.190948499900003 ], [ -115.2244926, 36.190970099899999 ], [ -115.2244953, 36.190970099899999 ], [ -115.2244953, 36.190972799900003 ], [ -115.224498, 36.190972799900003 ], [ -115.224498, 36.190975499899999 ], [ -115.2245007, 36.190975499899999 ], [ -115.2245007, 36.190978199900002 ], [ -115.2245034, 36.190978199900002 ], [ -115.2245034, 36.190980899899998 ], [ -115.2245061, 36.190980899899998 ], [ -115.2245061, 36.190983599900001 ], [ -115.22450880000001, 36.190983599900001 ], [ -115.22450880000001, 36.1910132999 ], [ -115.2245061, 36.1910132999 ], [ -115.2245061, 36.191018699899999 ], [ -115.2245034, 36.191018699899999 ], [ -115.2245034, 36.191021399900002 ], [ -115.2245007, 36.191021399900002 ], [ -115.2245007, 36.191024099899998 ], [ -115.2244953, 36.191024099899998 ], [ -115.2244953, 36.1910375999 ], [ -115.224498, 36.1910375999 ], [ -115.224498, 36.191040299900003 ], [ -115.2245007, 36.191040299900003 ], [ -115.2245007, 36.191042999899999 ], [ -115.2245034, 36.191042999899999 ], [ -115.2245034, 36.191048399899998 ], [ -115.2245061, 36.191048399899998 ], [ -115.2245061, 36.191083499899996 ], [ -115.2245034, 36.191083499899996 ], [ -115.2245034, 36.191086199899999 ], [ -115.224498, 36.191086199899999 ], [ -115.224498, 36.191088899900002 ], [ -115.2244953, 36.191088899900002 ], [ -115.2244953, 36.191091599899998 ], [ -115.2244926, 36.191091599899998 ], [ -115.2244926, 36.191094299900001 ], [ -115.2244899, 36.191094299900001 ], [ -115.2244899, 36.191115899899998 ], [ -115.2244926, 36.191115899899998 ], [ -115.2244926, 36.191121299899997 ], [ -115.2244953, 36.191121299899997 ], [ -115.2244953, 36.191126699899996 ], [ -115.224498, 36.191126699899996 ], [ -115.224498, 36.191137499900002 ], [ -115.2244953, 36.191137499900002 ], [ -115.2244953, 36.191159099899998 ], [ -115.2244926, 36.191159099899998 ], [ -115.2244926, 36.191169899899997 ], [ -115.2244899, 36.191169899899997 ], [ -115.2244899, 36.191175299899996 ], [ -115.2244872, 36.191175299899996 ], [ -115.2244872, 36.191177999899999 ], [ -115.2244818, 36.191177999899999 ], [ -115.2244818, 36.191180699900002 ], [ -115.2244629, 36.191180699900002 ], [ -115.2244629, 36.191183399899998 ] ] ] } },
{ "type": "Feature", "properties": { "value": 255.0 }, "geometry": { "type": "Polygon", "coordinates": [ [ [ -115.2234801, 36.1907135999 ], [ -115.223472, 36.1907135999 ], [ -115.223472, 36.190710899899997 ], [ -115.2234423, 36.190710899899997 ], [ -115.2234423, 36.190708199900001 ], [ -115.2234396, 36.190708199900001 ], [ -115.2234396, 36.190705499899998 ], [ -115.22343690000001, 36.190705499899998 ], [ -115.22343690000001, 36.190689299900001 ], [ -115.2234396, 36.190689299900001 ], [ -115.2234396, 36.190643399899997 ], [ -115.2234423, 36.190643399899997 ], [ -115.2234423, 36.190637999899998 ], [ -115.223445, 36.190637999899998 ], [ -115.223445, 36.190635299900002 ], [ -115.2234666, 36.190635299900002 ], [ -115.2234666, 36.190632599899999 ], [ -115.2234801, 36.190632599899999 ], [ -115.2234801, 36.190629899900003 ], [ -115.2234963, 36.190629899900003 ], [ -115.2234963, 36.190632599899999 ], [ -115.223499, 36.190632599899999 ], [ -115.223499, 36.190637999899998 ], [ -115.2235017, 36.190637999899998 ], [ -115.2235017, 36.1906460999 ], [ -115.22350440000001, 36.1906460999 ], [ -115.22350440000001, 36.190683899900002 ], [ -115.2235017, 36.190683899900002 ], [ -115.2235017, 36.190705499899998 ], [ -115.223499, 36.190705499899998 ], [ -115.223499, 36.190708199900001 ], [ -115.2234936, 36.190708199900001 ], [ -115.2234936, 36.190710899899997 ], [ -115.2234801, 36.190710899899997 ], [ -115.2234801, 36.1907135999 ] ] ] } },
{ "type": "Feature", "properties": { "value": 255.0 }, "geometry": { "type": "Polygon", "coordinates": [ [ [ -115.2238473, 36.190751399900002 ], [ -115.2237906, 36.190751399900002 ], [ -115.2237906, 36.190748699899999 ], [ -115.22358, 36.190748699899999 ], [ -115.22358, 36.190745999900003 ], [ -115.2235746, 36.190745999900003 ], [ -115.2235746, 36.190743299899999 ], [ -115.22357190000001, 36.190743299899999 ], [ -115.22357190000001, 36.190740599900003 ], [ -115.2235692, 36.190740599900003 ], [ -115.2235692, 36.1907135999 ], [ -115.2235665, 36.1907135999 ], [ -115.2235665, 36.1906514999 ], [ -115.2235638, 36.1906514999 ], [ -115.2235638, 36.190635299900002 ], [ -115.2235611, 36.190635299900002 ], [ -115.2235611, 36.190619099899997 ], [ -115.2235638, 36.190619099899997 ], [ -115.2235638, 36.190613699899998 ], [ -115.2235665, 36.190613699899998 ], [ -115.2235665, 36.190610999900002 ], [ -115.2235692, 36.190610999900002 ], [ -115.2235692, 36.190608299899999 ], [ -115.22357190000001, 36.190608299899999 ], [ -115.22357190000001, 36.190605599900003 ], [ -115.22358, 36.190605599900003 ], [ -115.22358, 36.1906028999 ], [ -115.22362050000001, 36.1906028999 ], [ -115.22362050000001, 36.190600199900004 ], [ -115.2236961, 36.190600199900004 ], [ -115.2236961, 36.1906028999 ], [ -115.2238149, 36.1906028999 ], [ -115.2238149, 36.190605599900003 ], [ -115.2238338, 36.190605599900003 ], [ -115.2238338, 36.1906028999 ], [ -115.2238473, 36.1906028999 ], [ -115.2238473, 36.190605599900003 ], [ -115.2238581, 36.190605599900003 ], [ -115.2238581, 36.190608299899999 ], [ -115.2238608, 36.190608299899999 ], [ -115.2238608, 36.190610999900002 ], [ -115.2238635, 36.190610999900002 ], [ -115.2238635, 36.190635299900002 ], [ -115.2238608, 36.190635299900002 ], [ -115.2238608, 36.1906514999 ], [ -115.2238635, 36.1906514999 ], [ -115.2238635, 36.190664999900001 ], [ -115.2238608, 36.190664999900001 ], [ -115.2238608, 36.190675799899999 ], [ -115.2238581, 36.190675799899999 ], [ -115.2238581, 36.190686599899998 ], [ -115.2238554, 36.190686599899998 ], [ -115.2238554, 36.190700099899999 ], [ -115.2238527, 36.190700099899999 ], [ -115.2238527, 36.190721699900003 ], [ -115.2238554, 36.190721699900003 ], [ -115.2238554, 36.190735199899997 ], [ -115.2238527, 36.190735199899997 ], [ -115.2238527, 36.190745999900003 ], [ -115.22385, 36.190745999900003 ], [ -115.22385, 36.190748699899999 ], [ -115.2238473, 36.190748699899999 ], [ -115.2238473, 36.190751399900002 ] ] ] } },
{ "type": "Feature", "properties": { "value": 255.0 }, "geometry": { "type": "Polygon", "coordinates": [ [ [ -115.2247653, 36.190654199900003 ], [ -115.2247545, 36.190654199900003 ], [ -115.2247545, 36.1906514999 ], [ -115.2247437, 36.1906514999 ], [ -115.2247437, 36.190648799900003 ], [ -115.2247329, 36.190648799900003 ], [ -115.2247329, 36.1906460999 ], [ -115.2247086, 36.1906460999 ], [ -115.2247086, 36.190643399899997 ], [ -115.2246978, 36.190643399899997 ], [ -115.2246978, 36.1906460999 ], [ -115.2246924, 36.1906460999 ], [ -115.2246924, 36.190643399899997 ], [ -115.2246843, 36.190643399899997 ], [ -115.2246843, 36.190640699900001 ], [ -115.224681600000011, 36.190640699900001 ], [ -115.224681600000011, 36.190635299900002 ], [ -115.2246789, 36.190635299900002 ], [ -115.2246789, 36.190632599899999 ], [ -115.2246681, 36.190632599899999 ], [ -115.2246681, 36.190635299900002 ], [ -115.22466, 36.190635299900002 ], [ -115.22466, 36.190637999899998 ], [ -115.2246492, 36.190637999899998 ], [ -115.2246492, 36.190635299900002 ], [ -115.2246195, 36.190635299900002 ], [ -115.2246195, 36.190632599899999 ], [ -115.224614100000011, 36.190632599899999 ], [ -115.224614100000011, 36.190629899900003 ], [ -115.2246114, 36.190629899900003 ], [ -115.2246114, 36.1906271999 ], [ -115.2245898, 36.1906271999 ], [ -115.2245898, 36.190629899900003 ], [ -115.2245871, 36.190629899900003 ], [ -115.2245871, 36.190632599899999 ], [ -115.224579, 36.190632599899999 ], [ -115.224579, 36.190635299900002 ], [ -115.2245439, 36.190635299900002 ], [ -115.2245439, 36.190632599899999 ], [ -115.2245331, 36.190632599899999 ], [ -115.2245331, 36.190629899900003 ], [ -115.224525, 36.190629899900003 ], [ -115.224525, 36.190632599899999 ], [ -115.2245223, 36.190632599899999 ], [ -115.2245223, 36.190635299900002 ], [ -115.2245196, 36.190635299900002 ], [ -115.2245196, 36.190637999899998 ], [ -115.224516900000012, 36.190637999899998 ], [ -115.224516900000012, 36.190640699900001 ], [ -115.2245115, 36.190640699900001 ], [ -115.2245115, 36.190643399899997 ], [ -115.2244683, 36.190643399899997 ], [ -115.2244683, 36.1906460999 ], [ -115.224449400000012, 36.1906460999 ], [ -115.224449400000012, 36.190648799900003 ], [ -115.224430500000011, 36.190648799900003 ], [ -115.224430500000011, 36.1906460999 ], [ -115.2244278, 36.1906460999 ], [ -115.2244278, 36.190637999899998 ], [ -115.2244251, 36.190637999899998 ], [ -115.2244251, 36.190621799900001 ], [ -115.2244224, 36.190621799900001 ], [ -115.2244224, 36.190613699899998 ], [ -115.2244197, 36.190613699899998 ], [ -115.2244197, 36.190608299899999 ], [ -115.224417, 36.190608299899999 ], [ -115.224417, 36.190605599900003 ], [ -115.2244143, 36.190605599900003 ], [ -115.2244143, 36.190575899899997 ], [ -115.224417, 36.190575899899997 ], [ -115.224417, 36.190573199900001 ], [ -115.2244197, 36.190573199900001 ], [ -115.2244197, 36.190570499899998 ], [ -115.2244251, 36.190570499899998 ], [ -115.2244251, 36.190567799900002 ], [ -115.2244278, 36.190567799900002 ], [ -115.2244278, 36.190562399900003 ], [ -115.224430500000011, 36.190562399900003 ], [ -115.224430500000011, 36.190556999900004 ], [ -115.2244278, 36.190556999900004 ], [ -115.2244278, 36.190551599899997 ], [ -115.2244251, 36.190551599899997 ], [ -115.2244251, 36.190546199899998 ], [ -115.2244224, 36.190546199899998 ], [ -115.2244224, 36.190527299899998 ], [ -115.2244251, 36.190527299899998 ], [ -115.2244251, 36.190516499899999 ], [ -115.2244278, 36.190516499899999 ], [ -115.2244278, 36.190505699900001 ], [ -115.224430500000011, 36.190505699900001 ], [ -115.224430500000011, 36.190475999900002 ], [ -115.2244332, 36.190475999900002 ], [ -115.2244332, 36.190473299899999 ], [ -115.2244359, 36.190473299899999 ], [ -115.2244359, 36.190470599900003 ], [ -115.2244656, 36.190470599900003 ], [ -115.2244656, 36.190473299899999 ], [ -115.2244845, 36.190473299899999 ], [ -115.2244845, 36.190475999900002 ], [ -115.2245115, 36.190475999900002 ], [ -115.2245115, 36.190478699899998 ], [ -115.2245196, 36.190478699899998 ], [ -115.2245196, 36.190481399900001 ], [ -115.224525, 36.190481399900001 ], [ -115.224525, 36.190484099899997 ], [ -115.22452770000001, 36.190484099899997 ], [ -115.22452770000001, 36.1904867999 ], [ -115.2245358, 36.1904867999 ], [ -115.2245358, 36.190489499900004 ], [ -115.2245709, 36.190489499900004 ], [ -115.2245709, 36.1904867999 ], [ -115.224584400000012, 36.1904867999 ], [ -115.224584400000012, 36.190489499900004 ], [ -115.2245979, 36.190489499900004 ], [ -115.2245979, 36.1904921999 ], [ -115.2246087, 36.1904921999 ], [ -115.2246087, 36.190489499900004 ], [ -115.2246303, 36.190489499900004 ], [ -115.2246303, 36.1904867999 ], [ -115.2246384, 36.1904867999 ], [ -115.2246384, 36.190489499900004 ], [ -115.2246492, 36.190489499900004 ], [ -115.2246492, 36.1904867999 ], [ -115.2246708, 36.1904867999 ], [ -115.2246708, 36.190484099899997 ], [ -115.224681600000011, 36.190484099899997 ], [ -115.224681600000011, 36.190481399900001 ], [ -115.224687, 36.190481399900001 ], [ -115.224687, 36.190478699899998 ], [ -115.2247248, 36.190478699899998 ], [ -115.2247248, 36.190475999900002 ], [ -115.224768, 36.190475999900002 ], [ -115.224768, 36.190478699899998 ], [ -115.2247761, 36.190478699899998 ], [ -115.2247761, 36.190481399900001 ], [ -115.22477880000001, 36.190481399900001 ], [ -115.22477880000001, 36.1904867999 ], [ -115.2247815, 36.1904867999 ], [ -115.2247815, 36.190513799900003 ], [ -115.2247842, 36.190513799900003 ], [ -115.2247842, 36.190521899899998 ], [ -115.224786900000012, 36.190521899899998 ], [ -115.224786900000012, 36.190546199899998 ], [ -115.2247842, 36.190546199899998 ], [ -115.2247842, 36.190551599899997 ], [ -115.2247815, 36.190551599899997 ], [ -115.2247815, 36.190554299900001 ], [ -115.2247761, 36.190554299900001 ], [ -115.2247761, 36.190556999900004 ], [ -115.2247734, 36.190556999900004 ], [ -115.2247734, 36.190573199900001 ], [ -115.2247761, 36.190573199900001 ], [ -115.2247761, 36.190575899899997 ], [ -115.22477880000001, 36.190575899899997 ], [ -115.22477880000001, 36.1905785999 ], [ -115.2247842, 36.1905785999 ], [ -115.2247842, 36.190583999899999 ], [ -115.224786900000012, 36.190583999899999 ], [ -115.224786900000012, 36.190597499900001 ], [ -115.2247842, 36.190597499900001 ], [ -115.2247842, 36.190605599900003 ], [ -115.2247815, 36.190605599900003 ], [ -115.2247815, 36.190608299899999 ], [ -115.2247761, 36.190608299899999 ], [ -115.2247761, 36.190610999900002 ], [ -115.2247734, 36.190610999900002 ], [ -115.2247734, 36.190613699899998 ], [ -115.2247707, 36.190613699899998 ], [ -115.2247707, 36.190624499900004 ], [ -115.224768, 36.190624499900004 ], [ -115.224768, 36.190637999899998 ], [ -115.2247707, 36.190637999899998 ], [ -115.2247707, 36.190648799900003 ], [ -115.224768, 36.190648799900003 ], [ -115.224768, 36.1906514999 ], [ -115.2247653, 36.1906514999 ], [ -115.2247653, 36.190654199900003 ] ] ] } },
{ "type": "Feature", "properties": { "value": 255.0 }, "geometry": { "type": "Polygon", "coordinates": [ [ [ -115.2250326, 36.190683899900002 ], [ -115.2250029, 36.190683899900002 ], [ -115.2250029, 36.190681199899998 ], [ -115.225000200000011, 36.190681199899998 ], [ -115.225000200000011, 36.190613699899998 ], [ -115.2250029, 36.190613699899998 ], [ -115.2250029, 36.190532699900004 ], [ -115.2250056, 36.190532699900004 ], [ -115.2250056, 36.190446299900003 ], [ -115.2250083, 36.190446299900003 ], [ -115.2250083, 36.1904435999 ], [ -115.225011, 36.1904435999 ], [ -115.225011, 36.190440899900004 ], [ -115.2250326, 36.190440899900004 ], [ -115.2250326, 36.190683899900002 ] ] ] } },
{ "type": "Feature", "properties": { "value": 255.0 }, "geometry": { "type": "Polygon", "coordinates": [ [ [ -115.2234693, 36.190527299899998 ], [ -115.2234477, 36.190527299899998 ], [ -115.2234477, 36.190524599900002 ], [ -115.223445, 36.190524599900002 ], [ -115.223445, 36.190459799899998 ], [ -115.2234477, 36.190459799899998 ], [ -115.2234477, 36.190435499899998 ], [ -115.2234504, 36.190435499899998 ], [ -115.2234504, 36.190432799900002 ], [ -115.2234531, 36.190432799900002 ], [ -115.2234531, 36.190430099899999 ], [ -115.2234693, 36.190430099899999 ], [ -115.2234693, 36.190427399900003 ], [ -115.2234936, 36.190427399900003 ], [ -115.2234936, 36.190430099899999 ], [ -115.223499, 36.190430099899999 ], [ -115.223499, 36.190432799900002 ], [ -115.2235017, 36.190432799900002 ], [ -115.2235017, 36.1904435999 ], [ -115.22350440000001, 36.1904435999 ], [ -115.22350440000001, 36.190473299899999 ], [ -115.2235017, 36.190473299899999 ], [ -115.2235017, 36.190478699899998 ], [ -115.22350440000001, 36.190478699899998 ], [ -115.22350440000001, 36.190521899899998 ], [ -115.2235017, 36.190521899899998 ], [ -115.2235017, 36.190524599900002 ], [ -115.2234693, 36.190524599900002 ], [ -115.2234693, 36.190527299899998 ] ] ] } },
{ "type": "Feature", "properties": { "value": 255.0 }, "geometry": { "type": "Polygon", "coordinates": [ [ [ -115.2248976, 36.190605599900003 ], [ -115.2248625, 36.190605599900003 ], [ -115.2248625, 36.1906028999 ], [ -115.224849, 36.1906028999 ], [ -115.224849, 36.190600199900004 ], [ -115.22484630000001, 36.190600199900004 ], [ -115.22484630000001, 36.190594799899998 ], [ -115.2248436, 36.190594799899998 ], [ -115.2248436, 36.190565099899999 ], [ -115.22484630000001, 36.190565099899999 ], [ -115.22484630000001, 36.190548899900001 ], [ -115.224849, 36.190548899900001 ], [ -115.224849, 36.190519199900002 ], [ -115.2248517, 36.190519199900002 ], [ -115.2248517, 36.190475999900002 ], [ -115.224854400000012, 36.190475999900002 ], [ -115.224854400000012, 36.190451699900002 ], [ -115.2248571, 36.190451699900002 ], [ -115.2248571, 36.190438199900001 ], [ -115.2248598, 36.190438199900001 ], [ -115.2248598, 36.190432799900002 ], [ -115.2248625, 36.190432799900002 ], [ -115.2248625, 36.190430099899999 ], [ -115.224865200000011, 36.190430099899999 ], [ -115.224865200000011, 36.190427399900003 ], [ -115.2248706, 36.190427399900003 ], [ -115.2248706, 36.190424699899999 ], [ -115.2248922, 36.190424699899999 ], [ -115.2248922, 36.190427399900003 ], [ -115.2249003, 36.190427399900003 ], [ -115.2249003, 36.190430099899999 ], [ -115.224903, 36.190430099899999 ], [ -115.224903, 36.190432799900002 ], [ -115.2249057, 36.190432799900002 ], [ -115.2249057, 36.190532699900004 ], [ -115.224903, 36.190532699900004 ], [ -115.224903, 36.190600199900004 ], [ -115.2249003, 36.190600199900004 ], [ -115.2249003, 36.1906028999 ], [ -115.2248976, 36.1906028999 ], [ -115.2248976, 36.190605599900003 ] ] ] } },
{ "type": "Feature", "properties": { "value": 255.0 }, "geometry": { "type": "Polygon", "coordinates": [ [ [ -115.2238446, 36.190548899900001 ], [ -115.2237852, 36.190548899900001 ], [ -115.2237852, 36.190546199899998 ], [ -115.2236502, 36.190546199899998 ], [ -115.2236502, 36.190543499900002 ], [ -115.2236286, 36.190543499900002 ], [ -115.2236286, 36.190546199899998 ], [ -115.2235395, 36.190546199899998 ], [ -115.2235395, 36.190543499900002 ], [ -115.2235368, 36.190543499900002 ], [ -115.2235368, 36.190540799899999 ], [ -115.2235341, 36.190540799899999 ], [ -115.2235341, 36.190478699899998 ], [ -115.2235368, 36.190478699899998 ], [ -115.2235368, 36.1904435999 ], [ -115.2235395, 36.1904435999 ], [ -115.2235395, 36.190432799900002 ], [ -115.2235422, 36.190432799900002 ], [ -115.2235422, 36.190424699899999 ], [ -115.2235449, 36.190424699899999 ], [ -115.2235449, 36.1904192999 ], [ -115.2235476, 36.1904192999 ], [ -115.2235476, 36.190416599900004 ], [ -115.2235503, 36.190416599900004 ], [ -115.2235503, 36.190413899900001 ], [ -115.2235557, 36.190413899900001 ], [ -115.2235557, 36.190411199899998 ], [ -115.2235638, 36.190411199899998 ], [ -115.2235638, 36.190408499900002 ], [ -115.22357190000001, 36.190408499900002 ], [ -115.22357190000001, 36.190405799899999 ], [ -115.2235854, 36.190405799899999 ], [ -115.2235854, 36.190403099900003 ], [ -115.2235962, 36.190403099900003 ], [ -115.2235962, 36.1904003999 ], [ -115.2236124, 36.1904003999 ], [ -115.2236124, 36.190397699900004 ], [ -115.22363940000001, 36.190397699900004 ], [ -115.22363940000001, 36.1904003999 ], [ -115.2236475, 36.1904003999 ], [ -115.2236475, 36.190397699900004 ], [ -115.2236502, 36.190397699900004 ], [ -115.2236502, 36.1904003999 ], [ -115.2236718, 36.1904003999 ], [ -115.2236718, 36.190397699900004 ], [ -115.2236772, 36.190397699900004 ], [ -115.2236772, 36.1904003999 ], [ -115.2238068, 36.1904003999 ], [ -115.2238068, 36.190403099900003 ], [ -115.2238095, 36.190403099900003 ], [ -115.2238095, 36.190405799899999 ], [ -115.2238149, 36.190405799899999 ], [ -115.2238149, 36.190408499900002 ], [ -115.2238176, 36.190408499900002 ], [ -115.2238176, 36.190411199899998 ], [ -115.2238203, 36.190411199899998 ], [ -115.2238203, 36.190413899900001 ], [ -115.223823, 36.190413899900001 ], [ -115.223823, 36.1904192999 ], [ -115.2238257, 36.1904192999 ], [ -115.2238257, 36.190421999900003 ], [ -115.2238284, 36.190421999900003 ], [ -115.2238284, 36.190438199900001 ], [ -115.2238257, 36.190438199900001 ], [ -115.2238257, 36.190454399899998 ], [ -115.223823, 36.190454399899998 ], [ -115.223823, 36.190484099899997 ], [ -115.2238257, 36.190484099899997 ], [ -115.2238257, 36.1904867999 ], [ -115.2238284, 36.1904867999 ], [ -115.2238284, 36.190489499900004 ], [ -115.223841900000011, 36.190489499900004 ], [ -115.223841900000011, 36.1904921999 ], [ -115.2238446, 36.1904921999 ], [ -115.2238446, 36.190502999899998 ], [ -115.2238473, 36.190502999899998 ], [ -115.2238473, 36.190540799899999 ], [ -115.2238446, 36.190540799899999 ], [ -115.2238446, 36.190548899900001 ] ] ] } },
{ "type": "Feature", "properties": { "value": 255.0 }, "geometry": { "type": "Polygon", "coordinates": [ [ [ -115.2248139, 36.190438199900001 ], [ -115.2247059, 36.190438199900001 ], [ -115.2247059, 36.190435499899998 ], [ -115.2247032, 36.190435499899998 ], [ -115.2247032, 36.190432799900002 ], [ -115.224700500000012, 36.190432799900002 ], [ -115.224700500000012, 36.190394999900001 ], [ -115.2247032, 36.190394999900001 ], [ -115.2247032, 36.190392299899997 ], [ -115.224719400000012, 36.190392299899997 ], [ -115.224719400000012, 36.190394999900001 ], [ -115.224749100000011, 36.190394999900001 ], [ -115.224749100000011, 36.190397699900004 ], [ -115.2248112, 36.190397699900004 ], [ -115.2248112, 36.1904003999 ], [ -115.224816600000011, 36.1904003999 ], [ -115.224816600000011, 36.190435499899998 ], [ -115.2248139, 36.190435499899998 ], [ -115.2248139, 36.190438199900001 ] ] ] } },
{ "type": "Feature", "properties": { "value": 255.0 }, "geometry": { "type": "Polygon", "coordinates": [ [ [ -115.2233289, 36.190378799900003 ], [ -115.2232992, 36.190378799900003 ], [ -115.2232992, 36.1903760999 ], [ -115.2232965, 36.1903760999 ], [ -115.2232965, 36.190373399900004 ], [ -115.2232938, 36.190373399900004 ], [ -115.2232938, 36.190359899900002 ], [ -115.2232965, 36.190359899900002 ], [ -115.2232965, 36.1903517999 ], [ -115.2232992, 36.1903517999 ], [ -115.2232992, 36.190346399900001 ], [ -115.22330190000001, 36.190346399900001 ], [ -115.22330190000001, 36.190340999900002 ], [ -115.2233046, 36.190340999900002 ], [ -115.2233046, 36.190338299899999 ], [ -115.2233073, 36.190338299899999 ], [ -115.2233073, 36.190335599900003 ], [ -115.2233127, 36.190335599900003 ], [ -115.2233127, 36.1903328999 ], [ -115.2233208, 36.1903328999 ], [ -115.2233208, 36.190330199900004 ], [ -115.2233424, 36.190330199900004 ], [ -115.2233424, 36.1903328999 ], [ -115.2233451, 36.1903328999 ], [ -115.2233451, 36.190354499900003 ], [ -115.2233424, 36.190354499900003 ], [ -115.2233424, 36.190359899900002 ], [ -115.2233397, 36.190359899900002 ], [ -115.2233397, 36.190367999899998 ], [ -115.223337, 36.190367999899998 ], [ -115.223337, 36.190373399900004 ], [ -115.2233343, 36.190373399900004 ], [ -115.2233343, 36.1903760999 ], [ -115.2233289, 36.1903760999 ], [ -115.2233289, 36.190378799900003 ] ] ] } },
{ "type": "Feature", "properties": { "value": 255.0 }, "geometry": { "type": "Polygon", "coordinates": [ [ [ -115.2232884, 36.190295099899998 ], [ -115.2232776, 36.190295099899998 ], [ -115.2232776, 36.190154699899999 ], [ -115.223283, 36.190154699899999 ], [ -115.223283, 36.190157399900002 ], [ -115.2233073, 36.190157399900002 ], [ -115.2233073, 36.190160099899998 ], [ -115.2233316, 36.190160099899998 ], [ -115.2233316, 36.190162799900001 ], [ -115.2233343, 36.190162799900001 ], [ -115.2233343, 36.190187099900001 ], [ -115.2233316, 36.190187099900001 ], [ -115.2233316, 36.1901924999 ], [ -115.2233289, 36.1901924999 ], [ -115.2233289, 36.190197899899999 ], [ -115.2233262, 36.190197899899999 ], [ -115.2233262, 36.190200599900002 ], [ -115.2233235, 36.190200599900002 ], [ -115.2233235, 36.190203299899999 ], [ -115.2233208, 36.190203299899999 ], [ -115.2233208, 36.190205999900002 ], [ -115.2233154, 36.190205999900002 ], [ -115.2233154, 36.190208699900005 ], [ -115.22330190000001, 36.190208699900005 ], [ -115.22330190000001, 36.190211399900001 ], [ -115.2232965, 36.190211399900001 ], [ -115.2232965, 36.1902167999 ], [ -115.2232938, 36.1902167999 ], [ -115.2232938, 36.190286999900003 ], [ -115.2232911, 36.190286999900003 ], [ -115.2232911, 36.190292399900002 ], [ -115.2232884, 36.190292399900002 ], [ -115.2232884, 36.190295099899998 ] ] ] } },
{ "type": "Feature", "properties": { "value": 255.0 }, "geometry": { "type": "Polygon", "coordinates": [ [ [ -115.2238311, 36.190235699900001 ], [ -115.22370690000001, 36.190235699900001 ], [ -115.22370690000001, 36.190232999900005 ], [ -115.2236745, 36.190232999900005 ], [ -115.2236745, 36.190235699900001 ], [ -115.2236502, 36.190235699900001 ], [ -115.2236502, 36.190232999900005 ], [ -115.223607, 36.190232999900005 ], [ -115.223607, 36.190235699900001 ], [ -115.2236043, 36.190235699900001 ], [ -115.2236043, 36.190232999900005 ], [ -115.2235746, 36.190232999900005 ], [ -115.2235746, 36.190230299900001 ], [ -115.2235449, 36.190230299900001 ], [ -115.2235449, 36.190227599899998 ], [ -115.2235422, 36.190227599899998 ], [ -115.2235422, 36.190222199899999 ], [ -115.2235395, 36.190222199899999 ], [ -115.2235395, 36.190187099900001 ], [ -115.2235368, 36.190187099900001 ], [ -115.2235368, 36.190176299900003 ], [ -115.2235395, 36.190176299900003 ], [ -115.2235395, 36.1901735999 ], [ -115.2235422, 36.1901735999 ], [ -115.2235422, 36.190170899900004 ], [ -115.2235692, 36.190170899900004 ], [ -115.2235692, 36.190165499900004 ], [ -115.22357190000001, 36.190165499900004 ], [ -115.22357190000001, 36.190146599900004 ], [ -115.2235692, 36.190146599900004 ], [ -115.2235692, 36.190143899900001 ], [ -115.2235611, 36.190143899900001 ], [ -115.2235611, 36.190141199900005 ], [ -115.2235584, 36.190141199900005 ], [ -115.2235584, 36.190143899900001 ], [ -115.2235503, 36.190143899900001 ], [ -115.2235503, 36.190141199900005 ], [ -115.2235476, 36.190141199900005 ], [ -115.2235476, 36.190138499900002 ], [ -115.2235449, 36.190138499900002 ], [ -115.2235449, 36.190119599900001 ], [ -115.2235476, 36.190119599900001 ], [ -115.2235476, 36.1901006999 ], [ -115.2235503, 36.1901006999 ], [ -115.2235503, 36.190097999900004 ], [ -115.2235557, 36.190097999900004 ], [ -115.2235557, 36.190095299900001 ], [ -115.2235584, 36.190095299900001 ], [ -115.2235584, 36.190092599900005 ], [ -115.2235665, 36.190092599900005 ], [ -115.2235665, 36.190089899900002 ], [ -115.2235773, 36.190089899900002 ], [ -115.2235773, 36.190087199899999 ], [ -115.2235881, 36.190087199899999 ], [ -115.2235881, 36.190084499900003 ], [ -115.223607, 36.190084499900003 ], [ -115.223607, 36.190087199899999 ], [ -115.2236124, 36.190087199899999 ], [ -115.2236124, 36.190084499900003 ], [ -115.22362050000001, 36.190084499900003 ], [ -115.22362050000001, 36.190087199899999 ], [ -115.2236367, 36.190087199899999 ], [ -115.2236367, 36.190084499900003 ], [ -115.2236502, 36.190084499900003 ], [ -115.2236502, 36.190087199899999 ], [ -115.22370690000001, 36.190087199899999 ], [ -115.22370690000001, 36.190089899900002 ], [ -115.2237501, 36.190089899900002 ], [ -115.2237501, 36.190087199899999 ], [ -115.2238014, 36.190087199899999 ], [ -115.2238014, 36.190089899900002 ], [ -115.2238176, 36.190089899900002 ], [ -115.2238176, 36.190092599900005 ], [ -115.223823, 36.190092599900005 ], [ -115.223823, 36.190095299900001 ], [ -115.2238284, 36.190095299900001 ], [ -115.2238284, 36.190097999900004 ], [ -115.2238311, 36.190097999900004 ], [ -115.2238311, 36.1901006999 ], [ -115.2238338, 36.1901006999 ], [ -115.2238338, 36.190103399900003 ], [ -115.2238365, 36.190103399900003 ], [ -115.2238365, 36.190106099899999 ], [ -115.2238392, 36.190106099899999 ], [ -115.2238392, 36.190108799900003 ], [ -115.2238446, 36.190108799900003 ], [ -115.2238446, 36.190111499899999 ], [ -115.22385, 36.190111499899999 ], [ -115.22385, 36.190114199900002 ], [ -115.2238554, 36.190114199900002 ], [ -115.2238554, 36.190122299900004 ], [ -115.2238581, 36.190122299900004 ], [ -115.2238581, 36.190135799899998 ], [ -115.2238554, 36.190135799899998 ], [ -115.2238554, 36.190143899900001 ], [ -115.22385, 36.190143899900001 ], [ -115.22385, 36.190146599900004 ], [ -115.2238338, 36.190146599900004 ], [ -115.2238338, 36.1901492999 ], [ -115.2238311, 36.1901492999 ], [ -115.2238311, 36.190151999900003 ], [ -115.2238284, 36.190151999900003 ], [ -115.2238284, 36.190176299900003 ], [ -115.2238311, 36.190176299900003 ], [ -115.2238311, 36.190178999899999 ], [ -115.2238338, 36.190178999899999 ], [ -115.2238338, 36.190181699900002 ], [ -115.2238473, 36.190181699900002 ], [ -115.2238473, 36.190184399899998 ], [ -115.22385, 36.190184399899998 ], [ -115.22385, 36.190187099900001 ], [ -115.2238527, 36.190187099900001 ], [ -115.2238527, 36.190203299899999 ], [ -115.2238554, 36.190203299899999 ], [ -115.2238554, 36.190214099900004 ], [ -115.2238527, 36.190214099900004 ], [ -115.2238527, 36.190219499900003 ], [ -115.22385, 36.190219499900003 ], [ -115.22385, 36.190222199899999 ], [ -115.2238473, 36.190222199899999 ], [ -115.2238473, 36.190224899900002 ], [ -115.223841900000011, 36.190224899900002 ], [ -115.223841900000011, 36.190227599899998 ], [ -115.2238365, 36.190227599899998 ], [ -115.2238365, 36.190232999900005 ], [ -115.2238311, 36.190232999900005 ], [ -115.2238311, 36.190235699900001 ] ] ] } },
{ "type": "Feature", "properties": { "value": 255.0 }, "geometry": { "type": "Polygon", "coordinates": [ [ [ -115.2235071, 36.1901735999 ], [ -115.2234963, 36.1901735999 ], [ -115.2234963, 36.190170899900004 ], [ -115.2234747, 36.190170899900004 ], [ -115.2234747, 36.1901735999 ], [ -115.2234585, 36.1901735999 ], [ -115.2234585, 36.190170899900004 ], [ -115.2234558, 36.190170899900004 ], [ -115.2234558, 36.190079099900004 ], [ -115.2234585, 36.190079099900004 ], [ -115.2234585, 36.190076399900001 ], [ -115.22350440000001, 36.190076399900001 ], [ -115.22350440000001, 36.190079099900004 ], [ -115.2235125, 36.190079099900004 ], [ -115.2235125, 36.190084499900003 ], [ -115.2235152, 36.190084499900003 ], [ -115.2235152, 36.190162799900001 ], [ -115.2235125, 36.190162799900001 ], [ -115.2235125, 36.190170899900004 ], [ -115.2235071, 36.190170899900004 ], [ -115.2235071, 36.1901735999 ] ] ] } },
{ "type": "Feature", "properties": { "value": 255.0 }, "geometry": { "type": "Polygon", "coordinates": [ [ [ -115.223337, 36.190138499900002 ], [ -115.22331, 36.190138499900002 ], [ -115.22331, 36.190135799899998 ], [ -115.2233046, 36.190135799899998 ], [ -115.2233046, 36.190133099900002 ], [ -115.2232992, 36.190133099900002 ], [ -115.2232992, 36.190130399899999 ], [ -115.2232938, 36.190130399899999 ], [ -115.2232938, 36.190133099900002 ], [ -115.2232911, 36.190133099900002 ], [ -115.2232911, 36.190135799899998 ], [ -115.2232776, 36.190135799899998 ], [ -115.2232776, 36.190046699900002 ], [ -115.2232884, 36.190046699900002 ], [ -115.2232884, 36.190049399900005 ], [ -115.2232911, 36.190049399900005 ], [ -115.2232911, 36.190060199900003 ], [ -115.2232938, 36.190060199900003 ], [ -115.2232938, 36.190084499900003 ], [ -115.2232965, 36.190084499900003 ], [ -115.2232965, 36.190087199899999 ], [ -115.2232992, 36.190087199899999 ], [ -115.2232992, 36.190084499900003 ], [ -115.2233046, 36.190084499900003 ], [ -115.2233046, 36.1900817999 ], [ -115.2233073, 36.1900817999 ], [ -115.2233073, 36.190079099900004 ], [ -115.22331, 36.190079099900004 ], [ -115.22331, 36.190076399900001 ], [ -115.2233154, 36.190076399900001 ], [ -115.2233154, 36.190073699900005 ], [ -115.2233343, 36.190073699900005 ], [ -115.2233343, 36.190076399900001 ], [ -115.2233397, 36.190076399900001 ], [ -115.2233397, 36.190079099900004 ], [ -115.2233424, 36.190079099900004 ], [ -115.2233424, 36.1900817999 ], [ -115.2233451, 36.1900817999 ], [ -115.2233451, 36.190087199899999 ], [ -115.2233478, 36.190087199899999 ], [ -115.2233478, 36.190095299900001 ], [ -115.2233397, 36.190095299900001 ], [ -115.2233397, 36.1901006999 ], [ -115.2233424, 36.1901006999 ], [ -115.2233424, 36.1901249999 ], [ -115.2233451, 36.1901249999 ], [ -115.2233451, 36.190127699900003 ], [ -115.2233424, 36.190127699900003 ], [ -115.2233424, 36.190135799899998 ], [ -115.223337, 36.190135799899998 ], [ -115.223337, 36.190138499900002 ] ] ] } },
{ "type": "Feature", "properties": { "value": 255.0 }, "geometry": { "type": "Polygon", "coordinates": [ [ [ -115.2246546, 36.190230299900001 ], [ -115.2246492, 36.190230299900001 ], [ -115.2246492, 36.190227599899998 ], [ -115.2246303, 36.190227599899998 ], [ -115.2246303, 36.190224899900002 ], [ -115.2246249, 36.190224899900002 ], [ -115.2246249, 36.190222199899999 ], [ -115.2246195, 36.190222199899999 ], [ -115.2246195, 36.190219499900003 ], [ -115.2246168, 36.190219499900003 ], [ -115.2246168, 36.1902167999 ], [ -115.224614100000011, 36.1902167999 ], [ -115.224614100000011, 36.190214099900004 ], [ -115.2246114, 36.190214099900004 ], [ -115.2246114, 36.190070999900001 ], [ -115.2246087, 36.190070999900001 ], [ -115.2246087, 36.190065599900002 ], [ -115.2246114, 36.190065599900002 ], [ -115.2246114, 36.190038599899999 ], [ -115.224614100000011, 36.190038599899999 ], [ -115.224614100000011, 36.190035899900003 ], [ -115.2246222, 36.190035899900003 ], [ -115.2246222, 36.1900331999 ], [ -115.22464380000001, 36.1900331999 ], [ -115.22464380000001, 36.190035899900003 ], [ -115.2246654, 36.190035899900003 ], [ -115.2246654, 36.190038599899999 ], [ -115.2246681, 36.190038599899999 ], [ -115.2246681, 36.1901492999 ], [ -115.2246654, 36.1901492999 ], [ -115.2246654, 36.1902167999 ], [ -115.22466270000001, 36.1902167999 ], [ -115.22466270000001, 36.190227599899998 ], [ -115.2246546, 36.190227599899998 ], [ -115.2246546, 36.190230299900001 ] ] ] } },
{ "type": "Feature", "properties": { "value": 255.0 }, "geometry": { "type": "Polygon", "coordinates": [ [ [ -115.2250326, 36.190211399900001 ], [ -115.2250137, 36.190211399900001 ], [ -115.2250137, 36.190208699900005 ], [ -115.2250056, 36.190208699900005 ], [ -115.2250056, 36.190205999900002 ], [ -115.2250029, 36.190205999900002 ], [ -115.2250029, 36.190203299899999 ], [ -115.2249975, 36.190203299899999 ], [ -115.2249975, 36.190200599900002 ], [ -115.2249948, 36.190200599900002 ], [ -115.2249948, 36.190197899899999 ], [ -115.224989400000013, 36.190197899899999 ], [ -115.224989400000013, 36.190195199900003 ], [ -115.2249867, 36.190195199900003 ], [ -115.2249867, 36.1901924999 ], [ -115.224984, 36.1901924999 ], [ -115.224984, 36.190189799900004 ], [ -115.2249786, 36.190189799900004 ], [ -115.2249786, 36.190187099900001 ], [ -115.2249759, 36.190187099900001 ], [ -115.2249759, 36.190184399899998 ], [ -115.2249732, 36.190184399899998 ], [ -115.2249732, 36.190181699900002 ], [ -115.2249678, 36.190181699900002 ], [ -115.2249678, 36.190176299900003 ], [ -115.2249651, 36.190176299900003 ], [ -115.2249651, 36.1901681999 ], [ -115.2249678, 36.1901681999 ], [ -115.2249678, 36.190165499900004 ], [ -115.224970500000012, 36.190165499900004 ], [ -115.224970500000012, 36.190160099899998 ], [ -115.2249732, 36.190160099899998 ], [ -115.2249732, 36.190157399900002 ], [ -115.2249759, 36.190157399900002 ], [ -115.2249759, 36.190154699899999 ], [ -115.2249786, 36.190154699899999 ], [ -115.2249786, 36.190151999900003 ], [ -115.22498130000001, 36.190151999900003 ], [ -115.22498130000001, 36.1901492999 ], [ -115.224984, 36.1901492999 ], [ -115.224984, 36.190146599900004 ], [ -115.2249867, 36.190146599900004 ], [ -115.2249867, 36.190141199900005 ], [ -115.224989400000013, 36.190141199900005 ], [ -115.224989400000013, 36.190138499900002 ], [ -115.2249921, 36.190138499900002 ], [ -115.2249921, 36.190135799899998 ], [ -115.2249948, 36.190135799899998 ], [ -115.2249948, 36.190130399899999 ], [ -115.2249975, 36.190130399899999 ], [ -115.2249975, 36.190119599900001 ], [ -115.2249948, 36.190119599900001 ], [ -115.2249948, 36.190116899900005 ], [ -115.2249921, 36.190116899900005 ], [ -115.2249921, 36.190114199900002 ], [ -115.224989400000013, 36.190114199900002 ], [ -115.224989400000013, 36.190111499899999 ], [ -115.224984, 36.190111499899999 ], [ -115.224984, 36.190108799900003 ], [ -115.22498130000001, 36.190108799900003 ], [ -115.22498130000001, 36.190106099899999 ], [ -115.2249786, 36.190106099899999 ], [ -115.2249786, 36.190103399900003 ], [ -115.224970500000012, 36.190103399900003 ], [ -115.224970500000012, 36.1901006999 ], [ -115.22496240000001, 36.1901006999 ], [ -115.22496240000001, 36.190097999900004 ], [ -115.2249462, 36.190097999900004 ], [ -115.2249462, 36.1901006999 ], [ -115.2249381, 36.1901006999 ], [ -115.2249381, 36.190103399900003 ], [ -115.224932700000011, 36.190103399900003 ], [ -115.224932700000011, 36.190106099899999 ], [ -115.224903, 36.190106099899999 ], [ -115.224903, 36.190103399900003 ], [ -115.2248976, 36.190103399900003 ], [ -115.2248976, 36.1901006999 ], [ -115.22489490000001, 36.1901006999 ], [ -115.22489490000001, 36.190097999900004 ], [ -115.2248895, 36.190097999900004 ], [ -115.2248895, 36.190095299900001 ], [ -115.2248679, 36.190095299900001 ], [ -115.2248679, 36.190092599900005 ], [ -115.224865200000011, 36.190092599900005 ], [ -115.224865200000011, 36.190087199899999 ], [ -115.2248625, 36.190087199899999 ], [ -115.2248625, 36.190070999900001 ], [ -115.224865200000011, 36.190070999900001 ], [ -115.224865200000011, 36.190068299899998 ], [ -115.2248679, 36.190068299899998 ], [ -115.2248679, 36.190065599900002 ], [ -115.2248706, 36.190065599900002 ], [ -115.2248706, 36.190062899899999 ], [ -115.2248733, 36.190062899899999 ], [ -115.2248733, 36.190060199900003 ], [ -115.224876, 36.190060199900003 ], [ -115.224876, 36.1900574999 ], [ -115.2248787, 36.1900574999 ], [ -115.2248787, 36.190054799900004 ], [ -115.2248814, 36.190054799900004 ], [ -115.2248814, 36.190052099900001 ], [ -115.2248868, 36.190052099900001 ], [ -115.2248868, 36.190049399900005 ], [ -115.2248895, 36.190049399900005 ], [ -115.2248895, 36.190046699900002 ], [ -115.2248922, 36.190046699900002 ], [ -115.2248922, 36.190043999899999 ], [ -115.2248976, 36.190043999899999 ], [ -115.2248976, 36.190041299900003 ], [ -115.2249003, 36.190041299900003 ], [ -115.2249003, 36.190038599899999 ], [ -115.224903, 36.190038599899999 ], [ -115.224903, 36.190035899900003 ], [ -115.2249084, 36.190035899900003 ], [ -115.2249084, 36.1900331999 ], [ -115.2249111, 36.1900331999 ], [ -115.2249111, 36.190030499900004 ], [ -115.22491380000001, 36.190030499900004 ], [ -115.22491380000001, 36.190027799900001 ], [ -115.2249165, 36.190027799900001 ], [ -115.2249165, 36.190022399900002 ], [ -115.2249192, 36.190022399900002 ], [ -115.2249192, 36.190019699899999 ], [ -115.224921900000012, 36.190019699899999 ], [ -115.224921900000012, 36.190016999900003 ], [ -115.2249246, 36.190016999900003 ], [ -115.2249246, 36.1900142999 ], [ -115.2249273, 36.1900142999 ], [ -115.2249273, 36.190011599900004 ], [ -115.22493, 36.190011599900004 ], [ -115.22493, 36.1900088999 ], [ -115.2249354, 36.1900088999 ], [ -115.2249354, 36.190006199900004 ], [ -115.2249381, 36.190006199900004 ], [ -115.2249381, 36.190003499900001 ], [ -115.2249435, 36.190003499900001 ], [ -115.2249435, 36.190000799900005 ], [ -115.224951600000011, 36.190000799900005 ], [ -115.224951600000011, 36.189998099900002 ], [ -115.2249678, 36.189998099900002 ], [ -115.2249678, 36.189995399899999 ], [ -115.2250029, 36.189995399899999 ], [ -115.2250029, 36.189992699900003 ], [ -115.2250164, 36.189992699900003 ], [ -115.2250164, 36.189995399899999 ], [ -115.2250326, 36.189995399899999 ], [ -115.2250326, 36.190211399900001 ] ] ] } },
{ "type": "Feature", "properties": { "value": 255.0 }, "geometry": { "type": "Polygon", "coordinates": [ [ [ -115.2235098, 36.1900088999 ], [ -115.2234909, 36.1900088999 ], [ -115.2234909, 36.190006199900004 ], [ -115.2234882, 36.190006199900004 ], [ -115.2234882, 36.1900088999 ], [ -115.2234585, 36.1900088999 ], [ -115.2234585, 36.190003499900001 ], [ -115.2234558, 36.190003499900001 ], [ -115.2234558, 36.189998099900002 ], [ -115.2234585, 36.189998099900002 ], [ -115.2234585, 36.1899413999 ], [ -115.2234558, 36.1899413999 ], [ -115.2234558, 36.189914399900005 ], [ -115.2234585, 36.189914399900005 ], [ -115.2234585, 36.189908999900005 ], [ -115.2234747, 36.189908999900005 ], [ -115.2234747, 36.189911699900001 ], [ -115.2235098, 36.189911699900001 ], [ -115.2235098, 36.189914399900005 ], [ -115.2235125, 36.189914399900005 ], [ -115.2235125, 36.189919799900004 ], [ -115.2235152, 36.189919799900004 ], [ -115.2235152, 36.189927899899999 ], [ -115.2235179, 36.189927899899999 ], [ -115.2235179, 36.189944099900003 ], [ -115.2235152, 36.189944099900003 ], [ -115.2235152, 36.190006199900004 ], [ -115.2235098, 36.190006199900004 ], [ -115.2235098, 36.1900088999 ] ] ] } },
{ "type": "Feature", "properties": { "value": 255.0 }, "geometry": { "type": "Polygon", "coordinates": [ [ [ -115.224498, 36.190195199900003 ], [ -115.2244629, 36.190195199900003 ], [ -115.2244629, 36.1901924999 ], [ -115.22446020000001, 36.1901924999 ], [ -115.22446020000001, 36.190189799900004 ], [ -115.2244548, 36.190189799900004 ], [ -115.2244548, 36.190187099900001 ], [ -115.2244359, 36.190187099900001 ], [ -115.2244359, 36.190189799900004 ], [ -115.2244332, 36.190189799900004 ], [ -115.2244332, 36.1901924999 ], [ -115.2244278, 36.1901924999 ], [ -115.2244278, 36.190195199900003 ], [ -115.22439270000001, 36.190195199900003 ], [ -115.22439270000001, 36.1901924999 ], [ -115.22439, 36.1901924999 ], [ -115.22439, 36.190189799900004 ], [ -115.2243873, 36.190189799900004 ], [ -115.2243873, 36.190187099900001 ], [ -115.224381900000012, 36.190187099900001 ], [ -115.224381900000012, 36.190184399899998 ], [ -115.2243468, 36.190184399899998 ], [ -115.2243468, 36.190181699900002 ], [ -115.2243387, 36.190181699900002 ], [ -115.2243387, 36.190178999899999 ], [ -115.2243333, 36.190178999899999 ], [ -115.2243333, 36.190170899900004 ], [ -115.2243306, 36.190170899900004 ], [ -115.2243306, 36.1901681999 ], [ -115.2243333, 36.1901681999 ], [ -115.2243333, 36.190143899900001 ], [ -115.224336, 36.190143899900001 ], [ -115.224336, 36.190119599900001 ], [ -115.2243387, 36.190119599900001 ], [ -115.2243387, 36.190111499899999 ], [ -115.2243414, 36.190111499899999 ], [ -115.2243414, 36.190108799900003 ], [ -115.2243495, 36.190108799900003 ], [ -115.2243495, 36.190106099899999 ], [ -115.2243576, 36.190106099899999 ], [ -115.2243576, 36.190103399900003 ], [ -115.2243603, 36.190103399900003 ], [ -115.2243603, 36.190095299900001 ], [ -115.2243549, 36.190095299900001 ], [ -115.2243549, 36.190087199899999 ], [ -115.2243522, 36.190087199899999 ], [ -115.2243522, 36.190079099900004 ], [ -115.2243549, 36.190079099900004 ], [ -115.2243549, 36.190076399900001 ], [ -115.2243522, 36.190076399900001 ], [ -115.2243522, 36.190060199900003 ], [ -115.2243549, 36.190060199900003 ], [ -115.2243549, 36.190054799900004 ], [ -115.2243576, 36.190054799900004 ], [ -115.2243576, 36.190038599899999 ], [ -115.2243549, 36.190038599899999 ], [ -115.2243549, 36.190016999900003 ], [ -115.2243576, 36.190016999900003 ], [ -115.2243576, 36.190006199900004 ], [ -115.2243549, 36.190006199900004 ], [ -115.2243549, 36.189995399899999 ], [ -115.2243576, 36.189995399899999 ], [ -115.2243576, 36.189992699900003 ], [ -115.2243603, 36.189992699900003 ], [ -115.2243603, 36.189987299900004 ], [ -115.224363, 36.189987299900004 ], [ -115.224363, 36.189984599900001 ], [ -115.2243603, 36.189984599900001 ], [ -115.2243603, 36.189981899900005 ], [ -115.2243576, 36.189981899900005 ], [ -115.2243576, 36.189979199900002 ], [ -115.2243495, 36.189979199900002 ], [ -115.2243495, 36.189976499899998 ], [ -115.2243468, 36.189976499899998 ], [ -115.2243468, 36.1899467999 ], [ -115.22434410000001, 36.1899467999 ], [ -115.22434410000001, 36.1899413999 ], [ -115.2243414, 36.1899413999 ], [ -115.2243414, 36.189933299900005 ], [ -115.2243387, 36.189933299900005 ], [ -115.2243387, 36.189911699900001 ], [ -115.2243414, 36.189911699900001 ], [ -115.2243414, 36.189908999900005 ], [ -115.2243468, 36.189908999900005 ], [ -115.2243468, 36.189906299900002 ], [ -115.2243765, 36.189906299900002 ], [ -115.2243765, 36.189903599899999 ], [ -115.22439270000001, 36.189903599899999 ], [ -115.22439270000001, 36.189900899900003 ], [ -115.2244008, 36.189900899900003 ], [ -115.2244008, 36.1898981999 ], [ -115.2244386, 36.1898981999 ], [ -115.2244386, 36.189900899900003 ], [ -115.2244656, 36.189900899900003 ], [ -115.2244656, 36.1898981999 ], [ -115.2245034, 36.1898981999 ], [ -115.2245034, 36.189900899900003 ], [ -115.22450880000001, 36.189900899900003 ], [ -115.22450880000001, 36.189903599899999 ], [ -115.2245115, 36.189903599899999 ], [ -115.2245115, 36.189906299900002 ], [ -115.2245223, 36.189906299900002 ], [ -115.2245223, 36.189908999900005 ], [ -115.224546600000011, 36.189908999900005 ], [ -115.224546600000011, 36.189911699900001 ], [ -115.224552, 36.189911699900001 ], [ -115.224552, 36.189914399900005 ], [ -115.2245547, 36.189914399900005 ], [ -115.2245547, 36.1899656999 ], [ -115.224552, 36.1899656999 ], [ -115.224552, 36.189976499899998 ], [ -115.2245493, 36.189976499899998 ], [ -115.2245493, 36.189979199900002 ], [ -115.224546600000011, 36.189979199900002 ], [ -115.224546600000011, 36.189981899900005 ], [ -115.2245385, 36.189981899900005 ], [ -115.2245385, 36.189984599900001 ], [ -115.2245358, 36.189984599900001 ], [ -115.2245358, 36.189992699900003 ], [ -115.2245385, 36.189992699900003 ], [ -115.2245385, 36.189995399899999 ], [ -115.2245412, 36.189995399899999 ], [ -115.2245412, 36.1900331999 ], [ -115.2245385, 36.1900331999 ], [ -115.2245385, 36.190038599899999 ], [ -115.2245331, 36.190038599899999 ], [ -115.2245331, 36.190041299900003 ], [ -115.2245304, 36.190041299900003 ], [ -115.2245304, 36.190052099900001 ], [ -115.2245331, 36.190052099900001 ], [ -115.2245331, 36.190054799900004 ], [ -115.2245358, 36.190054799900004 ], [ -115.2245358, 36.1900574999 ], [ -115.2245385, 36.1900574999 ], [ -115.2245385, 36.190062899899999 ], [ -115.2245412, 36.190062899899999 ], [ -115.2245412, 36.190095299900001 ], [ -115.2245358, 36.190095299900001 ], [ -115.2245358, 36.1901006999 ], [ -115.2245331, 36.1901006999 ], [ -115.2245331, 36.190108799900003 ], [ -115.2245358, 36.190108799900003 ], [ -115.2245358, 36.190111499899999 ], [ -115.2245385, 36.190111499899999 ], [ -115.2245385, 36.190114199900002 ], [ -115.2245439, 36.190114199900002 ], [ -115.2245439, 36.190116899900005 ], [ -115.224546600000011, 36.190116899900005 ], [ -115.224546600000011, 36.190119599900001 ], [ -115.2245493, 36.190119599900001 ], [ -115.2245493, 36.190141199900005 ], [ -115.224552, 36.190141199900005 ], [ -115.224552, 36.190157399900002 ], [ -115.2245547, 36.190157399900002 ], [ -115.2245547, 36.190181699900002 ], [ -115.224552, 36.190181699900002 ], [ -115.224552, 36.190184399899998 ], [ -115.2245439, 36.190184399899998 ], [ -115.2245439, 36.190187099900001 ], [ -115.2245412, 36.190187099900001 ], [ -115.2245412, 36.190184399899998 ], [ -115.2245142, 36.190184399899998 ], [ -115.2245142, 36.190187099900001 ], [ -115.2245034, 36.190187099900001 ], [ -115.2245034, 36.190189799900004 ], [ -115.2245007, 36.190189799900004 ], [ -115.2245007, 36.1901924999 ], [ -115.224498, 36.1901924999 ], [ -115.224498, 36.190195199900003 ] ] ] } },
{ "type": "Feature", "properties": { "value": 255.0 }, "geometry": { "type": "Polygon", "coordinates": [ [ [ -115.2232884, 36.189960299900001 ], [ -115.2232776, 36.189960299900001 ], [ -115.2232776, 36.189903599899999 ], [ -115.2232911, 36.189903599899999 ], [ -115.2232911, 36.189906299900002 ], [ -115.2232965, 36.189906299900002 ], [ -115.2232965, 36.189908999900005 ], [ -115.2232992, 36.189908999900005 ], [ -115.2232992, 36.189954899900002 ], [ -115.2232965, 36.189954899900002 ], [ -115.2232965, 36.189957599900005 ], [ -115.2232884, 36.189957599900005 ], [ -115.2232884, 36.189960299900001 ] ] ] } },
{ "type": "Feature", "properties": { "value": 255.0 }, "geometry": { "type": "Polygon", "coordinates": [ [ [ -115.22387160000001, 36.190054799900004 ], [ -115.2238554, 36.190054799900004 ], [ -115.2238554, 36.190052099900001 ], [ -115.2238068, 36.190052099900001 ], [ -115.2238068, 36.190049399900005 ], [ -115.223607, 36.190049399900005 ], [ -115.223607, 36.190046699900002 ], [ -115.2236016, 36.190046699900002 ], [ -115.2236016, 36.190043999899999 ], [ -115.2235989, 36.190043999899999 ], [ -115.2235989, 36.190041299900003 ], [ -115.2235935, 36.190041299900003 ], [ -115.2235935, 36.190038599899999 ], [ -115.22358, 36.190038599899999 ], [ -115.22358, 36.190035899900003 ], [ -115.2235746, 36.190035899900003 ], [ -115.2235746, 36.1900331999 ], [ -115.22357190000001, 36.1900331999 ], [ -115.22357190000001, 36.190025099900005 ], [ -115.2235692, 36.190025099900005 ], [ -115.2235692, 36.190016999900003 ], [ -115.22357190000001, 36.190016999900003 ], [ -115.22357190000001, 36.1900088999 ], [ -115.2235746, 36.1900088999 ], [ -115.2235746, 36.190006199900004 ], [ -115.2235773, 36.190006199900004 ], [ -115.2235773, 36.190000799900005 ], [ -115.22358, 36.190000799900005 ], [ -115.22358, 36.189995399899999 ], [ -115.2235827, 36.189995399899999 ], [ -115.2235827, 36.189987299900004 ], [ -115.2235854, 36.189987299900004 ], [ -115.2235854, 36.189973799900002 ], [ -115.2235827, 36.189973799900002 ], [ -115.2235827, 36.1899656999 ], [ -115.22358, 36.1899656999 ], [ -115.22358, 36.1899224999 ], [ -115.2235827, 36.1899224999 ], [ -115.2235827, 36.189919799900004 ], [ -115.2235854, 36.189919799900004 ], [ -115.2235854, 36.189917099900001 ], [ -115.2235935, 36.189917099900001 ], [ -115.2235935, 36.189914399900005 ], [ -115.2236178, 36.189914399900005 ], [ -115.2236178, 36.189911699900001 ], [ -115.2236259, 36.189911699900001 ], [ -115.2236259, 36.189908999900005 ], [ -115.223634, 36.189908999900005 ], [ -115.223634, 36.189906299900002 ], [ -115.2236421, 36.189906299900002 ], [ -115.2236421, 36.189903599899999 ], [ -115.2238041, 36.189903599899999 ], [ -115.2238041, 36.189906299900002 ], [ -115.2238257, 36.189906299900002 ], [ -115.2238257, 36.189908999900005 ], [ -115.2238743, 36.189908999900005 ], [ -115.2238743, 36.189911699900001 ], [ -115.223877, 36.189911699900001 ], [ -115.223877, 36.189914399900005 ], [ -115.2238797, 36.189914399900005 ], [ -115.2238797, 36.189938699900004 ], [ -115.223877, 36.189938699900004 ], [ -115.223877, 36.189960299900001 ], [ -115.22387160000001, 36.189960299900001 ], [ -115.22387160000001, 36.189962999900004 ], [ -115.2238554, 36.189962999900004 ], [ -115.2238554, 36.1899656999 ], [ -115.2238527, 36.1899656999 ], [ -115.2238527, 36.189968399900003 ], [ -115.22385, 36.189968399900003 ], [ -115.22385, 36.189992699900003 ], [ -115.2238527, 36.189992699900003 ], [ -115.2238527, 36.189995399899999 ], [ -115.22387160000001, 36.189995399899999 ], [ -115.22387160000001, 36.189998099900002 ], [ -115.2238743, 36.189998099900002 ], [ -115.2238743, 36.190000799900005 ], [ -115.223877, 36.190000799900005 ], [ -115.223877, 36.190049399900005 ], [ -115.2238743, 36.190049399900005 ], [ -115.2238743, 36.190052099900001 ], [ -115.22387160000001, 36.190052099900001 ], [ -115.22387160000001, 36.190054799900004 ] ] ] } },
{ "type": "Feature", "properties": { "value": 255.0 }, "geometry": { "type": "Polygon", "coordinates": [ [ [ -115.2235179, 36.189846899900004 ], [ -115.2234639, 36.189846899900004 ], [ -115.2234639, 36.189844199900001 ], [ -115.2234612, 36.189844199900001 ], [ -115.2234612, 36.189755099900005 ], [ -115.2234639, 36.189755099900005 ], [ -115.2234639, 36.189752399900001 ], [ -115.2235017, 36.189752399900001 ], [ -115.2235017, 36.189749699900005 ], [ -115.2235125, 36.189749699900005 ], [ -115.2235125, 36.189752399900001 ], [ -115.2235179, 36.189752399900001 ], [ -115.2235179, 36.189755099900005 ], [ -115.2235206, 36.189755099900005 ], [ -115.2235206, 36.189841499900005 ], [ -115.2235179, 36.189841499900005 ], [ -115.2235179, 36.189846899900004 ] ] ] } },
{ "type": "Feature", "properties": { "value": 255.0 }, "geometry": { "type": "Polygon", "coordinates": [ [ [ -115.2238581, 36.189871199900004 ], [ -115.2238041, 36.189871199900004 ], [ -115.2238041, 36.189868499900001 ], [ -115.2237636, 36.189868499900001 ], [ -115.2237636, 36.189865799900005 ], [ -115.22375550000001, 36.189865799900005 ], [ -115.22375550000001, 36.189868499900001 ], [ -115.2237312, 36.189868499900001 ], [ -115.2237312, 36.189865799900005 ], [ -115.2236529, 36.189865799900005 ], [ -115.2236529, 36.189868499900001 ], [ -115.2236502, 36.189868499900001 ], [ -115.2236502, 36.189865799900005 ], [ -115.2236475, 36.189865799900005 ], [ -115.2236475, 36.189868499900001 ], [ -115.2235584, 36.189868499900001 ], [ -115.2235584, 36.189865799900005 ], [ -115.223553, 36.189865799900005 ], [ -115.223553, 36.189825299900001 ], [ -115.2235557, 36.189825299900001 ], [ -115.2235557, 36.189819899900002 ], [ -115.2235584, 36.189819899900002 ], [ -115.2235584, 36.189814499900002 ], [ -115.2235611, 36.189814499900002 ], [ -115.2235611, 36.189811799899999 ], [ -115.2235665, 36.189811799899999 ], [ -115.2235665, 36.189809099900003 ], [ -115.2235692, 36.189809099900003 ], [ -115.2235692, 36.189803699900004 ], [ -115.22357190000001, 36.189803699900004 ], [ -115.22357190000001, 36.189792899900006 ], [ -115.2235692, 36.189792899900006 ], [ -115.2235692, 36.189790199900003 ], [ -115.2235665, 36.189790199900003 ], [ -115.2235665, 36.1897874999 ], [ -115.2235557, 36.1897874999 ], [ -115.2235557, 36.189784799900004 ], [ -115.223553, 36.189784799900004 ], [ -115.223553, 36.189776699900001 ], [ -115.2235503, 36.189776699900001 ], [ -115.2235503, 36.189768599899999 ], [ -115.223553, 36.189768599899999 ], [ -115.223553, 36.189752399900001 ], [ -115.2235557, 36.189752399900001 ], [ -115.2235557, 36.189741599900003 ], [ -115.2235584, 36.189741599900003 ], [ -115.2235584, 36.189736199900004 ], [ -115.2235611, 36.189736199900004 ], [ -115.2235611, 36.189733499900001 ], [ -115.2235638, 36.189733499900001 ], [ -115.2235638, 36.189730799900005 ], [ -115.2235665, 36.189730799900005 ], [ -115.2235665, 36.189728099900002 ], [ -115.2235692, 36.189728099900002 ], [ -115.2235692, 36.189722699900003 ], [ -115.2238527, 36.189722699900003 ], [ -115.2238527, 36.189725399900006 ], [ -115.2238554, 36.189725399900006 ], [ -115.2238554, 36.189730799900005 ], [ -115.2238581, 36.189730799900005 ], [ -115.2238581, 36.1897388999 ], [ -115.2238608, 36.1897388999 ], [ -115.2238608, 36.189746999900002 ], [ -115.2238635, 36.189746999900002 ], [ -115.2238635, 36.1897631999 ], [ -115.2238662, 36.1897631999 ], [ -115.2238662, 36.189773999900005 ], [ -115.2238635, 36.189773999900005 ], [ -115.2238635, 36.189776699900001 ], [ -115.2238608, 36.189776699900001 ], [ -115.2238608, 36.189779399900004 ], [ -115.2238554, 36.189779399900004 ], [ -115.2238554, 36.1897820999 ], [ -115.22385, 36.1897820999 ], [ -115.22385, 36.189784799900004 ], [ -115.2238446, 36.189784799900004 ], [ -115.2238446, 36.189792899900006 ], [ -115.223841900000011, 36.189792899900006 ], [ -115.223841900000011, 36.1898063999 ], [ -115.2238446, 36.1898063999 ], [ -115.2238446, 36.189809099900003 ], [ -115.2238473, 36.189809099900003 ], [ -115.2238473, 36.189811799899999 ], [ -115.2238527, 36.189811799899999 ], [ -115.2238527, 36.189814499900002 ], [ -115.2238554, 36.189814499900002 ], [ -115.2238554, 36.189817199900006 ], [ -115.2238581, 36.189817199900006 ], [ -115.2238581, 36.189822599900005 ], [ -115.2238608, 36.189822599900005 ], [ -115.2238608, 36.1898306999 ], [ -115.2238635, 36.1898306999 ], [ -115.2238635, 36.189865799900005 ], [ -115.2238608, 36.189865799900005 ], [ -115.2238608, 36.189868499900001 ], [ -115.2238581, 36.189868499900001 ], [ -115.2238581, 36.189871199900004 ] ] ] } },
{ "type": "Feature", "properties": { "value": 255.0 }, "geometry": { "type": "Polygon", "coordinates": [ [ [ -115.224865200000011, 36.189992699900003 ], [ -115.2248382, 36.189992699900003 ], [ -115.2248382, 36.1899899999 ], [ -115.2247761, 36.1899899999 ], [ -115.2247761, 36.189987299900004 ], [ -115.2247734, 36.189987299900004 ], [ -115.2247734, 36.189984599900001 ], [ -115.2247707, 36.189984599900001 ], [ -115.2247707, 36.189979199900002 ], [ -115.224768, 36.189979199900002 ], [ -115.224768, 36.189976499899998 ], [ -115.2247653, 36.189976499899998 ], [ -115.2247653, 36.189973799900002 ], [ -115.2247464, 36.189973799900002 ], [ -115.2247464, 36.189976499899998 ], [ -115.22471130000001, 36.189976499899998 ], [ -115.22471130000001, 36.189973799900002 ], [ -115.2247059, 36.189973799900002 ], [ -115.2247059, 36.189971099899999 ], [ -115.2247032, 36.189971099899999 ], [ -115.2247032, 36.1899656999 ], [ -115.224700500000012, 36.1899656999 ], [ -115.224700500000012, 36.189960299900001 ], [ -115.2246951, 36.189960299900001 ], [ -115.2246951, 36.189957599900005 ], [ -115.2246843, 36.189957599900005 ], [ -115.2246843, 36.189954899900002 ], [ -115.2246654, 36.189954899900002 ], [ -115.2246654, 36.189952199899999 ], [ -115.22466, 36.189952199899999 ], [ -115.22466, 36.189925199900003 ], [ -115.22466270000001, 36.189925199900003 ], [ -115.22466270000001, 36.1899224999 ], [ -115.2246654, 36.1899224999 ], [ -115.2246654, 36.189919799900004 ], [ -115.2246681, 36.189919799900004 ], [ -115.2246681, 36.189917099900001 ], [ -115.2246708, 36.189917099900001 ], [ -115.2246708, 36.189911699900001 ], [ -115.2246735, 36.189911699900001 ], [ -115.2246735, 36.189906299900002 ], [ -115.2246762, 36.189906299900002 ], [ -115.2246762, 36.189890099900005 ], [ -115.2246789, 36.189890099900005 ], [ -115.2246789, 36.189881999900003 ], [ -115.2246843, 36.189881999900003 ], [ -115.2246843, 36.189879299899999 ], [ -115.2246978, 36.189879299899999 ], [ -115.2246978, 36.189876599900003 ], [ -115.224700500000012, 36.189876599900003 ], [ -115.224700500000012, 36.189863099900002 ], [ -115.2247032, 36.189863099900002 ], [ -115.2247032, 36.189857699900003 ], [ -115.2247059, 36.189857699900003 ], [ -115.2247059, 36.189846899900004 ], [ -115.2247086, 36.189846899900004 ], [ -115.2247086, 36.189836099899999 ], [ -115.22471130000001, 36.189836099899999 ], [ -115.22471130000001, 36.1898306999 ], [ -115.224714, 36.1898306999 ], [ -115.224714, 36.189827999900004 ], [ -115.2247167, 36.189827999900004 ], [ -115.2247167, 36.189825299900001 ], [ -115.224719400000012, 36.189825299900001 ], [ -115.224719400000012, 36.189819899900002 ], [ -115.2247221, 36.189819899900002 ], [ -115.2247221, 36.1898063999 ], [ -115.2247248, 36.1898063999 ], [ -115.2247248, 36.189800999900001 ], [ -115.2247275, 36.189800999900001 ], [ -115.2247275, 36.189790199900003 ], [ -115.22473020000001, 36.189790199900003 ], [ -115.22473020000001, 36.189771299900002 ], [ -115.2247329, 36.189771299900002 ], [ -115.2247329, 36.189768599899999 ], [ -115.2247356, 36.189768599899999 ], [ -115.2247356, 36.189755099900005 ], [ -115.2247329, 36.189755099900005 ], [ -115.2247329, 36.189744299899999 ], [ -115.2247356, 36.189744299899999 ], [ -115.2247356, 36.189733499900001 ], [ -115.2247383, 36.189733499900001 ], [ -115.2247383, 36.189722699900003 ], [ -115.2249111, 36.189722699900003 ], [ -115.2249111, 36.189728099900002 ], [ -115.22491380000001, 36.189728099900002 ], [ -115.22491380000001, 36.189730799900005 ], [ -115.2249165, 36.189730799900005 ], [ -115.2249165, 36.189733499900001 ], [ -115.224921900000012, 36.189733499900001 ], [ -115.224921900000012, 36.189736199900004 ], [ -115.2249246, 36.189736199900004 ], [ -115.2249246, 36.1897388999 ], [ -115.22493, 36.1897388999 ], [ -115.22493, 36.189741599900003 ], [ -115.2249354, 36.189741599900003 ], [ -115.2249354, 36.189744299899999 ], [ -115.2249435, 36.189744299899999 ], [ -115.2249435, 36.189746999900002 ], [ -115.2249462, 36.189746999900002 ], [ -115.2249462, 36.189749699900005 ], [ -115.2249489, 36.189749699900005 ], [ -115.2249489, 36.189757799900001 ], [ -115.2249462, 36.189757799900001 ], [ -115.2249462, 36.1897631999 ], [ -115.2249435, 36.1897631999 ], [ -115.2249435, 36.189765899900003 ], [ -115.2249408, 36.189765899900003 ], [ -115.2249408, 36.189771299900002 ], [ -115.2249381, 36.189771299900002 ], [ -115.2249381, 36.189776699900001 ], [ -115.2249354, 36.189776699900001 ], [ -115.2249354, 36.189784799900004 ], [ -115.224932700000011, 36.189784799900004 ], [ -115.224932700000011, 36.189792899900006 ], [ -115.22493, 36.189792899900006 ], [ -115.22493, 36.189795599900002 ], [ -115.2249273, 36.189795599900002 ], [ -115.2249273, 36.189798299900005 ], [ -115.2249084, 36.189798299900005 ], [ -115.2249084, 36.189800999900001 ], [ -115.2249057, 36.189800999900001 ], [ -115.2249057, 36.189809099900003 ], [ -115.2249084, 36.189809099900003 ], [ -115.2249084, 36.189827999900004 ], [ -115.2249057, 36.189827999900004 ], [ -115.2249057, 36.189836099899999 ], [ -115.224903, 36.189836099899999 ], [ -115.224903, 36.189841499900005 ], [ -115.2249003, 36.189841499900005 ], [ -115.2249003, 36.189844199900001 ], [ -115.2248976, 36.189844199900001 ], [ -115.2248976, 36.189846899900004 ], [ -115.22489490000001, 36.189846899900004 ], [ -115.22489490000001, 36.1898495999 ], [ -115.2248868, 36.1898495999 ], [ -115.2248868, 36.189852299900004 ], [ -115.2248814, 36.189852299900004 ], [ -115.2248814, 36.189868499900001 ], [ -115.224884100000011, 36.189868499900001 ], [ -115.224884100000011, 36.1898738999 ], [ -115.2248868, 36.1898738999 ], [ -115.2248868, 36.189890099900005 ], [ -115.224884100000011, 36.189890099900005 ], [ -115.224884100000011, 36.189895499900004 ], [ -115.2248814, 36.189895499900004 ], [ -115.2248814, 36.189900899900003 ], [ -115.2248787, 36.189900899900003 ], [ -115.2248787, 36.189906299900002 ], [ -115.224876, 36.189906299900002 ], [ -115.224876, 36.189911699900001 ], [ -115.2248733, 36.189911699900001 ], [ -115.2248733, 36.189927899899999 ], [ -115.224876, 36.189927899899999 ], [ -115.224876, 36.1899467999 ], [ -115.2248733, 36.1899467999 ], [ -115.2248733, 36.189960299900001 ], [ -115.2248706, 36.189960299900001 ], [ -115.2248706, 36.189979199900002 ], [ -115.2248679, 36.189979199900002 ], [ -115.2248679, 36.1899899999 ], [ -115.224865200000011, 36.1899899999 ], [ -115.224865200000011, 36.189992699900003 ] ] ] } },
{ "type": "Feature", "properties": { "value": 255.0 }, "geometry": { "type": "Polygon", "coordinates": [ [ [ -115.2245331, 36.189822599900005 ], [ -115.2245115, 36.189822599900005 ], [ -115.2245115, 36.189819899900002 ], [ -115.2245061, 36.189819899900002 ], [ -115.2245061, 36.189817199900006 ], [ -115.2245007, 36.189817199900006 ], [ -115.2245007, 36.189814499900002 ], [ -115.2244926, 36.189814499900002 ], [ -115.2244926, 36.189811799899999 ], [ -115.2244872, 36.189811799899999 ], [ -115.2244872, 36.189809099900003 ], [ -115.2244629, 36.189809099900003 ], [ -115.2244629, 36.1898063999 ], [ -115.2244548, 36.1898063999 ], [ -115.2244548, 36.189803699900004 ], [ -115.2244467, 36.189803699900004 ], [ -115.2244467, 36.189800999900001 ], [ -115.2244413, 36.189800999900001 ], [ -115.2244413, 36.189798299900005 ], [ -115.2244386, 36.189798299900005 ], [ -115.2244386, 36.189790199900003 ], [ -115.2244359, 36.189790199900003 ], [ -115.2244359, 36.189784799900004 ], [ -115.2244332, 36.189784799900004 ], [ -115.2244332, 36.1897820999 ], [ -115.224430500000011, 36.1897820999 ], [ -115.224430500000011, 36.189779399900004 ], [ -115.2244251, 36.189779399900004 ], [ -115.2244251, 36.189776699900001 ], [ -115.224417, 36.189776699900001 ], [ -115.224417, 36.189779399900004 ], [ -115.2244089, 36.189779399900004 ], [ -115.2244089, 36.189776699900001 ], [ -115.2243954, 36.189776699900001 ], [ -115.2243954, 36.189773999900005 ], [ -115.2243873, 36.189773999900005 ], [ -115.2243873, 36.189771299900002 ], [ -115.224381900000012, 36.189771299900002 ], [ -115.224381900000012, 36.189768599899999 ], [ -115.2243792, 36.189768599899999 ], [ -115.2243792, 36.189752399900001 ], [ -115.2243765, 36.189752399900001 ], [ -115.2243765, 36.189749699900005 ], [ -115.2243738, 36.189749699900005 ], [ -115.2243738, 36.189746999900002 ], [ -115.2243657, 36.189746999900002 ], [ -115.2243657, 36.189744299899999 ], [ -115.2243576, 36.189744299899999 ], [ -115.2243576, 36.189741599900003 ], [ -115.2243522, 36.189741599900003 ], [ -115.2243522, 36.1897388999 ], [ -115.2243468, 36.1897388999 ], [ -115.2243468, 36.189736199900004 ], [ -115.22434410000001, 36.189736199900004 ], [ -115.22434410000001, 36.189733499900001 ], [ -115.2243414, 36.189733499900001 ], [ -115.2243414, 36.189730799900005 ], [ -115.2243387, 36.189730799900005 ], [ -115.2243387, 36.189722699900003 ], [ -115.224584400000012, 36.189722699900003 ], [ -115.224584400000012, 36.189725399900006 ], [ -115.2245817, 36.189725399900006 ], [ -115.2245817, 36.189730799900005 ], [ -115.224579, 36.189730799900005 ], [ -115.224579, 36.189733499900001 ], [ -115.22457630000001, 36.189733499900001 ], [ -115.22457630000001, 36.1897388999 ], [ -115.2245736, 36.1897388999 ], [ -115.2245736, 36.189741599900003 ], [ -115.2245709, 36.189741599900003 ], [ -115.2245709, 36.189744299899999 ], [ -115.2245628, 36.189744299899999 ], [ -115.2245628, 36.189746999900002 ], [ -115.2245547, 36.189746999900002 ], [ -115.2245547, 36.189749699900005 ], [ -115.224552, 36.189749699900005 ], [ -115.224552, 36.189752399900001 ], [ -115.2245547, 36.189752399900001 ], [ -115.2245547, 36.189757799900001 ], [ -115.2245574, 36.189757799900001 ], [ -115.2245574, 36.1897631999 ], [ -115.2245601, 36.1897631999 ], [ -115.2245601, 36.189776699900001 ], [ -115.2245574, 36.189776699900001 ], [ -115.2245574, 36.1897820999 ], [ -115.2245547, 36.1897820999 ], [ -115.2245547, 36.1897874999 ], [ -115.224552, 36.1897874999 ], [ -115.224552, 36.189792899900006 ], [ -115.2245493, 36.189792899900006 ], [ -115.2245493, 36.189795599900002 ], [ -115.224546600000011, 36.189795599900002 ], [ -115.224546600000011, 36.189798299900005 ], [ -115.2245439, 36.189798299900005 ], [ -115.2245439, 36.189803699900004 ], [ -115.2245412, 36.189803699900004 ], [ -115.2245412, 36.189811799899999 ], [ -115.2245385, 36.189811799899999 ], [ -115.2245385, 36.189817199900006 ], [ -115.2245358, 36.189817199900006 ], [ -115.2245358, 36.189819899900002 ], [ -115.2245331, 36.189819899900002 ], [ -115.2245331, 36.189822599900005 ] ] ] } }
]
}
