{
"type": "FeatureCollection",
"crs": { "type": "name", "properties": { "name": "urn:ogc:def:crs:OGC:1.3:CRS84" } },
"features": [
{ "type": "Feature", "properties": { "value": 255.0 }, "geometry": { "type": "Polygon", "coordinates": [ [ [ -115.3014075, 36.200252699899998 ], [ -115.301313, 36.200252699899998 ], [ -115.301313, 36.200239199899997 ], [ -115.3013157, 36.200239199899997 ], [ -115.3013157, 36.200236499900001 ], [ -115.3013373, 36.200236499900001 ], [ -115.3013373, 36.200233799899998 ], [ -115.3013481, 36.200233799899998 ], [ -115.3013481, 36.200236499900001 ], [ -115.3013643, 36.200236499900001 ], [ -115.3013643, 36.200239199899997 ], [ -115.3013805, 36.200239199899997 ], [ -115.3013805, 36.2002418999 ], [ -115.3013967, 36.2002418999 ], [ -115.3013967, 36.200244599899996 ], [ -115.3014021, 36.200244599899996 ], [ -115.3014021, 36.200247299899999 ], [ -115.3014048, 36.200247299899999 ], [ -115.3014048, 36.200249999899995 ], [ -115.3014075, 36.200249999899995 ], [ -115.3014075, 36.200252699899998 ] ] ] } },
{ "type": "Feature", "properties": { "value": 255.0 }, "geometry": { "type": "Polygon", "coordinates": [ [ [ -115.3012779, 36.200252699899998 ], [ -115.3012293, 36.200252699899998 ], [ -115.3012293, 36.200247299899999 ], [ -115.3012266, 36.200247299899999 ], [ -115.3012266, 36.200244599899996 ], [ -115.3012158, 36.200244599899996 ], [ -115.3012158, 36.200239199899997 ], [ -115.3012347, 36.200239199899997 ], [ -115.3012347, 36.2002418999 ], [ -115.3012509, 36.2002418999 ], [ -115.3012509, 36.200239199899997 ], [ -115.3012536, 36.200239199899997 ], [ -115.3012536, 36.200236499900001 ], [ -115.3012563, 36.200236499900001 ], [ -115.3012563, 36.200228399899999 ], [ -115.3012428, 36.200228399899999 ], [ -115.3012428, 36.200231099900002 ], [ -115.3012374, 36.200231099900002 ], [ -115.3012374, 36.200233799899998 ], [ -115.3012239, 36.200233799899998 ], [ -115.3012239, 36.200231099900002 ], [ -115.3012212, 36.200231099900002 ], [ -115.3012212, 36.200228399899999 ], [ -115.3012185, 36.200228399899999 ], [ -115.3012185, 36.200225699899995 ], [ -115.3012158, 36.200225699899995 ], [ -115.3012158, 36.200220299899996 ], [ -115.3012185, 36.200220299899996 ], [ -115.3012185, 36.2002175999 ], [ -115.3012455, 36.2002175999 ], [ -115.3012455, 36.200220299899996 ], [ -115.301259, 36.200220299899996 ], [ -115.301259, 36.200222999899999 ], [ -115.3012617, 36.200222999899999 ], [ -115.3012617, 36.200233799899998 ], [ -115.3012644, 36.200233799899998 ], [ -115.3012644, 36.200236499900001 ], [ -115.3012671, 36.200236499900001 ], [ -115.3012671, 36.200239199899997 ], [ -115.3012698, 36.200239199899997 ], [ -115.3012698, 36.2002418999 ], [ -115.3012725, 36.2002418999 ], [ -115.3012725, 36.200244599899996 ], [ -115.3012752, 36.200244599899996 ], [ -115.3012752, 36.200249999899995 ], [ -115.3012779, 36.200249999899995 ], [ -115.3012779, 36.200252699899998 ] ] ] } },
{ "type": "Feature", "properties": { "value": 255.0 }, "geometry": { "type": "Polygon", "coordinates": [ [ [ -115.3011456, 36.200252699899998 ], [ -115.3010349, 36.200252699899998 ], [ -115.3010349, 36.2002418999 ], [ -115.3010376, 36.2002418999 ], [ -115.3010376, 36.200225699899995 ], [ -115.3010403, 36.200225699899995 ], [ -115.3010403, 36.200222999899999 ], [ -115.301043, 36.200222999899999 ], [ -115.301043, 36.200220299899996 ], [ -115.3010565, 36.200220299899996 ], [ -115.3010565, 36.2002175999 ], [ -115.3010646, 36.2002175999 ], [ -115.3010646, 36.200220299899996 ], [ -115.3011024, 36.200220299899996 ], [ -115.3011024, 36.200222999899999 ], [ -115.3011267, 36.200222999899999 ], [ -115.3011267, 36.200225699899995 ], [ -115.3011402, 36.200225699899995 ], [ -115.3011402, 36.200228399899999 ], [ -115.3011429, 36.200228399899999 ], [ -115.3011429, 36.200231099900002 ], [ -115.3011456, 36.200231099900002 ], [ -115.3011456, 36.200252699899998 ] ] ] } },
{ "type": "Feature", "properties": { "value": 255.0 }, "geometry": { "type": "Polygon", "coordinates": [ [ [ -115.3010106, 36.200252699899998 ], [ -115.3008972, 36.200252699899998 ], [ -115.3008972, 36.200244599899996 ], [ -115.3008999, 36.200244599899996 ], [ -115.3008999, 36.200233799899998 ], [ -115.3009026, 36.200233799899998 ], [ -115.3009026, 36.200231099900002 ], [ -115.3009053, 36.200231099900002 ], [ -115.3009053, 36.200228399899999 ], [ -115.3009107, 36.200228399899999 ], [ -115.3009107, 36.200225699899995 ], [ -115.3009296, 36.200225699899995 ], [ -115.3009296, 36.200222999899999 ], [ -115.3009485, 36.200222999899999 ], [ -115.3009485, 36.200225699899995 ], [ -115.3009647, 36.200225699899995 ], [ -115.3009647, 36.200228399899999 ], [ -115.3009809, 36.200228399899999 ], [ -115.3009809, 36.200231099900002 ], [ -115.3009998, 36.200231099900002 ], [ -115.3009998, 36.200233799899998 ], [ -115.3010052, 36.200233799899998 ], [ -115.3010052, 36.200239199899997 ], [ -115.3010079, 36.200239199899997 ], [ -115.3010079, 36.200249999899995 ], [ -115.3010106, 36.200249999899995 ], [ -115.3010106, 36.200252699899998 ] ] ] } },
{ "type": "Feature", "properties": { "value": 255.0 }, "geometry": { "type": "Polygon", "coordinates": [ [ [ -115.3022526, 36.200152799899996 ], [ -115.3022148, 36.200152799899996 ], [ -115.3022148, 36.2001500999 ], [ -115.3022121, 36.2001500999 ], [ -115.3022121, 36.200147399899997 ], [ -115.30220940000001, 36.200147399899997 ], [ -115.30220940000001, 36.200141999899998 ], [ -115.3022067, 36.200141999899998 ], [ -115.3022067, 36.200123099899997 ], [ -115.302204, 36.200123099899997 ], [ -115.302204, 36.200117699899998 ], [ -115.3022013, 36.200117699899998 ], [ -115.3022013, 36.200114999900002 ], [ -115.3021689, 36.200114999900002 ], [ -115.3021689, 36.200112299899999 ], [ -115.3021662, 36.200112299899999 ], [ -115.3021662, 36.200109599899996 ], [ -115.3021635, 36.200109599899996 ], [ -115.3021635, 36.200071799900002 ], [ -115.3021662, 36.200071799900002 ], [ -115.3021662, 36.200069099899999 ], [ -115.3021824, 36.200069099899999 ], [ -115.3021824, 36.200066399899995 ], [ -115.3021905, 36.200066399899995 ], [ -115.3021905, 36.200063699899999 ], [ -115.3021959, 36.200063699899999 ], [ -115.3021959, 36.2000582999 ], [ -115.3021986, 36.2000582999 ], [ -115.3021986, 36.2000339999 ], [ -115.302204, 36.2000339999 ], [ -115.302204, 36.200031299899997 ], [ -115.3022229, 36.200031299899997 ], [ -115.3022229, 36.2000339999 ], [ -115.3022526, 36.2000339999 ], [ -115.3022526, 36.200152799899996 ] ] ] } },
{ "type": "Feature", "properties": { "value": 255.0 }, "geometry": { "type": "Polygon", "coordinates": [ [ [ -115.3016532, 36.200168999900001 ], [ -115.3016316, 36.200168999900001 ], [ -115.3016316, 36.200166299899998 ], [ -115.3015776, 36.200166299899998 ], [ -115.3015776, 36.200141999899998 ], [ -115.3015749, 36.200141999899998 ], [ -115.3015749, 36.200139299900002 ], [ -115.3015695, 36.200139299900002 ], [ -115.3015695, 36.200136599899999 ], [ -115.3015641, 36.200136599899999 ], [ -115.3015641, 36.200133899899996 ], [ -115.3015587, 36.200133899899996 ], [ -115.3015587, 36.2001257999 ], [ -115.301556, 36.2001257999 ], [ -115.301556, 36.200112299899999 ], [ -115.3015587, 36.200112299899999 ], [ -115.3015587, 36.200050199899998 ], [ -115.3015614, 36.200050199899998 ], [ -115.3015614, 36.200044799899999 ], [ -115.3015641, 36.200044799899999 ], [ -115.3015641, 36.200042099899996 ], [ -115.3015668, 36.200042099899996 ], [ -115.3015668, 36.2000393999 ], [ -115.3015749, 36.2000393999 ], [ -115.3015749, 36.200036699899997 ], [ -115.3015938, 36.200036699899997 ], [ -115.3015938, 36.2000339999 ], [ -115.3016478, 36.2000339999 ], [ -115.3016478, 36.200031299899997 ], [ -115.3016667, 36.200031299899997 ], [ -115.3016667, 36.200028599900001 ], [ -115.3017018, 36.200028599900001 ], [ -115.3017018, 36.200031299899997 ], [ -115.3017072, 36.200031299899997 ], [ -115.3017072, 36.2000339999 ], [ -115.3017099, 36.2000339999 ], [ -115.3017099, 36.200044799899999 ], [ -115.3017072, 36.200044799899999 ], [ -115.3017072, 36.200112299899999 ], [ -115.3017045, 36.200112299899999 ], [ -115.3017045, 36.200136599899999 ], [ -115.3017018, 36.200136599899999 ], [ -115.3017018, 36.200139299900002 ], [ -115.3016964, 36.200139299900002 ], [ -115.3016964, 36.200141999899998 ], [ -115.301664, 36.200141999899998 ], [ -115.301664, 36.200144699900001 ], [ -115.3016613, 36.200144699900001 ], [ -115.3016613, 36.200147399899997 ], [ -115.3016586, 36.200147399899997 ], [ -115.3016586, 36.200163599900002 ], [ -115.3016559, 36.200163599900002 ], [ -115.3016559, 36.200166299899998 ], [ -115.3016532, 36.200166299899998 ], [ -115.3016532, 36.200168999900001 ] ] ] } },
{ "type": "Feature", "properties": { "value": 255.0 }, "geometry": { "type": "Polygon", "coordinates": [ [ [ -115.30134, 36.200136599899999 ], [ -115.3013022, 36.200136599899999 ], [ -115.3013022, 36.200133899899996 ], [ -115.3012455, 36.200133899899996 ], [ -115.3012455, 36.2001311999 ], [ -115.3012401, 36.2001311999 ], [ -115.3012401, 36.200128499899996 ], [ -115.3012347, 36.200128499899996 ], [ -115.3012347, 36.2001257999 ], [ -115.301232, 36.2001257999 ], [ -115.301232, 36.200123099899997 ], [ -115.3012158, 36.200123099899997 ], [ -115.3012158, 36.200120399900001 ], [ -115.3012023, 36.200120399900001 ], [ -115.3012023, 36.200117699899998 ], [ -115.3011996, 36.200117699899998 ], [ -115.3011996, 36.200104199899997 ], [ -115.3012023, 36.200104199899997 ], [ -115.3012023, 36.200079899899997 ], [ -115.3011996, 36.200079899899997 ], [ -115.3011996, 36.200036699899997 ], [ -115.3012023, 36.200036699899997 ], [ -115.3012023, 36.200028599900001 ], [ -115.301205, 36.200028599900001 ], [ -115.301205, 36.200025899899998 ], [ -115.3012077, 36.200025899899998 ], [ -115.3012077, 36.200023199900002 ], [ -115.3012131, 36.200023199900002 ], [ -115.3012131, 36.200020499899999 ], [ -115.3012239, 36.200020499899999 ], [ -115.3012239, 36.200023199900002 ], [ -115.3012347, 36.200023199900002 ], [ -115.3012347, 36.200025899899998 ], [ -115.3012374, 36.200025899899998 ], [ -115.3012374, 36.200028599900001 ], [ -115.3012428, 36.200028599900001 ], [ -115.3012428, 36.200031299899997 ], [ -115.3012455, 36.200031299899997 ], [ -115.3012455, 36.200036699899997 ], [ -115.3012482, 36.200036699899997 ], [ -115.3012482, 36.200044799899999 ], [ -115.3012509, 36.200044799899999 ], [ -115.3012509, 36.200047499900002 ], [ -115.3012536, 36.200047499900002 ], [ -115.3012536, 36.200050199899998 ], [ -115.3012617, 36.200050199899998 ], [ -115.3012617, 36.200052899900001 ], [ -115.3012779, 36.200052899900001 ], [ -115.3012779, 36.200050199899998 ], [ -115.3012914, 36.200050199899998 ], [ -115.3012914, 36.200047499900002 ], [ -115.3012995, 36.200047499900002 ], [ -115.3012995, 36.200044799899999 ], [ -115.3013049, 36.200044799899999 ], [ -115.3013049, 36.200042099899996 ], [ -115.3013103, 36.200042099899996 ], [ -115.3013103, 36.2000393999 ], [ -115.3013184, 36.2000393999 ], [ -115.3013184, 36.200036699899997 ], [ -115.3013346, 36.200036699899997 ], [ -115.3013346, 36.2000393999 ], [ -115.30134, 36.2000393999 ], [ -115.30134, 36.200042099899996 ], [ -115.3013427, 36.200042099899996 ], [ -115.3013427, 36.200050199899998 ], [ -115.3013454, 36.200050199899998 ], [ -115.3013454, 36.200060999899996 ], [ -115.3013481, 36.200060999899996 ], [ -115.3013481, 36.2001068999 ], [ -115.3013454, 36.2001068999 ], [ -115.3013454, 36.2001257999 ], [ -115.3013427, 36.2001257999 ], [ -115.3013427, 36.200133899899996 ], [ -115.30134, 36.200133899899996 ], [ -115.30134, 36.200136599899999 ] ] ] } },
{ "type": "Feature", "properties": { "value": 255.0 }, "geometry": { "type": "Polygon", "coordinates": [ [ [ -115.301421, 36.200136599899999 ], [ -115.3014129, 36.200136599899999 ], [ -115.3014129, 36.200133899899996 ], [ -115.3014075, 36.200133899899996 ], [ -115.3014075, 36.200136599899999 ], [ -115.3013886, 36.200136599899999 ], [ -115.3013886, 36.200133899899996 ], [ -115.3013832, 36.200133899899996 ], [ -115.3013832, 36.2001311999 ], [ -115.3013805, 36.2001311999 ], [ -115.3013805, 36.200066399899995 ], [ -115.3013832, 36.200066399899995 ], [ -115.3013832, 36.200025899899998 ], [ -115.3013859, 36.200025899899998 ], [ -115.3013859, 36.200023199900002 ], [ -115.3013913, 36.200023199900002 ], [ -115.3013913, 36.200020499899999 ], [ -115.3014129, 36.200020499899999 ], [ -115.3014129, 36.200023199900002 ], [ -115.3014345, 36.200023199900002 ], [ -115.3014345, 36.200025899899998 ], [ -115.3014534, 36.200025899899998 ], [ -115.3014534, 36.200028599900001 ], [ -115.3014777, 36.200028599900001 ], [ -115.3014777, 36.200031299899997 ], [ -115.3015047, 36.200031299899997 ], [ -115.3015047, 36.2000339999 ], [ -115.3015155, 36.2000339999 ], [ -115.3015155, 36.200036699899997 ], [ -115.3015209, 36.200036699899997 ], [ -115.3015209, 36.2000393999 ], [ -115.3015236, 36.2000393999 ], [ -115.3015236, 36.200042099899996 ], [ -115.3015263, 36.200042099899996 ], [ -115.3015263, 36.200044799899999 ], [ -115.301529, 36.200044799899999 ], [ -115.301529, 36.200050199899998 ], [ -115.3015317, 36.200050199899998 ], [ -115.3015317, 36.200096099900001 ], [ -115.301529, 36.200096099900001 ], [ -115.301529, 36.200128499899996 ], [ -115.3015263, 36.200128499899996 ], [ -115.3015263, 36.200133899899996 ], [ -115.3014777, 36.200133899899996 ], [ -115.3014777, 36.2001311999 ], [ -115.3014723, 36.2001311999 ], [ -115.3014723, 36.200128499899996 ], [ -115.3014399, 36.200128499899996 ], [ -115.3014399, 36.2001311999 ], [ -115.3014318, 36.2001311999 ], [ -115.3014318, 36.200133899899996 ], [ -115.301421, 36.200133899899996 ], [ -115.301421, 36.200136599899999 ] ] ] } },
{ "type": "Feature", "properties": { "value": 255.0 }, "geometry": { "type": "Polygon", "coordinates": [ [ [ -115.3018125, 36.2001311999 ], [ -115.3017963, 36.2001311999 ], [ -115.3017963, 36.200128499899996 ], [ -115.3017909, 36.200128499899996 ], [ -115.3017909, 36.2001257999 ], [ -115.3017882, 36.2001257999 ], [ -115.3017882, 36.200123099899997 ], [ -115.3017855, 36.200123099899997 ], [ -115.3017855, 36.200120399900001 ], [ -115.3017828, 36.200120399900001 ], [ -115.3017828, 36.200117699899998 ], [ -115.3017801, 36.200117699899998 ], [ -115.3017801, 36.200114999900002 ], [ -115.3017774, 36.200114999900002 ], [ -115.3017774, 36.2001068999 ], [ -115.3017747, 36.2001068999 ], [ -115.3017747, 36.200104199899997 ], [ -115.3017774, 36.200104199899997 ], [ -115.3017774, 36.200096099900001 ], [ -115.3017747, 36.200096099900001 ], [ -115.3017747, 36.2000825999 ], [ -115.301772, 36.2000825999 ], [ -115.301772, 36.200071799900002 ], [ -115.3017693, 36.200071799900002 ], [ -115.3017693, 36.200063699899999 ], [ -115.3017666, 36.200063699899999 ], [ -115.3017666, 36.200055599899997 ], [ -115.3017639, 36.200055599899997 ], [ -115.3017639, 36.200047499900002 ], [ -115.3017612, 36.200047499900002 ], [ -115.3017612, 36.2000339999 ], [ -115.3017639, 36.2000339999 ], [ -115.3017639, 36.200031299899997 ], [ -115.3017693, 36.200031299899997 ], [ -115.3017693, 36.200028599900001 ], [ -115.3017828, 36.200028599900001 ], [ -115.3017828, 36.200025899899998 ], [ -115.3017963, 36.200025899899998 ], [ -115.3017963, 36.200023199900002 ], [ -115.3018098, 36.200023199900002 ], [ -115.3018098, 36.200020499899999 ], [ -115.301826, 36.200020499899999 ], [ -115.301826, 36.200017799899996 ], [ -115.3018395, 36.200017799899996 ], [ -115.3018395, 36.2000150999 ], [ -115.3018476, 36.2000150999 ], [ -115.3018476, 36.200012399899997 ], [ -115.3018503, 36.200012399899997 ], [ -115.3018503, 36.200009699900001 ], [ -115.301853, 36.200009699900001 ], [ -115.301853, 36.200006999899998 ], [ -115.3018557, 36.200006999899998 ], [ -115.3018557, 36.200004299900002 ], [ -115.3018584, 36.200004299900002 ], [ -115.3018584, 36.200001599899998 ], [ -115.3018611, 36.200001599899998 ], [ -115.3018611, 36.199998899900002 ], [ -115.3018665, 36.199998899900002 ], [ -115.3018665, 36.199996199899999 ], [ -115.3018719, 36.199996199899999 ], [ -115.3018719, 36.199993499899996 ], [ -115.30188, 36.199993499899996 ], [ -115.30188, 36.1999907999 ], [ -115.3018881, 36.1999907999 ], [ -115.3018881, 36.199993499899996 ], [ -115.3018908, 36.199993499899996 ], [ -115.3018908, 36.199996199899999 ], [ -115.3018935, 36.199996199899999 ], [ -115.3018935, 36.199998899900002 ], [ -115.3018962, 36.199998899900002 ], [ -115.3018962, 36.200006999899998 ], [ -115.3018989, 36.200006999899998 ], [ -115.3018989, 36.200012399899997 ], [ -115.3019016, 36.200012399899997 ], [ -115.3019016, 36.200020499899999 ], [ -115.3019043, 36.200020499899999 ], [ -115.3019043, 36.200023199900002 ], [ -115.301907, 36.200023199900002 ], [ -115.301907, 36.200028599900001 ], [ -115.3019097, 36.200028599900001 ], [ -115.3019097, 36.2000339999 ], [ -115.3019124, 36.2000339999 ], [ -115.3019124, 36.2000393999 ], [ -115.3019151, 36.2000393999 ], [ -115.3019151, 36.200044799899999 ], [ -115.3019178, 36.200044799899999 ], [ -115.3019178, 36.200052899900001 ], [ -115.3019205, 36.200052899900001 ], [ -115.3019205, 36.200066399899995 ], [ -115.3019232, 36.200066399899995 ], [ -115.3019232, 36.200074499899998 ], [ -115.3019259, 36.200074499899998 ], [ -115.3019259, 36.200077199900001 ], [ -115.3019286, 36.200077199900001 ], [ -115.3019286, 36.2000825999 ], [ -115.3019313, 36.2000825999 ], [ -115.3019313, 36.200085299899996 ], [ -115.301934, 36.200085299899996 ], [ -115.301934, 36.200101499900001 ], [ -115.3019313, 36.200101499900001 ], [ -115.3019313, 36.200104199899997 ], [ -115.3019232, 36.200104199899997 ], [ -115.3019232, 36.2001068999 ], [ -115.301907, 36.2001068999 ], [ -115.301907, 36.200109599899996 ], [ -115.3018935, 36.200109599899996 ], [ -115.3018935, 36.200112299899999 ], [ -115.3018827, 36.200112299899999 ], [ -115.3018827, 36.200114999900002 ], [ -115.30188, 36.200114999900002 ], [ -115.30188, 36.200117699899998 ], [ -115.3018611, 36.200117699899998 ], [ -115.3018611, 36.200120399900001 ], [ -115.3018476, 36.200120399900001 ], [ -115.3018476, 36.200123099899997 ], [ -115.3018368, 36.200123099899997 ], [ -115.3018368, 36.2001257999 ], [ -115.301826, 36.2001257999 ], [ -115.301826, 36.200128499899996 ], [ -115.3018125, 36.200128499899996 ], [ -115.3018125, 36.2001311999 ] ] ] } },
{ "type": "Feature", "properties": { "value": 255.0 }, "geometry": { "type": "Polygon", "coordinates": [ [ [ -115.301097, 36.200104199899997 ], [ -115.3010781, 36.200104199899997 ], [ -115.3010781, 36.200101499900001 ], [ -115.3010727, 36.200101499900001 ], [ -115.3010727, 36.200098799899997 ], [ -115.3010673, 36.200098799899997 ], [ -115.3010673, 36.200096099900001 ], [ -115.3010646, 36.200096099900001 ], [ -115.3010646, 36.200093399899998 ], [ -115.3010619, 36.200093399899998 ], [ -115.3010619, 36.200090699899995 ], [ -115.3010592, 36.200090699899995 ], [ -115.3010592, 36.200087999899999 ], [ -115.3010538, 36.200087999899999 ], [ -115.3010538, 36.200085299899996 ], [ -115.3010511, 36.200085299899996 ], [ -115.3010511, 36.2000825999 ], [ -115.3010457, 36.2000825999 ], [ -115.3010457, 36.200079899899997 ], [ -115.301043, 36.200079899899997 ], [ -115.301043, 36.200077199900001 ], [ -115.3010376, 36.200077199900001 ], [ -115.3010376, 36.200074499899998 ], [ -115.3010349, 36.200074499899998 ], [ -115.3010349, 36.200071799900002 ], [ -115.3010322, 36.200071799900002 ], [ -115.3010322, 36.200069099899999 ], [ -115.3010268, 36.200069099899999 ], [ -115.3010268, 36.200066399899995 ], [ -115.3010214, 36.200066399899995 ], [ -115.3010214, 36.200063699899999 ], [ -115.3010187, 36.200063699899999 ], [ -115.3010187, 36.200060999899996 ], [ -115.3010133, 36.200060999899996 ], [ -115.3010133, 36.2000582999 ], [ -115.3010106, 36.2000582999 ], [ -115.3010106, 36.200055599899997 ], [ -115.3010052, 36.200055599899997 ], [ -115.3010052, 36.200052899900001 ], [ -115.3010025, 36.200052899900001 ], [ -115.3010025, 36.200050199899998 ], [ -115.3009998, 36.200050199899998 ], [ -115.3009998, 36.200044799899999 ], [ -115.3009971, 36.200044799899999 ], [ -115.3009971, 36.200042099899996 ], [ -115.3009944, 36.200042099899996 ], [ -115.3009944, 36.200036699899997 ], [ -115.3009917, 36.200036699899997 ], [ -115.3009917, 36.200023199900002 ], [ -115.3009944, 36.200023199900002 ], [ -115.3009944, 36.200017799899996 ], [ -115.3009971, 36.200017799899996 ], [ -115.3009971, 36.2000150999 ], [ -115.3009998, 36.2000150999 ], [ -115.3009998, 36.200009699900001 ], [ -115.3010025, 36.200009699900001 ], [ -115.3010025, 36.200006999899998 ], [ -115.3010052, 36.200006999899998 ], [ -115.3010052, 36.200004299900002 ], [ -115.3010079, 36.200004299900002 ], [ -115.3010079, 36.200001599899998 ], [ -115.3010106, 36.200001599899998 ], [ -115.3010106, 36.199998899900002 ], [ -115.3010133, 36.199998899900002 ], [ -115.3010133, 36.199996199899999 ], [ -115.301016, 36.199996199899999 ], [ -115.301016, 36.199993499899996 ], [ -115.3010214, 36.199993499899996 ], [ -115.3010214, 36.199988099899997 ], [ -115.3010241, 36.199988099899997 ], [ -115.3010241, 36.199985399900001 ], [ -115.3010268, 36.199985399900001 ], [ -115.3010268, 36.199982699899998 ], [ -115.3010295, 36.199982699899998 ], [ -115.3010295, 36.199979999900002 ], [ -115.3010322, 36.199979999900002 ], [ -115.3010322, 36.199977299899999 ], [ -115.3010349, 36.199977299899999 ], [ -115.3010349, 36.199974599899996 ], [ -115.3010376, 36.199974599899996 ], [ -115.3010376, 36.1999718999 ], [ -115.3010403, 36.1999718999 ], [ -115.3010403, 36.199969199899996 ], [ -115.301043, 36.199969199899996 ], [ -115.301043, 36.199963799899997 ], [ -115.3010457, 36.199963799899997 ], [ -115.3010457, 36.199961099900001 ], [ -115.3010484, 36.199961099900001 ], [ -115.3010484, 36.199955699900002 ], [ -115.3010511, 36.199955699900002 ], [ -115.3010511, 36.199950299899996 ], [ -115.3010538, 36.199950299899996 ], [ -115.3010538, 36.1999475999 ], [ -115.3010565, 36.1999475999 ], [ -115.3010565, 36.199944899899997 ], [ -115.3010592, 36.199944899899997 ], [ -115.3010592, 36.199942199900001 ], [ -115.3010673, 36.199942199900001 ], [ -115.3010673, 36.199944899899997 ], [ -115.3010754, 36.199944899899997 ], [ -115.3010754, 36.1999475999 ], [ -115.3010781, 36.1999475999 ], [ -115.3010781, 36.199950299899996 ], [ -115.3010808, 36.199950299899996 ], [ -115.3010808, 36.199952999899999 ], [ -115.3010862, 36.199952999899999 ], [ -115.3010862, 36.199955699900002 ], [ -115.3010889, 36.199955699900002 ], [ -115.3010889, 36.199958399899998 ], [ -115.3010943, 36.199958399899998 ], [ -115.3010943, 36.199961099900001 ], [ -115.3010997, 36.199961099900001 ], [ -115.3010997, 36.199963799899997 ], [ -115.3011024, 36.199963799899997 ], [ -115.3011024, 36.1999664999 ], [ -115.3011078, 36.1999664999 ], [ -115.3011078, 36.199969199899996 ], [ -115.3011105, 36.199969199899996 ], [ -115.3011105, 36.1999718999 ], [ -115.3011159, 36.1999718999 ], [ -115.3011159, 36.199974599899996 ], [ -115.3011186, 36.199974599899996 ], [ -115.3011186, 36.199977299899999 ], [ -115.3011213, 36.199977299899999 ], [ -115.3011213, 36.199982699899998 ], [ -115.301124, 36.199982699899998 ], [ -115.301124, 36.199996199899999 ], [ -115.3011267, 36.199996199899999 ], [ -115.3011267, 36.199998899900002 ], [ -115.3011294, 36.199998899900002 ], [ -115.3011294, 36.200001599899998 ], [ -115.3011321, 36.200001599899998 ], [ -115.3011321, 36.200004299900002 ], [ -115.3011348, 36.200004299900002 ], [ -115.3011348, 36.200006999899998 ], [ -115.3011375, 36.200006999899998 ], [ -115.3011375, 36.200009699900001 ], [ -115.3011429, 36.200009699900001 ], [ -115.3011429, 36.200012399899997 ], [ -115.3011456, 36.200012399899997 ], [ -115.3011456, 36.2000150999 ], [ -115.3011483, 36.2000150999 ], [ -115.3011483, 36.200017799899996 ], [ -115.301151, 36.200017799899996 ], [ -115.301151, 36.200020499899999 ], [ -115.3011537, 36.200020499899999 ], [ -115.3011537, 36.200025899899998 ], [ -115.3011564, 36.200025899899998 ], [ -115.3011564, 36.200028599900001 ], [ -115.3011591, 36.200028599900001 ], [ -115.3011591, 36.200031299899997 ], [ -115.3011645, 36.200031299899997 ], [ -115.3011645, 36.2000339999 ], [ -115.3011672, 36.2000339999 ], [ -115.3011672, 36.2000393999 ], [ -115.3011645, 36.2000393999 ], [ -115.3011645, 36.200042099899996 ], [ -115.3011618, 36.200042099899996 ], [ -115.3011618, 36.200044799899999 ], [ -115.3011591, 36.200044799899999 ], [ -115.3011591, 36.200047499900002 ], [ -115.3011564, 36.200047499900002 ], [ -115.3011564, 36.200052899900001 ], [ -115.3011537, 36.200052899900001 ], [ -115.3011537, 36.200055599899997 ], [ -115.301151, 36.200055599899997 ], [ -115.301151, 36.2000582999 ], [ -115.3011483, 36.2000582999 ], [ -115.3011483, 36.200060999899996 ], [ -115.3011456, 36.200060999899996 ], [ -115.3011456, 36.200063699899999 ], [ -115.3011429, 36.200063699899999 ], [ -115.3011429, 36.200069099899999 ], [ -115.3011402, 36.200069099899999 ], [ -115.3011402, 36.200071799900002 ], [ -115.3011375, 36.200071799900002 ], [ -115.3011375, 36.200074499899998 ], [ -115.3011348, 36.200074499899998 ], [ -115.3011348, 36.200077199900001 ], [ -115.3011321, 36.200077199900001 ], [ -115.3011321, 36.200079899899997 ], [ -115.3011294, 36.200079899899997 ], [ -115.3011294, 36.2000825999 ], [ -115.301124, 36.2000825999 ], [ -115.301124, 36.200085299899996 ], [ -115.3011213, 36.200085299899996 ], [ -115.3011213, 36.200087999899999 ], [ -115.3011186, 36.200087999899999 ], [ -115.3011186, 36.200090699899995 ], [ -115.3011159, 36.200090699899995 ], [ -115.3011159, 36.200093399899998 ], [ -115.3011132, 36.200093399899998 ], [ -115.3011132, 36.200096099900001 ], [ -115.3011105, 36.200096099900001 ], [ -115.3011105, 36.200098799899997 ], [ -115.3011051, 36.200098799899997 ], [ -115.3011051, 36.200101499900001 ], [ -115.301097, 36.200101499900001 ], [ -115.301097, 36.200104199899997 ] ] ] } },
{ "type": "Feature", "properties": { "value": 255.0 }, "geometry": { "type": "Polygon", "coordinates": [ [ [ -115.3022526, 36.1999907999 ], [ -115.3022391, 36.1999907999 ], [ -115.3022391, 36.199988099899997 ], [ -115.3022364, 36.199988099899997 ], [ -115.3022364, 36.199979999900002 ], [ -115.3022337, 36.199979999900002 ], [ -115.3022337, 36.199955699900002 ], [ -115.302231, 36.199955699900002 ], [ -115.302231, 36.199952999899999 ], [ -115.3022283, 36.199952999899999 ], [ -115.3022283, 36.199950299899996 ], [ -115.3022013, 36.199950299899996 ], [ -115.3022013, 36.199952999899999 ], [ -115.3021986, 36.199952999899999 ], [ -115.3021986, 36.199950299899996 ], [ -115.3021932, 36.199950299899996 ], [ -115.3021932, 36.1999475999 ], [ -115.3021905, 36.1999475999 ], [ -115.3021905, 36.199939499899997 ], [ -115.3021878, 36.199939499899997 ], [ -115.3021878, 36.199907099900003 ], [ -115.3021905, 36.199907099900003 ], [ -115.3021905, 36.199904399899999 ], [ -115.3021959, 36.199904399899999 ], [ -115.3021959, 36.199901699899996 ], [ -115.3022148, 36.199901699899996 ], [ -115.3022148, 36.1998989999 ], [ -115.3022202, 36.1998989999 ], [ -115.3022202, 36.199896299899997 ], [ -115.3022229, 36.199896299899997 ], [ -115.3022229, 36.199885499899999 ], [ -115.3022256, 36.199885499899999 ], [ -115.3022256, 36.1998800999 ], [ -115.302231, 36.1998800999 ], [ -115.302231, 36.199874699900001 ], [ -115.3022364, 36.199874699900001 ], [ -115.3022364, 36.199871999899997 ], [ -115.3022526, 36.199871999899997 ], [ -115.3022526, 36.1999907999 ] ] ] } },
{ "type": "Feature", "properties": { "value": 255.0 }, "geometry": { "type": "Polygon", "coordinates": [ [ [ -115.3020879, 36.200020499899999 ], [ -115.3020744, 36.200020499899999 ], [ -115.3020744, 36.200017799899996 ], [ -115.3020663, 36.200017799899996 ], [ -115.3020663, 36.2000150999 ], [ -115.3020582, 36.2000150999 ], [ -115.3020582, 36.200012399899997 ], [ -115.3020501, 36.200012399899997 ], [ -115.3020501, 36.200009699900001 ], [ -115.3020393, 36.200009699900001 ], [ -115.3020393, 36.200006999899998 ], [ -115.3020285, 36.200006999899998 ], [ -115.3020285, 36.200004299900002 ], [ -115.3020177, 36.200004299900002 ], [ -115.3020177, 36.200001599899998 ], [ -115.3020096, 36.200001599899998 ], [ -115.3020096, 36.199998899900002 ], [ -115.3020015, 36.199998899900002 ], [ -115.3020015, 36.199996199899999 ], [ -115.3019934, 36.199996199899999 ], [ -115.3019934, 36.199993499899996 ], [ -115.3019853, 36.199993499899996 ], [ -115.3019853, 36.1999907999 ], [ -115.3019799, 36.1999907999 ], [ -115.3019799, 36.199988099899997 ], [ -115.3019718, 36.199988099899997 ], [ -115.3019718, 36.199985399900001 ], [ -115.3019664, 36.199985399900001 ], [ -115.3019664, 36.199982699899998 ], [ -115.3019583, 36.199982699899998 ], [ -115.3019583, 36.199979999900002 ], [ -115.3019529, 36.199979999900002 ], [ -115.3019529, 36.199977299899999 ], [ -115.3019475, 36.199977299899999 ], [ -115.3019475, 36.199974599899996 ], [ -115.3019421, 36.199974599899996 ], [ -115.3019421, 36.1999718999 ], [ -115.301934, 36.1999718999 ], [ -115.301934, 36.199969199899996 ], [ -115.3019259, 36.199969199899996 ], [ -115.3019259, 36.1999664999 ], [ -115.3019205, 36.1999664999 ], [ -115.3019205, 36.199963799899997 ], [ -115.3019151, 36.199963799899997 ], [ -115.3019151, 36.199961099900001 ], [ -115.3019124, 36.199961099900001 ], [ -115.3019124, 36.199950299899996 ], [ -115.3019151, 36.199950299899996 ], [ -115.3019151, 36.199944899899997 ], [ -115.3019178, 36.199944899899997 ], [ -115.3019178, 36.199942199900001 ], [ -115.3019205, 36.199942199900001 ], [ -115.3019205, 36.199939499899997 ], [ -115.3019232, 36.199939499899997 ], [ -115.3019232, 36.199936799900001 ], [ -115.3019259, 36.199936799900001 ], [ -115.3019259, 36.199931399900002 ], [ -115.3019286, 36.199931399900002 ], [ -115.3019286, 36.199928699899999 ], [ -115.3019313, 36.199928699899999 ], [ -115.3019313, 36.199925999899996 ], [ -115.301934, 36.199925999899996 ], [ -115.301934, 36.1999232999 ], [ -115.3019367, 36.1999232999 ], [ -115.3019367, 36.199920599899997 ], [ -115.3019394, 36.199920599899997 ], [ -115.3019394, 36.199917899900001 ], [ -115.3019448, 36.199917899900001 ], [ -115.3019448, 36.199915199899998 ], [ -115.3019475, 36.199915199899998 ], [ -115.3019475, 36.199912499900002 ], [ -115.3019502, 36.199912499900002 ], [ -115.3019502, 36.199909799899999 ], [ -115.3019556, 36.199909799899999 ], [ -115.3019556, 36.199907099900003 ], [ -115.301961, 36.199907099900003 ], [ -115.301961, 36.199904399899999 ], [ -115.3019664, 36.199904399899999 ], [ -115.3019664, 36.199901699899996 ], [ -115.3019691, 36.199901699899996 ], [ -115.3019691, 36.199896299899997 ], [ -115.3019718, 36.199896299899997 ], [ -115.3019718, 36.199890899899998 ], [ -115.3019745, 36.199890899899998 ], [ -115.3019745, 36.199882799899996 ], [ -115.3019772, 36.199882799899996 ], [ -115.3019772, 36.1998800999 ], [ -115.3019907, 36.1998800999 ], [ -115.3019907, 36.199877399899997 ], [ -115.3020042, 36.199877399899997 ], [ -115.3020042, 36.199874699900001 ], [ -115.3020231, 36.199874699900001 ], [ -115.3020231, 36.199877399899997 ], [ -115.3020285, 36.199877399899997 ], [ -115.3020285, 36.1998800999 ], [ -115.3020474, 36.1998800999 ], [ -115.3020474, 36.199882799899996 ], [ -115.3020528, 36.199882799899996 ], [ -115.3020528, 36.199885499899999 ], [ -115.3020582, 36.199885499899999 ], [ -115.3020582, 36.199888199900002 ], [ -115.3020636, 36.199888199900002 ], [ -115.3020636, 36.199890899899998 ], [ -115.3020717, 36.199890899899998 ], [ -115.3020717, 36.199893599900001 ], [ -115.3020798, 36.199893599900001 ], [ -115.3020798, 36.199896299899997 ], [ -115.3020852, 36.199896299899997 ], [ -115.3020852, 36.1998989999 ], [ -115.3020933, 36.1998989999 ], [ -115.3020933, 36.199901699899996 ], [ -115.3021014, 36.199901699899996 ], [ -115.3021014, 36.199904399899999 ], [ -115.3021068, 36.199904399899999 ], [ -115.3021068, 36.199907099900003 ], [ -115.3021095, 36.199907099900003 ], [ -115.3021095, 36.1999232999 ], [ -115.3021068, 36.1999232999 ], [ -115.3021068, 36.199925999899996 ], [ -115.3021041, 36.199925999899996 ], [ -115.3021041, 36.199931399900002 ], [ -115.3021014, 36.199931399900002 ], [ -115.3021014, 36.199942199900001 ], [ -115.3021041, 36.199942199900001 ], [ -115.3021041, 36.199944899899997 ], [ -115.3021068, 36.199944899899997 ], [ -115.3021068, 36.1999475999 ], [ -115.3021122, 36.1999475999 ], [ -115.3021122, 36.199950299899996 ], [ -115.3021176, 36.199950299899996 ], [ -115.3021176, 36.199952999899999 ], [ -115.3021203, 36.199952999899999 ], [ -115.3021203, 36.1999664999 ], [ -115.3021176, 36.1999664999 ], [ -115.3021176, 36.199974599899996 ], [ -115.3021149, 36.199974599899996 ], [ -115.3021149, 36.199979999900002 ], [ -115.3021122, 36.199979999900002 ], [ -115.3021122, 36.199985399900001 ], [ -115.3021095, 36.199985399900001 ], [ -115.3021095, 36.199988099899997 ], [ -115.3021068, 36.199988099899997 ], [ -115.3021068, 36.199993499899996 ], [ -115.3021041, 36.199993499899996 ], [ -115.3021041, 36.199998899900002 ], [ -115.3021014, 36.199998899900002 ], [ -115.3021014, 36.200001599899998 ], [ -115.3020987, 36.200001599899998 ], [ -115.3020987, 36.200006999899998 ], [ -115.302096, 36.200006999899998 ], [ -115.302096, 36.200012399899997 ], [ -115.3020933, 36.200012399899997 ], [ -115.3020933, 36.2000150999 ], [ -115.3020906, 36.2000150999 ], [ -115.3020906, 36.200017799899996 ], [ -115.3020879, 36.200017799899996 ], [ -115.3020879, 36.200020499899999 ] ] ] } },
{ "type": "Feature", "properties": { "value": 255.0 }, "geometry": { "type": "Polygon", "coordinates": [ [ [ -115.3022526, 36.1998125999 ], [ -115.3022445, 36.1998125999 ], [ -115.3022445, 36.199809899899996 ], [ -115.3022418, 36.199809899899996 ], [ -115.3022418, 36.199804499899997 ], [ -115.3022391, 36.199804499899997 ], [ -115.3022391, 36.199796399900002 ], [ -115.3022364, 36.199796399900002 ], [ -115.3022364, 36.1997882999 ], [ -115.3022337, 36.1997882999 ], [ -115.3022337, 36.199777499900001 ], [ -115.302231, 36.199777499900001 ], [ -115.302231, 36.199758599900001 ], [ -115.3022337, 36.199758599900001 ], [ -115.3022337, 36.199755899899998 ], [ -115.3022526, 36.199755899899998 ], [ -115.3022526, 36.1998125999 ] ] ] } },
{ "type": "Feature", "properties": { "value": 255.0 }, "geometry": { "type": "Polygon", "coordinates": [ [ [ -115.3021284, 36.199844999900002 ], [ -115.3020906, 36.199844999900002 ], [ -115.3020906, 36.199842299899998 ], [ -115.3020177, 36.199842299899998 ], [ -115.3020177, 36.199839599900002 ], [ -115.302015, 36.199839599900002 ], [ -115.302015, 36.1997882999 ], [ -115.3020123, 36.1997882999 ], [ -115.3020123, 36.199785599899997 ], [ -115.3020096, 36.199785599899997 ], [ -115.3020096, 36.199782899900001 ], [ -115.3020042, 36.199782899900001 ], [ -115.3020042, 36.199780199899998 ], [ -115.3019988, 36.199780199899998 ], [ -115.3019988, 36.199777499900001 ], [ -115.3019961, 36.199777499900001 ], [ -115.3019961, 36.199774799899998 ], [ -115.3019934, 36.199774799899998 ], [ -115.3019934, 36.199769399899999 ], [ -115.3019907, 36.199769399899999 ], [ -115.3019907, 36.199726199899999 ], [ -115.3019934, 36.199726199899999 ], [ -115.3019934, 36.199723499900003 ], [ -115.3019988, 36.199723499900003 ], [ -115.3019988, 36.1997207999 ], [ -115.3020582, 36.1997207999 ], [ -115.3020582, 36.199723499900003 ], [ -115.302123, 36.199723499900003 ], [ -115.302123, 36.1997207999 ], [ -115.3021365, 36.1997207999 ], [ -115.3021365, 36.199723499900003 ], [ -115.3021392, 36.199723499900003 ], [ -115.3021392, 36.199726199899999 ], [ -115.3021419, 36.199726199899999 ], [ -115.3021419, 36.199731599899998 ], [ -115.3021446, 36.199731599899998 ], [ -115.3021446, 36.1997639999 ], [ -115.3021419, 36.1997639999 ], [ -115.3021419, 36.199785599899997 ], [ -115.3021446, 36.199785599899997 ], [ -115.3021446, 36.199834199899996 ], [ -115.3021419, 36.199834199899996 ], [ -115.3021419, 36.199839599900002 ], [ -115.3021365, 36.199839599900002 ], [ -115.3021365, 36.199842299899998 ], [ -115.3021284, 36.199842299899998 ], [ -115.3021284, 36.199844999900002 ] ] ] } },
{ "type": "Feature", "properties": { "value": 255.0 }, "geometry": { "type": "Polygon", "coordinates": [ [ [ -115.3010133, 36.199842299899998 ], [ -115.3009512, 36.199842299899998 ], [ -115.3009512, 36.199839599900002 ], [ -115.3009458, 36.199839599900002 ], [ -115.3009458, 36.199834199899996 ], [ -115.3009431, 36.199834199899996 ], [ -115.3009431, 36.199780199899998 ], [ -115.3009404, 36.199780199899998 ], [ -115.3009404, 36.199745099899999 ], [ -115.3009431, 36.199745099899999 ], [ -115.3009431, 36.199731599899998 ], [ -115.3009458, 36.199731599899998 ], [ -115.3009458, 36.1997207999 ], [ -115.3009485, 36.1997207999 ], [ -115.3009485, 36.199718099899997 ], [ -115.3009755, 36.199718099899997 ], [ -115.3009755, 36.1997207999 ], [ -115.3009917, 36.1997207999 ], [ -115.3009917, 36.199723499900003 ], [ -115.3010673, 36.199723499900003 ], [ -115.3010673, 36.199726199899999 ], [ -115.3010727, 36.199726199899999 ], [ -115.3010727, 36.199731599899998 ], [ -115.3010754, 36.199731599899998 ], [ -115.3010754, 36.199780199899998 ], [ -115.3010781, 36.199780199899998 ], [ -115.3010781, 36.1997882999 ], [ -115.3010808, 36.1997882999 ], [ -115.3010808, 36.199790999900003 ], [ -115.3010835, 36.199790999900003 ], [ -115.3010835, 36.199799099899998 ], [ -115.3010862, 36.199799099899998 ], [ -115.3010862, 36.199836899899999 ], [ -115.3010484, 36.199836899899999 ], [ -115.3010484, 36.199839599900002 ], [ -115.3010133, 36.199839599900002 ], [ -115.3010133, 36.199842299899998 ] ] ] } },
{ "type": "Feature", "properties": { "value": 255.0 }, "geometry": { "type": "Polygon", "coordinates": [ [ [ -115.3016748, 36.199804499899997 ], [ -115.3016181, 36.199804499899997 ], [ -115.3016181, 36.199801799900001 ], [ -115.3016127, 36.199801799900001 ], [ -115.3016127, 36.199793699899999 ], [ -115.30161, 36.199793699899999 ], [ -115.30161, 36.199790999900003 ], [ -115.3016127, 36.199790999900003 ], [ -115.3016127, 36.199772099900002 ], [ -115.30161, 36.199772099900002 ], [ -115.30161, 36.199761299899997 ], [ -115.3016073, 36.199761299899997 ], [ -115.3016073, 36.199742399899996 ], [ -115.30161, 36.199742399899996 ], [ -115.30161, 36.1997396999 ], [ -115.3016127, 36.1997396999 ], [ -115.3016127, 36.199718099899997 ], [ -115.3016154, 36.199718099899997 ], [ -115.3016154, 36.199712699899997 ], [ -115.3016181, 36.199712699899997 ], [ -115.3016181, 36.199704599900002 ], [ -115.3016208, 36.199704599900002 ], [ -115.3016208, 36.199701899899999 ], [ -115.3016235, 36.199701899899999 ], [ -115.3016235, 36.199699199900003 ], [ -115.3016262, 36.199699199900003 ], [ -115.3016262, 36.1996964999 ], [ -115.3016559, 36.1996964999 ], [ -115.3016559, 36.199693799899997 ], [ -115.301664, 36.199693799899997 ], [ -115.301664, 36.199691099900001 ], [ -115.3016667, 36.199691099900001 ], [ -115.3016667, 36.199688399899998 ], [ -115.3016748, 36.199688399899998 ], [ -115.3016748, 36.199685699900002 ], [ -115.301718, 36.199685699900002 ], [ -115.301718, 36.199682999899998 ], [ -115.3017288, 36.199682999899998 ], [ -115.3017288, 36.199685699900002 ], [ -115.3017369, 36.199685699900002 ], [ -115.3017369, 36.199688399899998 ], [ -115.3017396, 36.199688399899998 ], [ -115.3017396, 36.199747799900003 ], [ -115.3017369, 36.199747799900003 ], [ -115.3017369, 36.199753199900002 ], [ -115.3017342, 36.199753199900002 ], [ -115.3017342, 36.199758599900001 ], [ -115.3017315, 36.199758599900001 ], [ -115.3017315, 36.1997639999 ], [ -115.3017288, 36.1997639999 ], [ -115.3017288, 36.199777499900001 ], [ -115.3017315, 36.199777499900001 ], [ -115.3017315, 36.199796399900002 ], [ -115.3017261, 36.199796399900002 ], [ -115.3017261, 36.199799099899998 ], [ -115.3016937, 36.199799099899998 ], [ -115.3016937, 36.199801799900001 ], [ -115.3016748, 36.199801799900001 ], [ -115.3016748, 36.199804499899997 ] ] ] } },
{ "type": "Feature", "properties": { "value": 255.0 }, "geometry": { "type": "Polygon", "coordinates": [ [ [ -115.3014723, 36.199801799900001 ], [ -115.3014399, 36.199801799900001 ], [ -115.3014399, 36.199799099899998 ], [ -115.3013886, 36.199799099899998 ], [ -115.3013886, 36.199796399900002 ], [ -115.3013481, 36.199796399900002 ], [ -115.3013481, 36.199793699899999 ], [ -115.3013454, 36.199793699899999 ], [ -115.3013454, 36.199758599900001 ], [ -115.3013481, 36.199758599900001 ], [ -115.3013481, 36.199750499899999 ], [ -115.3013508, 36.199750499899999 ], [ -115.3013508, 36.199734299900001 ], [ -115.3013481, 36.199734299900001 ], [ -115.3013481, 36.199723499900003 ], [ -115.3013508, 36.199723499900003 ], [ -115.3013508, 36.199680299900002 ], [ -115.3013535, 36.199680299900002 ], [ -115.3013535, 36.199677599899999 ], [ -115.3013724, 36.199677599899999 ], [ -115.3013724, 36.199680299900002 ], [ -115.301421, 36.199680299900002 ], [ -115.301421, 36.199682999899998 ], [ -115.3014264, 36.199682999899998 ], [ -115.3014264, 36.199685699900002 ], [ -115.3014291, 36.199685699900002 ], [ -115.3014291, 36.199688399899998 ], [ -115.3014318, 36.199688399899998 ], [ -115.3014318, 36.199691099900001 ], [ -115.3014372, 36.199691099900001 ], [ -115.3014372, 36.199693799899997 ], [ -115.301475, 36.199693799899997 ], [ -115.301475, 36.1996964999 ], [ -115.3014804, 36.1996964999 ], [ -115.3014804, 36.199704599900002 ], [ -115.3014831, 36.199704599900002 ], [ -115.3014831, 36.199712699899997 ], [ -115.3014858, 36.199712699899997 ], [ -115.3014858, 36.199715399900001 ], [ -115.3014912, 36.199715399900001 ], [ -115.3014912, 36.199718099899997 ], [ -115.3014939, 36.199718099899997 ], [ -115.3014939, 36.1997207999 ], [ -115.3014912, 36.1997207999 ], [ -115.3014912, 36.199723499900003 ], [ -115.3014885, 36.199723499900003 ], [ -115.3014885, 36.199728899900002 ], [ -115.3014858, 36.199728899900002 ], [ -115.3014858, 36.199736999899997 ], [ -115.3014831, 36.199736999899997 ], [ -115.3014831, 36.199766699899996 ], [ -115.3014804, 36.199766699899996 ], [ -115.3014804, 36.199780199899998 ], [ -115.3014777, 36.199780199899998 ], [ -115.3014777, 36.199799099899998 ], [ -115.3014723, 36.199799099899998 ], [ -115.3014723, 36.199801799900001 ] ] ] } },
{ "type": "Feature", "properties": { "value": 255.0 }, "geometry": { "type": "Polygon", "coordinates": [ [ [ -115.3009836, 36.199688399899998 ], [ -115.3009701, 36.199688399899998 ], [ -115.3009701, 36.199685699900002 ], [ -115.3009647, 36.199685699900002 ], [ -115.3009647, 36.199682999899998 ], [ -115.300962, 36.199682999899998 ], [ -115.300962, 36.199680299900002 ], [ -115.3009593, 36.199680299900002 ], [ -115.3009593, 36.199677599899999 ], [ -115.3009566, 36.199677599899999 ], [ -115.3009566, 36.199674899899996 ], [ -115.3009539, 36.199674899899996 ], [ -115.3009539, 36.1996721999 ], [ -115.3009512, 36.1996721999 ], [ -115.3009512, 36.1996532999 ], [ -115.3009485, 36.1996532999 ], [ -115.3009485, 36.199650599899996 ], [ -115.3009512, 36.199650599899996 ], [ -115.3009512, 36.199612799900002 ], [ -115.3009485, 36.199612799900002 ], [ -115.3009485, 36.199610099899999 ], [ -115.3009512, 36.199610099899999 ], [ -115.3009512, 36.199599299900001 ], [ -115.3009539, 36.199599299900001 ], [ -115.3009539, 36.199593899900002 ], [ -115.3009566, 36.199593899900002 ], [ -115.3009566, 36.199574999900001 ], [ -115.3009593, 36.199574999900001 ], [ -115.3009593, 36.199569599900002 ], [ -115.3010106, 36.199569599900002 ], [ -115.3010106, 36.199566899899999 ], [ -115.3010403, 36.199566899899999 ], [ -115.3010403, 36.199569599900002 ], [ -115.3010619, 36.199569599900002 ], [ -115.3010619, 36.199572299899998 ], [ -115.3010808, 36.199572299899998 ], [ -115.3010808, 36.199574999900001 ], [ -115.3010835, 36.199574999900001 ], [ -115.3010835, 36.199601999899997 ], [ -115.3010862, 36.199601999899997 ], [ -115.3010862, 36.199620899899998 ], [ -115.3010835, 36.199620899899998 ], [ -115.3010835, 36.199631699900003 ], [ -115.3010808, 36.199631699900003 ], [ -115.3010808, 36.199650599899996 ], [ -115.3010781, 36.199650599899996 ], [ -115.3010781, 36.1996721999 ], [ -115.3010754, 36.1996721999 ], [ -115.3010754, 36.199677599899999 ], [ -115.3010619, 36.199677599899999 ], [ -115.3010619, 36.199680299900002 ], [ -115.3010565, 36.199680299900002 ], [ -115.3010565, 36.199682999899998 ], [ -115.3010484, 36.199682999899998 ], [ -115.3010484, 36.199685699900002 ], [ -115.3009836, 36.199685699900002 ], [ -115.3009836, 36.199688399899998 ] ] ] } },
{ "type": "Feature", "properties": { "value": 255.0 }, "geometry": { "type": "Polygon", "coordinates": [ [ [ -115.3014291, 36.1996532999 ], [ -115.3013859, 36.1996532999 ], [ -115.3013859, 36.199650599899996 ], [ -115.3013697, 36.199650599899996 ], [ -115.3013697, 36.1996478999 ], [ -115.3013589, 36.1996478999 ], [ -115.3013589, 36.199645199899997 ], [ -115.3013535, 36.199645199899997 ], [ -115.3013535, 36.199639799899998 ], [ -115.3013508, 36.199639799899998 ], [ -115.3013508, 36.199596599899998 ], [ -115.3013481, 36.199596599899998 ], [ -115.3013481, 36.199574999900001 ], [ -115.3013454, 36.199574999900001 ], [ -115.3013454, 36.199566899899999 ], [ -115.3013427, 36.199566899899999 ], [ -115.3013427, 36.1995614999 ], [ -115.30134, 36.1995614999 ], [ -115.30134, 36.199556099900001 ], [ -115.3013373, 36.199556099900001 ], [ -115.3013373, 36.199534499899997 ], [ -115.30134, 36.199534499899997 ], [ -115.30134, 36.199531799900001 ], [ -115.3013994, 36.199531799900001 ], [ -115.3013994, 36.199534499899997 ], [ -115.3014561, 36.199534499899997 ], [ -115.3014561, 36.199531799900001 ], [ -115.3014723, 36.199531799900001 ], [ -115.3014723, 36.199534499899997 ], [ -115.3014777, 36.199534499899997 ], [ -115.3014777, 36.1995371999 ], [ -115.3014804, 36.1995371999 ], [ -115.3014804, 36.199542599899999 ], [ -115.3014831, 36.199542599899999 ], [ -115.3014831, 36.1995803999 ], [ -115.3014858, 36.1995803999 ], [ -115.3014858, 36.199588499900003 ], [ -115.3014885, 36.199588499900003 ], [ -115.3014885, 36.199593899900002 ], [ -115.3014912, 36.199593899900002 ], [ -115.3014912, 36.199601999899997 ], [ -115.3014939, 36.199601999899997 ], [ -115.3014939, 36.199612799900002 ], [ -115.3014912, 36.199612799900002 ], [ -115.3014912, 36.199645199899997 ], [ -115.3014885, 36.199645199899997 ], [ -115.3014885, 36.1996478999 ], [ -115.3014804, 36.1996478999 ], [ -115.3014804, 36.199650599899996 ], [ -115.3014291, 36.199650599899996 ], [ -115.3014291, 36.1996532999 ] ] ] } },
{ "type": "Feature", "properties": { "value": 255.0 }, "geometry": { "type": "Polygon", "coordinates": [ [ [ -115.3016991, 36.199655999900003 ], [ -115.3016181, 36.199655999900003 ], [ -115.3016181, 36.1996532999 ], [ -115.3016127, 36.1996532999 ], [ -115.3016127, 36.199650599899996 ], [ -115.30161, 36.199650599899996 ], [ -115.30161, 36.199645199899997 ], [ -115.3016073, 36.199645199899997 ], [ -115.3016073, 36.1996289999 ], [ -115.3016046, 36.1996289999 ], [ -115.3016046, 36.199620899899998 ], [ -115.3016019, 36.199620899899998 ], [ -115.3016019, 36.199615499899998 ], [ -115.3015992, 36.199615499899998 ], [ -115.3015992, 36.199593899900002 ], [ -115.3016019, 36.199593899900002 ], [ -115.3016019, 36.199583099900003 ], [ -115.3015992, 36.199583099900003 ], [ -115.3015992, 36.199572299899998 ], [ -115.3015965, 36.199572299899998 ], [ -115.3015965, 36.199539899900003 ], [ -115.3016019, 36.199539899900003 ], [ -115.3016019, 36.1995371999 ], [ -115.3016586, 36.1995371999 ], [ -115.3016586, 36.199539899900003 ], [ -115.3017045, 36.199539899900003 ], [ -115.3017045, 36.1995371999 ], [ -115.3017153, 36.1995371999 ], [ -115.3017153, 36.199539899900003 ], [ -115.3017288, 36.199539899900003 ], [ -115.3017288, 36.199542599899999 ], [ -115.3017315, 36.199542599899999 ], [ -115.3017315, 36.199550699900001 ], [ -115.3017288, 36.199550699900001 ], [ -115.3017288, 36.199569599900002 ], [ -115.3017315, 36.199569599900002 ], [ -115.3017315, 36.199572299899998 ], [ -115.3017342, 36.199572299899998 ], [ -115.3017342, 36.199574999900001 ], [ -115.3017369, 36.199574999900001 ], [ -115.3017369, 36.199626299899997 ], [ -115.3017342, 36.199626299899997 ], [ -115.3017342, 36.199631699900003 ], [ -115.3017288, 36.199631699900003 ], [ -115.3017288, 36.199634399899999 ], [ -115.3017153, 36.199634399899999 ], [ -115.3017153, 36.199637099900002 ], [ -115.3017072, 36.199637099900002 ], [ -115.3017072, 36.199639799899998 ], [ -115.3017045, 36.199639799899998 ], [ -115.3017045, 36.199642499900001 ], [ -115.3017018, 36.199642499900001 ], [ -115.3017018, 36.1996478999 ], [ -115.3017045, 36.1996478999 ], [ -115.3017045, 36.199650599899996 ], [ -115.3017018, 36.199650599899996 ], [ -115.3017018, 36.1996532999 ], [ -115.3016991, 36.1996532999 ], [ -115.3016991, 36.199655999900003 ] ] ] } },
{ "type": "Feature", "properties": { "value": 255.0 }, "geometry": { "type": "Polygon", "coordinates": [ [ [ -115.3009755, 36.199547999899998 ], [ -115.3009593, 36.199547999899998 ], [ -115.3009593, 36.199545299900002 ], [ -115.3009539, 36.199545299900002 ], [ -115.3009539, 36.199542599899999 ], [ -115.3009512, 36.199542599899999 ], [ -115.3009512, 36.199504799899998 ], [ -115.3009485, 36.199504799899998 ], [ -115.3009485, 36.199480499899998 ], [ -115.3009458, 36.199480499899998 ], [ -115.3009458, 36.199439999900001 ], [ -115.3009431, 36.199439999900001 ], [ -115.3009431, 36.199431899899999 ], [ -115.3009458, 36.199431899899999 ], [ -115.3009458, 36.199429199900003 ], [ -115.3009485, 36.199429199900003 ], [ -115.3009485, 36.199426499899999 ], [ -115.3009917, 36.199426499899999 ], [ -115.3009917, 36.199429199900003 ], [ -115.3010592, 36.199429199900003 ], [ -115.3010592, 36.199426499899999 ], [ -115.30107, 36.199426499899999 ], [ -115.30107, 36.199429199900003 ], [ -115.3010808, 36.199429199900003 ], [ -115.3010808, 36.199431899899999 ], [ -115.3010835, 36.199431899899999 ], [ -115.3010835, 36.199434599900002 ], [ -115.3010862, 36.199434599900002 ], [ -115.3010862, 36.199442699899997 ], [ -115.3010835, 36.199442699899997 ], [ -115.3010835, 36.199453499900002 ], [ -115.3010808, 36.199453499900002 ], [ -115.3010808, 36.199502099900002 ], [ -115.3010835, 36.199502099900002 ], [ -115.3010835, 36.199507499900001 ], [ -115.3010862, 36.199507499900001 ], [ -115.3010862, 36.1995128999 ], [ -115.3010889, 36.1995128999 ], [ -115.3010889, 36.199520999900002 ], [ -115.3010916, 36.199520999900002 ], [ -115.3010916, 36.199531799900001 ], [ -115.3010889, 36.199531799900001 ], [ -115.3010889, 36.1995371999 ], [ -115.3010862, 36.1995371999 ], [ -115.3010862, 36.199539899900003 ], [ -115.3010835, 36.199539899900003 ], [ -115.3010835, 36.199542599899999 ], [ -115.3010673, 36.199542599899999 ], [ -115.3010673, 36.199545299900002 ], [ -115.3010565, 36.199545299900002 ], [ -115.3010565, 36.199542599899999 ], [ -115.3010241, 36.199542599899999 ], [ -115.3010241, 36.199545299900002 ], [ -115.3009755, 36.199545299900002 ], [ -115.3009755, 36.199547999899998 ] ] ] } },
{ "type": "Feature", "properties": { "value": 255.0 }, "geometry": { "type": "Polygon", "coordinates": [ [ [ -115.3022067, 36.1995128999 ], [ -115.3021662, 36.1995128999 ], [ -115.3021662, 36.199510199899997 ], [ -115.3021635, 36.199510199899997 ], [ -115.3021635, 36.199429199900003 ], [ -115.3021662, 36.199429199900003 ], [ -115.3021662, 36.199410299900002 ], [ -115.3021689, 36.199410299900002 ], [ -115.3021689, 36.199407599899999 ], [ -115.3021743, 36.199407599899999 ], [ -115.3021743, 36.199404899900003 ], [ -115.3022013, 36.199404899900003 ], [ -115.3022013, 36.1994021999 ], [ -115.3022499, 36.1994021999 ], [ -115.3022499, 36.199399499900004 ], [ -115.3022526, 36.199399499900004 ], [ -115.3022526, 36.199504799899998 ], [ -115.3022256, 36.199504799899998 ], [ -115.3022256, 36.199507499900001 ], [ -115.3022175, 36.199507499900001 ], [ -115.3022175, 36.199510199899997 ], [ -115.3022067, 36.199510199899997 ], [ -115.3022067, 36.1995128999 ] ] ] } },
{ "type": "Feature", "properties": { "value": 255.0 }, "geometry": { "type": "Polygon", "coordinates": [ [ [ -115.3017207, 36.1995128999 ], [ -115.3015965, 36.1995128999 ], [ -115.3015965, 36.199510199899997 ], [ -115.3015938, 36.199510199899997 ], [ -115.3015938, 36.199507499900001 ], [ -115.3015911, 36.199507499900001 ], [ -115.3015911, 36.1994885999 ], [ -115.3015884, 36.1994885999 ], [ -115.3015884, 36.199477799900002 ], [ -115.301583, 36.199477799900002 ], [ -115.301583, 36.199475099899999 ], [ -115.3015722, 36.199475099899999 ], [ -115.3015722, 36.199472399900003 ], [ -115.3015695, 36.199472399900003 ], [ -115.3015695, 36.1994696999 ], [ -115.3015668, 36.1994696999 ], [ -115.3015668, 36.199466999899997 ], [ -115.3015641, 36.199466999899997 ], [ -115.3015641, 36.199464299900001 ], [ -115.3015614, 36.199464299900001 ], [ -115.3015614, 36.199458899900002 ], [ -115.3015587, 36.199458899900002 ], [ -115.3015587, 36.199450799899999 ], [ -115.3015614, 36.199450799899999 ], [ -115.3015614, 36.199439999900001 ], [ -115.3015641, 36.199439999900001 ], [ -115.3015641, 36.199437299899998 ], [ -115.3015668, 36.199437299899998 ], [ -115.3015668, 36.199434599900002 ], [ -115.3015695, 36.199434599900002 ], [ -115.3015695, 36.199431899899999 ], [ -115.3015803, 36.199431899899999 ], [ -115.3015803, 36.199429199900003 ], [ -115.301583, 36.199429199900003 ], [ -115.301583, 36.199426499899999 ], [ -115.3015857, 36.199426499899999 ], [ -115.3015857, 36.1994210999 ], [ -115.3015884, 36.1994210999 ], [ -115.3015884, 36.199410299900002 ], [ -115.3015857, 36.199410299900002 ], [ -115.3015857, 36.199404899900003 ], [ -115.3015884, 36.199404899900003 ], [ -115.3015884, 36.199399499900004 ], [ -115.3015938, 36.199399499900004 ], [ -115.3015938, 36.199396799900001 ], [ -115.3016046, 36.199396799900001 ], [ -115.3016046, 36.199394099899997 ], [ -115.3016235, 36.199394099899997 ], [ -115.3016235, 36.199396799900001 ], [ -115.3016748, 36.199396799900001 ], [ -115.3016748, 36.199394099899997 ], [ -115.3017234, 36.199394099899997 ], [ -115.3017234, 36.199396799900001 ], [ -115.3017261, 36.199396799900001 ], [ -115.3017261, 36.199399499900004 ], [ -115.3017288, 36.199399499900004 ], [ -115.3017288, 36.1994210999 ], [ -115.3017315, 36.1994210999 ], [ -115.3017315, 36.199423799900003 ], [ -115.3017342, 36.199423799900003 ], [ -115.3017342, 36.199429199900003 ], [ -115.3017369, 36.199429199900003 ], [ -115.3017369, 36.199477799900002 ], [ -115.3017396, 36.199477799900002 ], [ -115.3017396, 36.1994939999 ], [ -115.3017423, 36.1994939999 ], [ -115.3017423, 36.199504799899998 ], [ -115.3017396, 36.199504799899998 ], [ -115.3017396, 36.199507499900001 ], [ -115.3017369, 36.199507499900001 ], [ -115.3017369, 36.199510199899997 ], [ -115.3017207, 36.199510199899997 ], [ -115.3017207, 36.1995128999 ] ] ] } },
{ "type": "Feature", "properties": { "value": 255.0 }, "geometry": { "type": "Polygon", "coordinates": [ [ [ -115.3014318, 36.1995128999 ], [ -115.3014264, 36.1995128999 ], [ -115.3014264, 36.199510199899997 ], [ -115.3014102, 36.199510199899997 ], [ -115.3014102, 36.199507499900001 ], [ -115.3013616, 36.199507499900001 ], [ -115.3013616, 36.199504799899998 ], [ -115.3013589, 36.199504799899998 ], [ -115.3013589, 36.199502099900002 ], [ -115.3013562, 36.199502099900002 ], [ -115.3013562, 36.199480499899998 ], [ -115.3013535, 36.199480499899998 ], [ -115.3013535, 36.199458899900002 ], [ -115.3013508, 36.199458899900002 ], [ -115.3013508, 36.199448099900003 ], [ -115.3013535, 36.199448099900003 ], [ -115.3013535, 36.199442699899997 ], [ -115.3013562, 36.199442699899997 ], [ -115.3013562, 36.199439999900001 ], [ -115.3013589, 36.199439999900001 ], [ -115.3013589, 36.199437299899998 ], [ -115.3013616, 36.199437299899998 ], [ -115.3013616, 36.199418399899997 ], [ -115.3013589, 36.199418399899997 ], [ -115.3013589, 36.199415699900001 ], [ -115.3013562, 36.199415699900001 ], [ -115.3013562, 36.199396799900001 ], [ -115.3013589, 36.199396799900001 ], [ -115.3013589, 36.199394099899997 ], [ -115.3013616, 36.199394099899997 ], [ -115.3013616, 36.199391399900001 ], [ -115.3013886, 36.199391399900001 ], [ -115.3013886, 36.199394099899997 ], [ -115.3014858, 36.199394099899997 ], [ -115.3014858, 36.199396799900001 ], [ -115.3014885, 36.199396799900001 ], [ -115.3014885, 36.1994021999 ], [ -115.3014912, 36.1994021999 ], [ -115.3014912, 36.199410299900002 ], [ -115.3014939, 36.199410299900002 ], [ -115.3014939, 36.199418399899997 ], [ -115.3014966, 36.199418399899997 ], [ -115.3014966, 36.199431899899999 ], [ -115.3014939, 36.199431899899999 ], [ -115.3014939, 36.199477799900002 ], [ -115.3014912, 36.199477799900002 ], [ -115.3014912, 36.199480499899998 ], [ -115.3014885, 36.199480499899998 ], [ -115.3014885, 36.199485899899997 ], [ -115.3014858, 36.199485899899997 ], [ -115.3014858, 36.199507499900001 ], [ -115.3014777, 36.199507499900001 ], [ -115.3014777, 36.199510199899997 ], [ -115.3014318, 36.199510199899997 ], [ -115.3014318, 36.1995128999 ] ] ] } },
{ "type": "Feature", "properties": { "value": 255.0 }, "geometry": { "type": "Polygon", "coordinates": [ [ [ -115.3021257, 36.199502099900002 ], [ -115.3021122, 36.199502099900002 ], [ -115.3021122, 36.199499399899999 ], [ -115.3021041, 36.199499399899999 ], [ -115.3021041, 36.199502099900002 ], [ -115.3020582, 36.199502099900002 ], [ -115.3020582, 36.199499399899999 ], [ -115.3019907, 36.199499399899999 ], [ -115.3019907, 36.199496699900003 ], [ -115.301988, 36.199496699900003 ], [ -115.301988, 36.1994939999 ], [ -115.3019853, 36.1994939999 ], [ -115.3019853, 36.199491299900004 ], [ -115.3019826, 36.199491299900004 ], [ -115.3019826, 36.199472399900003 ], [ -115.3019799, 36.199472399900003 ], [ -115.3019799, 36.199466999899997 ], [ -115.3019826, 36.199466999899997 ], [ -115.3019826, 36.199410299900002 ], [ -115.3019799, 36.199410299900002 ], [ -115.3019799, 36.199404899900003 ], [ -115.3019826, 36.199404899900003 ], [ -115.3019826, 36.199399499900004 ], [ -115.3019907, 36.199399499900004 ], [ -115.3019907, 36.199396799900001 ], [ -115.3020231, 36.199396799900001 ], [ -115.3020231, 36.199394099899997 ], [ -115.3020312, 36.199394099899997 ], [ -115.3020312, 36.199391399900001 ], [ -115.3020393, 36.199391399900001 ], [ -115.3020393, 36.199388699899998 ], [ -115.3020501, 36.199388699899998 ], [ -115.3020501, 36.199385999900002 ], [ -115.3020555, 36.199385999900002 ], [ -115.3020555, 36.199380599900003 ], [ -115.3020528, 36.199380599900003 ], [ -115.3020528, 36.199367099900002 ], [ -115.3020555, 36.199367099900002 ], [ -115.3020555, 36.199364399899999 ], [ -115.3020771, 36.199364399899999 ], [ -115.3020771, 36.199367099900002 ], [ -115.3020798, 36.199367099900002 ], [ -115.3020798, 36.199369799899998 ], [ -115.3020825, 36.199369799899998 ], [ -115.3020825, 36.199394099899997 ], [ -115.3020852, 36.199394099899997 ], [ -115.3020852, 36.199396799900001 ], [ -115.3020879, 36.199396799900001 ], [ -115.3020879, 36.199399499900004 ], [ -115.3020906, 36.199399499900004 ], [ -115.3020906, 36.1994021999 ], [ -115.3020987, 36.1994021999 ], [ -115.3020987, 36.199404899900003 ], [ -115.3021041, 36.199404899900003 ], [ -115.3021041, 36.199407599899999 ], [ -115.3021068, 36.199407599899999 ], [ -115.3021068, 36.199410299900002 ], [ -115.3021122, 36.199410299900002 ], [ -115.3021122, 36.199412999899998 ], [ -115.3021149, 36.199412999899998 ], [ -115.3021149, 36.199418399899997 ], [ -115.3021176, 36.199418399899997 ], [ -115.3021176, 36.199426499899999 ], [ -115.3021203, 36.199426499899999 ], [ -115.3021203, 36.199434599900002 ], [ -115.302123, 36.199434599900002 ], [ -115.302123, 36.1994453999 ], [ -115.3021257, 36.1994453999 ], [ -115.3021257, 36.199464299900001 ], [ -115.3021284, 36.199464299900001 ], [ -115.3021284, 36.199472399900003 ], [ -115.3021311, 36.199472399900003 ], [ -115.3021311, 36.199499399899999 ], [ -115.3021257, 36.199499399899999 ], [ -115.3021257, 36.199502099900002 ] ] ] } },
{ "type": "Feature", "properties": { "value": 255.0 }, "geometry": { "type": "Polygon", "coordinates": [ [ [ -115.3010619, 36.1994021999 ], [ -115.3010268, 36.1994021999 ], [ -115.3010268, 36.199399499900004 ], [ -115.3010214, 36.199399499900004 ], [ -115.3010214, 36.199396799900001 ], [ -115.3010106, 36.199396799900001 ], [ -115.3010106, 36.199394099899997 ], [ -115.3009944, 36.199394099899997 ], [ -115.3009944, 36.199391399900001 ], [ -115.3009431, 36.199391399900001 ], [ -115.3009431, 36.199388699899998 ], [ -115.3009377, 36.199388699899998 ], [ -115.3009377, 36.199383299899999 ], [ -115.300935, 36.199383299899999 ], [ -115.300935, 36.1993778999 ], [ -115.3009323, 36.1993778999 ], [ -115.3009323, 36.199367099900002 ], [ -115.3009296, 36.199367099900002 ], [ -115.3009296, 36.1993292999 ], [ -115.3009269, 36.1993292999 ], [ -115.3009269, 36.199323899900001 ], [ -115.3009296, 36.199323899900001 ], [ -115.3009296, 36.199315799899999 ], [ -115.3009323, 36.199315799899999 ], [ -115.3009323, 36.199302299899998 ], [ -115.3009296, 36.199302299899998 ], [ -115.3009296, 36.199294199900002 ], [ -115.3009323, 36.199294199900002 ], [ -115.3009323, 36.1992860999 ], [ -115.300935, 36.1992860999 ], [ -115.300935, 36.199283399900004 ], [ -115.3010268, 36.199283399900004 ], [ -115.3010268, 36.199280699900001 ], [ -115.3010565, 36.199280699900001 ], [ -115.3010565, 36.199283399900004 ], [ -115.3010592, 36.199283399900004 ], [ -115.3010592, 36.1992860999 ], [ -115.3010619, 36.1992860999 ], [ -115.3010619, 36.199313099900003 ], [ -115.3010646, 36.199313099900003 ], [ -115.3010646, 36.199396799900001 ], [ -115.3010619, 36.199396799900001 ], [ -115.3010619, 36.1994021999 ] ] ] } },
{ "type": "Feature", "properties": { "value": 255.0 }, "geometry": { "type": "Polygon", "coordinates": [ [ [ -115.3016883, 36.199369799899998 ], [ -115.3016154, 36.199369799899998 ], [ -115.3016154, 36.199367099900002 ], [ -115.3016127, 36.199367099900002 ], [ -115.3016127, 36.199364399899999 ], [ -115.30161, 36.199364399899999 ], [ -115.30161, 36.199294199900002 ], [ -115.3016073, 36.199294199900002 ], [ -115.3016073, 36.199288799900003 ], [ -115.3016046, 36.199288799900003 ], [ -115.3016046, 36.199253699899998 ], [ -115.3016073, 36.199253699899998 ], [ -115.3016073, 36.199250999900002 ], [ -115.3016127, 36.199250999900002 ], [ -115.3016127, 36.199248299899999 ], [ -115.3016343, 36.199248299899999 ], [ -115.3016343, 36.199250999900002 ], [ -115.3016883, 36.199250999900002 ], [ -115.3016883, 36.199248299899999 ], [ -115.3017234, 36.199248299899999 ], [ -115.3017234, 36.199250999900002 ], [ -115.3017261, 36.199250999900002 ], [ -115.3017261, 36.199253699899998 ], [ -115.3017288, 36.199253699899998 ], [ -115.3017288, 36.199264499900003 ], [ -115.3017315, 36.199264499900003 ], [ -115.3017315, 36.1992671999 ], [ -115.3017288, 36.1992671999 ], [ -115.3017288, 36.199277999899998 ], [ -115.3017261, 36.199277999899998 ], [ -115.3017261, 36.199299599900002 ], [ -115.3017234, 36.199299599900002 ], [ -115.3017234, 36.199302299899998 ], [ -115.301718, 36.199302299899998 ], [ -115.301718, 36.199304999900001 ], [ -115.3017153, 36.199304999900001 ], [ -115.3017153, 36.199307699900004 ], [ -115.3017126, 36.199307699900004 ], [ -115.3017126, 36.199318499900002 ], [ -115.3017153, 36.199318499900002 ], [ -115.3017153, 36.199323899900001 ], [ -115.301718, 36.199323899900001 ], [ -115.301718, 36.1993292999 ], [ -115.3017207, 36.1993292999 ], [ -115.3017207, 36.199331999900004 ], [ -115.3017234, 36.199331999900004 ], [ -115.3017234, 36.199356299900003 ], [ -115.3017207, 36.199356299900003 ], [ -115.3017207, 36.199358999899999 ], [ -115.301718, 36.199358999899999 ], [ -115.301718, 36.199361699900003 ], [ -115.3017153, 36.199361699900003 ], [ -115.3017153, 36.199364399899999 ], [ -115.3017072, 36.199364399899999 ], [ -115.3017072, 36.199367099900002 ], [ -115.3016883, 36.199367099900002 ], [ -115.3016883, 36.199369799899998 ] ] ] } },
{ "type": "Feature", "properties": { "value": 255.0 }, "geometry": { "type": "Polygon", "coordinates": [ [ [ -115.3014183, 36.199367099900002 ], [ -115.3013859, 36.199367099900002 ], [ -115.3013859, 36.199364399899999 ], [ -115.301367, 36.199364399899999 ], [ -115.301367, 36.199361699900003 ], [ -115.3013562, 36.199361699900003 ], [ -115.3013562, 36.199358999899999 ], [ -115.3013508, 36.199358999899999 ], [ -115.3013508, 36.199356299900003 ], [ -115.3013481, 36.199356299900003 ], [ -115.3013481, 36.199345499899998 ], [ -115.3013454, 36.199345499899998 ], [ -115.3013454, 36.1993292999 ], [ -115.3013481, 36.1993292999 ], [ -115.3013481, 36.199326599899997 ], [ -115.3013454, 36.199326599899997 ], [ -115.3013454, 36.199315799899999 ], [ -115.3013427, 36.199315799899999 ], [ -115.3013427, 36.199313099900003 ], [ -115.30134, 36.199313099900003 ], [ -115.30134, 36.1993103999 ], [ -115.3013373, 36.1993103999 ], [ -115.3013373, 36.199307699900004 ], [ -115.3013346, 36.199307699900004 ], [ -115.3013346, 36.199283399900004 ], [ -115.3013319, 36.199283399900004 ], [ -115.3013319, 36.199277999899998 ], [ -115.3013292, 36.199277999899998 ], [ -115.3013292, 36.199275299900002 ], [ -115.3013265, 36.199275299900002 ], [ -115.3013265, 36.199245599900003 ], [ -115.3013292, 36.199245599900003 ], [ -115.3013292, 36.1992428999 ], [ -115.3013427, 36.1992428999 ], [ -115.3013427, 36.199245599900003 ], [ -115.301394, 36.199245599900003 ], [ -115.301394, 36.199248299899999 ], [ -115.3014291, 36.199248299899999 ], [ -115.3014291, 36.199245599900003 ], [ -115.3014777, 36.199245599900003 ], [ -115.3014777, 36.199248299899999 ], [ -115.3014804, 36.199248299899999 ], [ -115.3014804, 36.199264499900003 ], [ -115.3014831, 36.199264499900003 ], [ -115.3014831, 36.199277999899998 ], [ -115.3014804, 36.199277999899998 ], [ -115.3014804, 36.1992860999 ], [ -115.3014777, 36.1992860999 ], [ -115.3014777, 36.199315799899999 ], [ -115.3014804, 36.199315799899999 ], [ -115.3014804, 36.199318499900002 ], [ -115.3014831, 36.199318499900002 ], [ -115.3014831, 36.199321199899998 ], [ -115.3014858, 36.199321199899998 ], [ -115.3014858, 36.199323899900001 ], [ -115.3014885, 36.199323899900001 ], [ -115.3014885, 36.199356299900003 ], [ -115.3014858, 36.199356299900003 ], [ -115.3014858, 36.199358999899999 ], [ -115.3014831, 36.199358999899999 ], [ -115.3014831, 36.199361699900003 ], [ -115.3014642, 36.199361699900003 ], [ -115.3014642, 36.199364399899999 ], [ -115.3014183, 36.199364399899999 ], [ -115.3014183, 36.199367099900002 ] ] ] } },
{ "type": "Feature", "properties": { "value": 255.0 }, "geometry": { "type": "Polygon", "coordinates": [ [ [ -115.3020528, 36.199315799899999 ], [ -115.3020366, 36.199315799899999 ], [ -115.3020366, 36.199313099900003 ], [ -115.301988, 36.199313099900003 ], [ -115.301988, 36.1993103999 ], [ -115.3019853, 36.1993103999 ], [ -115.3019853, 36.199307699900004 ], [ -115.3019826, 36.199307699900004 ], [ -115.3019826, 36.199299599900002 ], [ -115.3019799, 36.199299599900002 ], [ -115.3019799, 36.199291499899999 ], [ -115.3019826, 36.199291499899999 ], [ -115.3019826, 36.199232099900001 ], [ -115.3019853, 36.199232099900001 ], [ -115.3019853, 36.199226699900002 ], [ -115.301988, 36.199226699900002 ], [ -115.301988, 36.199223999899999 ], [ -115.3019934, 36.199223999899999 ], [ -115.3019934, 36.199221299900003 ], [ -115.3020015, 36.199221299900003 ], [ -115.3020015, 36.1992185999 ], [ -115.302015, 36.1992185999 ], [ -115.302015, 36.199215899900004 ], [ -115.3020231, 36.199215899900004 ], [ -115.3020231, 36.199213199900001 ], [ -115.3020285, 36.199213199900001 ], [ -115.3020285, 36.199210499899998 ], [ -115.3020366, 36.199210499899998 ], [ -115.3020366, 36.199207799900002 ], [ -115.3020447, 36.199207799900002 ], [ -115.3020447, 36.199205099899999 ], [ -115.3021149, 36.199205099899999 ], [ -115.3021149, 36.199207799900002 ], [ -115.3021257, 36.199207799900002 ], [ -115.3021257, 36.199210499899998 ], [ -115.3021284, 36.199210499899998 ], [ -115.3021284, 36.199256399900001 ], [ -115.3021257, 36.199256399900001 ], [ -115.3021257, 36.1992617999 ], [ -115.302123, 36.1992617999 ], [ -115.302123, 36.1992671999 ], [ -115.3021203, 36.1992671999 ], [ -115.3021203, 36.199275299900002 ], [ -115.3021176, 36.199275299900002 ], [ -115.3021176, 36.199288799900003 ], [ -115.3021149, 36.199288799900003 ], [ -115.3021149, 36.199307699900004 ], [ -115.3021122, 36.199307699900004 ], [ -115.3021122, 36.1993103999 ], [ -115.3021068, 36.1993103999 ], [ -115.3021068, 36.199313099900003 ], [ -115.3020906, 36.199313099900003 ], [ -115.3020906, 36.1993103999 ], [ -115.3020879, 36.1993103999 ], [ -115.3020879, 36.199313099900003 ], [ -115.3020528, 36.199313099900003 ], [ -115.3020528, 36.199315799899999 ] ] ] } },
{ "type": "Feature", "properties": { "value": 255.0 }, "geometry": { "type": "Polygon", "coordinates": [ [ [ -115.3022283, 36.199302299899998 ], [ -115.3021635, 36.199302299899998 ], [ -115.3021635, 36.199299599900002 ], [ -115.3021608, 36.199299599900002 ], [ -115.3021608, 36.199296899899998 ], [ -115.3021581, 36.199296899899998 ], [ -115.3021581, 36.199277999899998 ], [ -115.3021554, 36.199277999899998 ], [ -115.3021554, 36.199223999899999 ], [ -115.3021527, 36.199223999899999 ], [ -115.3021527, 36.199215899900004 ], [ -115.3021554, 36.199215899900004 ], [ -115.3021554, 36.199199699899999 ], [ -115.3021581, 36.199199699899999 ], [ -115.3021581, 36.1991942999 ], [ -115.3021608, 36.1991942999 ], [ -115.3021608, 36.199191599900004 ], [ -115.3021689, 36.199191599900004 ], [ -115.3021689, 36.199188899900001 ], [ -115.3021851, 36.199188899900001 ], [ -115.3021851, 36.199186199899998 ], [ -115.3022013, 36.199186199899998 ], [ -115.3022013, 36.199188899900001 ], [ -115.30220940000001, 36.199188899900001 ], [ -115.30220940000001, 36.199191599900004 ], [ -115.3022148, 36.199191599900004 ], [ -115.3022148, 36.1991942999 ], [ -115.3022175, 36.1991942999 ], [ -115.3022175, 36.199196999900003 ], [ -115.3022256, 36.199196999900003 ], [ -115.3022256, 36.199199699899999 ], [ -115.3022526, 36.199199699899999 ], [ -115.3022526, 36.199299599900002 ], [ -115.3022283, 36.199299599900002 ], [ -115.3022283, 36.199302299899998 ] ] ] } },
{ "type": "Feature", "properties": { "value": 255.0 }, "geometry": { "type": "Polygon", "coordinates": [ [ [ -115.3010349, 36.199256399900001 ], [ -115.3009863, 36.199256399900001 ], [ -115.3009863, 36.199253699899998 ], [ -115.3009485, 36.199253699899998 ], [ -115.3009485, 36.199250999900002 ], [ -115.3009458, 36.199250999900002 ], [ -115.3009458, 36.199248299899999 ], [ -115.3009431, 36.199248299899999 ], [ -115.3009431, 36.199240199900004 ], [ -115.3009404, 36.199240199900004 ], [ -115.3009404, 36.199188899900001 ], [ -115.3009431, 36.199188899900001 ], [ -115.3009431, 36.199148399900004 ], [ -115.3009458, 36.199148399900004 ], [ -115.3009458, 36.199142999899998 ], [ -115.3009485, 36.199142999899998 ], [ -115.3009485, 36.199140299900002 ], [ -115.3009539, 36.199140299900002 ], [ -115.3009539, 36.199137599899998 ], [ -115.3009647, 36.199137599899998 ], [ -115.3009647, 36.199140299900002 ], [ -115.3009917, 36.199140299900002 ], [ -115.3009917, 36.199142999899998 ], [ -115.3010484, 36.199142999899998 ], [ -115.3010484, 36.199145699900001 ], [ -115.3010592, 36.199145699900001 ], [ -115.3010592, 36.199148399900004 ], [ -115.3010619, 36.199148399900004 ], [ -115.3010619, 36.1991510999 ], [ -115.3010646, 36.1991510999 ], [ -115.3010646, 36.199167299899997 ], [ -115.3010673, 36.199167299899997 ], [ -115.3010673, 36.199186199899998 ], [ -115.3010646, 36.199186199899998 ], [ -115.3010646, 36.199191599900004 ], [ -115.3010619, 36.199191599900004 ], [ -115.3010619, 36.1991942999 ], [ -115.3010592, 36.1991942999 ], [ -115.3010592, 36.199199699899999 ], [ -115.3010565, 36.199199699899999 ], [ -115.3010565, 36.199202399900003 ], [ -115.3010592, 36.199202399900003 ], [ -115.3010592, 36.199205099899999 ], [ -115.3010619, 36.199205099899999 ], [ -115.3010619, 36.199210499899998 ], [ -115.3010673, 36.199210499899998 ], [ -115.3010673, 36.199213199900001 ], [ -115.30107, 36.199213199900001 ], [ -115.30107, 36.199240199900004 ], [ -115.3010673, 36.199240199900004 ], [ -115.3010673, 36.199245599900003 ], [ -115.3010646, 36.199245599900003 ], [ -115.3010646, 36.199248299899999 ], [ -115.3010619, 36.199248299899999 ], [ -115.3010619, 36.199250999900002 ], [ -115.3010565, 36.199250999900002 ], [ -115.3010565, 36.199253699899998 ], [ -115.3010349, 36.199253699899998 ], [ -115.3010349, 36.199256399900001 ] ] ] } },
{ "type": "Feature", "properties": { "value": 255.0 }, "geometry": { "type": "Polygon", "coordinates": [ [ [ -115.3014507, 36.199223999899999 ], [ -115.301394, 36.199223999899999 ], [ -115.301394, 36.199221299900003 ], [ -115.3013427, 36.199221299900003 ], [ -115.3013427, 36.199213199900001 ], [ -115.30134, 36.199213199900001 ], [ -115.30134, 36.199186199899998 ], [ -115.3013373, 36.199186199899998 ], [ -115.3013373, 36.199161899899998 ], [ -115.3013346, 36.199161899899998 ], [ -115.3013346, 36.199159199900002 ], [ -115.3013373, 36.199159199900002 ], [ -115.3013373, 36.1991510999 ], [ -115.30134, 36.1991510999 ], [ -115.30134, 36.199145699900001 ], [ -115.3013427, 36.199145699900001 ], [ -115.3013427, 36.199137599899998 ], [ -115.3013454, 36.199137599899998 ], [ -115.3013454, 36.199115999900002 ], [ -115.3013427, 36.199115999900002 ], [ -115.3013427, 36.199110599900003 ], [ -115.3013454, 36.199110599900003 ], [ -115.3013454, 36.1991078999 ], [ -115.3013481, 36.1991078999 ], [ -115.3013481, 36.199105199900004 ], [ -115.3013589, 36.199105199900004 ], [ -115.3013589, 36.1991078999 ], [ -115.3014048, 36.1991078999 ], [ -115.3014048, 36.199110599900003 ], [ -115.3014534, 36.199110599900003 ], [ -115.3014534, 36.1991078999 ], [ -115.3014642, 36.1991078999 ], [ -115.3014642, 36.199110599900003 ], [ -115.3014723, 36.199110599900003 ], [ -115.3014723, 36.199113299899999 ], [ -115.301475, 36.199113299899999 ], [ -115.301475, 36.199121399900001 ], [ -115.3014777, 36.199121399900001 ], [ -115.3014777, 36.199132199899999 ], [ -115.3014804, 36.199132199899999 ], [ -115.3014804, 36.199137599899998 ], [ -115.3014777, 36.199137599899998 ], [ -115.3014777, 36.199191599900004 ], [ -115.301475, 36.199191599900004 ], [ -115.301475, 36.199196999900003 ], [ -115.3014723, 36.199196999900003 ], [ -115.3014723, 36.199215899900004 ], [ -115.3014696, 36.199215899900004 ], [ -115.3014696, 36.199221299900003 ], [ -115.3014507, 36.199221299900003 ], [ -115.3014507, 36.199223999899999 ] ] ] } },
{ "type": "Feature", "properties": { "value": 255.0 }, "geometry": { "type": "Polygon", "coordinates": [ [ [ -115.3017261, 36.199223999899999 ], [ -115.3017207, 36.199223999899999 ], [ -115.3017207, 36.199221299900003 ], [ -115.3017072, 36.199221299900003 ], [ -115.3017072, 36.1992185999 ], [ -115.301691, 36.1992185999 ], [ -115.301691, 36.199215899900004 ], [ -115.3016721, 36.199215899900004 ], [ -115.3016721, 36.199213199900001 ], [ -115.3016451, 36.199213199900001 ], [ -115.3016451, 36.199210499899998 ], [ -115.3016316, 36.199210499899998 ], [ -115.3016316, 36.199207799900002 ], [ -115.30161, 36.199207799900002 ], [ -115.30161, 36.199205099899999 ], [ -115.3016019, 36.199205099899999 ], [ -115.3016019, 36.199202399900003 ], [ -115.3015992, 36.199202399900003 ], [ -115.3015992, 36.199199699899999 ], [ -115.3015965, 36.199199699899999 ], [ -115.3015965, 36.199186199899998 ], [ -115.3015992, 36.199186199899998 ], [ -115.3015992, 36.1991753999 ], [ -115.3016019, 36.1991753999 ], [ -115.3016019, 36.199164599900001 ], [ -115.3016046, 36.199164599900001 ], [ -115.3016046, 36.199156499899999 ], [ -115.3016073, 36.199156499899999 ], [ -115.3016073, 36.199145699900001 ], [ -115.30161, 36.199145699900001 ], [ -115.30161, 36.199134899900002 ], [ -115.3016127, 36.199134899900002 ], [ -115.3016127, 36.199124099900004 ], [ -115.3016154, 36.199124099900004 ], [ -115.3016154, 36.199115999900002 ], [ -115.3016181, 36.199115999900002 ], [ -115.3016181, 36.1991078999 ], [ -115.3016208, 36.1991078999 ], [ -115.3016208, 36.199094399899998 ], [ -115.3016235, 36.199094399899998 ], [ -115.3016235, 36.199086299900003 ], [ -115.3016262, 36.199086299900003 ], [ -115.3016262, 36.1990835999 ], [ -115.3016397, 36.1990835999 ], [ -115.3016397, 36.199086299900003 ], [ -115.3016532, 36.199086299900003 ], [ -115.3016532, 36.199088999899999 ], [ -115.301664, 36.199088999899999 ], [ -115.301664, 36.199091699900002 ], [ -115.3016748, 36.199091699900002 ], [ -115.3016748, 36.199094399899998 ], [ -115.3016856, 36.199094399899998 ], [ -115.3016856, 36.199097099900001 ], [ -115.301691, 36.199097099900001 ], [ -115.301691, 36.199099799900004 ], [ -115.3017018, 36.199099799900004 ], [ -115.3017018, 36.1991024999 ], [ -115.3017126, 36.1991024999 ], [ -115.3017126, 36.199105199900004 ], [ -115.3017261, 36.199105199900004 ], [ -115.3017261, 36.1991078999 ], [ -115.3017369, 36.1991078999 ], [ -115.3017369, 36.199110599900003 ], [ -115.301745, 36.199110599900003 ], [ -115.301745, 36.199113299899999 ], [ -115.3017477, 36.199113299899999 ], [ -115.3017477, 36.199115999900002 ], [ -115.3017504, 36.199115999900002 ], [ -115.3017504, 36.199124099900004 ], [ -115.3017477, 36.199124099900004 ], [ -115.3017477, 36.199137599899998 ], [ -115.301745, 36.199137599899998 ], [ -115.301745, 36.199145699900001 ], [ -115.3017423, 36.199145699900001 ], [ -115.3017423, 36.199153799900003 ], [ -115.3017396, 36.199153799900003 ], [ -115.3017396, 36.199167299899997 ], [ -115.3017369, 36.199167299899997 ], [ -115.3017369, 36.199178099900003 ], [ -115.3017342, 36.199178099900003 ], [ -115.3017342, 36.1991942999 ], [ -115.3017369, 36.1991942999 ], [ -115.3017369, 36.199213199900001 ], [ -115.3017342, 36.199213199900001 ], [ -115.3017342, 36.1992185999 ], [ -115.3017315, 36.1992185999 ], [ -115.3017315, 36.199221299900003 ], [ -115.3017261, 36.199221299900003 ], [ -115.3017261, 36.199223999899999 ] ] ] } },
{ "type": "Feature", "properties": { "value": 255.0 }, "geometry": { "type": "Polygon", "coordinates": [ [ [ -115.3010619, 36.199110599900003 ], [ -115.3009755, 36.199110599900003 ], [ -115.3009755, 36.1991078999 ], [ -115.3009728, 36.1991078999 ], [ -115.3009728, 36.199105199900004 ], [ -115.3009647, 36.199105199900004 ], [ -115.3009647, 36.1991024999 ], [ -115.300962, 36.1991024999 ], [ -115.300962, 36.199099799900004 ], [ -115.3009593, 36.199099799900004 ], [ -115.3009593, 36.199094399899998 ], [ -115.3009566, 36.199094399899998 ], [ -115.3009566, 36.199080899900004 ], [ -115.3009593, 36.199080899900004 ], [ -115.3009593, 36.1990592999 ], [ -115.300962, 36.1990592999 ], [ -115.300962, 36.199037699900003 ], [ -115.3009593, 36.199037699900003 ], [ -115.3009593, 36.199032299900004 ], [ -115.300962, 36.199032299900004 ], [ -115.300962, 36.199021499899999 ], [ -115.3009647, 36.199021499899999 ], [ -115.3009647, 36.199013399900004 ], [ -115.3009674, 36.199013399900004 ], [ -115.3009674, 36.1989917999 ], [ -115.3009728, 36.1989917999 ], [ -115.3009728, 36.198989099900004 ], [ -115.3009836, 36.198989099900004 ], [ -115.3009836, 36.1989917999 ], [ -115.3010889, 36.1989917999 ], [ -115.3010889, 36.198994499900003 ], [ -115.3010943, 36.198994499900003 ], [ -115.3010943, 36.199007999900005 ], [ -115.301097, 36.199007999900005 ], [ -115.301097, 36.199018799900003 ], [ -115.3010943, 36.199018799900003 ], [ -115.3010943, 36.199048499900002 ], [ -115.3010916, 36.199048499900002 ], [ -115.3010916, 36.1990592999 ], [ -115.3010889, 36.1990592999 ], [ -115.3010889, 36.199064699899999 ], [ -115.3010862, 36.199064699899999 ], [ -115.3010862, 36.199075499900005 ], [ -115.3010835, 36.199075499900005 ], [ -115.3010835, 36.199091699900002 ], [ -115.3010808, 36.199091699900002 ], [ -115.3010808, 36.199097099900001 ], [ -115.3010781, 36.199097099900001 ], [ -115.3010781, 36.199099799900004 ], [ -115.3010754, 36.199099799900004 ], [ -115.3010754, 36.1991024999 ], [ -115.3010727, 36.1991024999 ], [ -115.3010727, 36.199105199900004 ], [ -115.3010673, 36.199105199900004 ], [ -115.3010673, 36.1991078999 ], [ -115.3010619, 36.1991078999 ], [ -115.3010619, 36.199110599900003 ] ] ] } },
{ "type": "Feature", "properties": { "value": 255.0 }, "geometry": { "type": "Polygon", "coordinates": [ [ [ -115.3013967, 36.199080899900004 ], [ -115.3013751, 36.199080899900004 ], [ -115.3013751, 36.199078199900001 ], [ -115.3013724, 36.199078199900001 ], [ -115.3013724, 36.199070099899998 ], [ -115.3013697, 36.199070099899998 ], [ -115.3013697, 36.199029599900001 ], [ -115.301367, 36.199029599900001 ], [ -115.301367, 36.199018799900003 ], [ -115.3013643, 36.199018799900003 ], [ -115.3013643, 36.199013399900004 ], [ -115.3013616, 36.199013399900004 ], [ -115.3013616, 36.199005299900001 ], [ -115.3013589, 36.199005299900001 ], [ -115.3013589, 36.198980999900002 ], [ -115.3013616, 36.198980999900002 ], [ -115.3013616, 36.198972899899999 ], [ -115.3013643, 36.198972899899999 ], [ -115.3013643, 36.198959399899998 ], [ -115.3013697, 36.198959399899998 ], [ -115.3013697, 36.198956699900002 ], [ -115.3014534, 36.198956699900002 ], [ -115.3014534, 36.198959399899998 ], [ -115.3014912, 36.198959399899998 ], [ -115.3014912, 36.198962099900001 ], [ -115.3014966, 36.198962099900001 ], [ -115.3014966, 36.198980999900002 ], [ -115.3014993, 36.198980999900002 ], [ -115.3014993, 36.199040399899999 ], [ -115.301502, 36.199040399899999 ], [ -115.301502, 36.199053899900001 ], [ -115.3014993, 36.199053899900001 ], [ -115.3014993, 36.1990592999 ], [ -115.3014966, 36.1990592999 ], [ -115.3014966, 36.199061999900003 ], [ -115.3014831, 36.199061999900003 ], [ -115.3014831, 36.199064699899999 ], [ -115.3014561, 36.199064699899999 ], [ -115.3014561, 36.199067399900002 ], [ -115.3014399, 36.199067399900002 ], [ -115.3014399, 36.199070099899998 ], [ -115.3014291, 36.199070099899998 ], [ -115.3014291, 36.199072799900001 ], [ -115.3014237, 36.199072799900001 ], [ -115.3014237, 36.199075499900005 ], [ -115.3014156, 36.199075499900005 ], [ -115.3014156, 36.199078199900001 ], [ -115.3013967, 36.199078199900001 ], [ -115.3013967, 36.199080899900004 ] ] ] } },
{ "type": "Feature", "properties": { "value": 255.0 }, "geometry": { "type": "Polygon", "coordinates": [ [ [ -115.3017855, 36.199067399900002 ], [ -115.3017774, 36.199067399900002 ], [ -115.3017774, 36.199064699899999 ], [ -115.3017747, 36.199064699899999 ], [ -115.3017747, 36.199061999900003 ], [ -115.301772, 36.199061999900003 ], [ -115.301772, 36.1990592999 ], [ -115.3017693, 36.1990592999 ], [ -115.3017693, 36.199056599900004 ], [ -115.3017666, 36.199056599900004 ], [ -115.3017666, 36.199053899900001 ], [ -115.3017639, 36.199053899900001 ], [ -115.3017639, 36.199051199899998 ], [ -115.3017612, 36.199051199899998 ], [ -115.3017612, 36.199048499900002 ], [ -115.3017585, 36.199048499900002 ], [ -115.3017585, 36.199045799899999 ], [ -115.3017558, 36.199045799899999 ], [ -115.3017558, 36.199043099900003 ], [ -115.3017531, 36.199043099900003 ], [ -115.3017531, 36.199040399899999 ], [ -115.3017504, 36.199040399899999 ], [ -115.3017504, 36.199037699900003 ], [ -115.3017477, 36.199037699900003 ], [ -115.3017477, 36.1990349999 ], [ -115.301745, 36.1990349999 ], [ -115.301745, 36.199029599900001 ], [ -115.3017423, 36.199029599900001 ], [ -115.3017423, 36.199026899899998 ], [ -115.3017396, 36.199026899899998 ], [ -115.3017396, 36.199024199900002 ], [ -115.3017369, 36.199024199900002 ], [ -115.3017369, 36.199018799900003 ], [ -115.3017342, 36.199018799900003 ], [ -115.3017342, 36.1990160999 ], [ -115.3017315, 36.1990160999 ], [ -115.3017315, 36.199013399900004 ], [ -115.3017288, 36.199013399900004 ], [ -115.3017288, 36.199010699900001 ], [ -115.3017261, 36.199010699900001 ], [ -115.3017261, 36.199007999900005 ], [ -115.3017234, 36.199007999900005 ], [ -115.3017234, 36.199005299900001 ], [ -115.3017207, 36.199005299900001 ], [ -115.3017207, 36.199002599899998 ], [ -115.301718, 36.199002599899998 ], [ -115.301718, 36.198999899900002 ], [ -115.3017153, 36.198999899900002 ], [ -115.3017153, 36.198997199899999 ], [ -115.3017126, 36.198997199899999 ], [ -115.3017126, 36.198994499900003 ], [ -115.3017099, 36.198994499900003 ], [ -115.3017099, 36.198989099900004 ], [ -115.3017072, 36.198989099900004 ], [ -115.3017072, 36.198986399900001 ], [ -115.3017045, 36.198986399900001 ], [ -115.3017045, 36.198980999900002 ], [ -115.3017018, 36.198980999900002 ], [ -115.3017018, 36.198975599900002 ], [ -115.3017045, 36.198975599900002 ], [ -115.3017045, 36.198972899899999 ], [ -115.3017099, 36.198972899899999 ], [ -115.3017099, 36.198970199900003 ], [ -115.301718, 36.198970199900003 ], [ -115.301718, 36.1989674999 ], [ -115.3017261, 36.1989674999 ], [ -115.3017261, 36.198964799900004 ], [ -115.3017315, 36.198964799900004 ], [ -115.3017315, 36.198962099900001 ], [ -115.3017342, 36.198962099900001 ], [ -115.3017342, 36.198959399899998 ], [ -115.3017396, 36.198959399899998 ], [ -115.3017396, 36.198953999899999 ], [ -115.3017423, 36.198953999899999 ], [ -115.3017423, 36.198951299900003 ], [ -115.3017396, 36.198951299900003 ], [ -115.3017396, 36.1989485999 ], [ -115.3017369, 36.1989485999 ], [ -115.3017369, 36.198945899900004 ], [ -115.3017342, 36.198945899900004 ], [ -115.3017342, 36.1989431999 ], [ -115.3017315, 36.1989431999 ], [ -115.3017315, 36.198940499900004 ], [ -115.3017288, 36.198940499900004 ], [ -115.3017288, 36.198937799900001 ], [ -115.3017261, 36.198937799900001 ], [ -115.3017261, 36.198926999900003 ], [ -115.3017315, 36.198926999900003 ], [ -115.3017315, 36.1989242999 ], [ -115.3017396, 36.1989242999 ], [ -115.3017396, 36.198921599900004 ], [ -115.3017666, 36.198921599900004 ], [ -115.3017666, 36.1989242999 ], [ -115.301772, 36.1989242999 ], [ -115.301772, 36.198916199900005 ], [ -115.3017747, 36.198916199900005 ], [ -115.3017747, 36.198913499900002 ], [ -115.3017963, 36.198913499900002 ], [ -115.3017963, 36.198916199900005 ], [ -115.3018017, 36.198916199900005 ], [ -115.3018017, 36.198918899900001 ], [ -115.3018206, 36.198918899900001 ], [ -115.3018206, 36.198921599900004 ], [ -115.3018287, 36.198921599900004 ], [ -115.3018287, 36.1989242999 ], [ -115.3018341, 36.1989242999 ], [ -115.3018341, 36.198926999900003 ], [ -115.3018368, 36.198926999900003 ], [ -115.3018368, 36.198929699899999 ], [ -115.3018395, 36.198929699899999 ], [ -115.3018395, 36.198932399900002 ], [ -115.3018422, 36.198932399900002 ], [ -115.3018422, 36.198937799900001 ], [ -115.3018449, 36.198937799900001 ], [ -115.3018449, 36.198953999899999 ], [ -115.3018476, 36.198953999899999 ], [ -115.3018476, 36.198959399899998 ], [ -115.3018503, 36.198959399899998 ], [ -115.3018503, 36.198962099900001 ], [ -115.3018557, 36.198962099900001 ], [ -115.3018557, 36.198964799900004 ], [ -115.3018611, 36.198964799900004 ], [ -115.3018611, 36.1989674999 ], [ -115.3018638, 36.1989674999 ], [ -115.3018638, 36.198970199900003 ], [ -115.3018692, 36.198970199900003 ], [ -115.3018692, 36.198972899899999 ], [ -115.3018719, 36.198972899899999 ], [ -115.3018719, 36.198975599900002 ], [ -115.3018746, 36.198975599900002 ], [ -115.3018746, 36.198978299899998 ], [ -115.3018773, 36.198978299899998 ], [ -115.3018773, 36.198980999900002 ], [ -115.30188, 36.198980999900002 ], [ -115.30188, 36.198986399900001 ], [ -115.3018827, 36.198986399900001 ], [ -115.3018827, 36.1989917999 ], [ -115.3018854, 36.1989917999 ], [ -115.3018854, 36.198997199899999 ], [ -115.3018881, 36.198997199899999 ], [ -115.3018881, 36.199010699900001 ], [ -115.3018854, 36.199010699900001 ], [ -115.3018854, 36.199013399900004 ], [ -115.30188, 36.199013399900004 ], [ -115.30188, 36.1990160999 ], [ -115.3018719, 36.1990160999 ], [ -115.3018719, 36.199018799900003 ], [ -115.3018665, 36.199018799900003 ], [ -115.3018665, 36.199021499899999 ], [ -115.3018584, 36.199021499899999 ], [ -115.3018584, 36.199024199900002 ], [ -115.301853, 36.199024199900002 ], [ -115.301853, 36.199026899899998 ], [ -115.3018476, 36.199026899899998 ], [ -115.3018476, 36.199029599900001 ], [ -115.3018395, 36.199029599900001 ], [ -115.3018395, 36.199032299900004 ], [ -115.3018368, 36.199032299900004 ], [ -115.3018368, 36.1990349999 ], [ -115.3018314, 36.1990349999 ], [ -115.3018314, 36.199037699900003 ], [ -115.301826, 36.199037699900003 ], [ -115.301826, 36.199040399899999 ], [ -115.3018206, 36.199040399899999 ], [ -115.3018206, 36.199043099900003 ], [ -115.3018152, 36.199043099900003 ], [ -115.3018152, 36.199045799899999 ], [ -115.3018125, 36.199045799899999 ], [ -115.3018125, 36.199056599900004 ], [ -115.3018098, 36.199056599900004 ], [ -115.3018098, 36.1990592999 ], [ -115.3018071, 36.1990592999 ], [ -115.3018071, 36.199061999900003 ], [ -115.301799, 36.199061999900003 ], [ -115.301799, 36.199064699899999 ], [ -115.3017855, 36.199064699899999 ], [ -115.3017855, 36.199067399900002 ] ] ] } },
{ "type": "Feature", "properties": { "value": 255.0 }, "geometry": { "type": "Polygon", "coordinates": [ [ [ -115.3019691, 36.1989917999 ], [ -115.3019394, 36.1989917999 ], [ -115.3019394, 36.198989099900004 ], [ -115.3019367, 36.198989099900004 ], [ -115.3019367, 36.198983699900005 ], [ -115.301934, 36.198983699900005 ], [ -115.301934, 36.198978299899998 ], [ -115.3019313, 36.198978299899998 ], [ -115.3019313, 36.198975599900002 ], [ -115.3019286, 36.198975599900002 ], [ -115.3019286, 36.198972899899999 ], [ -115.3019259, 36.198972899899999 ], [ -115.3019259, 36.198953999899999 ], [ -115.3019232, 36.198953999899999 ], [ -115.3019232, 36.1989431999 ], [ -115.3019205, 36.1989431999 ], [ -115.3019205, 36.198935099899998 ], [ -115.3019232, 36.198935099899998 ], [ -115.3019232, 36.198926999900003 ], [ -115.3019259, 36.198926999900003 ], [ -115.3019259, 36.198872999900004 ], [ -115.3019286, 36.198872999900004 ], [ -115.3019286, 36.198870299900001 ], [ -115.3020231, 36.198870299900001 ], [ -115.3020231, 36.198867599900005 ], [ -115.3020285, 36.198867599900005 ], [ -115.3020285, 36.198864899900002 ], [ -115.3020582, 36.198864899900002 ], [ -115.3020582, 36.198867599900005 ], [ -115.3020636, 36.198867599900005 ], [ -115.3020636, 36.198870299900001 ], [ -115.3020663, 36.198870299900001 ], [ -115.3020663, 36.198872999900004 ], [ -115.302069, 36.198872999900004 ], [ -115.302069, 36.198878399900003 ], [ -115.3020717, 36.198878399900003 ], [ -115.3020717, 36.198894599900001 ], [ -115.3020744, 36.198894599900001 ], [ -115.3020744, 36.198918899900001 ], [ -115.3020771, 36.198918899900001 ], [ -115.3020771, 36.198962099900001 ], [ -115.3020744, 36.198962099900001 ], [ -115.3020744, 36.198972899899999 ], [ -115.302069, 36.198972899899999 ], [ -115.302069, 36.198975599900002 ], [ -115.3020528, 36.198975599900002 ], [ -115.3020528, 36.198978299899998 ], [ -115.3020501, 36.198978299899998 ], [ -115.3020501, 36.198980999900002 ], [ -115.3020258, 36.198980999900002 ], [ -115.3020258, 36.198983699900005 ], [ -115.3020015, 36.198983699900005 ], [ -115.3020015, 36.198986399900001 ], [ -115.3019799, 36.198986399900001 ], [ -115.3019799, 36.198989099900004 ], [ -115.3019691, 36.198989099900004 ], [ -115.3019691, 36.1989917999 ] ] ] } },
{ "type": "Feature", "properties": { "value": 255.0 }, "geometry": { "type": "Polygon", "coordinates": [ [ [ -115.3021392, 36.198972899899999 ], [ -115.302123, 36.198972899899999 ], [ -115.302123, 36.198970199900003 ], [ -115.3021149, 36.198970199900003 ], [ -115.3021149, 36.198964799900004 ], [ -115.3021122, 36.198964799900004 ], [ -115.3021122, 36.198910799899998 ], [ -115.3021149, 36.198910799899998 ], [ -115.3021149, 36.198891899900005 ], [ -115.3021176, 36.198891899900005 ], [ -115.3021176, 36.198883799900003 ], [ -115.3021203, 36.198883799900003 ], [ -115.3021203, 36.198878399900003 ], [ -115.3021284, 36.198878399900003 ], [ -115.3021284, 36.1988756999 ], [ -115.3021365, 36.1988756999 ], [ -115.3021365, 36.198872999900004 ], [ -115.3021419, 36.198872999900004 ], [ -115.3021419, 36.198870299900001 ], [ -115.3021608, 36.198870299900001 ], [ -115.3021608, 36.198867599900005 ], [ -115.3021905, 36.198867599900005 ], [ -115.3021905, 36.198864899900002 ], [ -115.3022175, 36.198864899900002 ], [ -115.3022175, 36.198867599900005 ], [ -115.3022337, 36.198867599900005 ], [ -115.3022337, 36.198870299900001 ], [ -115.3022526, 36.198870299900001 ], [ -115.3022526, 36.198953999899999 ], [ -115.3022472, 36.198953999899999 ], [ -115.3022472, 36.198956699900002 ], [ -115.3022391, 36.198956699900002 ], [ -115.3022391, 36.198959399899998 ], [ -115.30220940000001, 36.198959399899998 ], [ -115.30220940000001, 36.198956699900002 ], [ -115.302204, 36.198956699900002 ], [ -115.302204, 36.198953999899999 ], [ -115.3022013, 36.198953999899999 ], [ -115.3022013, 36.198951299900003 ], [ -115.3021797, 36.198951299900003 ], [ -115.3021797, 36.198953999899999 ], [ -115.3021716, 36.198953999899999 ], [ -115.3021716, 36.198956699900002 ], [ -115.3021689, 36.198956699900002 ], [ -115.3021689, 36.198962099900001 ], [ -115.3021662, 36.198962099900001 ], [ -115.3021662, 36.198964799900004 ], [ -115.3021635, 36.198964799900004 ], [ -115.3021635, 36.1989674999 ], [ -115.3021608, 36.1989674999 ], [ -115.3021608, 36.198970199900003 ], [ -115.3021392, 36.198970199900003 ], [ -115.3021392, 36.198972899899999 ] ] ] } },
{ "type": "Feature", "properties": { "value": 255.0 }, "geometry": { "type": "Polygon", "coordinates": [ [ [ -115.3010376, 36.198962099900001 ], [ -115.3010241, 36.198962099900001 ], [ -115.3010241, 36.198959399899998 ], [ -115.3009836, 36.198959399899998 ], [ -115.3009836, 36.198962099900001 ], [ -115.3009782, 36.198962099900001 ], [ -115.3009782, 36.198959399899998 ], [ -115.3009728, 36.198959399899998 ], [ -115.3009728, 36.198956699900002 ], [ -115.3009701, 36.198956699900002 ], [ -115.3009701, 36.1989485999 ], [ -115.3009674, 36.1989485999 ], [ -115.3009674, 36.198940499900004 ], [ -115.3009701, 36.198940499900004 ], [ -115.3009701, 36.198929699899999 ], [ -115.3009674, 36.198929699899999 ], [ -115.3009674, 36.198918899900001 ], [ -115.3009647, 36.198918899900001 ], [ -115.3009647, 36.198897299900004 ], [ -115.3009674, 36.198897299900004 ], [ -115.3009674, 36.198891899900005 ], [ -115.3009701, 36.198891899900005 ], [ -115.3009701, 36.198870299900001 ], [ -115.3009674, 36.198870299900001 ], [ -115.3009674, 36.198859499900003 ], [ -115.3009701, 36.198859499900003 ], [ -115.3009701, 36.198851399900001 ], [ -115.3009728, 36.198851399900001 ], [ -115.3009728, 36.198848699900005 ], [ -115.3009755, 36.198848699900005 ], [ -115.3009755, 36.198845999900001 ], [ -115.3009998, 36.198845999900001 ], [ -115.3009998, 36.198848699900005 ], [ -115.3010214, 36.198848699900005 ], [ -115.3010214, 36.198845999900001 ], [ -115.3010241, 36.198845999900001 ], [ -115.3010241, 36.198843299899998 ], [ -115.3010268, 36.198843299899998 ], [ -115.3010268, 36.198837899899999 ], [ -115.3010322, 36.198837899899999 ], [ -115.3010322, 36.198835199900003 ], [ -115.3010403, 36.198835199900003 ], [ -115.3010403, 36.198837899899999 ], [ -115.3010565, 36.198837899899999 ], [ -115.3010565, 36.198840599900002 ], [ -115.3010754, 36.198840599900002 ], [ -115.3010754, 36.198843299899998 ], [ -115.3010943, 36.198843299899998 ], [ -115.3010943, 36.198845999900001 ], [ -115.3011024, 36.198845999900001 ], [ -115.3011024, 36.198848699900005 ], [ -115.3011051, 36.198848699900005 ], [ -115.3011051, 36.198854099900004 ], [ -115.3011078, 36.198854099900004 ], [ -115.3011078, 36.198859499900003 ], [ -115.3011051, 36.198859499900003 ], [ -115.3011051, 36.198897299900004 ], [ -115.3011024, 36.198897299900004 ], [ -115.3011024, 36.198908099900002 ], [ -115.3010997, 36.198908099900002 ], [ -115.3010997, 36.198916199900005 ], [ -115.301097, 36.198916199900005 ], [ -115.301097, 36.198953999899999 ], [ -115.3010943, 36.198953999899999 ], [ -115.3010943, 36.198956699900002 ], [ -115.3010916, 36.198956699900002 ], [ -115.3010916, 36.198959399899998 ], [ -115.3010376, 36.198959399899998 ], [ -115.3010376, 36.198962099900001 ] ] ] } },
{ "type": "Feature", "properties": { "value": 255.0 }, "geometry": { "type": "Polygon", "coordinates": [ [ [ -115.3021986, 36.1988567999 ], [ -115.3021959, 36.1988567999 ], [ -115.3021959, 36.198854099900004 ], [ -115.3021932, 36.198854099900004 ], [ -115.3021932, 36.198851399900001 ], [ -115.3021905, 36.198851399900001 ], [ -115.3021905, 36.198843299899998 ], [ -115.3021986, 36.198843299899998 ], [ -115.3021986, 36.198845999900001 ], [ -115.3022013, 36.198845999900001 ], [ -115.3022013, 36.198854099900004 ], [ -115.3021986, 36.198854099900004 ], [ -115.3021986, 36.1988567999 ] ] ] } },
{ "type": "Feature", "properties": { "value": 255.0 }, "geometry": { "type": "Polygon", "coordinates": [ [ [ -115.3014912, 36.198932399900002 ], [ -115.3014804, 36.198932399900002 ], [ -115.3014804, 36.198929699899999 ], [ -115.3014723, 36.198929699899999 ], [ -115.3014723, 36.198926999900003 ], [ -115.3014669, 36.198926999900003 ], [ -115.3014669, 36.1989242999 ], [ -115.3014615, 36.1989242999 ], [ -115.3014615, 36.198921599900004 ], [ -115.3014534, 36.198921599900004 ], [ -115.3014534, 36.198918899900001 ], [ -115.301448, 36.198918899900001 ], [ -115.301448, 36.198916199900005 ], [ -115.3014426, 36.198916199900005 ], [ -115.3014426, 36.198913499900002 ], [ -115.3014372, 36.198913499900002 ], [ -115.3014372, 36.198910799899998 ], [ -115.3014318, 36.198910799899998 ], [ -115.3014318, 36.198908099900002 ], [ -115.3014264, 36.198908099900002 ], [ -115.3014264, 36.198905399899999 ], [ -115.301421, 36.198905399899999 ], [ -115.301421, 36.198902699900003 ], [ -115.3014183, 36.198902699900003 ], [ -115.3014183, 36.1988999999 ], [ -115.3014129, 36.1988999999 ], [ -115.3014129, 36.198897299900004 ], [ -115.3014102, 36.198897299900004 ], [ -115.3014102, 36.198894599900001 ], [ -115.3014048, 36.198894599900001 ], [ -115.3014048, 36.198891899900005 ], [ -115.3013994, 36.198891899900005 ], [ -115.3013994, 36.198889199900002 ], [ -115.3013967, 36.198889199900002 ], [ -115.3013967, 36.198886499899999 ], [ -115.3013913, 36.198886499899999 ], [ -115.3013913, 36.198883799900003 ], [ -115.3013886, 36.198883799900003 ], [ -115.3013886, 36.198864899900002 ], [ -115.3013913, 36.198864899900002 ], [ -115.3013913, 36.198859499900003 ], [ -115.301394, 36.198859499900003 ], [ -115.301394, 36.1988567999 ], [ -115.3013967, 36.1988567999 ], [ -115.3013967, 36.198854099900004 ], [ -115.3014021, 36.198854099900004 ], [ -115.3014021, 36.198851399900001 ], [ -115.3014102, 36.198851399900001 ], [ -115.3014102, 36.198848699900005 ], [ -115.3014129, 36.198848699900005 ], [ -115.3014129, 36.198843299899998 ], [ -115.3014156, 36.198843299899998 ], [ -115.3014156, 36.198835199900003 ], [ -115.3014183, 36.198835199900003 ], [ -115.3014183, 36.198829799900004 ], [ -115.301421, 36.198829799900004 ], [ -115.301421, 36.198824399900005 ], [ -115.3014237, 36.198824399900005 ], [ -115.3014237, 36.198821699900002 ], [ -115.3014264, 36.198821699900002 ], [ -115.3014264, 36.198818999899999 ], [ -115.3014291, 36.198818999899999 ], [ -115.3014291, 36.198816299900002 ], [ -115.3014345, 36.198816299900002 ], [ -115.3014345, 36.198813599899999 ], [ -115.3014372, 36.198813599899999 ], [ -115.3014372, 36.198810899900003 ], [ -115.3014426, 36.198810899900003 ], [ -115.3014426, 36.1988081999 ], [ -115.3014534, 36.1988081999 ], [ -115.3014534, 36.198805499900004 ], [ -115.3014966, 36.198805499900004 ], [ -115.3014966, 36.1988081999 ], [ -115.301502, 36.1988081999 ], [ -115.301502, 36.198810899900003 ], [ -115.3015074, 36.198810899900003 ], [ -115.3015074, 36.198813599899999 ], [ -115.3015101, 36.198813599899999 ], [ -115.3015101, 36.198816299900002 ], [ -115.3015155, 36.198816299900002 ], [ -115.3015155, 36.198818999899999 ], [ -115.3015236, 36.198818999899999 ], [ -115.3015236, 36.198821699900002 ], [ -115.3015317, 36.198821699900002 ], [ -115.3015317, 36.198824399900005 ], [ -115.3015371, 36.198824399900005 ], [ -115.3015371, 36.198827099900001 ], [ -115.3015425, 36.198827099900001 ], [ -115.3015425, 36.198829799900004 ], [ -115.3015452, 36.198829799900004 ], [ -115.3015452, 36.1988324999 ], [ -115.3015479, 36.1988324999 ], [ -115.3015479, 36.198864899900002 ], [ -115.3015452, 36.198864899900002 ], [ -115.3015452, 36.198867599900005 ], [ -115.3015425, 36.198867599900005 ], [ -115.3015425, 36.198870299900001 ], [ -115.3015398, 36.198870299900001 ], [ -115.3015398, 36.1988756999 ], [ -115.3015371, 36.1988756999 ], [ -115.3015371, 36.198878399900003 ], [ -115.3015344, 36.198878399900003 ], [ -115.3015344, 36.198883799900003 ], [ -115.3015317, 36.198883799900003 ], [ -115.3015317, 36.198886499899999 ], [ -115.301529, 36.198886499899999 ], [ -115.301529, 36.198891899900005 ], [ -115.3015263, 36.198891899900005 ], [ -115.3015263, 36.198894599900001 ], [ -115.3015236, 36.198894599900001 ], [ -115.3015236, 36.198897299900004 ], [ -115.3015209, 36.198897299900004 ], [ -115.3015209, 36.1988999999 ], [ -115.3015182, 36.1988999999 ], [ -115.3015182, 36.198905399899999 ], [ -115.3015155, 36.198905399899999 ], [ -115.3015155, 36.198908099900002 ], [ -115.3015128, 36.198908099900002 ], [ -115.3015128, 36.198910799899998 ], [ -115.3015101, 36.198910799899998 ], [ -115.3015101, 36.198913499900002 ], [ -115.3015074, 36.198913499900002 ], [ -115.3015074, 36.198916199900005 ], [ -115.3015047, 36.198916199900005 ], [ -115.3015047, 36.198918899900001 ], [ -115.301502, 36.198918899900001 ], [ -115.301502, 36.198921599900004 ], [ -115.3014993, 36.198921599900004 ], [ -115.3014993, 36.1989242999 ], [ -115.3014966, 36.1989242999 ], [ -115.3014966, 36.198926999900003 ], [ -115.3014939, 36.198926999900003 ], [ -115.3014939, 36.198929699899999 ], [ -115.3014912, 36.198929699899999 ], [ -115.3014912, 36.198932399900002 ] ] ] } },
{ "type": "Feature", "properties": { "value": 255.0 }, "geometry": { "type": "Polygon", "coordinates": [ [ [ -115.3018908, 36.198797399900002 ], [ -115.3018503, 36.198797399900002 ], [ -115.3018503, 36.198794699899999 ], [ -115.3017909, 36.198794699899999 ], [ -115.3017909, 36.198791999900003 ], [ -115.3017855, 36.198791999900003 ], [ -115.3017855, 36.198767699900003 ], [ -115.3017828, 36.198767699900003 ], [ -115.3017828, 36.198754199900002 ], [ -115.3017801, 36.198754199900002 ], [ -115.3017801, 36.198743399900003 ], [ -115.3017774, 36.198743399900003 ], [ -115.3017774, 36.198721799899999 ], [ -115.3017747, 36.198721799899999 ], [ -115.3017747, 36.198686699900001 ], [ -115.301772, 36.198686699900001 ], [ -115.301772, 36.198675899900003 ], [ -115.3017747, 36.198675899900003 ], [ -115.3017747, 36.1986731999 ], [ -115.3017774, 36.1986731999 ], [ -115.3017774, 36.198670499900004 ], [ -115.3017828, 36.198670499900004 ], [ -115.3017828, 36.198667799900001 ], [ -115.3018395, 36.198667799900001 ], [ -115.3018395, 36.198670499900004 ], [ -115.301853, 36.198670499900004 ], [ -115.301853, 36.1986731999 ], [ -115.3018557, 36.1986731999 ], [ -115.3018557, 36.198675899900003 ], [ -115.3018611, 36.198675899900003 ], [ -115.3018611, 36.198678599899999 ], [ -115.3018962, 36.198678599899999 ], [ -115.3018962, 36.198675899900003 ], [ -115.3019232, 36.198675899900003 ], [ -115.3019232, 36.198678599899999 ], [ -115.3019259, 36.198678599899999 ], [ -115.3019259, 36.198686699900001 ], [ -115.3019286, 36.198686699900001 ], [ -115.3019286, 36.198710999900001 ], [ -115.3019313, 36.198710999900001 ], [ -115.3019313, 36.198732599900005 ], [ -115.301934, 36.198732599900005 ], [ -115.301934, 36.198786599900004 ], [ -115.3019313, 36.198786599900004 ], [ -115.3019313, 36.1987892999 ], [ -115.3019124, 36.1987892999 ], [ -115.3019124, 36.198791999900003 ], [ -115.3018935, 36.198791999900003 ], [ -115.3018935, 36.198794699899999 ], [ -115.3018908, 36.198794699899999 ], [ -115.3018908, 36.198797399900002 ] ] ] } },
{ "type": "Feature", "properties": { "value": 255.0 }, "geometry": { "type": "Polygon", "coordinates": [ [ [ -115.3019907, 36.1987892999 ], [ -115.3019691, 36.1987892999 ], [ -115.3019691, 36.1987838999 ], [ -115.3019664, 36.1987838999 ], [ -115.3019664, 36.1987649999 ], [ -115.3019637, 36.1987649999 ], [ -115.3019637, 36.198719099900003 ], [ -115.301961, 36.198719099900003 ], [ -115.301961, 36.198708299900005 ], [ -115.3019583, 36.198708299900005 ], [ -115.3019583, 36.198702899899999 ], [ -115.3019556, 36.198702899899999 ], [ -115.3019556, 36.1986731999 ], [ -115.3019583, 36.1986731999 ], [ -115.3019583, 36.198670499900004 ], [ -115.3019934, 36.198670499900004 ], [ -115.3019934, 36.1986731999 ], [ -115.3019988, 36.1986731999 ], [ -115.3019988, 36.198675899900003 ], [ -115.3020069, 36.198675899900003 ], [ -115.3020069, 36.198678599899999 ], [ -115.3020177, 36.198678599899999 ], [ -115.3020177, 36.198681299900002 ], [ -115.3020474, 36.198681299900002 ], [ -115.3020474, 36.198678599899999 ], [ -115.3021095, 36.198678599899999 ], [ -115.3021095, 36.198681299900002 ], [ -115.3021122, 36.198681299900002 ], [ -115.3021122, 36.198729899900002 ], [ -115.3021149, 36.198729899900002 ], [ -115.3021149, 36.198759599900001 ], [ -115.3021176, 36.198759599900001 ], [ -115.3021176, 36.198767699900003 ], [ -115.3021203, 36.198767699900003 ], [ -115.3021203, 36.198770399899999 ], [ -115.3021176, 36.198770399899999 ], [ -115.3021176, 36.198775799900005 ], [ -115.3021149, 36.198775799900005 ], [ -115.3021149, 36.198778499900001 ], [ -115.3021095, 36.198778499900001 ], [ -115.3021095, 36.198781199900004 ], [ -115.3020609, 36.198781199900004 ], [ -115.3020609, 36.1987838999 ], [ -115.3020177, 36.1987838999 ], [ -115.3020177, 36.198786599900004 ], [ -115.3019907, 36.198786599900004 ], [ -115.3019907, 36.1987892999 ] ] ] } },
{ "type": "Feature", "properties": { "value": 255.0 }, "geometry": { "type": "Polygon", "coordinates": [ [ [ -115.3016262, 36.1988324999 ], [ -115.3016208, 36.1988324999 ], [ -115.3016208, 36.198829799900004 ], [ -115.3016154, 36.198829799900004 ], [ -115.3016154, 36.198827099900001 ], [ -115.3016127, 36.198827099900001 ], [ -115.3016127, 36.198824399900005 ], [ -115.30161, 36.198824399900005 ], [ -115.30161, 36.198818999899999 ], [ -115.3016073, 36.198818999899999 ], [ -115.3016073, 36.198813599899999 ], [ -115.3016046, 36.198813599899999 ], [ -115.3016046, 36.1988081999 ], [ -115.3016019, 36.1988081999 ], [ -115.3016019, 36.198805499900004 ], [ -115.3015992, 36.198805499900004 ], [ -115.3015992, 36.198802799900001 ], [ -115.3015938, 36.198802799900001 ], [ -115.3015938, 36.198800099900005 ], [ -115.3015911, 36.198800099900005 ], [ -115.3015911, 36.198797399900002 ], [ -115.3015884, 36.198797399900002 ], [ -115.3015884, 36.198791999900003 ], [ -115.3015857, 36.198791999900003 ], [ -115.3015857, 36.1987892999 ], [ -115.301583, 36.1987892999 ], [ -115.301583, 36.198786599900004 ], [ -115.3015803, 36.198786599900004 ], [ -115.3015803, 36.198781199900004 ], [ -115.3015776, 36.198781199900004 ], [ -115.3015776, 36.198775799900005 ], [ -115.3015749, 36.198775799900005 ], [ -115.3015749, 36.198773099900002 ], [ -115.3015722, 36.198773099900002 ], [ -115.3015722, 36.198767699900003 ], [ -115.3015695, 36.198767699900003 ], [ -115.3015695, 36.1987649999 ], [ -115.3015668, 36.1987649999 ], [ -115.3015668, 36.198759599900001 ], [ -115.3015641, 36.198759599900001 ], [ -115.3015641, 36.198756899900005 ], [ -115.3015614, 36.198756899900005 ], [ -115.3015614, 36.198754199900002 ], [ -115.301556, 36.198754199900002 ], [ -115.301556, 36.198751499899998 ], [ -115.3015506, 36.198751499899998 ], [ -115.3015506, 36.198743399900003 ], [ -115.3015533, 36.198743399900003 ], [ -115.3015533, 36.1987406999 ], [ -115.301556, 36.1987406999 ], [ -115.301556, 36.198737999900004 ], [ -115.3015614, 36.198737999900004 ], [ -115.3015614, 36.198735299900001 ], [ -115.3015668, 36.198735299900001 ], [ -115.3015668, 36.198732599900005 ], [ -115.3015722, 36.198732599900005 ], [ -115.3015722, 36.198729899900002 ], [ -115.3015803, 36.198729899900002 ], [ -115.3015803, 36.198727199899999 ], [ -115.3015911, 36.198727199899999 ], [ -115.3015911, 36.198724499900003 ], [ -115.3015938, 36.198724499900003 ], [ -115.3015938, 36.198721799899999 ], [ -115.3015965, 36.198721799899999 ], [ -115.3015965, 36.198719099900003 ], [ -115.3015992, 36.198719099900003 ], [ -115.3015992, 36.1987163999 ], [ -115.3016019, 36.1987163999 ], [ -115.3016019, 36.198713699900004 ], [ -115.3016046, 36.198713699900004 ], [ -115.3016046, 36.198710999900001 ], [ -115.3016073, 36.198710999900001 ], [ -115.3016073, 36.198708299900005 ], [ -115.30161, 36.198708299900005 ], [ -115.30161, 36.198705599900002 ], [ -115.3016154, 36.198705599900002 ], [ -115.3016154, 36.198702899899999 ], [ -115.3016208, 36.198702899899999 ], [ -115.3016208, 36.198700199900003 ], [ -115.3016235, 36.198700199900003 ], [ -115.3016235, 36.1986974999 ], [ -115.3016289, 36.1986974999 ], [ -115.3016289, 36.198694799900004 ], [ -115.3016316, 36.198694799900004 ], [ -115.3016316, 36.198692099900001 ], [ -115.3016343, 36.198692099900001 ], [ -115.3016343, 36.198689399900005 ], [ -115.3016397, 36.198689399900005 ], [ -115.3016397, 36.198686699900001 ], [ -115.3016451, 36.198686699900001 ], [ -115.3016451, 36.198683999900005 ], [ -115.3016559, 36.198683999900005 ], [ -115.3016559, 36.198681299900002 ], [ -115.3016721, 36.198681299900002 ], [ -115.3016721, 36.198683999900005 ], [ -115.3016775, 36.198683999900005 ], [ -115.3016775, 36.198686699900001 ], [ -115.3016829, 36.198686699900001 ], [ -115.3016829, 36.198689399900005 ], [ -115.3016856, 36.198689399900005 ], [ -115.3016856, 36.198692099900001 ], [ -115.3016883, 36.198692099900001 ], [ -115.3016883, 36.198694799900004 ], [ -115.301691, 36.198694799900004 ], [ -115.301691, 36.1986974999 ], [ -115.3016964, 36.1986974999 ], [ -115.3016964, 36.198700199900003 ], [ -115.3017288, 36.198700199900003 ], [ -115.3017288, 36.198702899899999 ], [ -115.3017315, 36.198702899899999 ], [ -115.3017315, 36.198705599900002 ], [ -115.3017342, 36.198705599900002 ], [ -115.3017342, 36.198713699900004 ], [ -115.3017369, 36.198713699900004 ], [ -115.3017369, 36.198729899900002 ], [ -115.3017396, 36.198729899900002 ], [ -115.3017396, 36.1987406999 ], [ -115.3017423, 36.1987406999 ], [ -115.3017423, 36.198759599900001 ], [ -115.3017396, 36.198759599900001 ], [ -115.3017396, 36.198762299900004 ], [ -115.3017369, 36.198762299900004 ], [ -115.3017369, 36.1987649999 ], [ -115.3017342, 36.1987649999 ], [ -115.3017342, 36.198767699900003 ], [ -115.3017315, 36.198767699900003 ], [ -115.3017315, 36.198770399899999 ], [ -115.3017288, 36.198770399899999 ], [ -115.3017288, 36.198773099900002 ], [ -115.3017234, 36.198773099900002 ], [ -115.3017234, 36.198775799900005 ], [ -115.3017153, 36.198775799900005 ], [ -115.3017153, 36.198778499900001 ], [ -115.3017126, 36.198778499900001 ], [ -115.3017126, 36.198781199900004 ], [ -115.3017099, 36.198781199900004 ], [ -115.3017099, 36.1987838999 ], [ -115.3017072, 36.1987838999 ], [ -115.3017072, 36.198791999900003 ], [ -115.3017045, 36.198791999900003 ], [ -115.3017045, 36.198794699899999 ], [ -115.3017018, 36.198794699899999 ], [ -115.3017018, 36.198797399900002 ], [ -115.3016991, 36.198797399900002 ], [ -115.3016991, 36.198800099900005 ], [ -115.301691, 36.198800099900005 ], [ -115.301691, 36.198802799900001 ], [ -115.3016856, 36.198802799900001 ], [ -115.3016856, 36.198805499900004 ], [ -115.3016775, 36.198805499900004 ], [ -115.3016775, 36.1988081999 ], [ -115.3016721, 36.1988081999 ], [ -115.3016721, 36.198810899900003 ], [ -115.3016667, 36.198810899900003 ], [ -115.3016667, 36.198813599899999 ], [ -115.3016613, 36.198813599899999 ], [ -115.3016613, 36.198816299900002 ], [ -115.3016586, 36.198816299900002 ], [ -115.3016586, 36.198818999899999 ], [ -115.3016532, 36.198818999899999 ], [ -115.3016532, 36.198821699900002 ], [ -115.3016505, 36.198821699900002 ], [ -115.3016505, 36.198824399900005 ], [ -115.3016451, 36.198824399900005 ], [ -115.3016451, 36.198827099900001 ], [ -115.3016397, 36.198827099900001 ], [ -115.3016397, 36.198829799900004 ], [ -115.3016262, 36.198829799900004 ], [ -115.3016262, 36.1988324999 ] ] ] } },
{ "type": "Feature", "properties": { "value": 255.0 }, "geometry": { "type": "Polygon", "coordinates": [ [ [ -115.3021878, 36.198775799900005 ], [ -115.3021554, 36.198775799900005 ], [ -115.3021554, 36.198773099900002 ], [ -115.3021446, 36.198773099900002 ], [ -115.3021446, 36.198770399899999 ], [ -115.3021419, 36.198770399899999 ], [ -115.3021419, 36.198746099899999 ], [ -115.3021392, 36.198746099899999 ], [ -115.3021392, 36.1987163999 ], [ -115.3021365, 36.1987163999 ], [ -115.3021365, 36.1986974999 ], [ -115.3021392, 36.1986974999 ], [ -115.3021392, 36.198683999900005 ], [ -115.3021419, 36.198683999900005 ], [ -115.3021419, 36.198678599899999 ], [ -115.30215, 36.198678599899999 ], [ -115.30215, 36.198675899900003 ], [ -115.3021689, 36.198675899900003 ], [ -115.3021689, 36.1986731999 ], [ -115.3021824, 36.1986731999 ], [ -115.3021824, 36.198670499900004 ], [ -115.3022067, 36.198670499900004 ], [ -115.3022067, 36.198667799900001 ], [ -115.3022256, 36.198667799900001 ], [ -115.3022256, 36.198665099900005 ], [ -115.3022472, 36.198665099900005 ], [ -115.3022472, 36.198662399900002 ], [ -115.3022526, 36.198662399900002 ], [ -115.3022526, 36.198756899900005 ], [ -115.3022472, 36.198756899900005 ], [ -115.3022472, 36.198762299900004 ], [ -115.3022445, 36.198762299900004 ], [ -115.3022445, 36.1987649999 ], [ -115.3022418, 36.1987649999 ], [ -115.3022418, 36.198767699900003 ], [ -115.302231, 36.198767699900003 ], [ -115.302231, 36.1987649999 ], [ -115.3022067, 36.1987649999 ], [ -115.3022067, 36.198767699900003 ], [ -115.3021986, 36.198767699900003 ], [ -115.3021986, 36.198770399899999 ], [ -115.3021932, 36.198770399899999 ], [ -115.3021932, 36.198773099900002 ], [ -115.3021878, 36.198773099900002 ], [ -115.3021878, 36.198775799900005 ] ] ] } },
{ "type": "Feature", "properties": { "value": 255.0 }, "geometry": { "type": "Polygon", "coordinates": [ [ [ -115.3011267, 36.198797399900002 ], [ -115.3011132, 36.198797399900002 ], [ -115.3011132, 36.198794699899999 ], [ -115.3011024, 36.198794699899999 ], [ -115.3011024, 36.198791999900003 ], [ -115.3010916, 36.198791999900003 ], [ -115.3010916, 36.1987892999 ], [ -115.3010835, 36.1987892999 ], [ -115.3010835, 36.198786599900004 ], [ -115.3010727, 36.198786599900004 ], [ -115.3010727, 36.1987838999 ], [ -115.3010646, 36.1987838999 ], [ -115.3010646, 36.198781199900004 ], [ -115.3010592, 36.198781199900004 ], [ -115.3010592, 36.198778499900001 ], [ -115.3010538, 36.198778499900001 ], [ -115.3010538, 36.198775799900005 ], [ -115.301043, 36.198775799900005 ], [ -115.301043, 36.198773099900002 ], [ -115.3010349, 36.198773099900002 ], [ -115.3010349, 36.198770399899999 ], [ -115.3010268, 36.198770399899999 ], [ -115.3010268, 36.198767699900003 ], [ -115.3010214, 36.198767699900003 ], [ -115.3010214, 36.1987649999 ], [ -115.301016, 36.1987649999 ], [ -115.301016, 36.198762299900004 ], [ -115.3010079, 36.198762299900004 ], [ -115.3010079, 36.198759599900001 ], [ -115.3009998, 36.198759599900001 ], [ -115.3009998, 36.198756899900005 ], [ -115.3009944, 36.198756899900005 ], [ -115.3009944, 36.198754199900002 ], [ -115.300989, 36.198754199900002 ], [ -115.300989, 36.198729899900002 ], [ -115.3009917, 36.198729899900002 ], [ -115.3009917, 36.198721799899999 ], [ -115.3009944, 36.198721799899999 ], [ -115.3009944, 36.1987163999 ], [ -115.3009971, 36.1987163999 ], [ -115.3009971, 36.198713699900004 ], [ -115.3009998, 36.198713699900004 ], [ -115.3009998, 36.198710999900001 ], [ -115.3010106, 36.198710999900001 ], [ -115.3010106, 36.198708299900005 ], [ -115.301016, 36.198708299900005 ], [ -115.301016, 36.198705599900002 ], [ -115.3010187, 36.198705599900002 ], [ -115.3010187, 36.198700199900003 ], [ -115.3010214, 36.198700199900003 ], [ -115.3010214, 36.198694799900004 ], [ -115.3010241, 36.198694799900004 ], [ -115.3010241, 36.198686699900001 ], [ -115.3010268, 36.198686699900001 ], [ -115.3010268, 36.198667799900001 ], [ -115.3010295, 36.198667799900001 ], [ -115.3010295, 36.198662399900002 ], [ -115.3010322, 36.198662399900002 ], [ -115.3010322, 36.198651599900003 ], [ -115.3010349, 36.198651599900003 ], [ -115.3010349, 36.1986488999 ], [ -115.3010376, 36.1986488999 ], [ -115.3010376, 36.198646199900004 ], [ -115.3010538, 36.198646199900004 ], [ -115.3010538, 36.1986488999 ], [ -115.3010646, 36.1986488999 ], [ -115.3010646, 36.198651599900003 ], [ -115.3010727, 36.198651599900003 ], [ -115.3010727, 36.198654299899999 ], [ -115.3010808, 36.198654299899999 ], [ -115.3010808, 36.198656999900003 ], [ -115.3010889, 36.198656999900003 ], [ -115.3010889, 36.198659699900006 ], [ -115.3010943, 36.198659699900006 ], [ -115.3010943, 36.198662399900002 ], [ -115.3011024, 36.198662399900002 ], [ -115.3011024, 36.198665099900005 ], [ -115.3011078, 36.198665099900005 ], [ -115.3011078, 36.198667799900001 ], [ -115.3011132, 36.198667799900001 ], [ -115.3011132, 36.198670499900004 ], [ -115.3011186, 36.198670499900004 ], [ -115.3011186, 36.1986731999 ], [ -115.301124, 36.1986731999 ], [ -115.301124, 36.198675899900003 ], [ -115.3011321, 36.198675899900003 ], [ -115.3011321, 36.198678599899999 ], [ -115.3011375, 36.198678599899999 ], [ -115.3011375, 36.198681299900002 ], [ -115.3011456, 36.198681299900002 ], [ -115.3011456, 36.198683999900005 ], [ -115.3011537, 36.198683999900005 ], [ -115.3011537, 36.198686699900001 ], [ -115.3011591, 36.198686699900001 ], [ -115.3011591, 36.198689399900005 ], [ -115.3011618, 36.198689399900005 ], [ -115.3011618, 36.198702899899999 ], [ -115.3011591, 36.198702899899999 ], [ -115.3011591, 36.198710999900001 ], [ -115.3011564, 36.198710999900001 ], [ -115.3011564, 36.198732599900005 ], [ -115.3011537, 36.198732599900005 ], [ -115.3011537, 36.198737999900004 ], [ -115.301151, 36.198737999900004 ], [ -115.301151, 36.198743399900003 ], [ -115.3011483, 36.198743399900003 ], [ -115.3011483, 36.198751499899998 ], [ -115.3011456, 36.198751499899998 ], [ -115.3011456, 36.198756899900005 ], [ -115.3011429, 36.198756899900005 ], [ -115.3011429, 36.198759599900001 ], [ -115.3011402, 36.198759599900001 ], [ -115.3011402, 36.198762299900004 ], [ -115.3011375, 36.198762299900004 ], [ -115.3011375, 36.198767699900003 ], [ -115.3011348, 36.198767699900003 ], [ -115.3011348, 36.198770399899999 ], [ -115.3011321, 36.198770399899999 ], [ -115.3011321, 36.198791999900003 ], [ -115.3011294, 36.198791999900003 ], [ -115.3011294, 36.198794699899999 ], [ -115.3011267, 36.198794699899999 ], [ -115.3011267, 36.198797399900002 ] ] ] } },
{ "type": "Feature", "properties": { "value": 255.0 }, "geometry": { "type": "Polygon", "coordinates": [ [ [ -115.301205, 36.198665099900005 ], [ -115.3011915, 36.198665099900005 ], [ -115.3011915, 36.198662399900002 ], [ -115.3011888, 36.198662399900002 ], [ -115.3011888, 36.198659699900006 ], [ -115.3011834, 36.198659699900006 ], [ -115.3011834, 36.198656999900003 ], [ -115.3011807, 36.198656999900003 ], [ -115.3011807, 36.198654299899999 ], [ -115.301178, 36.198654299899999 ], [ -115.301178, 36.198651599900003 ], [ -115.3011753, 36.198651599900003 ], [ -115.3011753, 36.1986488999 ], [ -115.3011726, 36.1986488999 ], [ -115.3011726, 36.198646199900004 ], [ -115.3011699, 36.198646199900004 ], [ -115.3011699, 36.198643499900001 ], [ -115.3011645, 36.198643499900001 ], [ -115.3011645, 36.198640799900005 ], [ -115.3011591, 36.198640799900005 ], [ -115.3011591, 36.198638099900002 ], [ -115.3011564, 36.198638099900002 ], [ -115.3011564, 36.198635399899999 ], [ -115.301151, 36.198635399899999 ], [ -115.301151, 36.198632699900003 ], [ -115.3011483, 36.198632699900003 ], [ -115.3011483, 36.1986299999 ], [ -115.3011456, 36.1986299999 ], [ -115.3011456, 36.198627299900004 ], [ -115.3011429, 36.198627299900004 ], [ -115.3011429, 36.1986245999 ], [ -115.3011375, 36.1986245999 ], [ -115.3011375, 36.198621899900004 ], [ -115.3011348, 36.198621899900004 ], [ -115.3011348, 36.198619199900001 ], [ -115.3011294, 36.198619199900001 ], [ -115.3011294, 36.198616499900005 ], [ -115.301124, 36.198616499900005 ], [ -115.301124, 36.198613799900002 ], [ -115.3011213, 36.198613799900002 ], [ -115.3011213, 36.198611099899999 ], [ -115.3011159, 36.198611099899999 ], [ -115.3011159, 36.198608399900003 ], [ -115.3011132, 36.198608399900003 ], [ -115.3011132, 36.1986056999 ], [ -115.3011105, 36.1986056999 ], [ -115.3011105, 36.198602999900004 ], [ -115.3011078, 36.198602999900004 ], [ -115.3011078, 36.198600299900001 ], [ -115.3011051, 36.198600299900001 ], [ -115.3011051, 36.198597599900005 ], [ -115.3011024, 36.198597599900005 ], [ -115.3011024, 36.198592199900006 ], [ -115.3010997, 36.198592199900006 ], [ -115.3010997, 36.198584099900003 ], [ -115.3011024, 36.198584099900003 ], [ -115.3011024, 36.1985813999 ], [ -115.3011051, 36.1985813999 ], [ -115.3011051, 36.198578699900004 ], [ -115.3011105, 36.198578699900004 ], [ -115.3011105, 36.198575999900001 ], [ -115.3011159, 36.198575999900001 ], [ -115.3011159, 36.198573299900005 ], [ -115.3011213, 36.198573299900005 ], [ -115.3011213, 36.198570599900002 ], [ -115.3011267, 36.198570599900002 ], [ -115.3011267, 36.198567899900006 ], [ -115.3011294, 36.198567899900006 ], [ -115.3011294, 36.198565199900003 ], [ -115.3011321, 36.198565199900003 ], [ -115.3011321, 36.1985624999 ], [ -115.3011348, 36.1985624999 ], [ -115.3011348, 36.1985570999 ], [ -115.3011375, 36.1985570999 ], [ -115.3011375, 36.198554399900004 ], [ -115.3011402, 36.198554399900004 ], [ -115.3011402, 36.198551699900001 ], [ -115.3011429, 36.198551699900001 ], [ -115.3011429, 36.198548999900005 ], [ -115.3011456, 36.198548999900005 ], [ -115.3011456, 36.198546299900002 ], [ -115.3011483, 36.198546299900002 ], [ -115.3011483, 36.198543599899999 ], [ -115.301151, 36.198543599899999 ], [ -115.301151, 36.198540899900003 ], [ -115.3011537, 36.198540899900003 ], [ -115.3011537, 36.1985381999 ], [ -115.3011564, 36.1985381999 ], [ -115.3011564, 36.198535499900004 ], [ -115.3011618, 36.198535499900004 ], [ -115.3011618, 36.198532799900001 ], [ -115.3011672, 36.198532799900001 ], [ -115.3011672, 36.198530099900005 ], [ -115.3011699, 36.198530099900005 ], [ -115.3011699, 36.198527399900001 ], [ -115.3011753, 36.198527399900001 ], [ -115.3011753, 36.198521999900002 ], [ -115.301178, 36.198521999900002 ], [ -115.301178, 36.198519299899999 ], [ -115.3011807, 36.198519299899999 ], [ -115.3011807, 36.198516599900003 ], [ -115.3011834, 36.198516599900003 ], [ -115.3011834, 36.1985138999 ], [ -115.3011888, 36.1985138999 ], [ -115.3011888, 36.198511199900004 ], [ -115.3012077, 36.198511199900004 ], [ -115.3012077, 36.1985138999 ], [ -115.3012158, 36.1985138999 ], [ -115.3012158, 36.198516599900003 ], [ -115.3012185, 36.198516599900003 ], [ -115.3012185, 36.198519299899999 ], [ -115.3012212, 36.198519299899999 ], [ -115.3012212, 36.198524699900005 ], [ -115.3012239, 36.198524699900005 ], [ -115.3012239, 36.198532799900001 ], [ -115.3012266, 36.198532799900001 ], [ -115.3012266, 36.198540899900003 ], [ -115.3012293, 36.198540899900003 ], [ -115.3012293, 36.198543599899999 ], [ -115.3012374, 36.198543599899999 ], [ -115.3012374, 36.198546299900002 ], [ -115.3012428, 36.198546299900002 ], [ -115.3012428, 36.198548999900005 ], [ -115.3012455, 36.198548999900005 ], [ -115.3012455, 36.198551699900001 ], [ -115.3012509, 36.198551699900001 ], [ -115.3012509, 36.198554399900004 ], [ -115.3012563, 36.198554399900004 ], [ -115.3012563, 36.1985570999 ], [ -115.301259, 36.1985570999 ], [ -115.301259, 36.198559799900003 ], [ -115.3012644, 36.198559799900003 ], [ -115.3012644, 36.1985624999 ], [ -115.3012671, 36.1985624999 ], [ -115.3012671, 36.198565199900003 ], [ -115.3012725, 36.198565199900003 ], [ -115.3012725, 36.198567899900006 ], [ -115.3012752, 36.198567899900006 ], [ -115.3012752, 36.198570599900002 ], [ -115.3012779, 36.198570599900002 ], [ -115.3012779, 36.198573299900005 ], [ -115.3012806, 36.198573299900005 ], [ -115.3012806, 36.198575999900001 ], [ -115.3012833, 36.198575999900001 ], [ -115.3012833, 36.198578699900004 ], [ -115.301286, 36.198578699900004 ], [ -115.301286, 36.198586799899999 ], [ -115.3012833, 36.198586799899999 ], [ -115.3012833, 36.198589499900002 ], [ -115.3012806, 36.198589499900002 ], [ -115.3012806, 36.198592199900006 ], [ -115.3012779, 36.198592199900006 ], [ -115.3012779, 36.198594899900002 ], [ -115.3012752, 36.198594899900002 ], [ -115.3012752, 36.198597599900005 ], [ -115.3012698, 36.198597599900005 ], [ -115.3012698, 36.198600299900001 ], [ -115.3012671, 36.198600299900001 ], [ -115.3012671, 36.198602999900004 ], [ -115.3012644, 36.198602999900004 ], [ -115.3012644, 36.1986056999 ], [ -115.301259, 36.1986056999 ], [ -115.301259, 36.198608399900003 ], [ -115.3012563, 36.198608399900003 ], [ -115.3012563, 36.198611099899999 ], [ -115.3012536, 36.198611099899999 ], [ -115.3012536, 36.198613799900002 ], [ -115.3012509, 36.198613799900002 ], [ -115.3012509, 36.198616499900005 ], [ -115.3012482, 36.198616499900005 ], [ -115.3012482, 36.198619199900001 ], [ -115.3012455, 36.198619199900001 ], [ -115.3012455, 36.198621899900004 ], [ -115.3012428, 36.198621899900004 ], [ -115.3012428, 36.1986245999 ], [ -115.3012401, 36.1986245999 ], [ -115.3012401, 36.198627299900004 ], [ -115.3012347, 36.198627299900004 ], [ -115.3012347, 36.1986299999 ], [ -115.301232, 36.1986299999 ], [ -115.301232, 36.198632699900003 ], [ -115.3012293, 36.198632699900003 ], [ -115.3012293, 36.198638099900002 ], [ -115.3012266, 36.198638099900002 ], [ -115.3012266, 36.1986488999 ], [ -115.3012239, 36.1986488999 ], [ -115.3012239, 36.198654299899999 ], [ -115.3012212, 36.198654299899999 ], [ -115.3012212, 36.198656999900003 ], [ -115.3012185, 36.198656999900003 ], [ -115.3012185, 36.198659699900006 ], [ -115.3012131, 36.198659699900006 ], [ -115.3012131, 36.198662399900002 ], [ -115.301205, 36.198662399900002 ], [ -115.301205, 36.198665099900005 ] ] ] } },
{ "type": "Feature", "properties": { "value": 255.0 }, "geometry": { "type": "Polygon", "coordinates": [ [ [ -115.3013346, 36.1985570999 ], [ -115.3013238, 36.1985570999 ], [ -115.3013238, 36.198554399900004 ], [ -115.3013211, 36.198554399900004 ], [ -115.3013211, 36.198551699900001 ], [ -115.3013184, 36.198551699900001 ], [ -115.3013184, 36.198548999900005 ], [ -115.3013157, 36.198548999900005 ], [ -115.3013157, 36.198543599899999 ], [ -115.301313, 36.198543599899999 ], [ -115.301313, 36.198540899900003 ], [ -115.3013103, 36.198540899900003 ], [ -115.3013103, 36.198535499900004 ], [ -115.3013076, 36.198535499900004 ], [ -115.3013076, 36.198530099900005 ], [ -115.3013049, 36.198530099900005 ], [ -115.3013049, 36.198521999900002 ], [ -115.3013022, 36.198521999900002 ], [ -115.3013022, 36.1985138999 ], [ -115.3012995, 36.1985138999 ], [ -115.3012995, 36.198511199900004 ], [ -115.3012968, 36.198511199900004 ], [ -115.3012968, 36.198505799900005 ], [ -115.3012941, 36.198505799900005 ], [ -115.3012941, 36.198497699900003 ], [ -115.3014345, 36.198497699900003 ], [ -115.3014345, 36.198500399900006 ], [ -115.3014318, 36.198500399900006 ], [ -115.3014318, 36.198503099900002 ], [ -115.3014291, 36.198503099900002 ], [ -115.3014291, 36.198505799900005 ], [ -115.3014264, 36.198505799900005 ], [ -115.3014264, 36.198508499900001 ], [ -115.3014237, 36.198508499900001 ], [ -115.3014237, 36.198511199900004 ], [ -115.301421, 36.198511199900004 ], [ -115.301421, 36.198516599900003 ], [ -115.3014156, 36.198516599900003 ], [ -115.3014156, 36.198519299899999 ], [ -115.3014102, 36.198519299899999 ], [ -115.3014102, 36.198521999900002 ], [ -115.3013994, 36.198521999900002 ], [ -115.3013994, 36.198524699900005 ], [ -115.301394, 36.198524699900005 ], [ -115.301394, 36.198527399900001 ], [ -115.3013886, 36.198527399900001 ], [ -115.3013886, 36.198530099900005 ], [ -115.3013832, 36.198530099900005 ], [ -115.3013832, 36.198532799900001 ], [ -115.3013751, 36.198532799900001 ], [ -115.3013751, 36.198535499900004 ], [ -115.301367, 36.198535499900004 ], [ -115.301367, 36.1985381999 ], [ -115.3013589, 36.1985381999 ], [ -115.3013589, 36.198540899900003 ], [ -115.3013535, 36.198540899900003 ], [ -115.3013535, 36.198543599899999 ], [ -115.3013481, 36.198543599899999 ], [ -115.3013481, 36.198548999900005 ], [ -115.3013454, 36.198548999900005 ], [ -115.3013454, 36.198551699900001 ], [ -115.3013427, 36.198551699900001 ], [ -115.3013427, 36.198554399900004 ], [ -115.3013346, 36.198554399900004 ], [ -115.3013346, 36.1985570999 ] ] ] } }
]
}
