{
"type": "FeatureCollection",
"crs": { "type": "name", "properties": { "name": "urn:ogc:def:crs:OGC:1.3:CRS84" } },
"features": [
{ "type": "Feature", "properties": { "value": 255.0 }, "geometry": { "type": "Polygon", "coordinates": [ [ [ -115.2719586, 36.163397699800001 ], [ -115.2719127, 36.163397699800001 ], [ -115.2719127, 36.163394999799998 ], [ -115.2719181, 36.163394999799998 ], [ -115.2719181, 36.163392299800002 ], [ -115.2719262, 36.163392299800002 ], [ -115.2719262, 36.163389599799999 ], [ -115.2719316, 36.163389599799999 ], [ -115.2719316, 36.163386899800003 ], [ -115.2719397, 36.163386899800003 ], [ -115.2719397, 36.163384199799999 ], [ -115.2719478, 36.163384199799999 ], [ -115.2719478, 36.163381499800003 ], [ -115.2719532, 36.163381499800003 ], [ -115.2719532, 36.163384199799999 ], [ -115.2719559, 36.163384199799999 ], [ -115.2719559, 36.163386899800003 ], [ -115.2719586, 36.163386899800003 ], [ -115.2719586, 36.163397699800001 ] ] ] } },
{ "type": "Feature", "properties": { "value": 255.0 }, "geometry": { "type": "Polygon", "coordinates": [ [ [ -115.27137, 36.163397699800001 ], [ -115.2712269, 36.163397699800001 ], [ -115.2712269, 36.163394999799998 ], [ -115.2712296, 36.163394999799998 ], [ -115.2712296, 36.163389599799999 ], [ -115.2712323, 36.163389599799999 ], [ -115.2712323, 36.163386899800003 ], [ -115.271235, 36.163386899800003 ], [ -115.271235, 36.163346399799998 ], [ -115.2712377, 36.163346399799998 ], [ -115.2712377, 36.163343699800002 ], [ -115.2712404, 36.163343699800002 ], [ -115.2712404, 36.163340999799999 ], [ -115.2712485, 36.163340999799999 ], [ -115.2712485, 36.163338299800003 ], [ -115.2713052, 36.163338299800003 ], [ -115.2713052, 36.1633355998 ], [ -115.2713079, 36.1633355998 ], [ -115.2713079, 36.163319399800002 ], [ -115.271313299999989, 36.163319399800002 ], [ -115.271313299999989, 36.163316699799999 ], [ -115.2713241, 36.163316699799999 ], [ -115.2713241, 36.163313999800003 ], [ -115.2713349, 36.163313999800003 ], [ -115.2713349, 36.1633112998 ], [ -115.271343, 36.1633112998 ], [ -115.271343, 36.163308599800004 ], [ -115.2713619, 36.163308599800004 ], [ -115.2713619, 36.163343699800002 ], [ -115.2713646, 36.163343699800002 ], [ -115.2713646, 36.163349099800001 ], [ -115.2713673, 36.163349099800001 ], [ -115.2713673, 36.163357199800004 ], [ -115.27137, 36.163357199800004 ], [ -115.27137, 36.163397699800001 ] ] ] } },
{ "type": "Feature", "properties": { "value": 255.0 }, "geometry": { "type": "Polygon", "coordinates": [ [ [ -115.2722826, 36.163397699800001 ], [ -115.2721719, 36.163397699800001 ], [ -115.2721719, 36.163394999799998 ], [ -115.2721692, 36.163394999799998 ], [ -115.2721692, 36.163389599799999 ], [ -115.2721665, 36.163389599799999 ], [ -115.2721665, 36.163343699800002 ], [ -115.2721692, 36.163343699800002 ], [ -115.2721692, 36.163338299800003 ], [ -115.2721719, 36.163338299800003 ], [ -115.2721719, 36.163332899800004 ], [ -115.2721746, 36.163332899800004 ], [ -115.2721746, 36.163324799800002 ], [ -115.2721773, 36.163324799800002 ], [ -115.2721773, 36.1633112998 ], [ -115.27218, 36.1633112998 ], [ -115.27218, 36.163305899800001 ], [ -115.2721827, 36.163305899800001 ], [ -115.2721827, 36.163303199799998 ], [ -115.2721854, 36.163303199799998 ], [ -115.2721854, 36.163300499800002 ], [ -115.272207, 36.163300499800002 ], [ -115.272207, 36.163303199799998 ], [ -115.2722259, 36.163303199799998 ], [ -115.2722259, 36.163305899800001 ], [ -115.2722313, 36.163305899800001 ], [ -115.2722313, 36.163308599800004 ], [ -115.272234, 36.163308599800004 ], [ -115.272234, 36.163327499799998 ], [ -115.2722367, 36.163327499799998 ], [ -115.2722367, 36.163330199800001 ], [ -115.2723258, 36.163330199800001 ], [ -115.2723258, 36.1633355998 ], [ -115.2723285, 36.1633355998 ], [ -115.2723285, 36.163367999800002 ], [ -115.2723258, 36.163367999800002 ], [ -115.2723258, 36.163370699799998 ], [ -115.2723231, 36.163370699799998 ], [ -115.2723231, 36.163373399800001 ], [ -115.2722907, 36.163373399800001 ], [ -115.2722907, 36.163376099800004 ], [ -115.2722853, 36.163376099800004 ], [ -115.2722853, 36.1633787998 ], [ -115.2722826, 36.1633787998 ], [ -115.2722826, 36.163397699800001 ] ] ] } },
{ "type": "Feature", "properties": { "value": 255.0 }, "geometry": { "type": "Polygon", "coordinates": [ [ [ -115.2711567, 36.163397699800001 ], [ -115.2710568, 36.163397699800001 ], [ -115.2710568, 36.163376099800004 ], [ -115.2710541, 36.163376099800004 ], [ -115.2710541, 36.163370699799998 ], [ -115.2710514, 36.163370699799998 ], [ -115.2710514, 36.163362599800003 ], [ -115.2710487, 36.163362599800003 ], [ -115.2710487, 36.1633544998 ], [ -115.2710514, 36.1633544998 ], [ -115.2710514, 36.163346399799998 ], [ -115.2710541, 36.163346399799998 ], [ -115.2710541, 36.163340999799999 ], [ -115.2710568, 36.163340999799999 ], [ -115.2710568, 36.1633355998 ], [ -115.2710595, 36.1633355998 ], [ -115.2710595, 36.163316699799999 ], [ -115.271062199999989, 36.163316699799999 ], [ -115.271062199999989, 36.163313999800003 ], [ -115.2710649, 36.163313999800003 ], [ -115.2710649, 36.1633112998 ], [ -115.2710757, 36.1633112998 ], [ -115.2710757, 36.163313999800003 ], [ -115.2710892, 36.163313999800003 ], [ -115.2710892, 36.163316699799999 ], [ -115.2711, 36.163316699799999 ], [ -115.2711, 36.163319399800002 ], [ -115.2711054, 36.163319399800002 ], [ -115.2711054, 36.163322099799998 ], [ -115.2711081, 36.163322099799998 ], [ -115.2711081, 36.163327499799998 ], [ -115.2711054, 36.163327499799998 ], [ -115.2711054, 36.163332899800004 ], [ -115.2711027, 36.163332899800004 ], [ -115.2711027, 36.1633355998 ], [ -115.2711054, 36.1633355998 ], [ -115.2711054, 36.163338299800003 ], [ -115.271110799999988, 36.163338299800003 ], [ -115.271110799999988, 36.163340999799999 ], [ -115.2711324, 36.163340999799999 ], [ -115.2711324, 36.163338299800003 ], [ -115.2711594, 36.163338299800003 ], [ -115.2711594, 36.163340999799999 ], [ -115.2711648, 36.163340999799999 ], [ -115.2711648, 36.163346399799998 ], [ -115.2711675, 36.163346399799998 ], [ -115.2711675, 36.1633598998 ], [ -115.2711648, 36.1633598998 ], [ -115.2711648, 36.163367999800002 ], [ -115.2711621, 36.163367999800002 ], [ -115.2711621, 36.163373399800001 ], [ -115.2711594, 36.163373399800001 ], [ -115.2711594, 36.163376099800004 ], [ -115.2711567, 36.163376099800004 ], [ -115.2711567, 36.163392299800002 ], [ -115.271154, 36.163392299800002 ], [ -115.271154, 36.163394999799998 ], [ -115.2711567, 36.163394999799998 ], [ -115.2711567, 36.163397699800001 ] ] ] } },
{ "type": "Feature", "properties": { "value": 255.0 }, "geometry": { "type": "Polygon", "coordinates": [ [ [ -115.2719262, 36.163373399800001 ], [ -115.2718857, 36.163373399800001 ], [ -115.2718857, 36.163370699799998 ], [ -115.2718182, 36.163370699799998 ], [ -115.2718182, 36.163367999800002 ], [ -115.2717993, 36.163367999800002 ], [ -115.2717993, 36.163365299799999 ], [ -115.2717966, 36.163365299799999 ], [ -115.2717966, 36.1633598998 ], [ -115.2717939, 36.1633598998 ], [ -115.2717939, 36.163357199800004 ], [ -115.2717966, 36.163357199800004 ], [ -115.2717966, 36.163340999799999 ], [ -115.2717993, 36.163340999799999 ], [ -115.2717993, 36.1633355998 ], [ -115.271802, 36.1633355998 ], [ -115.271802, 36.163332899800004 ], [ -115.2718047, 36.163332899800004 ], [ -115.2718047, 36.163330199800001 ], [ -115.2718074, 36.163330199800001 ], [ -115.2718074, 36.163324799800002 ], [ -115.2718101, 36.163324799800002 ], [ -115.2718101, 36.163319399800002 ], [ -115.2718128, 36.163319399800002 ], [ -115.2718128, 36.1633112998 ], [ -115.2718155, 36.1633112998 ], [ -115.2718155, 36.163289699800004 ], [ -115.2718182, 36.163289699800004 ], [ -115.2718182, 36.163284299799997 ], [ -115.2718209, 36.163284299799997 ], [ -115.2718209, 36.163281599800001 ], [ -115.2718236, 36.163281599800001 ], [ -115.2718236, 36.163278899799998 ], [ -115.2718263, 36.163278899799998 ], [ -115.2718263, 36.163276199800002 ], [ -115.2718317, 36.163276199800002 ], [ -115.2718317, 36.163273499799999 ], [ -115.2718371, 36.163273499799999 ], [ -115.2718371, 36.163270799800003 ], [ -115.2718398, 36.163270799800003 ], [ -115.2718398, 36.163265399800004 ], [ -115.2718425, 36.163265399800004 ], [ -115.2718425, 36.163259999799998 ], [ -115.2718452, 36.163259999799998 ], [ -115.2718452, 36.163257299800001 ], [ -115.2718506, 36.163257299800001 ], [ -115.2718506, 36.163254599799998 ], [ -115.2718614, 36.163254599799998 ], [ -115.2718614, 36.163251899800002 ], [ -115.2718695, 36.163251899800002 ], [ -115.2718695, 36.163249199799999 ], [ -115.2718749, 36.163249199799999 ], [ -115.2718749, 36.163246499800003 ], [ -115.271883, 36.163246499800003 ], [ -115.271883, 36.1632437998 ], [ -115.2718938, 36.1632437998 ], [ -115.2718938, 36.163241099800004 ], [ -115.2718992, 36.163241099800004 ], [ -115.2718992, 36.163238399800001 ], [ -115.2719559, 36.163238399800001 ], [ -115.2719559, 36.163241099800004 ], [ -115.2719613, 36.163241099800004 ], [ -115.2719613, 36.163246499800003 ], [ -115.271964, 36.163246499800003 ], [ -115.271964, 36.163284299799997 ], [ -115.2719667, 36.163284299799997 ], [ -115.2719667, 36.1632923998 ], [ -115.2719694, 36.1632923998 ], [ -115.2719694, 36.163346399799998 ], [ -115.2719721, 36.163346399799998 ], [ -115.2719721, 36.1633598998 ], [ -115.2719694, 36.1633598998 ], [ -115.2719694, 36.163362599800003 ], [ -115.2719667, 36.163362599800003 ], [ -115.2719667, 36.163365299799999 ], [ -115.271964, 36.163365299799999 ], [ -115.271964, 36.163367999800002 ], [ -115.2719586, 36.163367999800002 ], [ -115.2719586, 36.163370699799998 ], [ -115.2719262, 36.163370699799998 ], [ -115.2719262, 36.163373399800001 ] ] ] } },
{ "type": "Feature", "properties": { "value": 255.0 }, "geometry": { "type": "Polygon", "coordinates": [ [ [ -115.2711135, 36.163297799799999 ], [ -115.2711, 36.163297799799999 ], [ -115.2711, 36.163295099800003 ], [ -115.271062199999989, 36.163295099800003 ], [ -115.271062199999989, 36.1632923998 ], [ -115.2710568, 36.1632923998 ], [ -115.2710568, 36.163289699800004 ], [ -115.2710541, 36.163289699800004 ], [ -115.2710541, 36.1632869998 ], [ -115.2710514, 36.1632869998 ], [ -115.2710514, 36.163284299799997 ], [ -115.2710487, 36.163284299799997 ], [ -115.2710487, 36.163281599800001 ], [ -115.271046, 36.163281599800001 ], [ -115.271046, 36.163276199800002 ], [ -115.271043299999988, 36.163276199800002 ], [ -115.271043299999988, 36.163265399800004 ], [ -115.271046, 36.163265399800004 ], [ -115.271046, 36.163249199799999 ], [ -115.271043299999988, 36.163249199799999 ], [ -115.271043299999988, 36.163208699800002 ], [ -115.271046, 36.163208699800002 ], [ -115.271046, 36.163205999799999 ], [ -115.2710541, 36.163205999799999 ], [ -115.2710541, 36.163203299800003 ], [ -115.2710919, 36.163203299800003 ], [ -115.2710919, 36.1632005998 ], [ -115.2711189, 36.1632005998 ], [ -115.2711189, 36.163197899800004 ], [ -115.2711351, 36.163197899800004 ], [ -115.2711351, 36.1632005998 ], [ -115.271154, 36.1632005998 ], [ -115.271154, 36.163203299800003 ], [ -115.2711594, 36.163203299800003 ], [ -115.2711594, 36.163205999799999 ], [ -115.2711621, 36.163205999799999 ], [ -115.2711621, 36.163230299799999 ], [ -115.2711648, 36.163230299799999 ], [ -115.2711648, 36.163246499800003 ], [ -115.2711675, 36.163246499800003 ], [ -115.2711675, 36.163249199799999 ], [ -115.2711729, 36.163249199799999 ], [ -115.2711729, 36.163251899800002 ], [ -115.2711756, 36.163251899800002 ], [ -115.2711756, 36.163254599799998 ], [ -115.271178299999988, 36.163254599799998 ], [ -115.271178299999988, 36.163257299800001 ], [ -115.271181, 36.163257299800001 ], [ -115.271181, 36.163259999799998 ], [ -115.2711864, 36.163259999799998 ], [ -115.2711864, 36.163262699800001 ], [ -115.271197199999989, 36.163262699800001 ], [ -115.271197199999989, 36.163265399800004 ], [ -115.2711999, 36.163265399800004 ], [ -115.2711999, 36.163284299799997 ], [ -115.271197199999989, 36.163284299799997 ], [ -115.271197199999989, 36.1632869998 ], [ -115.271181, 36.1632869998 ], [ -115.271181, 36.163289699800004 ], [ -115.2711648, 36.163289699800004 ], [ -115.2711648, 36.1632923998 ], [ -115.2711459, 36.1632923998 ], [ -115.2711459, 36.163295099800003 ], [ -115.2711135, 36.163295099800003 ], [ -115.2711135, 36.163297799799999 ] ] ] } },
{ "type": "Feature", "properties": { "value": 255.0 }, "geometry": { "type": "Polygon", "coordinates": [ [ [ -115.2713619, 36.163297799799999 ], [ -115.2713538, 36.163297799799999 ], [ -115.2713538, 36.163295099800003 ], [ -115.271332199999989, 36.163295099800003 ], [ -115.271332199999989, 36.163297799799999 ], [ -115.271289, 36.163297799799999 ], [ -115.271289, 36.163295099800003 ], [ -115.2712539, 36.163295099800003 ], [ -115.2712539, 36.1632923998 ], [ -115.2712431, 36.1632923998 ], [ -115.2712431, 36.163289699800004 ], [ -115.2712269, 36.163289699800004 ], [ -115.2712269, 36.1632869998 ], [ -115.2712242, 36.1632869998 ], [ -115.2712242, 36.163284299799997 ], [ -115.2712215, 36.163284299799997 ], [ -115.2712215, 36.1632680998 ], [ -115.2712242, 36.1632680998 ], [ -115.2712242, 36.163265399800004 ], [ -115.2712404, 36.163265399800004 ], [ -115.2712404, 36.163262699800001 ], [ -115.271245799999988, 36.163262699800001 ], [ -115.271245799999988, 36.163259999799998 ], [ -115.2712485, 36.163259999799998 ], [ -115.2712485, 36.163254599799998 ], [ -115.2712512, 36.163254599799998 ], [ -115.2712512, 36.163251899800002 ], [ -115.2712539, 36.163251899800002 ], [ -115.2712539, 36.163249199799999 ], [ -115.2712566, 36.163249199799999 ], [ -115.2712566, 36.163230299799999 ], [ -115.2712593, 36.163230299799999 ], [ -115.2712593, 36.163214099800001 ], [ -115.271262, 36.163214099800001 ], [ -115.271262, 36.163208699800002 ], [ -115.2712701, 36.163208699800002 ], [ -115.2712701, 36.163205999799999 ], [ -115.2713025, 36.163205999799999 ], [ -115.2713025, 36.163203299800003 ], [ -115.2713052, 36.163203299800003 ], [ -115.2713052, 36.1632005998 ], [ -115.2713079, 36.1632005998 ], [ -115.2713079, 36.1631762998 ], [ -115.2713106, 36.1631762998 ], [ -115.2713106, 36.163173599800004 ], [ -115.271313299999989, 36.163173599800004 ], [ -115.271313299999989, 36.163170899800001 ], [ -115.271343, 36.163170899800001 ], [ -115.271343, 36.163168199799998 ], [ -115.2713565, 36.163168199799998 ], [ -115.2713565, 36.163170899800001 ], [ -115.2713619, 36.163170899800001 ], [ -115.2713619, 36.163178999800003 ], [ -115.2713646, 36.163178999800003 ], [ -115.2713646, 36.163205999799999 ], [ -115.2713673, 36.163205999799999 ], [ -115.2713673, 36.163208699800002 ], [ -115.27137, 36.163208699800002 ], [ -115.27137, 36.163211399799998 ], [ -115.2713727, 36.163211399799998 ], [ -115.2713727, 36.1632194998 ], [ -115.2713754, 36.1632194998 ], [ -115.2713754, 36.163235699799998 ], [ -115.2713727, 36.163235699799998 ], [ -115.2713727, 36.163273499799999 ], [ -115.2713754, 36.163273499799999 ], [ -115.2713754, 36.163281599800001 ], [ -115.2713727, 36.163281599800001 ], [ -115.2713727, 36.163289699800004 ], [ -115.27137, 36.163289699800004 ], [ -115.27137, 36.1632923998 ], [ -115.2713646, 36.1632923998 ], [ -115.2713646, 36.163295099800003 ], [ -115.2713619, 36.163295099800003 ], [ -115.2713619, 36.163297799799999 ] ] ] } },
{ "type": "Feature", "properties": { "value": 255.0 }, "geometry": { "type": "Polygon", "coordinates": [ [ [ -115.2722637, 36.1632869998 ], [ -115.2721854, 36.1632869998 ], [ -115.2721854, 36.163284299799997 ], [ -115.2721773, 36.163284299799997 ], [ -115.2721773, 36.163281599800001 ], [ -115.2721719, 36.163281599800001 ], [ -115.2721719, 36.163278899799998 ], [ -115.2721692, 36.163278899799998 ], [ -115.2721692, 36.163270799800003 ], [ -115.2721665, 36.163270799800003 ], [ -115.2721665, 36.163259999799998 ], [ -115.2721692, 36.163259999799998 ], [ -115.2721692, 36.163254599799998 ], [ -115.2721719, 36.163254599799998 ], [ -115.2721719, 36.163235699799998 ], [ -115.2721692, 36.163235699799998 ], [ -115.2721692, 36.163216799799997 ], [ -115.2721719, 36.163216799799997 ], [ -115.2721719, 36.1632005998 ], [ -115.2721746, 36.1632005998 ], [ -115.2721746, 36.163192499799997 ], [ -115.2721773, 36.163192499799997 ], [ -115.2721773, 36.163162799799998 ], [ -115.27218, 36.163162799799998 ], [ -115.27218, 36.163160099800002 ], [ -115.2722313, 36.163160099800002 ], [ -115.2722313, 36.163162799799998 ], [ -115.272234, 36.163162799799998 ], [ -115.272234, 36.163189799800001 ], [ -115.2722367, 36.163189799800001 ], [ -115.2722367, 36.163197899800004 ], [ -115.2722745, 36.163197899800004 ], [ -115.2722745, 36.1632005998 ], [ -115.2723285, 36.1632005998 ], [ -115.2723285, 36.163203299800003 ], [ -115.2723312, 36.163203299800003 ], [ -115.2723312, 36.163276199800002 ], [ -115.2723285, 36.163276199800002 ], [ -115.2723285, 36.163278899799998 ], [ -115.2723258, 36.163278899799998 ], [ -115.2723258, 36.163281599800001 ], [ -115.2722907, 36.163281599800001 ], [ -115.2722907, 36.163284299799997 ], [ -115.2722637, 36.163284299799997 ], [ -115.2722637, 36.1632869998 ] ] ] } },
{ "type": "Feature", "properties": { "value": 255.0 }, "geometry": { "type": "Polygon", "coordinates": [ [ [ -115.2708219, 36.163381499800003 ], [ -115.2707409, 36.163381499800003 ], [ -115.2707409, 36.1633787998 ], [ -115.2706977, 36.1633787998 ], [ -115.2706977, 36.163376099800004 ], [ -115.2706896, 36.163376099800004 ], [ -115.2706896, 36.163373399800001 ], [ -115.2706788, 36.163373399800001 ], [ -115.2706788, 36.163370699799998 ], [ -115.270676099999989, 36.163370699799998 ], [ -115.270676099999989, 36.163362599800003 ], [ -115.2706734, 36.163362599800003 ], [ -115.2706734, 36.163343699800002 ], [ -115.270676099999989, 36.163343699800002 ], [ -115.270676099999989, 36.163340999799999 ], [ -115.2706788, 36.163340999799999 ], [ -115.2706788, 36.163338299800003 ], [ -115.2706815, 36.163338299800003 ], [ -115.2706815, 36.1633355998 ], [ -115.2706842, 36.1633355998 ], [ -115.2706842, 36.163332899800004 ], [ -115.2706869, 36.163332899800004 ], [ -115.2706869, 36.163327499799998 ], [ -115.2706896, 36.163327499799998 ], [ -115.2706896, 36.163322099799998 ], [ -115.2706923, 36.163322099799998 ], [ -115.2706923, 36.163308599800004 ], [ -115.270695, 36.163308599800004 ], [ -115.270695, 36.163273499799999 ], [ -115.2706977, 36.163273499799999 ], [ -115.2706977, 36.163265399800004 ], [ -115.2707004, 36.163265399800004 ], [ -115.2707004, 36.163254599799998 ], [ -115.2706977, 36.163254599799998 ], [ -115.2706977, 36.163246499800003 ], [ -115.270695, 36.163246499800003 ], [ -115.270695, 36.163162799799998 ], [ -115.2706977, 36.163162799799998 ], [ -115.2706977, 36.163160099800002 ], [ -115.2707031, 36.163160099800002 ], [ -115.2707031, 36.163157399799999 ], [ -115.270773299999988, 36.163157399799999 ], [ -115.270773299999988, 36.163160099800002 ], [ -115.270792199999988, 36.163160099800002 ], [ -115.270792199999988, 36.163157399799999 ], [ -115.2708273, 36.163157399799999 ], [ -115.2708273, 36.163160099800002 ], [ -115.2708354, 36.163160099800002 ], [ -115.2708354, 36.163162799799998 ], [ -115.2708381, 36.163162799799998 ], [ -115.2708381, 36.163165499800002 ], [ -115.270840799999988, 36.163165499800002 ], [ -115.270840799999988, 36.163170899800001 ], [ -115.2708435, 36.163170899800001 ], [ -115.2708435, 36.163222199800003 ], [ -115.270840799999988, 36.163222199800003 ], [ -115.270840799999988, 36.163227599800003 ], [ -115.2708381, 36.163227599800003 ], [ -115.2708381, 36.163230299799999 ], [ -115.2708354, 36.163230299799999 ], [ -115.2708354, 36.163284299799997 ], [ -115.2708381, 36.163284299799997 ], [ -115.2708381, 36.1632923998 ], [ -115.270840799999988, 36.1632923998 ], [ -115.270840799999988, 36.163297799799999 ], [ -115.2708435, 36.163297799799999 ], [ -115.2708435, 36.163324799800002 ], [ -115.2708462, 36.163324799800002 ], [ -115.2708462, 36.163332899800004 ], [ -115.2708435, 36.163332899800004 ], [ -115.2708435, 36.163367999800002 ], [ -115.270840799999988, 36.163367999800002 ], [ -115.270840799999988, 36.163373399800001 ], [ -115.2708381, 36.163373399800001 ], [ -115.2708381, 36.163376099800004 ], [ -115.2708354, 36.163376099800004 ], [ -115.2708354, 36.1633787998 ], [ -115.2708219, 36.1633787998 ], [ -115.2708219, 36.163381499800003 ] ] ] } },
{ "type": "Feature", "properties": { "value": 255.0 }, "geometry": { "type": "Polygon", "coordinates": [ [ [ -115.271650799999989, 36.163373399800001 ], [ -115.2716157, 36.163373399800001 ], [ -115.2716157, 36.163370699799998 ], [ -115.2715941, 36.163370699799998 ], [ -115.2715941, 36.163367999800002 ], [ -115.271586, 36.163367999800002 ], [ -115.271586, 36.163365299799999 ], [ -115.2715779, 36.163365299799999 ], [ -115.2715779, 36.163362599800003 ], [ -115.2715725, 36.163362599800003 ], [ -115.2715725, 36.163357199800004 ], [ -115.2715698, 36.163357199800004 ], [ -115.2715698, 36.163349099800001 ], [ -115.2715671, 36.163349099800001 ], [ -115.2715671, 36.163346399799998 ], [ -115.2715698, 36.163346399799998 ], [ -115.2715698, 36.1633112998 ], [ -115.2715725, 36.1633112998 ], [ -115.2715725, 36.163278899799998 ], [ -115.2715752, 36.163278899799998 ], [ -115.2715752, 36.1632437998 ], [ -115.2715779, 36.1632437998 ], [ -115.2715779, 36.163238399800001 ], [ -115.2715806, 36.163238399800001 ], [ -115.2715806, 36.163232999800002 ], [ -115.271583299999989, 36.163232999800002 ], [ -115.271583299999989, 36.163230299799999 ], [ -115.271586, 36.163230299799999 ], [ -115.271586, 36.163227599800003 ], [ -115.2715914, 36.163227599800003 ], [ -115.2715914, 36.163224899799999 ], [ -115.2715887, 36.163224899799999 ], [ -115.2715887, 36.163222199800003 ], [ -115.271583299999989, 36.163222199800003 ], [ -115.271583299999989, 36.1632194998 ], [ -115.2715725, 36.1632194998 ], [ -115.2715725, 36.163208699800002 ], [ -115.2715698, 36.163208699800002 ], [ -115.2715698, 36.163195199800001 ], [ -115.2715671, 36.163195199800001 ], [ -115.2715671, 36.163187099799998 ], [ -115.2715644, 36.163187099799998 ], [ -115.2715644, 36.163184399800002 ], [ -115.2715671, 36.163184399800002 ], [ -115.2715671, 36.163160099800002 ], [ -115.2715698, 36.163160099800002 ], [ -115.2715698, 36.163157399799999 ], [ -115.2715725, 36.163157399799999 ], [ -115.2715725, 36.163154699800003 ], [ -115.2715752, 36.163154699800003 ], [ -115.2715752, 36.1631519998 ], [ -115.271583299999989, 36.1631519998 ], [ -115.271583299999989, 36.163149299799997 ], [ -115.2716967, 36.163149299799997 ], [ -115.2716967, 36.163146599800001 ], [ -115.2717129, 36.163146599800001 ], [ -115.2717129, 36.163149299799997 ], [ -115.2717291, 36.163149299799997 ], [ -115.2717291, 36.1631519998 ], [ -115.2717345, 36.1631519998 ], [ -115.2717345, 36.163154699800003 ], [ -115.2717372, 36.163154699800003 ], [ -115.2717372, 36.163157399799999 ], [ -115.2717534, 36.163157399799999 ], [ -115.2717534, 36.163154699800003 ], [ -115.2717561, 36.163154699800003 ], [ -115.2717561, 36.163157399799999 ], [ -115.2717588, 36.163157399799999 ], [ -115.2717588, 36.1631762998 ], [ -115.2717561, 36.1631762998 ], [ -115.2717561, 36.163178999800003 ], [ -115.2717399, 36.163178999800003 ], [ -115.2717399, 36.163181699799999 ], [ -115.2717237, 36.163181699799999 ], [ -115.2717237, 36.163184399800002 ], [ -115.271721, 36.163184399800002 ], [ -115.271721, 36.163189799800001 ], [ -115.271718299999989, 36.163189799800001 ], [ -115.271718299999989, 36.163192499799997 ], [ -115.271721, 36.163192499799997 ], [ -115.271721, 36.163232999800002 ], [ -115.271718299999989, 36.163232999800002 ], [ -115.271718299999989, 36.163238399800001 ], [ -115.2716616, 36.163238399800001 ], [ -115.2716616, 36.163235699799998 ], [ -115.2716562, 36.163235699799998 ], [ -115.2716562, 36.163232999800002 ], [ -115.27164, 36.163232999800002 ], [ -115.27164, 36.163235699799998 ], [ -115.2716373, 36.163235699799998 ], [ -115.2716373, 36.163276199800002 ], [ -115.27164, 36.163276199800002 ], [ -115.27164, 36.163278899799998 ], [ -115.2716427, 36.163278899799998 ], [ -115.2716427, 36.163281599800001 ], [ -115.271718299999989, 36.163281599800001 ], [ -115.271718299999989, 36.163284299799997 ], [ -115.271721, 36.163284299799997 ], [ -115.271721, 36.1632869998 ], [ -115.2717237, 36.1632869998 ], [ -115.2717237, 36.163295099800003 ], [ -115.2717264, 36.163295099800003 ], [ -115.2717264, 36.163300499800002 ], [ -115.2717318, 36.163300499800002 ], [ -115.2717318, 36.163303199799998 ], [ -115.2717372, 36.163303199799998 ], [ -115.2717372, 36.163305899800001 ], [ -115.2717399, 36.163305899800001 ], [ -115.2717399, 36.163308599800004 ], [ -115.2717426, 36.163308599800004 ], [ -115.2717426, 36.163322099799998 ], [ -115.2717453, 36.163322099799998 ], [ -115.2717453, 36.163338299800003 ], [ -115.2717426, 36.163338299800003 ], [ -115.2717426, 36.163362599800003 ], [ -115.2717399, 36.163362599800003 ], [ -115.2717399, 36.163365299799999 ], [ -115.2717156, 36.163365299799999 ], [ -115.2717156, 36.163367999800002 ], [ -115.2716913, 36.163367999800002 ], [ -115.2716913, 36.163370699799998 ], [ -115.271650799999989, 36.163370699799998 ], [ -115.271650799999989, 36.163373399800001 ] ], [ [ -115.2716103, 36.163224899799999 ], [ -115.2716103, 36.163222199800003 ], [ -115.2716076, 36.163222199800003 ], [ -115.2716076, 36.163224899799999 ], [ -115.2716103, 36.163224899799999 ] ] ] } },
{ "type": "Feature", "properties": { "value": 255.0 }, "geometry": { "type": "Polygon", "coordinates": [ [ [ -115.2718587, 36.163241099800004 ], [ -115.2718317, 36.163241099800004 ], [ -115.2718317, 36.163238399800001 ], [ -115.2718263, 36.163238399800001 ], [ -115.2718263, 36.163235699799998 ], [ -115.2718236, 36.163235699799998 ], [ -115.2718236, 36.163230299799999 ], [ -115.2718209, 36.163230299799999 ], [ -115.2718209, 36.1632194998 ], [ -115.2718182, 36.1632194998 ], [ -115.2718182, 36.163181699799999 ], [ -115.2718155, 36.163181699799999 ], [ -115.2718155, 36.163162799799998 ], [ -115.2718128, 36.163162799799998 ], [ -115.2718128, 36.1631519998 ], [ -115.2718155, 36.1631519998 ], [ -115.2718155, 36.163149299799997 ], [ -115.2718209, 36.163149299799997 ], [ -115.2718209, 36.163146599800001 ], [ -115.2718587, 36.163146599800001 ], [ -115.2718587, 36.163149299799997 ], [ -115.2719073, 36.163149299799997 ], [ -115.2719073, 36.1631519998 ], [ -115.2719289, 36.1631519998 ], [ -115.2719289, 36.163149299799997 ], [ -115.2719559, 36.163149299799997 ], [ -115.2719559, 36.1631519998 ], [ -115.2719613, 36.1631519998 ], [ -115.2719613, 36.163154699800003 ], [ -115.271964, 36.163154699800003 ], [ -115.271964, 36.163157399799999 ], [ -115.2719667, 36.163157399799999 ], [ -115.2719667, 36.163162799799998 ], [ -115.2719694, 36.163162799799998 ], [ -115.2719694, 36.163168199799998 ], [ -115.2719721, 36.163168199799998 ], [ -115.2719721, 36.163173599800004 ], [ -115.2719694, 36.163173599800004 ], [ -115.2719694, 36.163214099800001 ], [ -115.2719667, 36.163214099800001 ], [ -115.2719667, 36.163216799799997 ], [ -115.2719208, 36.163216799799997 ], [ -115.2719208, 36.1632194998 ], [ -115.27191, 36.1632194998 ], [ -115.27191, 36.163222199800003 ], [ -115.2719046, 36.163222199800003 ], [ -115.2719046, 36.163224899799999 ], [ -115.2719019, 36.163224899799999 ], [ -115.2719019, 36.163227599800003 ], [ -115.2718884, 36.163227599800003 ], [ -115.2718884, 36.163230299799999 ], [ -115.271883, 36.163230299799999 ], [ -115.271883, 36.163232999800002 ], [ -115.2718803, 36.163232999800002 ], [ -115.2718803, 36.163235699799998 ], [ -115.2718722, 36.163235699799998 ], [ -115.2718722, 36.163238399800001 ], [ -115.2718587, 36.163238399800001 ], [ -115.2718587, 36.163241099800004 ] ] ] } },
{ "type": "Feature", "properties": { "value": 255.0 }, "geometry": { "type": "Polygon", "coordinates": [ [ [ -115.2722745, 36.163135799800003 ], [ -115.272261, 36.163135799800003 ], [ -115.272261, 36.1631330998 ], [ -115.2722529, 36.1631330998 ], [ -115.2722529, 36.163135799800003 ], [ -115.2722286, 36.163135799800003 ], [ -115.2722286, 36.1631330998 ], [ -115.2721746, 36.1631330998 ], [ -115.2721746, 36.163130399800004 ], [ -115.2721719, 36.163130399800004 ], [ -115.2721719, 36.1631276998 ], [ -115.2721692, 36.1631276998 ], [ -115.2721692, 36.163092599800002 ], [ -115.2721665, 36.163092599800002 ], [ -115.2721665, 36.163079099800001 ], [ -115.2721692, 36.163079099800001 ], [ -115.2721692, 36.163076399799998 ], [ -115.2721719, 36.163076399799998 ], [ -115.2721719, 36.163073699800002 ], [ -115.2721773, 36.163073699800002 ], [ -115.2721773, 36.163070999799999 ], [ -115.2721854, 36.163070999799999 ], [ -115.2721854, 36.163068299800003 ], [ -115.2722124, 36.163068299800003 ], [ -115.2722124, 36.163070999799999 ], [ -115.2722664, 36.163070999799999 ], [ -115.2722664, 36.163073699800002 ], [ -115.2722853, 36.163073699800002 ], [ -115.2722853, 36.163076399799998 ], [ -115.272288, 36.163076399799998 ], [ -115.272288, 36.163079099800001 ], [ -115.2722907, 36.163079099800001 ], [ -115.2722907, 36.163092599800002 ], [ -115.272288, 36.163092599800002 ], [ -115.272288, 36.163097999800002 ], [ -115.2722853, 36.163097999800002 ], [ -115.2722853, 36.163100699799998 ], [ -115.2722826, 36.163100699799998 ], [ -115.2722826, 36.163106099800004 ], [ -115.2722799, 36.163106099800004 ], [ -115.2722799, 36.163119599799998 ], [ -115.2722826, 36.163119599799998 ], [ -115.2722826, 36.163124999799997 ], [ -115.2722799, 36.163124999799997 ], [ -115.2722799, 36.1631330998 ], [ -115.2722745, 36.1631330998 ], [ -115.2722745, 36.163135799800003 ] ] ] } },
{ "type": "Feature", "properties": { "value": 255.0 }, "geometry": { "type": "Polygon", "coordinates": [ [ [ -115.2711513, 36.163160099800002 ], [ -115.2711, 36.163160099800002 ], [ -115.2711, 36.163157399799999 ], [ -115.2710946, 36.163157399799999 ], [ -115.2710946, 36.163154699800003 ], [ -115.2710892, 36.163154699800003 ], [ -115.2710892, 36.1631519998 ], [ -115.2710838, 36.1631519998 ], [ -115.2710838, 36.163149299799997 ], [ -115.2710703, 36.163149299799997 ], [ -115.2710703, 36.163146599800001 ], [ -115.271046, 36.163146599800001 ], [ -115.271046, 36.163143899799998 ], [ -115.271043299999988, 36.163143899799998 ], [ -115.271043299999988, 36.1631330998 ], [ -115.2710406, 36.1631330998 ], [ -115.2710406, 36.163124999799997 ], [ -115.2710379, 36.163124999799997 ], [ -115.2710379, 36.163119599799998 ], [ -115.2710352, 36.163119599799998 ], [ -115.2710352, 36.163089899799999 ], [ -115.2710379, 36.163089899799999 ], [ -115.2710379, 36.163087199800003 ], [ -115.2710406, 36.163087199800003 ], [ -115.2710406, 36.1630844998 ], [ -115.271043299999988, 36.1630844998 ], [ -115.271043299999988, 36.163081799799997 ], [ -115.271046, 36.163081799799997 ], [ -115.271046, 36.163079099800001 ], [ -115.2710541, 36.163079099800001 ], [ -115.2710541, 36.163076399799998 ], [ -115.2711081, 36.163076399799998 ], [ -115.2711081, 36.163073699800002 ], [ -115.2711135, 36.163073699800002 ], [ -115.2711135, 36.163070999799999 ], [ -115.2711216, 36.163070999799999 ], [ -115.2711216, 36.163073699800002 ], [ -115.2711432, 36.163073699800002 ], [ -115.2711432, 36.163070999799999 ], [ -115.2711459, 36.163070999799999 ], [ -115.2711459, 36.163062899800003 ], [ -115.271129699999989, 36.163062899800003 ], [ -115.271129699999989, 36.163065599799999 ], [ -115.2711216, 36.163065599799999 ], [ -115.2711216, 36.163062899800003 ], [ -115.2711189, 36.163062899800003 ], [ -115.2711189, 36.163054799800001 ], [ -115.2711162, 36.163054799800001 ], [ -115.2711162, 36.163046699799999 ], [ -115.2711189, 36.163046699799999 ], [ -115.2711189, 36.163043999800003 ], [ -115.2711216, 36.163043999800003 ], [ -115.2711216, 36.1630412998 ], [ -115.271127, 36.1630412998 ], [ -115.271127, 36.163043999800003 ], [ -115.2711378, 36.163043999800003 ], [ -115.2711378, 36.163046699799999 ], [ -115.2711405, 36.163046699799999 ], [ -115.2711405, 36.163049399800002 ], [ -115.2711432, 36.163049399800002 ], [ -115.2711432, 36.163054799800001 ], [ -115.2711567, 36.163054799800001 ], [ -115.2711567, 36.1630601998 ], [ -115.2711594, 36.1630601998 ], [ -115.2711594, 36.163073699800002 ], [ -115.2711621, 36.163073699800002 ], [ -115.2711621, 36.163076399799998 ], [ -115.2711648, 36.163076399799998 ], [ -115.2711648, 36.163081799799997 ], [ -115.2711675, 36.163081799799997 ], [ -115.2711675, 36.163097999800002 ], [ -115.2711648, 36.163097999800002 ], [ -115.2711648, 36.163106099800004 ], [ -115.2711621, 36.163106099800004 ], [ -115.2711621, 36.1631087998 ], [ -115.2711594, 36.1631087998 ], [ -115.2711594, 36.163116899800002 ], [ -115.2711567, 36.163116899800002 ], [ -115.2711567, 36.163146599800001 ], [ -115.271154, 36.163146599800001 ], [ -115.271154, 36.163157399799999 ], [ -115.2711513, 36.163157399799999 ], [ -115.2711513, 36.163160099800002 ] ] ] } },
{ "type": "Feature", "properties": { "value": 255.0 }, "geometry": { "type": "Polygon", "coordinates": [ [ [ -115.2713295, 36.163143899799998 ], [ -115.2712998, 36.163143899799998 ], [ -115.2712998, 36.163141199800002 ], [ -115.271264699999989, 36.163141199800002 ], [ -115.271264699999989, 36.163138499799999 ], [ -115.271262, 36.163138499799999 ], [ -115.271262, 36.163122299800001 ], [ -115.2712593, 36.163122299800001 ], [ -115.2712593, 36.163114199799999 ], [ -115.2712566, 36.163114199799999 ], [ -115.2712566, 36.163111499800003 ], [ -115.2712512, 36.163111499800003 ], [ -115.2712512, 36.1631087998 ], [ -115.2712485, 36.1631087998 ], [ -115.2712485, 36.163097999800002 ], [ -115.2712512, 36.163097999800002 ], [ -115.2712512, 36.163087199800003 ], [ -115.2712539, 36.163087199800003 ], [ -115.2712539, 36.163081799799997 ], [ -115.2712566, 36.163081799799997 ], [ -115.2712566, 36.163079099800001 ], [ -115.271262, 36.163079099800001 ], [ -115.271262, 36.163076399799998 ], [ -115.271264699999989, 36.163076399799998 ], [ -115.271264699999989, 36.163073699800002 ], [ -115.2712674, 36.163073699800002 ], [ -115.2712674, 36.163068299800003 ], [ -115.2712701, 36.163068299800003 ], [ -115.2712701, 36.163062899800003 ], [ -115.2712674, 36.163062899800003 ], [ -115.2712674, 36.163049399800002 ], [ -115.2712701, 36.163049399800002 ], [ -115.2712701, 36.163035899800001 ], [ -115.2712728, 36.163035899800001 ], [ -115.2712728, 36.163033199799997 ], [ -115.2712782, 36.163033199799997 ], [ -115.2712782, 36.163030499800001 ], [ -115.2713187, 36.163030499800001 ], [ -115.2713187, 36.163033199799997 ], [ -115.2713241, 36.163033199799997 ], [ -115.2713241, 36.163065599799999 ], [ -115.2713214, 36.163065599799999 ], [ -115.2713214, 36.163073699800002 ], [ -115.2713241, 36.163073699800002 ], [ -115.2713241, 36.163076399799998 ], [ -115.2713565, 36.163076399799998 ], [ -115.2713565, 36.163079099800001 ], [ -115.2713619, 36.163079099800001 ], [ -115.2713619, 36.163081799799997 ], [ -115.2713646, 36.163081799799997 ], [ -115.2713646, 36.1630844998 ], [ -115.2713673, 36.1630844998 ], [ -115.2713673, 36.163089899799999 ], [ -115.27137, 36.163089899799999 ], [ -115.27137, 36.163119599799998 ], [ -115.2713727, 36.163119599799998 ], [ -115.2713727, 36.163138499799999 ], [ -115.27137, 36.163138499799999 ], [ -115.27137, 36.163141199800002 ], [ -115.2713295, 36.163141199800002 ], [ -115.2713295, 36.163143899799998 ] ] ] } },
{ "type": "Feature", "properties": { "value": 255.0 }, "geometry": { "type": "Polygon", "coordinates": [ [ [ -115.2711945, 36.163038599800004 ], [ -115.2711756, 36.163038599800004 ], [ -115.2711756, 36.163035899800001 ], [ -115.2711729, 36.163035899800001 ], [ -115.2711729, 36.163030499800001 ], [ -115.2711756, 36.163030499800001 ], [ -115.2711756, 36.163027799799998 ], [ -115.271197199999989, 36.163027799799998 ], [ -115.271197199999989, 36.163035899800001 ], [ -115.2711945, 36.163035899800001 ], [ -115.2711945, 36.163038599800004 ] ] ] } },
{ "type": "Feature", "properties": { "value": 255.0 }, "geometry": { "type": "Polygon", "coordinates": [ [ [ -115.2711054, 36.1630169998 ], [ -115.2710973, 36.1630169998 ], [ -115.2710973, 36.163014299799997 ], [ -115.2710919, 36.163014299799997 ], [ -115.2710919, 36.163011599800001 ], [ -115.2710892, 36.163011599800001 ], [ -115.2710892, 36.163008899799998 ], [ -115.2710865, 36.163008899799998 ], [ -115.2710865, 36.163006199800002 ], [ -115.2710838, 36.163006199800002 ], [ -115.2710838, 36.163003499799999 ], [ -115.271081099999989, 36.163003499799999 ], [ -115.271081099999989, 36.162998099799999 ], [ -115.2710838, 36.162998099799999 ], [ -115.2710838, 36.162995399800003 ], [ -115.2710865, 36.162995399800003 ], [ -115.2710865, 36.1629926998 ], [ -115.2711135, 36.1629926998 ], [ -115.2711135, 36.162995399800003 ], [ -115.2711162, 36.162995399800003 ], [ -115.2711162, 36.163003499799999 ], [ -115.2711135, 36.163003499799999 ], [ -115.2711135, 36.163011599800001 ], [ -115.271110799999988, 36.163011599800001 ], [ -115.271110799999988, 36.163014299799997 ], [ -115.2711054, 36.163014299799997 ], [ -115.2711054, 36.1630169998 ] ] ] } },
{ "type": "Feature", "properties": { "value": 255.0 }, "geometry": { "type": "Polygon", "coordinates": [ [ [ -115.2723069, 36.1629737998 ], [ -115.2723015, 36.1629737998 ], [ -115.2723015, 36.162971099800004 ], [ -115.2722988, 36.162971099800004 ], [ -115.2722988, 36.162965699799997 ], [ -115.2723015, 36.162965699799997 ], [ -115.2723015, 36.162962999800001 ], [ -115.2723096, 36.162962999800001 ], [ -115.2723096, 36.162965699799997 ], [ -115.2723123, 36.162965699799997 ], [ -115.2723123, 36.162971099800004 ], [ -115.2723069, 36.162971099800004 ], [ -115.2723069, 36.1629737998 ] ] ] } },
{ "type": "Feature", "properties": { "value": 255.0 }, "geometry": { "type": "Polygon", "coordinates": [ [ [ -115.2713079, 36.163008899799998 ], [ -115.2712836, 36.163008899799998 ], [ -115.2712836, 36.163006199800002 ], [ -115.2712782, 36.163006199800002 ], [ -115.2712782, 36.163003499799999 ], [ -115.2712539, 36.163003499799999 ], [ -115.2712539, 36.163006199800002 ], [ -115.2712404, 36.163006199800002 ], [ -115.2712404, 36.163003499799999 ], [ -115.2712377, 36.163003499799999 ], [ -115.2712377, 36.163000799800002 ], [ -115.271235, 36.163000799800002 ], [ -115.271235, 36.162995399800003 ], [ -115.2712323, 36.162995399800003 ], [ -115.2712323, 36.162981899800002 ], [ -115.2712296, 36.162981899800002 ], [ -115.2712296, 36.162946799799997 ], [ -115.2712269, 36.162946799799997 ], [ -115.2712269, 36.162927899800003 ], [ -115.2712296, 36.162927899800003 ], [ -115.2712296, 36.162919799800001 ], [ -115.2712323, 36.162919799800001 ], [ -115.2712323, 36.162917099799998 ], [ -115.271235, 36.162917099799998 ], [ -115.271235, 36.162911699799999 ], [ -115.2712377, 36.162911699799999 ], [ -115.2712377, 36.162903599800003 ], [ -115.2712404, 36.162903599800003 ], [ -115.2712404, 36.1629008998 ], [ -115.2712431, 36.1629008998 ], [ -115.2712431, 36.162898199799997 ], [ -115.2712539, 36.162898199799997 ], [ -115.2712539, 36.162895499800001 ], [ -115.2712674, 36.162895499800001 ], [ -115.2712674, 36.162892799799998 ], [ -115.2712782, 36.162892799799998 ], [ -115.2712782, 36.162890099800002 ], [ -115.2712863, 36.162890099800002 ], [ -115.2712863, 36.162887399799999 ], [ -115.2712944, 36.162887399799999 ], [ -115.2712944, 36.162884699800003 ], [ -115.2712998, 36.162884699800003 ], [ -115.2712998, 36.1628819998 ], [ -115.2713079, 36.1628819998 ], [ -115.2713079, 36.162879299799997 ], [ -115.2713403, 36.162879299799997 ], [ -115.2713403, 36.1628819998 ], [ -115.271343, 36.1628819998 ], [ -115.271343, 36.162884699800003 ], [ -115.2713457, 36.162884699800003 ], [ -115.2713457, 36.162890099800002 ], [ -115.2713484, 36.162890099800002 ], [ -115.2713484, 36.162892799799998 ], [ -115.2713511, 36.162892799799998 ], [ -115.2713511, 36.162895499800001 ], [ -115.2713538, 36.162895499800001 ], [ -115.2713538, 36.162898199799997 ], [ -115.2713565, 36.162898199799997 ], [ -115.2713565, 36.162903599800003 ], [ -115.2713592, 36.162903599800003 ], [ -115.2713592, 36.162914399800002 ], [ -115.2713619, 36.162914399800002 ], [ -115.2713619, 36.162927899800003 ], [ -115.2713673, 36.162927899800003 ], [ -115.2713673, 36.162930599799999 ], [ -115.27137, 36.162930599799999 ], [ -115.27137, 36.162927899800003 ], [ -115.2713754, 36.162927899800003 ], [ -115.2713754, 36.1629251998 ], [ -115.2713916, 36.1629251998 ], [ -115.2713916, 36.162922499799997 ], [ -115.2714186, 36.162922499799997 ], [ -115.2714186, 36.1629251998 ], [ -115.2714213, 36.1629251998 ], [ -115.2714213, 36.162927899800003 ], [ -115.271424, 36.162927899800003 ], [ -115.271424, 36.162935999799998 ], [ -115.2714267, 36.162935999799998 ], [ -115.2714267, 36.162944099800001 ], [ -115.2714294, 36.162944099800001 ], [ -115.2714294, 36.162962999800001 ], [ -115.2714267, 36.162962999800001 ], [ -115.2714267, 36.162965699799997 ], [ -115.2714213, 36.162965699799997 ], [ -115.2714213, 36.1629683998 ], [ -115.2714159, 36.1629683998 ], [ -115.2714159, 36.162971099800004 ], [ -115.2714105, 36.162971099800004 ], [ -115.2714105, 36.1629737998 ], [ -115.271397, 36.1629737998 ], [ -115.271397, 36.162976499800003 ], [ -115.2713862, 36.162976499800003 ], [ -115.2713862, 36.162979199799999 ], [ -115.2713781, 36.162979199799999 ], [ -115.2713781, 36.162981899800002 ], [ -115.2713754, 36.162981899800002 ], [ -115.2713754, 36.162984599799998 ], [ -115.27137, 36.162984599799998 ], [ -115.27137, 36.162987299800001 ], [ -115.2713646, 36.162987299800001 ], [ -115.2713646, 36.162989999799997 ], [ -115.2713592, 36.162989999799997 ], [ -115.2713592, 36.1629926998 ], [ -115.2713484, 36.1629926998 ], [ -115.2713484, 36.162995399800003 ], [ -115.271343, 36.162995399800003 ], [ -115.271343, 36.162998099799999 ], [ -115.2713349, 36.162998099799999 ], [ -115.2713349, 36.163000799800002 ], [ -115.2713295, 36.163000799800002 ], [ -115.2713295, 36.163003499799999 ], [ -115.2713214, 36.163003499799999 ], [ -115.2713214, 36.163006199800002 ], [ -115.2713079, 36.163006199800002 ], [ -115.2713079, 36.163008899799998 ] ] ] } },
{ "type": "Feature", "properties": { "value": 255.0 }, "geometry": { "type": "Polygon", "coordinates": [ [ [ -115.2724176, 36.163043999800003 ], [ -115.2724149, 36.163043999800003 ], [ -115.2724149, 36.1630412998 ], [ -115.2723771, 36.1630412998 ], [ -115.2723771, 36.163038599800004 ], [ -115.2723744, 36.163038599800004 ], [ -115.2723744, 36.163033199799997 ], [ -115.2723717, 36.163033199799997 ], [ -115.2723717, 36.163027799799998 ], [ -115.2723744, 36.163027799799998 ], [ -115.2723744, 36.162987299800001 ], [ -115.2723717, 36.162987299800001 ], [ -115.2723717, 36.162981899800002 ], [ -115.272369, 36.162981899800002 ], [ -115.272369, 36.162979199799999 ], [ -115.2723636, 36.162979199799999 ], [ -115.2723636, 36.162976499800003 ], [ -115.2723609, 36.162976499800003 ], [ -115.2723609, 36.1629737998 ], [ -115.2723582, 36.1629737998 ], [ -115.2723582, 36.162971099800004 ], [ -115.2723555, 36.162971099800004 ], [ -115.2723555, 36.162960299799998 ], [ -115.2723582, 36.162960299799998 ], [ -115.2723582, 36.162954899799999 ], [ -115.2723609, 36.162954899799999 ], [ -115.2723609, 36.162952199800003 ], [ -115.2723636, 36.162952199800003 ], [ -115.2723636, 36.1629494998 ], [ -115.2723663, 36.1629494998 ], [ -115.2723663, 36.162946799799997 ], [ -115.272369, 36.162946799799997 ], [ -115.272369, 36.162935999799998 ], [ -115.2723717, 36.162935999799998 ], [ -115.2723717, 36.1629251998 ], [ -115.2723744, 36.1629251998 ], [ -115.2723744, 36.162871199800001 ], [ -115.2723771, 36.162871199800001 ], [ -115.2723771, 36.162865799800002 ], [ -115.2723825, 36.162865799800002 ], [ -115.2723825, 36.162863099799999 ], [ -115.2724176, 36.162863099799999 ], [ -115.2724176, 36.163043999800003 ] ] ] } },
{ "type": "Feature", "properties": { "value": 255.0 }, "geometry": { "type": "Polygon", "coordinates": [ [ [ -115.2710892, 36.162989999799997 ], [ -115.2710514, 36.162989999799997 ], [ -115.2710514, 36.162987299800001 ], [ -115.271046, 36.162987299800001 ], [ -115.271046, 36.162984599799998 ], [ -115.271043299999988, 36.162984599799998 ], [ -115.271043299999988, 36.162981899800002 ], [ -115.2710406, 36.162981899800002 ], [ -115.2710406, 36.162976499800003 ], [ -115.2710379, 36.162976499800003 ], [ -115.2710379, 36.1629737998 ], [ -115.2710352, 36.1629737998 ], [ -115.2710352, 36.1629683998 ], [ -115.2710325, 36.1629683998 ], [ -115.2710325, 36.162965699799997 ], [ -115.2710298, 36.162965699799997 ], [ -115.2710298, 36.162960299799998 ], [ -115.2710271, 36.162960299799998 ], [ -115.2710271, 36.162957599800002 ], [ -115.2710244, 36.162957599800002 ], [ -115.2710244, 36.162954899799999 ], [ -115.2710217, 36.162954899799999 ], [ -115.2710217, 36.162952199800003 ], [ -115.271019, 36.162952199800003 ], [ -115.271019, 36.1629494998 ], [ -115.2710163, 36.1629494998 ], [ -115.2710163, 36.162946799799997 ], [ -115.271013599999989, 36.162946799799997 ], [ -115.271013599999989, 36.162944099800001 ], [ -115.2710109, 36.162944099800001 ], [ -115.2710109, 36.162941399799998 ], [ -115.2710082, 36.162941399799998 ], [ -115.2710082, 36.162938699800002 ], [ -115.2710055, 36.162938699800002 ], [ -115.2710055, 36.162935999799998 ], [ -115.2710028, 36.162935999799998 ], [ -115.2710028, 36.162917099799998 ], [ -115.2710082, 36.162917099799998 ], [ -115.2710082, 36.162914399800002 ], [ -115.271013599999989, 36.162914399800002 ], [ -115.271013599999989, 36.162911699799999 ], [ -115.271019, 36.162911699799999 ], [ -115.271019, 36.162908999800003 ], [ -115.2710244, 36.162908999800003 ], [ -115.2710244, 36.162906299799999 ], [ -115.2710271, 36.162906299799999 ], [ -115.2710271, 36.162903599800003 ], [ -115.2710325, 36.162903599800003 ], [ -115.2710325, 36.1629008998 ], [ -115.2710352, 36.1629008998 ], [ -115.2710352, 36.162898199799997 ], [ -115.2710379, 36.162898199799997 ], [ -115.2710379, 36.162895499800001 ], [ -115.271043299999988, 36.162895499800001 ], [ -115.271043299999988, 36.162892799799998 ], [ -115.2710487, 36.162892799799998 ], [ -115.2710487, 36.162890099800002 ], [ -115.2710541, 36.162890099800002 ], [ -115.2710541, 36.162887399799999 ], [ -115.2710595, 36.162887399799999 ], [ -115.2710595, 36.162884699800003 ], [ -115.2710649, 36.162884699800003 ], [ -115.2710649, 36.1628819998 ], [ -115.2710703, 36.1628819998 ], [ -115.2710703, 36.162879299799997 ], [ -115.2710757, 36.162879299799997 ], [ -115.2710757, 36.162876599800001 ], [ -115.271081099999989, 36.162876599800001 ], [ -115.271081099999989, 36.162873899799997 ], [ -115.2710838, 36.162873899799997 ], [ -115.2710838, 36.162871199800001 ], [ -115.2710892, 36.162871199800001 ], [ -115.2710892, 36.162868499799998 ], [ -115.2710973, 36.162868499799998 ], [ -115.2710973, 36.162865799800002 ], [ -115.2711054, 36.162865799800002 ], [ -115.2711054, 36.162863099799999 ], [ -115.2711162, 36.162863099799999 ], [ -115.2711162, 36.162865799800002 ], [ -115.271129699999989, 36.162865799800002 ], [ -115.271129699999989, 36.162868499799998 ], [ -115.2711432, 36.162868499799998 ], [ -115.2711432, 36.162871199800001 ], [ -115.2711594, 36.162871199800001 ], [ -115.2711594, 36.162873899799997 ], [ -115.2711621, 36.162873899799997 ], [ -115.2711621, 36.162879299799997 ], [ -115.2711648, 36.162879299799997 ], [ -115.2711648, 36.162895499800001 ], [ -115.2711675, 36.162895499800001 ], [ -115.2711675, 36.162903599800003 ], [ -115.2711702, 36.162903599800003 ], [ -115.2711702, 36.162906299799999 ], [ -115.2711729, 36.162906299799999 ], [ -115.2711729, 36.162911699799999 ], [ -115.2711756, 36.162911699799999 ], [ -115.2711756, 36.162914399800002 ], [ -115.271178299999988, 36.162914399800002 ], [ -115.271178299999988, 36.1629251998 ], [ -115.2711756, 36.1629251998 ], [ -115.2711756, 36.162927899800003 ], [ -115.2711729, 36.162927899800003 ], [ -115.2711729, 36.162930599799999 ], [ -115.2711702, 36.162930599799999 ], [ -115.2711702, 36.162933299800002 ], [ -115.2711675, 36.162933299800002 ], [ -115.2711675, 36.162935999799998 ], [ -115.2711648, 36.162935999799998 ], [ -115.2711648, 36.162938699800002 ], [ -115.2711594, 36.162938699800002 ], [ -115.2711594, 36.162941399799998 ], [ -115.2711567, 36.162941399799998 ], [ -115.2711567, 36.162944099800001 ], [ -115.271154, 36.162944099800001 ], [ -115.271154, 36.162946799799997 ], [ -115.2711513, 36.162946799799997 ], [ -115.2711513, 36.1629494998 ], [ -115.2711459, 36.1629494998 ], [ -115.2711459, 36.162952199800003 ], [ -115.2711432, 36.162952199800003 ], [ -115.2711432, 36.162954899799999 ], [ -115.2711378, 36.162954899799999 ], [ -115.2711378, 36.162957599800002 ], [ -115.2711351, 36.162957599800002 ], [ -115.2711351, 36.162960299799998 ], [ -115.271129699999989, 36.162960299799998 ], [ -115.271129699999989, 36.162962999800001 ], [ -115.271127, 36.162962999800001 ], [ -115.271127, 36.162965699799997 ], [ -115.2711216, 36.162965699799997 ], [ -115.2711216, 36.1629683998 ], [ -115.2711162, 36.1629683998 ], [ -115.2711162, 36.162971099800004 ], [ -115.2711135, 36.162971099800004 ], [ -115.2711135, 36.1629737998 ], [ -115.2711081, 36.1629737998 ], [ -115.2711081, 36.162976499800003 ], [ -115.2711054, 36.162976499800003 ], [ -115.2711054, 36.162979199799999 ], [ -115.2711027, 36.162979199799999 ], [ -115.2711027, 36.162981899800002 ], [ -115.2710973, 36.162981899800002 ], [ -115.2710973, 36.162984599799998 ], [ -115.2710946, 36.162984599799998 ], [ -115.2710946, 36.162987299800001 ], [ -115.2710892, 36.162987299800001 ], [ -115.2710892, 36.162989999799997 ] ] ] } },
{ "type": "Feature", "properties": { "value": 255.0 }, "geometry": { "type": "Polygon", "coordinates": [ [ [ -115.272234, 36.1630169998 ], [ -115.2722232, 36.1630169998 ], [ -115.2722232, 36.163014299799997 ], [ -115.2722205, 36.163014299799997 ], [ -115.2722205, 36.163011599800001 ], [ -115.2722151, 36.163011599800001 ], [ -115.2722151, 36.163008899799998 ], [ -115.2722124, 36.163008899799998 ], [ -115.2722124, 36.163006199800002 ], [ -115.2722097, 36.163006199800002 ], [ -115.2722097, 36.163003499799999 ], [ -115.272207, 36.163003499799999 ], [ -115.272207, 36.163000799800002 ], [ -115.2722043, 36.163000799800002 ], [ -115.2722043, 36.162998099799999 ], [ -115.2722016, 36.162998099799999 ], [ -115.2722016, 36.1629926998 ], [ -115.2721989, 36.1629926998 ], [ -115.2721989, 36.162989999799997 ], [ -115.2721962, 36.162989999799997 ], [ -115.2721962, 36.162987299800001 ], [ -115.27218, 36.162987299800001 ], [ -115.27218, 36.162984599799998 ], [ -115.2721746, 36.162984599799998 ], [ -115.2721746, 36.162981899800002 ], [ -115.2721719, 36.162981899800002 ], [ -115.2721719, 36.162979199799999 ], [ -115.2721692, 36.162979199799999 ], [ -115.2721692, 36.162976499800003 ], [ -115.2721665, 36.162976499800003 ], [ -115.2721665, 36.162971099800004 ], [ -115.2721638, 36.162971099800004 ], [ -115.2721638, 36.162965699799997 ], [ -115.2721611, 36.162965699799997 ], [ -115.2721611, 36.162960299799998 ], [ -115.2721584, 36.162960299799998 ], [ -115.2721584, 36.162954899799999 ], [ -115.2721557, 36.162954899799999 ], [ -115.2721557, 36.1629494998 ], [ -115.272153, 36.1629494998 ], [ -115.272153, 36.162946799799997 ], [ -115.2721503, 36.162946799799997 ], [ -115.2721503, 36.162944099800001 ], [ -115.2721449, 36.162944099800001 ], [ -115.2721449, 36.162941399799998 ], [ -115.2721368, 36.162941399799998 ], [ -115.2721368, 36.162938699800002 ], [ -115.2721314, 36.162938699800002 ], [ -115.2721314, 36.162935999799998 ], [ -115.2721287, 36.162935999799998 ], [ -115.2721287, 36.162933299800002 ], [ -115.272126, 36.162933299800002 ], [ -115.272126, 36.162922499799997 ], [ -115.2721233, 36.162922499799997 ], [ -115.2721233, 36.162917099799998 ], [ -115.272126, 36.162917099799998 ], [ -115.272126, 36.162914399800002 ], [ -115.2721287, 36.162914399800002 ], [ -115.2721287, 36.162911699799999 ], [ -115.2721314, 36.162911699799999 ], [ -115.2721314, 36.162908999800003 ], [ -115.2721368, 36.162908999800003 ], [ -115.2721368, 36.162906299799999 ], [ -115.2721422, 36.162906299799999 ], [ -115.2721422, 36.162903599800003 ], [ -115.2721476, 36.162903599800003 ], [ -115.2721476, 36.1629008998 ], [ -115.2721557, 36.1629008998 ], [ -115.2721557, 36.162898199799997 ], [ -115.2721638, 36.162898199799997 ], [ -115.2721638, 36.162895499800001 ], [ -115.2721692, 36.162895499800001 ], [ -115.2721692, 36.162892799799998 ], [ -115.2721719, 36.162892799799998 ], [ -115.2721719, 36.162890099800002 ], [ -115.2721746, 36.162890099800002 ], [ -115.2721746, 36.162887399799999 ], [ -115.2721773, 36.162887399799999 ], [ -115.2721773, 36.162884699800003 ], [ -115.27218, 36.162884699800003 ], [ -115.27218, 36.1628819998 ], [ -115.2721854, 36.1628819998 ], [ -115.2721854, 36.162879299799997 ], [ -115.2721908, 36.162879299799997 ], [ -115.2721908, 36.162876599800001 ], [ -115.2721935, 36.162876599800001 ], [ -115.2721935, 36.162873899799997 ], [ -115.2721989, 36.162873899799997 ], [ -115.2721989, 36.162871199800001 ], [ -115.2722016, 36.162871199800001 ], [ -115.2722016, 36.162868499799998 ], [ -115.272207, 36.162868499799998 ], [ -115.272207, 36.162865799800002 ], [ -115.2722124, 36.162865799800002 ], [ -115.2722124, 36.162863099799999 ], [ -115.2722205, 36.162863099799999 ], [ -115.2722205, 36.162860399800003 ], [ -115.272234, 36.162860399800003 ], [ -115.272234, 36.1628576998 ], [ -115.2722529, 36.1628576998 ], [ -115.2722529, 36.162854999799997 ], [ -115.2722718, 36.162854999799997 ], [ -115.2722718, 36.1628576998 ], [ -115.2722772, 36.1628576998 ], [ -115.2722772, 36.162860399800003 ], [ -115.2722799, 36.162860399800003 ], [ -115.2722799, 36.162863099799999 ], [ -115.2722826, 36.162863099799999 ], [ -115.2722826, 36.162865799800002 ], [ -115.2722853, 36.162865799800002 ], [ -115.2722853, 36.162871199800001 ], [ -115.272288, 36.162871199800001 ], [ -115.272288, 36.162873899799997 ], [ -115.2722907, 36.162873899799997 ], [ -115.2722907, 36.162876599800001 ], [ -115.2722934, 36.162876599800001 ], [ -115.2722934, 36.1628819998 ], [ -115.2722961, 36.1628819998 ], [ -115.2722961, 36.162887399799999 ], [ -115.2722988, 36.162887399799999 ], [ -115.2722988, 36.162890099800002 ], [ -115.2723015, 36.162890099800002 ], [ -115.2723015, 36.162892799799998 ], [ -115.2723042, 36.162892799799998 ], [ -115.2723042, 36.162895499800001 ], [ -115.2723069, 36.162895499800001 ], [ -115.2723069, 36.162898199799997 ], [ -115.2723096, 36.162898199799997 ], [ -115.2723096, 36.162903599800003 ], [ -115.2723123, 36.162903599800003 ], [ -115.2723123, 36.162908999800003 ], [ -115.2723096, 36.162908999800003 ], [ -115.2723096, 36.162914399800002 ], [ -115.2723042, 36.162914399800002 ], [ -115.2723042, 36.162917099799998 ], [ -115.2723015, 36.162917099799998 ], [ -115.2723015, 36.162922499799997 ], [ -115.2722988, 36.162922499799997 ], [ -115.2722988, 36.1629251998 ], [ -115.2722961, 36.1629251998 ], [ -115.2722961, 36.162927899800003 ], [ -115.2722934, 36.162927899800003 ], [ -115.2722934, 36.162930599799999 ], [ -115.2722907, 36.162930599799999 ], [ -115.2722907, 36.162933299800002 ], [ -115.272288, 36.162933299800002 ], [ -115.272288, 36.162935999799998 ], [ -115.2722826, 36.162935999799998 ], [ -115.2722826, 36.162938699800002 ], [ -115.2722799, 36.162938699800002 ], [ -115.2722799, 36.162941399799998 ], [ -115.2722745, 36.162941399799998 ], [ -115.2722745, 36.162944099800001 ], [ -115.2722718, 36.162944099800001 ], [ -115.2722718, 36.162946799799997 ], [ -115.2722691, 36.162946799799997 ], [ -115.2722691, 36.1629494998 ], [ -115.2722637, 36.1629494998 ], [ -115.2722637, 36.162952199800003 ], [ -115.272261, 36.162952199800003 ], [ -115.272261, 36.162954899799999 ], [ -115.2722583, 36.162954899799999 ], [ -115.2722583, 36.162957599800002 ], [ -115.2722556, 36.162957599800002 ], [ -115.2722556, 36.162960299799998 ], [ -115.2722529, 36.162960299799998 ], [ -115.2722529, 36.162962999800001 ], [ -115.2722502, 36.162962999800001 ], [ -115.2722502, 36.1629737998 ], [ -115.2722529, 36.1629737998 ], [ -115.2722529, 36.162976499800003 ], [ -115.2722556, 36.162976499800003 ], [ -115.2722556, 36.162979199799999 ], [ -115.2722583, 36.162979199799999 ], [ -115.2722583, 36.162981899800002 ], [ -115.2722637, 36.162981899800002 ], [ -115.2722637, 36.162984599799998 ], [ -115.2722664, 36.162984599799998 ], [ -115.2722664, 36.162989999799997 ], [ -115.2722691, 36.162989999799997 ], [ -115.2722691, 36.162998099799999 ], [ -115.2722664, 36.162998099799999 ], [ -115.2722664, 36.163000799800002 ], [ -115.2722637, 36.163000799800002 ], [ -115.2722637, 36.163003499799999 ], [ -115.2722583, 36.163003499799999 ], [ -115.2722583, 36.163006199800002 ], [ -115.2722529, 36.163006199800002 ], [ -115.2722529, 36.163008899799998 ], [ -115.2722475, 36.163008899799998 ], [ -115.2722475, 36.163011599800001 ], [ -115.2722421, 36.163011599800001 ], [ -115.2722421, 36.163014299799997 ], [ -115.272234, 36.163014299799997 ], [ -115.272234, 36.1630169998 ] ] ] } },
{ "type": "Feature", "properties": { "value": 255.0 }, "geometry": { "type": "Polygon", "coordinates": [ [ [ -115.2719208, 36.162995399800003 ], [ -115.271883, 36.162995399800003 ], [ -115.271883, 36.1629926998 ], [ -115.2718614, 36.1629926998 ], [ -115.2718614, 36.162995399800003 ], [ -115.2718425, 36.162995399800003 ], [ -115.2718425, 36.1629926998 ], [ -115.2718371, 36.1629926998 ], [ -115.2718371, 36.162989999799997 ], [ -115.2718317, 36.162989999799997 ], [ -115.2718317, 36.162987299800001 ], [ -115.2717696, 36.162987299800001 ], [ -115.2717696, 36.162989999799997 ], [ -115.271748, 36.162989999799997 ], [ -115.271748, 36.1629926998 ], [ -115.2717075, 36.1629926998 ], [ -115.2717075, 36.162995399800003 ], [ -115.2716751, 36.162995399800003 ], [ -115.2716751, 36.1629926998 ], [ -115.271667, 36.1629926998 ], [ -115.271667, 36.162989999799997 ], [ -115.2716103, 36.162989999799997 ], [ -115.2716103, 36.1629926998 ], [ -115.2716022, 36.1629926998 ], [ -115.2716022, 36.162995399800003 ], [ -115.271515799999989, 36.162995399800003 ], [ -115.271515799999989, 36.1629926998 ], [ -115.2715104, 36.1629926998 ], [ -115.2715104, 36.162989999799997 ], [ -115.2715077, 36.162989999799997 ], [ -115.2715077, 36.162984599799998 ], [ -115.2714456, 36.162984599799998 ], [ -115.2714456, 36.162981899800002 ], [ -115.2714429, 36.162981899800002 ], [ -115.2714429, 36.1629737998 ], [ -115.2714402, 36.1629737998 ], [ -115.2714402, 36.162962999800001 ], [ -115.2714429, 36.162962999800001 ], [ -115.2714429, 36.162941399799998 ], [ -115.2714456, 36.162941399799998 ], [ -115.2714456, 36.162935999799998 ], [ -115.271451, 36.162935999799998 ], [ -115.271451, 36.162933299800002 ], [ -115.2714888, 36.162933299800002 ], [ -115.2714888, 36.162935999799998 ], [ -115.271505, 36.162935999799998 ], [ -115.271505, 36.162933299800002 ], [ -115.2715077, 36.162933299800002 ], [ -115.2715077, 36.162890099800002 ], [ -115.271505, 36.162890099800002 ], [ -115.271505, 36.1628819998 ], [ -115.2715077, 36.1628819998 ], [ -115.2715077, 36.162879299799997 ], [ -115.2715104, 36.162879299799997 ], [ -115.2715104, 36.162876599800001 ], [ -115.2715509, 36.162876599800001 ], [ -115.2715509, 36.162879299799997 ], [ -115.2715968, 36.162879299799997 ], [ -115.2715968, 36.1628819998 ], [ -115.2716049, 36.1628819998 ], [ -115.2716049, 36.162884699800003 ], [ -115.2716076, 36.162884699800003 ], [ -115.2716076, 36.162887399799999 ], [ -115.2716103, 36.162887399799999 ], [ -115.2716103, 36.162914399800002 ], [ -115.2716076, 36.162914399800002 ], [ -115.2716076, 36.162933299800002 ], [ -115.2716103, 36.162933299800002 ], [ -115.2716103, 36.162935999799998 ], [ -115.2716184, 36.162935999799998 ], [ -115.2716184, 36.162938699800002 ], [ -115.2716427, 36.162938699800002 ], [ -115.2716427, 36.162941399799998 ], [ -115.2716562, 36.162941399799998 ], [ -115.2716562, 36.162938699800002 ], [ -115.2716616, 36.162938699800002 ], [ -115.2716616, 36.162930599799999 ], [ -115.2716643, 36.162930599799999 ], [ -115.2716643, 36.162919799800001 ], [ -115.2716616, 36.162919799800001 ], [ -115.2716616, 36.162914399800002 ], [ -115.2716643, 36.162914399800002 ], [ -115.2716643, 36.1628819998 ], [ -115.271667, 36.1628819998 ], [ -115.271667, 36.162879299799997 ], [ -115.2716697, 36.162879299799997 ], [ -115.2716697, 36.162876599800001 ], [ -115.271748, 36.162876599800001 ], [ -115.271748, 36.162873899799997 ], [ -115.2717561, 36.162873899799997 ], [ -115.2717561, 36.162871199800001 ], [ -115.2717669, 36.162871199800001 ], [ -115.2717669, 36.162873899799997 ], [ -115.2717696, 36.162873899799997 ], [ -115.2717696, 36.162892799799998 ], [ -115.2717723, 36.162892799799998 ], [ -115.2717723, 36.162933299800002 ], [ -115.271775, 36.162933299800002 ], [ -115.271775, 36.162938699800002 ], [ -115.2717777, 36.162938699800002 ], [ -115.2717777, 36.162941399799998 ], [ -115.2717912, 36.162941399799998 ], [ -115.2717912, 36.162938699800002 ], [ -115.2718209, 36.162938699800002 ], [ -115.2718209, 36.162941399799998 ], [ -115.2718236, 36.162941399799998 ], [ -115.2718236, 36.162938699800002 ], [ -115.2718263, 36.162938699800002 ], [ -115.2718263, 36.162935999799998 ], [ -115.271829, 36.162935999799998 ], [ -115.271829, 36.162922499799997 ], [ -115.2718263, 36.162922499799997 ], [ -115.2718263, 36.162906299799999 ], [ -115.2718236, 36.162906299799999 ], [ -115.2718236, 36.162892799799998 ], [ -115.2718209, 36.162892799799998 ], [ -115.2718209, 36.1628819998 ], [ -115.2718236, 36.1628819998 ], [ -115.2718236, 36.162871199800001 ], [ -115.2718263, 36.162871199800001 ], [ -115.2718263, 36.162852299800001 ], [ -115.271829, 36.162852299800001 ], [ -115.271829, 36.162849599799998 ], [ -115.2718506, 36.162849599799998 ], [ -115.2718506, 36.162852299800001 ], [ -115.271856, 36.162852299800001 ], [ -115.271856, 36.162854999799997 ], [ -115.2718587, 36.162854999799997 ], [ -115.2718587, 36.1628576998 ], [ -115.2718614, 36.1628576998 ], [ -115.2718614, 36.162860399800003 ], [ -115.2718668, 36.162860399800003 ], [ -115.2718668, 36.162863099799999 ], [ -115.2718722, 36.162863099799999 ], [ -115.2718722, 36.162865799800002 ], [ -115.2718803, 36.162865799800002 ], [ -115.2718803, 36.162868499799998 ], [ -115.2718884, 36.162868499799998 ], [ -115.2718884, 36.162871199800001 ], [ -115.2719019, 36.162871199800001 ], [ -115.2719019, 36.162873899799997 ], [ -115.2719262, 36.162873899799997 ], [ -115.2719262, 36.162876599800001 ], [ -115.2719316, 36.162876599800001 ], [ -115.2719316, 36.162887399799999 ], [ -115.2719343, 36.162887399799999 ], [ -115.2719343, 36.162933299800002 ], [ -115.271937, 36.162933299800002 ], [ -115.271937, 36.162935999799998 ], [ -115.2719424, 36.162935999799998 ], [ -115.2719424, 36.162938699800002 ], [ -115.2719451, 36.162938699800002 ], [ -115.2719451, 36.162935999799998 ], [ -115.2719829, 36.162935999799998 ], [ -115.2719829, 36.162933299800002 ], [ -115.2719856, 36.162933299800002 ], [ -115.2719856, 36.162930599799999 ], [ -115.2719883, 36.162930599799999 ], [ -115.2719883, 36.162914399800002 ], [ -115.2719856, 36.162914399800002 ], [ -115.2719856, 36.162895499800001 ], [ -115.2719829, 36.162895499800001 ], [ -115.2719829, 36.162887399799999 ], [ -115.2719802, 36.162887399799999 ], [ -115.2719802, 36.162879299799997 ], [ -115.2719829, 36.162879299799997 ], [ -115.2719829, 36.162876599800001 ], [ -115.2719856, 36.162876599800001 ], [ -115.2719856, 36.162873899799997 ], [ -115.2720153, 36.162873899799997 ], [ -115.2720153, 36.162876599800001 ], [ -115.2720396, 36.162876599800001 ], [ -115.2720396, 36.162873899799997 ], [ -115.2720558, 36.162873899799997 ], [ -115.2720558, 36.162871199800001 ], [ -115.2720612, 36.162871199800001 ], [ -115.2720612, 36.162868499799998 ], [ -115.2720639, 36.162868499799998 ], [ -115.2720639, 36.1628576998 ], [ -115.2720666, 36.1628576998 ], [ -115.2720666, 36.162854999799997 ], [ -115.2720774, 36.162854999799997 ], [ -115.2720774, 36.1628576998 ], [ -115.2720801, 36.1628576998 ], [ -115.2720801, 36.162868499799998 ], [ -115.2720855, 36.162868499799998 ], [ -115.2720855, 36.162871199800001 ], [ -115.2720909, 36.162871199800001 ], [ -115.2720909, 36.162873899799997 ], [ -115.2720936, 36.162873899799997 ], [ -115.2720936, 36.162876599800001 ], [ -115.2720963, 36.162876599800001 ], [ -115.2720963, 36.1628819998 ], [ -115.272099, 36.1628819998 ], [ -115.272099, 36.162887399799999 ], [ -115.2721017, 36.162887399799999 ], [ -115.2721017, 36.162898199799997 ], [ -115.272099, 36.162898199799997 ], [ -115.272099, 36.162935999799998 ], [ -115.2720963, 36.162935999799998 ], [ -115.2720963, 36.162984599799998 ], [ -115.2720936, 36.162984599799998 ], [ -115.2720936, 36.162989999799997 ], [ -115.2720855, 36.162989999799997 ], [ -115.2720855, 36.1629926998 ], [ -115.2720585, 36.1629926998 ], [ -115.2720585, 36.162989999799997 ], [ -115.2720477, 36.162989999799997 ], [ -115.2720477, 36.1629926998 ], [ -115.2719937, 36.1629926998 ], [ -115.2719937, 36.162989999799997 ], [ -115.271991, 36.162989999799997 ], [ -115.271991, 36.162987299800001 ], [ -115.2719856, 36.162987299800001 ], [ -115.2719856, 36.162984599799998 ], [ -115.2719397, 36.162984599799998 ], [ -115.2719397, 36.162987299800001 ], [ -115.2719343, 36.162987299800001 ], [ -115.2719343, 36.162989999799997 ], [ -115.2719316, 36.162989999799997 ], [ -115.2719316, 36.1629926998 ], [ -115.2719208, 36.1629926998 ], [ -115.2719208, 36.162995399800003 ] ] ] } },
{ "type": "Feature", "properties": { "value": 255.0 }, "geometry": { "type": "Polygon", "coordinates": [ [ [ -115.2709623, 36.163000799800002 ], [ -115.2708705, 36.163000799800002 ], [ -115.2708705, 36.162998099799999 ], [ -115.2708624, 36.162998099799999 ], [ -115.2708624, 36.162995399800003 ], [ -115.2708084, 36.162995399800003 ], [ -115.2708084, 36.162998099799999 ], [ -115.2707976, 36.162998099799999 ], [ -115.2707976, 36.163000799800002 ], [ -115.270749, 36.163000799800002 ], [ -115.270749, 36.162998099799999 ], [ -115.2707085, 36.162998099799999 ], [ -115.2707085, 36.162995399800003 ], [ -115.2706923, 36.162995399800003 ], [ -115.2706923, 36.1629926998 ], [ -115.2706626, 36.1629926998 ], [ -115.2706626, 36.162944099800001 ], [ -115.2706788, 36.162944099800001 ], [ -115.2706788, 36.162941399799998 ], [ -115.2706896, 36.162941399799998 ], [ -115.2706896, 36.162938699800002 ], [ -115.270695, 36.162938699800002 ], [ -115.270695, 36.162933299800002 ], [ -115.2706977, 36.162933299800002 ], [ -115.2706977, 36.162908999800003 ], [ -115.2707004, 36.162908999800003 ], [ -115.2707004, 36.162890099800002 ], [ -115.2707031, 36.162890099800002 ], [ -115.2707031, 36.162887399799999 ], [ -115.2707085, 36.162887399799999 ], [ -115.2707085, 36.162884699800003 ], [ -115.2707166, 36.162884699800003 ], [ -115.2707166, 36.1628819998 ], [ -115.270722, 36.1628819998 ], [ -115.270722, 36.162879299799997 ], [ -115.270724699999988, 36.162879299799997 ], [ -115.270724699999988, 36.162863099799999 ], [ -115.2707274, 36.162863099799999 ], [ -115.2707274, 36.162860399800003 ], [ -115.2707301, 36.162860399800003 ], [ -115.2707301, 36.1628576998 ], [ -115.2707679, 36.1628576998 ], [ -115.2707679, 36.162860399800003 ], [ -115.2707706, 36.162860399800003 ], [ -115.2707706, 36.162865799800002 ], [ -115.2707679, 36.162865799800002 ], [ -115.2707679, 36.162876599800001 ], [ -115.2707706, 36.162876599800001 ], [ -115.2707706, 36.1628819998 ], [ -115.270776, 36.1628819998 ], [ -115.270776, 36.162884699800003 ], [ -115.2707949, 36.162884699800003 ], [ -115.2707949, 36.1628819998 ], [ -115.2708273, 36.1628819998 ], [ -115.2708273, 36.162879299799997 ], [ -115.2708327, 36.162879299799997 ], [ -115.2708327, 36.1628819998 ], [ -115.2708354, 36.1628819998 ], [ -115.2708354, 36.162887399799999 ], [ -115.2708381, 36.162887399799999 ], [ -115.2708381, 36.162903599800003 ], [ -115.270840799999988, 36.162903599800003 ], [ -115.270840799999988, 36.162922499799997 ], [ -115.2708435, 36.162922499799997 ], [ -115.2708435, 36.162927899800003 ], [ -115.2708516, 36.162927899800003 ], [ -115.2708516, 36.1629251998 ], [ -115.2708543, 36.1629251998 ], [ -115.2708543, 36.162922499799997 ], [ -115.270857, 36.162922499799997 ], [ -115.270857, 36.162917099799998 ], [ -115.270859699999988, 36.162917099799998 ], [ -115.270859699999988, 36.162890099800002 ], [ -115.2708624, 36.162890099800002 ], [ -115.2708624, 36.162884699800003 ], [ -115.2708867, 36.162884699800003 ], [ -115.2708867, 36.1628819998 ], [ -115.2709218, 36.1628819998 ], [ -115.2709218, 36.162879299799997 ], [ -115.270938, 36.162879299799997 ], [ -115.270938, 36.162876599800001 ], [ -115.2709542, 36.162876599800001 ], [ -115.2709542, 36.162873899799997 ], [ -115.2709596, 36.162873899799997 ], [ -115.2709596, 36.162876599800001 ], [ -115.270965, 36.162876599800001 ], [ -115.270965, 36.162879299799997 ], [ -115.2709677, 36.162879299799997 ], [ -115.2709677, 36.1628819998 ], [ -115.2709704, 36.1628819998 ], [ -115.2709704, 36.162892799799998 ], [ -115.2709731, 36.162892799799998 ], [ -115.2709731, 36.1629926998 ], [ -115.2709704, 36.1629926998 ], [ -115.2709704, 36.162995399800003 ], [ -115.2709677, 36.162995399800003 ], [ -115.2709677, 36.162998099799999 ], [ -115.2709623, 36.162998099799999 ], [ -115.2709623, 36.163000799800002 ] ] ] } },
{ "type": "Feature", "properties": { "value": 255.0 }, "geometry": { "type": "Polygon", "coordinates": [ [ [ -115.2714024, 36.162898199799997 ], [ -115.2713781, 36.162898199799997 ], [ -115.2713781, 36.162895499800001 ], [ -115.27137, 36.162895499800001 ], [ -115.27137, 36.162892799799998 ], [ -115.2713673, 36.162892799799998 ], [ -115.2713673, 36.162884699800003 ], [ -115.2713646, 36.162884699800003 ], [ -115.2713646, 36.162846899800002 ], [ -115.2713619, 36.162846899800002 ], [ -115.2713619, 36.162838799799999 ], [ -115.2713646, 36.162838799799999 ], [ -115.2713646, 36.162836099800003 ], [ -115.2713754, 36.162836099800003 ], [ -115.2713754, 36.1628333998 ], [ -115.2713781, 36.1628333998 ], [ -115.2713781, 36.162836099800003 ], [ -115.271380799999989, 36.162836099800003 ], [ -115.271380799999989, 36.1628333998 ], [ -115.271397, 36.1628333998 ], [ -115.271397, 36.162836099800003 ], [ -115.271399699999989, 36.162836099800003 ], [ -115.271399699999989, 36.162838799799999 ], [ -115.2714024, 36.162838799799999 ], [ -115.2714024, 36.162852299800001 ], [ -115.2714051, 36.162852299800001 ], [ -115.2714051, 36.162873899799997 ], [ -115.2714078, 36.162873899799997 ], [ -115.2714078, 36.162892799799998 ], [ -115.2714051, 36.162892799799998 ], [ -115.2714051, 36.162895499800001 ], [ -115.2714024, 36.162895499800001 ], [ -115.2714024, 36.162898199799997 ] ] ] } },
{ "type": "Feature", "properties": { "value": 255.0 }, "geometry": { "type": "Polygon", "coordinates": [ [ [ -115.271197199999989, 36.1628576998 ], [ -115.271181, 36.1628576998 ], [ -115.271181, 36.162854999799997 ], [ -115.2711756, 36.162854999799997 ], [ -115.2711756, 36.162852299800001 ], [ -115.2711729, 36.162852299800001 ], [ -115.2711729, 36.162841499800003 ], [ -115.2711756, 36.162841499800003 ], [ -115.2711756, 36.162838799799999 ], [ -115.2711945, 36.162838799799999 ], [ -115.2711945, 36.162841499800003 ], [ -115.271197199999989, 36.162841499800003 ], [ -115.271197199999989, 36.162846899800002 ], [ -115.2711999, 36.162846899800002 ], [ -115.2711999, 36.162852299800001 ], [ -115.271197199999989, 36.162852299800001 ], [ -115.271197199999989, 36.1628576998 ] ] ] } },
{ "type": "Feature", "properties": { "value": 255.0 }, "geometry": { "type": "Polygon", "coordinates": [ [ [ -115.2713403, 36.1626065998 ], [ -115.2713268, 36.1626065998 ], [ -115.2713268, 36.162603899799997 ], [ -115.271316, 36.162603899799997 ], [ -115.271316, 36.162590399800003 ], [ -115.271313299999989, 36.162590399800003 ], [ -115.271313299999989, 36.1625876998 ], [ -115.2713052, 36.1625876998 ], [ -115.2713052, 36.162584999799996 ], [ -115.2712944, 36.162584999799996 ], [ -115.2712944, 36.1625822998 ], [ -115.2712755, 36.1625822998 ], [ -115.2712755, 36.162579599799997 ], [ -115.2712701, 36.162579599799997 ], [ -115.2712701, 36.162576899800001 ], [ -115.2712674, 36.162576899800001 ], [ -115.2712674, 36.162468899799997 ], [ -115.2712701, 36.162468899799997 ], [ -115.2712701, 36.162466199800001 ], [ -115.2712728, 36.162466199800001 ], [ -115.2712728, 36.162463499799998 ], [ -115.2712755, 36.162463499799998 ], [ -115.2712755, 36.162466199800001 ], [ -115.2712917, 36.162466199800001 ], [ -115.2712917, 36.162468899799997 ], [ -115.2713025, 36.162468899799997 ], [ -115.2713025, 36.1624715998 ], [ -115.2713214, 36.1624715998 ], [ -115.2713214, 36.162474299799996 ], [ -115.2713457, 36.162474299799996 ], [ -115.2713457, 36.162476999799999 ], [ -115.2713619, 36.162476999799999 ], [ -115.2713619, 36.162479699800002 ], [ -115.2713673, 36.162479699800002 ], [ -115.2713673, 36.162485099800001 ], [ -115.27137, 36.162485099800001 ], [ -115.27137, 36.162552599800001 ], [ -115.2713727, 36.162552599800001 ], [ -115.2713727, 36.162574199799998 ], [ -115.27137, 36.162574199799998 ], [ -115.27137, 36.162579599799997 ], [ -115.2713646, 36.162579599799997 ], [ -115.2713646, 36.1625822998 ], [ -115.2713619, 36.1625822998 ], [ -115.2713619, 36.1625876998 ], [ -115.2713592, 36.1625876998 ], [ -115.2713592, 36.162593099799999 ], [ -115.2713619, 36.162593099799999 ], [ -115.2713619, 36.162601199800001 ], [ -115.2713592, 36.162601199800001 ], [ -115.2713592, 36.162603899799997 ], [ -115.2713403, 36.162603899799997 ], [ -115.2713403, 36.1626065998 ] ] ] } },
{ "type": "Feature", "properties": { "value": 255.0 }, "geometry": { "type": "Polygon", "coordinates": [ [ [ -115.2718641, 36.162601199800001 ], [ -115.2718182, 36.162601199800001 ], [ -115.2718182, 36.162598499799998 ], [ -115.2718155, 36.162598499799998 ], [ -115.2718155, 36.1624715998 ], [ -115.2718182, 36.1624715998 ], [ -115.2718182, 36.162468899799997 ], [ -115.2718236, 36.162468899799997 ], [ -115.2718236, 36.162466199800001 ], [ -115.271853299999989, 36.162466199800001 ], [ -115.271853299999989, 36.162468899799997 ], [ -115.2718641, 36.162468899799997 ], [ -115.2718641, 36.162466199800001 ], [ -115.2718749, 36.162466199800001 ], [ -115.2718749, 36.162463499799998 ], [ -115.271883, 36.162463499799998 ], [ -115.271883, 36.162460799800002 ], [ -115.2719127, 36.162460799800002 ], [ -115.2719127, 36.162463499799998 ], [ -115.2719154, 36.162463499799998 ], [ -115.2719154, 36.162466199800001 ], [ -115.2719181, 36.162466199800001 ], [ -115.2719181, 36.162552599800001 ], [ -115.2719208, 36.162552599800001 ], [ -115.2719208, 36.162566099800003 ], [ -115.2719181, 36.162566099800003 ], [ -115.2719181, 36.162571499800002 ], [ -115.2719019, 36.162571499800002 ], [ -115.2719019, 36.162574199799998 ], [ -115.2718884, 36.162574199799998 ], [ -115.2718884, 36.162576899800001 ], [ -115.271883, 36.162576899800001 ], [ -115.271883, 36.162579599799997 ], [ -115.2718803, 36.162579599799997 ], [ -115.2718803, 36.162593099799999 ], [ -115.2718776, 36.162593099799999 ], [ -115.2718776, 36.162595799800002 ], [ -115.2718749, 36.162595799800002 ], [ -115.2718749, 36.162598499799998 ], [ -115.2718641, 36.162598499799998 ], [ -115.2718641, 36.162601199800001 ] ] ] } },
{ "type": "Feature", "properties": { "value": 255.0 }, "geometry": { "type": "Polygon", "coordinates": [ [ [ -115.2715752, 36.1625876998 ], [ -115.2715617, 36.1625876998 ], [ -115.2715617, 36.162584999799996 ], [ -115.2715563, 36.162584999799996 ], [ -115.2715563, 36.1625822998 ], [ -115.2715401, 36.1625822998 ], [ -115.2715401, 36.162579599799997 ], [ -115.2715374, 36.162579599799997 ], [ -115.2715374, 36.162498599800003 ], [ -115.2715401, 36.162498599800003 ], [ -115.2715401, 36.1624715998 ], [ -115.2715428, 36.1624715998 ], [ -115.2715428, 36.162466199800001 ], [ -115.2715617, 36.162466199800001 ], [ -115.2715617, 36.162463499799998 ], [ -115.2715806, 36.162463499799998 ], [ -115.2715806, 36.162460799800002 ], [ -115.2716022, 36.162460799800002 ], [ -115.2716022, 36.162458099799998 ], [ -115.2716427, 36.162458099799998 ], [ -115.2716427, 36.162460799800002 ], [ -115.2716454, 36.162460799800002 ], [ -115.2716454, 36.162557999800001 ], [ -115.2716427, 36.162557999800001 ], [ -115.2716427, 36.162560699799997 ], [ -115.27164, 36.162560699799997 ], [ -115.27164, 36.1625633998 ], [ -115.2716373, 36.1625633998 ], [ -115.2716373, 36.162568799799999 ], [ -115.2716346, 36.162568799799999 ], [ -115.2716346, 36.162574199799998 ], [ -115.2716319, 36.162574199799998 ], [ -115.2716319, 36.162576899800001 ], [ -115.2716238, 36.162576899800001 ], [ -115.2716238, 36.162579599799997 ], [ -115.2716076, 36.162579599799997 ], [ -115.2716076, 36.1625822998 ], [ -115.2715914, 36.1625822998 ], [ -115.2715914, 36.162584999799996 ], [ -115.2715752, 36.162584999799996 ], [ -115.2715752, 36.1625876998 ] ] ] } },
{ "type": "Feature", "properties": { "value": 255.0 }, "geometry": { "type": "Polygon", "coordinates": [ [ [ -115.271478, 36.162593099799999 ], [ -115.2714456, 36.162593099799999 ], [ -115.2714456, 36.162590399800003 ], [ -115.2714186, 36.162590399800003 ], [ -115.2714186, 36.1625876998 ], [ -115.2714159, 36.1625876998 ], [ -115.2714159, 36.162584999799996 ], [ -115.2714132, 36.162584999799996 ], [ -115.2714132, 36.162579599799997 ], [ -115.2714105, 36.162579599799997 ], [ -115.2714105, 36.162576899800001 ], [ -115.2714078, 36.162576899800001 ], [ -115.2714078, 36.162571499800002 ], [ -115.2714051, 36.162571499800002 ], [ -115.2714051, 36.162566099800003 ], [ -115.2714024, 36.162566099800003 ], [ -115.2714024, 36.162536399799997 ], [ -115.271399699999989, 36.162536399799997 ], [ -115.271399699999989, 36.162476999799999 ], [ -115.2714024, 36.162476999799999 ], [ -115.2714024, 36.1624715998 ], [ -115.2714051, 36.1624715998 ], [ -115.2714051, 36.162468899799997 ], [ -115.2714807, 36.162468899799997 ], [ -115.2714807, 36.1624715998 ], [ -115.271505, 36.1624715998 ], [ -115.271505, 36.162474299799996 ], [ -115.2715077, 36.162474299799996 ], [ -115.2715077, 36.162476999799999 ], [ -115.2715104, 36.162476999799999 ], [ -115.2715104, 36.162482399799998 ], [ -115.2715131, 36.162482399799998 ], [ -115.2715131, 36.162487799799997 ], [ -115.2715104, 36.162487799799997 ], [ -115.2715104, 36.162557999800001 ], [ -115.2715131, 36.162557999800001 ], [ -115.2715131, 36.162579599799997 ], [ -115.2715104, 36.162579599799997 ], [ -115.2715104, 36.1625876998 ], [ -115.2714969, 36.1625876998 ], [ -115.2714969, 36.162590399800003 ], [ -115.271478, 36.162590399800003 ], [ -115.271478, 36.162593099799999 ] ] ] } },
{ "type": "Feature", "properties": { "value": 255.0 }, "geometry": { "type": "Polygon", "coordinates": [ [ [ -115.272045, 36.162574199799998 ], [ -115.2720423, 36.162574199799998 ], [ -115.2720423, 36.162571499800002 ], [ -115.2720396, 36.162571499800002 ], [ -115.2720396, 36.162574199799998 ], [ -115.2720126, 36.162574199799998 ], [ -115.2720126, 36.162571499800002 ], [ -115.2719667, 36.162571499800002 ], [ -115.2719667, 36.162568799799999 ], [ -115.271964, 36.162568799799999 ], [ -115.271964, 36.162552599800001 ], [ -115.2719667, 36.162552599800001 ], [ -115.2719667, 36.1625390998 ], [ -115.271964, 36.1625390998 ], [ -115.271964, 36.162528299800002 ], [ -115.2719667, 36.162528299800002 ], [ -115.2719667, 36.1625147998 ], [ -115.271964, 36.1625147998 ], [ -115.271964, 36.162466199800001 ], [ -115.2719667, 36.162466199800001 ], [ -115.2719667, 36.162460799800002 ], [ -115.2719694, 36.162460799800002 ], [ -115.2719694, 36.162458099799998 ], [ -115.271991, 36.162458099799998 ], [ -115.271991, 36.162455399800002 ], [ -115.2719937, 36.162455399800002 ], [ -115.2719937, 36.162449999799996 ], [ -115.2719964, 36.162449999799996 ], [ -115.2719964, 36.1624472998 ], [ -115.2719991, 36.1624472998 ], [ -115.2719991, 36.162444599799997 ], [ -115.2720018, 36.162444599799997 ], [ -115.2720018, 36.162441899800001 ], [ -115.272045, 36.162441899800001 ], [ -115.272045, 36.162439199799998 ], [ -115.2720585, 36.162439199799998 ], [ -115.2720585, 36.162441899800001 ], [ -115.2720612, 36.162441899800001 ], [ -115.2720612, 36.1624472998 ], [ -115.2720639, 36.1624472998 ], [ -115.2720639, 36.162468899799997 ], [ -115.2720666, 36.162468899799997 ], [ -115.2720666, 36.162476999799999 ], [ -115.2720693, 36.162476999799999 ], [ -115.2720693, 36.162568799799999 ], [ -115.2720666, 36.162568799799999 ], [ -115.2720666, 36.162571499800002 ], [ -115.272045, 36.162571499800002 ], [ -115.272045, 36.162574199799998 ] ] ] } },
{ "type": "Feature", "properties": { "value": 255.0 }, "geometry": { "type": "Polygon", "coordinates": [ [ [ -115.272126, 36.1625822998 ], [ -115.2721206, 36.1625822998 ], [ -115.2721206, 36.162579599799997 ], [ -115.2721125, 36.162579599799997 ], [ -115.2721125, 36.162576899800001 ], [ -115.2721071, 36.162576899800001 ], [ -115.2721071, 36.162579599799997 ], [ -115.2721017, 36.162579599799997 ], [ -115.2721017, 36.162576899800001 ], [ -115.272099, 36.162576899800001 ], [ -115.272099, 36.162571499800002 ], [ -115.2720963, 36.162571499800002 ], [ -115.2720963, 36.162493199799997 ], [ -115.2720936, 36.162493199799997 ], [ -115.2720936, 36.162485099800001 ], [ -115.2720963, 36.162485099800001 ], [ -115.2720963, 36.162482399799998 ], [ -115.2720936, 36.162482399799998 ], [ -115.2720936, 36.162460799800002 ], [ -115.2720963, 36.162460799800002 ], [ -115.2720963, 36.162455399800002 ], [ -115.272099, 36.162455399800002 ], [ -115.272099, 36.162452699799999 ], [ -115.2721125, 36.162452699799999 ], [ -115.2721125, 36.162455399800002 ], [ -115.2721314, 36.162455399800002 ], [ -115.2721314, 36.162452699799999 ], [ -115.272153, 36.162452699799999 ], [ -115.272153, 36.162449999799996 ], [ -115.2721638, 36.162449999799996 ], [ -115.2721638, 36.1624472998 ], [ -115.2721935, 36.1624472998 ], [ -115.2721935, 36.162449999799996 ], [ -115.2722016, 36.162449999799996 ], [ -115.2722016, 36.162455399800002 ], [ -115.2722043, 36.162455399800002 ], [ -115.2722043, 36.162482399799998 ], [ -115.272207, 36.162482399799998 ], [ -115.272207, 36.162493199799997 ], [ -115.2722043, 36.162493199799997 ], [ -115.2722043, 36.162547199800002 ], [ -115.2722016, 36.162547199800002 ], [ -115.2722016, 36.162549899799998 ], [ -115.2721989, 36.162549899799998 ], [ -115.2721989, 36.162555299799997 ], [ -115.2721962, 36.162555299799997 ], [ -115.2721962, 36.162560699799997 ], [ -115.2721935, 36.162560699799997 ], [ -115.2721935, 36.162566099800003 ], [ -115.2721908, 36.162566099800003 ], [ -115.2721908, 36.162568799799999 ], [ -115.2721854, 36.162568799799999 ], [ -115.2721854, 36.162571499800002 ], [ -115.2721665, 36.162571499800002 ], [ -115.2721665, 36.162574199799998 ], [ -115.2721476, 36.162574199799998 ], [ -115.2721476, 36.162576899800001 ], [ -115.2721341, 36.162576899800001 ], [ -115.2721341, 36.162579599799997 ], [ -115.272126, 36.162579599799997 ], [ -115.272126, 36.1625822998 ] ] ] } },
{ "type": "Feature", "properties": { "value": 255.0 }, "geometry": { "type": "Polygon", "coordinates": [ [ [ -115.2717453, 36.1626065998 ], [ -115.2717237, 36.1626065998 ], [ -115.2717237, 36.162603899799997 ], [ -115.2717156, 36.162603899799997 ], [ -115.2717156, 36.162601199800001 ], [ -115.2717129, 36.162601199800001 ], [ -115.2717129, 36.162598499799998 ], [ -115.2717102, 36.162598499799998 ], [ -115.2717102, 36.162584999799996 ], [ -115.2717075, 36.162584999799996 ], [ -115.2717075, 36.1625822998 ], [ -115.2717021, 36.1625822998 ], [ -115.2717021, 36.162579599799997 ], [ -115.271694, 36.162579599799997 ], [ -115.271694, 36.162576899800001 ], [ -115.2716886, 36.162576899800001 ], [ -115.2716886, 36.162574199799998 ], [ -115.2716859, 36.162574199799998 ], [ -115.2716859, 36.162525599799999 ], [ -115.2716886, 36.162525599799999 ], [ -115.2716886, 36.162468899799997 ], [ -115.2716913, 36.162468899799997 ], [ -115.2716913, 36.162466199800001 ], [ -115.2716994, 36.162466199800001 ], [ -115.2716994, 36.162463499799998 ], [ -115.271721, 36.162463499799998 ], [ -115.271721, 36.162460799800002 ], [ -115.2717237, 36.162460799800002 ], [ -115.2717237, 36.162449999799996 ], [ -115.2717264, 36.162449999799996 ], [ -115.2717264, 36.1624472998 ], [ -115.2717291, 36.1624472998 ], [ -115.2717291, 36.162444599799997 ], [ -115.2717372, 36.162444599799997 ], [ -115.2717372, 36.1624472998 ], [ -115.2717426, 36.1624472998 ], [ -115.2717426, 36.162452699799999 ], [ -115.2717399, 36.162452699799999 ], [ -115.2717399, 36.162455399800002 ], [ -115.2717372, 36.162455399800002 ], [ -115.2717372, 36.162458099799998 ], [ -115.2717291, 36.162458099799998 ], [ -115.2717291, 36.162463499799998 ], [ -115.2717318, 36.162463499799998 ], [ -115.2717318, 36.162466199800001 ], [ -115.2717372, 36.162466199800001 ], [ -115.2717372, 36.162468899799997 ], [ -115.2717426, 36.162468899799997 ], [ -115.2717426, 36.1624715998 ], [ -115.2717588, 36.1624715998 ], [ -115.2717588, 36.162474299799996 ], [ -115.2717723, 36.162474299799996 ], [ -115.2717723, 36.162476999799999 ], [ -115.271785799999989, 36.162476999799999 ], [ -115.271785799999989, 36.162479699800002 ], [ -115.2717885, 36.162479699800002 ], [ -115.2717885, 36.162482399799998 ], [ -115.2717912, 36.162482399799998 ], [ -115.2717912, 36.162533699800001 ], [ -115.2717885, 36.162533699800001 ], [ -115.2717885, 36.1625390998 ], [ -115.2717912, 36.1625390998 ], [ -115.2717912, 36.162574199799998 ], [ -115.2717885, 36.162574199799998 ], [ -115.2717885, 36.162576899800001 ], [ -115.271785799999989, 36.162576899800001 ], [ -115.271785799999989, 36.162579599799997 ], [ -115.2717831, 36.162579599799997 ], [ -115.2717831, 36.162601199800001 ], [ -115.2717723, 36.162601199800001 ], [ -115.2717723, 36.162603899799997 ], [ -115.2717453, 36.162603899799997 ], [ -115.2717453, 36.1626065998 ] ] ] } },
{ "type": "Feature", "properties": { "value": 255.0 }, "geometry": { "type": "Polygon", "coordinates": [ [ [ -115.2708651, 36.162601199800001 ], [ -115.2708381, 36.162601199800001 ], [ -115.2708381, 36.162598499799998 ], [ -115.2708354, 36.162598499799998 ], [ -115.2708354, 36.162595799800002 ], [ -115.2708327, 36.162595799800002 ], [ -115.2708327, 36.162571499800002 ], [ -115.27083, 36.162571499800002 ], [ -115.27083, 36.1625633998 ], [ -115.2708273, 36.1625633998 ], [ -115.2708273, 36.162555299799997 ], [ -115.27083, 36.162555299799997 ], [ -115.27083, 36.162544499799999 ], [ -115.2708273, 36.162544499799999 ], [ -115.2708273, 36.162528299800002 ], [ -115.27083, 36.162528299800002 ], [ -115.27083, 36.162474299799996 ], [ -115.2708327, 36.162474299799996 ], [ -115.2708327, 36.162460799800002 ], [ -115.27083, 36.162460799800002 ], [ -115.27083, 36.162455399800002 ], [ -115.2708273, 36.162455399800002 ], [ -115.2708273, 36.1624472998 ], [ -115.27083, 36.1624472998 ], [ -115.27083, 36.162433799799999 ], [ -115.2708327, 36.162433799799999 ], [ -115.2708327, 36.162425699799996 ], [ -115.2708354, 36.162425699799996 ], [ -115.2708354, 36.1624229998 ], [ -115.2708867, 36.1624229998 ], [ -115.2708867, 36.162420299799997 ], [ -115.2709218, 36.162420299799997 ], [ -115.2709218, 36.162417599800001 ], [ -115.271019, 36.162417599800001 ], [ -115.271019, 36.162420299799997 ], [ -115.2710271, 36.162420299799997 ], [ -115.2710271, 36.1624229998 ], [ -115.2710352, 36.1624229998 ], [ -115.2710352, 36.162455399800002 ], [ -115.271046, 36.162455399800002 ], [ -115.271046, 36.162458099799998 ], [ -115.2710487, 36.162458099799998 ], [ -115.2710487, 36.162476999799999 ], [ -115.2710514, 36.162476999799999 ], [ -115.2710514, 36.162501299799999 ], [ -115.2710541, 36.162501299799999 ], [ -115.2710541, 36.162544499799999 ], [ -115.2710514, 36.162544499799999 ], [ -115.2710514, 36.162579599799997 ], [ -115.2710487, 36.162579599799997 ], [ -115.2710487, 36.162593099799999 ], [ -115.271046, 36.162593099799999 ], [ -115.271046, 36.162595799800002 ], [ -115.271013599999989, 36.162595799800002 ], [ -115.271013599999989, 36.162598499799998 ], [ -115.2709704, 36.162598499799998 ], [ -115.2709704, 36.162595799800002 ], [ -115.270965, 36.162595799800002 ], [ -115.270965, 36.162593099799999 ], [ -115.2709623, 36.162593099799999 ], [ -115.2709623, 36.162590399800003 ], [ -115.2709596, 36.162590399800003 ], [ -115.2709596, 36.162584999799996 ], [ -115.2709569, 36.162584999799996 ], [ -115.2709569, 36.1625822998 ], [ -115.2709542, 36.1625822998 ], [ -115.2709542, 36.162579599799997 ], [ -115.270927199999988, 36.162579599799997 ], [ -115.270927199999988, 36.1625822998 ], [ -115.2709245, 36.1625822998 ], [ -115.2709245, 36.162584999799996 ], [ -115.2709218, 36.162584999799996 ], [ -115.2709218, 36.162590399800003 ], [ -115.2709191, 36.162590399800003 ], [ -115.2709191, 36.162593099799999 ], [ -115.2709164, 36.162593099799999 ], [ -115.2709164, 36.162595799800002 ], [ -115.2709137, 36.162595799800002 ], [ -115.2709137, 36.162598499799998 ], [ -115.2708651, 36.162598499799998 ], [ -115.2708651, 36.162601199800001 ] ] ] } },
{ "type": "Feature", "properties": { "value": 255.0 }, "geometry": { "type": "Polygon", "coordinates": [ [ [ -115.2706734, 36.162603899799997 ], [ -115.2706626, 36.162603899799997 ], [ -115.2706626, 36.162425699799996 ], [ -115.270705799999988, 36.162425699799996 ], [ -115.270705799999988, 36.1624283998 ], [ -115.2707085, 36.1624283998 ], [ -115.2707085, 36.162431099800003 ], [ -115.2707112, 36.162431099800003 ], [ -115.2707112, 36.162439199799998 ], [ -115.2707139, 36.162439199799998 ], [ -115.2707139, 36.162458099799998 ], [ -115.2707166, 36.162458099799998 ], [ -115.2707166, 36.162468899799997 ], [ -115.2707139, 36.162468899799997 ], [ -115.2707139, 36.162479699800002 ], [ -115.2707166, 36.162479699800002 ], [ -115.2707166, 36.162498599800003 ], [ -115.2707193, 36.162498599800003 ], [ -115.2707193, 36.162549899799998 ], [ -115.2707166, 36.162549899799998 ], [ -115.2707166, 36.162584999799996 ], [ -115.2707139, 36.162584999799996 ], [ -115.2707139, 36.162598499799998 ], [ -115.2707085, 36.162598499799998 ], [ -115.2707085, 36.162601199800001 ], [ -115.2706734, 36.162601199800001 ], [ -115.2706734, 36.162603899799997 ] ] ] } },
{ "type": "Feature", "properties": { "value": 255.0 }, "geometry": { "type": "Polygon", "coordinates": [ [ [ -115.2712863, 36.162333899799997 ], [ -115.2712836, 36.162333899799997 ], [ -115.2712836, 36.162331199800001 ], [ -115.2712701, 36.162331199800001 ], [ -115.2712701, 36.162328499799997 ], [ -115.271262, 36.162328499799997 ], [ -115.271262, 36.162320399800002 ], [ -115.2712593, 36.162320399800002 ], [ -115.2712593, 36.162271799799996 ], [ -115.2712566, 36.162271799799996 ], [ -115.2712566, 36.162228599800002 ], [ -115.2712539, 36.162228599800002 ], [ -115.2712539, 36.162212399799998 ], [ -115.2712566, 36.162212399799998 ], [ -115.2712566, 36.162182699799999 ], [ -115.2712593, 36.162182699799999 ], [ -115.2712593, 36.162179999799996 ], [ -115.271262, 36.162179999799996 ], [ -115.271262, 36.1621772998 ], [ -115.2712998, 36.1621772998 ], [ -115.2712998, 36.162174599799997 ], [ -115.2713079, 36.162174599799997 ], [ -115.2713079, 36.1621772998 ], [ -115.2713241, 36.1621772998 ], [ -115.2713241, 36.162179999799996 ], [ -115.2713592, 36.162179999799996 ], [ -115.2713592, 36.162182699799999 ], [ -115.2713646, 36.162182699799999 ], [ -115.2713646, 36.162193499799997 ], [ -115.2713673, 36.162193499799997 ], [ -115.2713673, 36.162206999799999 ], [ -115.2713646, 36.162206999799999 ], [ -115.2713646, 36.162255599799998 ], [ -115.2713673, 36.162255599799998 ], [ -115.2713673, 36.162325799800001 ], [ -115.2713646, 36.162325799800001 ], [ -115.2713646, 36.162328499799997 ], [ -115.2713214, 36.162328499799997 ], [ -115.2713214, 36.162331199800001 ], [ -115.2712863, 36.162331199800001 ], [ -115.2712863, 36.162333899799997 ] ] ] } },
{ "type": "Feature", "properties": { "value": 255.0 }, "geometry": { "type": "Polygon", "coordinates": [ [ [ -115.2714429, 36.162317699799999 ], [ -115.2714132, 36.162317699799999 ], [ -115.2714132, 36.162296099800002 ], [ -115.2714105, 36.162296099800002 ], [ -115.2714105, 36.162201599799999 ], [ -115.2714159, 36.162201599799999 ], [ -115.2714159, 36.162198899799996 ], [ -115.2714213, 36.162198899799996 ], [ -115.2714213, 36.162193499799997 ], [ -115.271424, 36.162193499799997 ], [ -115.271424, 36.162179999799996 ], [ -115.2714267, 36.162179999799996 ], [ -115.2714267, 36.162169199799997 ], [ -115.2714294, 36.162169199799997 ], [ -115.2714294, 36.162166499800001 ], [ -115.2714321, 36.162166499800001 ], [ -115.2714321, 36.162163799799998 ], [ -115.2714996, 36.162163799799998 ], [ -115.2714996, 36.162166499800001 ], [ -115.2715023, 36.162166499800001 ], [ -115.2715023, 36.162169199799997 ], [ -115.271505, 36.162169199799997 ], [ -115.271505, 36.162201599799999 ], [ -115.2715077, 36.162201599799999 ], [ -115.2715077, 36.1622204998 ], [ -115.2715104, 36.1622204998 ], [ -115.2715104, 36.162301499800002 ], [ -115.2715077, 36.162301499800002 ], [ -115.2715077, 36.162304199799998 ], [ -115.2715023, 36.162304199799998 ], [ -115.2715023, 36.162306899800001 ], [ -115.2714726, 36.162306899800001 ], [ -115.2714726, 36.162309599799997 ], [ -115.2714618, 36.162309599799997 ], [ -115.2714618, 36.1623122998 ], [ -115.2714537, 36.1623122998 ], [ -115.2714537, 36.162314999799996 ], [ -115.2714429, 36.162314999799996 ], [ -115.2714429, 36.162317699799999 ] ] ] } },
{ "type": "Feature", "properties": { "value": 255.0 }, "geometry": { "type": "Polygon", "coordinates": [ [ [ -115.2719127, 36.162285299799997 ], [ -115.2718965, 36.162285299799997 ], [ -115.2718965, 36.162282599800001 ], [ -115.2718803, 36.162282599800001 ], [ -115.2718803, 36.162279899799998 ], [ -115.2718668, 36.162279899799998 ], [ -115.2718668, 36.162277199800002 ], [ -115.271829, 36.162277199800002 ], [ -115.271829, 36.162274499799999 ], [ -115.2718182, 36.162274499799999 ], [ -115.2718182, 36.162271799799996 ], [ -115.2718155, 36.162271799799996 ], [ -115.2718155, 36.162252899800002 ], [ -115.2718128, 36.162252899800002 ], [ -115.2718128, 36.162179999799996 ], [ -115.2718155, 36.162179999799996 ], [ -115.2718155, 36.162171899800001 ], [ -115.2718209, 36.162171899800001 ], [ -115.2718209, 36.162169199799997 ], [ -115.271829, 36.162169199799997 ], [ -115.271829, 36.162166499800001 ], [ -115.2718317, 36.162166499800001 ], [ -115.2718317, 36.162161099800002 ], [ -115.2718344, 36.162161099800002 ], [ -115.2718344, 36.1621529998 ], [ -115.2718317, 36.1621529998 ], [ -115.2718317, 36.162147599800001 ], [ -115.271829, 36.162147599800001 ], [ -115.271829, 36.162144899799998 ], [ -115.2718263, 36.162144899799998 ], [ -115.2718263, 36.162136799799995 ], [ -115.271829, 36.162136799799995 ], [ -115.271829, 36.162134099799999 ], [ -115.2718398, 36.162134099799999 ], [ -115.2718398, 36.162131399799996 ], [ -115.2718506, 36.162131399799996 ], [ -115.2718506, 36.162134099799999 ], [ -115.2718722, 36.162134099799999 ], [ -115.2718722, 36.162131399799996 ], [ -115.2718803, 36.162131399799996 ], [ -115.2718803, 36.162134099799999 ], [ -115.2718884, 36.162134099799999 ], [ -115.2718884, 36.162136799799995 ], [ -115.2718911, 36.162136799799995 ], [ -115.2718911, 36.1621529998 ], [ -115.2718884, 36.1621529998 ], [ -115.2718884, 36.162161099800002 ], [ -115.2718911, 36.162161099800002 ], [ -115.2718911, 36.162169199799997 ], [ -115.2718938, 36.162169199799997 ], [ -115.2718938, 36.162171899800001 ], [ -115.2719127, 36.162171899800001 ], [ -115.2719127, 36.162174599799997 ], [ -115.2719154, 36.162174599799997 ], [ -115.2719154, 36.1622204998 ], [ -115.2719181, 36.1622204998 ], [ -115.2719181, 36.162282599800001 ], [ -115.2719127, 36.162282599800001 ], [ -115.2719127, 36.162285299799997 ] ] ] } },
{ "type": "Feature", "properties": { "value": 255.0 }, "geometry": { "type": "Polygon", "coordinates": [ [ [ -115.2716427, 36.162274499799999 ], [ -115.2715995, 36.162274499799999 ], [ -115.2715995, 36.162271799799996 ], [ -115.2715428, 36.162271799799996 ], [ -115.2715428, 36.1622690998 ], [ -115.2715401, 36.1622690998 ], [ -115.2715401, 36.162266399799996 ], [ -115.2715374, 36.162266399799996 ], [ -115.2715374, 36.162217799799997 ], [ -115.271534699999989, 36.162217799799997 ], [ -115.271534699999989, 36.162123299800001 ], [ -115.2716076, 36.162123299800001 ], [ -115.2716076, 36.162125999799997 ], [ -115.2716103, 36.162125999799997 ], [ -115.2716103, 36.1621286998 ], [ -115.271613, 36.1621286998 ], [ -115.271613, 36.162142199800002 ], [ -115.2716157, 36.162142199800002 ], [ -115.2716157, 36.162147599800001 ], [ -115.2716184, 36.162147599800001 ], [ -115.2716184, 36.162150299799997 ], [ -115.2716265, 36.162150299799997 ], [ -115.2716265, 36.1621529998 ], [ -115.2716319, 36.1621529998 ], [ -115.2716319, 36.162155699799996 ], [ -115.2716346, 36.162155699799996 ], [ -115.2716346, 36.162158399799999 ], [ -115.2716373, 36.162158399799999 ], [ -115.2716373, 36.162163799799998 ], [ -115.27164, 36.162163799799998 ], [ -115.27164, 36.162169199799997 ], [ -115.2716427, 36.162169199799997 ], [ -115.2716427, 36.1621772998 ], [ -115.2716454, 36.1621772998 ], [ -115.2716454, 36.162271799799996 ], [ -115.2716427, 36.162271799799996 ], [ -115.2716427, 36.162274499799999 ] ] ] } },
{ "type": "Feature", "properties": { "value": 255.0 }, "geometry": { "type": "Polygon", "coordinates": [ [ [ -115.2722016, 36.162279899799998 ], [ -115.272153, 36.162279899799998 ], [ -115.272153, 36.162277199800002 ], [ -115.2721017, 36.162277199800002 ], [ -115.2721017, 36.162274499799999 ], [ -115.272099, 36.162274499799999 ], [ -115.272099, 36.162271799799996 ], [ -115.2720963, 36.162271799799996 ], [ -115.2720963, 36.1622636998 ], [ -115.2720936, 36.1622636998 ], [ -115.2720936, 36.162258299800001 ], [ -115.2720963, 36.162258299800001 ], [ -115.2720963, 36.162255599799998 ], [ -115.2720936, 36.162255599799998 ], [ -115.2720936, 36.162206999799999 ], [ -115.2720963, 36.162206999799999 ], [ -115.2720963, 36.1621772998 ], [ -115.2720936, 36.1621772998 ], [ -115.2720936, 36.1621286998 ], [ -115.2720963, 36.1621286998 ], [ -115.2720963, 36.162125999799997 ], [ -115.2721179, 36.162125999799997 ], [ -115.2721179, 36.1621286998 ], [ -115.2721314, 36.1621286998 ], [ -115.2721314, 36.162125999799997 ], [ -115.2721638, 36.162125999799997 ], [ -115.2721638, 36.1621286998 ], [ -115.2721692, 36.1621286998 ], [ -115.2721692, 36.162134099799999 ], [ -115.2721719, 36.162134099799999 ], [ -115.2721719, 36.162150299799997 ], [ -115.2721746, 36.162150299799997 ], [ -115.2721746, 36.162155699799996 ], [ -115.27218, 36.162155699799996 ], [ -115.27218, 36.162158399799999 ], [ -115.2721854, 36.162158399799999 ], [ -115.2721854, 36.162161099800002 ], [ -115.2721881, 36.162161099800002 ], [ -115.2721881, 36.162163799799998 ], [ -115.2721908, 36.162163799799998 ], [ -115.2721908, 36.162166499800001 ], [ -115.2721935, 36.162166499800001 ], [ -115.2721935, 36.162171899800001 ], [ -115.2721962, 36.162171899800001 ], [ -115.2721962, 36.162174599799997 ], [ -115.2721989, 36.162174599799997 ], [ -115.2721989, 36.1621772998 ], [ -115.2722016, 36.1621772998 ], [ -115.2722016, 36.162188099799998 ], [ -115.2722043, 36.162188099799998 ], [ -115.2722043, 36.162236699799998 ], [ -115.2722016, 36.162236699799998 ], [ -115.2722016, 36.162258299800001 ], [ -115.2722043, 36.162258299800001 ], [ -115.2722043, 36.162277199800002 ], [ -115.2722016, 36.162277199800002 ], [ -115.2722016, 36.162279899799998 ] ] ] } },
{ "type": "Feature", "properties": { "value": 255.0 }, "geometry": { "type": "Polygon", "coordinates": [ [ [ -115.2710541, 36.162296099800002 ], [ -115.2710055, 36.162296099800002 ], [ -115.2710055, 36.162293399799999 ], [ -115.2709731, 36.162293399799999 ], [ -115.2709731, 36.162290699799996 ], [ -115.270965, 36.162290699799996 ], [ -115.270965, 36.162293399799999 ], [ -115.2709353, 36.162293399799999 ], [ -115.2709353, 36.162290699799996 ], [ -115.2709326, 36.162290699799996 ], [ -115.2709326, 36.162279899799998 ], [ -115.2709299, 36.162279899799998 ], [ -115.2709299, 36.162250199799999 ], [ -115.270927199999988, 36.162250199799999 ], [ -115.270927199999988, 36.162242099799997 ], [ -115.2709299, 36.162242099799997 ], [ -115.2709299, 36.162223199799996 ], [ -115.2709326, 36.162223199799996 ], [ -115.2709326, 36.162190799800001 ], [ -115.2709299, 36.162190799800001 ], [ -115.2709299, 36.162179999799996 ], [ -115.270927199999988, 36.162179999799996 ], [ -115.270927199999988, 36.162144899799998 ], [ -115.2709299, 36.162144899799998 ], [ -115.2709299, 36.162117899800002 ], [ -115.2709326, 36.162117899800002 ], [ -115.2709326, 36.162115199799999 ], [ -115.2709515, 36.162115199799999 ], [ -115.2709515, 36.162112499799996 ], [ -115.2709704, 36.162112499799996 ], [ -115.2709704, 36.162115199799999 ], [ -115.2710865, 36.162115199799999 ], [ -115.2710865, 36.162117899800002 ], [ -115.271129699999989, 36.162117899800002 ], [ -115.271129699999989, 36.162120599799998 ], [ -115.2711378, 36.162120599799998 ], [ -115.2711378, 36.162123299800001 ], [ -115.2711405, 36.162123299800001 ], [ -115.2711405, 36.162125999799997 ], [ -115.2711432, 36.162125999799997 ], [ -115.2711432, 36.162131399799996 ], [ -115.2711459, 36.162131399799996 ], [ -115.2711459, 36.162144899799998 ], [ -115.271148599999989, 36.162144899799998 ], [ -115.271148599999989, 36.162155699799996 ], [ -115.2711513, 36.162155699799996 ], [ -115.2711513, 36.162182699799999 ], [ -115.271148599999989, 36.162182699799999 ], [ -115.271148599999989, 36.162190799800001 ], [ -115.2711459, 36.162190799800001 ], [ -115.2711459, 36.162228599800002 ], [ -115.271148599999989, 36.162228599800002 ], [ -115.271148599999989, 36.162266399799996 ], [ -115.2711459, 36.162266399799996 ], [ -115.2711459, 36.1622879998 ], [ -115.2711432, 36.1622879998 ], [ -115.2711432, 36.162290699799996 ], [ -115.2711378, 36.162290699799996 ], [ -115.2711378, 36.162293399799999 ], [ -115.271129699999989, 36.162293399799999 ], [ -115.271129699999989, 36.162290699799996 ], [ -115.2711, 36.162290699799996 ], [ -115.2711, 36.162293399799999 ], [ -115.2710541, 36.162293399799999 ], [ -115.2710541, 36.162296099800002 ] ] ] } },
{ "type": "Feature", "properties": { "value": 255.0 }, "geometry": { "type": "Polygon", "coordinates": [ [ [ -115.2717534, 36.162279899799998 ], [ -115.2716832, 36.162279899799998 ], [ -115.2716832, 36.162277199800002 ], [ -115.2716805, 36.162277199800002 ], [ -115.2716805, 36.162274499799999 ], [ -115.2716778, 36.162274499799999 ], [ -115.2716778, 36.162242099799997 ], [ -115.2716751, 36.162242099799997 ], [ -115.2716751, 36.162182699799999 ], [ -115.2716778, 36.162182699799999 ], [ -115.2716778, 36.162134099799999 ], [ -115.2716832, 36.162134099799999 ], [ -115.2716832, 36.162131399799996 ], [ -115.2716994, 36.162131399799996 ], [ -115.2716994, 36.1621286998 ], [ -115.271718299999989, 36.1621286998 ], [ -115.271718299999989, 36.162125999799997 ], [ -115.2717237, 36.162125999799997 ], [ -115.2717237, 36.162123299800001 ], [ -115.2717291, 36.162123299800001 ], [ -115.2717291, 36.162120599799998 ], [ -115.2717318, 36.162120599799998 ], [ -115.2717318, 36.162117899800002 ], [ -115.2717372, 36.162117899800002 ], [ -115.2717372, 36.162115199799999 ], [ -115.2717669, 36.162115199799999 ], [ -115.2717669, 36.162112499799996 ], [ -115.2717723, 36.162112499799996 ], [ -115.2717723, 36.162115199799999 ], [ -115.2717804, 36.162115199799999 ], [ -115.2717804, 36.162147599800001 ], [ -115.2717831, 36.162147599800001 ], [ -115.2717831, 36.1621772998 ], [ -115.2717804, 36.1621772998 ], [ -115.2717804, 36.162188099799998 ], [ -115.2717831, 36.162188099799998 ], [ -115.2717831, 36.162271799799996 ], [ -115.2717804, 36.162271799799996 ], [ -115.2717804, 36.162277199800002 ], [ -115.2717534, 36.162277199800002 ], [ -115.2717534, 36.162279899799998 ] ] ] } },
{ "type": "Feature", "properties": { "value": 255.0 }, "geometry": { "type": "Polygon", "coordinates": [ [ [ -115.2719883, 36.162279899799998 ], [ -115.2719802, 36.162279899799998 ], [ -115.2719802, 36.162277199800002 ], [ -115.2719721, 36.162277199800002 ], [ -115.2719721, 36.162274499799999 ], [ -115.2719694, 36.162274499799999 ], [ -115.2719694, 36.162271799799996 ], [ -115.2719667, 36.162271799799996 ], [ -115.2719667, 36.162266399799996 ], [ -115.271964, 36.162266399799996 ], [ -115.271964, 36.1622447998 ], [ -115.2719613, 36.1622447998 ], [ -115.2719613, 36.162185399800002 ], [ -115.271964, 36.162185399800002 ], [ -115.271964, 36.162169199799997 ], [ -115.2719667, 36.162169199799997 ], [ -115.2719667, 36.162163799799998 ], [ -115.2719694, 36.162163799799998 ], [ -115.2719694, 36.162161099800002 ], [ -115.2719748, 36.162161099800002 ], [ -115.2719748, 36.162158399799999 ], [ -115.2719775, 36.162158399799999 ], [ -115.2719775, 36.162155699799996 ], [ -115.2719802, 36.162155699799996 ], [ -115.2719802, 36.162147599800001 ], [ -115.2719829, 36.162147599800001 ], [ -115.2719829, 36.162136799799995 ], [ -115.2719802, 36.162136799799995 ], [ -115.2719802, 36.162125999799997 ], [ -115.2719829, 36.162125999799997 ], [ -115.2719829, 36.162123299800001 ], [ -115.2720396, 36.162123299800001 ], [ -115.2720396, 36.162125999799997 ], [ -115.2720477, 36.162125999799997 ], [ -115.2720477, 36.1621286998 ], [ -115.2720585, 36.1621286998 ], [ -115.2720585, 36.162131399799996 ], [ -115.2720612, 36.162131399799996 ], [ -115.2720612, 36.162142199800002 ], [ -115.2720639, 36.162142199800002 ], [ -115.2720639, 36.1621529998 ], [ -115.2720612, 36.1621529998 ], [ -115.2720612, 36.162161099800002 ], [ -115.2720639, 36.162161099800002 ], [ -115.2720639, 36.162169199799997 ], [ -115.2720666, 36.162169199799997 ], [ -115.2720666, 36.1621772998 ], [ -115.2720693, 36.1621772998 ], [ -115.2720693, 36.162185399800002 ], [ -115.2720666, 36.162185399800002 ], [ -115.2720666, 36.1622636998 ], [ -115.2720639, 36.1622636998 ], [ -115.2720639, 36.162266399799996 ], [ -115.2720531, 36.162266399799996 ], [ -115.2720531, 36.1622690998 ], [ -115.272045, 36.1622690998 ], [ -115.272045, 36.162271799799996 ], [ -115.2720396, 36.162271799799996 ], [ -115.2720396, 36.1622690998 ], [ -115.2720261, 36.1622690998 ], [ -115.2720261, 36.162271799799996 ], [ -115.272018, 36.162271799799996 ], [ -115.272018, 36.162274499799999 ], [ -115.2720072, 36.162274499799999 ], [ -115.2720072, 36.162277199800002 ], [ -115.2719883, 36.162277199800002 ], [ -115.2719883, 36.162279899799998 ] ] ] } },
{ "type": "Feature", "properties": { "value": 255.0 }, "geometry": { "type": "Polygon", "coordinates": [ [ [ -115.270668, 36.162231299799998 ], [ -115.2706626, 36.162231299799998 ], [ -115.2706626, 36.162050399800002 ], [ -115.2706653, 36.162050399800002 ], [ -115.2706653, 36.162053099799998 ], [ -115.270668, 36.162053099799998 ], [ -115.270668, 36.162050399800002 ], [ -115.2706707, 36.162050399800002 ], [ -115.2706707, 36.162053099799998 ], [ -115.2706788, 36.162053099799998 ], [ -115.2706788, 36.162055799800001 ], [ -115.2706815, 36.162055799800001 ], [ -115.2706815, 36.162082799799997 ], [ -115.2706842, 36.162082799799997 ], [ -115.2706842, 36.162093599800002 ], [ -115.2706815, 36.162093599800002 ], [ -115.2706815, 36.1621043998 ], [ -115.2706842, 36.1621043998 ], [ -115.2706842, 36.162117899800002 ], [ -115.2706869, 36.162117899800002 ], [ -115.2706869, 36.162171899800001 ], [ -115.2706842, 36.162171899800001 ], [ -115.2706842, 36.162217799799997 ], [ -115.2706815, 36.162217799799997 ], [ -115.2706815, 36.162225899799999 ], [ -115.270676099999989, 36.162225899799999 ], [ -115.270676099999989, 36.162228599800002 ], [ -115.270668, 36.162228599800002 ], [ -115.270668, 36.162231299799998 ] ] ] } },
{ "type": "Feature", "properties": { "value": 255.0 }, "geometry": { "type": "Polygon", "coordinates": [ [ [ -115.2710649, 36.162026099800002 ], [ -115.2710352, 36.162026099800002 ], [ -115.2710352, 36.162023399799999 ], [ -115.270938, 36.162023399799999 ], [ -115.270938, 36.162020699799996 ], [ -115.2709353, 36.162020699799996 ], [ -115.2709353, 36.162015299799997 ], [ -115.2709326, 36.162015299799997 ], [ -115.2709326, 36.162001799799995 ], [ -115.2709299, 36.162001799799995 ], [ -115.2709299, 36.161985599799998 ], [ -115.270927199999988, 36.161985599799998 ], [ -115.270927199999988, 36.1618775998 ], [ -115.2709299, 36.1618775998 ], [ -115.2709299, 36.161847899800001 ], [ -115.2709353, 36.161847899800001 ], [ -115.2709353, 36.161845199799998 ], [ -115.2709569, 36.161845199799998 ], [ -115.2709569, 36.161842499799995 ], [ -115.2709731, 36.161842499799995 ], [ -115.2709731, 36.161845199799998 ], [ -115.2710703, 36.161845199799998 ], [ -115.2710703, 36.161842499799995 ], [ -115.2711081, 36.161842499799995 ], [ -115.2711081, 36.161845199799998 ], [ -115.271129699999989, 36.161845199799998 ], [ -115.271129699999989, 36.161847899800001 ], [ -115.2711378, 36.161847899800001 ], [ -115.2711378, 36.161850599799997 ], [ -115.2711405, 36.161850599799997 ], [ -115.2711405, 36.161853299800001 ], [ -115.2711432, 36.161853299800001 ], [ -115.2711432, 36.1618586998 ], [ -115.2711459, 36.1618586998 ], [ -115.2711459, 36.161869499799998 ], [ -115.271148599999989, 36.161869499799998 ], [ -115.271148599999989, 36.161909999799995 ], [ -115.2711459, 36.161909999799995 ], [ -115.2711459, 36.161912699799998 ], [ -115.2711405, 36.161912699799998 ], [ -115.2711405, 36.161915399800002 ], [ -115.2711351, 36.161915399800002 ], [ -115.2711351, 36.161918099799998 ], [ -115.2711324, 36.161918099799998 ], [ -115.2711324, 36.1619261998 ], [ -115.2711351, 36.1619261998 ], [ -115.2711351, 36.161936999799998 ], [ -115.2711324, 36.161936999799998 ], [ -115.2711324, 36.161939699800001 ], [ -115.271129699999989, 36.161939699800001 ], [ -115.271129699999989, 36.1619450998 ], [ -115.2711324, 36.1619450998 ], [ -115.2711324, 36.1619504998 ], [ -115.2711351, 36.1619504998 ], [ -115.2711351, 36.161953199799996 ], [ -115.2711378, 36.161953199799996 ], [ -115.2711378, 36.161955899799999 ], [ -115.2711405, 36.161955899799999 ], [ -115.2711405, 36.161958599800002 ], [ -115.2711432, 36.161958599800002 ], [ -115.2711432, 36.161961299799998 ], [ -115.2711459, 36.161961299799998 ], [ -115.2711459, 36.1619693998 ], [ -115.271148599999989, 36.1619693998 ], [ -115.271148599999989, 36.161990999799997 ], [ -115.2711459, 36.161990999799997 ], [ -115.2711459, 36.162015299799997 ], [ -115.2711432, 36.162015299799997 ], [ -115.2711432, 36.1620179998 ], [ -115.2711405, 36.1620179998 ], [ -115.2711405, 36.162020699799996 ], [ -115.2711243, 36.162020699799996 ], [ -115.2711243, 36.1620179998 ], [ -115.271110799999988, 36.1620179998 ], [ -115.271110799999988, 36.162020699799996 ], [ -115.2710973, 36.162020699799996 ], [ -115.2710973, 36.162023399799999 ], [ -115.2710649, 36.162023399799999 ], [ -115.2710649, 36.162026099800002 ] ] ] } },
{ "type": "Feature", "properties": { "value": 255.0 }, "geometry": { "type": "Polygon", "coordinates": [ [ [ -115.270676099999989, 36.1619504998 ], [ -115.2706626, 36.1619504998 ], [ -115.2706626, 36.161774999799995 ], [ -115.2706707, 36.161774999799995 ], [ -115.2706707, 36.161777699799998 ], [ -115.2706734, 36.161777699799998 ], [ -115.2706734, 36.161780399800001 ], [ -115.270676099999989, 36.161780399800001 ], [ -115.270676099999989, 36.161783099799997 ], [ -115.2706788, 36.161783099799997 ], [ -115.2706788, 36.161793899799996 ], [ -115.2706815, 36.161793899799996 ], [ -115.2706815, 36.161807399799997 ], [ -115.2706842, 36.161807399799997 ], [ -115.2706842, 36.161815499799999 ], [ -115.2706815, 36.161815499799999 ], [ -115.2706815, 36.161828999800001 ], [ -115.2706842, 36.161828999800001 ], [ -115.2706842, 36.161842499799995 ], [ -115.2706869, 36.161842499799995 ], [ -115.2706869, 36.161899199799997 ], [ -115.2706842, 36.161899199799997 ], [ -115.2706842, 36.161939699800001 ], [ -115.2706815, 36.161939699800001 ], [ -115.2706815, 36.161947799799997 ], [ -115.270676099999989, 36.161947799799997 ], [ -115.270676099999989, 36.1619504998 ] ] ] } },
{ "type": "Feature", "properties": { "value": 255.0 }, "geometry": { "type": "Polygon", "coordinates": [ [ [ -115.2715887, 36.161874899799997 ], [ -115.2715428, 36.161874899799997 ], [ -115.2715428, 36.161872199800001 ], [ -115.2715401, 36.161872199800001 ], [ -115.2715401, 36.161777699799998 ], [ -115.2715428, 36.161777699799998 ], [ -115.2715428, 36.161747999799999 ], [ -115.2715455, 36.161747999799999 ], [ -115.2715455, 36.1617425998 ], [ -115.2715509, 36.1617425998 ], [ -115.2715509, 36.161739899799997 ], [ -115.2715563, 36.161739899799997 ], [ -115.2715563, 36.161737199800001 ], [ -115.2715806, 36.161737199800001 ], [ -115.2715806, 36.161739899799997 ], [ -115.2716076, 36.161739899799997 ], [ -115.2716076, 36.161737199800001 ], [ -115.2716373, 36.161737199800001 ], [ -115.2716373, 36.161739899799997 ], [ -115.27164, 36.161739899799997 ], [ -115.27164, 36.161750699799995 ], [ -115.2716427, 36.161750699799995 ], [ -115.2716427, 36.161839799799999 ], [ -115.27164, 36.161839799799999 ], [ -115.27164, 36.161842499799995 ], [ -115.2716373, 36.161842499799995 ], [ -115.2716373, 36.161845199799998 ], [ -115.2716292, 36.161845199799998 ], [ -115.2716292, 36.161847899800001 ], [ -115.2716184, 36.161847899800001 ], [ -115.2716184, 36.161850599799997 ], [ -115.271613, 36.161850599799997 ], [ -115.271613, 36.161853299800001 ], [ -115.2716103, 36.161853299800001 ], [ -115.2716103, 36.1618586998 ], [ -115.271613, 36.1618586998 ], [ -115.271613, 36.161861399799996 ], [ -115.2716103, 36.161861399799996 ], [ -115.2716103, 36.161866799799995 ], [ -115.2716049, 36.161866799799995 ], [ -115.2716049, 36.161869499799998 ], [ -115.2715995, 36.161869499799998 ], [ -115.2715995, 36.161872199800001 ], [ -115.2715887, 36.161872199800001 ], [ -115.2715887, 36.161874899799997 ] ] ] } },
{ "type": "Feature", "properties": { "value": 255.0 }, "geometry": { "type": "Polygon", "coordinates": [ [ [ -115.2721287, 36.161861399799996 ], [ -115.2721152, 36.161861399799996 ], [ -115.2721152, 36.1618586998 ], [ -115.2721125, 36.1618586998 ], [ -115.2721125, 36.161855999799997 ], [ -115.2721071, 36.161855999799997 ], [ -115.2721071, 36.1618586998 ], [ -115.2721017, 36.1618586998 ], [ -115.2721017, 36.161855999799997 ], [ -115.272099, 36.161855999799997 ], [ -115.272099, 36.161842499799995 ], [ -115.2720963, 36.161842499799995 ], [ -115.2720963, 36.161831699799997 ], [ -115.272099, 36.161831699799997 ], [ -115.272099, 36.161815499799999 ], [ -115.2720963, 36.161815499799999 ], [ -115.2720963, 36.161734499799998 ], [ -115.2720936, 36.161734499799998 ], [ -115.2720936, 36.161729099799999 ], [ -115.2720963, 36.161729099799999 ], [ -115.2720963, 36.161726399799996 ], [ -115.272099, 36.161726399799996 ], [ -115.272099, 36.1617236998 ], [ -115.2721071, 36.1617236998 ], [ -115.2721071, 36.161726399799996 ], [ -115.2721341, 36.161726399799996 ], [ -115.2721341, 36.1617236998 ], [ -115.2721449, 36.1617236998 ], [ -115.2721449, 36.161720999799996 ], [ -115.2721827, 36.161720999799996 ], [ -115.2721827, 36.1617236998 ], [ -115.2721935, 36.1617236998 ], [ -115.2721935, 36.161726399799996 ], [ -115.2721989, 36.161726399799996 ], [ -115.2721989, 36.161729099799999 ], [ -115.2722016, 36.161729099799999 ], [ -115.2722016, 36.161734499799998 ], [ -115.2722043, 36.161734499799998 ], [ -115.2722043, 36.161826299799998 ], [ -115.2722016, 36.161826299799998 ], [ -115.2722016, 36.161828999800001 ], [ -115.2721989, 36.161828999800001 ], [ -115.2721989, 36.161831699799997 ], [ -115.2721962, 36.161831699799997 ], [ -115.2721962, 36.161837099799996 ], [ -115.2721935, 36.161837099799996 ], [ -115.2721935, 36.161842499799995 ], [ -115.2721908, 36.161842499799995 ], [ -115.2721908, 36.161845199799998 ], [ -115.2721854, 36.161845199799998 ], [ -115.2721854, 36.161847899800001 ], [ -115.2721719, 36.161847899800001 ], [ -115.2721719, 36.161850599799997 ], [ -115.2721557, 36.161850599799997 ], [ -115.2721557, 36.161853299800001 ], [ -115.2721422, 36.161853299800001 ], [ -115.2721422, 36.161855999799997 ], [ -115.2721341, 36.161855999799997 ], [ -115.2721341, 36.1618586998 ], [ -115.2721287, 36.1618586998 ], [ -115.2721287, 36.161861399799996 ] ] ] } },
{ "type": "Feature", "properties": { "value": 255.0 }, "geometry": { "type": "Polygon", "coordinates": [ [ [ -115.2717534, 36.161880299799996 ], [ -115.2717453, 36.161880299799996 ], [ -115.2717453, 36.1618775998 ], [ -115.2717156, 36.1618775998 ], [ -115.2717156, 36.161874899799997 ], [ -115.2717102, 36.161874899799997 ], [ -115.2717102, 36.161872199800001 ], [ -115.2717048, 36.161872199800001 ], [ -115.2717048, 36.161866799799995 ], [ -115.2717021, 36.161866799799995 ], [ -115.2717021, 36.1618586998 ], [ -115.2717048, 36.1618586998 ], [ -115.2717048, 36.161850599799997 ], [ -115.2717075, 36.161850599799997 ], [ -115.2717075, 36.161828999800001 ], [ -115.2717048, 36.161828999800001 ], [ -115.2717048, 36.161826299799998 ], [ -115.271694, 36.161826299799998 ], [ -115.271694, 36.161823599800002 ], [ -115.2716805, 36.161823599800002 ], [ -115.2716805, 36.161818199799995 ], [ -115.2716778, 36.161818199799995 ], [ -115.2716778, 36.1618100998 ], [ -115.2716805, 36.1618100998 ], [ -115.2716805, 36.161769599799996 ], [ -115.2716778, 36.161769599799996 ], [ -115.2716778, 36.161731799799995 ], [ -115.2716805, 36.161731799799995 ], [ -115.2716805, 36.161715599799997 ], [ -115.2716832, 36.161715599799997 ], [ -115.2716832, 36.161712899800001 ], [ -115.2716886, 36.161712899800001 ], [ -115.2716886, 36.161710199799998 ], [ -115.2717048, 36.161710199799998 ], [ -115.2717048, 36.161712899800001 ], [ -115.2717804, 36.161712899800001 ], [ -115.2717804, 36.161715599799997 ], [ -115.2717831, 36.161715599799997 ], [ -115.2717831, 36.161804699800001 ], [ -115.271785799999989, 36.161804699800001 ], [ -115.271785799999989, 36.161874899799997 ], [ -115.2717804, 36.161874899799997 ], [ -115.2717804, 36.1618775998 ], [ -115.2717534, 36.1618775998 ], [ -115.2717534, 36.161880299799996 ] ] ] } },
{ "type": "Feature", "properties": { "value": 255.0 }, "geometry": { "type": "Polygon", "coordinates": [ [ [ -115.2718668, 36.1618586998 ], [ -115.2718236, 36.1618586998 ], [ -115.2718236, 36.161855999799997 ], [ -115.2718209, 36.161855999799997 ], [ -115.2718209, 36.161853299800001 ], [ -115.2718182, 36.161853299800001 ], [ -115.2718182, 36.161804699800001 ], [ -115.2718155, 36.161804699800001 ], [ -115.2718155, 36.161726399799996 ], [ -115.2718182, 36.161726399799996 ], [ -115.2718182, 36.1617236998 ], [ -115.2718236, 36.1617236998 ], [ -115.2718236, 36.161720999799996 ], [ -115.271856, 36.161720999799996 ], [ -115.271856, 36.1617236998 ], [ -115.2718722, 36.1617236998 ], [ -115.2718722, 36.161720999799996 ], [ -115.2718857, 36.161720999799996 ], [ -115.2718857, 36.1617182998 ], [ -115.2719154, 36.1617182998 ], [ -115.2719154, 36.161720999799996 ], [ -115.2719181, 36.161720999799996 ], [ -115.2719181, 36.161726399799996 ], [ -115.2719208, 36.161726399799996 ], [ -115.2719208, 36.161731799799995 ], [ -115.2719181, 36.161731799799995 ], [ -115.2719181, 36.161764199799997 ], [ -115.2719208, 36.161764199799997 ], [ -115.2719208, 36.161823599800002 ], [ -115.2719181, 36.161823599800002 ], [ -115.2719181, 36.161828999800001 ], [ -115.2719073, 36.161828999800001 ], [ -115.2719073, 36.161831699799997 ], [ -115.2718911, 36.161831699799997 ], [ -115.2718911, 36.1618343998 ], [ -115.2718857, 36.1618343998 ], [ -115.2718857, 36.161837099799996 ], [ -115.271883, 36.161837099799996 ], [ -115.271883, 36.161847899800001 ], [ -115.2718803, 36.161847899800001 ], [ -115.2718803, 36.161850599799997 ], [ -115.2718776, 36.161850599799997 ], [ -115.2718776, 36.161853299800001 ], [ -115.2718749, 36.161853299800001 ], [ -115.2718749, 36.161855999799997 ], [ -115.2718668, 36.161855999799997 ], [ -115.2718668, 36.1618586998 ] ] ] } },
{ "type": "Feature", "properties": { "value": 255.0 }, "geometry": { "type": "Polygon", "coordinates": [ [ [ -115.2714834, 36.161820899799999 ], [ -115.271467199999989, 36.161820899799999 ], [ -115.271467199999989, 36.161818199799995 ], [ -115.2714564, 36.161818199799995 ], [ -115.2714564, 36.161815499799999 ], [ -115.2714402, 36.161815499799999 ], [ -115.2714402, 36.161812799799996 ], [ -115.2714294, 36.161812799799996 ], [ -115.2714294, 36.161815499799999 ], [ -115.2714267, 36.161815499799999 ], [ -115.2714267, 36.161812799799996 ], [ -115.2714186, 36.161812799799996 ], [ -115.2714186, 36.161807399799997 ], [ -115.2714159, 36.161807399799997 ], [ -115.2714159, 36.161801999799998 ], [ -115.2714132, 36.161801999799998 ], [ -115.2714132, 36.161799299799995 ], [ -115.2714105, 36.161799299799995 ], [ -115.2714105, 36.161796599799999 ], [ -115.2714078, 36.161796599799999 ], [ -115.2714078, 36.161793899799996 ], [ -115.2714051, 36.161793899799996 ], [ -115.2714051, 36.161761499800001 ], [ -115.2714024, 36.161761499800001 ], [ -115.2714024, 36.161745299799996 ], [ -115.2714051, 36.161745299799996 ], [ -115.2714051, 36.161731799799995 ], [ -115.2714024, 36.161731799799995 ], [ -115.2714024, 36.161702099799996 ], [ -115.2714051, 36.161702099799996 ], [ -115.2714051, 36.161693999800001 ], [ -115.2714105, 36.161693999800001 ], [ -115.2714105, 36.161691299799998 ], [ -115.2714429, 36.161691299799998 ], [ -115.2714429, 36.161693999800001 ], [ -115.271467199999989, 36.161693999800001 ], [ -115.271467199999989, 36.161696699799997 ], [ -115.271505, 36.161696699799997 ], [ -115.271505, 36.1616993998 ], [ -115.2715077, 36.1616993998 ], [ -115.2715077, 36.161702099799996 ], [ -115.2715104, 36.161702099799996 ], [ -115.2715104, 36.161710199799998 ], [ -115.2715131, 36.161710199799998 ], [ -115.2715131, 36.1618100998 ], [ -115.2715104, 36.1618100998 ], [ -115.2715104, 36.161812799799996 ], [ -115.271505, 36.161812799799996 ], [ -115.271505, 36.161815499799999 ], [ -115.2714942, 36.161815499799999 ], [ -115.2714942, 36.161818199799995 ], [ -115.2714834, 36.161818199799995 ], [ -115.2714834, 36.161820899799999 ] ] ] } },
{ "type": "Feature", "properties": { "value": 255.0 }, "geometry": { "type": "Polygon", "coordinates": [ [ [ -115.2720477, 36.1618343998 ], [ -115.2719721, 36.1618343998 ], [ -115.2719721, 36.161831699799997 ], [ -115.2719667, 36.161831699799997 ], [ -115.2719667, 36.161828999800001 ], [ -115.271964, 36.161828999800001 ], [ -115.271964, 36.161815499799999 ], [ -115.2719667, 36.161815499799999 ], [ -115.2719667, 36.161801999799998 ], [ -115.271964, 36.161801999799998 ], [ -115.271964, 36.161774999799995 ], [ -115.2719667, 36.161774999799995 ], [ -115.2719667, 36.1617668998 ], [ -115.271964, 36.1617668998 ], [ -115.271964, 36.161715599799997 ], [ -115.2719667, 36.161715599799997 ], [ -115.2719667, 36.161693999800001 ], [ -115.2719694, 36.161693999800001 ], [ -115.2719694, 36.161691299799998 ], [ -115.2719721, 36.161691299799998 ], [ -115.2719721, 36.161688599800001 ], [ -115.271991, 36.161688599800001 ], [ -115.271991, 36.161691299799998 ], [ -115.2720423, 36.161691299799998 ], [ -115.2720423, 36.161693999800001 ], [ -115.272045, 36.161693999800001 ], [ -115.272045, 36.1617236998 ], [ -115.2720477, 36.1617236998 ], [ -115.2720477, 36.161729099799999 ], [ -115.2720585, 36.161729099799999 ], [ -115.2720585, 36.161731799799995 ], [ -115.2720666, 36.161731799799995 ], [ -115.2720666, 36.161734499799998 ], [ -115.2720693, 36.161734499799998 ], [ -115.2720693, 36.161758799799998 ], [ -115.272072, 36.161758799799998 ], [ -115.272072, 36.161769599799996 ], [ -115.2720693, 36.161769599799996 ], [ -115.2720693, 36.161807399799997 ], [ -115.272072, 36.161807399799997 ], [ -115.272072, 36.161826299799998 ], [ -115.2720693, 36.161826299799998 ], [ -115.2720693, 36.161828999800001 ], [ -115.2720666, 36.161828999800001 ], [ -115.2720666, 36.161831699799997 ], [ -115.2720477, 36.161831699799997 ], [ -115.2720477, 36.1618343998 ] ] ] } },
{ "type": "Feature", "properties": { "value": 255.0 }, "geometry": { "type": "Polygon", "coordinates": [ [ [ -115.271343, 36.1618343998 ], [ -115.2713268, 36.1618343998 ], [ -115.2713268, 36.161831699799997 ], [ -115.2713106, 36.161831699799997 ], [ -115.2713106, 36.161828999800001 ], [ -115.2713025, 36.161828999800001 ], [ -115.2713025, 36.161826299799998 ], [ -115.2712971, 36.161826299799998 ], [ -115.2712971, 36.161823599800002 ], [ -115.271289, 36.161823599800002 ], [ -115.271289, 36.161820899799999 ], [ -115.2712701, 36.161820899799999 ], [ -115.2712701, 36.161818199799995 ], [ -115.271264699999989, 36.161818199799995 ], [ -115.271264699999989, 36.161815499799999 ], [ -115.271262, 36.161815499799999 ], [ -115.271262, 36.161731799799995 ], [ -115.271264699999989, 36.161731799799995 ], [ -115.271264699999989, 36.1616750998 ], [ -115.2712674, 36.1616750998 ], [ -115.2712674, 36.161672399799997 ], [ -115.2712701, 36.161672399799997 ], [ -115.2712701, 36.161669699800001 ], [ -115.2712728, 36.161669699800001 ], [ -115.2712728, 36.161666999799998 ], [ -115.271316, 36.161666999799998 ], [ -115.271316, 36.161669699800001 ], [ -115.2713403, 36.161669699800001 ], [ -115.2713403, 36.161666999799998 ], [ -115.2713619, 36.161666999799998 ], [ -115.2713619, 36.161669699800001 ], [ -115.2713673, 36.161669699800001 ], [ -115.2713673, 36.1617236998 ], [ -115.27137, 36.1617236998 ], [ -115.27137, 36.161764199799997 ], [ -115.2713673, 36.161764199799997 ], [ -115.2713673, 36.161769599799996 ], [ -115.27137, 36.161769599799996 ], [ -115.27137, 36.161826299799998 ], [ -115.2713673, 36.161826299799998 ], [ -115.2713673, 36.161828999800001 ], [ -115.2713646, 36.161828999800001 ], [ -115.2713646, 36.161831699799997 ], [ -115.271343, 36.161831699799997 ], [ -115.271343, 36.1618343998 ] ] ] } },
{ "type": "Feature", "properties": { "value": 255.0 }, "geometry": { "type": "Polygon", "coordinates": [ [ [ -115.2710649, 36.161747999799999 ], [ -115.2709866, 36.161747999799999 ], [ -115.2709866, 36.161745299799996 ], [ -115.2709353, 36.161745299799996 ], [ -115.2709353, 36.161739899799997 ], [ -115.2709326, 36.161739899799997 ], [ -115.2709326, 36.161720999799996 ], [ -115.2709299, 36.161720999799996 ], [ -115.2709299, 36.161680499799999 ], [ -115.2709326, 36.161680499799999 ], [ -115.2709326, 36.161661599799999 ], [ -115.2709353, 36.161661599799999 ], [ -115.2709353, 36.161656199799999 ], [ -115.2709326, 36.161656199799999 ], [ -115.2709326, 36.161642699799998 ], [ -115.271148599999989, 36.161642699799998 ], [ -115.271148599999989, 36.161653499799996 ], [ -115.2711459, 36.161653499799996 ], [ -115.2711459, 36.161680499799999 ], [ -115.271148599999989, 36.161680499799999 ], [ -115.271148599999989, 36.1617182998 ], [ -115.2711459, 36.1617182998 ], [ -115.2711459, 36.1617425998 ], [ -115.2711432, 36.1617425998 ], [ -115.2711432, 36.161745299799996 ], [ -115.2710649, 36.161745299799996 ], [ -115.2710649, 36.161747999799999 ] ] ] } },
{ "type": "Feature", "properties": { "value": 255.0 }, "geometry": { "type": "Polygon", "coordinates": [ [ [ -115.2706653, 36.161677799799996 ], [ -115.2706626, 36.161677799799996 ], [ -115.2706626, 36.161642699799998 ], [ -115.2706842, 36.161642699799998 ], [ -115.2706842, 36.161653499799996 ], [ -115.2706815, 36.161653499799996 ], [ -115.2706815, 36.161669699800001 ], [ -115.2706788, 36.161669699800001 ], [ -115.2706788, 36.161672399799997 ], [ -115.2706734, 36.161672399799997 ], [ -115.2706734, 36.1616750998 ], [ -115.2706653, 36.1616750998 ], [ -115.2706653, 36.161677799799996 ] ] ] } }
]
}
