{
"type": "FeatureCollection",
"crs": { "type": "name", "properties": { "name": "urn:ogc:def:crs:OGC:1.3:CRS84" } },
"features": [
{ "type": "Feature", "properties": { "value": 255.0 }, "geometry": { "type": "Polygon", "coordinates": [ [ [ -115.2671553, 36.189698399898617 ], [ -115.2671526, 36.189698399898617 ], [ -115.2671526, 36.189652499895999 ], [ -115.267158, 36.189652499895999 ], [ -115.267158, 36.189657899896311 ], [ -115.2671607, 36.189657899896311 ], [ -115.2671607, 36.189687599898001 ], [ -115.267158, 36.189687599898001 ], [ -115.267158, 36.189695699898465 ], [ -115.2671553, 36.189695699898465 ], [ -115.2671553, 36.189698399898617 ] ] ] } },
{ "type": "Feature", "properties": { "value": 255.0 }, "geometry": { "type": "Polygon", "coordinates": [ [ [ -115.2689076, 36.189722699900003 ], [ -115.2689022, 36.189722699900003 ], [ -115.2689022, 36.189717299899698 ], [ -115.268894100000011, 36.189717299899698 ], [ -115.268894100000011, 36.18971999989985 ], [ -115.268886, 36.18971999989985 ], [ -115.268886, 36.189722699900003 ], [ -115.268805, 36.189722699900003 ], [ -115.268805, 36.18971999989985 ], [ -115.2688023, 36.18971999989985 ], [ -115.2688023, 36.189717299899698 ], [ -115.2687996, 36.189717299899698 ], [ -115.2687996, 36.189714599899538 ], [ -115.268796900000012, 36.189714599899538 ], [ -115.268796900000012, 36.189706499899081 ], [ -115.2687942, 36.189706499899081 ], [ -115.2687942, 36.18964169989539 ], [ -115.2687915, 36.18964169989539 ], [ -115.2687915, 36.189630899894773 ], [ -115.26878880000001, 36.189630899894773 ], [ -115.26878880000001, 36.189595799892771 ], [ -115.2687915, 36.189595799892771 ], [ -115.2687915, 36.189593099892619 ], [ -115.2687942, 36.189593099892619 ], [ -115.2687942, 36.189590399892467 ], [ -115.2688158, 36.189590399892467 ], [ -115.2688158, 36.189587699892307 ], [ -115.2688293, 36.189587699892307 ], [ -115.2688293, 36.189584999892155 ], [ -115.2688347, 36.189584999892155 ], [ -115.2688347, 36.189582299892002 ], [ -115.268859, 36.189582299892002 ], [ -115.268859, 36.189584999892155 ], [ -115.2688617, 36.189584999892155 ], [ -115.2688617, 36.189590399892467 ], [ -115.268864400000012, 36.189590399892467 ], [ -115.268864400000012, 36.189593099892619 ], [ -115.2689076, 36.189593099892619 ], [ -115.2689076, 36.189722699900003 ] ] ] } },
{ "type": "Feature", "properties": { "value": 255.0 }, "geometry": { "type": "Polygon", "coordinates": [ [ [ -115.26860520000001, 36.189711899899386 ], [ -115.2685701, 36.189711899899386 ], [ -115.2685701, 36.189709199899234 ], [ -115.268535, 36.189709199899234 ], [ -115.268535, 36.189660599896463 ], [ -115.2685323, 36.189660599896463 ], [ -115.2685323, 36.189633599894925 ], [ -115.268535, 36.189633599894925 ], [ -115.268535, 36.189582299892002 ], [ -115.2685404, 36.189582299892002 ], [ -115.2685404, 36.18957959989185 ], [ -115.268594400000012, 36.18957959989185 ], [ -115.268594400000012, 36.189582299892002 ], [ -115.26860520000001, 36.189582299892002 ], [ -115.26860520000001, 36.189584999892155 ], [ -115.2686079, 36.189584999892155 ], [ -115.2686079, 36.189587699892307 ], [ -115.2686133, 36.189587699892307 ], [ -115.2686133, 36.189593099892619 ], [ -115.268616, 36.189593099892619 ], [ -115.268616, 36.189595799892771 ], [ -115.2686214, 36.189595799892771 ], [ -115.2686214, 36.189598499892924 ], [ -115.2686295, 36.189598499892924 ], [ -115.2686295, 36.189595799892771 ], [ -115.268643, 36.189595799892771 ], [ -115.268643, 36.189593099892619 ], [ -115.2686484, 36.189593099892619 ], [ -115.2686484, 36.189590399892467 ], [ -115.2686511, 36.189590399892467 ], [ -115.2686511, 36.189587699892307 ], [ -115.2686565, 36.189587699892307 ], [ -115.2686565, 36.189584999892155 ], [ -115.2686592, 36.189584999892155 ], [ -115.2686592, 36.189582299892002 ], [ -115.2686646, 36.189582299892002 ], [ -115.2686646, 36.18957959989185 ], [ -115.2686862, 36.18957959989185 ], [ -115.2686862, 36.189576899891698 ], [ -115.268697, 36.189576899891698 ], [ -115.268697, 36.18957959989185 ], [ -115.2687051, 36.18957959989185 ], [ -115.2687051, 36.189584999892155 ], [ -115.2687078, 36.189584999892155 ], [ -115.2687078, 36.18963899989523 ], [ -115.2687051, 36.18963899989523 ], [ -115.2687051, 36.189655199896158 ], [ -115.2687078, 36.189655199896158 ], [ -115.2687078, 36.189690299898153 ], [ -115.2687051, 36.189690299898153 ], [ -115.2687051, 36.189695699898465 ], [ -115.2686943, 36.189695699898465 ], [ -115.2686943, 36.189698399898617 ], [ -115.2686457, 36.189698399898617 ], [ -115.2686457, 36.18970109989877 ], [ -115.2686268, 36.18970109989877 ], [ -115.2686268, 36.189703799898929 ], [ -115.2686187, 36.189703799898929 ], [ -115.2686187, 36.189706499899081 ], [ -115.2686133, 36.189706499899081 ], [ -115.2686133, 36.189709199899234 ], [ -115.26860520000001, 36.189709199899234 ], [ -115.26860520000001, 36.189711899899386 ] ] ] } },
{ "type": "Feature", "properties": { "value": 255.0 }, "geometry": { "type": "Polygon", "coordinates": [ [ [ -115.26821910000001, 36.189628199894621 ], [ -115.26821910000001, 36.189625499894461 ], [ -115.268211, 36.189625499894461 ], [ -115.268211, 36.189622799894309 ], [ -115.2682083, 36.189622799894309 ], [ -115.2682083, 36.189620099894157 ], [ -115.2682056, 36.189620099894157 ], [ -115.2682056, 36.189617399894004 ], [ -115.2682029, 36.189617399894004 ], [ -115.2682029, 36.18960929989354 ], [ -115.26820020000001, 36.18960929989354 ], [ -115.26820020000001, 36.189563399890922 ], [ -115.2682029, 36.189563399890922 ], [ -115.2682029, 36.18956069989077 ], [ -115.2682083, 36.18956069989077 ], [ -115.2682083, 36.189557999890617 ], [ -115.2682704, 36.189557999890617 ], [ -115.2682704, 36.18956069989077 ], [ -115.268346, 36.18956069989077 ], [ -115.268346, 36.189563399890922 ], [ -115.2683487, 36.189563399890922 ], [ -115.2683487, 36.189568799891234 ], [ -115.2683514, 36.189568799891234 ], [ -115.2683514, 36.18957959989185 ], [ -115.26835410000001, 36.18957959989185 ], [ -115.26835410000001, 36.189582299892002 ], [ -115.2683568, 36.189582299892002 ], [ -115.2683568, 36.189584999892155 ], [ -115.2683622, 36.189584999892155 ], [ -115.2683622, 36.189587699892307 ], [ -115.2683676, 36.189587699892307 ], [ -115.2683676, 36.189590399892467 ], [ -115.2683703, 36.189590399892467 ], [ -115.2683703, 36.189595799892771 ], [ -115.268373, 36.189595799892771 ], [ -115.268373, 36.189601199893076 ], [ -115.2683757, 36.189601199893076 ], [ -115.2683757, 36.189622799894309 ], [ -115.268373, 36.189622799894309 ], [ -115.268373, 36.189633599894925 ], [ -115.2683703, 36.189633599894925 ], [ -115.2683703, 36.18964169989539 ], [ -115.2683676, 36.18964169989539 ], [ -115.2683676, 36.189657899896311 ], [ -115.2683703, 36.189657899896311 ], [ -115.2683703, 36.189663299896615 ], [ -115.268373, 36.189663299896615 ], [ -115.268373, 36.189668699896927 ], [ -115.2683757, 36.189668699896927 ], [ -115.2683757, 36.189687599898001 ], [ -115.268373, 36.189687599898001 ], [ -115.268373, 36.189692999898313 ], [ -115.2683703, 36.189692999898313 ], [ -115.2683703, 36.189695699898465 ], [ -115.2683568, 36.189695699898465 ], [ -115.2683568, 36.189698399898617 ], [ -115.2683379, 36.189698399898617 ], [ -115.2683379, 36.189695699898465 ], [ -115.2683109, 36.189695699898465 ], [ -115.2683109, 36.189698399898617 ], [ -115.2682299, 36.189698399898617 ], [ -115.2682299, 36.18970109989877 ], [ -115.2681975, 36.18970109989877 ], [ -115.2681975, 36.189698399898617 ], [ -115.2681948, 36.189698399898617 ], [ -115.2681948, 36.18967139989708 ], [ -115.2681975, 36.18967139989708 ], [ -115.2681975, 36.189644399895542 ], [ -115.26820020000001, 36.189644399895542 ], [ -115.26820020000001, 36.18963899989523 ], [ -115.2682029, 36.18963899989523 ], [ -115.2682029, 36.189636299895078 ], [ -115.2682056, 36.189636299895078 ], [ -115.2682056, 36.189633599894925 ], [ -115.2682083, 36.189633599894925 ], [ -115.2682083, 36.189630899894773 ], [ -115.2682137, 36.189630899894773 ], [ -115.2682137, 36.189628199894621 ], [ -115.26821910000001, 36.189628199894621 ] ], [ [ -115.2682326, 36.189630899894773 ], [ -115.2682326, 36.189628199894621 ], [ -115.2682272, 36.189628199894621 ], [ -115.2682272, 36.189625499894461 ], [ -115.2682218, 36.189625499894461 ], [ -115.2682218, 36.189628199894621 ], [ -115.26821910000001, 36.189628199894621 ], [ -115.26821910000001, 36.189630899894773 ], [ -115.2682326, 36.189630899894773 ] ] ] } },
{ "type": "Feature", "properties": { "value": 255.0 }, "geometry": { "type": "Polygon", "coordinates": [ [ [ -115.2671553, 36.189628199894621 ], [ -115.2671526, 36.189628199894621 ], [ -115.2671526, 36.189563399890922 ], [ -115.2671607, 36.189563399890922 ], [ -115.2671607, 36.189566099891081 ], [ -115.2671634, 36.189566099891081 ], [ -115.2671634, 36.189568799891234 ], [ -115.2671661, 36.189568799891234 ], [ -115.2671661, 36.189582299892002 ], [ -115.2671688, 36.189582299892002 ], [ -115.2671688, 36.189601199893076 ], [ -115.2671715, 36.189601199893076 ], [ -115.2671715, 36.189614699893852 ], [ -115.2671688, 36.189614699893852 ], [ -115.2671688, 36.189620099894157 ], [ -115.2671661, 36.189620099894157 ], [ -115.2671661, 36.189622799894309 ], [ -115.2671634, 36.189622799894309 ], [ -115.2671634, 36.189625499894461 ], [ -115.2671553, 36.189625499894461 ], [ -115.2671553, 36.189628199894621 ] ] ] } },
{ "type": "Feature", "properties": { "value": 255.0 }, "geometry": { "type": "Polygon", "coordinates": [ [ [ -115.2676413, 36.189601199893076 ], [ -115.2675792, 36.189601199893076 ], [ -115.2675792, 36.189598499892924 ], [ -115.2675387, 36.189598499892924 ], [ -115.2675387, 36.189601199893076 ], [ -115.2674928, 36.189601199893076 ], [ -115.2674928, 36.189595799892771 ], [ -115.2674901, 36.189595799892771 ], [ -115.2674901, 36.189582299892002 ], [ -115.2674847, 36.189582299892002 ], [ -115.2674847, 36.18957959989185 ], [ -115.267455, 36.18957959989185 ], [ -115.267455, 36.189576899891698 ], [ -115.2674496, 36.189576899891698 ], [ -115.2674496, 36.189574199891538 ], [ -115.2674415, 36.189574199891538 ], [ -115.2674415, 36.189571499891386 ], [ -115.2674388, 36.189571499891386 ], [ -115.2674388, 36.189568799891234 ], [ -115.2674361, 36.189568799891234 ], [ -115.2674361, 36.189522899888615 ], [ -115.2674388, 36.189522899888615 ], [ -115.2674388, 36.189517499888311 ], [ -115.2674442, 36.189517499888311 ], [ -115.2674442, 36.189514799888158 ], [ -115.2675738, 36.189514799888158 ], [ -115.2675738, 36.189512099887999 ], [ -115.2676035, 36.189512099887999 ], [ -115.2676035, 36.189514799888158 ], [ -115.2676278, 36.189514799888158 ], [ -115.2676278, 36.189517499888311 ], [ -115.2676386, 36.189517499888311 ], [ -115.2676386, 36.189520199888463 ], [ -115.2676521, 36.189520199888463 ], [ -115.2676521, 36.189522899888615 ], [ -115.2676548, 36.189522899888615 ], [ -115.2676548, 36.189525599888775 ], [ -115.2676575, 36.189525599888775 ], [ -115.2676575, 36.189533699889232 ], [ -115.2676548, 36.189533699889232 ], [ -115.2676548, 36.189552599890312 ], [ -115.2676521, 36.189552599890312 ], [ -115.2676521, 36.189557999890617 ], [ -115.26764940000001, 36.189557999890617 ], [ -115.26764940000001, 36.189563399890922 ], [ -115.2676467, 36.189563399890922 ], [ -115.2676467, 36.189571499891386 ], [ -115.267644, 36.189571499891386 ], [ -115.267644, 36.189598499892924 ], [ -115.2676413, 36.189598499892924 ], [ -115.2676413, 36.189601199893076 ] ] ] } },
{ "type": "Feature", "properties": { "value": 255.0 }, "geometry": { "type": "Polygon", "coordinates": [ [ [ -115.2678033, 36.189571499891386 ], [ -115.267784400000011, 36.189571499891386 ], [ -115.267784400000011, 36.189568799891234 ], [ -115.267779, 36.189568799891234 ], [ -115.267779, 36.189566099891081 ], [ -115.2677736, 36.189566099891081 ], [ -115.2677736, 36.189563399890922 ], [ -115.2677709, 36.189563399890922 ], [ -115.2677709, 36.18956069989077 ], [ -115.2677682, 36.18956069989077 ], [ -115.2677682, 36.18953099988908 ], [ -115.2677709, 36.18953099988908 ], [ -115.2677709, 36.189522899888615 ], [ -115.2677736, 36.189522899888615 ], [ -115.2677736, 36.189471599885692 ], [ -115.2677763, 36.189471599885692 ], [ -115.2677763, 36.18946889988554 ], [ -115.2679221, 36.18946889988554 ], [ -115.2679221, 36.189471599885692 ], [ -115.2679275, 36.189471599885692 ], [ -115.2679275, 36.189476999886004 ], [ -115.2679302, 36.189476999886004 ], [ -115.2679302, 36.189525599888775 ], [ -115.2679275, 36.189525599888775 ], [ -115.2679275, 36.189528299888927 ], [ -115.267919400000011, 36.189528299888927 ], [ -115.267919400000011, 36.18953099988908 ], [ -115.267914, 36.18953099988908 ], [ -115.267914, 36.189533699889232 ], [ -115.2679113, 36.189533699889232 ], [ -115.2679113, 36.189549899890153 ], [ -115.2679086, 36.189549899890153 ], [ -115.2679086, 36.18956069989077 ], [ -115.2679059, 36.18956069989077 ], [ -115.2679059, 36.189563399890922 ], [ -115.2679032, 36.189563399890922 ], [ -115.2679032, 36.189566099891081 ], [ -115.2678924, 36.189566099891081 ], [ -115.2678924, 36.189563399890922 ], [ -115.2678708, 36.189563399890922 ], [ -115.2678708, 36.189566099891081 ], [ -115.2678654, 36.189566099891081 ], [ -115.2678654, 36.189568799891234 ], [ -115.2678033, 36.189568799891234 ], [ -115.2678033, 36.189571499891386 ] ] ] } },
{ "type": "Feature", "properties": { "value": 255.0 }, "geometry": { "type": "Polygon", "coordinates": [ [ [ -115.2676656, 36.189487799886621 ], [ -115.2676521, 36.189487799886621 ], [ -115.2676521, 36.189485099886461 ], [ -115.2676359, 36.189485099886461 ], [ -115.2676359, 36.189487799886621 ], [ -115.2674523, 36.189487799886621 ], [ -115.2674523, 36.189485099886461 ], [ -115.2674496, 36.189485099886461 ], [ -115.2674496, 36.189482399886309 ], [ -115.26744690000001, 36.189482399886309 ], [ -115.26744690000001, 36.189474299885845 ], [ -115.2674442, 36.189474299885845 ], [ -115.2674442, 36.189463499885235 ], [ -115.2674415, 36.189463499885235 ], [ -115.2674415, 36.189433799883538 ], [ -115.2674442, 36.189433799883538 ], [ -115.2674442, 36.189431099883386 ], [ -115.26744690000001, 36.189431099883386 ], [ -115.26744690000001, 36.189428399883234 ], [ -115.2674847, 36.189428399883234 ], [ -115.2674847, 36.189425699883081 ], [ -115.2674901, 36.189425699883081 ], [ -115.2674901, 36.189412199882312 ], [ -115.2674874, 36.189412199882312 ], [ -115.2674874, 36.189393299881232 ], [ -115.2674901, 36.189393299881232 ], [ -115.2674901, 36.189387899880927 ], [ -115.26749550000001, 36.189387899880927 ], [ -115.26749550000001, 36.189385199880768 ], [ -115.2675549, 36.189385199880768 ], [ -115.2675549, 36.189382499880615 ], [ -115.267563, 36.189382499880615 ], [ -115.267563, 36.189385199880768 ], [ -115.2675927, 36.189385199880768 ], [ -115.2675927, 36.189387899880927 ], [ -115.267617, 36.189387899880927 ], [ -115.267617, 36.189390599881079 ], [ -115.26763050000001, 36.189390599881079 ], [ -115.26763050000001, 36.189387899880927 ], [ -115.2676521, 36.189387899880927 ], [ -115.2676521, 36.189390599881079 ], [ -115.2676548, 36.189390599881079 ], [ -115.2676548, 36.189393299881232 ], [ -115.2676602, 36.189393299881232 ], [ -115.2676602, 36.189395999881384 ], [ -115.2676629, 36.189395999881384 ], [ -115.2676629, 36.189398699881544 ], [ -115.2676683, 36.189398699881544 ], [ -115.2676683, 36.189401399881696 ], [ -115.2676764, 36.189401399881696 ], [ -115.2676764, 36.189404099881848 ], [ -115.2676845, 36.189404099881848 ], [ -115.2676845, 36.189406799882001 ], [ -115.2676872, 36.189406799882001 ], [ -115.2676872, 36.189409499882153 ], [ -115.2676899, 36.189409499882153 ], [ -115.2676899, 36.189417599882617 ], [ -115.2676872, 36.189417599882617 ], [ -115.2676872, 36.189428399883234 ], [ -115.2676845, 36.189428399883234 ], [ -115.2676845, 36.189431099883386 ], [ -115.2676818, 36.189431099883386 ], [ -115.2676818, 36.189433799883538 ], [ -115.2676764, 36.189433799883538 ], [ -115.2676764, 36.189436499883691 ], [ -115.2676737, 36.189436499883691 ], [ -115.2676737, 36.189441899884002 ], [ -115.267671, 36.189441899884002 ], [ -115.267671, 36.189482399886309 ], [ -115.2676683, 36.189482399886309 ], [ -115.2676683, 36.189485099886461 ], [ -115.2676656, 36.189485099886461 ], [ -115.2676656, 36.189487799886621 ] ] ] } },
{ "type": "Feature", "properties": { "value": 255.0 }, "geometry": { "type": "Polygon", "coordinates": [ [ [ -115.2679113, 36.189412199882312 ], [ -115.2679032, 36.189412199882312 ], [ -115.2679032, 36.189409499882153 ], [ -115.2678762, 36.189409499882153 ], [ -115.2678762, 36.189412199882312 ], [ -115.2678222, 36.189412199882312 ], [ -115.2678222, 36.189409499882153 ], [ -115.2677925, 36.189409499882153 ], [ -115.2677925, 36.189412199882312 ], [ -115.2677817, 36.189412199882312 ], [ -115.2677817, 36.189409499882153 ], [ -115.2677736, 36.189409499882153 ], [ -115.2677736, 36.189404099881848 ], [ -115.2677709, 36.189404099881848 ], [ -115.2677709, 36.189350099878773 ], [ -115.2677682, 36.189350099878773 ], [ -115.2677682, 36.18929879987585 ], [ -115.2677709, 36.18929879987585 ], [ -115.2677709, 36.189296099875691 ], [ -115.2677925, 36.189296099875691 ], [ -115.2677925, 36.18929879987585 ], [ -115.2678249, 36.18929879987585 ], [ -115.2678249, 36.189301499876002 ], [ -115.267833, 36.189301499876002 ], [ -115.267833, 36.18929879987585 ], [ -115.2678357, 36.18929879987585 ], [ -115.2678357, 36.189296099875691 ], [ -115.2678384, 36.189296099875691 ], [ -115.2678384, 36.189285299875081 ], [ -115.2678357, 36.189285299875081 ], [ -115.2678357, 36.189274499874465 ], [ -115.267833, 36.189274499874465 ], [ -115.267833, 36.189269099874153 ], [ -115.2678357, 36.189269099874153 ], [ -115.2678357, 36.189266399874001 ], [ -115.2678384, 36.189266399874001 ], [ -115.2678384, 36.189263699873848 ], [ -115.2678843, 36.189263699873848 ], [ -115.2678843, 36.189266399874001 ], [ -115.2679059, 36.189266399874001 ], [ -115.2679059, 36.189263699873848 ], [ -115.2679167, 36.189263699873848 ], [ -115.2679167, 36.189266399874001 ], [ -115.2679221, 36.189266399874001 ], [ -115.2679221, 36.189269099874153 ], [ -115.2679248, 36.189269099874153 ], [ -115.2679248, 36.189271799874312 ], [ -115.2679275, 36.189271799874312 ], [ -115.2679275, 36.189296099875691 ], [ -115.2679302, 36.189296099875691 ], [ -115.2679302, 36.189312299876619 ], [ -115.2679275, 36.189312299876619 ], [ -115.2679275, 36.189350099878773 ], [ -115.2679302, 36.189350099878773 ], [ -115.2679302, 36.189366299879694 ], [ -115.2679275, 36.189366299879694 ], [ -115.2679275, 36.189371699879999 ], [ -115.2679248, 36.189371699879999 ], [ -115.2679248, 36.189377099880311 ], [ -115.2679221, 36.189377099880311 ], [ -115.2679221, 36.189406799882001 ], [ -115.267919400000011, 36.189406799882001 ], [ -115.267919400000011, 36.189409499882153 ], [ -115.2679113, 36.189409499882153 ], [ -115.2679113, 36.189412199882312 ] ] ] } },
{ "type": "Feature", "properties": { "value": 255.0 }, "geometry": { "type": "Polygon", "coordinates": [ [ [ -115.2682785, 36.189366299879694 ], [ -115.2682542, 36.189366299879694 ], [ -115.2682542, 36.189363599879542 ], [ -115.2682515, 36.189363599879542 ], [ -115.2682515, 36.189352799878925 ], [ -115.2682488, 36.189352799878925 ], [ -115.2682488, 36.189350099878773 ], [ -115.2682353, 36.189350099878773 ], [ -115.2682353, 36.189347399878613 ], [ -115.2682326, 36.189347399878613 ], [ -115.2682326, 36.189344699878461 ], [ -115.2682299, 36.189344699878461 ], [ -115.2682299, 36.189339299878156 ], [ -115.2682272, 36.189339299878156 ], [ -115.2682272, 36.189312299876619 ], [ -115.2682299, 36.189312299876619 ], [ -115.2682299, 36.189244799872768 ], [ -115.2682326, 36.189244799872768 ], [ -115.2682326, 36.189239399872463 ], [ -115.2683514, 36.189239399872463 ], [ -115.2683514, 36.189244799872768 ], [ -115.26835410000001, 36.189244799872768 ], [ -115.26835410000001, 36.189336599878004 ], [ -115.2683568, 36.189336599878004 ], [ -115.2683568, 36.189352799878925 ], [ -115.26835410000001, 36.189352799878925 ], [ -115.26835410000001, 36.189355499879078 ], [ -115.2683433, 36.189355499879078 ], [ -115.2683433, 36.18935819987923 ], [ -115.268324400000012, 36.18935819987923 ], [ -115.268324400000012, 36.189360899879389 ], [ -115.26828660000001, 36.189360899879389 ], [ -115.26828660000001, 36.189363599879542 ], [ -115.2682785, 36.189363599879542 ], [ -115.2682785, 36.189366299879694 ] ] ] } },
{ "type": "Feature", "properties": { "value": 255.0 }, "geometry": { "type": "Polygon", "coordinates": [ [ [ -115.2676224, 36.189366299879694 ], [ -115.26759, 36.189366299879694 ], [ -115.26759, 36.189363599879542 ], [ -115.2675792, 36.189363599879542 ], [ -115.2675792, 36.189360899879389 ], [ -115.2675252, 36.189360899879389 ], [ -115.2675252, 36.18935819987923 ], [ -115.2675225, 36.18935819987923 ], [ -115.2675225, 36.189355499879078 ], [ -115.2675198, 36.189355499879078 ], [ -115.2675198, 36.189350099878773 ], [ -115.2675225, 36.189350099878773 ], [ -115.2675225, 36.189344699878461 ], [ -115.2675198, 36.189344699878461 ], [ -115.2675198, 36.189333899877845 ], [ -115.2675225, 36.189333899877845 ], [ -115.2675225, 36.189320399877076 ], [ -115.2675198, 36.189320399877076 ], [ -115.2675198, 36.189317699876923 ], [ -115.267482, 36.189317699876923 ], [ -115.267482, 36.189320399877076 ], [ -115.2674766, 36.189320399877076 ], [ -115.2674766, 36.189323099877235 ], [ -115.2674739, 36.189323099877235 ], [ -115.2674739, 36.189325799877388 ], [ -115.2674712, 36.189325799877388 ], [ -115.2674712, 36.18932849987754 ], [ -115.2674388, 36.18932849987754 ], [ -115.2674388, 36.189325799877388 ], [ -115.2674361, 36.189325799877388 ], [ -115.2674361, 36.189323099877235 ], [ -115.2674334, 36.189323099877235 ], [ -115.2674334, 36.18929879987585 ], [ -115.2674361, 36.18929879987585 ], [ -115.2674361, 36.189296099875691 ], [ -115.2674388, 36.189296099875691 ], [ -115.2674388, 36.189293399875538 ], [ -115.2674415, 36.189293399875538 ], [ -115.2674415, 36.189290699875386 ], [ -115.2674442, 36.189290699875386 ], [ -115.2674442, 36.189285299875081 ], [ -115.26744690000001, 36.189285299875081 ], [ -115.26744690000001, 36.189271799874312 ], [ -115.2674496, 36.189271799874312 ], [ -115.2674496, 36.189255599873384 ], [ -115.2674523, 36.189255599873384 ], [ -115.2674523, 36.189250199873079 ], [ -115.2674577, 36.189250199873079 ], [ -115.2674577, 36.189247499872927 ], [ -115.2674847, 36.189247499872927 ], [ -115.2674847, 36.189250199873079 ], [ -115.2675252, 36.189250199873079 ], [ -115.2675252, 36.189252899873232 ], [ -115.2675306, 36.189252899873232 ], [ -115.2675306, 36.189250199873079 ], [ -115.2676467, 36.189250199873079 ], [ -115.2676467, 36.189247499872927 ], [ -115.2676575, 36.189247499872927 ], [ -115.2676575, 36.189250199873079 ], [ -115.2676629, 36.189250199873079 ], [ -115.2676629, 36.189252899873232 ], [ -115.2676656, 36.189252899873232 ], [ -115.2676656, 36.189263699873848 ], [ -115.2676629, 36.189263699873848 ], [ -115.2676629, 36.189304199876155 ], [ -115.2676602, 36.189304199876155 ], [ -115.2676602, 36.189309599876466 ], [ -115.2676548, 36.189309599876466 ], [ -115.2676548, 36.189312299876619 ], [ -115.2676386, 36.189312299876619 ], [ -115.2676386, 36.189317699876923 ], [ -115.2676359, 36.189317699876923 ], [ -115.2676359, 36.189339299878156 ], [ -115.2676332, 36.189339299878156 ], [ -115.2676332, 36.189341999878309 ], [ -115.26763050000001, 36.189341999878309 ], [ -115.26763050000001, 36.189344699878461 ], [ -115.2676278, 36.189344699878461 ], [ -115.2676278, 36.18935819987923 ], [ -115.2676251, 36.18935819987923 ], [ -115.2676251, 36.189363599879542 ], [ -115.2676224, 36.189363599879542 ], [ -115.2676224, 36.189366299879694 ] ] ] } },
{ "type": "Feature", "properties": { "value": 255.0 }, "geometry": { "type": "Polygon", "coordinates": [ [ [ -115.2686673, 36.189363599879542 ], [ -115.2685998, 36.189363599879542 ], [ -115.2685998, 36.189360899879389 ], [ -115.2685971, 36.189360899879389 ], [ -115.2685971, 36.189355499879078 ], [ -115.268594400000012, 36.189355499879078 ], [ -115.268594400000012, 36.189341999878309 ], [ -115.2685917, 36.189341999878309 ], [ -115.2685917, 36.189274499874465 ], [ -115.268594400000012, 36.189274499874465 ], [ -115.268594400000012, 36.189260999873696 ], [ -115.2685971, 36.189260999873696 ], [ -115.2685971, 36.189236699872311 ], [ -115.2685998, 36.189236699872311 ], [ -115.2685998, 36.189233999872158 ], [ -115.268616, 36.189233999872158 ], [ -115.268616, 36.189236699872311 ], [ -115.2687618, 36.189236699872311 ], [ -115.2687618, 36.189239399872463 ], [ -115.2687645, 36.189239399872463 ], [ -115.2687645, 36.189247499872927 ], [ -115.2687672, 36.189247499872927 ], [ -115.2687672, 36.189250199873079 ], [ -115.2687645, 36.189250199873079 ], [ -115.2687645, 36.189271799874312 ], [ -115.2687672, 36.189271799874312 ], [ -115.2687672, 36.189355499879078 ], [ -115.2687645, 36.189355499879078 ], [ -115.2687645, 36.18935819987923 ], [ -115.2687024, 36.18935819987923 ], [ -115.2687024, 36.189360899879389 ], [ -115.268697, 36.189360899879389 ], [ -115.268697, 36.18935819987923 ], [ -115.268691600000011, 36.18935819987923 ], [ -115.268691600000011, 36.189350099878773 ], [ -115.2686862, 36.189350099878773 ], [ -115.2686862, 36.189341999878309 ], [ -115.2686835, 36.189341999878309 ], [ -115.2686835, 36.189336599878004 ], [ -115.2686754, 36.189336599878004 ], [ -115.2686754, 36.189350099878773 ], [ -115.26867270000001, 36.189350099878773 ], [ -115.26867270000001, 36.18935819987923 ], [ -115.26867, 36.18935819987923 ], [ -115.26867, 36.189360899879389 ], [ -115.2686673, 36.189360899879389 ], [ -115.2686673, 36.189363599879542 ] ] ] } },
{ "type": "Feature", "properties": { "value": 255.0 }, "geometry": { "type": "Polygon", "coordinates": [ [ [ -115.2684945, 36.189371699879999 ], [ -115.2684675, 36.189371699879999 ], [ -115.2684675, 36.189368999879846 ], [ -115.2684567, 36.189368999879846 ], [ -115.2684567, 36.189366299879694 ], [ -115.2684324, 36.189366299879694 ], [ -115.2684324, 36.189363599879542 ], [ -115.2684081, 36.189363599879542 ], [ -115.2684081, 36.189366299879694 ], [ -115.2684054, 36.189366299879694 ], [ -115.2684054, 36.189363599879542 ], [ -115.2683946, 36.189363599879542 ], [ -115.2683946, 36.189360899879389 ], [ -115.268391900000012, 36.189360899879389 ], [ -115.268391900000012, 36.189282599874922 ], [ -115.2683946, 36.189282599874922 ], [ -115.2683946, 36.189247499872927 ], [ -115.2683973, 36.189247499872927 ], [ -115.2683973, 36.189236699872311 ], [ -115.2684, 36.189236699872311 ], [ -115.2684, 36.189231299871999 ], [ -115.26840270000001, 36.189231299871999 ], [ -115.26840270000001, 36.189228599871846 ], [ -115.2684108, 36.189228599871846 ], [ -115.2684108, 36.189231299871999 ], [ -115.268421600000011, 36.189231299871999 ], [ -115.268421600000011, 36.189233999872158 ], [ -115.2684486, 36.189233999872158 ], [ -115.2684486, 36.189236699872311 ], [ -115.2684756, 36.189236699872311 ], [ -115.2684756, 36.189239399872463 ], [ -115.268481, 36.189239399872463 ], [ -115.268481, 36.189242099872615 ], [ -115.2684864, 36.189242099872615 ], [ -115.2684864, 36.189244799872768 ], [ -115.268562, 36.189244799872768 ], [ -115.268562, 36.189250199873079 ], [ -115.2685647, 36.189250199873079 ], [ -115.2685647, 36.189258299873536 ], [ -115.268562, 36.189258299873536 ], [ -115.268562, 36.189277199874617 ], [ -115.2685647, 36.189277199874617 ], [ -115.2685647, 36.189344699878461 ], [ -115.268562, 36.189344699878461 ], [ -115.268562, 36.189360899879389 ], [ -115.2685485, 36.189360899879389 ], [ -115.2685485, 36.189363599879542 ], [ -115.268535, 36.189363599879542 ], [ -115.268535, 36.189360899879389 ], [ -115.2685242, 36.189360899879389 ], [ -115.2685242, 36.189363599879542 ], [ -115.2685107, 36.189363599879542 ], [ -115.2685107, 36.189366299879694 ], [ -115.2685026, 36.189366299879694 ], [ -115.2685026, 36.189368999879846 ], [ -115.2684945, 36.189368999879846 ], [ -115.2684945, 36.189371699879999 ] ] ] } },
{ "type": "Feature", "properties": { "value": 255.0 }, "geometry": { "type": "Polygon", "coordinates": [ [ [ -115.2675171, 36.18921779987123 ], [ -115.2674901, 36.18921779987123 ], [ -115.2674901, 36.189215099871078 ], [ -115.267482, 36.189215099871078 ], [ -115.267482, 36.189212399870925 ], [ -115.2674658, 36.189212399870925 ], [ -115.2674658, 36.189209699870773 ], [ -115.2674631, 36.189209699870773 ], [ -115.2674631, 36.189204299870461 ], [ -115.2674604, 36.189204299870461 ], [ -115.2674604, 36.189193499869845 ], [ -115.2674631, 36.189193499869845 ], [ -115.2674631, 36.189177299868923 ], [ -115.2674604, 36.189177299868923 ], [ -115.2674604, 36.189171899868619 ], [ -115.2674631, 36.189171899868619 ], [ -115.2674631, 36.189166499868307 ], [ -115.2674658, 36.189166499868307 ], [ -115.2674658, 36.189163799868155 ], [ -115.2674685, 36.189163799868155 ], [ -115.2674685, 36.189161099868002 ], [ -115.2674739, 36.189161099868002 ], [ -115.2674739, 36.18915839986785 ], [ -115.2674982, 36.18915839986785 ], [ -115.2674982, 36.18915569986769 ], [ -115.2675063, 36.18915569986769 ], [ -115.2675063, 36.189152999867538 ], [ -115.267509, 36.189152999867538 ], [ -115.267509, 36.189150299867386 ], [ -115.2675117, 36.189150299867386 ], [ -115.2675117, 36.189131399866312 ], [ -115.26751440000001, 36.189131399866312 ], [ -115.26751440000001, 36.189104399864767 ], [ -115.2675117, 36.189104399864767 ], [ -115.2675117, 36.18909629986431 ], [ -115.26751440000001, 36.18909629986431 ], [ -115.26751440000001, 36.189093599864158 ], [ -115.2675198, 36.189093599864158 ], [ -115.2675198, 36.189090899863999 ], [ -115.2675306, 36.189090899863999 ], [ -115.2675306, 36.189088199863846 ], [ -115.2675468, 36.189088199863846 ], [ -115.2675468, 36.189085499863694 ], [ -115.2675765, 36.189085499863694 ], [ -115.2675765, 36.189082799863542 ], [ -115.2675927, 36.189082799863542 ], [ -115.2675927, 36.189085499863694 ], [ -115.2675981, 36.189085499863694 ], [ -115.2675981, 36.189088199863846 ], [ -115.2676008, 36.189088199863846 ], [ -115.2676008, 36.189090899863999 ], [ -115.2676035, 36.189090899863999 ], [ -115.2676035, 36.18909629986431 ], [ -115.2676062, 36.18909629986431 ], [ -115.2676062, 36.189104399864767 ], [ -115.2676089, 36.189104399864767 ], [ -115.2676089, 36.189109799865079 ], [ -115.2676143, 36.189109799865079 ], [ -115.2676143, 36.189112499865232 ], [ -115.2676197, 36.189112499865232 ], [ -115.2676197, 36.189115199865384 ], [ -115.2676224, 36.189115199865384 ], [ -115.2676224, 36.189117899865536 ], [ -115.2676251, 36.189117899865536 ], [ -115.2676251, 36.189120599865696 ], [ -115.2676278, 36.189120599865696 ], [ -115.2676278, 36.189123299865848 ], [ -115.26763050000001, 36.189123299865848 ], [ -115.26763050000001, 36.189125999866 ], [ -115.2676332, 36.189125999866 ], [ -115.2676332, 36.189131399866312 ], [ -115.2676359, 36.189131399866312 ], [ -115.2676359, 36.189139499866769 ], [ -115.2676386, 36.189139499866769 ], [ -115.2676386, 36.189142199866922 ], [ -115.2676413, 36.189142199866922 ], [ -115.2676413, 36.189144899867081 ], [ -115.267644, 36.189144899867081 ], [ -115.267644, 36.189147599867233 ], [ -115.2676548, 36.189147599867233 ], [ -115.2676548, 36.189150299867386 ], [ -115.2676602, 36.189150299867386 ], [ -115.2676602, 36.189152999867538 ], [ -115.2676629, 36.189152999867538 ], [ -115.2676629, 36.18915839986785 ], [ -115.2676656, 36.18915839986785 ], [ -115.2676656, 36.189169199868459 ], [ -115.2676548, 36.189169199868459 ], [ -115.2676548, 36.189171899868619 ], [ -115.2676467, 36.189171899868619 ], [ -115.2676467, 36.189174599868771 ], [ -115.267644, 36.189174599868771 ], [ -115.267644, 36.189177299868923 ], [ -115.2676413, 36.189177299868923 ], [ -115.2676413, 36.189193499869845 ], [ -115.2676386, 36.189193499869845 ], [ -115.2676386, 36.189196199870004 ], [ -115.26763050000001, 36.189196199870004 ], [ -115.26763050000001, 36.189198899870156 ], [ -115.2676224, 36.189198899870156 ], [ -115.2676224, 36.189201599870309 ], [ -115.2676062, 36.189201599870309 ], [ -115.2676062, 36.189204299870461 ], [ -115.2675792, 36.189204299870461 ], [ -115.2675792, 36.189206999870613 ], [ -115.267563, 36.189206999870613 ], [ -115.267563, 36.189209699870773 ], [ -115.2675468, 36.189209699870773 ], [ -115.2675468, 36.189212399870925 ], [ -115.2675333, 36.189212399870925 ], [ -115.2675333, 36.189215099871078 ], [ -115.2675171, 36.189215099871078 ], [ -115.2675171, 36.18921779987123 ] ] ] } },
{ "type": "Feature", "properties": { "value": 255.0 }, "geometry": { "type": "Polygon", "coordinates": [ [ [ -115.2679275, 36.189239399872463 ], [ -115.2677763, 36.189239399872463 ], [ -115.2677763, 36.189236699872311 ], [ -115.2677736, 36.189236699872311 ], [ -115.2677736, 36.189231299871999 ], [ -115.2677709, 36.189231299871999 ], [ -115.2677709, 36.189212399870925 ], [ -115.26776550000001, 36.189212399870925 ], [ -115.26776550000001, 36.189209699870773 ], [ -115.2677466, 36.189209699870773 ], [ -115.2677466, 36.189206999870613 ], [ -115.2677439, 36.189206999870613 ], [ -115.2677439, 36.189204299870461 ], [ -115.2677412, 36.189204299870461 ], [ -115.2677412, 36.189142199866922 ], [ -115.2677385, 36.189142199866922 ], [ -115.2677385, 36.189134099866465 ], [ -115.2677412, 36.189134099866465 ], [ -115.2677412, 36.189128699866153 ], [ -115.2677628, 36.189128699866153 ], [ -115.2677628, 36.189125999866 ], [ -115.2677682, 36.189125999866 ], [ -115.2677682, 36.189101699864615 ], [ -115.2677709, 36.189101699864615 ], [ -115.2677709, 36.189098999864463 ], [ -115.2678303, 36.189098999864463 ], [ -115.2678303, 36.18909629986431 ], [ -115.2679113, 36.18909629986431 ], [ -115.2679113, 36.189098999864463 ], [ -115.267919400000011, 36.189098999864463 ], [ -115.267919400000011, 36.189104399864767 ], [ -115.2679221, 36.189104399864767 ], [ -115.2679221, 36.18915839986785 ], [ -115.267919400000011, 36.18915839986785 ], [ -115.267919400000011, 36.189161099868002 ], [ -115.267887, 36.189161099868002 ], [ -115.267887, 36.189163799868155 ], [ -115.2678789, 36.189163799868155 ], [ -115.2678789, 36.189169199868459 ], [ -115.2678762, 36.189169199868459 ], [ -115.2678762, 36.189171899868619 ], [ -115.2678789, 36.189171899868619 ], [ -115.2678789, 36.189174599868771 ], [ -115.26788160000001, 36.189174599868771 ], [ -115.26788160000001, 36.189177299868923 ], [ -115.2679248, 36.189177299868923 ], [ -115.2679248, 36.189179999869076 ], [ -115.2679302, 36.189179999869076 ], [ -115.2679302, 36.18918809986954 ], [ -115.2679329, 36.18918809986954 ], [ -115.2679329, 36.189233999872158 ], [ -115.2679302, 36.189233999872158 ], [ -115.2679302, 36.189236699872311 ], [ -115.2679275, 36.189236699872311 ], [ -115.2679275, 36.189239399872463 ] ] ] } },
{ "type": "Feature", "properties": { "value": 255.0 }, "geometry": { "type": "Polygon", "coordinates": [ [ [ -115.2686187, 36.189166499868307 ], [ -115.2685971, 36.189166499868307 ], [ -115.2685971, 36.189163799868155 ], [ -115.2685917, 36.189163799868155 ], [ -115.2685917, 36.18915569986769 ], [ -115.268589, 36.18915569986769 ], [ -115.268589, 36.189085499863694 ], [ -115.26858630000001, 36.189085499863694 ], [ -115.26858630000001, 36.18907739986323 ], [ -115.2685836, 36.18907739986323 ], [ -115.2685836, 36.189069299862773 ], [ -115.26858630000001, 36.189069299862773 ], [ -115.26858630000001, 36.189066599862613 ], [ -115.268589, 36.189066599862613 ], [ -115.268589, 36.189063899862461 ], [ -115.2687159, 36.189063899862461 ], [ -115.2687159, 36.189066599862613 ], [ -115.26872130000001, 36.189066599862613 ], [ -115.26872130000001, 36.189069299862773 ], [ -115.268724, 36.189069299862773 ], [ -115.268724, 36.189071999862925 ], [ -115.2687267, 36.189071999862925 ], [ -115.2687267, 36.189074699863077 ], [ -115.268729400000012, 36.189074699863077 ], [ -115.268729400000012, 36.18907739986323 ], [ -115.268740200000011, 36.18907739986323 ], [ -115.268740200000011, 36.189080099863382 ], [ -115.2687429, 36.189080099863382 ], [ -115.2687429, 36.189090899863999 ], [ -115.268740200000011, 36.189090899863999 ], [ -115.268740200000011, 36.189109799865079 ], [ -115.2687429, 36.189109799865079 ], [ -115.2687429, 36.189136799866617 ], [ -115.268740200000011, 36.189136799866617 ], [ -115.268740200000011, 36.189147599867233 ], [ -115.2687375, 36.189147599867233 ], [ -115.2687375, 36.189161099868002 ], [ -115.2687348, 36.189161099868002 ], [ -115.2687348, 36.189163799868155 ], [ -115.2686187, 36.189163799868155 ], [ -115.2686187, 36.189166499868307 ] ] ] } },
{ "type": "Feature", "properties": { "value": 255.0 }, "geometry": { "type": "Polygon", "coordinates": [ [ [ -115.2684324, 36.18915839986785 ], [ -115.26833520000001, 36.18915839986785 ], [ -115.26833520000001, 36.18915569986769 ], [ -115.2683325, 36.18915569986769 ], [ -115.2683325, 36.189152999867538 ], [ -115.2683298, 36.189152999867538 ], [ -115.2683298, 36.189117899865536 ], [ -115.2683271, 36.189117899865536 ], [ -115.2683271, 36.189088199863846 ], [ -115.268324400000012, 36.189088199863846 ], [ -115.268324400000012, 36.189050399861692 ], [ -115.2683271, 36.189050399861692 ], [ -115.2683271, 36.189044999861387 ], [ -115.2683325, 36.189044999861387 ], [ -115.2683325, 36.189042299861228 ], [ -115.2683379, 36.189042299861228 ], [ -115.2683379, 36.189039599861076 ], [ -115.2683649, 36.189039599861076 ], [ -115.2683649, 36.189042299861228 ], [ -115.26847020000001, 36.189042299861228 ], [ -115.26847020000001, 36.189044999861387 ], [ -115.2684756, 36.189044999861387 ], [ -115.2684756, 36.18904769986154 ], [ -115.2684783, 36.18904769986154 ], [ -115.2684783, 36.189053099861844 ], [ -115.268481, 36.189053099861844 ], [ -115.268481, 36.189058499862156 ], [ -115.2684783, 36.189058499862156 ], [ -115.2684783, 36.189152999867538 ], [ -115.2684756, 36.189152999867538 ], [ -115.2684756, 36.18915569986769 ], [ -115.2684324, 36.18915569986769 ], [ -115.2684324, 36.18915839986785 ] ] ] } },
{ "type": "Feature", "properties": { "value": 255.0 }, "geometry": { "type": "Polygon", "coordinates": [ [ [ -115.2673443, 36.189074699863077 ], [ -115.2673281, 36.189074699863077 ], [ -115.2673281, 36.189071999862925 ], [ -115.26732, 36.189071999862925 ], [ -115.26732, 36.189069299862773 ], [ -115.2673173, 36.189069299862773 ], [ -115.2673173, 36.189066599862613 ], [ -115.26731190000001, 36.189066599862613 ], [ -115.26731190000001, 36.189063899862461 ], [ -115.2673038, 36.189063899862461 ], [ -115.2673038, 36.189061199862309 ], [ -115.2672957, 36.189061199862309 ], [ -115.2672957, 36.189058499862156 ], [ -115.2672741, 36.189058499862156 ], [ -115.2672741, 36.189055799862004 ], [ -115.2672714, 36.189055799862004 ], [ -115.2672714, 36.189036899860923 ], [ -115.2672741, 36.189036899860923 ], [ -115.2672741, 36.189023399860154 ], [ -115.2672768, 36.189023399860154 ], [ -115.2672768, 36.189012599859538 ], [ -115.2672795, 36.189012599859538 ], [ -115.2672795, 36.189001799858922 ], [ -115.2672822, 36.189001799858922 ], [ -115.2672822, 36.188993699858464 ], [ -115.2672849, 36.188993699858464 ], [ -115.2672849, 36.188988299858153 ], [ -115.2672876, 36.188988299858153 ], [ -115.2672876, 36.188980199857696 ], [ -115.2672903, 36.188980199857696 ], [ -115.2672903, 36.188972099857232 ], [ -115.267293, 36.188972099857232 ], [ -115.267293, 36.188961299856615 ], [ -115.2672957, 36.188961299856615 ], [ -115.2672957, 36.188950499855999 ], [ -115.2672984, 36.188950499855999 ], [ -115.2672984, 36.188939699855382 ], [ -115.2673011, 36.188939699855382 ], [ -115.2673011, 36.18893699985523 ], [ -115.2673092, 36.18893699985523 ], [ -115.2673092, 36.188934299855077 ], [ -115.2673227, 36.188934299855077 ], [ -115.2673227, 36.18893699985523 ], [ -115.2673416, 36.18893699985523 ], [ -115.2673416, 36.188939699855382 ], [ -115.2673524, 36.188939699855382 ], [ -115.2673524, 36.188942399855542 ], [ -115.2673659, 36.188942399855542 ], [ -115.2673659, 36.188945099855694 ], [ -115.2673821, 36.188945099855694 ], [ -115.2673821, 36.188947799855846 ], [ -115.2673983, 36.188947799855846 ], [ -115.2673983, 36.188950499855999 ], [ -115.2674064, 36.188950499855999 ], [ -115.2674064, 36.188953199856151 ], [ -115.2674091, 36.188953199856151 ], [ -115.2674091, 36.18895589985631 ], [ -115.2674118, 36.18895589985631 ], [ -115.2674118, 36.188961299856615 ], [ -115.2674172, 36.188961299856615 ], [ -115.2674172, 36.188963999856767 ], [ -115.2674361, 36.188963999856767 ], [ -115.2674361, 36.188966699856927 ], [ -115.2674415, 36.188966699856927 ], [ -115.2674415, 36.188969399857079 ], [ -115.2674604, 36.188969399857079 ], [ -115.2674604, 36.188972099857232 ], [ -115.2674631, 36.188972099857232 ], [ -115.2674631, 36.188974799857384 ], [ -115.2674712, 36.188974799857384 ], [ -115.2674712, 36.188977499857536 ], [ -115.267482, 36.188977499857536 ], [ -115.267482, 36.188980199857696 ], [ -115.26749550000001, 36.188980199857696 ], [ -115.26749550000001, 36.188982899857848 ], [ -115.2675009, 36.188982899857848 ], [ -115.2675009, 36.188985599858 ], [ -115.2675036, 36.188985599858 ], [ -115.2675036, 36.188999099858769 ], [ -115.2675009, 36.188999099858769 ], [ -115.2675009, 36.189004499859081 ], [ -115.2674982, 36.189004499859081 ], [ -115.2674982, 36.189007199859233 ], [ -115.26749550000001, 36.189007199859233 ], [ -115.26749550000001, 36.189012599859538 ], [ -115.2674928, 36.189012599859538 ], [ -115.2674928, 36.18901529985969 ], [ -115.2674901, 36.18901529985969 ], [ -115.2674901, 36.18901799985985 ], [ -115.2674847, 36.18901799985985 ], [ -115.2674847, 36.189020699860002 ], [ -115.267482, 36.189020699860002 ], [ -115.267482, 36.189023399860154 ], [ -115.2674766, 36.189023399860154 ], [ -115.2674766, 36.189026099860307 ], [ -115.2674739, 36.189026099860307 ], [ -115.2674739, 36.189028799860459 ], [ -115.2674685, 36.189028799860459 ], [ -115.2674685, 36.189031499860619 ], [ -115.2674658, 36.189031499860619 ], [ -115.2674658, 36.189034199860771 ], [ -115.2674631, 36.189034199860771 ], [ -115.2674631, 36.189036899860923 ], [ -115.2674604, 36.189036899860923 ], [ -115.2674604, 36.189039599861076 ], [ -115.267455, 36.189039599861076 ], [ -115.267455, 36.189042299861228 ], [ -115.2673875, 36.189042299861228 ], [ -115.2673875, 36.189039599861076 ], [ -115.2673551, 36.189039599861076 ], [ -115.2673551, 36.189042299861228 ], [ -115.2673524, 36.189042299861228 ], [ -115.2673524, 36.18904769986154 ], [ -115.2673497, 36.18904769986154 ], [ -115.2673497, 36.189063899862461 ], [ -115.267347, 36.189063899862461 ], [ -115.267347, 36.189071999862925 ], [ -115.2673443, 36.189071999862925 ], [ -115.2673443, 36.189074699863077 ] ] ] } },
{ "type": "Feature", "properties": { "value": 255.0 }, "geometry": { "type": "Polygon", "coordinates": [ [ [ -115.2672174, 36.189085499863694 ], [ -115.2672039, 36.189085499863694 ], [ -115.2672039, 36.189082799863542 ], [ -115.267185, 36.189082799863542 ], [ -115.267185, 36.189080099863382 ], [ -115.2671607, 36.189080099863382 ], [ -115.2671607, 36.189082799863542 ], [ -115.2671526, 36.189082799863542 ], [ -115.2671526, 36.188926199854613 ], [ -115.2672093, 36.188926199854613 ], [ -115.2672093, 36.188928899854773 ], [ -115.267212, 36.188928899854773 ], [ -115.267212, 36.188947799855846 ], [ -115.2672147, 36.188947799855846 ], [ -115.2672147, 36.189007199859233 ], [ -115.2672174, 36.189007199859233 ], [ -115.2672174, 36.18901529985969 ], [ -115.2672201, 36.18901529985969 ], [ -115.2672201, 36.18901799985985 ], [ -115.2672255, 36.18901799985985 ], [ -115.2672255, 36.189020699860002 ], [ -115.2672282, 36.189020699860002 ], [ -115.2672282, 36.189026099860307 ], [ -115.2672309, 36.189026099860307 ], [ -115.2672309, 36.189050399861692 ], [ -115.2672336, 36.189050399861692 ], [ -115.2672336, 36.189071999862925 ], [ -115.2672309, 36.189071999862925 ], [ -115.2672309, 36.189080099863382 ], [ -115.2672282, 36.189080099863382 ], [ -115.2672282, 36.189082799863542 ], [ -115.2672174, 36.189082799863542 ], [ -115.2672174, 36.189085499863694 ] ] ] } },
{ "type": "Feature", "properties": { "value": 255.0 }, "geometry": { "type": "Polygon", "coordinates": [ [ [ -115.2678924, 36.18904769986154 ], [ -115.2678654, 36.18904769986154 ], [ -115.2678654, 36.189044999861387 ], [ -115.2678303, 36.189044999861387 ], [ -115.2678303, 36.18904769986154 ], [ -115.267784400000011, 36.18904769986154 ], [ -115.267784400000011, 36.189044999861387 ], [ -115.2677817, 36.189044999861387 ], [ -115.2677817, 36.189042299861228 ], [ -115.267779, 36.189042299861228 ], [ -115.267779, 36.188990999858305 ], [ -115.2677763, 36.188990999858305 ], [ -115.2677763, 36.188969399857079 ], [ -115.267779, 36.188969399857079 ], [ -115.267779, 36.18895589985631 ], [ -115.2677763, 36.18895589985631 ], [ -115.2677763, 36.188953199856151 ], [ -115.2677682, 36.188953199856151 ], [ -115.2677682, 36.188950499855999 ], [ -115.2677574, 36.188950499855999 ], [ -115.2677574, 36.188947799855846 ], [ -115.2677547, 36.188947799855846 ], [ -115.2677547, 36.188920799854309 ], [ -115.2677574, 36.188920799854309 ], [ -115.2677574, 36.188918099854156 ], [ -115.2677601, 36.188918099854156 ], [ -115.2677601, 36.188915399854004 ], [ -115.2677736, 36.188915399854004 ], [ -115.2677736, 36.188912699853844 ], [ -115.267784400000011, 36.188912699853844 ], [ -115.267784400000011, 36.188909999853692 ], [ -115.2678303, 36.188909999853692 ], [ -115.2678303, 36.18890729985354 ], [ -115.2679329, 36.18890729985354 ], [ -115.2679329, 36.188909999853692 ], [ -115.2679356, 36.188909999853692 ], [ -115.2679356, 36.188915399854004 ], [ -115.2679383, 36.188915399854004 ], [ -115.2679383, 36.188918099854156 ], [ -115.2679356, 36.188918099854156 ], [ -115.2679356, 36.188966699856927 ], [ -115.2679302, 36.188966699856927 ], [ -115.2679302, 36.188969399857079 ], [ -115.267919400000011, 36.188969399857079 ], [ -115.267919400000011, 36.188966699856927 ], [ -115.2678978, 36.188966699856927 ], [ -115.2678978, 36.188969399857079 ], [ -115.2678843, 36.188969399857079 ], [ -115.2678843, 36.188972099857232 ], [ -115.26788160000001, 36.188972099857232 ], [ -115.26788160000001, 36.188980199857696 ], [ -115.2678843, 36.188980199857696 ], [ -115.2678843, 36.188982899857848 ], [ -115.2678924, 36.188982899857848 ], [ -115.2678924, 36.188985599858 ], [ -115.2678978, 36.188985599858 ], [ -115.2678978, 36.188982899857848 ], [ -115.2679086, 36.188982899857848 ], [ -115.2679086, 36.188985599858 ], [ -115.2679221, 36.188985599858 ], [ -115.2679221, 36.188988299858153 ], [ -115.2679248, 36.188988299858153 ], [ -115.2679248, 36.189042299861228 ], [ -115.2679221, 36.189042299861228 ], [ -115.2679221, 36.189044999861387 ], [ -115.2678924, 36.189044999861387 ], [ -115.2678924, 36.18904769986154 ] ] ] } },
{ "type": "Feature", "properties": { "value": 255.0 }, "geometry": { "type": "Polygon", "coordinates": [ [ [ -115.2684783, 36.188996399858617 ], [ -115.2684081, 36.188996399858617 ], [ -115.2684081, 36.188993699858464 ], [ -115.2683487, 36.188993699858464 ], [ -115.2683487, 36.188990999858305 ], [ -115.2683433, 36.188990999858305 ], [ -115.2683433, 36.188988299858153 ], [ -115.2683406, 36.188988299858153 ], [ -115.2683406, 36.188982899857848 ], [ -115.26833520000001, 36.188982899857848 ], [ -115.26833520000001, 36.188980199857696 ], [ -115.2683271, 36.188980199857696 ], [ -115.2683271, 36.188977499857536 ], [ -115.2683163, 36.188977499857536 ], [ -115.2683163, 36.188974799857384 ], [ -115.2683136, 36.188974799857384 ], [ -115.2683136, 36.188963999856767 ], [ -115.2683163, 36.188963999856767 ], [ -115.2683163, 36.18895589985631 ], [ -115.268319, 36.18895589985631 ], [ -115.268319, 36.188950499855999 ], [ -115.2683217, 36.188950499855999 ], [ -115.2683217, 36.188945099855694 ], [ -115.268324400000012, 36.188945099855694 ], [ -115.268324400000012, 36.188939699855382 ], [ -115.2683271, 36.188939699855382 ], [ -115.2683271, 36.188923499854461 ], [ -115.2683298, 36.188923499854461 ], [ -115.2683298, 36.188912699853844 ], [ -115.2683325, 36.188912699853844 ], [ -115.2683325, 36.188893799852771 ], [ -115.26833520000001, 36.188893799852771 ], [ -115.26833520000001, 36.188891099852619 ], [ -115.2683379, 36.188891099852619 ], [ -115.2683379, 36.188888399852459 ], [ -115.268346, 36.188888399852459 ], [ -115.268346, 36.188885699852307 ], [ -115.2683811, 36.188885699852307 ], [ -115.2683811, 36.188888399852459 ], [ -115.2683892, 36.188888399852459 ], [ -115.2683892, 36.188891099852619 ], [ -115.2683946, 36.188891099852619 ], [ -115.2683946, 36.188893799852771 ], [ -115.2684, 36.188893799852771 ], [ -115.2684, 36.188896499852923 ], [ -115.26847020000001, 36.188896499852923 ], [ -115.26847020000001, 36.188899199853076 ], [ -115.2684756, 36.188899199853076 ], [ -115.2684756, 36.188901899853228 ], [ -115.2684783, 36.188901899853228 ], [ -115.2684783, 36.188928899854773 ], [ -115.268481, 36.188928899854773 ], [ -115.268481, 36.188990999858305 ], [ -115.2684783, 36.188990999858305 ], [ -115.2684783, 36.188996399858617 ] ] ] } },
{ "type": "Feature", "properties": { "value": 255.0 }, "geometry": { "type": "Polygon", "coordinates": [ [ [ -115.2686754, 36.189020699860002 ], [ -115.2686565, 36.189020699860002 ], [ -115.2686565, 36.18901799985985 ], [ -115.2686214, 36.18901799985985 ], [ -115.2686214, 36.189020699860002 ], [ -115.2686025, 36.189020699860002 ], [ -115.2686025, 36.18901799985985 ], [ -115.2685971, 36.18901799985985 ], [ -115.2685971, 36.189007199859233 ], [ -115.268594400000012, 36.189007199859233 ], [ -115.268594400000012, 36.189001799858922 ], [ -115.2685971, 36.189001799858922 ], [ -115.2685971, 36.188990999858305 ], [ -115.268594400000012, 36.188990999858305 ], [ -115.268594400000012, 36.188985599858 ], [ -115.2685917, 36.188985599858 ], [ -115.2685917, 36.188982899857848 ], [ -115.268575500000011, 36.188982899857848 ], [ -115.268575500000011, 36.188980199857696 ], [ -115.2685728, 36.188980199857696 ], [ -115.2685728, 36.188977499857536 ], [ -115.2685701, 36.188977499857536 ], [ -115.2685701, 36.188942399855542 ], [ -115.2685728, 36.188942399855542 ], [ -115.2685728, 36.188939699855382 ], [ -115.268575500000011, 36.188939699855382 ], [ -115.268575500000011, 36.18893699985523 ], [ -115.268589, 36.18893699985523 ], [ -115.268589, 36.188934299855077 ], [ -115.2685917, 36.188934299855077 ], [ -115.2685917, 36.188931599854925 ], [ -115.268594400000012, 36.188931599854925 ], [ -115.268594400000012, 36.18890729985354 ], [ -115.2685971, 36.18890729985354 ], [ -115.2685971, 36.188904599853387 ], [ -115.2686592, 36.188904599853387 ], [ -115.2686592, 36.188901899853228 ], [ -115.268661900000012, 36.188901899853228 ], [ -115.268661900000012, 36.188888399852459 ], [ -115.2686592, 36.188888399852459 ], [ -115.2686592, 36.18887489985169 ], [ -115.2686646, 36.18887489985169 ], [ -115.2686646, 36.188872199851538 ], [ -115.268740200000011, 36.188872199851538 ], [ -115.268740200000011, 36.18887489985169 ], [ -115.2687456, 36.18887489985169 ], [ -115.2687456, 36.188893799852771 ], [ -115.2687483, 36.188893799852771 ], [ -115.2687483, 36.188901899853228 ], [ -115.268751, 36.188901899853228 ], [ -115.268751, 36.18890729985354 ], [ -115.2687537, 36.18890729985354 ], [ -115.2687537, 36.188915399854004 ], [ -115.268751, 36.188915399854004 ], [ -115.268751, 36.188958599856463 ], [ -115.2687537, 36.188958599856463 ], [ -115.2687537, 36.188966699856927 ], [ -115.268751, 36.188966699856927 ], [ -115.268751, 36.188985599858 ], [ -115.2687483, 36.188985599858 ], [ -115.2687483, 36.189001799858922 ], [ -115.268751, 36.189001799858922 ], [ -115.268751, 36.189009899859386 ], [ -115.2687483, 36.189009899859386 ], [ -115.2687483, 36.18901529985969 ], [ -115.2687456, 36.18901529985969 ], [ -115.2687456, 36.18901799985985 ], [ -115.2686754, 36.18901799985985 ], [ -115.2686754, 36.189020699860002 ] ] ] } },
{ "type": "Feature", "properties": { "value": 255.0 }, "geometry": { "type": "Polygon", "coordinates": [ [ [ -115.26744690000001, 36.188548199833079 ], [ -115.2674253, 36.188548199833079 ], [ -115.2674253, 36.188545499832919 ], [ -115.2673686, 36.188545499832919 ], [ -115.2673686, 36.188542799832767 ], [ -115.2673308, 36.188542799832767 ], [ -115.2673308, 36.188540099832615 ], [ -115.2672876, 36.188540099832615 ], [ -115.2672876, 36.188537399832462 ], [ -115.2672633, 36.188537399832462 ], [ -115.2672633, 36.18853469983231 ], [ -115.2672552, 36.18853469983231 ], [ -115.2672552, 36.188531999832151 ], [ -115.2672525, 36.188531999832151 ], [ -115.2672525, 36.188523899831694 ], [ -115.2672498, 36.188523899831694 ], [ -115.2672498, 36.188507699830765 ], [ -115.2672471, 36.188507699830765 ], [ -115.2672471, 36.188502299830461 ], [ -115.26724440000001, 36.188502299830461 ], [ -115.26724440000001, 36.188494199829996 ], [ -115.2672417, 36.188494199829996 ], [ -115.2672417, 36.188464499828306 ], [ -115.267239, 36.188464499828306 ], [ -115.267239, 36.188450999827538 ], [ -115.2672417, 36.188450999827538 ], [ -115.2672417, 36.188445599827233 ], [ -115.26724440000001, 36.188445599827233 ], [ -115.26724440000001, 36.188442899827074 ], [ -115.2672471, 36.188442899827074 ], [ -115.2672471, 36.188440199826921 ], [ -115.2672525, 36.188440199826921 ], [ -115.2672525, 36.188442899827074 ], [ -115.267266, 36.188442899827074 ], [ -115.267266, 36.188440199826921 ], [ -115.2672741, 36.188440199826921 ], [ -115.2672741, 36.188437499826769 ], [ -115.2672795, 36.188437499826769 ], [ -115.2672795, 36.188432099826464 ], [ -115.2672822, 36.188432099826464 ], [ -115.2672822, 36.188423999826 ], [ -115.2672849, 36.188423999826 ], [ -115.2672849, 36.188421299825848 ], [ -115.2672876, 36.188421299825848 ], [ -115.2672876, 36.188418599825688 ], [ -115.2673362, 36.188418599825688 ], [ -115.2673362, 36.188421299825848 ], [ -115.2673659, 36.188421299825848 ], [ -115.2673659, 36.188423999826 ], [ -115.2674253, 36.188423999826 ], [ -115.2674253, 36.188426699826152 ], [ -115.2674361, 36.188426699826152 ], [ -115.2674361, 36.188429399826305 ], [ -115.2674388, 36.188429399826305 ], [ -115.2674388, 36.188434799826616 ], [ -115.2674415, 36.188434799826616 ], [ -115.2674415, 36.188448299827385 ], [ -115.2674442, 36.188448299827385 ], [ -115.2674442, 36.18845369982769 ], [ -115.26744690000001, 36.18845369982769 ], [ -115.26744690000001, 36.188459099828002 ], [ -115.2674496, 36.188459099828002 ], [ -115.2674496, 36.188472599828771 ], [ -115.2674523, 36.188472599828771 ], [ -115.2674523, 36.188540099832615 ], [ -115.2674496, 36.188540099832615 ], [ -115.2674496, 36.188545499832919 ], [ -115.26744690000001, 36.188545499832919 ], [ -115.26744690000001, 36.188548199833079 ] ] ] } },
{ "type": "Feature", "properties": { "value": 255.0 }, "geometry": { "type": "Polygon", "coordinates": [ [ [ -115.2675738, 36.188550899833231 ], [ -115.2675468, 36.188550899833231 ], [ -115.2675468, 36.188548199833079 ], [ -115.2675414, 36.188548199833079 ], [ -115.2675414, 36.188545499832919 ], [ -115.2675333, 36.188545499832919 ], [ -115.2675333, 36.188542799832767 ], [ -115.2675252, 36.188542799832767 ], [ -115.2675252, 36.188540099832615 ], [ -115.2675225, 36.188540099832615 ], [ -115.2675225, 36.188537399832462 ], [ -115.2675198, 36.188537399832462 ], [ -115.2675198, 36.188529299831998 ], [ -115.2675171, 36.188529299831998 ], [ -115.2675171, 36.188515799831229 ], [ -115.2675198, 36.188515799831229 ], [ -115.2675198, 36.188494199829996 ], [ -115.2675171, 36.188494199829996 ], [ -115.2675171, 36.188475299828923 ], [ -115.2675198, 36.188475299828923 ], [ -115.2675198, 36.18845369982769 ], [ -115.2675225, 36.18845369982769 ], [ -115.2675225, 36.188445599827233 ], [ -115.2675252, 36.188445599827233 ], [ -115.2675252, 36.188442899827074 ], [ -115.2675468, 36.188442899827074 ], [ -115.2675468, 36.188440199826921 ], [ -115.2675603, 36.188440199826921 ], [ -115.2675603, 36.188437499826769 ], [ -115.267563, 36.188437499826769 ], [ -115.267563, 36.188434799826616 ], [ -115.2675657, 36.188434799826616 ], [ -115.2675657, 36.188432099826464 ], [ -115.2675684, 36.188432099826464 ], [ -115.2675684, 36.188423999826 ], [ -115.2675711, 36.188423999826 ], [ -115.2675711, 36.188418599825688 ], [ -115.2675738, 36.188418599825688 ], [ -115.2675738, 36.188415899825536 ], [ -115.2675765, 36.188415899825536 ], [ -115.2675765, 36.188413199825384 ], [ -115.2675792, 36.188413199825384 ], [ -115.2675792, 36.188410499825231 ], [ -115.2675954, 36.188410499825231 ], [ -115.2675954, 36.188407799825079 ], [ -115.2676035, 36.188407799825079 ], [ -115.2676035, 36.188410499825231 ], [ -115.2676089, 36.188410499825231 ], [ -115.2676089, 36.188413199825384 ], [ -115.2676116, 36.188413199825384 ], [ -115.2676116, 36.188415899825536 ], [ -115.2676143, 36.188415899825536 ], [ -115.2676143, 36.188418599825688 ], [ -115.267617, 36.188418599825688 ], [ -115.267617, 36.188421299825848 ], [ -115.2676467, 36.188421299825848 ], [ -115.2676467, 36.188423999826 ], [ -115.2676602, 36.188423999826 ], [ -115.2676602, 36.188421299825848 ], [ -115.2676656, 36.188421299825848 ], [ -115.2676656, 36.188418599825688 ], [ -115.2676683, 36.188418599825688 ], [ -115.2676683, 36.188415899825536 ], [ -115.267671, 36.188415899825536 ], [ -115.267671, 36.188410499825231 ], [ -115.2676764, 36.188410499825231 ], [ -115.2676764, 36.188407799825079 ], [ -115.267716900000011, 36.188407799825079 ], [ -115.267716900000011, 36.188410499825231 ], [ -115.2677196, 36.188410499825231 ], [ -115.2677196, 36.188413199825384 ], [ -115.2677223, 36.188413199825384 ], [ -115.2677223, 36.188421299825848 ], [ -115.267725, 36.188421299825848 ], [ -115.267725, 36.188426699826152 ], [ -115.2677277, 36.188426699826152 ], [ -115.2677277, 36.188432099826464 ], [ -115.2677304, 36.188432099826464 ], [ -115.2677304, 36.188437499826769 ], [ -115.2677331, 36.188437499826769 ], [ -115.2677331, 36.188442899827074 ], [ -115.2677358, 36.188442899827074 ], [ -115.2677358, 36.188461799828154 ], [ -115.2677385, 36.188461799828154 ], [ -115.2677385, 36.188472599828771 ], [ -115.2677412, 36.188472599828771 ], [ -115.2677412, 36.188488799829692 ], [ -115.2677439, 36.188488799829692 ], [ -115.2677439, 36.188545499832919 ], [ -115.2677412, 36.188545499832919 ], [ -115.2677412, 36.188548199833079 ], [ -115.2675738, 36.188548199833079 ], [ -115.2675738, 36.188550899833231 ] ] ] } },
{ "type": "Feature", "properties": { "value": 255.0 }, "geometry": { "type": "Polygon", "coordinates": [ [ [ -115.2683136, 36.188548199833079 ], [ -115.2682272, 36.188548199833079 ], [ -115.2682272, 36.188545499832919 ], [ -115.26821910000001, 36.188545499832919 ], [ -115.26821910000001, 36.188542799832767 ], [ -115.2682056, 36.188542799832767 ], [ -115.2682056, 36.188540099832615 ], [ -115.2682029, 36.188540099832615 ], [ -115.2682029, 36.18853469983231 ], [ -115.26820020000001, 36.18853469983231 ], [ -115.26820020000001, 36.188521199831541 ], [ -115.2681975, 36.188521199831541 ], [ -115.2681975, 36.188499599830308 ], [ -115.26820020000001, 36.188499599830308 ], [ -115.26820020000001, 36.188434799826616 ], [ -115.2681975, 36.188434799826616 ], [ -115.2681975, 36.188432099826464 ], [ -115.26820020000001, 36.188432099826464 ], [ -115.26820020000001, 36.188423999826 ], [ -115.2682083, 36.188423999826 ], [ -115.2682083, 36.188421299825848 ], [ -115.2682137, 36.188421299825848 ], [ -115.2682137, 36.188423999826 ], [ -115.2682353, 36.188423999826 ], [ -115.2682353, 36.188421299825848 ], [ -115.268238, 36.188421299825848 ], [ -115.268238, 36.188413199825384 ], [ -115.2682407, 36.188413199825384 ], [ -115.2682407, 36.188410499825231 ], [ -115.2682434, 36.188410499825231 ], [ -115.2682434, 36.188407799825079 ], [ -115.26828660000001, 36.188407799825079 ], [ -115.26828660000001, 36.188410499825231 ], [ -115.2682893, 36.188410499825231 ], [ -115.2682893, 36.188413199825384 ], [ -115.268292, 36.188413199825384 ], [ -115.268292, 36.188415899825536 ], [ -115.2682947, 36.188415899825536 ], [ -115.2682947, 36.188418599825688 ], [ -115.2683001, 36.188418599825688 ], [ -115.2683001, 36.188421299825848 ], [ -115.2683406, 36.188421299825848 ], [ -115.2683406, 36.188418599825688 ], [ -115.268346, 36.188418599825688 ], [ -115.268346, 36.188413199825384 ], [ -115.2683487, 36.188413199825384 ], [ -115.2683487, 36.188407799825079 ], [ -115.2683514, 36.188407799825079 ], [ -115.2683514, 36.188405099824919 ], [ -115.2683946, 36.188405099824919 ], [ -115.2683946, 36.188407799825079 ], [ -115.2684, 36.188407799825079 ], [ -115.2684, 36.188413199825384 ], [ -115.26840270000001, 36.188413199825384 ], [ -115.26840270000001, 36.188418599825688 ], [ -115.2684054, 36.188418599825688 ], [ -115.2684054, 36.188423999826 ], [ -115.2684081, 36.188423999826 ], [ -115.2684081, 36.188426699826152 ], [ -115.2684108, 36.188426699826152 ], [ -115.2684108, 36.188429399826305 ], [ -115.2684135, 36.188429399826305 ], [ -115.2684135, 36.188434799826616 ], [ -115.2684162, 36.188434799826616 ], [ -115.2684162, 36.188442899827074 ], [ -115.2684189, 36.188442899827074 ], [ -115.2684189, 36.188472599828771 ], [ -115.268421600000011, 36.188472599828771 ], [ -115.268421600000011, 36.188542799832767 ], [ -115.2684189, 36.188542799832767 ], [ -115.2684189, 36.188545499832919 ], [ -115.2683136, 36.188545499832919 ], [ -115.2683136, 36.188548199833079 ] ] ] } },
{ "type": "Feature", "properties": { "value": 255.0 }, "geometry": { "type": "Polygon", "coordinates": [ [ [ -115.2680409, 36.188531999832151 ], [ -115.2679923, 36.188531999832151 ], [ -115.2679923, 36.188529299831998 ], [ -115.2679842, 36.188529299831998 ], [ -115.2679842, 36.188523899831694 ], [ -115.2679815, 36.188523899831694 ], [ -115.2679815, 36.188515799831229 ], [ -115.2679842, 36.188515799831229 ], [ -115.2679842, 36.188486099829539 ], [ -115.267986900000011, 36.188486099829539 ], [ -115.267986900000011, 36.18845369982769 ], [ -115.2679896, 36.18845369982769 ], [ -115.2679896, 36.188432099826464 ], [ -115.2679923, 36.188432099826464 ], [ -115.2679923, 36.188413199825384 ], [ -115.267995, 36.188413199825384 ], [ -115.267995, 36.18839429982431 ], [ -115.2679977, 36.18839429982431 ], [ -115.2679977, 36.188367299822765 ], [ -115.2680004, 36.188367299822765 ], [ -115.2680004, 36.188359199822308 ], [ -115.2680031, 36.188359199822308 ], [ -115.2680031, 36.188356499822156 ], [ -115.2680058, 36.188356499822156 ], [ -115.2680058, 36.188353799821996 ], [ -115.2680139, 36.188353799821996 ], [ -115.2680139, 36.188356499822156 ], [ -115.2680733, 36.188356499822156 ], [ -115.2680733, 36.188353799821996 ], [ -115.26813, 36.188353799821996 ], [ -115.26813, 36.188356499822156 ], [ -115.2681381, 36.188356499822156 ], [ -115.2681381, 36.188359199822308 ], [ -115.2681408, 36.188359199822308 ], [ -115.2681408, 36.188383499823694 ], [ -115.2681435, 36.188383499823694 ], [ -115.2681435, 36.188386199823846 ], [ -115.2681462, 36.188386199823846 ], [ -115.2681462, 36.188388899823998 ], [ -115.2681489, 36.188388899823998 ], [ -115.2681489, 36.188391599824151 ], [ -115.2681543, 36.188391599824151 ], [ -115.2681543, 36.18839429982431 ], [ -115.2681624, 36.18839429982431 ], [ -115.2681624, 36.188396999824462 ], [ -115.2681678, 36.188396999824462 ], [ -115.2681678, 36.188399699824615 ], [ -115.268170500000011, 36.188399699824615 ], [ -115.268170500000011, 36.188402399824767 ], [ -115.2681732, 36.188402399824767 ], [ -115.2681732, 36.188405099824919 ], [ -115.2681759, 36.188405099824919 ], [ -115.2681759, 36.188429399826305 ], [ -115.2681732, 36.188429399826305 ], [ -115.2681732, 36.188434799826616 ], [ -115.268170500000011, 36.188434799826616 ], [ -115.268170500000011, 36.188437499826769 ], [ -115.2681651, 36.188437499826769 ], [ -115.2681651, 36.188440199826921 ], [ -115.268157, 36.188440199826921 ], [ -115.268157, 36.188442899827074 ], [ -115.2681543, 36.188442899827074 ], [ -115.2681543, 36.188445599827233 ], [ -115.26815160000001, 36.188445599827233 ], [ -115.26815160000001, 36.188450999827538 ], [ -115.2681489, 36.188450999827538 ], [ -115.2681489, 36.188480699829228 ], [ -115.26815160000001, 36.188480699829228 ], [ -115.26815160000001, 36.188483399829387 ], [ -115.2681543, 36.188483399829387 ], [ -115.2681543, 36.188486099829539 ], [ -115.268157, 36.188486099829539 ], [ -115.268157, 36.188491499829844 ], [ -115.2681597, 36.188491499829844 ], [ -115.2681597, 36.188521199831541 ], [ -115.268157, 36.188521199831541 ], [ -115.268157, 36.188523899831694 ], [ -115.2681489, 36.188523899831694 ], [ -115.2681489, 36.188526599831846 ], [ -115.2680868, 36.188526599831846 ], [ -115.2680868, 36.188523899831694 ], [ -115.268054400000011, 36.188523899831694 ], [ -115.268054400000011, 36.188526599831846 ], [ -115.268049, 36.188526599831846 ], [ -115.268049, 36.188529299831998 ], [ -115.2680409, 36.188529299831998 ], [ -115.2680409, 36.188531999832151 ] ] ] } },
{ "type": "Feature", "properties": { "value": 255.0 }, "geometry": { "type": "Polygon", "coordinates": [ [ [ -115.2671688, 36.188440199826921 ], [ -115.2671526, 36.188440199826921 ], [ -115.2671526, 36.188345699821539 ], [ -115.267158, 36.188345699821539 ], [ -115.267158, 36.188348399821692 ], [ -115.2671661, 36.188348399821692 ], [ -115.2671661, 36.188351099821844 ], [ -115.2671688, 36.188351099821844 ], [ -115.2671688, 36.188353799821996 ], [ -115.2671715, 36.188353799821996 ], [ -115.2671715, 36.188356499822156 ], [ -115.2671742, 36.188356499822156 ], [ -115.2671742, 36.188367299822765 ], [ -115.26717690000001, 36.188367299822765 ], [ -115.26717690000001, 36.188437499826769 ], [ -115.2671688, 36.188437499826769 ], [ -115.2671688, 36.188440199826921 ] ] ] } },
{ "type": "Feature", "properties": { "value": 255.0 }, "geometry": { "type": "Polygon", "coordinates": [ [ [ -115.2679599, 36.18845369982769 ], [ -115.2678978, 36.18845369982769 ], [ -115.2678978, 36.188450999827538 ], [ -115.2678924, 36.188450999827538 ], [ -115.2678924, 36.188448299827385 ], [ -115.267887, 36.188448299827385 ], [ -115.267887, 36.188445599827233 ], [ -115.26788160000001, 36.188445599827233 ], [ -115.26788160000001, 36.188442899827074 ], [ -115.2678708, 36.188442899827074 ], [ -115.2678708, 36.188440199826921 ], [ -115.2678573, 36.188440199826921 ], [ -115.2678573, 36.188437499826769 ], [ -115.2678357, 36.188437499826769 ], [ -115.2678357, 36.188434799826616 ], [ -115.2678276, 36.188434799826616 ], [ -115.2678276, 36.188432099826464 ], [ -115.2678249, 36.188432099826464 ], [ -115.2678249, 36.188429399826305 ], [ -115.2678168, 36.188429399826305 ], [ -115.2678168, 36.188426699826152 ], [ -115.2678033, 36.188426699826152 ], [ -115.2678033, 36.188423999826 ], [ -115.2677979, 36.188423999826 ], [ -115.2677979, 36.188421299825848 ], [ -115.2677952, 36.188421299825848 ], [ -115.2677952, 36.188410499825231 ], [ -115.2677979, 36.188410499825231 ], [ -115.2677979, 36.188386199823846 ], [ -115.2678006, 36.188386199823846 ], [ -115.2678006, 36.188383499823694 ], [ -115.2678168, 36.188383499823694 ], [ -115.2678168, 36.188380799823534 ], [ -115.2678222, 36.188380799823534 ], [ -115.2678222, 36.188372699823077 ], [ -115.2678249, 36.188372699823077 ], [ -115.2678249, 36.188359199822308 ], [ -115.2678222, 36.188359199822308 ], [ -115.2678222, 36.188345699821539 ], [ -115.2678195, 36.188345699821539 ], [ -115.2678195, 36.188342999821387 ], [ -115.2678168, 36.188342999821387 ], [ -115.2678168, 36.188340299821228 ], [ -115.267806, 36.188340299821228 ], [ -115.267806, 36.188337599821075 ], [ -115.2678033, 36.188337599821075 ], [ -115.2678033, 36.188318699820002 ], [ -115.267806, 36.188318699820002 ], [ -115.267806, 36.188307899819385 ], [ -115.2678087, 36.188307899819385 ], [ -115.2678087, 36.188299799818921 ], [ -115.2678114, 36.188299799818921 ], [ -115.2678114, 36.188297099818769 ], [ -115.2678357, 36.188297099818769 ], [ -115.2678357, 36.188294399818616 ], [ -115.2678411, 36.188294399818616 ], [ -115.2678411, 36.188291699818457 ], [ -115.2678438, 36.188291699818457 ], [ -115.2678438, 36.188288999818305 ], [ -115.2678465, 36.188288999818305 ], [ -115.2678465, 36.188286299818152 ], [ -115.2678951, 36.188286299818152 ], [ -115.2678951, 36.188283599818 ], [ -115.2679032, 36.188283599818 ], [ -115.2679032, 36.188286299818152 ], [ -115.2679275, 36.188286299818152 ], [ -115.2679275, 36.188288999818305 ], [ -115.2679707, 36.188288999818305 ], [ -115.2679707, 36.188291699818457 ], [ -115.2679761, 36.188291699818457 ], [ -115.2679761, 36.188299799818921 ], [ -115.2679788, 36.188299799818921 ], [ -115.2679788, 36.188315999819842 ], [ -115.2679815, 36.188315999819842 ], [ -115.2679815, 36.188332199820771 ], [ -115.2679788, 36.188332199820771 ], [ -115.2679788, 36.188353799821996 ], [ -115.2679761, 36.188353799821996 ], [ -115.2679761, 36.188386199823846 ], [ -115.2679734, 36.188386199823846 ], [ -115.2679734, 36.188410499825231 ], [ -115.2679707, 36.188410499825231 ], [ -115.2679707, 36.188445599827233 ], [ -115.267968, 36.188445599827233 ], [ -115.267968, 36.188450999827538 ], [ -115.2679599, 36.188450999827538 ], [ -115.2679599, 36.18845369982769 ] ] ] } },
{ "type": "Feature", "properties": { "value": 255.0 }, "geometry": { "type": "Polygon", "coordinates": [ [ [ -115.2687132, 36.188413199825384 ], [ -115.2685782, 36.188413199825384 ], [ -115.2685782, 36.188410499825231 ], [ -115.2685701, 36.188410499825231 ], [ -115.2685701, 36.188405099824919 ], [ -115.2685674, 36.188405099824919 ], [ -115.2685674, 36.188386199823846 ], [ -115.2685647, 36.188386199823846 ], [ -115.2685647, 36.188326799820459 ], [ -115.2685674, 36.188326799820459 ], [ -115.2685674, 36.188307899819385 ], [ -115.2685647, 36.188307899819385 ], [ -115.2685647, 36.188288999818305 ], [ -115.2685674, 36.188288999818305 ], [ -115.2685674, 36.188272799817383 ], [ -115.2685701, 36.188272799817383 ], [ -115.2685701, 36.188264699816919 ], [ -115.2685728, 36.188264699816919 ], [ -115.2685728, 36.188261999816767 ], [ -115.2685782, 36.188261999816767 ], [ -115.2685782, 36.188259299816615 ], [ -115.2686511, 36.188259299816615 ], [ -115.2686511, 36.188256599816462 ], [ -115.2686754, 36.188256599816462 ], [ -115.2686754, 36.188259299816615 ], [ -115.2686862, 36.188259299816615 ], [ -115.2686862, 36.188261999816767 ], [ -115.2687078, 36.188261999816767 ], [ -115.2687078, 36.188259299816615 ], [ -115.2687753, 36.188259299816615 ], [ -115.2687753, 36.188256599816462 ], [ -115.2687996, 36.188256599816462 ], [ -115.2687996, 36.188259299816615 ], [ -115.268807700000011, 36.188259299816615 ], [ -115.268807700000011, 36.188261999816767 ], [ -115.2688104, 36.188261999816767 ], [ -115.2688104, 36.188267399817079 ], [ -115.2688131, 36.188267399817079 ], [ -115.2688131, 36.188334899820923 ], [ -115.2688104, 36.188334899820923 ], [ -115.2688104, 36.188340299821228 ], [ -115.268805, 36.188340299821228 ], [ -115.268805, 36.188342999821387 ], [ -115.2688023, 36.188342999821387 ], [ -115.2688023, 36.188348399821692 ], [ -115.2687996, 36.188348399821692 ], [ -115.2687996, 36.188351099821844 ], [ -115.2687942, 36.188351099821844 ], [ -115.2687942, 36.188353799821996 ], [ -115.2687915, 36.188353799821996 ], [ -115.2687915, 36.188356499822156 ], [ -115.26878880000001, 36.188356499822156 ], [ -115.26878880000001, 36.188359199822308 ], [ -115.2687834, 36.188359199822308 ], [ -115.2687834, 36.188361899822461 ], [ -115.2687807, 36.188361899822461 ], [ -115.2687807, 36.188364599822613 ], [ -115.268778, 36.188364599822613 ], [ -115.268778, 36.188367299822765 ], [ -115.2687753, 36.188367299822765 ], [ -115.2687753, 36.188369999822925 ], [ -115.2687726, 36.188369999822925 ], [ -115.2687726, 36.188372699823077 ], [ -115.2687672, 36.188372699823077 ], [ -115.2687672, 36.188375399823229 ], [ -115.2687645, 36.188375399823229 ], [ -115.2687645, 36.188378099823382 ], [ -115.2687618, 36.188378099823382 ], [ -115.2687618, 36.188380799823534 ], [ -115.268759100000011, 36.188380799823534 ], [ -115.268759100000011, 36.188383499823694 ], [ -115.2687564, 36.188383499823694 ], [ -115.2687564, 36.188386199823846 ], [ -115.2687537, 36.188386199823846 ], [ -115.2687537, 36.188388899823998 ], [ -115.268751, 36.188388899823998 ], [ -115.268751, 36.188391599824151 ], [ -115.2687483, 36.188391599824151 ], [ -115.2687483, 36.18839429982431 ], [ -115.2687429, 36.18839429982431 ], [ -115.2687429, 36.188396999824462 ], [ -115.268740200000011, 36.188396999824462 ], [ -115.268740200000011, 36.188399699824615 ], [ -115.2687375, 36.188399699824615 ], [ -115.2687375, 36.188402399824767 ], [ -115.2687348, 36.188402399824767 ], [ -115.2687348, 36.188405099824919 ], [ -115.2687321, 36.188405099824919 ], [ -115.2687321, 36.188407799825079 ], [ -115.2687267, 36.188407799825079 ], [ -115.2687267, 36.188410499825231 ], [ -115.2687132, 36.188410499825231 ], [ -115.2687132, 36.188413199825384 ] ] ] } },
{ "type": "Feature", "properties": { "value": 255.0 }, "geometry": { "type": "Polygon", "coordinates": [ [ [ -115.2672768, 36.188378099823382 ], [ -115.2672579, 36.188378099823382 ], [ -115.2672579, 36.188372699823077 ], [ -115.2672552, 36.188372699823077 ], [ -115.2672552, 36.188364599822613 ], [ -115.2672525, 36.188364599822613 ], [ -115.2672525, 36.188359199822308 ], [ -115.2672498, 36.188359199822308 ], [ -115.2672498, 36.188356499822156 ], [ -115.2672471, 36.188356499822156 ], [ -115.2672471, 36.188340299821228 ], [ -115.26724440000001, 36.188340299821228 ], [ -115.26724440000001, 36.188337599821075 ], [ -115.2672417, 36.188337599821075 ], [ -115.2672417, 36.188332199820771 ], [ -115.267239, 36.188332199820771 ], [ -115.267239, 36.188326799820459 ], [ -115.2672363, 36.188326799820459 ], [ -115.2672363, 36.188324099820306 ], [ -115.2672336, 36.188324099820306 ], [ -115.2672336, 36.188318699820002 ], [ -115.2672309, 36.188318699820002 ], [ -115.2672309, 36.18831329981969 ], [ -115.2672282, 36.18831329981969 ], [ -115.2672282, 36.188307899819385 ], [ -115.2672255, 36.188307899819385 ], [ -115.2672255, 36.188302499819073 ], [ -115.2672228, 36.188302499819073 ], [ -115.2672228, 36.188294399818616 ], [ -115.2672201, 36.188294399818616 ], [ -115.2672201, 36.188275499817536 ], [ -115.2672174, 36.188275499817536 ], [ -115.2672174, 36.188270099817231 ], [ -115.2672201, 36.188270099817231 ], [ -115.2672201, 36.188264699816919 ], [ -115.2672228, 36.188264699816919 ], [ -115.2672228, 36.188261999816767 ], [ -115.2672417, 36.188261999816767 ], [ -115.2672417, 36.188259299816615 ], [ -115.2672606, 36.188259299816615 ], [ -115.2672606, 36.188256599816462 ], [ -115.267293, 36.188256599816462 ], [ -115.267293, 36.18825389981631 ], [ -115.2673227, 36.18825389981631 ], [ -115.2673227, 36.18825119981615 ], [ -115.2673578, 36.18825119981615 ], [ -115.2673578, 36.188248499815998 ], [ -115.2673983, 36.188248499815998 ], [ -115.2673983, 36.188245799815846 ], [ -115.2674226, 36.188245799815846 ], [ -115.2674226, 36.188248499815998 ], [ -115.2674334, 36.188248499815998 ], [ -115.2674334, 36.18825389981631 ], [ -115.2674361, 36.18825389981631 ], [ -115.2674361, 36.188291699818457 ], [ -115.2674388, 36.188291699818457 ], [ -115.2674388, 36.188318699820002 ], [ -115.2674361, 36.188318699820002 ], [ -115.2674361, 36.188321399820154 ], [ -115.2674334, 36.188321399820154 ], [ -115.2674334, 36.188324099820306 ], [ -115.2674307, 36.188324099820306 ], [ -115.2674307, 36.188326799820459 ], [ -115.267428, 36.188326799820459 ], [ -115.267428, 36.188332199820771 ], [ -115.2674253, 36.188332199820771 ], [ -115.2674253, 36.188334899820923 ], [ -115.2674226, 36.188334899820923 ], [ -115.2674226, 36.188340299821228 ], [ -115.2674199, 36.188340299821228 ], [ -115.2674199, 36.188342999821387 ], [ -115.2674172, 36.188342999821387 ], [ -115.2674172, 36.188345699821539 ], [ -115.2674145, 36.188345699821539 ], [ -115.2674145, 36.188361899822461 ], [ -115.2674118, 36.188361899822461 ], [ -115.2674118, 36.188364599822613 ], [ -115.2674091, 36.188364599822613 ], [ -115.2674091, 36.188367299822765 ], [ -115.2673659, 36.188367299822765 ], [ -115.2673659, 36.188364599822613 ], [ -115.2673632, 36.188364599822613 ], [ -115.2673632, 36.188361899822461 ], [ -115.2673551, 36.188361899822461 ], [ -115.2673551, 36.188359199822308 ], [ -115.2673227, 36.188359199822308 ], [ -115.2673227, 36.188361899822461 ], [ -115.26731190000001, 36.188361899822461 ], [ -115.26731190000001, 36.188364599822613 ], [ -115.2673092, 36.188364599822613 ], [ -115.2673092, 36.188367299822765 ], [ -115.2673065, 36.188367299822765 ], [ -115.2673065, 36.188369999822925 ], [ -115.2673038, 36.188369999822925 ], [ -115.2673038, 36.188372699823077 ], [ -115.2672984, 36.188372699823077 ], [ -115.2672984, 36.188375399823229 ], [ -115.2672768, 36.188375399823229 ], [ -115.2672768, 36.188378099823382 ] ] ] } },
{ "type": "Feature", "properties": { "value": 255.0 }, "geometry": { "type": "Polygon", "coordinates": [ [ [ -115.2675333, 36.188302499819073 ], [ -115.2675252, 36.188302499819073 ], [ -115.2675252, 36.188299799818921 ], [ -115.2675225, 36.188299799818921 ], [ -115.2675225, 36.188297099818769 ], [ -115.2675198, 36.188297099818769 ], [ -115.2675198, 36.188294399818616 ], [ -115.2675225, 36.188294399818616 ], [ -115.2675225, 36.188291699818457 ], [ -115.2675252, 36.188291699818457 ], [ -115.2675252, 36.188259299816615 ], [ -115.2675333, 36.188259299816615 ], [ -115.2675333, 36.188261999816767 ], [ -115.2675387, 36.188261999816767 ], [ -115.2675387, 36.188267399817079 ], [ -115.2675414, 36.188267399817079 ], [ -115.2675414, 36.188275499817536 ], [ -115.2675387, 36.188275499817536 ], [ -115.2675387, 36.188294399818616 ], [ -115.267536, 36.188294399818616 ], [ -115.267536, 36.188299799818921 ], [ -115.2675333, 36.188299799818921 ], [ -115.2675333, 36.188302499819073 ] ] ] } },
{ "type": "Feature", "properties": { "value": 255.0 }, "geometry": { "type": "Polygon", "coordinates": [ [ [ -115.2684189, 36.188340299821228 ], [ -115.268391900000012, 36.188340299821228 ], [ -115.268391900000012, 36.188337599821075 ], [ -115.2683784, 36.188337599821075 ], [ -115.2683784, 36.188334899820923 ], [ -115.2683649, 36.188334899820923 ], [ -115.2683649, 36.188332199820771 ], [ -115.2683163, 36.188332199820771 ], [ -115.2683163, 36.188329499820611 ], [ -115.2683082, 36.188329499820611 ], [ -115.2683082, 36.188326799820459 ], [ -115.2682758, 36.188326799820459 ], [ -115.2682758, 36.188321399820154 ], [ -115.2682731, 36.188321399820154 ], [ -115.2682731, 36.188302499819073 ], [ -115.2682758, 36.188302499819073 ], [ -115.2682758, 36.188294399818616 ], [ -115.2682785, 36.188294399818616 ], [ -115.2682785, 36.188291699818457 ], [ -115.2682812, 36.188291699818457 ], [ -115.2682812, 36.188288999818305 ], [ -115.26828660000001, 36.188288999818305 ], [ -115.26828660000001, 36.188286299818152 ], [ -115.2682893, 36.188286299818152 ], [ -115.2682893, 36.188280899817848 ], [ -115.268292, 36.188280899817848 ], [ -115.268292, 36.18825389981631 ], [ -115.2682893, 36.18825389981631 ], [ -115.2682893, 36.188248499815998 ], [ -115.26828660000001, 36.188248499815998 ], [ -115.26828660000001, 36.188245799815846 ], [ -115.2682785, 36.188245799815846 ], [ -115.2682785, 36.188243099815693 ], [ -115.2682758, 36.188243099815693 ], [ -115.2682758, 36.188240399815534 ], [ -115.2682731, 36.188240399815534 ], [ -115.2682731, 36.188234999815229 ], [ -115.2682704, 36.188234999815229 ], [ -115.2682704, 36.188224199814613 ], [ -115.2682731, 36.188224199814613 ], [ -115.2682731, 36.188216099814156 ], [ -115.2682704, 36.188216099814156 ], [ -115.2682704, 36.18820259981338 ], [ -115.2682731, 36.18820259981338 ], [ -115.2682731, 36.188199899813227 ], [ -115.2682839, 36.188199899813227 ], [ -115.2682839, 36.188197199813075 ], [ -115.2682947, 36.188197199813075 ], [ -115.2682947, 36.188194499812923 ], [ -115.2683001, 36.188194499812923 ], [ -115.2683001, 36.18819179981277 ], [ -115.2683028, 36.18819179981277 ], [ -115.2683028, 36.188189099812611 ], [ -115.2683082, 36.188189099812611 ], [ -115.2683082, 36.188186399812459 ], [ -115.268324400000012, 36.188186399812459 ], [ -115.268324400000012, 36.188183699812306 ], [ -115.2683568, 36.188183699812306 ], [ -115.2683568, 36.188180999812154 ], [ -115.2684081, 36.188180999812154 ], [ -115.2684081, 36.188183699812306 ], [ -115.2684135, 36.188183699812306 ], [ -115.2684135, 36.188186399812459 ], [ -115.2684162, 36.188186399812459 ], [ -115.2684162, 36.18819179981277 ], [ -115.2684189, 36.18819179981277 ], [ -115.2684189, 36.188294399818616 ], [ -115.268421600000011, 36.188294399818616 ], [ -115.268421600000011, 36.188334899820923 ], [ -115.2684189, 36.188334899820923 ], [ -115.2684189, 36.188340299821228 ] ] ] } },
{ "type": "Feature", "properties": { "value": 255.0 }, "geometry": { "type": "Polygon", "coordinates": [ [ [ -115.2680922, 36.188302499819073 ], [ -115.2680598, 36.188302499819073 ], [ -115.2680598, 36.188299799818921 ], [ -115.268054400000011, 36.188299799818921 ], [ -115.268054400000011, 36.188297099818769 ], [ -115.2680517, 36.188297099818769 ], [ -115.2680517, 36.188291699818457 ], [ -115.268049, 36.188291699818457 ], [ -115.268049, 36.188283599818 ], [ -115.2680463, 36.188283599818 ], [ -115.2680463, 36.188267399817079 ], [ -115.2680436, 36.188267399817079 ], [ -115.2680436, 36.188194499812923 ], [ -115.2680463, 36.188194499812923 ], [ -115.2680463, 36.188156699810769 ], [ -115.2680436, 36.188156699810769 ], [ -115.2680436, 36.18814319981 ], [ -115.2680409, 36.18814319981 ], [ -115.2680409, 36.188126999809079 ], [ -115.2680382, 36.188126999809079 ], [ -115.2680382, 36.188116199808462 ], [ -115.2680409, 36.188116199808462 ], [ -115.2680409, 36.18811079980815 ], [ -115.2680436, 36.18811079980815 ], [ -115.2680436, 36.188108099807998 ], [ -115.2680463, 36.188108099807998 ], [ -115.2680463, 36.188105399807846 ], [ -115.2680922, 36.188105399807846 ], [ -115.2680922, 36.188108099807998 ], [ -115.2680976, 36.188108099807998 ], [ -115.2680976, 36.188159399810921 ], [ -115.2681003, 36.188159399810921 ], [ -115.2681003, 36.188299799818921 ], [ -115.2680922, 36.188299799818921 ], [ -115.2680922, 36.188302499819073 ] ] ] } },
{ "type": "Feature", "properties": { "value": 255.0 }, "geometry": { "type": "Polygon", "coordinates": [ [ [ -115.2689076, 36.188132399809383 ], [ -115.2688995, 36.188132399809383 ], [ -115.2688995, 36.188108099807998 ], [ -115.2688968, 36.188108099807998 ], [ -115.2688968, 36.188099999807534 ], [ -115.2688995, 36.188099999807534 ], [ -115.2688995, 36.188091899807077 ], [ -115.2688968, 36.188091899807077 ], [ -115.2688968, 36.188086499806765 ], [ -115.2688995, 36.188086499806765 ], [ -115.2688995, 36.188083799806613 ], [ -115.2689076, 36.188083799806613 ], [ -115.2689076, 36.188132399809383 ] ] ] } },
{ "type": "Feature", "properties": { "value": 255.0 }, "geometry": { "type": "Polygon", "coordinates": [ [ [ -115.2673713, 36.188210699813844 ], [ -115.267347, 36.188210699813844 ], [ -115.267347, 36.188207999813692 ], [ -115.2673308, 36.188207999813692 ], [ -115.2673308, 36.188205299813539 ], [ -115.26732, 36.188205299813539 ], [ -115.26732, 36.18820259981338 ], [ -115.2673011, 36.18820259981338 ], [ -115.2673011, 36.188199899813227 ], [ -115.2672876, 36.188199899813227 ], [ -115.2672876, 36.18820259981338 ], [ -115.2672309, 36.18820259981338 ], [ -115.2672309, 36.188199899813227 ], [ -115.2672039, 36.188199899813227 ], [ -115.2672039, 36.188197199813075 ], [ -115.2672012, 36.188197199813075 ], [ -115.2672012, 36.188194499812923 ], [ -115.2671985, 36.188194499812923 ], [ -115.2671985, 36.18817289981169 ], [ -115.2671958, 36.18817289981169 ], [ -115.2671958, 36.188162099811073 ], [ -115.2671985, 36.188162099811073 ], [ -115.2671985, 36.188156699810769 ], [ -115.267212, 36.188156699810769 ], [ -115.267212, 36.188153999810616 ], [ -115.2672174, 36.188153999810616 ], [ -115.2672174, 36.188151299810457 ], [ -115.2672201, 36.188151299810457 ], [ -115.2672201, 36.188116199808462 ], [ -115.2672174, 36.188116199808462 ], [ -115.2672174, 36.188113499808303 ], [ -115.267212, 36.188113499808303 ], [ -115.267212, 36.18811079980815 ], [ -115.2671985, 36.18811079980815 ], [ -115.2671985, 36.188105399807846 ], [ -115.2671958, 36.188105399807846 ], [ -115.2671958, 36.188099999807534 ], [ -115.2671931, 36.188099999807534 ], [ -115.2671931, 36.188083799806613 ], [ -115.2671958, 36.188083799806613 ], [ -115.2671958, 36.188067599805692 ], [ -115.2672174, 36.188067599805692 ], [ -115.2672174, 36.188064899805539 ], [ -115.2672201, 36.188064899805539 ], [ -115.2672201, 36.18806219980538 ], [ -115.2672228, 36.18806219980538 ], [ -115.2672228, 36.188054099804923 ], [ -115.2672255, 36.188054099804923 ], [ -115.2672255, 36.18805139980477 ], [ -115.2672282, 36.18805139980477 ], [ -115.2672282, 36.188048699804611 ], [ -115.2672741, 36.188048699804611 ], [ -115.2672741, 36.188045999804459 ], [ -115.2673416, 36.188045999804459 ], [ -115.2673416, 36.188048699804611 ], [ -115.2673632, 36.188048699804611 ], [ -115.2673632, 36.18805139980477 ], [ -115.2673686, 36.18805139980477 ], [ -115.2673686, 36.188056799805075 ], [ -115.2673713, 36.188056799805075 ], [ -115.2673713, 36.188145899810152 ], [ -115.267374, 36.188145899810152 ], [ -115.267374, 36.188207999813692 ], [ -115.2673713, 36.188207999813692 ], [ -115.2673713, 36.188210699813844 ] ] ] } },
{ "type": "Feature", "properties": { "value": 255.0 }, "geometry": { "type": "Polygon", "coordinates": [ [ [ -115.2682434, 36.188299799818921 ], [ -115.2681921, 36.188299799818921 ], [ -115.2681921, 36.188297099818769 ], [ -115.268189400000011, 36.188297099818769 ], [ -115.268189400000011, 36.188261999816767 ], [ -115.2681867, 36.188261999816767 ], [ -115.2681867, 36.18825389981631 ], [ -115.268189400000011, 36.18825389981631 ], [ -115.268189400000011, 36.188218799814308 ], [ -115.2681867, 36.188218799814308 ], [ -115.2681867, 36.188121599808767 ], [ -115.268184, 36.188121599808767 ], [ -115.268184, 36.188048699804611 ], [ -115.2681867, 36.188048699804611 ], [ -115.2681867, 36.188043299804306 ], [ -115.2682029, 36.188043299804306 ], [ -115.2682029, 36.188045999804459 ], [ -115.268211, 36.188045999804459 ], [ -115.268211, 36.188048699804611 ], [ -115.26821910000001, 36.188048699804611 ], [ -115.26821910000001, 36.18805139980477 ], [ -115.2682245, 36.18805139980477 ], [ -115.2682245, 36.188054099804923 ], [ -115.2682326, 36.188054099804923 ], [ -115.2682326, 36.188056799805075 ], [ -115.2682407, 36.188056799805075 ], [ -115.2682407, 36.18806219980538 ], [ -115.2682434, 36.18806219980538 ], [ -115.2682434, 36.18820259981338 ], [ -115.2682461, 36.18820259981338 ], [ -115.2682461, 36.188297099818769 ], [ -115.2682434, 36.188297099818769 ], [ -115.2682434, 36.188299799818921 ] ] ] } },
{ "type": "Feature", "properties": { "value": 255.0 }, "geometry": { "type": "Polygon", "coordinates": [ [ [ -115.2677925, 36.188205299813539 ], [ -115.267784400000011, 36.188205299813539 ], [ -115.267784400000011, 36.18820259981338 ], [ -115.2677763, 36.18820259981338 ], [ -115.2677763, 36.188199899813227 ], [ -115.2677682, 36.188199899813227 ], [ -115.2677682, 36.188197199813075 ], [ -115.2677547, 36.188197199813075 ], [ -115.2677547, 36.188199899813227 ], [ -115.2677331, 36.188199899813227 ], [ -115.2677331, 36.188197199813075 ], [ -115.267698, 36.188197199813075 ], [ -115.267698, 36.188194499812923 ], [ -115.2676953, 36.188194499812923 ], [ -115.2676953, 36.18819179981277 ], [ -115.2676926, 36.18819179981277 ], [ -115.2676926, 36.188175599811842 ], [ -115.2676899, 36.188175599811842 ], [ -115.2676899, 36.188159399810921 ], [ -115.2676926, 36.188159399810921 ], [ -115.2676926, 36.188156699810769 ], [ -115.2677007, 36.188156699810769 ], [ -115.2677007, 36.188153999810616 ], [ -115.2677061, 36.188153999810616 ], [ -115.2677061, 36.188151299810457 ], [ -115.2677088, 36.188151299810457 ], [ -115.2677088, 36.188135099809536 ], [ -115.2677061, 36.188135099809536 ], [ -115.2677061, 36.188116199808462 ], [ -115.2677034, 36.188116199808462 ], [ -115.2677034, 36.188113499808303 ], [ -115.2677007, 36.188113499808303 ], [ -115.2677007, 36.18811079980815 ], [ -115.2676818, 36.18811079980815 ], [ -115.2676818, 36.188108099807998 ], [ -115.2676791, 36.188108099807998 ], [ -115.2676791, 36.188102699807693 ], [ -115.2676764, 36.188102699807693 ], [ -115.2676764, 36.188089199806925 ], [ -115.2676737, 36.188089199806925 ], [ -115.2676737, 36.188072999805996 ], [ -115.2676764, 36.188072999805996 ], [ -115.2676764, 36.188070299805844 ], [ -115.2676845, 36.188070299805844 ], [ -115.2676845, 36.188067599805692 ], [ -115.2676899, 36.188067599805692 ], [ -115.2676899, 36.188064899805539 ], [ -115.2676926, 36.188064899805539 ], [ -115.2676926, 36.18806219980538 ], [ -115.2676953, 36.18806219980538 ], [ -115.2676953, 36.18805139980477 ], [ -115.267698, 36.18805139980477 ], [ -115.267698, 36.188048699804611 ], [ -115.2677007, 36.188048699804611 ], [ -115.2677007, 36.188045999804459 ], [ -115.2677061, 36.188045999804459 ], [ -115.2677061, 36.188043299804306 ], [ -115.2677223, 36.188043299804306 ], [ -115.2677223, 36.188040599804154 ], [ -115.2677385, 36.188040599804154 ], [ -115.2677385, 36.188037899804002 ], [ -115.26776550000001, 36.188037899804002 ], [ -115.26776550000001, 36.188035199803842 ], [ -115.2677871, 36.188035199803842 ], [ -115.2677871, 36.18803249980369 ], [ -115.2678033, 36.18803249980369 ], [ -115.2678033, 36.188035199803842 ], [ -115.2678114, 36.188035199803842 ], [ -115.2678114, 36.188037899804002 ], [ -115.26781410000001, 36.188037899804002 ], [ -115.26781410000001, 36.188043299804306 ], [ -115.2678168, 36.188043299804306 ], [ -115.2678168, 36.188067599805692 ], [ -115.2678195, 36.188067599805692 ], [ -115.2678195, 36.188083799806613 ], [ -115.2678222, 36.188083799806613 ], [ -115.2678222, 36.188097299807382 ], [ -115.2678249, 36.188097299807382 ], [ -115.2678249, 36.188108099807998 ], [ -115.2678276, 36.188108099807998 ], [ -115.2678276, 36.188116199808462 ], [ -115.2678303, 36.188116199808462 ], [ -115.2678303, 36.188126999809079 ], [ -115.267833, 36.188126999809079 ], [ -115.267833, 36.188137799809688 ], [ -115.2678357, 36.188137799809688 ], [ -115.2678357, 36.188151299810457 ], [ -115.2678384, 36.188151299810457 ], [ -115.2678384, 36.188164799811226 ], [ -115.2678411, 36.188164799811226 ], [ -115.2678411, 36.188180999812154 ], [ -115.2678438, 36.188180999812154 ], [ -115.2678438, 36.18819179981277 ], [ -115.2678411, 36.18819179981277 ], [ -115.2678411, 36.188194499812923 ], [ -115.2678357, 36.188194499812923 ], [ -115.2678357, 36.188197199813075 ], [ -115.2678195, 36.188197199813075 ], [ -115.2678195, 36.188199899813227 ], [ -115.2678033, 36.188199899813227 ], [ -115.2678033, 36.18820259981338 ], [ -115.2677925, 36.18820259981338 ], [ -115.2677925, 36.188205299813539 ] ] ] } },
{ "type": "Feature", "properties": { "value": 255.0 }, "geometry": { "type": "Polygon", "coordinates": [ [ [ -115.2674442, 36.188218799814308 ], [ -115.2674064, 36.188218799814308 ], [ -115.2674064, 36.188216099814156 ], [ -115.267401, 36.188216099814156 ], [ -115.267401, 36.188159399810921 ], [ -115.2674037, 36.188159399810921 ], [ -115.2674037, 36.188129699809231 ], [ -115.2674064, 36.188129699809231 ], [ -115.2674064, 36.188113499808303 ], [ -115.2674091, 36.188113499808303 ], [ -115.2674091, 36.188105399807846 ], [ -115.2674118, 36.188105399807846 ], [ -115.2674118, 36.188075699806149 ], [ -115.2674145, 36.188075699806149 ], [ -115.2674145, 36.188048699804611 ], [ -115.2674172, 36.188048699804611 ], [ -115.2674172, 36.188043299804306 ], [ -115.2674199, 36.188043299804306 ], [ -115.2674199, 36.188040599804154 ], [ -115.2674226, 36.188040599804154 ], [ -115.2674226, 36.188037899804002 ], [ -115.26744690000001, 36.188037899804002 ], [ -115.26744690000001, 36.188040599804154 ], [ -115.2674739, 36.188040599804154 ], [ -115.2674739, 36.188043299804306 ], [ -115.2675252, 36.188043299804306 ], [ -115.2675252, 36.188072999805996 ], [ -115.2675279, 36.188072999805996 ], [ -115.2675279, 36.188075699806149 ], [ -115.2675306, 36.188075699806149 ], [ -115.2675306, 36.188078399806308 ], [ -115.2675333, 36.188078399806308 ], [ -115.2675333, 36.18808109980646 ], [ -115.2675441, 36.18808109980646 ], [ -115.2675441, 36.188083799806613 ], [ -115.2675576, 36.188083799806613 ], [ -115.2675576, 36.188086499806765 ], [ -115.2675603, 36.188086499806765 ], [ -115.2675603, 36.188121599808767 ], [ -115.2675576, 36.188121599808767 ], [ -115.2675576, 36.188124299808919 ], [ -115.2675549, 36.188124299808919 ], [ -115.2675549, 36.188126999809079 ], [ -115.2675441, 36.188126999809079 ], [ -115.2675441, 36.188129699809231 ], [ -115.2675414, 36.188129699809231 ], [ -115.2675414, 36.188132399809383 ], [ -115.2675387, 36.188132399809383 ], [ -115.2675387, 36.18814319981 ], [ -115.267536, 36.18814319981 ], [ -115.267536, 36.188170199811537 ], [ -115.2675387, 36.188170199811537 ], [ -115.2675387, 36.18817289981169 ], [ -115.2675441, 36.18817289981169 ], [ -115.2675441, 36.188175599811842 ], [ -115.2675468, 36.188175599811842 ], [ -115.2675468, 36.188178299812002 ], [ -115.2675495, 36.188178299812002 ], [ -115.2675495, 36.188199899813227 ], [ -115.2675468, 36.188199899813227 ], [ -115.2675468, 36.188210699813844 ], [ -115.2675414, 36.188210699813844 ], [ -115.2675414, 36.188213399813996 ], [ -115.267455, 36.188213399813996 ], [ -115.267455, 36.188216099814156 ], [ -115.2674442, 36.188216099814156 ], [ -115.2674442, 36.188218799814308 ] ] ] } },
{ "type": "Feature", "properties": { "value": 255.0 }, "geometry": { "type": "Polygon", "coordinates": [ [ [ -115.26867270000001, 36.188140499809847 ], [ -115.268624100000011, 36.188140499809847 ], [ -115.268624100000011, 36.188137799809688 ], [ -115.2686187, 36.188137799809688 ], [ -115.2686187, 36.188135099809536 ], [ -115.2686106, 36.188135099809536 ], [ -115.2686106, 36.188132399809383 ], [ -115.2686025, 36.188132399809383 ], [ -115.2686025, 36.188129699809231 ], [ -115.2685998, 36.188129699809231 ], [ -115.2685998, 36.188124299808919 ], [ -115.2685971, 36.188124299808919 ], [ -115.2685971, 36.188116199808462 ], [ -115.268594400000012, 36.188116199808462 ], [ -115.268594400000012, 36.188083799806613 ], [ -115.2685917, 36.188083799806613 ], [ -115.2685917, 36.188040599804154 ], [ -115.268594400000012, 36.188040599804154 ], [ -115.268594400000012, 36.188037899804002 ], [ -115.2686133, 36.188037899804002 ], [ -115.2686133, 36.188040599804154 ], [ -115.2686349, 36.188040599804154 ], [ -115.2686349, 36.18803249980369 ], [ -115.2686376, 36.18803249980369 ], [ -115.2686376, 36.188024399803226 ], [ -115.2686403, 36.188024399803226 ], [ -115.2686403, 36.188021699803073 ], [ -115.2686457, 36.188021699803073 ], [ -115.2686457, 36.188018999802921 ], [ -115.2686781, 36.188018999802921 ], [ -115.2686781, 36.188021699803073 ], [ -115.2686835, 36.188021699803073 ], [ -115.2686835, 36.188024399803226 ], [ -115.2686862, 36.188024399803226 ], [ -115.2686862, 36.188027099803385 ], [ -115.2686889, 36.188027099803385 ], [ -115.2686889, 36.188029799803537 ], [ -115.268691600000011, 36.188029799803537 ], [ -115.268691600000011, 36.18803249980369 ], [ -115.2686943, 36.18803249980369 ], [ -115.2686943, 36.188035199803842 ], [ -115.2687375, 36.188035199803842 ], [ -115.2687375, 36.18803249980369 ], [ -115.2687429, 36.18803249980369 ], [ -115.2687429, 36.188027099803385 ], [ -115.2687456, 36.188027099803385 ], [ -115.2687456, 36.188021699803073 ], [ -115.2687483, 36.188021699803073 ], [ -115.2687483, 36.188018999802921 ], [ -115.268759100000011, 36.188018999802921 ], [ -115.268759100000011, 36.188016299802769 ], [ -115.2687861, 36.188016299802769 ], [ -115.2687861, 36.188018999802921 ], [ -115.2687915, 36.188018999802921 ], [ -115.2687915, 36.188021699803073 ], [ -115.2687942, 36.188021699803073 ], [ -115.2687942, 36.188027099803385 ], [ -115.268796900000012, 36.188027099803385 ], [ -115.268796900000012, 36.18803249980369 ], [ -115.2687996, 36.18803249980369 ], [ -115.2687996, 36.188037899804002 ], [ -115.2688023, 36.188037899804002 ], [ -115.2688023, 36.188040599804154 ], [ -115.268805, 36.188040599804154 ], [ -115.268805, 36.188045999804459 ], [ -115.268807700000011, 36.188045999804459 ], [ -115.268807700000011, 36.18805139980477 ], [ -115.2688104, 36.18805139980477 ], [ -115.2688104, 36.188064899805539 ], [ -115.268807700000011, 36.188064899805539 ], [ -115.268807700000011, 36.188075699806149 ], [ -115.2688104, 36.188075699806149 ], [ -115.2688104, 36.188089199806925 ], [ -115.2688131, 36.188089199806925 ], [ -115.2688131, 36.188102699807693 ], [ -115.2688158, 36.188102699807693 ], [ -115.2688158, 36.188121599808767 ], [ -115.2688185, 36.188121599808767 ], [ -115.2688185, 36.188129699809231 ], [ -115.2688158, 36.188129699809231 ], [ -115.2688158, 36.188135099809536 ], [ -115.2687996, 36.188135099809536 ], [ -115.2687996, 36.188137799809688 ], [ -115.2687429, 36.188137799809688 ], [ -115.2687429, 36.188135099809536 ], [ -115.268729400000012, 36.188135099809536 ], [ -115.268729400000012, 36.188137799809688 ], [ -115.26867270000001, 36.188137799809688 ], [ -115.26867270000001, 36.188140499809847 ] ] ] } },
{ "type": "Feature", "properties": { "value": 255.0 }, "geometry": { "type": "Polygon", "coordinates": [ [ [ -115.2678897, 36.188224199814613 ], [ -115.2678789, 36.188224199814613 ], [ -115.2678789, 36.18822149981446 ], [ -115.2678762, 36.18822149981446 ], [ -115.2678762, 36.188216099814156 ], [ -115.2678735, 36.188216099814156 ], [ -115.2678735, 36.188207999813692 ], [ -115.2678708, 36.188207999813692 ], [ -115.2678708, 36.188194499812923 ], [ -115.2678681, 36.188194499812923 ], [ -115.2678681, 36.188183699812306 ], [ -115.2678654, 36.188183699812306 ], [ -115.2678654, 36.188167499811385 ], [ -115.2678627, 36.188167499811385 ], [ -115.2678627, 36.188153999810616 ], [ -115.26786, 36.188153999810616 ], [ -115.26786, 36.18814319981 ], [ -115.2678573, 36.18814319981 ], [ -115.2678573, 36.188132399809383 ], [ -115.2678546, 36.188132399809383 ], [ -115.2678546, 36.188118899808615 ], [ -115.267851900000011, 36.188118899808615 ], [ -115.267851900000011, 36.18811079980815 ], [ -115.2678492, 36.18811079980815 ], [ -115.2678492, 36.188105399807846 ], [ -115.2678465, 36.188105399807846 ], [ -115.2678465, 36.188099999807534 ], [ -115.2678438, 36.188099999807534 ], [ -115.2678438, 36.188048699804611 ], [ -115.2678411, 36.188048699804611 ], [ -115.2678411, 36.188043299804306 ], [ -115.2678438, 36.188043299804306 ], [ -115.2678438, 36.188040599804154 ], [ -115.2678465, 36.188040599804154 ], [ -115.2678465, 36.188037899804002 ], [ -115.2678492, 36.188037899804002 ], [ -115.2678492, 36.188035199803842 ], [ -115.2678789, 36.188035199803842 ], [ -115.2678789, 36.18803249980369 ], [ -115.2678978, 36.18803249980369 ], [ -115.2678978, 36.188029799803537 ], [ -115.267919400000011, 36.188029799803537 ], [ -115.267919400000011, 36.188027099803385 ], [ -115.2679275, 36.188027099803385 ], [ -115.2679275, 36.188024399803226 ], [ -115.2679329, 36.188024399803226 ], [ -115.2679329, 36.188021699803073 ], [ -115.267941, 36.188021699803073 ], [ -115.267941, 36.188018999802921 ], [ -115.2679464, 36.188018999802921 ], [ -115.2679464, 36.188016299802769 ], [ -115.267968, 36.188016299802769 ], [ -115.267968, 36.188018999802921 ], [ -115.2679815, 36.188018999802921 ], [ -115.2679815, 36.188021699803073 ], [ -115.2679842, 36.188021699803073 ], [ -115.2679842, 36.188048699804611 ], [ -115.2679815, 36.188048699804611 ], [ -115.2679815, 36.188056799805075 ], [ -115.2679842, 36.188056799805075 ], [ -115.2679842, 36.188059499805227 ], [ -115.2679896, 36.188059499805227 ], [ -115.2679896, 36.18806219980538 ], [ -115.267995, 36.18806219980538 ], [ -115.267995, 36.188064899805539 ], [ -115.2679977, 36.188064899805539 ], [ -115.2679977, 36.188067599805692 ], [ -115.2680004, 36.188067599805692 ], [ -115.2680004, 36.188070299805844 ], [ -115.2680031, 36.188070299805844 ], [ -115.2680031, 36.188072999805996 ], [ -115.2680058, 36.188072999805996 ], [ -115.2680058, 36.188075699806149 ], [ -115.2680085, 36.188075699806149 ], [ -115.2680085, 36.188078399806308 ], [ -115.2680112, 36.188078399806308 ], [ -115.2680112, 36.18808109980646 ], [ -115.2680139, 36.18808109980646 ], [ -115.2680139, 36.188102699807693 ], [ -115.2680112, 36.188102699807693 ], [ -115.2680112, 36.188132399809383 ], [ -115.2680139, 36.188132399809383 ], [ -115.2680139, 36.188159399810921 ], [ -115.26801660000001, 36.188159399810921 ], [ -115.26801660000001, 36.188186399812459 ], [ -115.2680139, 36.188186399812459 ], [ -115.2680139, 36.188189099812611 ], [ -115.2680031, 36.188189099812611 ], [ -115.2680031, 36.18819179981277 ], [ -115.267995, 36.18819179981277 ], [ -115.267995, 36.188194499812923 ], [ -115.2679923, 36.188194499812923 ], [ -115.2679923, 36.188197199813075 ], [ -115.267986900000011, 36.188197199813075 ], [ -115.267986900000011, 36.188199899813227 ], [ -115.2679815, 36.188199899813227 ], [ -115.2679815, 36.18820259981338 ], [ -115.2679734, 36.18820259981338 ], [ -115.2679734, 36.188205299813539 ], [ -115.2679599, 36.188205299813539 ], [ -115.2679599, 36.188207999813692 ], [ -115.26794910000001, 36.188207999813692 ], [ -115.26794910000001, 36.188210699813844 ], [ -115.2679437, 36.188210699813844 ], [ -115.2679437, 36.188213399813996 ], [ -115.2679383, 36.188213399813996 ], [ -115.2679383, 36.188216099814156 ], [ -115.2679329, 36.188216099814156 ], [ -115.2679329, 36.188218799814308 ], [ -115.2679167, 36.188218799814308 ], [ -115.2679167, 36.18822149981446 ], [ -115.2678897, 36.18822149981446 ], [ -115.2678897, 36.188224199814613 ] ] ] } },
{ "type": "Feature", "properties": { "value": 255.0 }, "geometry": { "type": "Polygon", "coordinates": [ [ [ -115.2683811, 36.188137799809688 ], [ -115.2683676, 36.188137799809688 ], [ -115.2683676, 36.188135099809536 ], [ -115.2683487, 36.188135099809536 ], [ -115.2683487, 36.188132399809383 ], [ -115.2683433, 36.188132399809383 ], [ -115.2683433, 36.188129699809231 ], [ -115.2683379, 36.188129699809231 ], [ -115.2683379, 36.188126999809079 ], [ -115.26833520000001, 36.188126999809079 ], [ -115.26833520000001, 36.188124299808919 ], [ -115.2683325, 36.188124299808919 ], [ -115.2683325, 36.188121599808767 ], [ -115.2683298, 36.188121599808767 ], [ -115.2683298, 36.188116199808462 ], [ -115.2683271, 36.188116199808462 ], [ -115.2683271, 36.188102699807693 ], [ -115.268324400000012, 36.188102699807693 ], [ -115.268324400000012, 36.188091899807077 ], [ -115.2683217, 36.188091899807077 ], [ -115.2683217, 36.188083799806613 ], [ -115.268319, 36.188083799806613 ], [ -115.268319, 36.188075699806149 ], [ -115.2683163, 36.188075699806149 ], [ -115.2683163, 36.188064899805539 ], [ -115.2683136, 36.188064899805539 ], [ -115.2683136, 36.188056799805075 ], [ -115.2683109, 36.188056799805075 ], [ -115.2683109, 36.18805139980477 ], [ -115.2683082, 36.18805139980477 ], [ -115.2683082, 36.188040599804154 ], [ -115.268305500000011, 36.188040599804154 ], [ -115.268305500000011, 36.188024399803226 ], [ -115.2683082, 36.188024399803226 ], [ -115.2683082, 36.188021699803073 ], [ -115.2683109, 36.188021699803073 ], [ -115.2683109, 36.188018999802921 ], [ -115.2683271, 36.188018999802921 ], [ -115.2683271, 36.188021699803073 ], [ -115.268346, 36.188021699803073 ], [ -115.268346, 36.188018999802921 ], [ -115.2683487, 36.188018999802921 ], [ -115.2683487, 36.188010899802457 ], [ -115.268346, 36.188010899802457 ], [ -115.268346, 36.187997399801688 ], [ -115.26835410000001, 36.187997399801688 ], [ -115.26835410000001, 36.187994699801536 ], [ -115.2683946, 36.187994699801536 ], [ -115.2683946, 36.187997399801688 ], [ -115.2684, 36.187997399801688 ], [ -115.2684, 36.188000099801847 ], [ -115.2684108, 36.188000099801847 ], [ -115.2684108, 36.188002799802 ], [ -115.2684162, 36.188002799802 ], [ -115.2684162, 36.188000099801847 ], [ -115.268440500000011, 36.188000099801847 ], [ -115.268440500000011, 36.187997399801688 ], [ -115.2684486, 36.187997399801688 ], [ -115.2684486, 36.187994699801536 ], [ -115.2684513, 36.187994699801536 ], [ -115.2684513, 36.187991999801383 ], [ -115.268454, 36.187991999801383 ], [ -115.268454, 36.187986599801071 ], [ -115.2684567, 36.187986599801071 ], [ -115.2684567, 36.187981199800767 ], [ -115.268459400000012, 36.187981199800767 ], [ -115.268459400000012, 36.187978499800614 ], [ -115.2684648, 36.187978499800614 ], [ -115.2684648, 36.187975799800462 ], [ -115.2684729, 36.187975799800462 ], [ -115.2684729, 36.187973099800303 ], [ -115.2684972, 36.187973099800303 ], [ -115.2684972, 36.187975799800462 ], [ -115.2684999, 36.187975799800462 ], [ -115.2684999, 36.187978499800614 ], [ -115.2685026, 36.187978499800614 ], [ -115.2685026, 36.187981199800767 ], [ -115.2685053, 36.187981199800767 ], [ -115.2685053, 36.187983899800919 ], [ -115.268508, 36.187983899800919 ], [ -115.268508, 36.187986599801071 ], [ -115.2685134, 36.187986599801071 ], [ -115.2685134, 36.187989299801231 ], [ -115.26851880000001, 36.187989299801231 ], [ -115.26851880000001, 36.187991999801383 ], [ -115.2685215, 36.187991999801383 ], [ -115.2685215, 36.187994699801536 ], [ -115.2685242, 36.187994699801536 ], [ -115.2685242, 36.187997399801688 ], [ -115.268526900000012, 36.187997399801688 ], [ -115.268526900000012, 36.188000099801847 ], [ -115.2685323, 36.188000099801847 ], [ -115.2685323, 36.188005499802152 ], [ -115.268535, 36.188005499802152 ], [ -115.268535, 36.188037899804002 ], [ -115.26853770000001, 36.188037899804002 ], [ -115.26853770000001, 36.188043299804306 ], [ -115.2685404, 36.188043299804306 ], [ -115.2685404, 36.188054099804923 ], [ -115.2685431, 36.188054099804923 ], [ -115.2685431, 36.188059499805227 ], [ -115.2685404, 36.188059499805227 ], [ -115.2685404, 36.188083799806613 ], [ -115.2685431, 36.188083799806613 ], [ -115.2685431, 36.188086499806765 ], [ -115.2685458, 36.188086499806765 ], [ -115.2685458, 36.188089199806925 ], [ -115.2685485, 36.188089199806925 ], [ -115.2685485, 36.188091899807077 ], [ -115.2685512, 36.188091899807077 ], [ -115.2685512, 36.188102699807693 ], [ -115.2685485, 36.188102699807693 ], [ -115.2685485, 36.188105399807846 ], [ -115.2685404, 36.188105399807846 ], [ -115.2685404, 36.188108099807998 ], [ -115.268526900000012, 36.188108099807998 ], [ -115.268526900000012, 36.18811079980815 ], [ -115.2685161, 36.18811079980815 ], [ -115.2685161, 36.188113499808303 ], [ -115.2685053, 36.188113499808303 ], [ -115.2685053, 36.188116199808462 ], [ -115.2684945, 36.188116199808462 ], [ -115.2684945, 36.188118899808615 ], [ -115.2684756, 36.188118899808615 ], [ -115.2684756, 36.188121599808767 ], [ -115.2684621, 36.188121599808767 ], [ -115.2684621, 36.188124299808919 ], [ -115.2684513, 36.188124299808919 ], [ -115.2684513, 36.188126999809079 ], [ -115.2684378, 36.188126999809079 ], [ -115.2684378, 36.188129699809231 ], [ -115.2684189, 36.188129699809231 ], [ -115.2684189, 36.188132399809383 ], [ -115.26840270000001, 36.188132399809383 ], [ -115.26840270000001, 36.188135099809536 ], [ -115.2683811, 36.188135099809536 ], [ -115.2683811, 36.188137799809688 ] ] ] } },
{ "type": "Feature", "properties": { "value": 255.0 }, "geometry": { "type": "Polygon", "coordinates": [ [ [ -115.2672255, 36.188013599802616 ], [ -115.2671877, 36.188013599802616 ], [ -115.2671877, 36.188010899802457 ], [ -115.2671823, 36.188010899802457 ], [ -115.2671823, 36.18797039980015 ], [ -115.267185, 36.18797039980015 ], [ -115.267185, 36.187967699799998 ], [ -115.2673011, 36.187967699799998 ], [ -115.2673011, 36.188008199802304 ], [ -115.2672957, 36.188008199802304 ], [ -115.2672957, 36.188010899802457 ], [ -115.2672255, 36.188010899802457 ], [ -115.2672255, 36.188013599802616 ] ] ] } },
{ "type": "Feature", "properties": { "value": 255.0 }, "geometry": { "type": "Polygon", "coordinates": [ [ [ -115.2686214, 36.187989299801231 ], [ -115.26860520000001, 36.187989299801231 ], [ -115.26860520000001, 36.187986599801071 ], [ -115.2685998, 36.187986599801071 ], [ -115.2685998, 36.187967699799998 ], [ -115.2688401, 36.187967699799998 ], [ -115.2688401, 36.187983899800919 ], [ -115.2688347, 36.187983899800919 ], [ -115.2688347, 36.187986599801071 ], [ -115.2688104, 36.187986599801071 ], [ -115.2688104, 36.187983899800919 ], [ -115.2687321, 36.187983899800919 ], [ -115.2687321, 36.187986599801071 ], [ -115.2686214, 36.187986599801071 ], [ -115.2686214, 36.187989299801231 ] ] ] } },
{ "type": "Feature", "properties": { "value": 255.0 }, "geometry": { "type": "Polygon", "coordinates": [ [ [ -115.2680193, 36.188000099801847 ], [ -115.2680058, 36.188000099801847 ], [ -115.2680058, 36.187997399801688 ], [ -115.2679653, 36.187997399801688 ], [ -115.2679653, 36.188000099801847 ], [ -115.2677898, 36.188000099801847 ], [ -115.2677898, 36.187997399801688 ], [ -115.2677871, 36.187997399801688 ], [ -115.2677871, 36.187991999801383 ], [ -115.267784400000011, 36.187991999801383 ], [ -115.267784400000011, 36.187973099800303 ], [ -115.2677871, 36.187973099800303 ], [ -115.2677871, 36.187967699799998 ], [ -115.2680274, 36.187967699799998 ], [ -115.2680274, 36.187975799800462 ], [ -115.2680247, 36.187975799800462 ], [ -115.2680247, 36.187983899800919 ], [ -115.2680274, 36.187983899800919 ], [ -115.2680274, 36.187991999801383 ], [ -115.2680247, 36.187991999801383 ], [ -115.2680247, 36.187997399801688 ], [ -115.2680193, 36.187997399801688 ], [ -115.2680193, 36.188000099801847 ] ] ] } },
{ "type": "Feature", "properties": { "value": 255.0 }, "geometry": { "type": "Polygon", "coordinates": [ [ [ -115.2675036, 36.188008199802304 ], [ -115.2674982, 36.188008199802304 ], [ -115.2674982, 36.188005499802152 ], [ -115.26744690000001, 36.188005499802152 ], [ -115.26744690000001, 36.188008199802304 ], [ -115.2673983, 36.188008199802304 ], [ -115.2673983, 36.188005499802152 ], [ -115.2673956, 36.188005499802152 ], [ -115.2673956, 36.187967699799998 ], [ -115.26751440000001, 36.187967699799998 ], [ -115.26751440000001, 36.187975799800462 ], [ -115.2675117, 36.187975799800462 ], [ -115.2675117, 36.187983899800919 ], [ -115.26751440000001, 36.187983899800919 ], [ -115.26751440000001, 36.188002799802 ], [ -115.2675117, 36.188002799802 ], [ -115.2675117, 36.188005499802152 ], [ -115.2675036, 36.188005499802152 ], [ -115.2675036, 36.188008199802304 ] ] ] } }
]
}
