{
"type": "FeatureCollection",
"crs": { "type": "name", "properties": { "name": "urn:ogc:def:crs:OGC:1.3:CRS84" } },
"features": [
{ "type": "Feature", "properties": { "value": 255.0 }, "geometry": { "type": "Polygon", "coordinates": [ [ [ -115.2054171, 36.193232699900001 ], [ -115.2053334, 36.193232699900001 ], [ -115.2053334, 36.193229999899998 ], [ -115.205355, 36.193229999899998 ], [ -115.205355, 36.193227299900002 ], [ -115.2053793, 36.193227299900002 ], [ -115.2053793, 36.193229999899998 ], [ -115.2054171, 36.193229999899998 ], [ -115.2054171, 36.193232699900001 ] ] ] } },
{ "type": "Feature", "properties": { "value": 255.0 }, "geometry": { "type": "Polygon", "coordinates": [ [ [ -115.2043533, 36.193232699900001 ], [ -115.2042723, 36.193232699900001 ], [ -115.2042723, 36.193224599899999 ], [ -115.204275, 36.193224599899999 ], [ -115.204275, 36.193221899900003 ], [ -115.2042723, 36.193221899900003 ], [ -115.2042723, 36.193216499900004 ], [ -115.2042696, 36.193216499900004 ], [ -115.2042696, 36.193213799900001 ], [ -115.2042642, 36.193213799900001 ], [ -115.2042642, 36.193211099900005 ], [ -115.2042588, 36.193211099900005 ], [ -115.2042588, 36.193208399900001 ], [ -115.2042561, 36.193208399900001 ], [ -115.2042561, 36.193197599900003 ], [ -115.2042534, 36.193197599900003 ], [ -115.2042534, 36.193181399899998 ], [ -115.2042561, 36.193181399899998 ], [ -115.2042561, 36.193154399900003 ], [ -115.2042588, 36.193154399900003 ], [ -115.2042588, 36.1931462999 ], [ -115.2042561, 36.1931462999 ], [ -115.2042561, 36.193132799899999 ], [ -115.2042588, 36.193132799899999 ], [ -115.2042588, 36.193100399900004 ], [ -115.2042615, 36.193100399900004 ], [ -115.2042615, 36.193084199899999 ], [ -115.2042642, 36.193084199899999 ], [ -115.2042642, 36.1930787999 ], [ -115.2042669, 36.1930787999 ], [ -115.2042669, 36.193070699899998 ], [ -115.2042696, 36.193070699899998 ], [ -115.2042696, 36.193067999900002 ], [ -115.2042723, 36.193067999900002 ], [ -115.2042723, 36.193065299899999 ], [ -115.2042777, 36.193065299899999 ], [ -115.2042777, 36.193067999900002 ], [ -115.2042831, 36.193067999900002 ], [ -115.2042831, 36.193070699899998 ], [ -115.2042885, 36.193070699899998 ], [ -115.2042885, 36.193073399900001 ], [ -115.2043074, 36.193073399900001 ], [ -115.2043074, 36.193076099900004 ], [ -115.2043479, 36.193076099900004 ], [ -115.2043479, 36.1930787999 ], [ -115.2043506, 36.1930787999 ], [ -115.2043506, 36.193081499900003 ], [ -115.2043533, 36.193081499900003 ], [ -115.2043533, 36.1931462999 ], [ -115.204356, 36.1931462999 ], [ -115.204356, 36.193227299900002 ], [ -115.2043533, 36.193227299900002 ], [ -115.2043533, 36.193232699900001 ] ] ] } },
{ "type": "Feature", "properties": { "value": 255.0 }, "geometry": { "type": "Polygon", "coordinates": [ [ [ -115.2041886, 36.193202999900002 ], [ -115.2041778, 36.193202999900002 ], [ -115.2041778, 36.193200299899999 ], [ -115.2041562, 36.193200299899999 ], [ -115.2041562, 36.193197599900003 ], [ -115.2041535, 36.193197599900003 ], [ -115.2041535, 36.193178699900002 ], [ -115.2041562, 36.193178699900002 ], [ -115.2041562, 36.193167899900004 ], [ -115.2041589, 36.193167899900004 ], [ -115.2041589, 36.193135499900002 ], [ -115.2041562, 36.193135499900002 ], [ -115.2041562, 36.193130099900003 ], [ -115.2041535, 36.193130099900003 ], [ -115.2041535, 36.1931273999 ], [ -115.2041508, 36.1931273999 ], [ -115.2041508, 36.193124699900004 ], [ -115.2041481, 36.193124699900004 ], [ -115.2041481, 36.193121999900001 ], [ -115.2041454, 36.193121999900001 ], [ -115.2041454, 36.193062599900003 ], [ -115.2041481, 36.193062599900003 ], [ -115.2041481, 36.193057199900004 ], [ -115.2041508, 36.193057199900004 ], [ -115.2041508, 36.193054499900001 ], [ -115.204167, 36.193054499900001 ], [ -115.204167, 36.193051799899997 ], [ -115.2041967, 36.193051799899997 ], [ -115.2041967, 36.193049099900001 ], [ -115.2042129, 36.193049099900001 ], [ -115.2042129, 36.193046399899998 ], [ -115.2042291, 36.193046399899998 ], [ -115.2042291, 36.193049099900001 ], [ -115.2042318, 36.193049099900001 ], [ -115.2042318, 36.193051799899997 ], [ -115.2042345, 36.193051799899997 ], [ -115.2042345, 36.1930787999 ], [ -115.2042372, 36.1930787999 ], [ -115.2042372, 36.193089599899999 ], [ -115.2042399, 36.193089599899999 ], [ -115.2042399, 36.193181399899998 ], [ -115.2042372, 36.193181399899998 ], [ -115.2042372, 36.193186799899998 ], [ -115.2042318, 36.193186799899998 ], [ -115.2042318, 36.193192199900004 ], [ -115.2042291, 36.193192199900004 ], [ -115.2042291, 36.1931948999 ], [ -115.2042264, 36.1931948999 ], [ -115.2042264, 36.193197599900003 ], [ -115.2042183, 36.193197599900003 ], [ -115.2042183, 36.193200299899999 ], [ -115.2041886, 36.193200299899999 ], [ -115.2041886, 36.193202999900002 ] ] ] } },
{ "type": "Feature", "properties": { "value": 255.0 }, "geometry": { "type": "Polygon", "coordinates": [ [ [ -115.2039996, 36.193189499900001 ], [ -115.2039726, 36.193189499900001 ], [ -115.2039726, 36.193030199900001 ], [ -115.2039834, 36.193030199900001 ], [ -115.2039834, 36.193032899900004 ], [ -115.2039861, 36.193032899900004 ], [ -115.2039861, 36.1930355999 ], [ -115.2039888, 36.1930355999 ], [ -115.2039888, 36.193038299900003 ], [ -115.2039915, 36.193038299900003 ], [ -115.2039915, 36.193046399899998 ], [ -115.2039942, 36.193046399899998 ], [ -115.2039942, 36.193065299899999 ], [ -115.2039969, 36.193065299899999 ], [ -115.2039969, 36.193094999899998 ], [ -115.2039996, 36.193094999899998 ], [ -115.2039996, 36.193132799899999 ], [ -115.2040023, 36.193132799899999 ], [ -115.2040023, 36.193186799899998 ], [ -115.2039996, 36.193186799899998 ], [ -115.2039996, 36.193189499900001 ] ] ] } },
{ "type": "Feature", "properties": { "value": 255.0 }, "geometry": { "type": "Polygon", "coordinates": [ [ [ -115.2046368, 36.193227299900002 ], [ -115.2046206, 36.193227299900002 ], [ -115.2046206, 36.193224599899999 ], [ -115.2046152, 36.193224599899999 ], [ -115.2046152, 36.193221899900003 ], [ -115.2046125, 36.193221899900003 ], [ -115.2046125, 36.1932191999 ], [ -115.2046098, 36.1932191999 ], [ -115.2046098, 36.193213799900001 ], [ -115.2046071, 36.193213799900001 ], [ -115.2046071, 36.193197599900003 ], [ -115.2046098, 36.193197599900003 ], [ -115.2046098, 36.1931705999 ], [ -115.2046071, 36.1931705999 ], [ -115.2046071, 36.193165199900001 ], [ -115.2046044, 36.193165199900001 ], [ -115.2046044, 36.193111199900002 ], [ -115.2046017, 36.193111199900002 ], [ -115.2046017, 36.1931030999 ], [ -115.2046044, 36.1931030999 ], [ -115.2046044, 36.193097699900001 ], [ -115.2046071, 36.193097699900001 ], [ -115.2046071, 36.193089599899999 ], [ -115.2046098, 36.193089599899999 ], [ -115.2046098, 36.193054499900001 ], [ -115.2046125, 36.193054499900001 ], [ -115.2046125, 36.193051799899997 ], [ -115.2046179, 36.193051799899997 ], [ -115.2046179, 36.193049099900001 ], [ -115.2046233, 36.193049099900001 ], [ -115.2046233, 36.193051799899997 ], [ -115.2046422, 36.193051799899997 ], [ -115.2046422, 36.193049099900001 ], [ -115.2046638, 36.193049099900001 ], [ -115.2046638, 36.193051799899997 ], [ -115.2047097, 36.193051799899997 ], [ -115.2047097, 36.193049099900001 ], [ -115.2047502, 36.193049099900001 ], [ -115.2047502, 36.193046399899998 ], [ -115.204761, 36.193046399899998 ], [ -115.204761, 36.193043699900002 ], [ -115.2047691, 36.193043699900002 ], [ -115.2047691, 36.193040999899999 ], [ -115.204842, 36.193040999899999 ], [ -115.204842, 36.193043699900002 ], [ -115.2048474, 36.193043699900002 ], [ -115.2048474, 36.193049099900001 ], [ -115.2048501, 36.193049099900001 ], [ -115.2048501, 36.193108499899999 ], [ -115.2048528, 36.193108499899999 ], [ -115.2048528, 36.193113899899998 ], [ -115.2048555, 36.193113899899998 ], [ -115.2048555, 36.193116599900002 ], [ -115.2048582, 36.193116599900002 ], [ -115.2048582, 36.193121999900001 ], [ -115.2048609, 36.193121999900001 ], [ -115.2048609, 36.1931462999 ], [ -115.2048582, 36.1931462999 ], [ -115.2048582, 36.1931516999 ], [ -115.2048555, 36.1931516999 ], [ -115.2048555, 36.193157099899999 ], [ -115.2048528, 36.193157099899999 ], [ -115.2048528, 36.193162499899998 ], [ -115.2048501, 36.193162499899998 ], [ -115.2048501, 36.193167899900004 ], [ -115.2048474, 36.193167899900004 ], [ -115.2048474, 36.193221899900003 ], [ -115.204842, 36.193221899900003 ], [ -115.204842, 36.193224599899999 ], [ -115.2048285, 36.193224599899999 ], [ -115.2048285, 36.193221899900003 ], [ -115.2048231, 36.193221899900003 ], [ -115.2048231, 36.1932191999 ], [ -115.2048204, 36.1932191999 ], [ -115.2048204, 36.193216499900004 ], [ -115.204815, 36.193216499900004 ], [ -115.204815, 36.193213799900001 ], [ -115.2048096, 36.193213799900001 ], [ -115.2048096, 36.193211099900005 ], [ -115.2048015, 36.193211099900005 ], [ -115.2048015, 36.193208399900001 ], [ -115.204788, 36.193208399900001 ], [ -115.204788, 36.193205699899998 ], [ -115.2047826, 36.193205699899998 ], [ -115.2047826, 36.193202999900002 ], [ -115.2047745, 36.193202999900002 ], [ -115.2047745, 36.193200299899999 ], [ -115.2047691, 36.193200299899999 ], [ -115.2047691, 36.193202999900002 ], [ -115.204761, 36.193202999900002 ], [ -115.204761, 36.193205699899998 ], [ -115.2047556, 36.193205699899998 ], [ -115.2047556, 36.193202999900002 ], [ -115.2047502, 36.193202999900002 ], [ -115.2047502, 36.193200299899999 ], [ -115.2047448, 36.193200299899999 ], [ -115.2047448, 36.193197599900003 ], [ -115.204734, 36.193197599900003 ], [ -115.204734, 36.193200299899999 ], [ -115.2047286, 36.193200299899999 ], [ -115.2047286, 36.193202999900002 ], [ -115.2047259, 36.193202999900002 ], [ -115.2047259, 36.193205699899998 ], [ -115.2047205, 36.193205699899998 ], [ -115.2047205, 36.193208399900001 ], [ -115.2046692, 36.193208399900001 ], [ -115.2046692, 36.193211099900005 ], [ -115.2046557, 36.193211099900005 ], [ -115.2046557, 36.193213799900001 ], [ -115.204653, 36.193213799900001 ], [ -115.204653, 36.193216499900004 ], [ -115.2046503, 36.193216499900004 ], [ -115.2046503, 36.193221899900003 ], [ -115.2046476, 36.193221899900003 ], [ -115.2046476, 36.193224599899999 ], [ -115.2046368, 36.193224599899999 ], [ -115.2046368, 36.193227299900002 ] ] ] } },
{ "type": "Feature", "properties": { "value": 255.0 }, "geometry": { "type": "Polygon", "coordinates": [ [ [ -115.2040617, 36.1931948999 ], [ -115.2040563, 36.1931948999 ], [ -115.2040563, 36.193192199900004 ], [ -115.2040455, 36.193192199900004 ], [ -115.2040455, 36.193189499900001 ], [ -115.2040401, 36.193189499900001 ], [ -115.2040401, 36.193186799899998 ], [ -115.2040347, 36.193186799899998 ], [ -115.2040347, 36.193184099900002 ], [ -115.204032, 36.193184099900002 ], [ -115.204032, 36.193175999899999 ], [ -115.2040293, 36.193175999899999 ], [ -115.2040293, 36.193165199900001 ], [ -115.2040266, 36.193165199900001 ], [ -115.2040266, 36.193159799900002 ], [ -115.2040293, 36.193159799900002 ], [ -115.2040293, 36.193124699900004 ], [ -115.204032, 36.193124699900004 ], [ -115.204032, 36.193111199900002 ], [ -115.2040347, 36.193111199900002 ], [ -115.2040347, 36.1931030999 ], [ -115.204032, 36.1931030999 ], [ -115.204032, 36.193092299900002 ], [ -115.2040293, 36.193092299900002 ], [ -115.2040293, 36.193081499900003 ], [ -115.2040266, 36.193081499900003 ], [ -115.2040266, 36.193040999899999 ], [ -115.2040293, 36.193040999899999 ], [ -115.2040293, 36.193038299900003 ], [ -115.2040563, 36.193038299900003 ], [ -115.2040563, 36.193040999899999 ], [ -115.2040806, 36.193040999899999 ], [ -115.2040806, 36.193043699900002 ], [ -115.204113, 36.193043699900002 ], [ -115.204113, 36.193046399899998 ], [ -115.2041184, 36.193046399899998 ], [ -115.2041184, 36.193049099900001 ], [ -115.2041238, 36.193049099900001 ], [ -115.2041238, 36.193092299900002 ], [ -115.2041211, 36.193092299900002 ], [ -115.2041211, 36.193111199900002 ], [ -115.2041184, 36.193111199900002 ], [ -115.2041184, 36.193113899899998 ], [ -115.2041157, 36.193113899899998 ], [ -115.2041157, 36.193116599900002 ], [ -115.204113, 36.193116599900002 ], [ -115.204113, 36.193121999900001 ], [ -115.2041103, 36.193121999900001 ], [ -115.2041103, 36.193132799899999 ], [ -115.2041076, 36.193132799899999 ], [ -115.2041076, 36.1931705999 ], [ -115.2041022, 36.1931705999 ], [ -115.2041022, 36.193173299900003 ], [ -115.2040995, 36.193173299900003 ], [ -115.2040995, 36.193175999899999 ], [ -115.2040968, 36.193175999899999 ], [ -115.2040968, 36.193181399899998 ], [ -115.2040941, 36.193181399899998 ], [ -115.2040941, 36.193184099900002 ], [ -115.2040914, 36.193184099900002 ], [ -115.2040914, 36.193186799899998 ], [ -115.2040887, 36.193186799899998 ], [ -115.2040887, 36.193189499900001 ], [ -115.2040779, 36.193189499900001 ], [ -115.2040779, 36.193192199900004 ], [ -115.2040617, 36.193192199900004 ], [ -115.2040617, 36.1931948999 ] ] ] } },
{ "type": "Feature", "properties": { "value": 255.0 }, "geometry": { "type": "Polygon", "coordinates": [ [ [ -115.2051795, 36.193232699900001 ], [ -115.2049554, 36.193232699900001 ], [ -115.2049554, 36.193221899900003 ], [ -115.2049581, 36.193221899900003 ], [ -115.2049581, 36.193211099900005 ], [ -115.2049608, 36.193211099900005 ], [ -115.2049608, 36.193205699899998 ], [ -115.2049635, 36.193205699899998 ], [ -115.2049635, 36.193202999900002 ], [ -115.2049662, 36.193202999900002 ], [ -115.2049662, 36.193200299899999 ], [ -115.2049689, 36.193200299899999 ], [ -115.2049689, 36.193143599900004 ], [ -115.2049662, 36.193143599900004 ], [ -115.2049662, 36.193138199899998 ], [ -115.2049689, 36.193138199899998 ], [ -115.2049689, 36.193132799899999 ], [ -115.2049662, 36.193132799899999 ], [ -115.2049662, 36.193097699900001 ], [ -115.2049635, 36.193097699900001 ], [ -115.2049635, 36.193092299900002 ], [ -115.2049608, 36.193092299900002 ], [ -115.2049608, 36.193086899900003 ], [ -115.2049581, 36.193086899900003 ], [ -115.2049581, 36.193084199899999 ], [ -115.2049554, 36.193084199899999 ], [ -115.2049554, 36.193076099900004 ], [ -115.2049527, 36.193076099900004 ], [ -115.2049527, 36.193070699899998 ], [ -115.20495, 36.193070699899998 ], [ -115.20495, 36.193062599900003 ], [ -115.2049473, 36.193062599900003 ], [ -115.2049473, 36.193038299900003 ], [ -115.20495, 36.193038299900003 ], [ -115.20495, 36.1930355999 ], [ -115.2049527, 36.1930355999 ], [ -115.2049527, 36.193032899900004 ], [ -115.2049635, 36.193032899900004 ], [ -115.2049635, 36.193030199900001 ], [ -115.2050013, 36.193030199900001 ], [ -115.2050013, 36.193027499899998 ], [ -115.2050202, 36.193027499899998 ], [ -115.2050202, 36.193024799900002 ], [ -115.2050256, 36.193024799900002 ], [ -115.2050256, 36.193022099899999 ], [ -115.2050364, 36.193022099899999 ], [ -115.2050364, 36.193019399900002 ], [ -115.2050958, 36.193019399900002 ], [ -115.2050958, 36.193022099899999 ], [ -115.2051093, 36.193022099899999 ], [ -115.2051093, 36.193024799900002 ], [ -115.2051471, 36.193024799900002 ], [ -115.2051471, 36.193027499899998 ], [ -115.2051633, 36.193027499899998 ], [ -115.2051633, 36.193030199900001 ], [ -115.2051687, 36.193030199900001 ], [ -115.2051687, 36.193032899900004 ], [ -115.2051714, 36.193032899900004 ], [ -115.2051714, 36.1930355999 ], [ -115.2051741, 36.1930355999 ], [ -115.2051741, 36.193046399899998 ], [ -115.2051714, 36.193046399899998 ], [ -115.2051714, 36.1930598999 ], [ -115.2051687, 36.1930598999 ], [ -115.2051687, 36.193062599900003 ], [ -115.205166, 36.193062599900003 ], [ -115.205166, 36.193065299899999 ], [ -115.2051633, 36.193065299899999 ], [ -115.2051633, 36.193067999900002 ], [ -115.2051579, 36.193067999900002 ], [ -115.2051579, 36.193070699899998 ], [ -115.2051552, 36.193070699899998 ], [ -115.2051552, 36.1930787999 ], [ -115.2051525, 36.1930787999 ], [ -115.2051525, 36.193092299900002 ], [ -115.2051498, 36.193092299900002 ], [ -115.2051498, 36.193108499899999 ], [ -115.2051471, 36.193108499899999 ], [ -115.2051471, 36.193113899899998 ], [ -115.2051498, 36.193113899899998 ], [ -115.2051498, 36.193154399900003 ], [ -115.2051525, 36.193154399900003 ], [ -115.2051525, 36.193165199900001 ], [ -115.2051552, 36.193165199900001 ], [ -115.2051552, 36.193173299900003 ], [ -115.2051579, 36.193173299900003 ], [ -115.2051579, 36.193189499900001 ], [ -115.2051606, 36.193189499900001 ], [ -115.2051606, 36.193200299899999 ], [ -115.2051633, 36.193200299899999 ], [ -115.2051633, 36.193205699899998 ], [ -115.205166, 36.193205699899998 ], [ -115.205166, 36.193213799900001 ], [ -115.2051687, 36.193213799900001 ], [ -115.2051687, 36.193216499900004 ], [ -115.2051714, 36.193216499900004 ], [ -115.2051714, 36.1932191999 ], [ -115.2051768, 36.1932191999 ], [ -115.2051768, 36.193221899900003 ], [ -115.2051795, 36.193221899900003 ], [ -115.2051795, 36.193232699900001 ] ] ] } },
{ "type": "Feature", "properties": { "value": 255.0 }, "geometry": { "type": "Polygon", "coordinates": [ [ [ -115.2043209, 36.192995099900003 ], [ -115.2042939, 36.192995099900003 ], [ -115.2042939, 36.1929923999 ], [ -115.2042912, 36.1929923999 ], [ -115.2042912, 36.192989699900004 ], [ -115.2042885, 36.192989699900004 ], [ -115.2042885, 36.192976199900002 ], [ -115.2042912, 36.192976199900002 ], [ -115.2042912, 36.192973499899999 ], [ -115.2043263, 36.192973499899999 ], [ -115.2043263, 36.192976199900002 ], [ -115.204329, 36.192976199900002 ], [ -115.204329, 36.1929869999 ], [ -115.2043263, 36.1929869999 ], [ -115.2043263, 36.1929923999 ], [ -115.2043209, 36.1929923999 ], [ -115.2043209, 36.192995099900003 ] ] ] } },
{ "type": "Feature", "properties": { "value": 255.0 }, "geometry": { "type": "Polygon", "coordinates": [ [ [ -115.20568440000001, 36.193138199899998 ], [ -115.2056601, 36.193138199899998 ], [ -115.2056601, 36.193135499900002 ], [ -115.2056439, 36.193135499900002 ], [ -115.2056439, 36.193132799899999 ], [ -115.2056358, 36.193132799899999 ], [ -115.2056358, 36.193130099900003 ], [ -115.2055791, 36.193130099900003 ], [ -115.2055791, 36.193132799899999 ], [ -115.205571, 36.193132799899999 ], [ -115.205571, 36.193130099900003 ], [ -115.2055683, 36.193130099900003 ], [ -115.2055683, 36.1931273999 ], [ -115.2055656, 36.1931273999 ], [ -115.2055656, 36.193124699900004 ], [ -115.2055629, 36.193124699900004 ], [ -115.2055629, 36.193108499899999 ], [ -115.2055656, 36.193108499899999 ], [ -115.2055656, 36.1931030999 ], [ -115.2055683, 36.1931030999 ], [ -115.2055683, 36.193097699900001 ], [ -115.205571, 36.193097699900001 ], [ -115.205571, 36.193094999899998 ], [ -115.2055737, 36.193094999899998 ], [ -115.2055737, 36.193092299900002 ], [ -115.2055764, 36.193092299900002 ], [ -115.2055764, 36.193076099900004 ], [ -115.2055791, 36.193076099900004 ], [ -115.2055791, 36.193030199900001 ], [ -115.2055764, 36.193030199900001 ], [ -115.2055764, 36.193019399900002 ], [ -115.2055737, 36.193019399900002 ], [ -115.2055737, 36.193008599900004 ], [ -115.205571, 36.193008599900004 ], [ -115.205571, 36.193003199899998 ], [ -115.2055683, 36.193003199899998 ], [ -115.2055683, 36.1929923999 ], [ -115.2055656, 36.1929923999 ], [ -115.2055656, 36.192981599900001 ], [ -115.2055629, 36.192981599900001 ], [ -115.2055629, 36.192954599899998 ], [ -115.2055602, 36.192954599899998 ], [ -115.2055602, 36.1929437999 ], [ -115.2055629, 36.1929437999 ], [ -115.2055629, 36.192927599900003 ], [ -115.2055656, 36.192927599900003 ], [ -115.2055656, 36.1929248999 ], [ -115.205571, 36.1929248999 ], [ -115.205571, 36.192922199900003 ], [ -115.2055818, 36.192922199900003 ], [ -115.2055818, 36.1929194999 ], [ -115.2055926, 36.1929194999 ], [ -115.2055926, 36.192916799899997 ], [ -115.2056709, 36.192916799899997 ], [ -115.2056709, 36.1929194999 ], [ -115.2057087, 36.1929194999 ], [ -115.2057087, 36.192922199900003 ], [ -115.2057276, 36.192922199900003 ], [ -115.2057276, 36.193132799899999 ], [ -115.2057033, 36.193132799899999 ], [ -115.2057033, 36.193135499900002 ], [ -115.20568440000001, 36.193135499900002 ], [ -115.20568440000001, 36.193138199899998 ] ] ] } },
{ "type": "Feature", "properties": { "value": 255.0 }, "geometry": { "type": "Polygon", "coordinates": [ [ [ -115.205355, 36.193132799899999 ], [ -115.2053361, 36.193132799899999 ], [ -115.2053361, 36.193130099900003 ], [ -115.205328, 36.193130099900003 ], [ -115.205328, 36.1931273999 ], [ -115.2053172, 36.1931273999 ], [ -115.2053172, 36.193124699900004 ], [ -115.2053064, 36.193124699900004 ], [ -115.2053064, 36.193121999900001 ], [ -115.2052578, 36.193121999900001 ], [ -115.2052578, 36.193119299899998 ], [ -115.2052497, 36.193119299899998 ], [ -115.2052497, 36.193116599900002 ], [ -115.2052443, 36.193116599900002 ], [ -115.2052443, 36.193111199900002 ], [ -115.2052416, 36.193111199900002 ], [ -115.2052416, 36.193105799900003 ], [ -115.2052389, 36.193105799900003 ], [ -115.2052389, 36.193097699900001 ], [ -115.2052416, 36.193097699900001 ], [ -115.2052416, 36.193092299900002 ], [ -115.2052443, 36.193092299900002 ], [ -115.2052443, 36.193089599899999 ], [ -115.205247, 36.193089599899999 ], [ -115.205247, 36.193086899900003 ], [ -115.2052497, 36.193086899900003 ], [ -115.2052497, 36.193081499900003 ], [ -115.2052524, 36.193081499900003 ], [ -115.2052524, 36.193065299899999 ], [ -115.2052551, 36.193065299899999 ], [ -115.2052551, 36.193051799899997 ], [ -115.2052578, 36.193051799899997 ], [ -115.2052578, 36.193013999900003 ], [ -115.2052605, 36.193013999900003 ], [ -115.2052605, 36.192981599900001 ], [ -115.2052578, 36.192981599900001 ], [ -115.2052578, 36.192973499899999 ], [ -115.2052551, 36.192973499899999 ], [ -115.2052551, 36.192970799900003 ], [ -115.2052524, 36.192970799900003 ], [ -115.2052524, 36.1929680999 ], [ -115.2052497, 36.1929680999 ], [ -115.2052497, 36.192965399900004 ], [ -115.205247, 36.192965399900004 ], [ -115.205247, 36.192962699900001 ], [ -115.2052443, 36.192962699900001 ], [ -115.2052443, 36.192959999899998 ], [ -115.2052416, 36.192959999899998 ], [ -115.2052416, 36.192957299900002 ], [ -115.2052389, 36.192957299900002 ], [ -115.2052389, 36.192951899900002 ], [ -115.2052362, 36.192951899900002 ], [ -115.2052362, 36.192938399900001 ], [ -115.2052335, 36.192938399900001 ], [ -115.2052335, 36.192922199900003 ], [ -115.2052362, 36.192922199900003 ], [ -115.2052362, 36.1929194999 ], [ -115.2052416, 36.1929194999 ], [ -115.2052416, 36.192916799899997 ], [ -115.2052578, 36.192916799899997 ], [ -115.2052578, 36.1929194999 ], [ -115.2052605, 36.1929194999 ], [ -115.2052605, 36.192916799899997 ], [ -115.2052767, 36.192916799899997 ], [ -115.2052767, 36.192914099900001 ], [ -115.2052956, 36.192914099900001 ], [ -115.2052956, 36.192916799899997 ], [ -115.2053199, 36.192916799899997 ], [ -115.2053199, 36.192914099900001 ], [ -115.2053631, 36.192914099900001 ], [ -115.2053631, 36.192916799899997 ], [ -115.2053928, 36.192916799899997 ], [ -115.2053928, 36.1929194999 ], [ -115.2054036, 36.1929194999 ], [ -115.2054036, 36.192922199900003 ], [ -115.2054117, 36.192922199900003 ], [ -115.2054117, 36.1929248999 ], [ -115.2054198, 36.1929248999 ], [ -115.2054198, 36.192927599900003 ], [ -115.2054387, 36.192927599900003 ], [ -115.2054387, 36.192930299899999 ], [ -115.2054468, 36.192930299899999 ], [ -115.2054468, 36.192932999900002 ], [ -115.2054549, 36.192932999900002 ], [ -115.2054549, 36.192935699899998 ], [ -115.2054603, 36.192935699899998 ], [ -115.2054603, 36.192938399900001 ], [ -115.205463, 36.192938399900001 ], [ -115.205463, 36.192941099900004 ], [ -115.2054657, 36.192941099900004 ], [ -115.2054657, 36.192946499900003 ], [ -115.205463, 36.192946499900003 ], [ -115.205463, 36.192951899900002 ], [ -115.2054603, 36.192951899900002 ], [ -115.2054603, 36.192962699900001 ], [ -115.2054576, 36.192962699900001 ], [ -115.2054576, 36.192965399900004 ], [ -115.2054549, 36.192965399900004 ], [ -115.2054549, 36.1929680999 ], [ -115.2054495, 36.1929680999 ], [ -115.2054495, 36.192973499899999 ], [ -115.2054468, 36.192973499899999 ], [ -115.2054468, 36.192981599900001 ], [ -115.2054441, 36.192981599900001 ], [ -115.2054441, 36.193000499900002 ], [ -115.2054414, 36.193000499900002 ], [ -115.2054414, 36.193022099899999 ], [ -115.2054441, 36.193022099899999 ], [ -115.2054441, 36.1930598999 ], [ -115.2054468, 36.1930598999 ], [ -115.2054468, 36.193067999900002 ], [ -115.2054495, 36.193067999900002 ], [ -115.2054495, 36.193097699900001 ], [ -115.2054468, 36.193097699900001 ], [ -115.2054468, 36.193111199900002 ], [ -115.2054441, 36.193111199900002 ], [ -115.2054441, 36.193113899899998 ], [ -115.2054414, 36.193113899899998 ], [ -115.2054414, 36.193116599900002 ], [ -115.2054333, 36.193116599900002 ], [ -115.2054333, 36.193119299899998 ], [ -115.2054117, 36.193119299899998 ], [ -115.2054117, 36.193121999900001 ], [ -115.2053955, 36.193121999900001 ], [ -115.2053955, 36.193124699900004 ], [ -115.2053847, 36.193124699900004 ], [ -115.2053847, 36.1931273999 ], [ -115.2053712, 36.1931273999 ], [ -115.2053712, 36.193130099900003 ], [ -115.205355, 36.193130099900003 ], [ -115.205355, 36.193132799899999 ] ] ] } },
{ "type": "Feature", "properties": { "value": 255.0 }, "geometry": { "type": "Polygon", "coordinates": [ [ [ -115.2042318, 36.192870899900001 ], [ -115.2042264, 36.192870899900001 ], [ -115.2042264, 36.192868199899998 ], [ -115.2041994, 36.192868199899998 ], [ -115.2041994, 36.192865499900002 ], [ -115.2041886, 36.192865499900002 ], [ -115.2041886, 36.192862799899999 ], [ -115.2041832, 36.192862799899999 ], [ -115.2041832, 36.192860099900003 ], [ -115.2041346, 36.192860099900003 ], [ -115.2041346, 36.192857399899999 ], [ -115.2041373, 36.192857399899999 ], [ -115.2041373, 36.192854699900003 ], [ -115.2041589, 36.192854699900003 ], [ -115.2041589, 36.1928519999 ], [ -115.204167, 36.1928519999 ], [ -115.204167, 36.192849299899997 ], [ -115.2041697, 36.192849299899997 ], [ -115.2041697, 36.192846599900001 ], [ -115.2041724, 36.192846599900001 ], [ -115.2041724, 36.192843899899998 ], [ -115.2041778, 36.192843899899998 ], [ -115.2041778, 36.192841199900002 ], [ -115.2041886, 36.192841199900002 ], [ -115.2041886, 36.192838499899999 ], [ -115.2042102, 36.192838499899999 ], [ -115.2042102, 36.192841199900002 ], [ -115.2042156, 36.192841199900002 ], [ -115.2042156, 36.192843899899998 ], [ -115.2042237, 36.192843899899998 ], [ -115.2042237, 36.192846599900001 ], [ -115.2042318, 36.192846599900001 ], [ -115.2042318, 36.192849299899997 ], [ -115.2042345, 36.192849299899997 ], [ -115.2042345, 36.192860099900003 ], [ -115.2042372, 36.192860099900003 ], [ -115.2042372, 36.192862799899999 ], [ -115.2042345, 36.192862799899999 ], [ -115.2042345, 36.192868199899998 ], [ -115.2042318, 36.192868199899998 ], [ -115.2042318, 36.192870899900001 ] ] ] } },
{ "type": "Feature", "properties": { "value": 255.0 }, "geometry": { "type": "Polygon", "coordinates": [ [ [ -115.2045909, 36.193013999900003 ], [ -115.2045693, 36.193013999900003 ], [ -115.2045693, 36.1930112999 ], [ -115.2045666, 36.1930112999 ], [ -115.2045666, 36.193008599900004 ], [ -115.2045639, 36.193008599900004 ], [ -115.2045639, 36.192997799899999 ], [ -115.2045612, 36.192997799899999 ], [ -115.2045612, 36.192989699900004 ], [ -115.2045585, 36.192989699900004 ], [ -115.2045585, 36.192981599900001 ], [ -115.2045558, 36.192981599900001 ], [ -115.2045558, 36.192978899899998 ], [ -115.2045531, 36.192978899899998 ], [ -115.2045531, 36.192973499899999 ], [ -115.2045504, 36.192973499899999 ], [ -115.2045504, 36.192970799900003 ], [ -115.2045477, 36.192970799900003 ], [ -115.2045477, 36.1929680999 ], [ -115.204545, 36.1929680999 ], [ -115.204545, 36.192965399900004 ], [ -115.2045423, 36.192965399900004 ], [ -115.2045423, 36.192962699900001 ], [ -115.2045342, 36.192962699900001 ], [ -115.2045342, 36.192959999899998 ], [ -115.2045261, 36.192959999899998 ], [ -115.2045261, 36.192957299900002 ], [ -115.2045234, 36.192957299900002 ], [ -115.2045234, 36.192954599899998 ], [ -115.2045207, 36.192954599899998 ], [ -115.2045207, 36.192949199899999 ], [ -115.204518, 36.192949199899999 ], [ -115.204518, 36.1929437999 ], [ -115.2045153, 36.1929437999 ], [ -115.2045153, 36.192938399900001 ], [ -115.2045126, 36.192938399900001 ], [ -115.2045126, 36.192935699899998 ], [ -115.2045099, 36.192935699899998 ], [ -115.2045099, 36.1929248999 ], [ -115.2045072, 36.1929248999 ], [ -115.2045072, 36.1929194999 ], [ -115.2045045, 36.1929194999 ], [ -115.2045045, 36.192914099900001 ], [ -115.2045018, 36.192914099900001 ], [ -115.2045018, 36.192905999899999 ], [ -115.2044991, 36.192905999899999 ], [ -115.2044991, 36.192897899900004 ], [ -115.2045018, 36.192897899900004 ], [ -115.2045018, 36.192887099899998 ], [ -115.2044991, 36.192887099899998 ], [ -115.2044991, 36.1928762999 ], [ -115.2044964, 36.1928762999 ], [ -115.2044964, 36.192868199899998 ], [ -115.2044937, 36.192868199899998 ], [ -115.2044937, 36.192860099900003 ], [ -115.2045018, 36.192860099900003 ], [ -115.2045018, 36.192854699900003 ], [ -115.2044991, 36.192854699900003 ], [ -115.2044991, 36.1928519999 ], [ -115.2045018, 36.1928519999 ], [ -115.2045018, 36.192849299899997 ], [ -115.2045045, 36.192849299899997 ], [ -115.2045045, 36.192846599900001 ], [ -115.2045072, 36.192846599900001 ], [ -115.2045072, 36.192843899899998 ], [ -115.2045153, 36.192843899899998 ], [ -115.2045153, 36.192841199900002 ], [ -115.204545, 36.192841199900002 ], [ -115.204545, 36.192838499899999 ], [ -115.2045558, 36.192838499899999 ], [ -115.2045558, 36.192835799900003 ], [ -115.2045612, 36.192835799900003 ], [ -115.2045612, 36.1928330999 ], [ -115.2045693, 36.1928330999 ], [ -115.2045693, 36.192830399900004 ], [ -115.2045747, 36.192830399900004 ], [ -115.2045747, 36.1928276999 ], [ -115.2045855, 36.1928276999 ], [ -115.2045855, 36.192824999899997 ], [ -115.2045936, 36.192824999899997 ], [ -115.2045936, 36.192822299900001 ], [ -115.2046017, 36.192822299900001 ], [ -115.2046017, 36.192819599899998 ], [ -115.2046125, 36.192819599899998 ], [ -115.2046125, 36.192816899900002 ], [ -115.2046206, 36.192816899900002 ], [ -115.2046206, 36.192814199899999 ], [ -115.2046314, 36.192814199899999 ], [ -115.2046314, 36.192811499900003 ], [ -115.2046395, 36.192811499900003 ], [ -115.2046395, 36.1928087999 ], [ -115.2046476, 36.1928087999 ], [ -115.2046476, 36.192806099900004 ], [ -115.2046611, 36.192806099900004 ], [ -115.2046611, 36.192803399900001 ], [ -115.2046746, 36.192803399900001 ], [ -115.2046746, 36.192800699899998 ], [ -115.2046854, 36.192800699899998 ], [ -115.2046854, 36.192797999900002 ], [ -115.2047043, 36.192797999900002 ], [ -115.2047043, 36.192800699899998 ], [ -115.2047124, 36.192800699899998 ], [ -115.2047124, 36.192803399900001 ], [ -115.2047151, 36.192803399900001 ], [ -115.2047151, 36.192806099900004 ], [ -115.2047178, 36.192806099900004 ], [ -115.2047178, 36.192814199899999 ], [ -115.2047205, 36.192814199899999 ], [ -115.2047205, 36.192822299900001 ], [ -115.2047232, 36.192822299900001 ], [ -115.2047232, 36.1928276999 ], [ -115.2047259, 36.1928276999 ], [ -115.2047259, 36.1928330999 ], [ -115.2047286, 36.1928330999 ], [ -115.2047286, 36.192838499899999 ], [ -115.2047313, 36.192838499899999 ], [ -115.2047313, 36.192841199900002 ], [ -115.204734, 36.192841199900002 ], [ -115.204734, 36.192846599900001 ], [ -115.2047367, 36.192846599900001 ], [ -115.2047367, 36.1928519999 ], [ -115.2047394, 36.1928519999 ], [ -115.2047394, 36.192854699900003 ], [ -115.2047448, 36.192854699900003 ], [ -115.2047448, 36.192857399899999 ], [ -115.2047502, 36.192857399899999 ], [ -115.2047502, 36.192860099900003 ], [ -115.2047556, 36.192860099900003 ], [ -115.2047556, 36.192862799899999 ], [ -115.2047583, 36.192862799899999 ], [ -115.2047583, 36.1928762999 ], [ -115.204761, 36.1928762999 ], [ -115.204761, 36.192889799900001 ], [ -115.2047637, 36.192889799900001 ], [ -115.2047637, 36.1929005999 ], [ -115.2047664, 36.1929005999 ], [ -115.2047664, 36.192908699900002 ], [ -115.2047691, 36.192908699900002 ], [ -115.2047691, 36.192916799899997 ], [ -115.2047718, 36.192916799899997 ], [ -115.2047718, 36.1929248999 ], [ -115.2047745, 36.1929248999 ], [ -115.2047745, 36.192935699899998 ], [ -115.2047772, 36.192935699899998 ], [ -115.2047772, 36.192949199899999 ], [ -115.2047745, 36.192949199899999 ], [ -115.2047745, 36.192951899900002 ], [ -115.2047583, 36.192951899900002 ], [ -115.2047583, 36.192949199899999 ], [ -115.2047529, 36.192949199899999 ], [ -115.2047529, 36.192946499900003 ], [ -115.2046746, 36.192946499900003 ], [ -115.2046746, 36.192949199899999 ], [ -115.2046638, 36.192949199899999 ], [ -115.2046638, 36.192951899900002 ], [ -115.204653, 36.192951899900002 ], [ -115.204653, 36.192954599899998 ], [ -115.2046449, 36.192954599899998 ], [ -115.2046449, 36.192957299900002 ], [ -115.2046395, 36.192957299900002 ], [ -115.2046395, 36.192959999899998 ], [ -115.2046368, 36.192959999899998 ], [ -115.2046368, 36.192962699900001 ], [ -115.2046341, 36.192962699900001 ], [ -115.2046341, 36.192965399900004 ], [ -115.2046314, 36.192965399900004 ], [ -115.2046314, 36.192970799900003 ], [ -115.2046287, 36.192970799900003 ], [ -115.2046287, 36.192978899899998 ], [ -115.204626, 36.192978899899998 ], [ -115.204626, 36.192981599900001 ], [ -115.2046179, 36.192981599900001 ], [ -115.2046179, 36.192984299899997 ], [ -115.2046125, 36.192984299899997 ], [ -115.2046125, 36.1929869999 ], [ -115.2046098, 36.1929869999 ], [ -115.2046098, 36.192989699900004 ], [ -115.2046071, 36.192989699900004 ], [ -115.2046071, 36.1929923999 ], [ -115.2046044, 36.1929923999 ], [ -115.2046044, 36.192995099900003 ], [ -115.2046017, 36.192995099900003 ], [ -115.2046017, 36.193005899900001 ], [ -115.204599, 36.193005899900001 ], [ -115.204599, 36.193008599900004 ], [ -115.2045963, 36.193008599900004 ], [ -115.2045963, 36.1930112999 ], [ -115.2045909, 36.1930112999 ], [ -115.2045909, 36.193013999900003 ] ] ] } },
{ "type": "Feature", "properties": { "value": 255.0 }, "geometry": { "type": "Polygon", "coordinates": [ [ [ -115.205031, 36.192954599899998 ], [ -115.205004, 36.192954599899998 ], [ -115.205004, 36.192951899900002 ], [ -115.2049905, 36.192951899900002 ], [ -115.2049905, 36.192949199899999 ], [ -115.2049824, 36.192949199899999 ], [ -115.2049824, 36.192946499900003 ], [ -115.2049662, 36.192946499900003 ], [ -115.2049662, 36.1929437999 ], [ -115.2049473, 36.1929437999 ], [ -115.2049473, 36.192946499900003 ], [ -115.2049257, 36.192946499900003 ], [ -115.2049257, 36.192949199899999 ], [ -115.2049068, 36.192949199899999 ], [ -115.2049068, 36.192946499900003 ], [ -115.2049041, 36.192946499900003 ], [ -115.2049041, 36.1929437999 ], [ -115.2049014, 36.1929437999 ], [ -115.2049014, 36.192930299899999 ], [ -115.2048987, 36.192930299899999 ], [ -115.2048987, 36.192908699900002 ], [ -115.2049041, 36.192908699900002 ], [ -115.2049041, 36.192905999899999 ], [ -115.2049095, 36.192905999899999 ], [ -115.2049095, 36.192903299900003 ], [ -115.2049122, 36.192903299900003 ], [ -115.2049122, 36.1929005999 ], [ -115.2049149, 36.1929005999 ], [ -115.2049149, 36.192892499899997 ], [ -115.2049176, 36.192892499899997 ], [ -115.2049176, 36.192887099899998 ], [ -115.2049203, 36.192887099899998 ], [ -115.2049203, 36.192878999900003 ], [ -115.204923, 36.192878999900003 ], [ -115.204923, 36.192841199900002 ], [ -115.2049203, 36.192841199900002 ], [ -115.2049203, 36.1928276999 ], [ -115.2049176, 36.1928276999 ], [ -115.2049176, 36.192811499900003 ], [ -115.2049149, 36.192811499900003 ], [ -115.2049149, 36.192806099900004 ], [ -115.2049122, 36.192806099900004 ], [ -115.2049122, 36.192797999900002 ], [ -115.2049095, 36.192797999900002 ], [ -115.2049095, 36.192792599900002 ], [ -115.2049068, 36.192792599900002 ], [ -115.2049068, 36.1927844999 ], [ -115.2049041, 36.1927844999 ], [ -115.2049041, 36.192749399900002 ], [ -115.2049068, 36.192749399900002 ], [ -115.2049068, 36.192746699899999 ], [ -115.2049149, 36.192746699899999 ], [ -115.2049149, 36.192743999900003 ], [ -115.2049203, 36.192743999900003 ], [ -115.2049203, 36.192746699899999 ], [ -115.2049878, 36.192746699899999 ], [ -115.2049878, 36.192743999900003 ], [ -115.2049932, 36.192743999900003 ], [ -115.2049932, 36.1927412999 ], [ -115.205004, 36.1927412999 ], [ -115.205004, 36.192738599900004 ], [ -115.2050202, 36.192738599900004 ], [ -115.2050202, 36.192735899900001 ], [ -115.2050337, 36.192735899900001 ], [ -115.2050337, 36.192738599900004 ], [ -115.2050742, 36.192738599900004 ], [ -115.2050742, 36.192735899900001 ], [ -115.2050796, 36.192735899900001 ], [ -115.2050796, 36.192738599900004 ], [ -115.2050904, 36.192738599900004 ], [ -115.2050904, 36.1927412999 ], [ -115.2050877, 36.1927412999 ], [ -115.2050877, 36.192743999900003 ], [ -115.2051093, 36.192743999900003 ], [ -115.2051093, 36.192746699899999 ], [ -115.2051147, 36.192746699899999 ], [ -115.2051147, 36.192749399900002 ], [ -115.2051201, 36.192749399900002 ], [ -115.2051201, 36.192752099899998 ], [ -115.2051228, 36.192752099899998 ], [ -115.2051228, 36.192754799900001 ], [ -115.2051255, 36.192754799900001 ], [ -115.2051255, 36.192757499899997 ], [ -115.2051282, 36.192757499899997 ], [ -115.2051282, 36.192770999899999 ], [ -115.2051255, 36.192770999899999 ], [ -115.2051255, 36.1927844999 ], [ -115.2051228, 36.1927844999 ], [ -115.2051228, 36.192789899899999 ], [ -115.2051174, 36.192789899899999 ], [ -115.2051174, 36.192792599900002 ], [ -115.2051147, 36.192792599900002 ], [ -115.2051147, 36.192795299899998 ], [ -115.205112, 36.192795299899998 ], [ -115.205112, 36.192803399900001 ], [ -115.2051093, 36.192803399900001 ], [ -115.2051093, 36.192816899900002 ], [ -115.2051066, 36.192816899900002 ], [ -115.2051066, 36.192884399900002 ], [ -115.2051093, 36.192884399900002 ], [ -115.2051093, 36.192897899900004 ], [ -115.205112, 36.192897899900004 ], [ -115.205112, 36.192911399899998 ], [ -115.2051147, 36.192911399899998 ], [ -115.2051147, 36.192914099900001 ], [ -115.2051174, 36.192914099900001 ], [ -115.2051174, 36.192916799899997 ], [ -115.2051201, 36.192916799899997 ], [ -115.2051201, 36.192922199900003 ], [ -115.2051228, 36.192922199900003 ], [ -115.2051228, 36.192927599900003 ], [ -115.2051255, 36.192927599900003 ], [ -115.2051255, 36.192946499900003 ], [ -115.2051093, 36.192946499900003 ], [ -115.2051093, 36.1929437999 ], [ -115.2050796, 36.1929437999 ], [ -115.2050796, 36.192946499900003 ], [ -115.205058, 36.192946499900003 ], [ -115.205058, 36.192949199899999 ], [ -115.2050499, 36.192949199899999 ], [ -115.2050499, 36.192951899900002 ], [ -115.205031, 36.192951899900002 ], [ -115.205031, 36.192954599899998 ] ] ] } },
{ "type": "Feature", "properties": { "value": 255.0 }, "geometry": { "type": "Polygon", "coordinates": [ [ [ -115.2055035, 36.192719699900003 ], [ -115.2054711, 36.192719699900003 ], [ -115.2054711, 36.1927169999 ], [ -115.205355, 36.1927169999 ], [ -115.205355, 36.192714299899997 ], [ -115.2053361, 36.192714299899997 ], [ -115.2053361, 36.192711599900001 ], [ -115.2053307, 36.192711599900001 ], [ -115.2053307, 36.192706199900002 ], [ -115.205328, 36.192706199900002 ], [ -115.205328, 36.192687299900001 ], [ -115.2053307, 36.192687299900001 ], [ -115.2053307, 36.192679199899999 ], [ -115.2053334, 36.192679199899999 ], [ -115.2053334, 36.192676499900003 ], [ -115.2053361, 36.192676499900003 ], [ -115.2053361, 36.1926737999 ], [ -115.2053442, 36.1926737999 ], [ -115.2053442, 36.192671099900004 ], [ -115.205355, 36.192671099900004 ], [ -115.205355, 36.192668399900001 ], [ -115.2054171, 36.192668399900001 ], [ -115.2054171, 36.192671099900004 ], [ -115.2054576, 36.192671099900004 ], [ -115.2054576, 36.192668399900001 ], [ -115.20549, 36.192668399900001 ], [ -115.20549, 36.192671099900004 ], [ -115.2055008, 36.192671099900004 ], [ -115.2055008, 36.1926737999 ], [ -115.2055062, 36.1926737999 ], [ -115.2055062, 36.192676499900003 ], [ -115.2055089, 36.192676499900003 ], [ -115.2055089, 36.192708899899998 ], [ -115.2055062, 36.192708899899998 ], [ -115.2055062, 36.1927169999 ], [ -115.2055035, 36.1927169999 ], [ -115.2055035, 36.192719699900003 ] ] ] } },
{ "type": "Feature", "properties": { "value": 255.0 }, "geometry": { "type": "Polygon", "coordinates": [ [ [ -115.2044451, 36.192822299900001 ], [ -115.2044316, 36.192822299900001 ], [ -115.2044316, 36.192819599899998 ], [ -115.2044262, 36.192819599899998 ], [ -115.2044262, 36.192816899900002 ], [ -115.2044235, 36.192816899900002 ], [ -115.2044235, 36.192814199899999 ], [ -115.2044208, 36.192814199899999 ], [ -115.2044208, 36.1928087999 ], [ -115.2044181, 36.1928087999 ], [ -115.2044181, 36.192806099900004 ], [ -115.2044154, 36.192806099900004 ], [ -115.2044154, 36.192800699899998 ], [ -115.2044127, 36.192800699899998 ], [ -115.2044127, 36.192797999900002 ], [ -115.20441, 36.192797999900002 ], [ -115.20441, 36.192792599900002 ], [ -115.2044073, 36.192792599900002 ], [ -115.2044073, 36.192789899899999 ], [ -115.2044046, 36.192789899899999 ], [ -115.2044046, 36.192787199900003 ], [ -115.2044019, 36.192787199900003 ], [ -115.2044019, 36.1927844999 ], [ -115.2043992, 36.1927844999 ], [ -115.2043992, 36.192781799899997 ], [ -115.2043965, 36.192781799899997 ], [ -115.2043965, 36.192779099900001 ], [ -115.2043911, 36.192779099900001 ], [ -115.2043911, 36.192776399899998 ], [ -115.2043857, 36.192776399899998 ], [ -115.2043857, 36.192773699900002 ], [ -115.2043776, 36.192773699900002 ], [ -115.2043776, 36.192770999899999 ], [ -115.2043722, 36.192770999899999 ], [ -115.2043722, 36.192768299900003 ], [ -115.2043695, 36.192768299900003 ], [ -115.2043695, 36.1927655999 ], [ -115.2043668, 36.1927655999 ], [ -115.2043668, 36.1927601999 ], [ -115.2043641, 36.1927601999 ], [ -115.2043641, 36.192754799900001 ], [ -115.2043614, 36.192754799900001 ], [ -115.2043614, 36.192749399900002 ], [ -115.2043587, 36.192749399900002 ], [ -115.2043587, 36.1927412999 ], [ -115.204356, 36.1927412999 ], [ -115.204356, 36.192735899900001 ], [ -115.2043533, 36.192735899900001 ], [ -115.2043533, 36.192730499900001 ], [ -115.2043479, 36.192730499900001 ], [ -115.2043479, 36.192727799899998 ], [ -115.2043452, 36.192727799899998 ], [ -115.2043452, 36.1927169999 ], [ -115.2043425, 36.1927169999 ], [ -115.2043425, 36.192714299899997 ], [ -115.2043398, 36.192714299899997 ], [ -115.2043398, 36.192711599900001 ], [ -115.2043371, 36.192711599900001 ], [ -115.2043371, 36.192708899899998 ], [ -115.2043344, 36.192708899899998 ], [ -115.2043344, 36.192703499899999 ], [ -115.2043317, 36.192703499899999 ], [ -115.2043317, 36.192700799900003 ], [ -115.204329, 36.192700799900003 ], [ -115.204329, 36.192698099899999 ], [ -115.2043263, 36.192698099899999 ], [ -115.2043263, 36.192695399900003 ], [ -115.2043236, 36.192695399900003 ], [ -115.2043236, 36.192681899900002 ], [ -115.2043209, 36.192681899900002 ], [ -115.2043209, 36.192679199899999 ], [ -115.2043236, 36.192679199899999 ], [ -115.2043236, 36.192676499900003 ], [ -115.2043263, 36.192676499900003 ], [ -115.2043263, 36.1926737999 ], [ -115.204329, 36.1926737999 ], [ -115.204329, 36.192671099900004 ], [ -115.2043317, 36.192671099900004 ], [ -115.2043317, 36.192668399900001 ], [ -115.2043344, 36.192668399900001 ], [ -115.2043344, 36.192665699899997 ], [ -115.2043398, 36.192665699899997 ], [ -115.2043398, 36.192662999900001 ], [ -115.2043506, 36.192662999900001 ], [ -115.2043506, 36.192660299899998 ], [ -115.2043587, 36.192660299899998 ], [ -115.2043587, 36.192657599900002 ], [ -115.2043695, 36.192657599900002 ], [ -115.2043695, 36.192654899899999 ], [ -115.2043722, 36.192654899899999 ], [ -115.2043722, 36.192652199900003 ], [ -115.2043776, 36.192652199900003 ], [ -115.2043776, 36.1926494999 ], [ -115.204383, 36.1926494999 ], [ -115.204383, 36.192646799899997 ], [ -115.2043884, 36.192646799899997 ], [ -115.2043884, 36.192644099900001 ], [ -115.2043938, 36.192644099900001 ], [ -115.2043938, 36.192641399899998 ], [ -115.2044046, 36.192641399899998 ], [ -115.2044046, 36.192638699900002 ], [ -115.2044154, 36.192638699900002 ], [ -115.2044154, 36.192635999899998 ], [ -115.2044262, 36.192635999899998 ], [ -115.2044262, 36.192633299900002 ], [ -115.2044397, 36.192633299900002 ], [ -115.2044397, 36.192630599899999 ], [ -115.2044478, 36.192630599899999 ], [ -115.2044478, 36.192627899900003 ], [ -115.2044532, 36.192627899900003 ], [ -115.2044532, 36.1926251999 ], [ -115.2044586, 36.1926251999 ], [ -115.2044586, 36.192622499899997 ], [ -115.2044613, 36.192622499899997 ], [ -115.2044613, 36.192619799900001 ], [ -115.204464, 36.192619799900001 ], [ -115.204464, 36.192617099899998 ], [ -115.2044694, 36.192617099899998 ], [ -115.2044694, 36.192614399900002 ], [ -115.2044721, 36.192614399900002 ], [ -115.2044721, 36.192611699899999 ], [ -115.2044775, 36.192611699899999 ], [ -115.2044775, 36.192608999900003 ], [ -115.2044829, 36.192608999900003 ], [ -115.2044829, 36.1926062999 ], [ -115.2044883, 36.1926062999 ], [ -115.2044883, 36.192603599900004 ], [ -115.204491, 36.192603599900004 ], [ -115.204491, 36.1926008999 ], [ -115.2044991, 36.1926008999 ], [ -115.2044991, 36.192598199899997 ], [ -115.204518, 36.192598199899997 ], [ -115.204518, 36.192595499900001 ], [ -115.2045234, 36.192595499900001 ], [ -115.2045234, 36.192598199899997 ], [ -115.2045315, 36.192598199899997 ], [ -115.2045315, 36.1926008999 ], [ -115.2045342, 36.1926008999 ], [ -115.2045342, 36.192603599900004 ], [ -115.2045369, 36.192603599900004 ], [ -115.2045369, 36.192608999900003 ], [ -115.2045396, 36.192608999900003 ], [ -115.2045396, 36.192611699899999 ], [ -115.2045423, 36.192611699899999 ], [ -115.2045423, 36.192614399900002 ], [ -115.204545, 36.192614399900002 ], [ -115.204545, 36.192617099899998 ], [ -115.2045504, 36.192617099899998 ], [ -115.2045504, 36.192619799900001 ], [ -115.2045558, 36.192619799900001 ], [ -115.2045558, 36.192622499899997 ], [ -115.2045612, 36.192622499899997 ], [ -115.2045612, 36.1926251999 ], [ -115.2045666, 36.1926251999 ], [ -115.2045666, 36.192627899900003 ], [ -115.2045693, 36.192627899900003 ], [ -115.2045693, 36.192630599899999 ], [ -115.204572, 36.192630599899999 ], [ -115.204572, 36.192635999899998 ], [ -115.2045747, 36.192635999899998 ], [ -115.2045747, 36.192638699900002 ], [ -115.2045774, 36.192638699900002 ], [ -115.2045774, 36.192644099900001 ], [ -115.2045801, 36.192644099900001 ], [ -115.2045801, 36.1926494999 ], [ -115.2045828, 36.1926494999 ], [ -115.2045828, 36.192654899899999 ], [ -115.2045855, 36.192654899899999 ], [ -115.2045855, 36.192660299899998 ], [ -115.2045882, 36.192660299899998 ], [ -115.2045882, 36.192665699899997 ], [ -115.2045909, 36.192665699899997 ], [ -115.2045909, 36.192671099900004 ], [ -115.2045936, 36.192671099900004 ], [ -115.2045936, 36.192676499900003 ], [ -115.2045963, 36.192676499900003 ], [ -115.2045963, 36.192679199899999 ], [ -115.204599, 36.192679199899999 ], [ -115.204599, 36.192684599899998 ], [ -115.2046017, 36.192684599899998 ], [ -115.2046017, 36.192687299900001 ], [ -115.2046044, 36.192687299900001 ], [ -115.2046044, 36.1926926999 ], [ -115.2046071, 36.1926926999 ], [ -115.2046071, 36.192698099899999 ], [ -115.2046098, 36.192698099899999 ], [ -115.2046098, 36.192703499899999 ], [ -115.2046125, 36.192703499899999 ], [ -115.2046125, 36.192708899899998 ], [ -115.2046152, 36.192708899899998 ], [ -115.2046152, 36.192711599900001 ], [ -115.2046179, 36.192711599900001 ], [ -115.2046179, 36.1927169999 ], [ -115.2046206, 36.1927169999 ], [ -115.2046206, 36.192722399899999 ], [ -115.2046233, 36.192722399899999 ], [ -115.2046233, 36.192733199899997 ], [ -115.2046206, 36.192733199899997 ], [ -115.2046206, 36.192735899900001 ], [ -115.2045963, 36.192735899900001 ], [ -115.2045963, 36.192733199899997 ], [ -115.2045882, 36.192733199899997 ], [ -115.2045882, 36.192735899900001 ], [ -115.2045747, 36.192735899900001 ], [ -115.2045747, 36.192738599900004 ], [ -115.2045477, 36.192738599900004 ], [ -115.2045477, 36.1927412999 ], [ -115.2045369, 36.1927412999 ], [ -115.2045369, 36.192743999900003 ], [ -115.2045234, 36.192743999900003 ], [ -115.2045234, 36.192746699899999 ], [ -115.2045153, 36.192746699899999 ], [ -115.2045153, 36.192749399900002 ], [ -115.2045099, 36.192749399900002 ], [ -115.2045099, 36.192752099899998 ], [ -115.2045045, 36.192752099899998 ], [ -115.2045045, 36.192754799900001 ], [ -115.2045018, 36.192754799900001 ], [ -115.2045018, 36.192757499899997 ], [ -115.2044991, 36.192757499899997 ], [ -115.2044991, 36.1927601999 ], [ -115.2044964, 36.1927601999 ], [ -115.2044964, 36.192762899900004 ], [ -115.2044937, 36.192762899900004 ], [ -115.2044937, 36.1927655999 ], [ -115.204491, 36.1927655999 ], [ -115.204491, 36.192768299900003 ], [ -115.2044883, 36.192768299900003 ], [ -115.2044883, 36.192773699900002 ], [ -115.2044856, 36.192773699900002 ], [ -115.2044856, 36.192779099900001 ], [ -115.2044829, 36.192779099900001 ], [ -115.2044829, 36.192781799899997 ], [ -115.2044802, 36.192781799899997 ], [ -115.2044802, 36.1927844999 ], [ -115.2044775, 36.1927844999 ], [ -115.2044775, 36.192787199900003 ], [ -115.2044748, 36.192787199900003 ], [ -115.2044748, 36.192789899899999 ], [ -115.2044721, 36.192789899899999 ], [ -115.2044721, 36.192792599900002 ], [ -115.2044694, 36.192792599900002 ], [ -115.2044694, 36.192795299899998 ], [ -115.2044667, 36.192795299899998 ], [ -115.2044667, 36.192797999900002 ], [ -115.204464, 36.192797999900002 ], [ -115.204464, 36.192800699899998 ], [ -115.2044613, 36.192800699899998 ], [ -115.2044613, 36.192814199899999 ], [ -115.2044559, 36.192814199899999 ], [ -115.2044559, 36.192816899900002 ], [ -115.2044505, 36.192816899900002 ], [ -115.2044505, 36.192819599899998 ], [ -115.2044451, 36.192819599899998 ], [ -115.2044451, 36.192822299900001 ] ] ] } },
{ "type": "Feature", "properties": { "value": 255.0 }, "geometry": { "type": "Polygon", "coordinates": [ [ [ -115.2041697, 36.192800699899998 ], [ -115.2041265, 36.192800699899998 ], [ -115.2041265, 36.192797999900002 ], [ -115.2040509, 36.192797999900002 ], [ -115.2040509, 36.192795299899998 ], [ -115.2040455, 36.192795299899998 ], [ -115.2040455, 36.192789899899999 ], [ -115.2040428, 36.192789899899999 ], [ -115.2040428, 36.192768299900003 ], [ -115.2040455, 36.192768299900003 ], [ -115.2040455, 36.1927655999 ], [ -115.2040509, 36.1927655999 ], [ -115.2040509, 36.192762899900004 ], [ -115.2040536, 36.192762899900004 ], [ -115.2040536, 36.1927601999 ], [ -115.2040563, 36.1927601999 ], [ -115.2040563, 36.192757499899997 ], [ -115.204059, 36.192757499899997 ], [ -115.204059, 36.192754799900001 ], [ -115.2040617, 36.192754799900001 ], [ -115.2040617, 36.192749399900002 ], [ -115.2040644, 36.192749399900002 ], [ -115.2040644, 36.192738599900004 ], [ -115.2040671, 36.192738599900004 ], [ -115.2040671, 36.192695399900003 ], [ -115.2040644, 36.192695399900003 ], [ -115.2040644, 36.192654899899999 ], [ -115.2040617, 36.192654899899999 ], [ -115.2040617, 36.192646799899997 ], [ -115.204059, 36.192646799899997 ], [ -115.204059, 36.192644099900001 ], [ -115.2040563, 36.192644099900001 ], [ -115.2040563, 36.192641399899998 ], [ -115.2040536, 36.192641399899998 ], [ -115.2040536, 36.192638699900002 ], [ -115.2040482, 36.192638699900002 ], [ -115.2040482, 36.192635999899998 ], [ -115.2040455, 36.192635999899998 ], [ -115.2040455, 36.192633299900002 ], [ -115.2040428, 36.192633299900002 ], [ -115.2040428, 36.192630599899999 ], [ -115.2040401, 36.192630599899999 ], [ -115.2040401, 36.1926062999 ], [ -115.2040428, 36.1926062999 ], [ -115.2040428, 36.192603599900004 ], [ -115.2040455, 36.192603599900004 ], [ -115.2040455, 36.1926008999 ], [ -115.2040563, 36.1926008999 ], [ -115.2040563, 36.192598199899997 ], [ -115.2041049, 36.192598199899997 ], [ -115.2041049, 36.192595499900001 ], [ -115.2041184, 36.192595499900001 ], [ -115.2041184, 36.192592799899998 ], [ -115.2041265, 36.192592799899998 ], [ -115.2041265, 36.192590099900002 ], [ -115.2041805, 36.192590099900002 ], [ -115.2041805, 36.192592799899998 ], [ -115.204194, 36.192592799899998 ], [ -115.204194, 36.192595499900001 ], [ -115.2042075, 36.192595499900001 ], [ -115.2042075, 36.192598199899997 ], [ -115.2042453, 36.192598199899997 ], [ -115.2042453, 36.1926008999 ], [ -115.2042507, 36.1926008999 ], [ -115.2042507, 36.192603599900004 ], [ -115.2042561, 36.192603599900004 ], [ -115.2042561, 36.192608999900003 ], [ -115.2042588, 36.192608999900003 ], [ -115.2042588, 36.192611699899999 ], [ -115.2042561, 36.192611699899999 ], [ -115.2042561, 36.192638699900002 ], [ -115.2042534, 36.192638699900002 ], [ -115.2042534, 36.192641399899998 ], [ -115.2042507, 36.192641399899998 ], [ -115.2042507, 36.192646799899997 ], [ -115.204248, 36.192646799899997 ], [ -115.204248, 36.192657599900002 ], [ -115.2042453, 36.192657599900002 ], [ -115.2042453, 36.1926737999 ], [ -115.2042426, 36.1926737999 ], [ -115.2042426, 36.1926926999 ], [ -115.2042453, 36.1926926999 ], [ -115.2042453, 36.192714299899997 ], [ -115.204248, 36.192714299899997 ], [ -115.204248, 36.192727799899998 ], [ -115.2042507, 36.192727799899998 ], [ -115.2042507, 36.192735899900001 ], [ -115.2042534, 36.192735899900001 ], [ -115.2042534, 36.192754799900001 ], [ -115.2042561, 36.192754799900001 ], [ -115.2042561, 36.1927844999 ], [ -115.2042588, 36.1927844999 ], [ -115.2042588, 36.192789899899999 ], [ -115.2042534, 36.192789899899999 ], [ -115.2042534, 36.192792599900002 ], [ -115.2041967, 36.192792599900002 ], [ -115.2041967, 36.192795299899998 ], [ -115.2041859, 36.192795299899998 ], [ -115.2041859, 36.192797999900002 ], [ -115.2041697, 36.192797999900002 ], [ -115.2041697, 36.192800699899998 ] ] ] } },
{ "type": "Feature", "properties": { "value": 255.0 }, "geometry": { "type": "Polygon", "coordinates": [ [ [ -115.2050229, 36.192665699899997 ], [ -115.2050148, 36.192665699899997 ], [ -115.2050148, 36.192662999900001 ], [ -115.2050121, 36.192662999900001 ], [ -115.2050121, 36.192657599900002 ], [ -115.2050094, 36.192657599900002 ], [ -115.2050094, 36.192638699900002 ], [ -115.2050121, 36.192638699900002 ], [ -115.2050121, 36.1926062999 ], [ -115.2050148, 36.1926062999 ], [ -115.2050148, 36.192592799899998 ], [ -115.2050121, 36.192592799899998 ], [ -115.2050121, 36.192590099900002 ], [ -115.2050094, 36.192590099900002 ], [ -115.2050094, 36.192587399899999 ], [ -115.2049446, 36.192587399899999 ], [ -115.2049446, 36.192584699900003 ], [ -115.2048771, 36.192584699900003 ], [ -115.2048771, 36.1925819999 ], [ -115.2048744, 36.1925819999 ], [ -115.2048744, 36.1925333999 ], [ -115.2048771, 36.1925333999 ], [ -115.2048771, 36.192525299899998 ], [ -115.2048744, 36.192525299899998 ], [ -115.2048744, 36.1925144999 ], [ -115.2048771, 36.1925144999 ], [ -115.2048771, 36.192509099900001 ], [ -115.2048825, 36.192509099900001 ], [ -115.2048825, 36.192506399899997 ], [ -115.2049203, 36.192506399899997 ], [ -115.2049203, 36.192509099900001 ], [ -115.2049554, 36.192509099900001 ], [ -115.2049554, 36.192506399899997 ], [ -115.2049824, 36.192506399899997 ], [ -115.2049824, 36.192503699900001 ], [ -115.2050553, 36.192503699900001 ], [ -115.2050553, 36.192506399899997 ], [ -115.2050742, 36.192506399899997 ], [ -115.2050742, 36.192509099900001 ], [ -115.2050796, 36.192509099900001 ], [ -115.2050796, 36.1925144999 ], [ -115.2050823, 36.1925144999 ], [ -115.2050823, 36.192538799899999 ], [ -115.205085, 36.192538799899999 ], [ -115.205085, 36.192630599899999 ], [ -115.2050877, 36.192630599899999 ], [ -115.2050877, 36.192652199900003 ], [ -115.205085, 36.192652199900003 ], [ -115.205085, 36.192657599900002 ], [ -115.2050769, 36.192657599900002 ], [ -115.2050769, 36.192660299899998 ], [ -115.205031, 36.192660299899998 ], [ -115.205031, 36.192662999900001 ], [ -115.2050229, 36.192662999900001 ], [ -115.2050229, 36.192665699899997 ] ] ] } },
{ "type": "Feature", "properties": { "value": 255.0 }, "geometry": { "type": "Polygon", "coordinates": [ [ [ -115.2057276, 36.192676499900003 ], [ -115.2057249, 36.192676499900003 ], [ -115.2057249, 36.1926737999 ], [ -115.2056628, 36.1926737999 ], [ -115.2056628, 36.192671099900004 ], [ -115.2056493, 36.192671099900004 ], [ -115.2056493, 36.192668399900001 ], [ -115.2056358, 36.192668399900001 ], [ -115.2056358, 36.192665699899997 ], [ -115.2055926, 36.192665699899997 ], [ -115.2055926, 36.192668399900001 ], [ -115.2055791, 36.192668399900001 ], [ -115.2055791, 36.192665699899997 ], [ -115.2055737, 36.192665699899997 ], [ -115.2055737, 36.192660299899998 ], [ -115.205571, 36.192660299899998 ], [ -115.205571, 36.192630599899999 ], [ -115.2055737, 36.192630599899999 ], [ -115.2055737, 36.192617099899998 ], [ -115.2055764, 36.192617099899998 ], [ -115.2055764, 36.192608999900003 ], [ -115.2055791, 36.192608999900003 ], [ -115.2055791, 36.1926008999 ], [ -115.2055818, 36.1926008999 ], [ -115.2055818, 36.192595499900001 ], [ -115.2055845, 36.192595499900001 ], [ -115.2055845, 36.192584699900003 ], [ -115.2055872, 36.192584699900003 ], [ -115.2055872, 36.192568499899998 ], [ -115.2055899, 36.192568499899998 ], [ -115.2055899, 36.192544199899999 ], [ -115.2055926, 36.192544199899999 ], [ -115.2055926, 36.192517199900003 ], [ -115.2055899, 36.192517199900003 ], [ -115.2055899, 36.1925144999 ], [ -115.2055872, 36.1925144999 ], [ -115.2055872, 36.192511799899997 ], [ -115.2055845, 36.192511799899997 ], [ -115.2055845, 36.192509099900001 ], [ -115.2055818, 36.192509099900001 ], [ -115.2055818, 36.192506399899997 ], [ -115.2055791, 36.192506399899997 ], [ -115.2055791, 36.192503699900001 ], [ -115.2055764, 36.192503699900001 ], [ -115.2055764, 36.192500999899998 ], [ -115.2055737, 36.192500999899998 ], [ -115.2055737, 36.1924901999 ], [ -115.205571, 36.1924901999 ], [ -115.205571, 36.192473999900002 ], [ -115.2055737, 36.192473999900002 ], [ -115.2055737, 36.192468599900003 ], [ -115.2055764, 36.192468599900003 ], [ -115.2055764, 36.1924658999 ], [ -115.2055791, 36.1924658999 ], [ -115.2055791, 36.192463199899997 ], [ -115.2055872, 36.192463199899997 ], [ -115.2055872, 36.192460499900001 ], [ -115.2056547, 36.192460499900001 ], [ -115.2056547, 36.192457799899998 ], [ -115.2056817, 36.192457799899998 ], [ -115.2056817, 36.192455099900002 ], [ -115.2057033, 36.192455099900002 ], [ -115.2057033, 36.192457799899998 ], [ -115.2057114, 36.192457799899998 ], [ -115.2057114, 36.192455099900002 ], [ -115.2057222, 36.192455099900002 ], [ -115.2057222, 36.192452399899999 ], [ -115.2057276, 36.192452399899999 ], [ -115.2057276, 36.192676499900003 ] ] ] } },
{ "type": "Feature", "properties": { "value": 255.0 }, "geometry": { "type": "Polygon", "coordinates": [ [ [ -115.2053982, 36.192627899900003 ], [ -115.2053793, 36.192627899900003 ], [ -115.2053793, 36.1926251999 ], [ -115.2053658, 36.1926251999 ], [ -115.2053658, 36.192622499899997 ], [ -115.2053577, 36.192622499899997 ], [ -115.2053577, 36.192619799900001 ], [ -115.205355, 36.192619799900001 ], [ -115.205355, 36.192622499899997 ], [ -115.2053523, 36.192622499899997 ], [ -115.2053523, 36.192619799900001 ], [ -115.2053253, 36.192619799900001 ], [ -115.2053253, 36.192617099899998 ], [ -115.2053037, 36.192617099899998 ], [ -115.2053037, 36.192619799900001 ], [ -115.2052902, 36.192619799900001 ], [ -115.2052902, 36.192617099899998 ], [ -115.2052875, 36.192617099899998 ], [ -115.2052875, 36.192614399900002 ], [ -115.2052848, 36.192614399900002 ], [ -115.2052848, 36.192611699899999 ], [ -115.2052821, 36.192611699899999 ], [ -115.2052821, 36.192603599900004 ], [ -115.2052794, 36.192603599900004 ], [ -115.2052794, 36.192584699900003 ], [ -115.2052821, 36.192584699900003 ], [ -115.2052821, 36.1925819999 ], [ -115.2052875, 36.1925819999 ], [ -115.2052875, 36.192579299899997 ], [ -115.2052902, 36.192579299899997 ], [ -115.2052902, 36.192576599900001 ], [ -115.2052929, 36.192576599900001 ], [ -115.2052929, 36.192573899899998 ], [ -115.2052956, 36.192573899899998 ], [ -115.2052956, 36.192506399899997 ], [ -115.2052983, 36.192506399899997 ], [ -115.2052983, 36.192495599899999 ], [ -115.205301, 36.192495599899999 ], [ -115.205301, 36.192479399900002 ], [ -115.2052983, 36.192479399900002 ], [ -115.2052983, 36.192468599900003 ], [ -115.2052956, 36.192468599900003 ], [ -115.2052956, 36.1924658999 ], [ -115.2052929, 36.1924658999 ], [ -115.2052929, 36.192463199899997 ], [ -115.2052902, 36.192463199899997 ], [ -115.2052902, 36.192460499900001 ], [ -115.2052875, 36.192460499900001 ], [ -115.2052875, 36.192457799899998 ], [ -115.2052848, 36.192457799899998 ], [ -115.2052848, 36.192452399899999 ], [ -115.2052821, 36.192452399899999 ], [ -115.2052821, 36.1924469999 ], [ -115.2052794, 36.1924469999 ], [ -115.2052794, 36.192425399900003 ], [ -115.2052767, 36.192425399900003 ], [ -115.2052767, 36.192414599899998 ], [ -115.2052794, 36.192414599899998 ], [ -115.2052794, 36.192411899900002 ], [ -115.2052848, 36.192411899900002 ], [ -115.2052848, 36.192409199899998 ], [ -115.2052902, 36.192409199899998 ], [ -115.2052902, 36.192411899900002 ], [ -115.2053037, 36.192411899900002 ], [ -115.2053037, 36.192414599899998 ], [ -115.2053523, 36.192414599899998 ], [ -115.2053523, 36.192411899900002 ], [ -115.2054549, 36.192411899900002 ], [ -115.2054549, 36.192414599899998 ], [ -115.2054657, 36.192414599899998 ], [ -115.2054657, 36.192417299900001 ], [ -115.2054981, 36.192417299900001 ], [ -115.2054981, 36.192419999899997 ], [ -115.2055008, 36.192419999899997 ], [ -115.2055008, 36.1924226999 ], [ -115.2055035, 36.1924226999 ], [ -115.2055035, 36.192428099899999 ], [ -115.2055062, 36.192428099899999 ], [ -115.2055062, 36.192436199900001 ], [ -115.2055089, 36.192436199900001 ], [ -115.2055089, 36.1924415999 ], [ -115.2055062, 36.1924415999 ], [ -115.2055062, 36.192457799899998 ], [ -115.2055035, 36.192457799899998 ], [ -115.2055035, 36.192463199899997 ], [ -115.2054981, 36.192463199899997 ], [ -115.2054981, 36.1924658999 ], [ -115.2054927, 36.1924658999 ], [ -115.2054927, 36.192468599900003 ], [ -115.20549, 36.192468599900003 ], [ -115.20549, 36.192476699899998 ], [ -115.2054873, 36.192476699899998 ], [ -115.2054873, 36.192487499899997 ], [ -115.2054846, 36.192487499899997 ], [ -115.2054846, 36.192498299900002 ], [ -115.2054819, 36.192498299900002 ], [ -115.2054819, 36.192530699899997 ], [ -115.2054846, 36.192530699899997 ], [ -115.2054846, 36.192538799899999 ], [ -115.2054819, 36.192538799899999 ], [ -115.2054819, 36.192549599899998 ], [ -115.2054846, 36.192549599899998 ], [ -115.2054846, 36.1925576999 ], [ -115.2054873, 36.1925576999 ], [ -115.2054873, 36.192563099899999 ], [ -115.20549, 36.192563099899999 ], [ -115.20549, 36.192568499899998 ], [ -115.2054927, 36.192568499899998 ], [ -115.2054927, 36.192576599900001 ], [ -115.2054981, 36.192576599900001 ], [ -115.2054981, 36.1925819999 ], [ -115.2055008, 36.1925819999 ], [ -115.2055008, 36.192584699900003 ], [ -115.2055035, 36.192584699900003 ], [ -115.2055035, 36.192587399899999 ], [ -115.2055062, 36.192587399899999 ], [ -115.2055062, 36.192592799899998 ], [ -115.2055089, 36.192592799899998 ], [ -115.2055089, 36.192595499900001 ], [ -115.2055116, 36.192595499900001 ], [ -115.2055116, 36.1926008999 ], [ -115.2055143, 36.1926008999 ], [ -115.2055143, 36.192617099899998 ], [ -115.2055116, 36.192617099899998 ], [ -115.2055116, 36.192619799900001 ], [ -115.2055062, 36.192619799900001 ], [ -115.2055062, 36.192622499899997 ], [ -115.20549, 36.192622499899997 ], [ -115.20549, 36.192619799900001 ], [ -115.2054306, 36.192619799900001 ], [ -115.2054306, 36.192622499899997 ], [ -115.2054171, 36.192622499899997 ], [ -115.2054171, 36.1926251999 ], [ -115.2053982, 36.1926251999 ], [ -115.2053982, 36.192627899900003 ] ] ] } },
{ "type": "Feature", "properties": { "value": 255.0 }, "geometry": { "type": "Polygon", "coordinates": [ [ [ -115.2044019, 36.192544199899999 ], [ -115.2043938, 36.192544199899999 ], [ -115.2043938, 36.192541499900003 ], [ -115.2043803, 36.192541499900003 ], [ -115.2043803, 36.192538799899999 ], [ -115.2043749, 36.192538799899999 ], [ -115.2043749, 36.192536099900003 ], [ -115.2043668, 36.192536099900003 ], [ -115.2043668, 36.1925333999 ], [ -115.2043479, 36.1925333999 ], [ -115.2043479, 36.192536099900003 ], [ -115.2043452, 36.192536099900003 ], [ -115.2043452, 36.1925333999 ], [ -115.2043128, 36.1925333999 ], [ -115.2043128, 36.192536099900003 ], [ -115.204302, 36.192536099900003 ], [ -115.204302, 36.1925333999 ], [ -115.2042966, 36.1925333999 ], [ -115.2042966, 36.192527999900001 ], [ -115.2042939, 36.192527999900001 ], [ -115.2042939, 36.192503699900001 ], [ -115.2042966, 36.192503699900001 ], [ -115.2042966, 36.192500999899998 ], [ -115.2042993, 36.192500999899998 ], [ -115.2042993, 36.192498299900002 ], [ -115.2043047, 36.192498299900002 ], [ -115.2043047, 36.192495599899999 ], [ -115.2043074, 36.192495599899999 ], [ -115.2043074, 36.192492899900003 ], [ -115.2043101, 36.192492899900003 ], [ -115.2043101, 36.1924901999 ], [ -115.2043128, 36.1924901999 ], [ -115.2043128, 36.192401099900003 ], [ -115.2043101, 36.192401099900003 ], [ -115.2043101, 36.192390299899998 ], [ -115.2043074, 36.192390299899998 ], [ -115.2043074, 36.192384899899999 ], [ -115.2043047, 36.192384899899999 ], [ -115.2043047, 36.192382199900003 ], [ -115.204302, 36.192382199900003 ], [ -115.204302, 36.192379499899999 ], [ -115.2042993, 36.192379499899999 ], [ -115.2042993, 36.192376799899996 ], [ -115.2042966, 36.192376799899996 ], [ -115.2042966, 36.1923740999 ], [ -115.2042939, 36.1923740999 ], [ -115.2042939, 36.192365999899998 ], [ -115.2042912, 36.192365999899998 ], [ -115.2042912, 36.192347099899997 ], [ -115.2042939, 36.192347099899997 ], [ -115.2042939, 36.192341699899998 ], [ -115.2042966, 36.192341699899998 ], [ -115.2042966, 36.192338999900002 ], [ -115.2043344, 36.192338999900002 ], [ -115.2043344, 36.192341699899998 ], [ -115.2043452, 36.192341699899998 ], [ -115.2043452, 36.192338999900002 ], [ -115.2043776, 36.192338999900002 ], [ -115.2043776, 36.192336299899999 ], [ -115.2043911, 36.192336299899999 ], [ -115.2043911, 36.192333599900003 ], [ -115.20441, 36.192333599900003 ], [ -115.20441, 36.1923308999 ], [ -115.2044154, 36.1923308999 ], [ -115.2044154, 36.192333599900003 ], [ -115.2044505, 36.192333599900003 ], [ -115.2044505, 36.192336299899999 ], [ -115.2044694, 36.192336299899999 ], [ -115.2044694, 36.192333599900003 ], [ -115.204491, 36.192333599900003 ], [ -115.204491, 36.192336299899999 ], [ -115.2044991, 36.192336299899999 ], [ -115.2044991, 36.192338999900002 ], [ -115.2045072, 36.192338999900002 ], [ -115.2045072, 36.192341699899998 ], [ -115.2045099, 36.192341699899998 ], [ -115.2045099, 36.192344399900001 ], [ -115.2045126, 36.192344399900001 ], [ -115.2045126, 36.192347099899997 ], [ -115.2045153, 36.192347099899997 ], [ -115.2045153, 36.192371399899997 ], [ -115.2045126, 36.192371399899997 ], [ -115.2045126, 36.192376799899996 ], [ -115.2045099, 36.192376799899996 ], [ -115.2045099, 36.192379499899999 ], [ -115.2045045, 36.192379499899999 ], [ -115.2045045, 36.192382199900003 ], [ -115.2045018, 36.192382199900003 ], [ -115.2045018, 36.192384899899999 ], [ -115.2044991, 36.192384899899999 ], [ -115.2044991, 36.192395699899997 ], [ -115.2044964, 36.192395699899997 ], [ -115.2044964, 36.192468599900003 ], [ -115.2044991, 36.192468599900003 ], [ -115.2044991, 36.192473999900002 ], [ -115.2045018, 36.192473999900002 ], [ -115.2045018, 36.1924901999 ], [ -115.2045045, 36.1924901999 ], [ -115.2045045, 36.192495599899999 ], [ -115.2045072, 36.192495599899999 ], [ -115.2045072, 36.192503699900001 ], [ -115.2045099, 36.192503699900001 ], [ -115.2045099, 36.192511799899997 ], [ -115.2045126, 36.192511799899997 ], [ -115.2045126, 36.192522599900002 ], [ -115.2045153, 36.192522599900002 ], [ -115.2045153, 36.192525299899998 ], [ -115.204518, 36.192525299899998 ], [ -115.204518, 36.192530699899997 ], [ -115.2045153, 36.192530699899997 ], [ -115.2045153, 36.1925333999 ], [ -115.2044559, 36.1925333999 ], [ -115.2044559, 36.192536099900003 ], [ -115.2044397, 36.192536099900003 ], [ -115.2044397, 36.192538799899999 ], [ -115.2044289, 36.192538799899999 ], [ -115.2044289, 36.192541499900003 ], [ -115.2044019, 36.192541499900003 ], [ -115.2044019, 36.192544199899999 ] ] ] } },
{ "type": "Feature", "properties": { "value": 255.0 }, "geometry": { "type": "Polygon", "coordinates": [ [ [ -115.2041427, 36.192538799899999 ], [ -115.2041157, 36.192538799899999 ], [ -115.2041157, 36.192536099900003 ], [ -115.2041049, 36.192536099900003 ], [ -115.2041049, 36.1925333999 ], [ -115.2040941, 36.1925333999 ], [ -115.2040941, 36.192530699899997 ], [ -115.2040131, 36.192530699899997 ], [ -115.2040131, 36.192527999900001 ], [ -115.2040104, 36.192527999900001 ], [ -115.2040104, 36.192525299899998 ], [ -115.2040077, 36.192525299899998 ], [ -115.2040077, 36.192517199900003 ], [ -115.204005, 36.192517199900003 ], [ -115.204005, 36.192511799899997 ], [ -115.2040077, 36.192511799899997 ], [ -115.2040077, 36.192495599899999 ], [ -115.2040104, 36.192495599899999 ], [ -115.2040104, 36.192487499899997 ], [ -115.2040131, 36.192487499899997 ], [ -115.2040131, 36.192479399900002 ], [ -115.2040158, 36.192479399900002 ], [ -115.2040158, 36.192476699899998 ], [ -115.2040185, 36.192476699899998 ], [ -115.2040185, 36.192471299899999 ], [ -115.2040212, 36.192471299899999 ], [ -115.2040212, 36.1924658999 ], [ -115.2040239, 36.1924658999 ], [ -115.2040239, 36.192457799899998 ], [ -115.2040266, 36.192457799899998 ], [ -115.2040266, 36.1924469999 ], [ -115.2040293, 36.1924469999 ], [ -115.2040293, 36.192395699899997 ], [ -115.2040266, 36.192395699899997 ], [ -115.2040266, 36.192387599900002 ], [ -115.2040239, 36.192387599900002 ], [ -115.2040239, 36.192379499899999 ], [ -115.2040212, 36.192379499899999 ], [ -115.2040212, 36.192376799899996 ], [ -115.2040158, 36.192376799899996 ], [ -115.2040158, 36.192371399899997 ], [ -115.2040131, 36.192371399899997 ], [ -115.2040131, 36.192341699899998 ], [ -115.2040158, 36.192341699899998 ], [ -115.2040158, 36.192338999900002 ], [ -115.2040185, 36.192338999900002 ], [ -115.2040185, 36.192336299899999 ], [ -115.2040347, 36.192336299899999 ], [ -115.2040347, 36.192333599900003 ], [ -115.2040833, 36.192333599900003 ], [ -115.2040833, 36.1923308999 ], [ -115.2040887, 36.1923308999 ], [ -115.2040887, 36.192328199899997 ], [ -115.2040914, 36.192328199899997 ], [ -115.2040914, 36.192325499900001 ], [ -115.2040968, 36.192325499900001 ], [ -115.2040968, 36.192322799899998 ], [ -115.2041184, 36.192322799899998 ], [ -115.2041184, 36.192320099900002 ], [ -115.2041346, 36.192320099900002 ], [ -115.2041346, 36.192322799899998 ], [ -115.2041535, 36.192322799899998 ], [ -115.2041535, 36.192325499900001 ], [ -115.2041616, 36.192325499900001 ], [ -115.2041616, 36.192328199899997 ], [ -115.2041751, 36.192328199899997 ], [ -115.2041751, 36.1923308999 ], [ -115.204221, 36.1923308999 ], [ -115.204221, 36.192333599900003 ], [ -115.2042264, 36.192333599900003 ], [ -115.2042264, 36.192336299899999 ], [ -115.2042291, 36.192336299899999 ], [ -115.2042291, 36.192338999900002 ], [ -115.2042318, 36.192338999900002 ], [ -115.2042318, 36.192341699899998 ], [ -115.2042345, 36.192341699899998 ], [ -115.2042345, 36.192365999899998 ], [ -115.2042318, 36.192365999899998 ], [ -115.2042318, 36.192368699900001 ], [ -115.2042291, 36.192368699900001 ], [ -115.2042291, 36.192371399899997 ], [ -115.2042264, 36.192371399899997 ], [ -115.2042264, 36.1923740999 ], [ -115.204221, 36.1923740999 ], [ -115.204221, 36.192384899899999 ], [ -115.2042183, 36.192384899899999 ], [ -115.2042183, 36.192463199899997 ], [ -115.204221, 36.192463199899997 ], [ -115.204221, 36.192476699899998 ], [ -115.2042237, 36.192476699899998 ], [ -115.2042237, 36.1924901999 ], [ -115.2042264, 36.1924901999 ], [ -115.2042264, 36.192495599899999 ], [ -115.2042291, 36.192495599899999 ], [ -115.2042291, 36.192500999899998 ], [ -115.2042318, 36.192500999899998 ], [ -115.2042318, 36.192517199900003 ], [ -115.2042345, 36.192517199900003 ], [ -115.2042345, 36.192522599900002 ], [ -115.2042372, 36.192522599900002 ], [ -115.2042372, 36.192525299899998 ], [ -115.2042345, 36.192525299899998 ], [ -115.2042345, 36.192527999900001 ], [ -115.2041778, 36.192527999900001 ], [ -115.2041778, 36.192530699899997 ], [ -115.2041643, 36.192530699899997 ], [ -115.2041643, 36.1925333999 ], [ -115.2041562, 36.1925333999 ], [ -115.2041562, 36.192536099900003 ], [ -115.2041427, 36.192536099900003 ], [ -115.2041427, 36.192538799899999 ] ] ] } },
{ "type": "Feature", "properties": { "value": 255.0 }, "geometry": { "type": "Polygon", "coordinates": [ [ [ -115.20468, 36.192527999900001 ], [ -115.2046746, 36.192527999900001 ], [ -115.2046746, 36.192525299899998 ], [ -115.2046584, 36.192525299899998 ], [ -115.2046584, 36.192522599900002 ], [ -115.2046449, 36.192522599900002 ], [ -115.2046449, 36.192519899899999 ], [ -115.2046179, 36.192519899899999 ], [ -115.2046179, 36.192522599900002 ], [ -115.204599, 36.192522599900002 ], [ -115.204599, 36.192525299899998 ], [ -115.2045774, 36.192525299899998 ], [ -115.2045774, 36.192522599900002 ], [ -115.204572, 36.192522599900002 ], [ -115.204572, 36.192517199900003 ], [ -115.2045693, 36.192517199900003 ], [ -115.2045693, 36.192492899900003 ], [ -115.204572, 36.192492899900003 ], [ -115.204572, 36.1924901999 ], [ -115.2045774, 36.1924901999 ], [ -115.2045774, 36.192487499899997 ], [ -115.2045828, 36.192487499899997 ], [ -115.2045828, 36.192482099899998 ], [ -115.2045855, 36.192482099899998 ], [ -115.2045855, 36.1924658999 ], [ -115.2045882, 36.1924658999 ], [ -115.2045882, 36.192449699900003 ], [ -115.2045909, 36.192449699900003 ], [ -115.2045909, 36.192379499899999 ], [ -115.2045882, 36.192379499899999 ], [ -115.2045882, 36.1923740999 ], [ -115.2045855, 36.1923740999 ], [ -115.2045855, 36.192371399899997 ], [ -115.2045828, 36.192371399899997 ], [ -115.2045828, 36.192368699900001 ], [ -115.2045774, 36.192368699900001 ], [ -115.2045774, 36.192365999899998 ], [ -115.2045747, 36.192365999899998 ], [ -115.2045747, 36.192363299900002 ], [ -115.204572, 36.192363299900002 ], [ -115.204572, 36.192360599899999 ], [ -115.2045693, 36.192360599899999 ], [ -115.2045693, 36.192352499899997 ], [ -115.2045666, 36.192352499899997 ], [ -115.2045666, 36.192325499900001 ], [ -115.2045693, 36.192325499900001 ], [ -115.2045693, 36.192322799899998 ], [ -115.2046152, 36.192322799899998 ], [ -115.2046152, 36.192325499900001 ], [ -115.2046341, 36.192325499900001 ], [ -115.2046341, 36.192322799899998 ], [ -115.2046449, 36.192322799899998 ], [ -115.2046449, 36.192320099900002 ], [ -115.2046476, 36.192320099900002 ], [ -115.2046476, 36.192317399899999 ], [ -115.204653, 36.192317399899999 ], [ -115.204653, 36.192314699900002 ], [ -115.2046611, 36.192314699900002 ], [ -115.2046611, 36.192311999899999 ], [ -115.2046773, 36.192311999899999 ], [ -115.2046773, 36.192309299899996 ], [ -115.2047097, 36.192309299899996 ], [ -115.2047097, 36.1923065999 ], [ -115.2047556, 36.1923065999 ], [ -115.2047556, 36.192309299899996 ], [ -115.2047637, 36.192309299899996 ], [ -115.2047637, 36.192311999899999 ], [ -115.2047664, 36.192311999899999 ], [ -115.2047664, 36.192314699900002 ], [ -115.2047718, 36.192314699900002 ], [ -115.2047718, 36.192317399899999 ], [ -115.2047745, 36.192317399899999 ], [ -115.2047745, 36.192320099900002 ], [ -115.2047799, 36.192320099900002 ], [ -115.2047799, 36.192322799899998 ], [ -115.2047853, 36.192322799899998 ], [ -115.2047853, 36.192328199899997 ], [ -115.204788, 36.192328199899997 ], [ -115.204788, 36.192333599900003 ], [ -115.2047907, 36.192333599900003 ], [ -115.2047907, 36.192344399900001 ], [ -115.2047934, 36.192344399900001 ], [ -115.2047934, 36.192357899900003 ], [ -115.2047907, 36.192357899900003 ], [ -115.2047907, 36.192360599899999 ], [ -115.204788, 36.192360599899999 ], [ -115.204788, 36.192363299900002 ], [ -115.2047853, 36.192363299900002 ], [ -115.2047853, 36.192365999899998 ], [ -115.2047799, 36.192365999899998 ], [ -115.2047799, 36.192368699900001 ], [ -115.2047772, 36.192368699900001 ], [ -115.2047772, 36.192376799899996 ], [ -115.2047745, 36.192376799899996 ], [ -115.2047745, 36.192395699899997 ], [ -115.2047772, 36.192395699899997 ], [ -115.2047772, 36.192417299900001 ], [ -115.2047745, 36.192417299900001 ], [ -115.2047745, 36.192455099900002 ], [ -115.2047772, 36.192455099900002 ], [ -115.2047772, 36.192473999900002 ], [ -115.2047799, 36.192473999900002 ], [ -115.2047799, 36.192484799900001 ], [ -115.2047826, 36.192484799900001 ], [ -115.2047826, 36.192487499899997 ], [ -115.2047799, 36.192487499899997 ], [ -115.2047799, 36.192495599899999 ], [ -115.2047772, 36.192495599899999 ], [ -115.2047772, 36.192500999899998 ], [ -115.2047745, 36.192500999899998 ], [ -115.2047745, 36.192503699900001 ], [ -115.2047718, 36.192503699900001 ], [ -115.2047718, 36.192506399899997 ], [ -115.2047691, 36.192506399899997 ], [ -115.2047691, 36.192509099900001 ], [ -115.2047637, 36.192509099900001 ], [ -115.2047637, 36.192511799899997 ], [ -115.2047529, 36.192511799899997 ], [ -115.2047529, 36.1925144999 ], [ -115.204734, 36.1925144999 ], [ -115.204734, 36.192517199900003 ], [ -115.2047205, 36.192517199900003 ], [ -115.2047205, 36.192519899899999 ], [ -115.2047097, 36.192519899899999 ], [ -115.2047097, 36.192522599900002 ], [ -115.2046962, 36.192522599900002 ], [ -115.2046962, 36.192525299899998 ], [ -115.20468, 36.192525299899998 ], [ -115.20468, 36.192527999900001 ] ] ] } },
{ "type": "Feature", "properties": { "value": 255.0 }, "geometry": { "type": "Polygon", "coordinates": [ [ [ -115.2051552, 36.192590099900002 ], [ -115.2051066, 36.192590099900002 ], [ -115.2051066, 36.192587399899999 ], [ -115.2051039, 36.192587399899999 ], [ -115.2051039, 36.192584699900003 ], [ -115.2051012, 36.192584699900003 ], [ -115.2051012, 36.192579299899997 ], [ -115.2050985, 36.192579299899997 ], [ -115.2050985, 36.192527999900001 ], [ -115.2050958, 36.192527999900001 ], [ -115.2050958, 36.192487499899997 ], [ -115.2050985, 36.192487499899997 ], [ -115.2050985, 36.192463199899997 ], [ -115.2050958, 36.192463199899997 ], [ -115.2050958, 36.192382199900003 ], [ -115.2050985, 36.192382199900003 ], [ -115.2050985, 36.192360599899999 ], [ -115.2050958, 36.192360599899999 ], [ -115.2050958, 36.192325499900001 ], [ -115.2050985, 36.192325499900001 ], [ -115.2050985, 36.192298499899998 ], [ -115.2050958, 36.192298499899998 ], [ -115.2050958, 36.1922822999 ], [ -115.2050985, 36.1922822999 ], [ -115.2050985, 36.192271499900002 ], [ -115.2051012, 36.192271499900002 ], [ -115.2051012, 36.192266099900003 ], [ -115.2051039, 36.192266099900003 ], [ -115.2051039, 36.1922633999 ], [ -115.2051093, 36.1922633999 ], [ -115.2051093, 36.192260699899997 ], [ -115.2051363, 36.192260699899997 ], [ -115.2051363, 36.1922633999 ], [ -115.2051606, 36.1922633999 ], [ -115.2051606, 36.192266099900003 ], [ -115.205166, 36.192266099900003 ], [ -115.205166, 36.192363299900002 ], [ -115.2051633, 36.192363299900002 ], [ -115.2051633, 36.192473999900002 ], [ -115.2051606, 36.192473999900002 ], [ -115.2051606, 36.192544199899999 ], [ -115.2051579, 36.192544199899999 ], [ -115.2051579, 36.192587399899999 ], [ -115.2051552, 36.192587399899999 ], [ -115.2051552, 36.192590099900002 ] ] ] } },
{ "type": "Feature", "properties": { "value": 255.0 }, "geometry": { "type": "Polygon", "coordinates": [ [ [ -115.2049716, 36.192471299899999 ], [ -115.2049446, 36.192471299899999 ], [ -115.2049446, 36.192468599900003 ], [ -115.2049311, 36.192468599900003 ], [ -115.2049311, 36.1924658999 ], [ -115.2049203, 36.1924658999 ], [ -115.2049203, 36.192463199899997 ], [ -115.2048717, 36.192463199899997 ], [ -115.2048717, 36.1924658999 ], [ -115.2048447, 36.1924658999 ], [ -115.2048447, 36.192463199899997 ], [ -115.2048339, 36.192463199899997 ], [ -115.2048339, 36.192460499900001 ], [ -115.2048258, 36.192460499900001 ], [ -115.2048258, 36.192457799899998 ], [ -115.2048231, 36.192457799899998 ], [ -115.2048231, 36.1924415999 ], [ -115.2048258, 36.1924415999 ], [ -115.2048258, 36.192428099899999 ], [ -115.2048231, 36.192428099899999 ], [ -115.2048231, 36.192414599899998 ], [ -115.2048204, 36.192414599899998 ], [ -115.2048204, 36.192401099900003 ], [ -115.2048231, 36.192401099900003 ], [ -115.2048231, 36.192395699899997 ], [ -115.2048258, 36.192395699899997 ], [ -115.2048258, 36.192390299899998 ], [ -115.2048285, 36.192390299899998 ], [ -115.2048285, 36.192379499899999 ], [ -115.2048312, 36.192379499899999 ], [ -115.2048312, 36.192371399899997 ], [ -115.2048339, 36.192371399899997 ], [ -115.2048339, 36.192276899900001 ], [ -115.2048312, 36.192276899900001 ], [ -115.2048312, 36.192268799899999 ], [ -115.2048285, 36.192268799899999 ], [ -115.2048285, 36.192266099900003 ], [ -115.2048312, 36.192266099900003 ], [ -115.2048312, 36.192260699899997 ], [ -115.2048636, 36.192260699899997 ], [ -115.2048636, 36.1922633999 ], [ -115.2049257, 36.1922633999 ], [ -115.2049257, 36.192260699899997 ], [ -115.2049365, 36.192260699899997 ], [ -115.2049365, 36.192257999900001 ], [ -115.2049635, 36.192257999900001 ], [ -115.2049635, 36.192255299899998 ], [ -115.2049824, 36.192255299899998 ], [ -115.2049824, 36.192257999900001 ], [ -115.2049959, 36.192257999900001 ], [ -115.2049959, 36.192260699899997 ], [ -115.2050094, 36.192260699899997 ], [ -115.2050094, 36.1922633999 ], [ -115.2050283, 36.1922633999 ], [ -115.2050283, 36.192260699899997 ], [ -115.2050445, 36.192260699899997 ], [ -115.2050445, 36.1922633999 ], [ -115.205058, 36.1922633999 ], [ -115.205058, 36.192266099900003 ], [ -115.2050634, 36.192266099900003 ], [ -115.2050634, 36.192268799899999 ], [ -115.2050661, 36.192268799899999 ], [ -115.2050661, 36.192271499900002 ], [ -115.2050688, 36.192271499900002 ], [ -115.2050688, 36.192274199899998 ], [ -115.2050715, 36.192274199899998 ], [ -115.2050715, 36.192279599899997 ], [ -115.2050742, 36.192279599899997 ], [ -115.2050742, 36.192290399900003 ], [ -115.2050715, 36.192290399900003 ], [ -115.2050715, 36.192295799900002 ], [ -115.2050688, 36.192295799900002 ], [ -115.2050688, 36.192298499899998 ], [ -115.2050634, 36.192298499899998 ], [ -115.2050634, 36.192301199900001 ], [ -115.2050607, 36.192301199900001 ], [ -115.2050607, 36.192303899899997 ], [ -115.2050553, 36.192303899899997 ], [ -115.2050553, 36.1923065999 ], [ -115.2050526, 36.1923065999 ], [ -115.2050526, 36.192311999899999 ], [ -115.2050499, 36.192311999899999 ], [ -115.2050499, 36.192328199899997 ], [ -115.2050472, 36.192328199899997 ], [ -115.2050472, 36.1923551999 ], [ -115.2050499, 36.1923551999 ], [ -115.2050499, 36.1923983999 ], [ -115.2050526, 36.1923983999 ], [ -115.2050526, 36.192406499900002 ], [ -115.2050553, 36.192406499900002 ], [ -115.2050553, 36.192411899900002 ], [ -115.205058, 36.192411899900002 ], [ -115.205058, 36.192417299900001 ], [ -115.2050607, 36.192417299900001 ], [ -115.2050607, 36.192419999899997 ], [ -115.2050634, 36.192419999899997 ], [ -115.2050634, 36.192425399900003 ], [ -115.2050661, 36.192425399900003 ], [ -115.2050661, 36.192428099899999 ], [ -115.2050688, 36.192428099899999 ], [ -115.2050688, 36.192433499899998 ], [ -115.2050715, 36.192433499899998 ], [ -115.2050715, 36.1924415999 ], [ -115.2050742, 36.1924415999 ], [ -115.2050742, 36.192460499900001 ], [ -115.2050715, 36.192460499900001 ], [ -115.2050715, 36.192463199899997 ], [ -115.2050634, 36.192463199899997 ], [ -115.2050634, 36.1924658999 ], [ -115.2050526, 36.1924658999 ], [ -115.2050526, 36.192468599900003 ], [ -115.2050364, 36.192468599900003 ], [ -115.2050364, 36.1924658999 ], [ -115.2050256, 36.1924658999 ], [ -115.2050256, 36.192463199899997 ], [ -115.205004, 36.192463199899997 ], [ -115.205004, 36.1924658999 ], [ -115.2049905, 36.1924658999 ], [ -115.2049905, 36.192468599900003 ], [ -115.2049716, 36.192468599900003 ], [ -115.2049716, 36.192471299899999 ] ] ] } },
{ "type": "Feature", "properties": { "value": 255.0 }, "geometry": { "type": "Polygon", "coordinates": [ [ [ -115.2042561, 36.1922876999 ], [ -115.2041724, 36.1922876999 ], [ -115.2041724, 36.192284999899996 ], [ -115.2041589, 36.192284999899996 ], [ -115.2041589, 36.192279599899997 ], [ -115.2041562, 36.192279599899997 ], [ -115.2041562, 36.192247199900002 ], [ -115.2041589, 36.192247199900002 ], [ -115.2041589, 36.192241799899996 ], [ -115.2041643, 36.192241799899996 ], [ -115.2041643, 36.1922390999 ], [ -115.2041832, 36.1922390999 ], [ -115.2041832, 36.192236399899997 ], [ -115.2042048, 36.192236399899997 ], [ -115.2042048, 36.1922390999 ], [ -115.2042642, 36.1922390999 ], [ -115.2042642, 36.192241799899996 ], [ -115.2042723, 36.192241799899996 ], [ -115.2042723, 36.1922822999 ], [ -115.2042696, 36.1922822999 ], [ -115.2042696, 36.192284999899996 ], [ -115.2042561, 36.192284999899996 ], [ -115.2042561, 36.1922876999 ] ] ] } },
{ "type": "Feature", "properties": { "value": 255.0 }, "geometry": { "type": "Polygon", "coordinates": [ [ [ -115.2045045, 36.192284999899996 ], [ -115.2044937, 36.192284999899996 ], [ -115.2044937, 36.1922822999 ], [ -115.2043938, 36.1922822999 ], [ -115.2043938, 36.192284999899996 ], [ -115.2043209, 36.192284999899996 ], [ -115.2043209, 36.1922822999 ], [ -115.2043155, 36.1922822999 ], [ -115.2043155, 36.192279599899997 ], [ -115.2043128, 36.192279599899997 ], [ -115.2043128, 36.192271499900002 ], [ -115.2043101, 36.192271499900002 ], [ -115.2043101, 36.1922633999 ], [ -115.2043128, 36.1922633999 ], [ -115.2043128, 36.192241799899996 ], [ -115.2043209, 36.192241799899996 ], [ -115.2043209, 36.1922390999 ], [ -115.2043344, 36.1922390999 ], [ -115.2043344, 36.192236399899997 ], [ -115.2043425, 36.192236399899997 ], [ -115.2043425, 36.192233699900001 ], [ -115.2043452, 36.192233699900001 ], [ -115.2043452, 36.192230999899998 ], [ -115.2043614, 36.192230999899998 ], [ -115.2043614, 36.192233699900001 ], [ -115.2043695, 36.192233699900001 ], [ -115.2043695, 36.192236399899997 ], [ -115.2043776, 36.192236399899997 ], [ -115.2043776, 36.1922390999 ], [ -115.2044235, 36.1922390999 ], [ -115.2044235, 36.192236399899997 ], [ -115.2044343, 36.192236399899997 ], [ -115.2044343, 36.192233699900001 ], [ -115.2044559, 36.192233699900001 ], [ -115.2044559, 36.192230999899998 ], [ -115.2044586, 36.192230999899998 ], [ -115.2044586, 36.192233699900001 ], [ -115.2044613, 36.192233699900001 ], [ -115.2044613, 36.192230999899998 ], [ -115.2044721, 36.192230999899998 ], [ -115.2044721, 36.192233699900001 ], [ -115.2044883, 36.192233699900001 ], [ -115.2044883, 36.192236399899997 ], [ -115.2045315, 36.192236399899997 ], [ -115.2045315, 36.192233699900001 ], [ -115.2045531, 36.192233699900001 ], [ -115.2045531, 36.192230999899998 ], [ -115.2045747, 36.192230999899998 ], [ -115.2045747, 36.192233699900001 ], [ -115.2046422, 36.192233699900001 ], [ -115.2046422, 36.192236399899997 ], [ -115.2046476, 36.192236399899997 ], [ -115.2046476, 36.1922390999 ], [ -115.2046503, 36.1922390999 ], [ -115.2046503, 36.192271499900002 ], [ -115.2046476, 36.192271499900002 ], [ -115.2046476, 36.192276899900001 ], [ -115.2046422, 36.192276899900001 ], [ -115.2046422, 36.192279599899997 ], [ -115.2046179, 36.192279599899997 ], [ -115.2046179, 36.1922822999 ], [ -115.2045045, 36.1922822999 ], [ -115.2045045, 36.192284999899996 ] ] ] } },
{ "type": "Feature", "properties": { "value": 255.0 }, "geometry": { "type": "Polygon", "coordinates": [ [ [ -115.2054279, 36.192284999899996 ], [ -115.2053685, 36.192284999899996 ], [ -115.2053685, 36.1922822999 ], [ -115.2053658, 36.1922822999 ], [ -115.2053658, 36.192274199899998 ], [ -115.2053631, 36.192274199899998 ], [ -115.2053631, 36.192260699899997 ], [ -115.2053658, 36.192260699899997 ], [ -115.2053658, 36.192241799899996 ], [ -115.2053685, 36.192241799899996 ], [ -115.2053685, 36.1922147999 ], [ -115.2053712, 36.1922147999 ], [ -115.2053712, 36.192212099899997 ], [ -115.2053847, 36.192212099899997 ], [ -115.2053847, 36.192209399900001 ], [ -115.2054279, 36.192209399900001 ], [ -115.2054279, 36.192212099899997 ], [ -115.2054306, 36.192212099899997 ], [ -115.2054306, 36.192266099900003 ], [ -115.2054279, 36.192266099900003 ], [ -115.2054279, 36.192284999899996 ] ] ] } },
{ "type": "Feature", "properties": { "value": 255.0 }, "geometry": { "type": "Polygon", "coordinates": [ [ [ -115.2057276, 36.192387599900002 ], [ -115.2057168, 36.192387599900002 ], [ -115.2057168, 36.192384899899999 ], [ -115.2056763, 36.192384899899999 ], [ -115.2056763, 36.192382199900003 ], [ -115.2056655, 36.192382199900003 ], [ -115.2056655, 36.192379499899999 ], [ -115.2056547, 36.192379499899999 ], [ -115.2056547, 36.192376799899996 ], [ -115.2056331, 36.192376799899996 ], [ -115.2056331, 36.1923740999 ], [ -115.2055818, 36.1923740999 ], [ -115.2055818, 36.192371399899997 ], [ -115.2055791, 36.192371399899997 ], [ -115.2055791, 36.192365999899998 ], [ -115.2055764, 36.192365999899998 ], [ -115.2055764, 36.192341699899998 ], [ -115.2055791, 36.192341699899998 ], [ -115.2055791, 36.192333599900003 ], [ -115.2055818, 36.192333599900003 ], [ -115.2055818, 36.192325499900001 ], [ -115.2055845, 36.192325499900001 ], [ -115.2055845, 36.192314699900002 ], [ -115.2055872, 36.192314699900002 ], [ -115.2055872, 36.192301199900001 ], [ -115.2055899, 36.192301199900001 ], [ -115.2055899, 36.192257999900001 ], [ -115.2055926, 36.192257999900001 ], [ -115.2055926, 36.1922390999 ], [ -115.2055899, 36.1922390999 ], [ -115.2055899, 36.192230999899998 ], [ -115.2055872, 36.192230999899998 ], [ -115.2055872, 36.192217499899996 ], [ -115.2055845, 36.192217499899996 ], [ -115.2055845, 36.192206699899998 ], [ -115.2055818, 36.192206699899998 ], [ -115.2055818, 36.192193199899997 ], [ -115.2055791, 36.192193199899997 ], [ -115.2055791, 36.192179699900002 ], [ -115.2055818, 36.192179699900002 ], [ -115.2055818, 36.192176999899999 ], [ -115.2055845, 36.192176999899999 ], [ -115.2055845, 36.192174299899996 ], [ -115.2055926, 36.192174299899996 ], [ -115.2055926, 36.1921715999 ], [ -115.2056007, 36.1921715999 ], [ -115.2056007, 36.192168899899997 ], [ -115.2056088, 36.192168899899997 ], [ -115.2056088, 36.192166199900001 ], [ -115.2056142, 36.192166199900001 ], [ -115.2056142, 36.192163499899998 ], [ -115.2056655, 36.192163499899998 ], [ -115.2056655, 36.192166199900001 ], [ -115.2057276, 36.192166199900001 ], [ -115.2057276, 36.192387599900002 ] ] ] } },
{ "type": "Feature", "properties": { "value": 255.0 }, "geometry": { "type": "Polygon", "coordinates": [ [ [ -115.2052848, 36.192368699900001 ], [ -115.2052713, 36.192368699900001 ], [ -115.2052713, 36.192365999899998 ], [ -115.2052632, 36.192365999899998 ], [ -115.2052632, 36.192363299900002 ], [ -115.2052605, 36.192363299900002 ], [ -115.2052605, 36.192260699899997 ], [ -115.2052632, 36.192260699899997 ], [ -115.2052632, 36.192225599899999 ], [ -115.2052659, 36.192225599899999 ], [ -115.2052659, 36.192222899900003 ], [ -115.2052686, 36.192222899900003 ], [ -115.2052686, 36.1922147999 ], [ -115.2052713, 36.1922147999 ], [ -115.2052713, 36.192212099899997 ], [ -115.2052686, 36.192212099899997 ], [ -115.2052686, 36.1921958999 ], [ -115.2052713, 36.1921958999 ], [ -115.2052713, 36.192160799900002 ], [ -115.2052794, 36.192160799900002 ], [ -115.2052794, 36.192158099899999 ], [ -115.2052902, 36.192158099899999 ], [ -115.2052902, 36.192160799900002 ], [ -115.2053118, 36.192160799900002 ], [ -115.2053118, 36.192163499899998 ], [ -115.2053145, 36.192163499899998 ], [ -115.2053145, 36.192168899899997 ], [ -115.2053172, 36.192168899899997 ], [ -115.2053172, 36.192187799899997 ], [ -115.2053145, 36.192187799899997 ], [ -115.2053145, 36.192212099899997 ], [ -115.2053118, 36.192212099899997 ], [ -115.2053118, 36.192220199899999 ], [ -115.2053145, 36.192220199899999 ], [ -115.2053145, 36.192222899900003 ], [ -115.2053172, 36.192222899900003 ], [ -115.2053172, 36.192225599899999 ], [ -115.2053199, 36.192225599899999 ], [ -115.2053199, 36.192228299900002 ], [ -115.2053226, 36.192228299900002 ], [ -115.2053226, 36.192244499899999 ], [ -115.2053199, 36.192244499899999 ], [ -115.2053199, 36.192363299900002 ], [ -115.2053172, 36.192363299900002 ], [ -115.2053172, 36.192365999899998 ], [ -115.2052848, 36.192365999899998 ], [ -115.2052848, 36.192368699900001 ] ] ] } },
{ "type": "Feature", "properties": { "value": 255.0 }, "geometry": { "type": "Polygon", "coordinates": [ [ [ -115.2043857, 36.192144599899997 ], [ -115.2043749, 36.192144599899997 ], [ -115.2043749, 36.192141899900001 ], [ -115.2043722, 36.192141899900001 ], [ -115.2043722, 36.192131099900003 ], [ -115.2043749, 36.192131099900003 ], [ -115.2043749, 36.1921283999 ], [ -115.2043776, 36.1921283999 ], [ -115.2043776, 36.1921229999 ], [ -115.2043803, 36.1921229999 ], [ -115.2043803, 36.192120299899997 ], [ -115.204383, 36.192120299899997 ], [ -115.204383, 36.192117599900001 ], [ -115.2043911, 36.192117599900001 ], [ -115.2043911, 36.192120299899997 ], [ -115.2043938, 36.192120299899997 ], [ -115.2043938, 36.192136499900002 ], [ -115.2043884, 36.192136499900002 ], [ -115.2043884, 36.192141899900001 ], [ -115.2043857, 36.192141899900001 ], [ -115.2043857, 36.192144599899997 ] ] ] } },
{ "type": "Feature", "properties": { "value": 255.0 }, "geometry": { "type": "Polygon", "coordinates": [ [ [ -115.2039753, 36.192160799900002 ], [ -115.2039726, 36.192160799900002 ], [ -115.2039726, 36.191960999899997 ], [ -115.2039753, 36.191960999899997 ], [ -115.2039753, 36.191958299900001 ], [ -115.203978, 36.191958299900001 ], [ -115.203978, 36.191955599899998 ], [ -115.2039807, 36.191955599899998 ], [ -115.2039807, 36.191952899900002 ], [ -115.2039834, 36.191952899900002 ], [ -115.2039834, 36.191950199899999 ], [ -115.2039861, 36.191950199899999 ], [ -115.2039861, 36.191947499899996 ], [ -115.2039888, 36.191947499899996 ], [ -115.2039888, 36.1919447999 ], [ -115.2039915, 36.1919447999 ], [ -115.2039915, 36.191942099899997 ], [ -115.2039942, 36.191942099899997 ], [ -115.2039942, 36.191939399900001 ], [ -115.2039969, 36.191939399900001 ], [ -115.2039969, 36.191936699899998 ], [ -115.2039996, 36.191936699899998 ], [ -115.2039996, 36.191933999900002 ], [ -115.2040023, 36.191933999900002 ], [ -115.2040023, 36.191931299899998 ], [ -115.204005, 36.191931299899998 ], [ -115.204005, 36.191928599900002 ], [ -115.2040077, 36.191928599900002 ], [ -115.2040077, 36.191925899899999 ], [ -115.2040104, 36.191925899899999 ], [ -115.2040104, 36.191923199899996 ], [ -115.2040131, 36.191923199899996 ], [ -115.2040131, 36.1919204999 ], [ -115.2040239, 36.1919204999 ], [ -115.2040239, 36.191917799899997 ], [ -115.2040374, 36.191917799899997 ], [ -115.2040374, 36.191915099900001 ], [ -115.2040428, 36.191915099900001 ], [ -115.2040428, 36.191912399899998 ], [ -115.2040509, 36.191912399899998 ], [ -115.2040509, 36.191909699900002 ], [ -115.2040806, 36.191909699900002 ], [ -115.2040806, 36.191912399899998 ], [ -115.2040914, 36.191912399899998 ], [ -115.2040914, 36.191915099900001 ], [ -115.2040995, 36.191915099900001 ], [ -115.2040995, 36.191917799899997 ], [ -115.2041184, 36.191917799899997 ], [ -115.2041184, 36.1919204999 ], [ -115.2041454, 36.1919204999 ], [ -115.2041454, 36.191923199899996 ], [ -115.2041616, 36.191923199899996 ], [ -115.2041616, 36.1919204999 ], [ -115.2041967, 36.1919204999 ], [ -115.2041967, 36.191917799899997 ], [ -115.2042129, 36.191917799899997 ], [ -115.2042129, 36.191915099900001 ], [ -115.2042426, 36.191915099900001 ], [ -115.2042426, 36.191912399899998 ], [ -115.2042507, 36.191912399899998 ], [ -115.2042507, 36.191909699900002 ], [ -115.2042534, 36.191909699900002 ], [ -115.2042534, 36.191906999899999 ], [ -115.2042561, 36.191906999899999 ], [ -115.2042561, 36.191904299899996 ], [ -115.2042588, 36.191904299899996 ], [ -115.2042588, 36.191898899899996 ], [ -115.2042642, 36.191898899899996 ], [ -115.2042642, 36.1919015999 ], [ -115.2042777, 36.1919015999 ], [ -115.2042777, 36.191904299899996 ], [ -115.2042858, 36.191904299899996 ], [ -115.2042858, 36.191906999899999 ], [ -115.2042885, 36.191906999899999 ], [ -115.2042885, 36.191909699900002 ], [ -115.2042912, 36.191909699900002 ], [ -115.2042912, 36.191915099900001 ], [ -115.2042939, 36.191915099900001 ], [ -115.2042939, 36.191942099899997 ], [ -115.2042912, 36.191942099899997 ], [ -115.2042912, 36.191947499899996 ], [ -115.2042939, 36.191947499899996 ], [ -115.2042939, 36.191974499899999 ], [ -115.2042966, 36.191974499899999 ], [ -115.2042966, 36.191979899899998 ], [ -115.2042993, 36.191979899899998 ], [ -115.2042993, 36.191982599900001 ], [ -115.204302, 36.191982599900001 ], [ -115.204302, 36.1919879999 ], [ -115.2043047, 36.1919879999 ], [ -115.2043047, 36.191990699899996 ], [ -115.2043074, 36.191990699899996 ], [ -115.2043074, 36.1920122999 ], [ -115.2043047, 36.1920122999 ], [ -115.2043047, 36.192017699899999 ], [ -115.204302, 36.192017699899999 ], [ -115.204302, 36.192020399900002 ], [ -115.2042993, 36.192020399900002 ], [ -115.2042993, 36.192023099899998 ], [ -115.2042966, 36.192023099899998 ], [ -115.2042966, 36.192028499899997 ], [ -115.2042939, 36.192028499899997 ], [ -115.2042939, 36.192033899899997 ], [ -115.2042912, 36.192033899899997 ], [ -115.2042912, 36.1920554999 ], [ -115.2042939, 36.1920554999 ], [ -115.2042939, 36.1920797999 ], [ -115.2042912, 36.1920797999 ], [ -115.2042912, 36.192085199899999 ], [ -115.2042885, 36.192085199899999 ], [ -115.2042885, 36.192087899900002 ], [ -115.2042912, 36.192087899900002 ], [ -115.2042912, 36.192090599899998 ], [ -115.2042939, 36.192090599899998 ], [ -115.2042939, 36.192093299900002 ], [ -115.2042993, 36.192093299900002 ], [ -115.2042993, 36.192095999899998 ], [ -115.2043047, 36.192095999899998 ], [ -115.2043047, 36.192098699900001 ], [ -115.2043155, 36.192098699900001 ], [ -115.2043155, 36.192101399899997 ], [ -115.2043344, 36.192101399899997 ], [ -115.2043344, 36.1921040999 ], [ -115.2043452, 36.1921040999 ], [ -115.2043452, 36.192106799899996 ], [ -115.2043506, 36.192106799899996 ], [ -115.2043506, 36.192109499899999 ], [ -115.2043587, 36.192109499899999 ], [ -115.2043587, 36.192112199900002 ], [ -115.2043614, 36.192112199900002 ], [ -115.2043614, 36.192114899899998 ], [ -115.2043641, 36.192114899899998 ], [ -115.2043641, 36.192139199899998 ], [ -115.2043668, 36.192139199899998 ], [ -115.2043668, 36.192144599899997 ], [ -115.2043641, 36.192144599899997 ], [ -115.2043641, 36.1921472999 ], [ -115.2043614, 36.1921472999 ], [ -115.2043614, 36.192149999899996 ], [ -115.2043587, 36.192149999899996 ], [ -115.2043587, 36.192152699899999 ], [ -115.2042264, 36.192152699899999 ], [ -115.2042264, 36.192155399900003 ], [ -115.2042102, 36.192155399900003 ], [ -115.2042102, 36.192152699899999 ], [ -115.2042075, 36.192152699899999 ], [ -115.2042075, 36.192155399900003 ], [ -115.2042021, 36.192155399900003 ], [ -115.2042021, 36.192152699899999 ], [ -115.2041616, 36.192152699899999 ], [ -115.2041616, 36.192155399900003 ], [ -115.2039942, 36.192155399900003 ], [ -115.2039942, 36.192158099899999 ], [ -115.2039753, 36.192158099899999 ], [ -115.2039753, 36.192160799900002 ] ], [ [ -115.2041832, 36.192090599899998 ], [ -115.2041832, 36.192087899900002 ], [ -115.2041886, 36.192087899900002 ], [ -115.2041886, 36.192085199899999 ], [ -115.2042264, 36.192085199899999 ], [ -115.2042264, 36.192082499899996 ], [ -115.2042345, 36.192082499899996 ], [ -115.2042345, 36.1920797999 ], [ -115.2042399, 36.1920797999 ], [ -115.2042399, 36.192077099899997 ], [ -115.2042426, 36.192077099899997 ], [ -115.2042426, 36.192074399900001 ], [ -115.2042453, 36.192074399900001 ], [ -115.2042453, 36.192068999900002 ], [ -115.2042426, 36.192068999900002 ], [ -115.2042426, 36.192066299899999 ], [ -115.2042318, 36.192066299899999 ], [ -115.2042318, 36.192063599900003 ], [ -115.2042237, 36.192063599900003 ], [ -115.2042237, 36.1920608999 ], [ -115.2042183, 36.1920608999 ], [ -115.2042183, 36.192058199899996 ], [ -115.2042156, 36.192058199899996 ], [ -115.2042156, 36.1920554999 ], [ -115.2042102, 36.1920554999 ], [ -115.2042102, 36.192052799899997 ], [ -115.2042021, 36.192052799899997 ], [ -115.2042021, 36.192050099900001 ], [ -115.2041805, 36.192050099900001 ], [ -115.2041805, 36.192047399899998 ], [ -115.2041751, 36.192047399899998 ], [ -115.2041751, 36.192050099900001 ], [ -115.2041535, 36.192050099900001 ], [ -115.2041535, 36.192052799899997 ], [ -115.2041427, 36.192052799899997 ], [ -115.2041427, 36.1920554999 ], [ -115.20414, 36.1920554999 ], [ -115.20414, 36.192058199899996 ], [ -115.2041346, 36.192058199899996 ], [ -115.2041346, 36.1920608999 ], [ -115.2041292, 36.1920608999 ], [ -115.2041292, 36.192063599900003 ], [ -115.2041211, 36.192063599900003 ], [ -115.2041211, 36.192066299899999 ], [ -115.2041157, 36.192066299899999 ], [ -115.2041157, 36.192071699899998 ], [ -115.2041211, 36.192071699899998 ], [ -115.2041211, 36.192074399900001 ], [ -115.2041373, 36.192074399900001 ], [ -115.2041373, 36.192077099899997 ], [ -115.2041454, 36.192077099899997 ], [ -115.2041454, 36.1920797999 ], [ -115.2041562, 36.1920797999 ], [ -115.2041562, 36.192082499899996 ], [ -115.2041643, 36.192082499899996 ], [ -115.2041643, 36.192085199899999 ], [ -115.2041697, 36.192085199899999 ], [ -115.2041697, 36.192087899900002 ], [ -115.2041778, 36.192087899900002 ], [ -115.2041778, 36.192090599899998 ], [ -115.2041832, 36.192090599899998 ] ] ] } },
{ "type": "Feature", "properties": { "value": 255.0 }, "geometry": { "type": "Polygon", "coordinates": [ [ [ -115.2045099, 36.192152699899999 ], [ -115.2044829, 36.192152699899999 ], [ -115.2044829, 36.192149999899996 ], [ -115.2044424, 36.192149999899996 ], [ -115.2044424, 36.1921472999 ], [ -115.2044127, 36.1921472999 ], [ -115.2044127, 36.192149999899996 ], [ -115.2044073, 36.192149999899996 ], [ -115.2044073, 36.1921472999 ], [ -115.2044019, 36.1921472999 ], [ -115.2044019, 36.192144599899997 ], [ -115.2043992, 36.192144599899997 ], [ -115.2043992, 36.192114899899998 ], [ -115.2044019, 36.192114899899998 ], [ -115.2044019, 36.192112199900002 ], [ -115.2044046, 36.192112199900002 ], [ -115.2044046, 36.192109499899999 ], [ -115.2044073, 36.192109499899999 ], [ -115.2044073, 36.192106799899996 ], [ -115.20441, 36.192106799899996 ], [ -115.20441, 36.1921040999 ], [ -115.2044127, 36.1921040999 ], [ -115.2044127, 36.192101399899997 ], [ -115.2044181, 36.192101399899997 ], [ -115.2044181, 36.192098699900001 ], [ -115.2044235, 36.192098699900001 ], [ -115.2044235, 36.192095999899998 ], [ -115.2044505, 36.192095999899998 ], [ -115.2044505, 36.192093299900002 ], [ -115.2044613, 36.192093299900002 ], [ -115.2044613, 36.192095999899998 ], [ -115.2044802, 36.192095999899998 ], [ -115.2044802, 36.192098699900001 ], [ -115.2045045, 36.192098699900001 ], [ -115.2045045, 36.192101399899997 ], [ -115.2045504, 36.192101399899997 ], [ -115.2045504, 36.192098699900001 ], [ -115.2045666, 36.192098699900001 ], [ -115.2045666, 36.192095999899998 ], [ -115.2045747, 36.192095999899998 ], [ -115.2045747, 36.192093299900002 ], [ -115.2045882, 36.192093299900002 ], [ -115.2045882, 36.192090599899998 ], [ -115.2046017, 36.192090599899998 ], [ -115.2046017, 36.192087899900002 ], [ -115.2046098, 36.192087899900002 ], [ -115.2046098, 36.192085199899999 ], [ -115.2046179, 36.192085199899999 ], [ -115.2046179, 36.192082499899996 ], [ -115.2046449, 36.192082499899996 ], [ -115.2046449, 36.192085199899999 ], [ -115.204653, 36.192085199899999 ], [ -115.204653, 36.192087899900002 ], [ -115.2046557, 36.192087899900002 ], [ -115.2046557, 36.192090599899998 ], [ -115.2046584, 36.192090599899998 ], [ -115.2046584, 36.192093299900002 ], [ -115.2046638, 36.192093299900002 ], [ -115.2046638, 36.192095999899998 ], [ -115.2047313, 36.192095999899998 ], [ -115.2047313, 36.192093299900002 ], [ -115.2047421, 36.192093299900002 ], [ -115.2047421, 36.192090599899998 ], [ -115.2047475, 36.192090599899998 ], [ -115.2047475, 36.192087899900002 ], [ -115.2047502, 36.192087899900002 ], [ -115.2047502, 36.192085199899999 ], [ -115.2047529, 36.192085199899999 ], [ -115.2047529, 36.192082499899996 ], [ -115.2047556, 36.192082499899996 ], [ -115.2047556, 36.1920797999 ], [ -115.2047529, 36.1920797999 ], [ -115.2047529, 36.192052799899997 ], [ -115.2047556, 36.192052799899997 ], [ -115.2047556, 36.192041999899999 ], [ -115.2047583, 36.192041999899999 ], [ -115.2047583, 36.192031199900001 ], [ -115.2047556, 36.192031199900001 ], [ -115.2047556, 36.192025799900001 ], [ -115.2047529, 36.192025799900001 ], [ -115.2047529, 36.192023099899998 ], [ -115.2047502, 36.192023099899998 ], [ -115.2047502, 36.192020399900002 ], [ -115.2047475, 36.192020399900002 ], [ -115.2047475, 36.192017699899999 ], [ -115.2047448, 36.192017699899999 ], [ -115.2047448, 36.192009599899997 ], [ -115.2047421, 36.192009599899997 ], [ -115.2047421, 36.192001499900002 ], [ -115.2047448, 36.192001499900002 ], [ -115.2047448, 36.191996099900003 ], [ -115.2047421, 36.191996099900003 ], [ -115.2047421, 36.191955599899998 ], [ -115.2047394, 36.191955599899998 ], [ -115.2047394, 36.191950199899999 ], [ -115.2047367, 36.191950199899999 ], [ -115.2047367, 36.191915099900001 ], [ -115.2047394, 36.191915099900001 ], [ -115.2047394, 36.191906999899999 ], [ -115.2047421, 36.191906999899999 ], [ -115.2047421, 36.191904299899996 ], [ -115.2047475, 36.191904299899996 ], [ -115.2047475, 36.1919015999 ], [ -115.2047529, 36.1919015999 ], [ -115.2047529, 36.191898899899996 ], [ -115.204788, 36.191898899899996 ], [ -115.204788, 36.1919015999 ], [ -115.2048015, 36.1919015999 ], [ -115.2048015, 36.191904299899996 ], [ -115.204815, 36.191904299899996 ], [ -115.204815, 36.191906999899999 ], [ -115.2049338, 36.191906999899999 ], [ -115.2049338, 36.191904299899996 ], [ -115.2049527, 36.191904299899996 ], [ -115.2049527, 36.1919015999 ], [ -115.2049581, 36.1919015999 ], [ -115.2049581, 36.191898899899996 ], [ -115.2049662, 36.191898899899996 ], [ -115.2049662, 36.1918961999 ], [ -115.2049824, 36.1918961999 ], [ -115.2049824, 36.191898899899996 ], [ -115.2049878, 36.191898899899996 ], [ -115.2049878, 36.1919015999 ], [ -115.2049905, 36.1919015999 ], [ -115.2049905, 36.191904299899996 ], [ -115.2049932, 36.191904299899996 ], [ -115.2049932, 36.191906999899999 ], [ -115.2049959, 36.191906999899999 ], [ -115.2049959, 36.191915099900001 ], [ -115.2049986, 36.191915099900001 ], [ -115.2049986, 36.191917799899997 ], [ -115.2049959, 36.191917799899997 ], [ -115.2049959, 36.191942099899997 ], [ -115.2049986, 36.191942099899997 ], [ -115.2049986, 36.191958299900001 ], [ -115.2050013, 36.191958299900001 ], [ -115.2050013, 36.191963699900001 ], [ -115.205004, 36.191963699900001 ], [ -115.205004, 36.191971799899996 ], [ -115.2050067, 36.191971799899996 ], [ -115.2050067, 36.192001499900002 ], [ -115.205004, 36.192001499900002 ], [ -115.205004, 36.192009599899997 ], [ -115.2050013, 36.192009599899997 ], [ -115.2050013, 36.1920122999 ], [ -115.2049986, 36.1920122999 ], [ -115.2049986, 36.192014999899996 ], [ -115.2049959, 36.192014999899996 ], [ -115.2049959, 36.192020399900002 ], [ -115.2049932, 36.192020399900002 ], [ -115.2049932, 36.192047399899998 ], [ -115.2049959, 36.192047399899998 ], [ -115.2049959, 36.192066299899999 ], [ -115.2049932, 36.192066299899999 ], [ -115.2049932, 36.192071699899998 ], [ -115.2049878, 36.192071699899998 ], [ -115.2049878, 36.192074399900001 ], [ -115.2049824, 36.192074399900001 ], [ -115.2049824, 36.192077099899997 ], [ -115.2049851, 36.192077099899997 ], [ -115.2049851, 36.1920797999 ], [ -115.2049959, 36.1920797999 ], [ -115.2049959, 36.192082499899996 ], [ -115.2049986, 36.192082499899996 ], [ -115.2049986, 36.192085199899999 ], [ -115.205004, 36.192085199899999 ], [ -115.205004, 36.192087899900002 ], [ -115.2050067, 36.192087899900002 ], [ -115.2050067, 36.192090599899998 ], [ -115.2050094, 36.192090599899998 ], [ -115.2050094, 36.192093299900002 ], [ -115.2050121, 36.192093299900002 ], [ -115.2050121, 36.192095999899998 ], [ -115.2050175, 36.192095999899998 ], [ -115.2050175, 36.192098699900001 ], [ -115.205031, 36.192098699900001 ], [ -115.205031, 36.192095999899998 ], [ -115.2050499, 36.192095999899998 ], [ -115.2050499, 36.192093299900002 ], [ -115.2051012, 36.192093299900002 ], [ -115.2051012, 36.192090599899998 ], [ -115.2051174, 36.192090599899998 ], [ -115.2051174, 36.192087899900002 ], [ -115.2051255, 36.192087899900002 ], [ -115.2051255, 36.192085199899999 ], [ -115.2051498, 36.192085199899999 ], [ -115.2051498, 36.192087899900002 ], [ -115.2051957, 36.192087899900002 ], [ -115.2051957, 36.192090599899998 ], [ -115.2052038, 36.192090599899998 ], [ -115.2052038, 36.192093299900002 ], [ -115.2052119, 36.192093299900002 ], [ -115.2052119, 36.192095999899998 ], [ -115.2052146, 36.192095999899998 ], [ -115.2052146, 36.192098699900001 ], [ -115.2052173, 36.192098699900001 ], [ -115.2052173, 36.192101399899997 ], [ -115.20522, 36.192101399899997 ], [ -115.20522, 36.1921040999 ], [ -115.2052227, 36.1921040999 ], [ -115.2052227, 36.192112199900002 ], [ -115.2052254, 36.192112199900002 ], [ -115.2052254, 36.192117599900001 ], [ -115.2052227, 36.192117599900001 ], [ -115.2052227, 36.192125699899997 ], [ -115.20522, 36.192125699899997 ], [ -115.20522, 36.1921283999 ], [ -115.2052173, 36.1921283999 ], [ -115.2052173, 36.192133799899999 ], [ -115.2052146, 36.192133799899999 ], [ -115.2052146, 36.192136499900002 ], [ -115.2052092, 36.192136499900002 ], [ -115.2052092, 36.192139199899998 ], [ -115.2051201, 36.192139199899998 ], [ -115.2051201, 36.192141899900001 ], [ -115.2050256, 36.192141899900001 ], [ -115.2050256, 36.192139199899998 ], [ -115.2050202, 36.192139199899998 ], [ -115.2050202, 36.192141899900001 ], [ -115.2050067, 36.192141899900001 ], [ -115.2050067, 36.192144599899997 ], [ -115.2049932, 36.192144599899997 ], [ -115.2049932, 36.192141899900001 ], [ -115.2049851, 36.192141899900001 ], [ -115.2049851, 36.192144599899997 ], [ -115.2047907, 36.192144599899997 ], [ -115.2047907, 36.1921472999 ], [ -115.2047367, 36.1921472999 ], [ -115.2047367, 36.192149999899996 ], [ -115.204734, 36.192149999899996 ], [ -115.204734, 36.1921472999 ], [ -115.2047313, 36.1921472999 ], [ -115.2047313, 36.192149999899996 ], [ -115.2047016, 36.192149999899996 ], [ -115.2047016, 36.1921472999 ], [ -115.2046395, 36.1921472999 ], [ -115.2046395, 36.192149999899996 ], [ -115.2045639, 36.192149999899996 ], [ -115.2045639, 36.1921472999 ], [ -115.2045369, 36.1921472999 ], [ -115.2045369, 36.192149999899996 ], [ -115.2045099, 36.192149999899996 ], [ -115.2045099, 36.192152699899999 ] ], [ [ -115.2049122, 36.192087899900002 ], [ -115.2049122, 36.192085199899999 ], [ -115.2049176, 36.192085199899999 ], [ -115.2049176, 36.192082499899996 ], [ -115.204923, 36.192082499899996 ], [ -115.204923, 36.1920797999 ], [ -115.2049284, 36.1920797999 ], [ -115.2049284, 36.192077099899997 ], [ -115.2049338, 36.192077099899997 ], [ -115.2049338, 36.192074399900001 ], [ -115.2049365, 36.192074399900001 ], [ -115.2049365, 36.192071699899998 ], [ -115.2049419, 36.192071699899998 ], [ -115.2049419, 36.192068999900002 ], [ -115.2049446, 36.192068999900002 ], [ -115.2049446, 36.192066299899999 ], [ -115.2049473, 36.192066299899999 ], [ -115.2049473, 36.192058199899996 ], [ -115.2049392, 36.192058199899996 ], [ -115.2049392, 36.1920554999 ], [ -115.2049284, 36.1920554999 ], [ -115.2049284, 36.192052799899997 ], [ -115.204923, 36.192052799899997 ], [ -115.204923, 36.192050099900001 ], [ -115.2049203, 36.192050099900001 ], [ -115.2049203, 36.192047399899998 ], [ -115.2049149, 36.192047399899998 ], [ -115.2049149, 36.192044699900002 ], [ -115.2049095, 36.192044699900002 ], [ -115.2049095, 36.192041999899999 ], [ -115.2048987, 36.192041999899999 ], [ -115.2048987, 36.192039299899996 ], [ -115.2048825, 36.192039299899996 ], [ -115.2048825, 36.1920365999 ], [ -115.2048717, 36.1920365999 ], [ -115.2048717, 36.192039299899996 ], [ -115.2048555, 36.192039299899996 ], [ -115.2048555, 36.192041999899999 ], [ -115.2048474, 36.192041999899999 ], [ -115.2048474, 36.192044699900002 ], [ -115.204842, 36.192044699900002 ], [ -115.204842, 36.192047399899998 ], [ -115.2048339, 36.192047399899998 ], [ -115.2048339, 36.192050099900001 ], [ -115.2048258, 36.192050099900001 ], [ -115.2048258, 36.192052799899997 ], [ -115.2048177, 36.192052799899997 ], [ -115.2048177, 36.1920554999 ], [ -115.2048069, 36.1920554999 ], [ -115.2048069, 36.192058199899996 ], [ -115.2048015, 36.192058199899996 ], [ -115.2048015, 36.1920608999 ], [ -115.2047988, 36.1920608999 ], [ -115.2047988, 36.192066299899999 ], [ -115.2048015, 36.192066299899999 ], [ -115.2048015, 36.192068999900002 ], [ -115.2048204, 36.192068999900002 ], [ -115.2048204, 36.192071699899998 ], [ -115.2048366, 36.192071699899998 ], [ -115.2048366, 36.192074399900001 ], [ -115.2048447, 36.192074399900001 ], [ -115.2048447, 36.192077099899997 ], [ -115.2048501, 36.192077099899997 ], [ -115.2048501, 36.1920797999 ], [ -115.2048555, 36.1920797999 ], [ -115.2048555, 36.192082499899996 ], [ -115.2048609, 36.192082499899996 ], [ -115.2048609, 36.192085199899999 ], [ -115.204869, 36.192085199899999 ], [ -115.204869, 36.192087899900002 ], [ -115.2049122, 36.192087899900002 ] ] ] } },
{ "type": "Feature", "properties": { "value": 255.0 }, "geometry": { "type": "Polygon", "coordinates": [ [ [ -115.2044289, 36.192066299899999 ], [ -115.2044181, 36.192066299899999 ], [ -115.2044181, 36.192063599900003 ], [ -115.2044127, 36.192063599900003 ], [ -115.2044127, 36.1920608999 ], [ -115.20441, 36.1920608999 ], [ -115.20441, 36.1920554999 ], [ -115.2044073, 36.1920554999 ], [ -115.2044073, 36.192020399900002 ], [ -115.2044046, 36.192020399900002 ], [ -115.2044046, 36.192017699899999 ], [ -115.2044019, 36.192017699899999 ], [ -115.2044019, 36.192014999899996 ], [ -115.2043992, 36.192014999899996 ], [ -115.2043992, 36.1920122999 ], [ -115.2043965, 36.1920122999 ], [ -115.2043965, 36.192006899900001 ], [ -115.2043938, 36.192006899900001 ], [ -115.2043938, 36.191996099900003 ], [ -115.2043965, 36.191996099900003 ], [ -115.2043965, 36.191966399899997 ], [ -115.2043992, 36.191966399899997 ], [ -115.2043992, 36.191960999899997 ], [ -115.2043965, 36.191960999899997 ], [ -115.2043965, 36.191950199899999 ], [ -115.2043938, 36.191950199899999 ], [ -115.2043938, 36.191936699899998 ], [ -115.2043911, 36.191936699899998 ], [ -115.2043911, 36.191925899899999 ], [ -115.2043884, 36.191925899899999 ], [ -115.2043884, 36.191917799899997 ], [ -115.2043857, 36.191917799899997 ], [ -115.2043857, 36.191909699900002 ], [ -115.2043884, 36.191909699900002 ], [ -115.2043884, 36.191904299899996 ], [ -115.2043911, 36.191904299899996 ], [ -115.2043911, 36.1919015999 ], [ -115.2043938, 36.1919015999 ], [ -115.2043938, 36.191898899899996 ], [ -115.2043965, 36.191898899899996 ], [ -115.2043965, 36.1918961999 ], [ -115.2043992, 36.1918961999 ], [ -115.2043992, 36.191893499899997 ], [ -115.2044019, 36.191893499899997 ], [ -115.2044019, 36.191890799900001 ], [ -115.204437, 36.191890799900001 ], [ -115.204437, 36.191893499899997 ], [ -115.2044478, 36.191893499899997 ], [ -115.2044478, 36.1918961999 ], [ -115.2044694, 36.1918961999 ], [ -115.2044694, 36.191898899899996 ], [ -115.2045531, 36.191898899899996 ], [ -115.2045531, 36.1918961999 ], [ -115.204599, 36.1918961999 ], [ -115.204599, 36.191893499899997 ], [ -115.2046044, 36.191893499899997 ], [ -115.2046044, 36.191890799900001 ], [ -115.2046098, 36.191890799900001 ], [ -115.2046098, 36.191888099899998 ], [ -115.2046341, 36.191888099899998 ], [ -115.2046341, 36.191890799900001 ], [ -115.2046368, 36.191890799900001 ], [ -115.2046368, 36.191893499899997 ], [ -115.2046395, 36.191893499899997 ], [ -115.2046395, 36.191898899899996 ], [ -115.2046422, 36.191898899899996 ], [ -115.2046422, 36.191906999899999 ], [ -115.2046449, 36.191906999899999 ], [ -115.2046449, 36.191915099900001 ], [ -115.2046422, 36.191915099900001 ], [ -115.2046422, 36.191923199899996 ], [ -115.2046449, 36.191923199899996 ], [ -115.2046449, 36.191950199899999 ], [ -115.2046476, 36.191950199899999 ], [ -115.2046476, 36.191958299900001 ], [ -115.2046503, 36.191958299900001 ], [ -115.2046503, 36.191963699900001 ], [ -115.204653, 36.191963699900001 ], [ -115.204653, 36.1919690999 ], [ -115.2046557, 36.1919690999 ], [ -115.2046557, 36.191990699899996 ], [ -115.204653, 36.191990699899996 ], [ -115.204653, 36.191996099900003 ], [ -115.2046503, 36.191996099900003 ], [ -115.2046503, 36.192001499900002 ], [ -115.2046476, 36.192001499900002 ], [ -115.2046476, 36.192004199899998 ], [ -115.2046449, 36.192004199899998 ], [ -115.2046449, 36.192009599899997 ], [ -115.2046422, 36.192009599899997 ], [ -115.2046422, 36.192014999899996 ], [ -115.2046395, 36.192014999899996 ], [ -115.2046395, 36.192033899899997 ], [ -115.2046422, 36.192033899899997 ], [ -115.2046422, 36.192063599900003 ], [ -115.2046206, 36.192063599900003 ], [ -115.2046206, 36.1920608999 ], [ -115.2046152, 36.1920608999 ], [ -115.2046152, 36.192058199899996 ], [ -115.2046125, 36.192058199899996 ], [ -115.2046125, 36.1920554999 ], [ -115.2046071, 36.1920554999 ], [ -115.2046071, 36.192052799899997 ], [ -115.2046044, 36.192052799899997 ], [ -115.2046044, 36.192050099900001 ], [ -115.204599, 36.192050099900001 ], [ -115.204599, 36.192047399899998 ], [ -115.2045828, 36.192047399899998 ], [ -115.2045828, 36.192044699900002 ], [ -115.204572, 36.192044699900002 ], [ -115.204572, 36.192041999899999 ], [ -115.2045666, 36.192041999899999 ], [ -115.2045666, 36.192039299899996 ], [ -115.2045639, 36.192039299899996 ], [ -115.2045639, 36.1920365999 ], [ -115.2045585, 36.1920365999 ], [ -115.2045585, 36.192033899899997 ], [ -115.2045423, 36.192033899899997 ], [ -115.2045423, 36.192031199900001 ], [ -115.2045126, 36.192031199900001 ], [ -115.2045126, 36.192033899899997 ], [ -115.2044964, 36.192033899899997 ], [ -115.2044964, 36.1920365999 ], [ -115.2044883, 36.1920365999 ], [ -115.2044883, 36.192039299899996 ], [ -115.2044829, 36.192039299899996 ], [ -115.2044829, 36.192041999899999 ], [ -115.2044775, 36.192041999899999 ], [ -115.2044775, 36.192044699900002 ], [ -115.204464, 36.192044699900002 ], [ -115.204464, 36.192047399899998 ], [ -115.2044532, 36.192047399899998 ], [ -115.2044532, 36.192050099900001 ], [ -115.2044478, 36.192050099900001 ], [ -115.2044478, 36.192052799899997 ], [ -115.2044451, 36.192052799899997 ], [ -115.2044451, 36.1920554999 ], [ -115.2044424, 36.1920554999 ], [ -115.2044424, 36.192058199899996 ], [ -115.2044397, 36.192058199899996 ], [ -115.2044397, 36.1920608999 ], [ -115.204437, 36.1920608999 ], [ -115.204437, 36.192063599900003 ], [ -115.2044289, 36.192063599900003 ], [ -115.2044289, 36.192066299899999 ] ] ] } },
{ "type": "Feature", "properties": { "value": 255.0 }, "geometry": { "type": "Polygon", "coordinates": [ [ [ -115.2053388, 36.192058199899996 ], [ -115.205328, 36.192058199899996 ], [ -115.205328, 36.1920554999 ], [ -115.2053199, 36.1920554999 ], [ -115.2053199, 36.192052799899997 ], [ -115.2053172, 36.192052799899997 ], [ -115.2053172, 36.192047399899998 ], [ -115.2053145, 36.192047399899998 ], [ -115.2053145, 36.192044699900002 ], [ -115.2053091, 36.192044699900002 ], [ -115.2053091, 36.192041999899999 ], [ -115.2053064, 36.192041999899999 ], [ -115.2053064, 36.192039299899996 ], [ -115.2052929, 36.192039299899996 ], [ -115.2052929, 36.1920365999 ], [ -115.2052794, 36.1920365999 ], [ -115.2052794, 36.192033899899997 ], [ -115.205274, 36.192033899899997 ], [ -115.205274, 36.192031199900001 ], [ -115.2052686, 36.192031199900001 ], [ -115.2052686, 36.192028499899997 ], [ -115.2052659, 36.192028499899997 ], [ -115.2052659, 36.192025799900001 ], [ -115.2052605, 36.192025799900001 ], [ -115.2052605, 36.192023099899998 ], [ -115.2052497, 36.192023099899998 ], [ -115.2052497, 36.192020399900002 ], [ -115.2052308, 36.192020399900002 ], [ -115.2052308, 36.192017699899999 ], [ -115.2052281, 36.192017699899999 ], [ -115.2052281, 36.192020399900002 ], [ -115.2052065, 36.192020399900002 ], [ -115.2052065, 36.192023099899998 ], [ -115.2051957, 36.192023099899998 ], [ -115.2051957, 36.192025799900001 ], [ -115.2051903, 36.192025799900001 ], [ -115.2051903, 36.192028499899997 ], [ -115.2051876, 36.192028499899997 ], [ -115.2051876, 36.192031199900001 ], [ -115.2051822, 36.192031199900001 ], [ -115.2051822, 36.192033899899997 ], [ -115.2051741, 36.192033899899997 ], [ -115.2051741, 36.1920365999 ], [ -115.2051606, 36.1920365999 ], [ -115.2051606, 36.192039299899996 ], [ -115.2051525, 36.192039299899996 ], [ -115.2051525, 36.192041999899999 ], [ -115.2051471, 36.192041999899999 ], [ -115.2051471, 36.192044699900002 ], [ -115.2051444, 36.192044699900002 ], [ -115.2051444, 36.192047399899998 ], [ -115.2051417, 36.192047399899998 ], [ -115.2051417, 36.192050099900001 ], [ -115.205139, 36.192050099900001 ], [ -115.205139, 36.192052799899997 ], [ -115.2051363, 36.192052799899997 ], [ -115.2051363, 36.1920554999 ], [ -115.2051174, 36.1920554999 ], [ -115.2051174, 36.192052799899997 ], [ -115.2051147, 36.192052799899997 ], [ -115.2051147, 36.192047399899998 ], [ -115.205112, 36.192047399899998 ], [ -115.205112, 36.192023099899998 ], [ -115.2051147, 36.192023099899998 ], [ -115.2051147, 36.192014999899996 ], [ -115.205112, 36.192014999899996 ], [ -115.205112, 36.192006899900001 ], [ -115.2051093, 36.192006899900001 ], [ -115.2051093, 36.192004199899998 ], [ -115.2051066, 36.192004199899998 ], [ -115.2051066, 36.191998799899999 ], [ -115.2051039, 36.191998799899999 ], [ -115.2051039, 36.1919879999 ], [ -115.2051012, 36.1919879999 ], [ -115.2051012, 36.191963699900001 ], [ -115.2051039, 36.191963699900001 ], [ -115.2051039, 36.191958299900001 ], [ -115.2051066, 36.191958299900001 ], [ -115.2051066, 36.191952899900002 ], [ -115.2051039, 36.191952899900002 ], [ -115.2051039, 36.191893499899997 ], [ -115.2051066, 36.191893499899997 ], [ -115.2051066, 36.191888099899998 ], [ -115.2051093, 36.191888099899998 ], [ -115.2051093, 36.191885399900002 ], [ -115.205112, 36.191885399900002 ], [ -115.205112, 36.191882699899999 ], [ -115.2051228, 36.191882699899999 ], [ -115.2051228, 36.191879999899996 ], [ -115.2051336, 36.191879999899996 ], [ -115.2051336, 36.191882699899999 ], [ -115.2051417, 36.191882699899999 ], [ -115.2051417, 36.191885399900002 ], [ -115.2051552, 36.191885399900002 ], [ -115.2051552, 36.191888099899998 ], [ -115.205193, 36.191888099899998 ], [ -115.205193, 36.191885399900002 ], [ -115.2052578, 36.191885399900002 ], [ -115.2052578, 36.191888099899998 ], [ -115.2053037, 36.191888099899998 ], [ -115.2053037, 36.191885399900002 ], [ -115.2053091, 36.191885399900002 ], [ -115.2053091, 36.191882699899999 ], [ -115.2053145, 36.191882699899999 ], [ -115.2053145, 36.191879999899996 ], [ -115.2053415, 36.191879999899996 ], [ -115.2053415, 36.191882699899999 ], [ -115.2053442, 36.191882699899999 ], [ -115.2053442, 36.191885399900002 ], [ -115.2053469, 36.191885399900002 ], [ -115.2053469, 36.191890799900001 ], [ -115.2053496, 36.191890799900001 ], [ -115.2053496, 36.191912399899998 ], [ -115.2053469, 36.191912399899998 ], [ -115.2053469, 36.191917799899997 ], [ -115.2053496, 36.191917799899997 ], [ -115.2053496, 36.191933999900002 ], [ -115.2053523, 36.191933999900002 ], [ -115.2053523, 36.191939399900001 ], [ -115.205355, 36.191939399900001 ], [ -115.205355, 36.191958299900001 ], [ -115.2053577, 36.191958299900001 ], [ -115.2053577, 36.191963699900001 ], [ -115.2053604, 36.191963699900001 ], [ -115.2053604, 36.191974499899999 ], [ -115.2053577, 36.191974499899999 ], [ -115.2053577, 36.191982599900001 ], [ -115.205355, 36.191982599900001 ], [ -115.205355, 36.192001499900002 ], [ -115.2053523, 36.192001499900002 ], [ -115.2053523, 36.192004199899998 ], [ -115.2053496, 36.192004199899998 ], [ -115.2053496, 36.192006899900001 ], [ -115.2053469, 36.192006899900001 ], [ -115.2053469, 36.192039299899996 ], [ -115.2053442, 36.192039299899996 ], [ -115.2053442, 36.1920554999 ], [ -115.2053388, 36.1920554999 ], [ -115.2053388, 36.192058199899996 ] ] ] } },
{ "type": "Feature", "properties": { "value": 255.0 }, "geometry": { "type": "Polygon", "coordinates": [ [ [ -115.2055764, 36.1921229999 ], [ -115.2055575, 36.1921229999 ], [ -115.2055575, 36.192120299899997 ], [ -115.2055548, 36.192120299899997 ], [ -115.2055548, 36.192117599900001 ], [ -115.2055521, 36.192117599900001 ], [ -115.2055521, 36.192114899899998 ], [ -115.20554940000001, 36.192114899899998 ], [ -115.20554940000001, 36.192109499899999 ], [ -115.2055467, 36.192109499899999 ], [ -115.2055467, 36.1921040999 ], [ -115.205544, 36.1921040999 ], [ -115.205544, 36.192101399899997 ], [ -115.2055413, 36.192101399899997 ], [ -115.2055413, 36.192095999899998 ], [ -115.2055386, 36.192095999899998 ], [ -115.2055386, 36.192093299900002 ], [ -115.2055359, 36.192093299900002 ], [ -115.2055359, 36.192090599899998 ], [ -115.2055332, 36.192090599899998 ], [ -115.2055332, 36.192087899900002 ], [ -115.2055305, 36.192087899900002 ], [ -115.2055305, 36.192085199899999 ], [ -115.2055278, 36.192085199899999 ], [ -115.2055278, 36.192082499899996 ], [ -115.2055251, 36.192082499899996 ], [ -115.2055251, 36.1920797999 ], [ -115.2055197, 36.1920797999 ], [ -115.2055197, 36.192077099899997 ], [ -115.2055089, 36.192077099899997 ], [ -115.2055089, 36.192074399900001 ], [ -115.2055035, 36.192074399900001 ], [ -115.2055035, 36.192071699899998 ], [ -115.2055008, 36.192071699899998 ], [ -115.2055008, 36.192068999900002 ], [ -115.2054981, 36.192068999900002 ], [ -115.2054981, 36.192063599900003 ], [ -115.2054954, 36.192063599900003 ], [ -115.2054954, 36.192058199899996 ], [ -115.2054927, 36.192058199899996 ], [ -115.2054927, 36.192052799899997 ], [ -115.20549, 36.192052799899997 ], [ -115.20549, 36.192047399899998 ], [ -115.2054873, 36.192047399899998 ], [ -115.2054873, 36.192033899899997 ], [ -115.2054846, 36.192033899899997 ], [ -115.2054846, 36.192031199900001 ], [ -115.2054819, 36.192031199900001 ], [ -115.2054819, 36.192025799900001 ], [ -115.2054792, 36.192025799900001 ], [ -115.2054792, 36.192020399900002 ], [ -115.2054765, 36.192020399900002 ], [ -115.2054765, 36.192017699899999 ], [ -115.2054738, 36.192017699899999 ], [ -115.2054738, 36.1920122999 ], [ -115.2054711, 36.1920122999 ], [ -115.2054711, 36.192009599899997 ], [ -115.2054684, 36.192009599899997 ], [ -115.2054684, 36.192004199899998 ], [ -115.2054657, 36.192004199899998 ], [ -115.2054657, 36.192001499900002 ], [ -115.205463, 36.192001499900002 ], [ -115.205463, 36.191998799899999 ], [ -115.2054603, 36.191998799899999 ], [ -115.2054603, 36.191996099900003 ], [ -115.2054576, 36.191996099900003 ], [ -115.2054576, 36.191990699899996 ], [ -115.2054549, 36.191990699899996 ], [ -115.2054549, 36.191966399899997 ], [ -115.2054576, 36.191966399899997 ], [ -115.2054576, 36.191963699900001 ], [ -115.2054603, 36.191963699900001 ], [ -115.2054603, 36.191960999899997 ], [ -115.2054657, 36.191960999899997 ], [ -115.2054657, 36.191958299900001 ], [ -115.2054711, 36.191958299900001 ], [ -115.2054711, 36.191955599899998 ], [ -115.2054765, 36.191955599899998 ], [ -115.2054765, 36.191952899900002 ], [ -115.2054981, 36.191952899900002 ], [ -115.2054981, 36.191950199899999 ], [ -115.2055143, 36.191950199899999 ], [ -115.2055143, 36.191947499899996 ], [ -115.2055305, 36.191947499899996 ], [ -115.2055305, 36.1919447999 ], [ -115.2055413, 36.1919447999 ], [ -115.2055413, 36.191942099899997 ], [ -115.2055467, 36.191942099899997 ], [ -115.2055467, 36.191939399900001 ], [ -115.2055521, 36.191939399900001 ], [ -115.2055521, 36.191936699899998 ], [ -115.2055575, 36.191936699899998 ], [ -115.2055575, 36.191933999900002 ], [ -115.2055629, 36.191933999900002 ], [ -115.2055629, 36.191931299899998 ], [ -115.2055737, 36.191931299899998 ], [ -115.2055737, 36.191928599900002 ], [ -115.2055845, 36.191928599900002 ], [ -115.2055845, 36.191925899899999 ], [ -115.2055899, 36.191925899899999 ], [ -115.2055899, 36.191923199899996 ], [ -115.2055926, 36.191923199899996 ], [ -115.2055926, 36.1919204999 ], [ -115.2055953, 36.1919204999 ], [ -115.2055953, 36.191915099900001 ], [ -115.205598, 36.191915099900001 ], [ -115.205598, 36.191912399899998 ], [ -115.2056007, 36.191912399899998 ], [ -115.2056007, 36.191909699900002 ], [ -115.2056034, 36.191909699900002 ], [ -115.2056034, 36.191906999899999 ], [ -115.2056061, 36.191906999899999 ], [ -115.2056061, 36.1919015999 ], [ -115.2056088, 36.1919015999 ], [ -115.2056088, 36.191898899899996 ], [ -115.2056115, 36.191898899899996 ], [ -115.2056115, 36.1918961999 ], [ -115.2056142, 36.1918961999 ], [ -115.2056142, 36.191888099899998 ], [ -115.20561690000001, 36.191888099899998 ], [ -115.20561690000001, 36.1918772999 ], [ -115.2056223, 36.1918772999 ], [ -115.2056223, 36.191874599899997 ], [ -115.2056358, 36.191874599899997 ], [ -115.2056358, 36.191871899900001 ], [ -115.2056628, 36.191871899900001 ], [ -115.2056628, 36.191874599899997 ], [ -115.2056682, 36.191874599899997 ], [ -115.2056682, 36.1918772999 ], [ -115.2056736, 36.1918772999 ], [ -115.2056736, 36.191879999899996 ], [ -115.2056763, 36.191879999899996 ], [ -115.2056763, 36.191882699899999 ], [ -115.2056817, 36.191882699899999 ], [ -115.2056817, 36.191885399900002 ], [ -115.20568440000001, 36.191885399900002 ], [ -115.20568440000001, 36.191888099899998 ], [ -115.2056871, 36.191888099899998 ], [ -115.2056871, 36.1918961999 ], [ -115.2056898, 36.1918961999 ], [ -115.2056898, 36.191904299899996 ], [ -115.2056925, 36.191904299899996 ], [ -115.2056925, 36.191906999899999 ], [ -115.2056952, 36.191906999899999 ], [ -115.2056952, 36.191912399899998 ], [ -115.2056979, 36.191912399899998 ], [ -115.2056979, 36.191915099900001 ], [ -115.2057006, 36.191915099900001 ], [ -115.2057006, 36.191917799899997 ], [ -115.2057033, 36.191917799899997 ], [ -115.2057033, 36.1919204999 ], [ -115.205706, 36.1919204999 ], [ -115.205706, 36.191923199899996 ], [ -115.2057087, 36.191923199899996 ], [ -115.2057087, 36.191925899899999 ], [ -115.2057114, 36.191925899899999 ], [ -115.2057114, 36.191928599900002 ], [ -115.2057141, 36.191928599900002 ], [ -115.2057141, 36.191936699899998 ], [ -115.2057168, 36.191936699899998 ], [ -115.2057168, 36.191942099899997 ], [ -115.2057195, 36.191942099899997 ], [ -115.2057195, 36.1919447999 ], [ -115.2057222, 36.1919447999 ], [ -115.2057222, 36.191947499899996 ], [ -115.2057276, 36.191947499899996 ], [ -115.2057276, 36.192031199900001 ], [ -115.2057168, 36.192031199900001 ], [ -115.2057168, 36.192033899899997 ], [ -115.2057087, 36.192033899899997 ], [ -115.2057087, 36.1920365999 ], [ -115.2057006, 36.1920365999 ], [ -115.2057006, 36.192039299899996 ], [ -115.2056898, 36.192039299899996 ], [ -115.2056898, 36.192041999899999 ], [ -115.2056547, 36.192041999899999 ], [ -115.2056547, 36.192044699900002 ], [ -115.2056466, 36.192044699900002 ], [ -115.2056466, 36.192047399899998 ], [ -115.2056412, 36.192047399899998 ], [ -115.2056412, 36.192050099900001 ], [ -115.2056358, 36.192050099900001 ], [ -115.2056358, 36.192052799899997 ], [ -115.2056304, 36.192052799899997 ], [ -115.2056304, 36.1920554999 ], [ -115.2056277, 36.1920554999 ], [ -115.2056277, 36.192058199899996 ], [ -115.205625, 36.192058199899996 ], [ -115.205625, 36.1920608999 ], [ -115.2056223, 36.1920608999 ], [ -115.2056223, 36.192063599900003 ], [ -115.2056196, 36.192063599900003 ], [ -115.2056196, 36.192066299899999 ], [ -115.20561690000001, 36.192066299899999 ], [ -115.20561690000001, 36.192068999900002 ], [ -115.2056142, 36.192068999900002 ], [ -115.2056142, 36.192074399900001 ], [ -115.2056115, 36.192074399900001 ], [ -115.2056115, 36.1920797999 ], [ -115.2056088, 36.1920797999 ], [ -115.2056088, 36.192082499899996 ], [ -115.2056061, 36.192082499899996 ], [ -115.2056061, 36.192085199899999 ], [ -115.2056034, 36.192085199899999 ], [ -115.2056034, 36.192087899900002 ], [ -115.2056007, 36.192087899900002 ], [ -115.2056007, 36.192090599899998 ], [ -115.205598, 36.192090599899998 ], [ -115.205598, 36.192093299900002 ], [ -115.2055953, 36.192093299900002 ], [ -115.2055953, 36.192095999899998 ], [ -115.2055926, 36.192095999899998 ], [ -115.2055926, 36.192101399899997 ], [ -115.2055899, 36.192101399899997 ], [ -115.2055899, 36.192109499899999 ], [ -115.2055872, 36.192109499899999 ], [ -115.2055872, 36.192114899899998 ], [ -115.2055845, 36.192114899899998 ], [ -115.2055845, 36.192117599900001 ], [ -115.2055818, 36.192117599900001 ], [ -115.2055818, 36.192120299899997 ], [ -115.2055764, 36.192120299899997 ], [ -115.2055764, 36.1921229999 ] ] ] } },
{ "type": "Feature", "properties": { "value": 255.0 }, "geometry": { "type": "Polygon", "coordinates": [ [ [ -115.2039942, 36.191839499899999 ], [ -115.2039726, 36.191839499899999 ], [ -115.2039726, 36.191728799899998 ], [ -115.2039807, 36.191728799899998 ], [ -115.2039807, 36.191731499900001 ], [ -115.2039861, 36.191731499900001 ], [ -115.2039861, 36.191734199899997 ], [ -115.2039915, 36.191734199899997 ], [ -115.2039915, 36.1917368999 ], [ -115.2039996, 36.1917368999 ], [ -115.2039996, 36.191739599899996 ], [ -115.204059, 36.191739599899996 ], [ -115.204059, 36.1917422999 ], [ -115.2040644, 36.1917422999 ], [ -115.2040644, 36.191750399900002 ], [ -115.2040671, 36.191750399900002 ], [ -115.2040671, 36.191753099899998 ], [ -115.2040644, 36.191753099899998 ], [ -115.2040644, 36.191790899899999 ], [ -115.2040617, 36.191790899899999 ], [ -115.2040617, 36.191817899900002 ], [ -115.204059, 36.191817899900002 ], [ -115.204059, 36.191825999899997 ], [ -115.2040563, 36.191825999899997 ], [ -115.2040563, 36.1918286999 ], [ -115.2040536, 36.1918286999 ], [ -115.2040536, 36.191831399899996 ], [ -115.2040482, 36.191831399899996 ], [ -115.2040482, 36.191834099899999 ], [ -115.204032, 36.191834099899999 ], [ -115.204032, 36.191836799899995 ], [ -115.2039942, 36.191836799899995 ], [ -115.2039942, 36.191839499899999 ] ] ] } },
{ "type": "Feature", "properties": { "value": 255.0 }, "geometry": { "type": "Polygon", "coordinates": [ [ [ -115.2057276, 36.191701799899995 ], [ -115.2057249, 36.191701799899995 ], [ -115.2057249, 36.191699099899999 ], [ -115.205706, 36.191699099899999 ], [ -115.205706, 36.191701799899995 ], [ -115.205679, 36.191701799899995 ], [ -115.205679, 36.191699099899999 ], [ -115.2056709, 36.191699099899999 ], [ -115.2056709, 36.191690999899997 ], [ -115.2056682, 36.191690999899997 ], [ -115.2056682, 36.191580299899996 ], [ -115.2056709, 36.191580299899996 ], [ -115.2056709, 36.191569499899998 ], [ -115.2056736, 36.191569499899998 ], [ -115.2056736, 36.1915586999 ], [ -115.2056763, 36.1915586999 ], [ -115.2056763, 36.191555999899997 ], [ -115.205679, 36.191555999899997 ], [ -115.205679, 36.191553299900001 ], [ -115.2057276, 36.191553299900001 ], [ -115.2057276, 36.191701799899995 ] ] ] } },
{ "type": "Feature", "properties": { "value": 255.0 }, "geometry": { "type": "Polygon", "coordinates": [ [ [ -115.2043452, 36.191850299899997 ], [ -115.2042831, 36.191850299899997 ], [ -115.2042831, 36.191847599900001 ], [ -115.2042426, 36.191847599900001 ], [ -115.2042426, 36.191844899899998 ], [ -115.204221, 36.191844899899998 ], [ -115.204221, 36.191842199900002 ], [ -115.2042156, 36.191842199900002 ], [ -115.2042156, 36.191839499899999 ], [ -115.2042102, 36.191839499899999 ], [ -115.2042102, 36.191834099899999 ], [ -115.2042075, 36.191834099899999 ], [ -115.2042075, 36.191804399900001 ], [ -115.2042102, 36.191804399900001 ], [ -115.2042102, 36.191769299899995 ], [ -115.2042075, 36.191769299899995 ], [ -115.2042075, 36.191731499900001 ], [ -115.2042102, 36.191731499900001 ], [ -115.2042102, 36.191704499899998 ], [ -115.2042075, 36.191704499899998 ], [ -115.2042075, 36.191591099900002 ], [ -115.2042102, 36.191591099900002 ], [ -115.2042102, 36.191574899899997 ], [ -115.2042129, 36.191574899899997 ], [ -115.2042129, 36.191526299899998 ], [ -115.2042183, 36.191526299899998 ], [ -115.2042183, 36.191523599900002 ], [ -115.2042777, 36.191523599900002 ], [ -115.2042777, 36.191526299899998 ], [ -115.2042885, 36.191526299899998 ], [ -115.2042885, 36.191528999900001 ], [ -115.2043344, 36.191528999900001 ], [ -115.2043344, 36.191531699899997 ], [ -115.2043398, 36.191531699899997 ], [ -115.2043398, 36.191537099899996 ], [ -115.2043425, 36.191537099899996 ], [ -115.2043425, 36.1916693999 ], [ -115.2043452, 36.1916693999 ], [ -115.2043452, 36.191850299899997 ] ] ] } },
{ "type": "Feature", "properties": { "value": 255.0 }, "geometry": { "type": "Polygon", "coordinates": [ [ [ -115.2054765, 36.191836799899995 ], [ -115.205463, 36.191836799899995 ], [ -115.205463, 36.191834099899999 ], [ -115.2054495, 36.191834099899999 ], [ -115.2054495, 36.191836799899995 ], [ -115.2054225, 36.191836799899995 ], [ -115.2054225, 36.191834099899999 ], [ -115.2054198, 36.191834099899999 ], [ -115.2054198, 36.191831399899996 ], [ -115.2054171, 36.191831399899996 ], [ -115.2054171, 36.1918286999 ], [ -115.2054144, 36.1918286999 ], [ -115.2054144, 36.191807099899997 ], [ -115.2054117, 36.191807099899997 ], [ -115.2054117, 36.191777399899998 ], [ -115.2054144, 36.191777399899998 ], [ -115.2054144, 36.191755799900001 ], [ -115.2054117, 36.191755799900001 ], [ -115.2054117, 36.191747699899999 ], [ -115.205409, 36.191747699899999 ], [ -115.205409, 36.191709899899998 ], [ -115.2054063, 36.191709899899998 ], [ -115.2054063, 36.191642399899997 ], [ -115.205409, 36.191642399899997 ], [ -115.205409, 36.191636999899998 ], [ -115.2054117, 36.191636999899998 ], [ -115.2054117, 36.191628899899996 ], [ -115.205409, 36.191628899899996 ], [ -115.205409, 36.1916261999 ], [ -115.2054063, 36.1916261999 ], [ -115.2054063, 36.191620799900001 ], [ -115.2054036, 36.191620799900001 ], [ -115.2054036, 36.191555999899997 ], [ -115.2054063, 36.191555999899997 ], [ -115.2054063, 36.191528999900001 ], [ -115.205409, 36.191528999900001 ], [ -115.205409, 36.191518199899996 ], [ -115.2054117, 36.191518199899996 ], [ -115.2054117, 36.191515499899999 ], [ -115.2054387, 36.191515499899999 ], [ -115.2054387, 36.191518199899996 ], [ -115.2054873, 36.191518199899996 ], [ -115.2054873, 36.191515499899999 ], [ -115.2055143, 36.191515499899999 ], [ -115.2055143, 36.191518199899996 ], [ -115.2055224, 36.191518199899996 ], [ -115.2055224, 36.191520899899999 ], [ -115.2055305, 36.191520899899999 ], [ -115.2055305, 36.191523599900002 ], [ -115.2055332, 36.191523599900002 ], [ -115.2055332, 36.191526299899998 ], [ -115.2055359, 36.191526299899998 ], [ -115.2055359, 36.191528999900001 ], [ -115.2055386, 36.191528999900001 ], [ -115.2055386, 36.191537099899996 ], [ -115.2055413, 36.191537099899996 ], [ -115.2055413, 36.191569499899998 ], [ -115.2055386, 36.191569499899998 ], [ -115.2055386, 36.191574899899997 ], [ -115.2055359, 36.191574899899997 ], [ -115.2055359, 36.1915775999 ], [ -115.2055332, 36.1915775999 ], [ -115.2055332, 36.1915829999 ], [ -115.2055359, 36.1915829999 ], [ -115.2055359, 36.191591099900002 ], [ -115.2055386, 36.191591099900002 ], [ -115.2055386, 36.191596499900001 ], [ -115.2055413, 36.191596499900001 ], [ -115.2055413, 36.191682899900002 ], [ -115.205544, 36.191682899900002 ], [ -115.205544, 36.191688299900001 ], [ -115.2055413, 36.191688299900001 ], [ -115.2055413, 36.191720699899996 ], [ -115.205544, 36.191720699899996 ], [ -115.205544, 36.191823299900001 ], [ -115.2055413, 36.191823299900001 ], [ -115.2055413, 36.191825999899997 ], [ -115.2055386, 36.191825999899997 ], [ -115.2055386, 36.1918286999 ], [ -115.2055224, 36.1918286999 ], [ -115.2055224, 36.191831399899996 ], [ -115.2054981, 36.191831399899996 ], [ -115.2054981, 36.191834099899999 ], [ -115.2054765, 36.191834099899999 ], [ -115.2054765, 36.191836799899995 ] ] ] } },
{ "type": "Feature", "properties": { "value": 255.0 }, "geometry": { "type": "Polygon", "coordinates": [ [ [ -115.2047907, 36.191844899899998 ], [ -115.2047772, 36.191844899899998 ], [ -115.2047772, 36.191842199900002 ], [ -115.2047448, 36.191842199900002 ], [ -115.2047448, 36.191839499899999 ], [ -115.2047016, 36.191839499899999 ], [ -115.2047016, 36.191836799899995 ], [ -115.2046989, 36.191836799899995 ], [ -115.2046989, 36.191834099899999 ], [ -115.2046962, 36.191834099899999 ], [ -115.2046962, 36.1917611999 ], [ -115.2046935, 36.1917611999 ], [ -115.2046935, 36.191744999899996 ], [ -115.2046908, 36.191744999899996 ], [ -115.2046908, 36.191712599900001 ], [ -115.2046935, 36.191712599900001 ], [ -115.2046935, 36.191704499899998 ], [ -115.2046908, 36.191704499899998 ], [ -115.2046908, 36.191653199899996 ], [ -115.2046935, 36.191653199899996 ], [ -115.2046935, 36.191634299899995 ], [ -115.2046908, 36.191634299899995 ], [ -115.2046908, 36.191618099899998 ], [ -115.2046881, 36.191618099899998 ], [ -115.2046881, 36.191596499900001 ], [ -115.2046908, 36.191596499900001 ], [ -115.2046908, 36.1915775999 ], [ -115.2046881, 36.1915775999 ], [ -115.2046881, 36.191512799899996 ], [ -115.2046908, 36.191512799899996 ], [ -115.2046908, 36.191507399899997 ], [ -115.2046935, 36.191507399899997 ], [ -115.2046935, 36.191504699900001 ], [ -115.2047664, 36.191504699900001 ], [ -115.2047664, 36.191507399899997 ], [ -115.2048177, 36.191507399899997 ], [ -115.2048177, 36.1915100999 ], [ -115.2048231, 36.1915100999 ], [ -115.2048231, 36.191515499899999 ], [ -115.2048258, 36.191515499899999 ], [ -115.2048258, 36.1915829999 ], [ -115.2048285, 36.1915829999 ], [ -115.2048285, 36.191726099900002 ], [ -115.2048312, 36.191726099900002 ], [ -115.2048312, 36.191820599899998 ], [ -115.2048339, 36.191820599899998 ], [ -115.2048339, 36.191836799899995 ], [ -115.2048312, 36.191836799899995 ], [ -115.2048312, 36.191842199900002 ], [ -115.2047907, 36.191842199900002 ], [ -115.2047907, 36.191844899899998 ] ] ] } },
{ "type": "Feature", "properties": { "value": 255.0 }, "geometry": { "type": "Polygon", "coordinates": [ [ [ -115.2045045, 36.191847599900001 ], [ -115.204491, 36.191847599900001 ], [ -115.204491, 36.191844899899998 ], [ -115.2044721, 36.191844899899998 ], [ -115.2044721, 36.191847599900001 ], [ -115.2044532, 36.191847599900001 ], [ -115.2044532, 36.191844899899998 ], [ -115.2044478, 36.191844899899998 ], [ -115.2044478, 36.191842199900002 ], [ -115.2044451, 36.191842199900002 ], [ -115.2044451, 36.191839499899999 ], [ -115.2044424, 36.191839499899999 ], [ -115.2044424, 36.191834099899999 ], [ -115.2044397, 36.191834099899999 ], [ -115.2044397, 36.191817899900002 ], [ -115.204437, 36.191817899900002 ], [ -115.204437, 36.191780099900001 ], [ -115.2044343, 36.191780099900001 ], [ -115.2044343, 36.191771999899998 ], [ -115.2044316, 36.191771999899998 ], [ -115.2044316, 36.1917611999 ], [ -115.2044289, 36.1917611999 ], [ -115.2044289, 36.191747699899999 ], [ -115.2044262, 36.191747699899999 ], [ -115.2044262, 36.191731499900001 ], [ -115.2044289, 36.191731499900001 ], [ -115.2044289, 36.191704499899998 ], [ -115.2044316, 36.191704499899998 ], [ -115.2044316, 36.1916693999 ], [ -115.2044343, 36.1916693999 ], [ -115.2044343, 36.191658599900002 ], [ -115.204437, 36.191658599900002 ], [ -115.204437, 36.1916504999 ], [ -115.2044397, 36.1916504999 ], [ -115.2044397, 36.191642399899997 ], [ -115.204437, 36.191642399899997 ], [ -115.204437, 36.191615399900002 ], [ -115.2044343, 36.191615399900002 ], [ -115.2044343, 36.191596499900001 ], [ -115.2044316, 36.191596499900001 ], [ -115.2044316, 36.191572199900001 ], [ -115.2044343, 36.191572199900001 ], [ -115.2044343, 36.191539799899999 ], [ -115.204437, 36.191539799899999 ], [ -115.204437, 36.191518199899996 ], [ -115.2044397, 36.191518199899996 ], [ -115.2044397, 36.191512799899996 ], [ -115.2044424, 36.191512799899996 ], [ -115.2044424, 36.1915100999 ], [ -115.2045153, 36.1915100999 ], [ -115.2045153, 36.191507399899997 ], [ -115.2045747, 36.191507399899997 ], [ -115.2045747, 36.1915100999 ], [ -115.2045801, 36.1915100999 ], [ -115.2045801, 36.191512799899996 ], [ -115.2045828, 36.191512799899996 ], [ -115.2045828, 36.1915829999 ], [ -115.2045801, 36.1915829999 ], [ -115.2045801, 36.191585699899996 ], [ -115.2045774, 36.191585699899996 ], [ -115.2045774, 36.191588399899999 ], [ -115.2045747, 36.191588399899999 ], [ -115.2045747, 36.1916018999 ], [ -115.2045774, 36.1916018999 ], [ -115.2045774, 36.191634299899995 ], [ -115.2045747, 36.191634299899995 ], [ -115.2045747, 36.1916504999 ], [ -115.2045774, 36.1916504999 ], [ -115.2045774, 36.191661299899998 ], [ -115.2045747, 36.191661299899998 ], [ -115.2045747, 36.191750399900002 ], [ -115.2045774, 36.191750399900002 ], [ -115.2045774, 36.191763899899996 ], [ -115.2045747, 36.191763899899996 ], [ -115.2045747, 36.191804399900001 ], [ -115.2045774, 36.191804399900001 ], [ -115.2045774, 36.191831399899996 ], [ -115.2045747, 36.191831399899996 ], [ -115.2045747, 36.191836799899995 ], [ -115.2045693, 36.191836799899995 ], [ -115.2045693, 36.191839499899999 ], [ -115.2045612, 36.191839499899999 ], [ -115.2045612, 36.191842199900002 ], [ -115.2045396, 36.191842199900002 ], [ -115.2045396, 36.191844899899998 ], [ -115.2045045, 36.191844899899998 ], [ -115.2045045, 36.191847599900001 ] ] ] } },
{ "type": "Feature", "properties": { "value": 255.0 }, "geometry": { "type": "Polygon", "coordinates": [ [ [ -115.2049851, 36.191842199900002 ], [ -115.2049716, 36.191842199900002 ], [ -115.2049716, 36.191839499899999 ], [ -115.2049689, 36.191839499899999 ], [ -115.2049689, 36.191842199900002 ], [ -115.2049392, 36.191842199900002 ], [ -115.2049392, 36.191839499899999 ], [ -115.2049338, 36.191839499899999 ], [ -115.2049338, 36.191836799899995 ], [ -115.2049284, 36.191836799899995 ], [ -115.2049284, 36.191834099899999 ], [ -115.2049257, 36.191834099899999 ], [ -115.2049257, 36.191820599899998 ], [ -115.204923, 36.191820599899998 ], [ -115.204923, 36.191782799899997 ], [ -115.2049257, 36.191782799899997 ], [ -115.2049257, 36.191766599899999 ], [ -115.204923, 36.191766599899999 ], [ -115.204923, 36.191763899899996 ], [ -115.2049203, 36.191763899899996 ], [ -115.2049203, 36.191758499899997 ], [ -115.2049176, 36.191758499899997 ], [ -115.2049176, 36.1917422999 ], [ -115.2049203, 36.1917422999 ], [ -115.2049203, 36.191680199899999 ], [ -115.2049176, 36.191680199899999 ], [ -115.2049176, 36.191666699899997 ], [ -115.2049203, 36.191666699899997 ], [ -115.2049203, 36.191647799899997 ], [ -115.204923, 36.191647799899997 ], [ -115.204923, 36.191639699900001 ], [ -115.2049203, 36.191639699900001 ], [ -115.2049203, 36.191636999899998 ], [ -115.2049176, 36.191636999899998 ], [ -115.2049176, 36.191628899899996 ], [ -115.2049149, 36.191628899899996 ], [ -115.2049149, 36.191623499899997 ], [ -115.2049176, 36.191623499899997 ], [ -115.2049176, 36.191580299899996 ], [ -115.2049149, 36.191580299899996 ], [ -115.2049149, 36.191569499899998 ], [ -115.2049176, 36.191569499899998 ], [ -115.2049176, 36.191545199899998 ], [ -115.2049203, 36.191545199899998 ], [ -115.2049203, 36.191520899899999 ], [ -115.204923, 36.191520899899999 ], [ -115.204923, 36.1915100999 ], [ -115.2049257, 36.1915100999 ], [ -115.2049257, 36.191507399899997 ], [ -115.2049338, 36.191507399899997 ], [ -115.2049338, 36.191504699900001 ], [ -115.20495, 36.191504699900001 ], [ -115.20495, 36.191507399899997 ], [ -115.204977, 36.191507399899997 ], [ -115.204977, 36.191504699900001 ], [ -115.2049959, 36.191504699900001 ], [ -115.2049959, 36.191501999899998 ], [ -115.205058, 36.191501999899998 ], [ -115.205058, 36.191504699900001 ], [ -115.2050607, 36.191504699900001 ], [ -115.2050607, 36.191507399899997 ], [ -115.2050634, 36.191507399899997 ], [ -115.2050634, 36.191515499899999 ], [ -115.2050661, 36.191515499899999 ], [ -115.2050661, 36.191542499899995 ], [ -115.2050688, 36.191542499899995 ], [ -115.2050688, 36.191564099899999 ], [ -115.2050661, 36.191564099899999 ], [ -115.2050661, 36.1915775999 ], [ -115.2050634, 36.1915775999 ], [ -115.2050634, 36.191580299899996 ], [ -115.205058, 36.191580299899996 ], [ -115.205058, 36.1915829999 ], [ -115.2050553, 36.1915829999 ], [ -115.2050553, 36.191588399899999 ], [ -115.2050526, 36.191588399899999 ], [ -115.2050526, 36.191591099900002 ], [ -115.2050553, 36.191591099900002 ], [ -115.2050553, 36.191599199899997 ], [ -115.205058, 36.191599199899997 ], [ -115.205058, 36.191747699899999 ], [ -115.2050553, 36.191747699899999 ], [ -115.2050553, 36.191753099899998 ], [ -115.205058, 36.191753099899998 ], [ -115.205058, 36.191788199899996 ], [ -115.2050607, 36.191788199899996 ], [ -115.2050607, 36.191831399899996 ], [ -115.205058, 36.191831399899996 ], [ -115.205058, 36.191834099899999 ], [ -115.2050418, 36.191834099899999 ], [ -115.2050418, 36.191836799899995 ], [ -115.2050202, 36.191836799899995 ], [ -115.2050202, 36.191839499899999 ], [ -115.2049851, 36.191839499899999 ], [ -115.2049851, 36.191842199900002 ] ] ] } },
{ "type": "Feature", "properties": { "value": 255.0 }, "geometry": { "type": "Polygon", "coordinates": [ [ [ -115.2053145, 36.191836799899995 ], [ -115.2052308, 36.191836799899995 ], [ -115.2052308, 36.191834099899999 ], [ -115.2051849, 36.191834099899999 ], [ -115.2051849, 36.191831399899996 ], [ -115.2051822, 36.191831399899996 ], [ -115.2051822, 36.191790899899999 ], [ -115.2051795, 36.191790899899999 ], [ -115.2051795, 36.191699099899999 ], [ -115.2051768, 36.191699099899999 ], [ -115.2051768, 36.191631599899999 ], [ -115.2051741, 36.191631599899999 ], [ -115.2051741, 36.191609999899995 ], [ -115.2051714, 36.191609999899995 ], [ -115.2051714, 36.191593799899998 ], [ -115.2051741, 36.191593799899998 ], [ -115.2051741, 36.191542499899995 ], [ -115.2051714, 36.191542499899995 ], [ -115.2051714, 36.191507399899997 ], [ -115.2051741, 36.191507399899997 ], [ -115.2051741, 36.191501999899998 ], [ -115.2051768, 36.191501999899998 ], [ -115.2051768, 36.191499299899995 ], [ -115.2052173, 36.191499299899995 ], [ -115.2052173, 36.191501999899998 ], [ -115.2052416, 36.191501999899998 ], [ -115.2052416, 36.191504699900001 ], [ -115.2052767, 36.191504699900001 ], [ -115.2052767, 36.191501999899998 ], [ -115.2052956, 36.191501999899998 ], [ -115.2052956, 36.191504699900001 ], [ -115.2053064, 36.191504699900001 ], [ -115.2053064, 36.191507399899997 ], [ -115.2053091, 36.191507399899997 ], [ -115.2053091, 36.191528999900001 ], [ -115.2053118, 36.191528999900001 ], [ -115.2053118, 36.191537099899996 ], [ -115.2053091, 36.191537099899996 ], [ -115.2053091, 36.191591099900002 ], [ -115.2053118, 36.191591099900002 ], [ -115.2053118, 36.191704499899998 ], [ -115.2053145, 36.191704499899998 ], [ -115.2053145, 36.191807099899997 ], [ -115.2053172, 36.191807099899997 ], [ -115.2053172, 36.191831399899996 ], [ -115.2053145, 36.191831399899996 ], [ -115.2053145, 36.191836799899995 ] ] ] } }
]
}
