{
"type": "FeatureCollection",
"crs": { "type": "name", "properties": { "name": "urn:ogc:def:crs:OGC:1.3:CRS84" } },
"features": [
{ "type": "Feature", "properties": { "value": 255.0 }, "geometry": { "type": "Polygon", "coordinates": [ [ [ -115.2989667, 36.184457699799999 ], [ -115.298856, 36.184457699799999 ], [ -115.298856, 36.184454999799996 ], [ -115.2988614, 36.184454999799996 ], [ -115.2988614, 36.1844522998 ], [ -115.2988776, 36.1844522998 ], [ -115.2988776, 36.184449599799997 ], [ -115.298883, 36.184449599799997 ], [ -115.298883, 36.184446899800001 ], [ -115.2988992, 36.184446899800001 ], [ -115.2988992, 36.184444199799998 ], [ -115.2989127, 36.184444199799998 ], [ -115.2989127, 36.184441499800002 ], [ -115.2989208, 36.184441499800002 ], [ -115.2989208, 36.184438799799999 ], [ -115.2989262, 36.184438799799999 ], [ -115.2989262, 36.184436099800003 ], [ -115.2989505, 36.184436099800003 ], [ -115.2989505, 36.184438799799999 ], [ -115.2989559, 36.184438799799999 ], [ -115.2989559, 36.184441499800002 ], [ -115.2989613, 36.184441499800002 ], [ -115.2989613, 36.184444199799998 ], [ -115.298964, 36.184444199799998 ], [ -115.298964, 36.184449599799997 ], [ -115.2989667, 36.184449599799997 ], [ -115.2989667, 36.184457699799999 ] ] ] } },
{ "type": "Feature", "properties": { "value": 255.0 }, "geometry": { "type": "Polygon", "coordinates": [ [ [ -115.2996147, 36.184457699799999 ], [ -115.2994473, 36.184457699799999 ], [ -115.2994473, 36.184449599799997 ], [ -115.29945, 36.184449599799997 ], [ -115.29945, 36.184444199799998 ], [ -115.2994527, 36.184444199799998 ], [ -115.2994527, 36.184441499800002 ], [ -115.2994554, 36.184441499800002 ], [ -115.2994554, 36.184438799799999 ], [ -115.2994608, 36.184438799799999 ], [ -115.2994608, 36.184436099800003 ], [ -115.2994662, 36.184436099800003 ], [ -115.2994662, 36.1844333998 ], [ -115.2994716, 36.1844333998 ], [ -115.2994716, 36.184430699799996 ], [ -115.2994743, 36.184430699799996 ], [ -115.2994743, 36.1844279998 ], [ -115.299477, 36.1844279998 ], [ -115.299477, 36.184425299799997 ], [ -115.2994797, 36.184425299799997 ], [ -115.2994797, 36.184422599800001 ], [ -115.2994824, 36.184422599800001 ], [ -115.2994824, 36.184419899799998 ], [ -115.2994851, 36.184419899799998 ], [ -115.2994851, 36.184417199800002 ], [ -115.2994878, 36.184417199800002 ], [ -115.2994878, 36.184414499799999 ], [ -115.2994905, 36.184414499799999 ], [ -115.2994905, 36.184411799799996 ], [ -115.2994932, 36.184411799799996 ], [ -115.2994932, 36.1844090998 ], [ -115.2994986, 36.1844090998 ], [ -115.2994986, 36.184406399799997 ], [ -115.2995013, 36.184406399799997 ], [ -115.2995013, 36.184403699800001 ], [ -115.2995067, 36.184403699800001 ], [ -115.2995067, 36.184400999799998 ], [ -115.2995094, 36.184400999799998 ], [ -115.2995094, 36.184398299800002 ], [ -115.2995148, 36.184398299800002 ], [ -115.2995148, 36.184395599799998 ], [ -115.2995283, 36.184395599799998 ], [ -115.2995283, 36.184392899800002 ], [ -115.299531, 36.184392899800002 ], [ -115.299531, 36.184390199799999 ], [ -115.2995337, 36.184390199799999 ], [ -115.2995337, 36.184387499799996 ], [ -115.2995364, 36.184387499799996 ], [ -115.2995364, 36.1843847998 ], [ -115.2995445, 36.1843847998 ], [ -115.2995445, 36.184382099799997 ], [ -115.2995472, 36.184382099799997 ], [ -115.2995472, 36.1843847998 ], [ -115.299558, 36.1843847998 ], [ -115.299558, 36.184387499799996 ], [ -115.2995607, 36.184387499799996 ], [ -115.2995607, 36.184390199799999 ], [ -115.2995661, 36.184390199799999 ], [ -115.2995661, 36.184395599799998 ], [ -115.2995688, 36.184395599799998 ], [ -115.2995688, 36.184400999799998 ], [ -115.2995715, 36.184400999799998 ], [ -115.2995715, 36.184406399799997 ], [ -115.2995688, 36.184406399799997 ], [ -115.2995688, 36.184411799799996 ], [ -115.2995661, 36.184411799799996 ], [ -115.2995661, 36.184414499799999 ], [ -115.2995688, 36.184414499799999 ], [ -115.2995688, 36.184417199800002 ], [ -115.2995742, 36.184417199800002 ], [ -115.2995742, 36.184419899799998 ], [ -115.299585, 36.184419899799998 ], [ -115.299585, 36.184422599800001 ], [ -115.2995931, 36.184422599800001 ], [ -115.2995931, 36.184425299799997 ], [ -115.2995985, 36.184425299799997 ], [ -115.2995985, 36.1844279998 ], [ -115.2996039, 36.1844279998 ], [ -115.2996039, 36.184430699799996 ], [ -115.2996066, 36.184430699799996 ], [ -115.2996066, 36.1844333998 ], [ -115.2996093, 36.1844333998 ], [ -115.2996093, 36.184438799799999 ], [ -115.299612, 36.184438799799999 ], [ -115.299612, 36.184454999799996 ], [ -115.2996147, 36.184454999799996 ], [ -115.2996147, 36.184457699799999 ] ] ] } },
{ "type": "Feature", "properties": { "value": 255.0 }, "geometry": { "type": "Polygon", "coordinates": [ [ [ -115.3004679, 36.184457699799999 ], [ -115.3003464, 36.184457699799999 ], [ -115.3003464, 36.1844522998 ], [ -115.3003491, 36.1844522998 ], [ -115.3003491, 36.184446899800001 ], [ -115.3003518, 36.184446899800001 ], [ -115.3003518, 36.184444199799998 ], [ -115.3003545, 36.184444199799998 ], [ -115.3003545, 36.184441499800002 ], [ -115.3003572, 36.184441499800002 ], [ -115.3003572, 36.184438799799999 ], [ -115.3003599, 36.184438799799999 ], [ -115.3003599, 36.184436099800003 ], [ -115.3003626, 36.184436099800003 ], [ -115.3003626, 36.1844333998 ], [ -115.3003653, 36.1844333998 ], [ -115.3003653, 36.184430699799996 ], [ -115.300368, 36.184430699799996 ], [ -115.300368, 36.1844279998 ], [ -115.3003707, 36.1844279998 ], [ -115.3003707, 36.184425299799997 ], [ -115.3003734, 36.184425299799997 ], [ -115.3003734, 36.184422599800001 ], [ -115.3003761, 36.184422599800001 ], [ -115.3003761, 36.184417199800002 ], [ -115.3003788, 36.184417199800002 ], [ -115.3003788, 36.184414499799999 ], [ -115.3003815, 36.184414499799999 ], [ -115.3003815, 36.184411799799996 ], [ -115.3003842, 36.184411799799996 ], [ -115.3003842, 36.184406399799997 ], [ -115.3003869, 36.184406399799997 ], [ -115.3003869, 36.184400999799998 ], [ -115.3003896, 36.184400999799998 ], [ -115.3003896, 36.184398299800002 ], [ -115.3003923, 36.184398299800002 ], [ -115.3003923, 36.184395599799998 ], [ -115.300395, 36.184395599799998 ], [ -115.300395, 36.184392899800002 ], [ -115.3003977, 36.184392899800002 ], [ -115.3003977, 36.184390199799999 ], [ -115.3004004, 36.184390199799999 ], [ -115.3004004, 36.1843847998 ], [ -115.3004031, 36.1843847998 ], [ -115.3004031, 36.184382099799997 ], [ -115.3004058, 36.184382099799997 ], [ -115.3004058, 36.184379399800001 ], [ -115.3004085, 36.184379399800001 ], [ -115.3004085, 36.184376699799998 ], [ -115.3004112, 36.184376699799998 ], [ -115.3004112, 36.184373999800002 ], [ -115.3004139, 36.184373999800002 ], [ -115.3004139, 36.184371299799999 ], [ -115.3004166, 36.184371299799999 ], [ -115.3004166, 36.184368599800003 ], [ -115.3004193, 36.184368599800003 ], [ -115.3004193, 36.1843658998 ], [ -115.300422, 36.1843658998 ], [ -115.300422, 36.184363199799996 ], [ -115.3004247, 36.184363199799996 ], [ -115.3004247, 36.1843604998 ], [ -115.3004301, 36.1843604998 ], [ -115.3004301, 36.184357799799997 ], [ -115.3004517, 36.184357799799997 ], [ -115.3004517, 36.1843604998 ], [ -115.3004571, 36.1843604998 ], [ -115.3004571, 36.184363199799996 ], [ -115.3004598, 36.184363199799996 ], [ -115.3004598, 36.1843658998 ], [ -115.3004625, 36.1843658998 ], [ -115.3004625, 36.184368599800003 ], [ -115.3004652, 36.184368599800003 ], [ -115.3004652, 36.184371299799999 ], [ -115.3004706, 36.184371299799999 ], [ -115.3004706, 36.184373999800002 ], [ -115.3004787, 36.184373999800002 ], [ -115.3004787, 36.184376699799998 ], [ -115.3004814, 36.184376699799998 ], [ -115.3004814, 36.184379399800001 ], [ -115.3004841, 36.184379399800001 ], [ -115.3004841, 36.184382099799997 ], [ -115.3004868, 36.184382099799997 ], [ -115.3004868, 36.184390199799999 ], [ -115.3004895, 36.184390199799999 ], [ -115.3004895, 36.184403699800001 ], [ -115.3004868, 36.184403699800001 ], [ -115.3004868, 36.184411799799996 ], [ -115.3004841, 36.184411799799996 ], [ -115.3004841, 36.184417199800002 ], [ -115.3004814, 36.184417199800002 ], [ -115.3004814, 36.184422599800001 ], [ -115.3004787, 36.184422599800001 ], [ -115.3004787, 36.184438799799999 ], [ -115.300476, 36.184438799799999 ], [ -115.300476, 36.184444199799998 ], [ -115.3004733, 36.184444199799998 ], [ -115.3004733, 36.184446899800001 ], [ -115.3004706, 36.184446899800001 ], [ -115.3004706, 36.1844522998 ], [ -115.3004679, 36.1844522998 ], [ -115.3004679, 36.184457699799999 ] ] ] } },
{ "type": "Feature", "properties": { "value": 255.0 }, "geometry": { "type": "Polygon", "coordinates": [ [ [ -115.2987858, 36.184457699799999 ], [ -115.2987426, 36.184457699799999 ], [ -115.2987426, 36.184346999799999 ], [ -115.298748, 36.184346999799999 ], [ -115.298748, 36.184344299799996 ], [ -115.2987588, 36.184344299799996 ], [ -115.2987588, 36.1843415998 ], [ -115.2987696, 36.1843415998 ], [ -115.2987696, 36.184338899799997 ], [ -115.2987777, 36.184338899799997 ], [ -115.2987777, 36.1843415998 ], [ -115.2987804, 36.1843415998 ], [ -115.2987804, 36.184344299799996 ], [ -115.2987831, 36.184344299799996 ], [ -115.2987831, 36.184346999799999 ], [ -115.2987858, 36.184346999799999 ], [ -115.2987858, 36.184349699800002 ], [ -115.2987993, 36.184349699800002 ], [ -115.2987993, 36.184346999799999 ], [ -115.2988047, 36.184346999799999 ], [ -115.2988047, 36.184344299799996 ], [ -115.2988128, 36.184344299799996 ], [ -115.2988128, 36.1843415998 ], [ -115.2988263, 36.1843415998 ], [ -115.2988263, 36.184338899799997 ], [ -115.2988506, 36.184338899799997 ], [ -115.2988506, 36.1843415998 ], [ -115.2988533, 36.1843415998 ], [ -115.2988533, 36.184344299799996 ], [ -115.298856, 36.184344299799996 ], [ -115.298856, 36.184346999799999 ], [ -115.2988587, 36.184346999799999 ], [ -115.2988587, 36.184352399799998 ], [ -115.2988614, 36.184352399799998 ], [ -115.2988614, 36.184357799799997 ], [ -115.2988641, 36.184357799799997 ], [ -115.2988641, 36.1843604998 ], [ -115.2988668, 36.1843604998 ], [ -115.2988668, 36.184363199799996 ], [ -115.2988695, 36.184363199799996 ], [ -115.2988695, 36.184368599800003 ], [ -115.2988722, 36.184368599800003 ], [ -115.2988722, 36.1843847998 ], [ -115.2988695, 36.1843847998 ], [ -115.2988695, 36.184395599799998 ], [ -115.2988668, 36.184395599799998 ], [ -115.2988668, 36.184398299800002 ], [ -115.2988614, 36.184398299800002 ], [ -115.2988614, 36.184400999799998 ], [ -115.2988587, 36.184400999799998 ], [ -115.2988587, 36.184403699800001 ], [ -115.298856, 36.184403699800001 ], [ -115.298856, 36.184406399799997 ], [ -115.2988506, 36.184406399799997 ], [ -115.2988506, 36.1844090998 ], [ -115.2988479, 36.1844090998 ], [ -115.2988479, 36.184411799799996 ], [ -115.2988425, 36.184411799799996 ], [ -115.2988425, 36.184414499799999 ], [ -115.2988371, 36.184414499799999 ], [ -115.2988371, 36.184417199800002 ], [ -115.2988344, 36.184417199800002 ], [ -115.2988344, 36.184419899799998 ], [ -115.298829, 36.184419899799998 ], [ -115.298829, 36.184422599800001 ], [ -115.2988263, 36.184422599800001 ], [ -115.2988263, 36.184425299799997 ], [ -115.2988236, 36.184425299799997 ], [ -115.2988236, 36.1844279998 ], [ -115.2988209, 36.1844279998 ], [ -115.2988209, 36.184430699799996 ], [ -115.2988155, 36.184430699799996 ], [ -115.2988155, 36.1844333998 ], [ -115.2988128, 36.1844333998 ], [ -115.2988128, 36.184436099800003 ], [ -115.2988101, 36.184436099800003 ], [ -115.2988101, 36.184438799799999 ], [ -115.2988047, 36.184438799799999 ], [ -115.2988047, 36.184441499800002 ], [ -115.298802, 36.184441499800002 ], [ -115.298802, 36.184444199799998 ], [ -115.2987966, 36.184444199799998 ], [ -115.2987966, 36.184446899800001 ], [ -115.2987939, 36.184446899800001 ], [ -115.2987939, 36.184449599799997 ], [ -115.2987885, 36.184449599799997 ], [ -115.2987885, 36.1844522998 ], [ -115.2987858, 36.1844522998 ], [ -115.2987858, 36.184457699799999 ] ] ] } },
{ "type": "Feature", "properties": { "value": 255.0 }, "geometry": { "type": "Polygon", "coordinates": [ [ [ -115.3002816, 36.1844522998 ], [ -115.3002681, 36.1844522998 ], [ -115.3002681, 36.184449599799997 ], [ -115.3002654, 36.184449599799997 ], [ -115.3002654, 36.184446899800001 ], [ -115.3002627, 36.184446899800001 ], [ -115.3002627, 36.184444199799998 ], [ -115.3002519, 36.184444199799998 ], [ -115.3002519, 36.184441499800002 ], [ -115.3002465, 36.184441499800002 ], [ -115.3002465, 36.184438799799999 ], [ -115.3002411, 36.184438799799999 ], [ -115.3002411, 36.184436099800003 ], [ -115.3002357, 36.184436099800003 ], [ -115.3002357, 36.1844333998 ], [ -115.3002303, 36.1844333998 ], [ -115.3002303, 36.184430699799996 ], [ -115.3002249, 36.184430699799996 ], [ -115.3002249, 36.1844279998 ], [ -115.3002222, 36.1844279998 ], [ -115.3002222, 36.184425299799997 ], [ -115.3002195, 36.184425299799997 ], [ -115.3002195, 36.184422599800001 ], [ -115.3002168, 36.184422599800001 ], [ -115.3002168, 36.184414499799999 ], [ -115.3002195, 36.184414499799999 ], [ -115.3002195, 36.184411799799996 ], [ -115.3002222, 36.184411799799996 ], [ -115.3002222, 36.1844090998 ], [ -115.3002249, 36.1844090998 ], [ -115.3002249, 36.184406399799997 ], [ -115.3002276, 36.184406399799997 ], [ -115.3002276, 36.184403699800001 ], [ -115.3002303, 36.184403699800001 ], [ -115.3002303, 36.184400999799998 ], [ -115.300233, 36.184400999799998 ], [ -115.300233, 36.184398299800002 ], [ -115.3002357, 36.184398299800002 ], [ -115.3002357, 36.184395599799998 ], [ -115.3002411, 36.184395599799998 ], [ -115.3002411, 36.184392899800002 ], [ -115.3002492, 36.184392899800002 ], [ -115.3002492, 36.184390199799999 ], [ -115.3002519, 36.184390199799999 ], [ -115.3002519, 36.1843847998 ], [ -115.3002546, 36.1843847998 ], [ -115.3002546, 36.184379399800001 ], [ -115.3002573, 36.184379399800001 ], [ -115.3002573, 36.184373999800002 ], [ -115.30026, 36.184373999800002 ], [ -115.30026, 36.184371299799999 ], [ -115.3002627, 36.184371299799999 ], [ -115.3002627, 36.184368599800003 ], [ -115.3002654, 36.184368599800003 ], [ -115.3002654, 36.1843658998 ], [ -115.3002681, 36.1843658998 ], [ -115.3002681, 36.184363199799996 ], [ -115.3002708, 36.184363199799996 ], [ -115.3002708, 36.1843604998 ], [ -115.3002735, 36.1843604998 ], [ -115.3002735, 36.184357799799997 ], [ -115.3002762, 36.184357799799997 ], [ -115.3002762, 36.184352399799998 ], [ -115.3002789, 36.184352399799998 ], [ -115.3002789, 36.184349699800002 ], [ -115.3002816, 36.184349699800002 ], [ -115.3002816, 36.184346999799999 ], [ -115.3002843, 36.184346999799999 ], [ -115.3002843, 36.184344299799996 ], [ -115.300287, 36.184344299799996 ], [ -115.300287, 36.1843415998 ], [ -115.3002897, 36.1843415998 ], [ -115.3002897, 36.184338899799997 ], [ -115.3002924, 36.184338899799997 ], [ -115.3002924, 36.184336199800001 ], [ -115.3002978, 36.184336199800001 ], [ -115.3002978, 36.184333499799997 ], [ -115.3003005, 36.184333499799997 ], [ -115.3003005, 36.184328099799998 ], [ -115.3003032, 36.184328099799998 ], [ -115.3003032, 36.184322699799999 ], [ -115.3003059, 36.184322699799999 ], [ -115.3003059, 36.1843172998 ], [ -115.3003086, 36.1843172998 ], [ -115.3003086, 36.184314599799997 ], [ -115.3003113, 36.184314599799997 ], [ -115.3003113, 36.184311899800001 ], [ -115.3003167, 36.184311899800001 ], [ -115.3003167, 36.184309199799998 ], [ -115.3003275, 36.184309199799998 ], [ -115.3003275, 36.184306499800002 ], [ -115.300341, 36.184306499800002 ], [ -115.300341, 36.184309199799998 ], [ -115.3003437, 36.184309199799998 ], [ -115.3003437, 36.184311899800001 ], [ -115.3003491, 36.184311899800001 ], [ -115.3003491, 36.184314599799997 ], [ -115.3003572, 36.184314599799997 ], [ -115.3003572, 36.1843172998 ], [ -115.3003626, 36.1843172998 ], [ -115.3003626, 36.184319999799996 ], [ -115.3003653, 36.184319999799996 ], [ -115.3003653, 36.184322699799999 ], [ -115.3003734, 36.184322699799999 ], [ -115.3003734, 36.184325399800002 ], [ -115.3003842, 36.184325399800002 ], [ -115.3003842, 36.184328099799998 ], [ -115.3003869, 36.184328099799998 ], [ -115.3003869, 36.184330799800001 ], [ -115.3003896, 36.184330799800001 ], [ -115.3003896, 36.184333499799997 ], [ -115.3003869, 36.184333499799997 ], [ -115.3003869, 36.184338899799997 ], [ -115.3003842, 36.184338899799997 ], [ -115.3003842, 36.1843415998 ], [ -115.3003815, 36.1843415998 ], [ -115.3003815, 36.184344299799996 ], [ -115.3003788, 36.184344299799996 ], [ -115.3003788, 36.184346999799999 ], [ -115.3003761, 36.184346999799999 ], [ -115.3003761, 36.184349699800002 ], [ -115.3003734, 36.184349699800002 ], [ -115.3003734, 36.184355099800001 ], [ -115.3003707, 36.184355099800001 ], [ -115.3003707, 36.1843604998 ], [ -115.300368, 36.1843604998 ], [ -115.300368, 36.184373999800002 ], [ -115.3003707, 36.184373999800002 ], [ -115.3003707, 36.184376699799998 ], [ -115.300368, 36.184376699799998 ], [ -115.300368, 36.184392899800002 ], [ -115.3003653, 36.184392899800002 ], [ -115.3003653, 36.184395599799998 ], [ -115.3003626, 36.184395599799998 ], [ -115.3003626, 36.184398299800002 ], [ -115.3003599, 36.184398299800002 ], [ -115.3003599, 36.184403699800001 ], [ -115.3003572, 36.184403699800001 ], [ -115.3003572, 36.184406399799997 ], [ -115.3003545, 36.184406399799997 ], [ -115.3003545, 36.1844090998 ], [ -115.3003518, 36.1844090998 ], [ -115.3003518, 36.184414499799999 ], [ -115.3003491, 36.184414499799999 ], [ -115.3003491, 36.184417199800002 ], [ -115.3003437, 36.184417199800002 ], [ -115.3003437, 36.184419899799998 ], [ -115.300341, 36.184419899799998 ], [ -115.300341, 36.184422599800001 ], [ -115.3003383, 36.184422599800001 ], [ -115.3003383, 36.184425299799997 ], [ -115.3003356, 36.184425299799997 ], [ -115.3003356, 36.1844279998 ], [ -115.3003329, 36.1844279998 ], [ -115.3003329, 36.184430699799996 ], [ -115.3003302, 36.184430699799996 ], [ -115.3003302, 36.1844333998 ], [ -115.3003275, 36.1844333998 ], [ -115.3003275, 36.184436099800003 ], [ -115.3003221, 36.184436099800003 ], [ -115.3003221, 36.184438799799999 ], [ -115.300314, 36.184438799799999 ], [ -115.300314, 36.184436099800003 ], [ -115.3002897, 36.184436099800003 ], [ -115.3002897, 36.184438799799999 ], [ -115.300287, 36.184438799799999 ], [ -115.300287, 36.184441499800002 ], [ -115.3002843, 36.184441499800002 ], [ -115.3002843, 36.184446899800001 ], [ -115.3002816, 36.184446899800001 ], [ -115.3002816, 36.1844522998 ] ] ] } },
{ "type": "Feature", "properties": { "value": 255.0 }, "geometry": { "type": "Polygon", "coordinates": [ [ [ -115.2993582, 36.184457699799999 ], [ -115.2992853, 36.184457699799999 ], [ -115.2992853, 36.1844522998 ], [ -115.2992826, 36.1844522998 ], [ -115.2992826, 36.184446899800001 ], [ -115.2992799, 36.184446899800001 ], [ -115.2992799, 36.184444199799998 ], [ -115.2992772, 36.184444199799998 ], [ -115.2992772, 36.184441499800002 ], [ -115.2992745, 36.184441499800002 ], [ -115.2992745, 36.184438799799999 ], [ -115.2992718, 36.184438799799999 ], [ -115.2992718, 36.184436099800003 ], [ -115.2992691, 36.184436099800003 ], [ -115.2992691, 36.184425299799997 ], [ -115.2992718, 36.184425299799997 ], [ -115.2992718, 36.184422599800001 ], [ -115.2992772, 36.184422599800001 ], [ -115.2992772, 36.184419899799998 ], [ -115.2992799, 36.184419899799998 ], [ -115.2992799, 36.1844090998 ], [ -115.2992772, 36.1844090998 ], [ -115.2992772, 36.184403699800001 ], [ -115.2992745, 36.184403699800001 ], [ -115.2992745, 36.184400999799998 ], [ -115.2992718, 36.184400999799998 ], [ -115.2992718, 36.184387499799996 ], [ -115.2992772, 36.184387499799996 ], [ -115.2992772, 36.1843847998 ], [ -115.2992799, 36.1843847998 ], [ -115.2992799, 36.184382099799997 ], [ -115.299288, 36.184382099799997 ], [ -115.299288, 36.184379399800001 ], [ -115.2992934, 36.184379399800001 ], [ -115.2992934, 36.184376699799998 ], [ -115.2992988, 36.184376699799998 ], [ -115.2992988, 36.184373999800002 ], [ -115.2993015, 36.184373999800002 ], [ -115.2993015, 36.184371299799999 ], [ -115.2993042, 36.184371299799999 ], [ -115.2993042, 36.184368599800003 ], [ -115.2993096, 36.184368599800003 ], [ -115.2993096, 36.1843658998 ], [ -115.2993123, 36.1843658998 ], [ -115.2993123, 36.184363199799996 ], [ -115.2993177, 36.184363199799996 ], [ -115.2993177, 36.1843604998 ], [ -115.2993204, 36.1843604998 ], [ -115.2993204, 36.184357799799997 ], [ -115.2993231, 36.184357799799997 ], [ -115.2993231, 36.184355099800001 ], [ -115.2993258, 36.184355099800001 ], [ -115.2993258, 36.184349699800002 ], [ -115.2993285, 36.184349699800002 ], [ -115.2993285, 36.184346999799999 ], [ -115.2993312, 36.184346999799999 ], [ -115.2993312, 36.184344299799996 ], [ -115.2993339, 36.184344299799996 ], [ -115.2993339, 36.1843415998 ], [ -115.2993366, 36.1843415998 ], [ -115.2993366, 36.184338899799997 ], [ -115.299342, 36.184338899799997 ], [ -115.299342, 36.184336199800001 ], [ -115.2993474, 36.184336199800001 ], [ -115.2993474, 36.184333499799997 ], [ -115.2993528, 36.184333499799997 ], [ -115.2993528, 36.184330799800001 ], [ -115.2993582, 36.184330799800001 ], [ -115.2993582, 36.184328099799998 ], [ -115.2993636, 36.184328099799998 ], [ -115.2993636, 36.184325399800002 ], [ -115.2993663, 36.184325399800002 ], [ -115.2993663, 36.184322699799999 ], [ -115.2993717, 36.184322699799999 ], [ -115.2993717, 36.184319999799996 ], [ -115.2993744, 36.184319999799996 ], [ -115.2993744, 36.1843172998 ], [ -115.2993798, 36.1843172998 ], [ -115.2993798, 36.184314599799997 ], [ -115.2993852, 36.184314599799997 ], [ -115.2993852, 36.184311899800001 ], [ -115.2993879, 36.184311899800001 ], [ -115.2993879, 36.184309199799998 ], [ -115.2993933, 36.184309199799998 ], [ -115.2993933, 36.184306499800002 ], [ -115.299396, 36.184306499800002 ], [ -115.299396, 36.184303799799999 ], [ -115.2994014, 36.184303799799999 ], [ -115.2994014, 36.184301099800003 ], [ -115.2994041, 36.184301099800003 ], [ -115.2994041, 36.184298399799999 ], [ -115.2994068, 36.184298399799999 ], [ -115.2994068, 36.184295699799996 ], [ -115.2994095, 36.184295699799996 ], [ -115.2994095, 36.1842929998 ], [ -115.2994122, 36.1842929998 ], [ -115.2994122, 36.184290299799997 ], [ -115.2994176, 36.184290299799997 ], [ -115.2994176, 36.184287599800001 ], [ -115.2994203, 36.184287599800001 ], [ -115.2994203, 36.184284899799998 ], [ -115.2994284, 36.184284899799998 ], [ -115.2994284, 36.184287599800001 ], [ -115.2994365, 36.184287599800001 ], [ -115.2994365, 36.184290299799997 ], [ -115.2994473, 36.184290299799997 ], [ -115.2994473, 36.1842929998 ], [ -115.2994527, 36.1842929998 ], [ -115.2994527, 36.184295699799996 ], [ -115.2994554, 36.184295699799996 ], [ -115.2994554, 36.184298399799999 ], [ -115.2994581, 36.184298399799999 ], [ -115.2994581, 36.184301099800003 ], [ -115.2994608, 36.184301099800003 ], [ -115.2994608, 36.184306499800002 ], [ -115.2994635, 36.184306499800002 ], [ -115.2994635, 36.184322699799999 ], [ -115.2994662, 36.184322699799999 ], [ -115.2994662, 36.184328099799998 ], [ -115.2994689, 36.184328099799998 ], [ -115.2994689, 36.184330799800001 ], [ -115.2994716, 36.184330799800001 ], [ -115.2994716, 36.184333499799997 ], [ -115.2994743, 36.184333499799997 ], [ -115.2994743, 36.184336199800001 ], [ -115.299477, 36.184336199800001 ], [ -115.299477, 36.184338899799997 ], [ -115.2994797, 36.184338899799997 ], [ -115.2994797, 36.1843415998 ], [ -115.2994824, 36.1843415998 ], [ -115.2994824, 36.184346999799999 ], [ -115.2994851, 36.184346999799999 ], [ -115.2994851, 36.184357799799997 ], [ -115.2994878, 36.184357799799997 ], [ -115.2994878, 36.1843604998 ], [ -115.2994851, 36.1843604998 ], [ -115.2994851, 36.1843658998 ], [ -115.2994824, 36.1843658998 ], [ -115.2994824, 36.184368599800003 ], [ -115.299477, 36.184368599800003 ], [ -115.299477, 36.184371299799999 ], [ -115.2994743, 36.184371299799999 ], [ -115.2994743, 36.184373999800002 ], [ -115.2994716, 36.184373999800002 ], [ -115.2994716, 36.184376699799998 ], [ -115.2994662, 36.184376699799998 ], [ -115.2994662, 36.184379399800001 ], [ -115.2994635, 36.184379399800001 ], [ -115.2994635, 36.184382099799997 ], [ -115.2994608, 36.184382099799997 ], [ -115.2994608, 36.1843847998 ], [ -115.2994581, 36.1843847998 ], [ -115.2994581, 36.184387499799996 ], [ -115.2994527, 36.184387499799996 ], [ -115.2994527, 36.184390199799999 ], [ -115.29945, 36.184390199799999 ], [ -115.29945, 36.184392899800002 ], [ -115.2994473, 36.184392899800002 ], [ -115.2994473, 36.184395599799998 ], [ -115.2994419, 36.184395599799998 ], [ -115.2994419, 36.184398299800002 ], [ -115.2994392, 36.184398299800002 ], [ -115.2994392, 36.184400999799998 ], [ -115.2994338, 36.184400999799998 ], [ -115.2994338, 36.184403699800001 ], [ -115.2994311, 36.184403699800001 ], [ -115.2994311, 36.184406399799997 ], [ -115.2994257, 36.184406399799997 ], [ -115.2994257, 36.1844090998 ], [ -115.299423, 36.1844090998 ], [ -115.299423, 36.184411799799996 ], [ -115.2994176, 36.184411799799996 ], [ -115.2994176, 36.184414499799999 ], [ -115.2994149, 36.184414499799999 ], [ -115.2994149, 36.184417199800002 ], [ -115.2994122, 36.184417199800002 ], [ -115.2994122, 36.184419899799998 ], [ -115.2994068, 36.184419899799998 ], [ -115.2994068, 36.184422599800001 ], [ -115.2994041, 36.184422599800001 ], [ -115.2994041, 36.184425299799997 ], [ -115.2993987, 36.184425299799997 ], [ -115.2993987, 36.1844279998 ], [ -115.2993933, 36.1844279998 ], [ -115.2993933, 36.184430699799996 ], [ -115.2993906, 36.184430699799996 ], [ -115.2993906, 36.1844333998 ], [ -115.2993879, 36.1844333998 ], [ -115.2993879, 36.184436099800003 ], [ -115.2993852, 36.184436099800003 ], [ -115.2993852, 36.184438799799999 ], [ -115.2993825, 36.184438799799999 ], [ -115.2993825, 36.184441499800002 ], [ -115.2993771, 36.184441499800002 ], [ -115.2993771, 36.184444199799998 ], [ -115.2993717, 36.184444199799998 ], [ -115.2993717, 36.184446899800001 ], [ -115.2993663, 36.184446899800001 ], [ -115.2993663, 36.184449599799997 ], [ -115.2993636, 36.184449599799997 ], [ -115.2993636, 36.1844522998 ], [ -115.2993582, 36.1844522998 ], [ -115.2993582, 36.184457699799999 ] ] ] } },
{ "type": "Feature", "properties": { "value": 255.0 }, "geometry": { "type": "Polygon", "coordinates": [ [ [ -115.2992259, 36.184373999800002 ], [ -115.299207, 36.184373999800002 ], [ -115.299207, 36.184371299799999 ], [ -115.2992016, 36.184371299799999 ], [ -115.2992016, 36.184368599800003 ], [ -115.2991962, 36.184368599800003 ], [ -115.2991962, 36.1843658998 ], [ -115.2991935, 36.1843658998 ], [ -115.2991935, 36.184363199799996 ], [ -115.2991908, 36.184363199799996 ], [ -115.2991908, 36.1843604998 ], [ -115.2991881, 36.1843604998 ], [ -115.2991881, 36.184357799799997 ], [ -115.2991854, 36.184357799799997 ], [ -115.2991854, 36.184352399799998 ], [ -115.2991827, 36.184352399799998 ], [ -115.2991827, 36.1843415998 ], [ -115.2991854, 36.1843415998 ], [ -115.2991854, 36.184338899799997 ], [ -115.2991881, 36.184338899799997 ], [ -115.2991881, 36.184336199800001 ], [ -115.2991935, 36.184336199800001 ], [ -115.2991935, 36.184333499799997 ], [ -115.2991962, 36.184333499799997 ], [ -115.2991962, 36.184330799800001 ], [ -115.2991989, 36.184330799800001 ], [ -115.2991989, 36.184328099799998 ], [ -115.2992016, 36.184328099799998 ], [ -115.2992016, 36.184325399800002 ], [ -115.2992043, 36.184325399800002 ], [ -115.2992043, 36.184322699799999 ], [ -115.299207, 36.184322699799999 ], [ -115.299207, 36.184284899799998 ], [ -115.2992097, 36.184284899799998 ], [ -115.2992097, 36.184279499799999 ], [ -115.2992151, 36.184279499799999 ], [ -115.2992151, 36.184276799799996 ], [ -115.2992178, 36.184276799799996 ], [ -115.2992178, 36.1842740998 ], [ -115.2992259, 36.1842740998 ], [ -115.2992259, 36.184271399799997 ], [ -115.2992313, 36.184271399799997 ], [ -115.2992313, 36.1842686998 ], [ -115.2992367, 36.1842686998 ], [ -115.2992367, 36.184265999799997 ], [ -115.2992394, 36.184265999799997 ], [ -115.2992394, 36.184263299800001 ], [ -115.2992421, 36.184263299800001 ], [ -115.2992421, 36.184260599799998 ], [ -115.2992448, 36.184260599799998 ], [ -115.2992448, 36.184255199799999 ], [ -115.2992475, 36.184255199799999 ], [ -115.2992475, 36.184252499799996 ], [ -115.2992502, 36.184252499799996 ], [ -115.2992502, 36.184247099799997 ], [ -115.2992529, 36.184247099799997 ], [ -115.2992529, 36.184244399800001 ], [ -115.299261, 36.184244399800001 ], [ -115.299261, 36.184241699799998 ], [ -115.2992772, 36.184241699799998 ], [ -115.2992772, 36.184238999800002 ], [ -115.299288, 36.184238999800002 ], [ -115.299288, 36.184236299799998 ], [ -115.2992961, 36.184236299799998 ], [ -115.2992961, 36.184233599800002 ], [ -115.2993042, 36.184233599800002 ], [ -115.2993042, 36.184230899799999 ], [ -115.2993069, 36.184230899799999 ], [ -115.2993069, 36.184228199799996 ], [ -115.2993096, 36.184228199799996 ], [ -115.2993096, 36.1842254998 ], [ -115.2993123, 36.1842254998 ], [ -115.2993123, 36.184222799799997 ], [ -115.299315, 36.184222799799997 ], [ -115.299315, 36.184214699800002 ], [ -115.2993177, 36.184214699800002 ], [ -115.2993177, 36.184209299799996 ], [ -115.2993204, 36.184209299799996 ], [ -115.2993204, 36.1842065998 ], [ -115.2993366, 36.1842065998 ], [ -115.2993366, 36.184209299799996 ], [ -115.299342, 36.184209299799996 ], [ -115.299342, 36.184211999799999 ], [ -115.2993447, 36.184211999799999 ], [ -115.2993447, 36.184214699800002 ], [ -115.2993474, 36.184214699800002 ], [ -115.2993474, 36.184217399799998 ], [ -115.2993501, 36.184217399799998 ], [ -115.2993501, 36.184222799799997 ], [ -115.2993528, 36.184222799799997 ], [ -115.2993528, 36.1842254998 ], [ -115.2993555, 36.1842254998 ], [ -115.2993555, 36.184228199799996 ], [ -115.2993609, 36.184228199799996 ], [ -115.2993609, 36.184230899799999 ], [ -115.2993717, 36.184230899799999 ], [ -115.2993717, 36.184233599800002 ], [ -115.2993852, 36.184233599800002 ], [ -115.2993852, 36.184236299799998 ], [ -115.2993933, 36.184236299799998 ], [ -115.2993933, 36.184238999800002 ], [ -115.299396, 36.184238999800002 ], [ -115.299396, 36.184244399800001 ], [ -115.2993987, 36.184244399800001 ], [ -115.2993987, 36.184255199799999 ], [ -115.2994014, 36.184255199799999 ], [ -115.2994014, 36.1842686998 ], [ -115.2993987, 36.1842686998 ], [ -115.2993987, 36.184271399799997 ], [ -115.299396, 36.184271399799997 ], [ -115.299396, 36.1842740998 ], [ -115.2993933, 36.1842740998 ], [ -115.2993933, 36.184276799799996 ], [ -115.2993906, 36.184276799799996 ], [ -115.2993906, 36.184279499799999 ], [ -115.2993879, 36.184279499799999 ], [ -115.2993879, 36.184282199800002 ], [ -115.2993825, 36.184282199800002 ], [ -115.2993825, 36.184284899799998 ], [ -115.2993798, 36.184284899799998 ], [ -115.2993798, 36.184287599800001 ], [ -115.2993744, 36.184287599800001 ], [ -115.2993744, 36.184290299799997 ], [ -115.2993717, 36.184290299799997 ], [ -115.2993717, 36.1842929998 ], [ -115.299369, 36.1842929998 ], [ -115.299369, 36.184295699799996 ], [ -115.2993636, 36.184295699799996 ], [ -115.2993636, 36.184298399799999 ], [ -115.2993609, 36.184298399799999 ], [ -115.2993609, 36.184301099800003 ], [ -115.2993555, 36.184301099800003 ], [ -115.2993555, 36.184303799799999 ], [ -115.2993528, 36.184303799799999 ], [ -115.2993528, 36.184306499800002 ], [ -115.2993474, 36.184306499800002 ], [ -115.2993474, 36.184309199799998 ], [ -115.2993447, 36.184309199799998 ], [ -115.2993447, 36.184311899800001 ], [ -115.2993393, 36.184311899800001 ], [ -115.2993393, 36.184314599799997 ], [ -115.2993366, 36.184314599799997 ], [ -115.2993366, 36.1843172998 ], [ -115.2993312, 36.1843172998 ], [ -115.2993312, 36.184319999799996 ], [ -115.2993285, 36.184319999799996 ], [ -115.2993285, 36.184322699799999 ], [ -115.2993258, 36.184322699799999 ], [ -115.2993258, 36.184325399800002 ], [ -115.2993231, 36.184325399800002 ], [ -115.2993231, 36.184328099799998 ], [ -115.2993177, 36.184328099799998 ], [ -115.2993177, 36.184330799800001 ], [ -115.299315, 36.184330799800001 ], [ -115.299315, 36.184333499799997 ], [ -115.2993123, 36.184333499799997 ], [ -115.2993123, 36.184336199800001 ], [ -115.2993069, 36.184336199800001 ], [ -115.2993069, 36.184338899799997 ], [ -115.2993015, 36.184338899799997 ], [ -115.2993015, 36.1843415998 ], [ -115.2992961, 36.1843415998 ], [ -115.2992961, 36.184344299799996 ], [ -115.2992907, 36.184344299799996 ], [ -115.2992907, 36.184346999799999 ], [ -115.2992691, 36.184346999799999 ], [ -115.2992691, 36.184349699800002 ], [ -115.299261, 36.184349699800002 ], [ -115.299261, 36.184352399799998 ], [ -115.2992556, 36.184352399799998 ], [ -115.2992556, 36.184355099800001 ], [ -115.2992394, 36.184355099800001 ], [ -115.2992394, 36.184357799799997 ], [ -115.2992367, 36.184357799799997 ], [ -115.2992367, 36.1843604998 ], [ -115.299234, 36.1843604998 ], [ -115.299234, 36.1843658998 ], [ -115.2992313, 36.1843658998 ], [ -115.2992313, 36.184371299799999 ], [ -115.2992259, 36.184371299799999 ], [ -115.2992259, 36.184373999800002 ] ] ] } },
{ "type": "Feature", "properties": { "value": 255.0 }, "geometry": { "type": "Polygon", "coordinates": [ [ [ -115.3001925, 36.184390199799999 ], [ -115.300179, 36.184390199799999 ], [ -115.300179, 36.184387499799996 ], [ -115.3001709, 36.184387499799996 ], [ -115.3001709, 36.1843847998 ], [ -115.3001655, 36.1843847998 ], [ -115.3001655, 36.184382099799997 ], [ -115.3001601, 36.184382099799997 ], [ -115.3001601, 36.184379399800001 ], [ -115.3001547, 36.184379399800001 ], [ -115.3001547, 36.184376699799998 ], [ -115.3001493, 36.184376699799998 ], [ -115.3001493, 36.184373999800002 ], [ -115.3001439, 36.184373999800002 ], [ -115.3001439, 36.184371299799999 ], [ -115.3001385, 36.184371299799999 ], [ -115.3001385, 36.184368599800003 ], [ -115.3001358, 36.184368599800003 ], [ -115.3001358, 36.1843658998 ], [ -115.3001331, 36.1843658998 ], [ -115.3001331, 36.184363199799996 ], [ -115.3001277, 36.184363199799996 ], [ -115.3001277, 36.1843604998 ], [ -115.300125, 36.1843604998 ], [ -115.300125, 36.184336199800001 ], [ -115.3001277, 36.184336199800001 ], [ -115.3001277, 36.184333499799997 ], [ -115.3001304, 36.184333499799997 ], [ -115.3001304, 36.184330799800001 ], [ -115.3001331, 36.184330799800001 ], [ -115.3001331, 36.184328099799998 ], [ -115.3001358, 36.184328099799998 ], [ -115.3001358, 36.184325399800002 ], [ -115.3001385, 36.184325399800002 ], [ -115.3001385, 36.184322699799999 ], [ -115.3001412, 36.184322699799999 ], [ -115.3001412, 36.184319999799996 ], [ -115.3001439, 36.184319999799996 ], [ -115.3001439, 36.184314599799997 ], [ -115.3001466, 36.184314599799997 ], [ -115.3001466, 36.184311899800001 ], [ -115.3001493, 36.184311899800001 ], [ -115.3001493, 36.184306499800002 ], [ -115.300152, 36.184306499800002 ], [ -115.300152, 36.184303799799999 ], [ -115.3001547, 36.184303799799999 ], [ -115.3001547, 36.184301099800003 ], [ -115.3001574, 36.184301099800003 ], [ -115.3001574, 36.184298399799999 ], [ -115.3001628, 36.184298399799999 ], [ -115.3001628, 36.184295699799996 ], [ -115.3001682, 36.184295699799996 ], [ -115.3001682, 36.1842929998 ], [ -115.3001736, 36.1842929998 ], [ -115.3001736, 36.184290299799997 ], [ -115.300179, 36.184290299799997 ], [ -115.300179, 36.184287599800001 ], [ -115.3001817, 36.184287599800001 ], [ -115.3001817, 36.184284899799998 ], [ -115.3001844, 36.184284899799998 ], [ -115.3001844, 36.184282199800002 ], [ -115.3001871, 36.184282199800002 ], [ -115.3001871, 36.184279499799999 ], [ -115.3001898, 36.184279499799999 ], [ -115.3001898, 36.184276799799996 ], [ -115.3001925, 36.184276799799996 ], [ -115.3001925, 36.184271399799997 ], [ -115.3001952, 36.184271399799997 ], [ -115.3001952, 36.184263299800001 ], [ -115.3001979, 36.184263299800001 ], [ -115.3001979, 36.184255199799999 ], [ -115.3002006, 36.184255199799999 ], [ -115.3002006, 36.1842497998 ], [ -115.3002033, 36.1842497998 ], [ -115.3002033, 36.184247099799997 ], [ -115.300206, 36.184247099799997 ], [ -115.300206, 36.184244399800001 ], [ -115.3002087, 36.184244399800001 ], [ -115.3002087, 36.184241699799998 ], [ -115.3002141, 36.184241699799998 ], [ -115.3002141, 36.184238999800002 ], [ -115.3002249, 36.184238999800002 ], [ -115.3002249, 36.184236299799998 ], [ -115.3002357, 36.184236299799998 ], [ -115.3002357, 36.184233599800002 ], [ -115.3002411, 36.184233599800002 ], [ -115.3002411, 36.184230899799999 ], [ -115.3002465, 36.184230899799999 ], [ -115.3002465, 36.184228199799996 ], [ -115.3002492, 36.184228199799996 ], [ -115.3002492, 36.1842254998 ], [ -115.3002519, 36.1842254998 ], [ -115.3002519, 36.184220099800001 ], [ -115.3002546, 36.184220099800001 ], [ -115.3002546, 36.184217399799998 ], [ -115.3002573, 36.184217399799998 ], [ -115.3002573, 36.184214699800002 ], [ -115.30026, 36.184214699800002 ], [ -115.30026, 36.184211999799999 ], [ -115.3002762, 36.184211999799999 ], [ -115.3002762, 36.184214699800002 ], [ -115.3002816, 36.184214699800002 ], [ -115.3002816, 36.184217399799998 ], [ -115.300287, 36.184217399799998 ], [ -115.300287, 36.184220099800001 ], [ -115.3002924, 36.184220099800001 ], [ -115.3002924, 36.184222799799997 ], [ -115.3002951, 36.184222799799997 ], [ -115.3002951, 36.184228199799996 ], [ -115.3002924, 36.184228199799996 ], [ -115.3002924, 36.184233599800002 ], [ -115.3002897, 36.184233599800002 ], [ -115.3002897, 36.184238999800002 ], [ -115.3002924, 36.184238999800002 ], [ -115.3002924, 36.184241699799998 ], [ -115.3002951, 36.184241699799998 ], [ -115.3002951, 36.184244399800001 ], [ -115.3002978, 36.184244399800001 ], [ -115.3002978, 36.184247099799997 ], [ -115.3003005, 36.184247099799997 ], [ -115.3003005, 36.1842497998 ], [ -115.3003032, 36.1842497998 ], [ -115.3003032, 36.184252499799996 ], [ -115.3003059, 36.184252499799996 ], [ -115.3003059, 36.184257899800002 ], [ -115.3003032, 36.184257899800002 ], [ -115.3003032, 36.184271399799997 ], [ -115.3003005, 36.184271399799997 ], [ -115.3003005, 36.184276799799996 ], [ -115.3002978, 36.184276799799996 ], [ -115.3002978, 36.184279499799999 ], [ -115.3002951, 36.184279499799999 ], [ -115.3002951, 36.184282199800002 ], [ -115.3002924, 36.184282199800002 ], [ -115.3002924, 36.184284899799998 ], [ -115.3002897, 36.184284899799998 ], [ -115.3002897, 36.184287599800001 ], [ -115.300287, 36.184287599800001 ], [ -115.300287, 36.184290299799997 ], [ -115.3002843, 36.184290299799997 ], [ -115.3002843, 36.1842929998 ], [ -115.3002816, 36.1842929998 ], [ -115.3002816, 36.184295699799996 ], [ -115.3002789, 36.184295699799996 ], [ -115.3002789, 36.184298399799999 ], [ -115.3002762, 36.184298399799999 ], [ -115.3002762, 36.184301099800003 ], [ -115.3002735, 36.184301099800003 ], [ -115.3002735, 36.184303799799999 ], [ -115.3002708, 36.184303799799999 ], [ -115.3002708, 36.184306499800002 ], [ -115.3002681, 36.184306499800002 ], [ -115.3002681, 36.184309199799998 ], [ -115.3002654, 36.184309199799998 ], [ -115.3002654, 36.184314599799997 ], [ -115.3002627, 36.184314599799997 ], [ -115.3002627, 36.1843172998 ], [ -115.30026, 36.1843172998 ], [ -115.30026, 36.184319999799996 ], [ -115.3002573, 36.184319999799996 ], [ -115.3002573, 36.184322699799999 ], [ -115.3002546, 36.184322699799999 ], [ -115.3002546, 36.184325399800002 ], [ -115.3002519, 36.184325399800002 ], [ -115.3002519, 36.184328099799998 ], [ -115.3002492, 36.184328099799998 ], [ -115.3002492, 36.184330799800001 ], [ -115.3002465, 36.184330799800001 ], [ -115.3002465, 36.184333499799997 ], [ -115.3002438, 36.184333499799997 ], [ -115.3002438, 36.184336199800001 ], [ -115.3002411, 36.184336199800001 ], [ -115.3002411, 36.184338899799997 ], [ -115.3002384, 36.184338899799997 ], [ -115.3002384, 36.1843415998 ], [ -115.3002357, 36.1843415998 ], [ -115.3002357, 36.184344299799996 ], [ -115.300233, 36.184344299799996 ], [ -115.300233, 36.184346999799999 ], [ -115.3002303, 36.184346999799999 ], [ -115.3002303, 36.184352399799998 ], [ -115.3002276, 36.184352399799998 ], [ -115.3002276, 36.184355099800001 ], [ -115.3002249, 36.184355099800001 ], [ -115.3002249, 36.184357799799997 ], [ -115.3002222, 36.184357799799997 ], [ -115.3002222, 36.1843604998 ], [ -115.3002195, 36.1843604998 ], [ -115.3002195, 36.184363199799996 ], [ -115.3002168, 36.184363199799996 ], [ -115.3002168, 36.1843658998 ], [ -115.3002141, 36.1843658998 ], [ -115.3002141, 36.184368599800003 ], [ -115.3002114, 36.184368599800003 ], [ -115.3002114, 36.184371299799999 ], [ -115.3002087, 36.184371299799999 ], [ -115.3002087, 36.184376699799998 ], [ -115.300206, 36.184376699799998 ], [ -115.300206, 36.184379399800001 ], [ -115.3002033, 36.184379399800001 ], [ -115.3002033, 36.184382099799997 ], [ -115.3002006, 36.184382099799997 ], [ -115.3002006, 36.1843847998 ], [ -115.3001979, 36.1843847998 ], [ -115.3001979, 36.184387499799996 ], [ -115.3001925, 36.184387499799996 ], [ -115.3001925, 36.184390199799999 ] ] ] } },
{ "type": "Feature", "properties": { "value": 255.0 }, "geometry": { "type": "Polygon", "coordinates": [ [ [ -115.3001007, 36.1843172998 ], [ -115.3000926, 36.1843172998 ], [ -115.3000926, 36.184314599799997 ], [ -115.3000845, 36.184314599799997 ], [ -115.3000845, 36.184311899800001 ], [ -115.3000791, 36.184311899800001 ], [ -115.3000791, 36.184309199799998 ], [ -115.3000764, 36.184309199799998 ], [ -115.3000764, 36.184306499800002 ], [ -115.300071, 36.184306499800002 ], [ -115.300071, 36.184303799799999 ], [ -115.3000683, 36.184303799799999 ], [ -115.3000683, 36.184301099800003 ], [ -115.3000629, 36.184301099800003 ], [ -115.3000629, 36.184298399799999 ], [ -115.3000575, 36.184298399799999 ], [ -115.3000575, 36.184295699799996 ], [ -115.3000521, 36.184295699799996 ], [ -115.3000521, 36.1842929998 ], [ -115.3000467, 36.1842929998 ], [ -115.3000467, 36.184290299799997 ], [ -115.300044, 36.184290299799997 ], [ -115.300044, 36.184287599800001 ], [ -115.3000386, 36.184287599800001 ], [ -115.3000386, 36.184284899799998 ], [ -115.3000359, 36.184284899799998 ], [ -115.3000359, 36.184282199800002 ], [ -115.3000332, 36.184282199800002 ], [ -115.3000332, 36.184279499799999 ], [ -115.3000278, 36.184279499799999 ], [ -115.3000278, 36.184265999799997 ], [ -115.3000305, 36.184265999799997 ], [ -115.3000305, 36.184263299800001 ], [ -115.3000332, 36.184263299800001 ], [ -115.3000332, 36.184260599799998 ], [ -115.3000386, 36.184260599799998 ], [ -115.3000386, 36.184257899800002 ], [ -115.3000413, 36.184257899800002 ], [ -115.3000413, 36.184255199799999 ], [ -115.3000467, 36.184255199799999 ], [ -115.3000467, 36.184252499799996 ], [ -115.3000494, 36.184252499799996 ], [ -115.3000494, 36.1842497998 ], [ -115.3000521, 36.1842497998 ], [ -115.3000521, 36.184244399800001 ], [ -115.3000548, 36.184244399800001 ], [ -115.3000548, 36.184238999800002 ], [ -115.3000575, 36.184238999800002 ], [ -115.3000575, 36.184233599800002 ], [ -115.3000602, 36.184233599800002 ], [ -115.3000602, 36.184228199799996 ], [ -115.3000629, 36.184228199799996 ], [ -115.3000629, 36.1842254998 ], [ -115.3000683, 36.1842254998 ], [ -115.3000683, 36.184222799799997 ], [ -115.300071, 36.184222799799997 ], [ -115.300071, 36.184220099800001 ], [ -115.3000764, 36.184220099800001 ], [ -115.3000764, 36.184217399799998 ], [ -115.3000791, 36.184217399799998 ], [ -115.3000791, 36.184214699800002 ], [ -115.3000818, 36.184214699800002 ], [ -115.3000818, 36.184211999799999 ], [ -115.3000845, 36.184211999799999 ], [ -115.3000845, 36.184209299799996 ], [ -115.3000872, 36.184209299799996 ], [ -115.3000872, 36.1842065998 ], [ -115.3000899, 36.1842065998 ], [ -115.3000899, 36.184203899799996 ], [ -115.3000953, 36.184203899799996 ], [ -115.3000953, 36.1842011998 ], [ -115.3001007, 36.1842011998 ], [ -115.3001007, 36.184198499799997 ], [ -115.3001115, 36.184198499799997 ], [ -115.3001115, 36.184195799800001 ], [ -115.3001169, 36.184195799800001 ], [ -115.3001169, 36.184193099799998 ], [ -115.3001223, 36.184193099799998 ], [ -115.3001223, 36.184190399800002 ], [ -115.300125, 36.184190399800002 ], [ -115.300125, 36.184187699799999 ], [ -115.3001277, 36.184187699799999 ], [ -115.3001277, 36.184184999799996 ], [ -115.3001304, 36.184184999799996 ], [ -115.3001304, 36.1841822998 ], [ -115.3001331, 36.1841822998 ], [ -115.3001331, 36.184179599799997 ], [ -115.3001385, 36.184179599799997 ], [ -115.3001385, 36.184176899800001 ], [ -115.3001412, 36.184176899800001 ], [ -115.3001412, 36.184174199799997 ], [ -115.3001439, 36.184174199799997 ], [ -115.3001439, 36.184171499800001 ], [ -115.3001547, 36.184171499800001 ], [ -115.3001547, 36.184174199799997 ], [ -115.3001601, 36.184174199799997 ], [ -115.3001601, 36.184176899800001 ], [ -115.3001682, 36.184176899800001 ], [ -115.3001682, 36.184179599799997 ], [ -115.3001736, 36.184179599799997 ], [ -115.3001736, 36.1841822998 ], [ -115.3001763, 36.1841822998 ], [ -115.3001763, 36.184184999799996 ], [ -115.300179, 36.184184999799996 ], [ -115.300179, 36.184187699799999 ], [ -115.3001817, 36.184187699799999 ], [ -115.3001817, 36.184193099799998 ], [ -115.3001844, 36.184193099799998 ], [ -115.3001844, 36.184195799800001 ], [ -115.3001871, 36.184195799800001 ], [ -115.3001871, 36.184198499799997 ], [ -115.3001898, 36.184198499799997 ], [ -115.3001898, 36.1842011998 ], [ -115.3001925, 36.1842011998 ], [ -115.3001925, 36.1842065998 ], [ -115.3001952, 36.1842065998 ], [ -115.3001952, 36.184211999799999 ], [ -115.3001979, 36.184211999799999 ], [ -115.3001979, 36.184220099800001 ], [ -115.3001952, 36.184220099800001 ], [ -115.3001952, 36.184228199799996 ], [ -115.3001925, 36.184228199799996 ], [ -115.3001925, 36.184230899799999 ], [ -115.3001898, 36.184230899799999 ], [ -115.3001898, 36.184233599800002 ], [ -115.3001871, 36.184233599800002 ], [ -115.3001871, 36.184236299799998 ], [ -115.3001844, 36.184236299799998 ], [ -115.3001844, 36.184238999800002 ], [ -115.3001817, 36.184238999800002 ], [ -115.3001817, 36.184241699799998 ], [ -115.300179, 36.184241699799998 ], [ -115.300179, 36.184244399800001 ], [ -115.3001763, 36.184244399800001 ], [ -115.3001763, 36.184247099799997 ], [ -115.3001736, 36.184247099799997 ], [ -115.3001736, 36.1842497998 ], [ -115.3001709, 36.1842497998 ], [ -115.3001709, 36.184252499799996 ], [ -115.3001682, 36.184252499799996 ], [ -115.3001682, 36.184255199799999 ], [ -115.3001655, 36.184255199799999 ], [ -115.3001655, 36.184257899800002 ], [ -115.3001628, 36.184257899800002 ], [ -115.3001628, 36.184263299800001 ], [ -115.3001601, 36.184263299800001 ], [ -115.3001601, 36.184265999799997 ], [ -115.3001574, 36.184265999799997 ], [ -115.3001574, 36.1842686998 ], [ -115.3001547, 36.1842686998 ], [ -115.3001547, 36.184271399799997 ], [ -115.300152, 36.184271399799997 ], [ -115.300152, 36.1842740998 ], [ -115.3001493, 36.1842740998 ], [ -115.3001493, 36.184276799799996 ], [ -115.3001466, 36.184276799799996 ], [ -115.3001466, 36.184279499799999 ], [ -115.3001439, 36.184279499799999 ], [ -115.3001439, 36.184282199800002 ], [ -115.3001412, 36.184282199800002 ], [ -115.3001412, 36.184284899799998 ], [ -115.3001385, 36.184284899799998 ], [ -115.3001385, 36.184287599800001 ], [ -115.3001358, 36.184287599800001 ], [ -115.3001358, 36.184290299799997 ], [ -115.3001331, 36.184290299799997 ], [ -115.3001331, 36.1842929998 ], [ -115.3001304, 36.1842929998 ], [ -115.3001304, 36.184295699799996 ], [ -115.3001277, 36.184295699799996 ], [ -115.3001277, 36.184298399799999 ], [ -115.300125, 36.184298399799999 ], [ -115.300125, 36.184303799799999 ], [ -115.3001196, 36.184303799799999 ], [ -115.3001196, 36.184306499800002 ], [ -115.3001142, 36.184306499800002 ], [ -115.3001142, 36.184309199799998 ], [ -115.3001115, 36.184309199799998 ], [ -115.3001115, 36.184311899800001 ], [ -115.3001088, 36.184311899800001 ], [ -115.3001088, 36.184314599799997 ], [ -115.3001007, 36.184314599799997 ], [ -115.3001007, 36.1843172998 ] ] ] } },
{ "type": "Feature", "properties": { "value": 255.0 }, "geometry": { "type": "Polygon", "coordinates": [ [ [ -115.2991719, 36.1842686998 ], [ -115.2991584, 36.1842686998 ], [ -115.2991584, 36.184265999799997 ], [ -115.299153, 36.184265999799997 ], [ -115.299153, 36.184263299800001 ], [ -115.2991449, 36.184263299800001 ], [ -115.2991449, 36.184260599799998 ], [ -115.2991287, 36.184260599799998 ], [ -115.2991287, 36.184263299800001 ], [ -115.2991071, 36.184263299800001 ], [ -115.2991071, 36.184265999799997 ], [ -115.2991044, 36.184265999799997 ], [ -115.2991044, 36.1842686998 ], [ -115.299099, 36.1842686998 ], [ -115.299099, 36.184265999799997 ], [ -115.2990936, 36.184265999799997 ], [ -115.2990936, 36.184263299800001 ], [ -115.2990909, 36.184263299800001 ], [ -115.2990909, 36.184260599799998 ], [ -115.2990882, 36.184260599799998 ], [ -115.2990882, 36.184257899800002 ], [ -115.2990855, 36.184257899800002 ], [ -115.2990855, 36.184255199799999 ], [ -115.2990828, 36.184255199799999 ], [ -115.2990828, 36.184252499799996 ], [ -115.2990801, 36.184252499799996 ], [ -115.2990801, 36.1842497998 ], [ -115.2990774, 36.1842497998 ], [ -115.2990774, 36.184247099799997 ], [ -115.2990747, 36.184247099799997 ], [ -115.2990747, 36.184241699799998 ], [ -115.299072, 36.184241699799998 ], [ -115.299072, 36.184233599800002 ], [ -115.2990747, 36.184233599800002 ], [ -115.2990747, 36.184230899799999 ], [ -115.2990801, 36.184230899799999 ], [ -115.2990801, 36.184228199799996 ], [ -115.2990936, 36.184228199799996 ], [ -115.2990936, 36.1842254998 ], [ -115.299099, 36.1842254998 ], [ -115.299099, 36.184222799799997 ], [ -115.2991017, 36.184222799799997 ], [ -115.2991017, 36.184220099800001 ], [ -115.2991071, 36.184220099800001 ], [ -115.2991071, 36.184217399799998 ], [ -115.2991098, 36.184217399799998 ], [ -115.2991098, 36.184214699800002 ], [ -115.2991152, 36.184214699800002 ], [ -115.2991152, 36.184211999799999 ], [ -115.2991179, 36.184211999799999 ], [ -115.2991179, 36.184209299799996 ], [ -115.2991368, 36.184209299799996 ], [ -115.2991368, 36.1842065998 ], [ -115.2991395, 36.1842065998 ], [ -115.2991395, 36.184195799800001 ], [ -115.2991368, 36.184195799800001 ], [ -115.2991368, 36.184193099799998 ], [ -115.2991341, 36.184193099799998 ], [ -115.2991341, 36.184190399800002 ], [ -115.2991314, 36.184190399800002 ], [ -115.2991314, 36.184187699799999 ], [ -115.299126, 36.184187699799999 ], [ -115.299126, 36.184184999799996 ], [ -115.2991233, 36.184184999799996 ], [ -115.2991233, 36.1841822998 ], [ -115.2991206, 36.1841822998 ], [ -115.2991206, 36.184176899800001 ], [ -115.2991179, 36.184176899800001 ], [ -115.2991179, 36.184166099800002 ], [ -115.2991206, 36.184166099800002 ], [ -115.2991206, 36.184163399799999 ], [ -115.2991233, 36.184163399799999 ], [ -115.2991233, 36.184160699799996 ], [ -115.2991287, 36.184160699799996 ], [ -115.2991287, 36.1841579998 ], [ -115.2991314, 36.1841579998 ], [ -115.2991314, 36.184155299799997 ], [ -115.2991368, 36.184155299799997 ], [ -115.2991368, 36.184152599800001 ], [ -115.2991422, 36.184152599800001 ], [ -115.2991422, 36.184149899799998 ], [ -115.2991476, 36.184149899799998 ], [ -115.2991476, 36.184147199800002 ], [ -115.299153, 36.184147199800002 ], [ -115.299153, 36.184144499799999 ], [ -115.2991584, 36.184144499799999 ], [ -115.2991584, 36.184141799799995 ], [ -115.2991638, 36.184141799799995 ], [ -115.2991638, 36.184139099799999 ], [ -115.2991692, 36.184139099799999 ], [ -115.2991692, 36.184136399799996 ], [ -115.2991746, 36.184136399799996 ], [ -115.2991746, 36.1841336998 ], [ -115.29918, 36.1841336998 ], [ -115.29918, 36.184130999799997 ], [ -115.2991854, 36.184130999799997 ], [ -115.2991854, 36.184128299800001 ], [ -115.2991908, 36.184128299800001 ], [ -115.2991908, 36.184125599799998 ], [ -115.2991962, 36.184125599799998 ], [ -115.2991962, 36.184122899800002 ], [ -115.2992016, 36.184122899800002 ], [ -115.2992016, 36.184120199799999 ], [ -115.2992043, 36.184120199799999 ], [ -115.2992043, 36.184117499799996 ], [ -115.299207, 36.184117499799996 ], [ -115.299207, 36.1841147998 ], [ -115.2992097, 36.1841147998 ], [ -115.2992097, 36.184112099799997 ], [ -115.2992124, 36.184112099799997 ], [ -115.2992124, 36.184109399800001 ], [ -115.2992151, 36.184109399800001 ], [ -115.2992151, 36.184106699799997 ], [ -115.2992178, 36.184106699799997 ], [ -115.2992178, 36.184103999800001 ], [ -115.2992394, 36.184103999800001 ], [ -115.2992394, 36.184106699799997 ], [ -115.2992421, 36.184106699799997 ], [ -115.2992421, 36.184109399800001 ], [ -115.2992448, 36.184109399800001 ], [ -115.2992448, 36.184112099799997 ], [ -115.2992475, 36.184112099799997 ], [ -115.2992475, 36.1841147998 ], [ -115.2992502, 36.1841147998 ], [ -115.2992502, 36.184117499799996 ], [ -115.2992529, 36.184117499799996 ], [ -115.2992529, 36.184120199799999 ], [ -115.2992556, 36.184120199799999 ], [ -115.2992556, 36.184122899800002 ], [ -115.2992583, 36.184122899800002 ], [ -115.2992583, 36.184125599799998 ], [ -115.299261, 36.184125599799998 ], [ -115.299261, 36.184128299800001 ], [ -115.2992664, 36.184128299800001 ], [ -115.2992664, 36.184130999799997 ], [ -115.2992745, 36.184130999799997 ], [ -115.2992745, 36.1841336998 ], [ -115.2992853, 36.1841336998 ], [ -115.2992853, 36.184136399799996 ], [ -115.2992907, 36.184136399799996 ], [ -115.2992907, 36.184139099799999 ], [ -115.2992934, 36.184139099799999 ], [ -115.2992934, 36.184141799799995 ], [ -115.2992961, 36.184141799799995 ], [ -115.2992961, 36.184149899799998 ], [ -115.2992988, 36.184149899799998 ], [ -115.2992988, 36.184163399799999 ], [ -115.2993015, 36.184163399799999 ], [ -115.2993015, 36.184166099800002 ], [ -115.2992988, 36.184166099800002 ], [ -115.2992988, 36.184179599799997 ], [ -115.2993015, 36.184179599799997 ], [ -115.2993015, 36.184184999799996 ], [ -115.2992988, 36.184184999799996 ], [ -115.2992988, 36.184190399800002 ], [ -115.2992961, 36.184190399800002 ], [ -115.2992961, 36.184193099799998 ], [ -115.2992907, 36.184193099799998 ], [ -115.2992907, 36.184195799800001 ], [ -115.2992853, 36.184195799800001 ], [ -115.2992853, 36.184198499799997 ], [ -115.2992799, 36.184198499799997 ], [ -115.2992799, 36.1842011998 ], [ -115.2992745, 36.1842011998 ], [ -115.2992745, 36.184203899799996 ], [ -115.2992718, 36.184203899799996 ], [ -115.2992718, 36.1842065998 ], [ -115.2992691, 36.1842065998 ], [ -115.2992691, 36.184209299799996 ], [ -115.2992637, 36.184209299799996 ], [ -115.2992637, 36.184211999799999 ], [ -115.2992583, 36.184211999799999 ], [ -115.2992583, 36.184214699800002 ], [ -115.2992502, 36.184214699800002 ], [ -115.2992502, 36.184217399799998 ], [ -115.2992448, 36.184217399799998 ], [ -115.2992448, 36.184220099800001 ], [ -115.2992394, 36.184220099800001 ], [ -115.2992394, 36.184222799799997 ], [ -115.2992367, 36.184222799799997 ], [ -115.2992367, 36.1842254998 ], [ -115.2992313, 36.1842254998 ], [ -115.2992313, 36.184228199799996 ], [ -115.2992259, 36.184228199799996 ], [ -115.2992259, 36.184230899799999 ], [ -115.2992232, 36.184230899799999 ], [ -115.2992232, 36.184233599800002 ], [ -115.2992205, 36.184233599800002 ], [ -115.2992205, 36.184236299799998 ], [ -115.2992178, 36.184236299799998 ], [ -115.2992178, 36.184238999800002 ], [ -115.2992151, 36.184238999800002 ], [ -115.2992151, 36.184241699799998 ], [ -115.2992097, 36.184241699799998 ], [ -115.2992097, 36.184244399800001 ], [ -115.2992043, 36.184244399800001 ], [ -115.2992043, 36.184247099799997 ], [ -115.2991989, 36.184247099799997 ], [ -115.2991989, 36.1842497998 ], [ -115.2991962, 36.1842497998 ], [ -115.2991962, 36.184252499799996 ], [ -115.2991908, 36.184252499799996 ], [ -115.2991908, 36.184255199799999 ], [ -115.2991881, 36.184255199799999 ], [ -115.2991881, 36.184257899800002 ], [ -115.2991854, 36.184257899800002 ], [ -115.2991854, 36.184260599799998 ], [ -115.2991827, 36.184260599799998 ], [ -115.2991827, 36.184263299800001 ], [ -115.2991773, 36.184263299800001 ], [ -115.2991773, 36.184265999799997 ], [ -115.2991719, 36.184265999799997 ], [ -115.2991719, 36.1842686998 ] ] ] } },
{ "type": "Feature", "properties": { "value": 255.0 }, "geometry": { "type": "Polygon", "coordinates": [ [ [ -115.29999, 36.184257899800002 ], [ -115.2999738, 36.184257899800002 ], [ -115.2999738, 36.184255199799999 ], [ -115.2999684, 36.184255199799999 ], [ -115.2999684, 36.184252499799996 ], [ -115.2999657, 36.184252499799996 ], [ -115.2999657, 36.1842497998 ], [ -115.299963, 36.1842497998 ], [ -115.299963, 36.184247099799997 ], [ -115.2999576, 36.184247099799997 ], [ -115.2999576, 36.184244399800001 ], [ -115.299936, 36.184244399800001 ], [ -115.299936, 36.184241699799998 ], [ -115.2999306, 36.184241699799998 ], [ -115.2999306, 36.184238999800002 ], [ -115.2999252, 36.184238999800002 ], [ -115.2999252, 36.184233599800002 ], [ -115.2999225, 36.184233599800002 ], [ -115.2999225, 36.184211999799999 ], [ -115.2999252, 36.184211999799999 ], [ -115.2999252, 36.184203899799996 ], [ -115.2999279, 36.184203899799996 ], [ -115.2999279, 36.1842011998 ], [ -115.2999306, 36.1842011998 ], [ -115.2999306, 36.184198499799997 ], [ -115.2999333, 36.184198499799997 ], [ -115.2999333, 36.184195799800001 ], [ -115.2999387, 36.184195799800001 ], [ -115.2999387, 36.184193099799998 ], [ -115.2999441, 36.184193099799998 ], [ -115.2999441, 36.184190399800002 ], [ -115.2999468, 36.184190399800002 ], [ -115.2999468, 36.184187699799999 ], [ -115.2999495, 36.184187699799999 ], [ -115.2999495, 36.184184999799996 ], [ -115.2999522, 36.184184999799996 ], [ -115.2999522, 36.1841822998 ], [ -115.2999549, 36.1841822998 ], [ -115.2999549, 36.184176899800001 ], [ -115.2999576, 36.184176899800001 ], [ -115.2999576, 36.184174199799997 ], [ -115.2999603, 36.184174199799997 ], [ -115.2999603, 36.184171499800001 ], [ -115.299963, 36.184171499800001 ], [ -115.299963, 36.184168799799998 ], [ -115.2999657, 36.184168799799998 ], [ -115.2999657, 36.184166099800002 ], [ -115.2999684, 36.184166099800002 ], [ -115.2999684, 36.184163399799999 ], [ -115.2999711, 36.184163399799999 ], [ -115.2999711, 36.184160699799996 ], [ -115.2999738, 36.184160699799996 ], [ -115.2999738, 36.1841579998 ], [ -115.2999765, 36.1841579998 ], [ -115.2999765, 36.184155299799997 ], [ -115.2999792, 36.184155299799997 ], [ -115.2999792, 36.184152599800001 ], [ -115.2999819, 36.184152599800001 ], [ -115.2999819, 36.184149899799998 ], [ -115.2999846, 36.184149899799998 ], [ -115.2999846, 36.184141799799995 ], [ -115.2999873, 36.184141799799995 ], [ -115.2999873, 36.184139099799999 ], [ -115.29999, 36.184139099799999 ], [ -115.29999, 36.184136399799996 ], [ -115.2999927, 36.184136399799996 ], [ -115.2999927, 36.184130999799997 ], [ -115.2999954, 36.184130999799997 ], [ -115.2999954, 36.184128299800001 ], [ -115.2999981, 36.184128299800001 ], [ -115.2999981, 36.184125599799998 ], [ -115.3000035, 36.184125599799998 ], [ -115.3000035, 36.184122899800002 ], [ -115.3000062, 36.184122899800002 ], [ -115.3000062, 36.184120199799999 ], [ -115.3000116, 36.184120199799999 ], [ -115.3000116, 36.184117499799996 ], [ -115.300017, 36.184117499799996 ], [ -115.300017, 36.1841147998 ], [ -115.3000278, 36.1841147998 ], [ -115.3000278, 36.184112099799997 ], [ -115.3000359, 36.184112099799997 ], [ -115.3000359, 36.184109399800001 ], [ -115.3000413, 36.184109399800001 ], [ -115.3000413, 36.184106699799997 ], [ -115.300044, 36.184106699799997 ], [ -115.300044, 36.184103999800001 ], [ -115.3000467, 36.184103999800001 ], [ -115.3000467, 36.184098599800002 ], [ -115.3000494, 36.184098599800002 ], [ -115.3000494, 36.184095899799999 ], [ -115.3000521, 36.184095899799999 ], [ -115.3000521, 36.184093199799996 ], [ -115.3000548, 36.184093199799996 ], [ -115.3000548, 36.1840904998 ], [ -115.3000602, 36.1840904998 ], [ -115.3000602, 36.184087799799997 ], [ -115.3000656, 36.184087799799997 ], [ -115.3000656, 36.184085099800001 ], [ -115.3001061, 36.184085099800001 ], [ -115.3001061, 36.184087799799997 ], [ -115.3001088, 36.184087799799997 ], [ -115.3001088, 36.1840904998 ], [ -115.3001115, 36.1840904998 ], [ -115.3001115, 36.184095899799999 ], [ -115.3001142, 36.184095899799999 ], [ -115.3001142, 36.184098599800002 ], [ -115.3001169, 36.184098599800002 ], [ -115.3001169, 36.184103999800001 ], [ -115.3001196, 36.184103999800001 ], [ -115.3001196, 36.184109399800001 ], [ -115.3001223, 36.184109399800001 ], [ -115.3001223, 36.184117499799996 ], [ -115.3001196, 36.184117499799996 ], [ -115.3001196, 36.184130999799997 ], [ -115.3001169, 36.184130999799997 ], [ -115.3001169, 36.184136399799996 ], [ -115.3001142, 36.184136399799996 ], [ -115.3001142, 36.184141799799995 ], [ -115.3001115, 36.184141799799995 ], [ -115.3001115, 36.184144499799999 ], [ -115.3001088, 36.184144499799999 ], [ -115.3001088, 36.184147199800002 ], [ -115.3001061, 36.184147199800002 ], [ -115.3001061, 36.184149899799998 ], [ -115.3001034, 36.184149899799998 ], [ -115.3001034, 36.184152599800001 ], [ -115.300098, 36.184152599800001 ], [ -115.300098, 36.184155299799997 ], [ -115.3000953, 36.184155299799997 ], [ -115.3000953, 36.1841579998 ], [ -115.3000926, 36.1841579998 ], [ -115.3000926, 36.184160699799996 ], [ -115.3000899, 36.184160699799996 ], [ -115.3000899, 36.184163399799999 ], [ -115.3000845, 36.184163399799999 ], [ -115.3000845, 36.184166099800002 ], [ -115.3000818, 36.184166099800002 ], [ -115.3000818, 36.184168799799998 ], [ -115.3000791, 36.184168799799998 ], [ -115.3000791, 36.184171499800001 ], [ -115.3000737, 36.184171499800001 ], [ -115.3000737, 36.184174199799997 ], [ -115.300071, 36.184174199799997 ], [ -115.300071, 36.184176899800001 ], [ -115.3000683, 36.184176899800001 ], [ -115.3000683, 36.184179599799997 ], [ -115.3000656, 36.184179599799997 ], [ -115.3000656, 36.1841822998 ], [ -115.3000629, 36.1841822998 ], [ -115.3000629, 36.184187699799999 ], [ -115.3000602, 36.184187699799999 ], [ -115.3000602, 36.184190399800002 ], [ -115.3000575, 36.184190399800002 ], [ -115.3000575, 36.184193099799998 ], [ -115.3000548, 36.184193099799998 ], [ -115.3000548, 36.184195799800001 ], [ -115.3000521, 36.184195799800001 ], [ -115.3000521, 36.184198499799997 ], [ -115.3000494, 36.184198499799997 ], [ -115.3000494, 36.1842011998 ], [ -115.300044, 36.1842011998 ], [ -115.300044, 36.184203899799996 ], [ -115.3000413, 36.184203899799996 ], [ -115.3000413, 36.1842065998 ], [ -115.3000386, 36.1842065998 ], [ -115.3000386, 36.184209299799996 ], [ -115.3000332, 36.184209299799996 ], [ -115.3000332, 36.184211999799999 ], [ -115.3000305, 36.184211999799999 ], [ -115.3000305, 36.184214699800002 ], [ -115.3000278, 36.184214699800002 ], [ -115.3000278, 36.184217399799998 ], [ -115.3000251, 36.184217399799998 ], [ -115.3000251, 36.184220099800001 ], [ -115.3000224, 36.184220099800001 ], [ -115.3000224, 36.1842254998 ], [ -115.3000197, 36.1842254998 ], [ -115.3000197, 36.184228199799996 ], [ -115.300017, 36.184228199799996 ], [ -115.300017, 36.184233599800002 ], [ -115.3000143, 36.184233599800002 ], [ -115.3000143, 36.184236299799998 ], [ -115.3000116, 36.184236299799998 ], [ -115.3000116, 36.184241699799998 ], [ -115.3000089, 36.184241699799998 ], [ -115.3000089, 36.184247099799997 ], [ -115.3000062, 36.184247099799997 ], [ -115.3000062, 36.1842497998 ], [ -115.3000035, 36.1842497998 ], [ -115.3000035, 36.184252499799996 ], [ -115.3000008, 36.184252499799996 ], [ -115.3000008, 36.184255199799999 ], [ -115.29999, 36.184255199799999 ], [ -115.29999, 36.184257899800002 ] ] ] } },
{ "type": "Feature", "properties": { "value": 255.0 }, "geometry": { "type": "Polygon", "coordinates": [ [ [ -115.2998928, 36.184193099799998 ], [ -115.2998793, 36.184193099799998 ], [ -115.2998793, 36.184190399800002 ], [ -115.2998712, 36.184190399800002 ], [ -115.2998712, 36.184187699799999 ], [ -115.2998685, 36.184187699799999 ], [ -115.2998685, 36.184184999799996 ], [ -115.2998658, 36.184184999799996 ], [ -115.2998658, 36.1841822998 ], [ -115.2998604, 36.1841822998 ], [ -115.2998604, 36.184179599799997 ], [ -115.2998577, 36.184179599799997 ], [ -115.2998577, 36.184176899800001 ], [ -115.299855, 36.184176899800001 ], [ -115.299855, 36.184174199799997 ], [ -115.2998523, 36.184174199799997 ], [ -115.2998523, 36.184166099800002 ], [ -115.2998496, 36.184166099800002 ], [ -115.2998496, 36.1841579998 ], [ -115.2998442, 36.1841579998 ], [ -115.2998442, 36.184155299799997 ], [ -115.2998361, 36.184155299799997 ], [ -115.2998361, 36.184152599800001 ], [ -115.2998334, 36.184152599800001 ], [ -115.2998334, 36.184149899799998 ], [ -115.2998307, 36.184149899799998 ], [ -115.2998307, 36.184141799799995 ], [ -115.2998334, 36.184141799799995 ], [ -115.2998334, 36.184136399799996 ], [ -115.2998388, 36.184136399799996 ], [ -115.2998388, 36.1841336998 ], [ -115.2998442, 36.1841336998 ], [ -115.2998442, 36.184130999799997 ], [ -115.2998523, 36.184130999799997 ], [ -115.2998523, 36.184128299800001 ], [ -115.299855, 36.184128299800001 ], [ -115.299855, 36.184125599799998 ], [ -115.2998577, 36.184125599799998 ], [ -115.2998577, 36.184120199799999 ], [ -115.2998604, 36.184120199799999 ], [ -115.2998604, 36.184117499799996 ], [ -115.2998658, 36.184117499799996 ], [ -115.2998658, 36.1841147998 ], [ -115.2998685, 36.1841147998 ], [ -115.2998685, 36.184112099799997 ], [ -115.2998739, 36.184112099799997 ], [ -115.2998739, 36.184109399800001 ], [ -115.2998766, 36.184109399800001 ], [ -115.2998766, 36.184106699799997 ], [ -115.2998793, 36.184106699799997 ], [ -115.2998793, 36.184103999800001 ], [ -115.299882, 36.184103999800001 ], [ -115.299882, 36.184101299799998 ], [ -115.2998847, 36.184101299799998 ], [ -115.2998847, 36.184098599800002 ], [ -115.2998874, 36.184098599800002 ], [ -115.2998874, 36.184095899799999 ], [ -115.2998901, 36.184095899799999 ], [ -115.2998901, 36.184093199799996 ], [ -115.2998928, 36.184093199799996 ], [ -115.2998928, 36.1840904998 ], [ -115.2998955, 36.1840904998 ], [ -115.2998955, 36.184087799799997 ], [ -115.2998982, 36.184087799799997 ], [ -115.2998982, 36.184085099800001 ], [ -115.2999036, 36.184085099800001 ], [ -115.2999036, 36.184079699800002 ], [ -115.2999063, 36.184079699800002 ], [ -115.2999063, 36.184076999799998 ], [ -115.299909, 36.184076999799998 ], [ -115.299909, 36.184074299799995 ], [ -115.2999117, 36.184074299799995 ], [ -115.2999117, 36.184071599799999 ], [ -115.2999171, 36.184071599799999 ], [ -115.2999171, 36.184068899799996 ], [ -115.2999225, 36.184068899799996 ], [ -115.2999225, 36.1840661998 ], [ -115.2999252, 36.1840661998 ], [ -115.2999252, 36.184063499799997 ], [ -115.2999306, 36.184063499799997 ], [ -115.2999306, 36.184060799800001 ], [ -115.2999333, 36.184060799800001 ], [ -115.2999333, 36.184058099799998 ], [ -115.299936, 36.184058099799998 ], [ -115.299936, 36.184055399800002 ], [ -115.2999387, 36.184055399800002 ], [ -115.2999387, 36.184052699799999 ], [ -115.2999414, 36.184052699799999 ], [ -115.2999414, 36.184049999799996 ], [ -115.2999441, 36.184049999799996 ], [ -115.2999441, 36.1840472998 ], [ -115.2999468, 36.1840472998 ], [ -115.2999468, 36.184044599799996 ], [ -115.2999522, 36.184044599799996 ], [ -115.2999522, 36.1840418998 ], [ -115.2999657, 36.1840418998 ], [ -115.2999657, 36.184044599799996 ], [ -115.2999711, 36.184044599799996 ], [ -115.2999711, 36.1840472998 ], [ -115.2999738, 36.1840472998 ], [ -115.2999738, 36.184055399800002 ], [ -115.2999765, 36.184055399800002 ], [ -115.2999765, 36.1840661998 ], [ -115.2999792, 36.1840661998 ], [ -115.2999792, 36.184071599799999 ], [ -115.2999819, 36.184071599799999 ], [ -115.2999819, 36.184076999799998 ], [ -115.2999846, 36.184076999799998 ], [ -115.2999846, 36.184079699800002 ], [ -115.2999873, 36.184079699800002 ], [ -115.2999873, 36.184082399799998 ], [ -115.2999927, 36.184082399799998 ], [ -115.2999927, 36.184085099800001 ], [ -115.3000035, 36.184085099800001 ], [ -115.3000035, 36.184098599800002 ], [ -115.3000008, 36.184098599800002 ], [ -115.3000008, 36.184106699799997 ], [ -115.2999981, 36.184106699799997 ], [ -115.2999981, 36.184112099799997 ], [ -115.2999954, 36.184112099799997 ], [ -115.2999954, 36.184117499799996 ], [ -115.2999927, 36.184117499799996 ], [ -115.2999927, 36.184122899800002 ], [ -115.29999, 36.184122899800002 ], [ -115.29999, 36.184125599799998 ], [ -115.2999873, 36.184125599799998 ], [ -115.2999873, 36.184128299800001 ], [ -115.2999846, 36.184128299800001 ], [ -115.2999846, 36.1841336998 ], [ -115.2999792, 36.1841336998 ], [ -115.2999792, 36.184136399799996 ], [ -115.2999765, 36.184136399799996 ], [ -115.2999765, 36.184139099799999 ], [ -115.2999711, 36.184139099799999 ], [ -115.2999711, 36.184141799799995 ], [ -115.2999684, 36.184141799799995 ], [ -115.2999684, 36.184144499799999 ], [ -115.2999657, 36.184144499799999 ], [ -115.2999657, 36.184147199800002 ], [ -115.2999603, 36.184147199800002 ], [ -115.2999603, 36.184149899799998 ], [ -115.2999576, 36.184149899799998 ], [ -115.2999576, 36.184152599800001 ], [ -115.2999549, 36.184152599800001 ], [ -115.2999549, 36.184155299799997 ], [ -115.2999522, 36.184155299799997 ], [ -115.2999522, 36.1841579998 ], [ -115.2999468, 36.1841579998 ], [ -115.2999468, 36.184160699799996 ], [ -115.2999441, 36.184160699799996 ], [ -115.2999441, 36.184163399799999 ], [ -115.2999414, 36.184163399799999 ], [ -115.2999414, 36.184166099800002 ], [ -115.299936, 36.184166099800002 ], [ -115.299936, 36.184168799799998 ], [ -115.2999333, 36.184168799799998 ], [ -115.2999333, 36.184171499800001 ], [ -115.2999279, 36.184171499800001 ], [ -115.2999279, 36.184174199799997 ], [ -115.299909, 36.184174199799997 ], [ -115.299909, 36.184176899800001 ], [ -115.2999063, 36.184176899800001 ], [ -115.2999063, 36.184179599799997 ], [ -115.2999036, 36.184179599799997 ], [ -115.2999036, 36.1841822998 ], [ -115.2999009, 36.1841822998 ], [ -115.2999009, 36.184184999799996 ], [ -115.2998982, 36.184184999799996 ], [ -115.2998982, 36.184187699799999 ], [ -115.2998955, 36.184187699799999 ], [ -115.2998955, 36.184190399800002 ], [ -115.2998928, 36.184190399800002 ], [ -115.2998928, 36.184193099799998 ] ] ] } },
{ "type": "Feature", "properties": { "value": 255.0 }, "geometry": { "type": "Polygon", "coordinates": [ [ [ -115.2990234, 36.184184999799996 ], [ -115.2990126, 36.184184999799996 ], [ -115.2990126, 36.1841822998 ], [ -115.2990099, 36.1841822998 ], [ -115.2990099, 36.184179599799997 ], [ -115.2990045, 36.184179599799997 ], [ -115.2990045, 36.184176899800001 ], [ -115.2990018, 36.184176899800001 ], [ -115.2990018, 36.184174199799997 ], [ -115.2989964, 36.184174199799997 ], [ -115.2989964, 36.184171499800001 ], [ -115.2989937, 36.184171499800001 ], [ -115.2989937, 36.184168799799998 ], [ -115.298991, 36.184168799799998 ], [ -115.298991, 36.184166099800002 ], [ -115.2989883, 36.184166099800002 ], [ -115.2989883, 36.184163399799999 ], [ -115.2989856, 36.184163399799999 ], [ -115.2989856, 36.184160699799996 ], [ -115.2989829, 36.184160699799996 ], [ -115.2989829, 36.1841579998 ], [ -115.2989802, 36.1841579998 ], [ -115.2989802, 36.184152599800001 ], [ -115.2989775, 36.184152599800001 ], [ -115.2989775, 36.184149899799998 ], [ -115.2989748, 36.184149899799998 ], [ -115.2989748, 36.184144499799999 ], [ -115.2989721, 36.184144499799999 ], [ -115.2989721, 36.184139099799999 ], [ -115.2989694, 36.184139099799999 ], [ -115.2989694, 36.184136399799996 ], [ -115.2989721, 36.184136399799996 ], [ -115.2989721, 36.184130999799997 ], [ -115.2989748, 36.184130999799997 ], [ -115.2989748, 36.184128299800001 ], [ -115.2989775, 36.184128299800001 ], [ -115.2989775, 36.184125599799998 ], [ -115.2989802, 36.184125599799998 ], [ -115.2989802, 36.184122899800002 ], [ -115.2989829, 36.184122899800002 ], [ -115.2989829, 36.1841147998 ], [ -115.2989802, 36.1841147998 ], [ -115.2989802, 36.184109399800001 ], [ -115.2989775, 36.184109399800001 ], [ -115.2989775, 36.184103999800001 ], [ -115.2989748, 36.184103999800001 ], [ -115.2989748, 36.184095899799999 ], [ -115.2989775, 36.184095899799999 ], [ -115.2989775, 36.184093199799996 ], [ -115.2989802, 36.184093199799996 ], [ -115.2989802, 36.1840904998 ], [ -115.2989856, 36.1840904998 ], [ -115.2989856, 36.184087799799997 ], [ -115.298991, 36.184087799799997 ], [ -115.298991, 36.184085099800001 ], [ -115.2990045, 36.184085099800001 ], [ -115.2990045, 36.184082399799998 ], [ -115.2990072, 36.184082399799998 ], [ -115.2990072, 36.184079699800002 ], [ -115.2990099, 36.184079699800002 ], [ -115.2990099, 36.184076999799998 ], [ -115.2990126, 36.184076999799998 ], [ -115.2990126, 36.184074299799995 ], [ -115.2990153, 36.184074299799995 ], [ -115.2990153, 36.184071599799999 ], [ -115.2990207, 36.184071599799999 ], [ -115.2990207, 36.184068899799996 ], [ -115.2990234, 36.184068899799996 ], [ -115.2990234, 36.1840661998 ], [ -115.2990261, 36.1840661998 ], [ -115.2990261, 36.184063499799997 ], [ -115.2990288, 36.184063499799997 ], [ -115.2990288, 36.184060799800001 ], [ -115.2990315, 36.184060799800001 ], [ -115.2990315, 36.184058099799998 ], [ -115.2990342, 36.184058099799998 ], [ -115.2990342, 36.184052699799999 ], [ -115.2990369, 36.184052699799999 ], [ -115.2990369, 36.184049999799996 ], [ -115.2990396, 36.184049999799996 ], [ -115.2990396, 36.1840472998 ], [ -115.299045, 36.1840472998 ], [ -115.299045, 36.184044599799996 ], [ -115.2990504, 36.184044599799996 ], [ -115.2990504, 36.1840418998 ], [ -115.2990585, 36.1840418998 ], [ -115.2990585, 36.184039199799997 ], [ -115.2990639, 36.184039199799997 ], [ -115.2990639, 36.184036499800001 ], [ -115.2990693, 36.184036499800001 ], [ -115.2990693, 36.184033799799998 ], [ -115.2990747, 36.184033799799998 ], [ -115.2990747, 36.184031099800002 ], [ -115.2990774, 36.184031099800002 ], [ -115.2990774, 36.184028399799999 ], [ -115.2990828, 36.184028399799999 ], [ -115.2990828, 36.184025699799996 ], [ -115.2990882, 36.184025699799996 ], [ -115.2990882, 36.1840229998 ], [ -115.2990909, 36.1840229998 ], [ -115.2990909, 36.184020299799997 ], [ -115.2990963, 36.184020299799997 ], [ -115.2990963, 36.184017599800001 ], [ -115.2991017, 36.184017599800001 ], [ -115.2991017, 36.184014899799998 ], [ -115.2991071, 36.184014899799998 ], [ -115.2991071, 36.184012199800001 ], [ -115.2991098, 36.184012199800001 ], [ -115.2991098, 36.184009499799998 ], [ -115.2991152, 36.184009499799998 ], [ -115.2991152, 36.184006799799995 ], [ -115.2991179, 36.184006799799995 ], [ -115.2991179, 36.184004099799999 ], [ -115.2991233, 36.184004099799999 ], [ -115.2991233, 36.184001399799996 ], [ -115.2991287, 36.184001399799996 ], [ -115.2991287, 36.1839986998 ], [ -115.2991341, 36.1839986998 ], [ -115.2991341, 36.183995999799997 ], [ -115.2991449, 36.183995999799997 ], [ -115.2991449, 36.1839986998 ], [ -115.2991503, 36.1839986998 ], [ -115.2991503, 36.184001399799996 ], [ -115.2991557, 36.184001399799996 ], [ -115.2991557, 36.184004099799999 ], [ -115.2991584, 36.184004099799999 ], [ -115.2991584, 36.184006799799995 ], [ -115.2991611, 36.184006799799995 ], [ -115.2991611, 36.184009499799998 ], [ -115.2991638, 36.184009499799998 ], [ -115.2991638, 36.184012199800001 ], [ -115.29918, 36.184012199800001 ], [ -115.29918, 36.184014899799998 ], [ -115.2991854, 36.184014899799998 ], [ -115.2991854, 36.184017599800001 ], [ -115.2991908, 36.184017599800001 ], [ -115.2991908, 36.1840229998 ], [ -115.2991935, 36.1840229998 ], [ -115.2991935, 36.184049999799996 ], [ -115.2991908, 36.184049999799996 ], [ -115.2991908, 36.184085099800001 ], [ -115.2991827, 36.184085099800001 ], [ -115.2991827, 36.184087799799997 ], [ -115.2991773, 36.184087799799997 ], [ -115.2991773, 36.1840904998 ], [ -115.2991719, 36.1840904998 ], [ -115.2991719, 36.184093199799996 ], [ -115.2991692, 36.184093199799996 ], [ -115.2991692, 36.184095899799999 ], [ -115.2991665, 36.184095899799999 ], [ -115.2991665, 36.184098599800002 ], [ -115.2991638, 36.184098599800002 ], [ -115.2991638, 36.184101299799998 ], [ -115.2991611, 36.184101299799998 ], [ -115.2991611, 36.184103999800001 ], [ -115.2991557, 36.184103999800001 ], [ -115.2991557, 36.184106699799997 ], [ -115.299153, 36.184106699799997 ], [ -115.299153, 36.184109399800001 ], [ -115.2991503, 36.184109399800001 ], [ -115.2991503, 36.184112099799997 ], [ -115.2991449, 36.184112099799997 ], [ -115.2991449, 36.1841147998 ], [ -115.2991422, 36.1841147998 ], [ -115.2991422, 36.184117499799996 ], [ -115.2991368, 36.184117499799996 ], [ -115.2991368, 36.184120199799999 ], [ -115.2991287, 36.184120199799999 ], [ -115.2991287, 36.184122899800002 ], [ -115.2991233, 36.184122899800002 ], [ -115.2991233, 36.184125599799998 ], [ -115.2991152, 36.184125599799998 ], [ -115.2991152, 36.184130999799997 ], [ -115.2991098, 36.184130999799997 ], [ -115.2991098, 36.1841336998 ], [ -115.2991044, 36.1841336998 ], [ -115.2991044, 36.184136399799996 ], [ -115.2991017, 36.184136399799996 ], [ -115.2991017, 36.184139099799999 ], [ -115.2990963, 36.184139099799999 ], [ -115.2990963, 36.184141799799995 ], [ -115.2990909, 36.184141799799995 ], [ -115.2990909, 36.184144499799999 ], [ -115.2990882, 36.184144499799999 ], [ -115.2990882, 36.184147199800002 ], [ -115.2990828, 36.184147199800002 ], [ -115.2990828, 36.184149899799998 ], [ -115.2990801, 36.184149899799998 ], [ -115.2990801, 36.184152599800001 ], [ -115.2990747, 36.184152599800001 ], [ -115.2990747, 36.184155299799997 ], [ -115.2990693, 36.184155299799997 ], [ -115.2990693, 36.1841579998 ], [ -115.2990639, 36.1841579998 ], [ -115.2990639, 36.184160699799996 ], [ -115.2990612, 36.184160699799996 ], [ -115.2990612, 36.184163399799999 ], [ -115.2990558, 36.184163399799999 ], [ -115.2990558, 36.184166099800002 ], [ -115.2990531, 36.184166099800002 ], [ -115.2990531, 36.184168799799998 ], [ -115.2990477, 36.184168799799998 ], [ -115.2990477, 36.184171499800001 ], [ -115.299045, 36.184171499800001 ], [ -115.299045, 36.184174199799997 ], [ -115.2990396, 36.184174199799997 ], [ -115.2990396, 36.184176899800001 ], [ -115.2990342, 36.184176899800001 ], [ -115.2990342, 36.184179599799997 ], [ -115.2990288, 36.184179599799997 ], [ -115.2990288, 36.1841822998 ], [ -115.2990234, 36.1841822998 ], [ -115.2990234, 36.184184999799996 ] ] ] } },
{ "type": "Feature", "properties": { "value": 255.0 }, "geometry": { "type": "Polygon", "coordinates": [ [ [ -115.2998226, 36.184128299800001 ], [ -115.2998145, 36.184128299800001 ], [ -115.2998145, 36.184125599799998 ], [ -115.2998091, 36.184125599799998 ], [ -115.2998091, 36.184122899800002 ], [ -115.2998064, 36.184122899800002 ], [ -115.2998064, 36.184120199799999 ], [ -115.299801, 36.184120199799999 ], [ -115.299801, 36.184117499799996 ], [ -115.2997983, 36.184117499799996 ], [ -115.2997983, 36.1841147998 ], [ -115.2997929, 36.1841147998 ], [ -115.2997929, 36.184112099799997 ], [ -115.2997902, 36.184112099799997 ], [ -115.2997902, 36.184109399800001 ], [ -115.2997848, 36.184109399800001 ], [ -115.2997848, 36.184106699799997 ], [ -115.2997821, 36.184106699799997 ], [ -115.2997821, 36.184103999800001 ], [ -115.2997794, 36.184103999800001 ], [ -115.2997794, 36.184101299799998 ], [ -115.299774, 36.184101299799998 ], [ -115.299774, 36.184098599800002 ], [ -115.2997713, 36.184098599800002 ], [ -115.2997713, 36.184095899799999 ], [ -115.2997659, 36.184095899799999 ], [ -115.2997659, 36.184093199799996 ], [ -115.2997632, 36.184093199799996 ], [ -115.2997632, 36.184087799799997 ], [ -115.2997605, 36.184087799799997 ], [ -115.2997605, 36.184085099800001 ], [ -115.2997632, 36.184085099800001 ], [ -115.2997632, 36.184076999799998 ], [ -115.2997605, 36.184076999799998 ], [ -115.2997605, 36.184071599799999 ], [ -115.2997632, 36.184071599799999 ], [ -115.2997632, 36.1840661998 ], [ -115.2997659, 36.1840661998 ], [ -115.2997659, 36.184063499799997 ], [ -115.2997686, 36.184063499799997 ], [ -115.2997686, 36.184060799800001 ], [ -115.2997713, 36.184060799800001 ], [ -115.2997713, 36.184058099799998 ], [ -115.2997767, 36.184058099799998 ], [ -115.2997767, 36.184055399800002 ], [ -115.2997821, 36.184055399800002 ], [ -115.2997821, 36.184052699799999 ], [ -115.2997848, 36.184052699799999 ], [ -115.2997848, 36.184049999799996 ], [ -115.2997875, 36.184049999799996 ], [ -115.2997875, 36.1840472998 ], [ -115.2997902, 36.1840472998 ], [ -115.2997902, 36.184044599799996 ], [ -115.2997929, 36.184044599799996 ], [ -115.2997929, 36.1840418998 ], [ -115.2997956, 36.1840418998 ], [ -115.2997956, 36.184036499800001 ], [ -115.2997983, 36.184036499800001 ], [ -115.2997983, 36.184033799799998 ], [ -115.299801, 36.184033799799998 ], [ -115.299801, 36.184031099800002 ], [ -115.2998037, 36.184031099800002 ], [ -115.2998037, 36.184028399799999 ], [ -115.2998091, 36.184028399799999 ], [ -115.2998091, 36.184025699799996 ], [ -115.2998145, 36.184025699799996 ], [ -115.2998145, 36.1840229998 ], [ -115.2998199, 36.1840229998 ], [ -115.2998199, 36.184020299799997 ], [ -115.299828, 36.184020299799997 ], [ -115.299828, 36.184017599800001 ], [ -115.2998334, 36.184017599800001 ], [ -115.2998334, 36.184014899799998 ], [ -115.2998361, 36.184014899799998 ], [ -115.2998361, 36.184012199800001 ], [ -115.2998415, 36.184012199800001 ], [ -115.2998415, 36.184009499799998 ], [ -115.2998442, 36.184009499799998 ], [ -115.2998442, 36.184006799799995 ], [ -115.2998496, 36.184006799799995 ], [ -115.2998496, 36.184004099799999 ], [ -115.299855, 36.184004099799999 ], [ -115.299855, 36.184001399799996 ], [ -115.2998604, 36.184001399799996 ], [ -115.2998604, 36.1839986998 ], [ -115.2998658, 36.1839986998 ], [ -115.2998658, 36.183995999799997 ], [ -115.2998847, 36.183995999799997 ], [ -115.2998847, 36.1839986998 ], [ -115.2998928, 36.1839986998 ], [ -115.2998928, 36.184001399799996 ], [ -115.2999009, 36.184001399799996 ], [ -115.2999009, 36.184004099799999 ], [ -115.2999063, 36.184004099799999 ], [ -115.2999063, 36.184006799799995 ], [ -115.299909, 36.184006799799995 ], [ -115.299909, 36.184009499799998 ], [ -115.2999117, 36.184009499799998 ], [ -115.2999117, 36.184012199800001 ], [ -115.2999144, 36.184012199800001 ], [ -115.2999144, 36.184028399799999 ], [ -115.2999117, 36.184028399799999 ], [ -115.2999117, 36.184033799799998 ], [ -115.299909, 36.184033799799998 ], [ -115.299909, 36.1840418998 ], [ -115.2999063, 36.1840418998 ], [ -115.2999063, 36.1840472998 ], [ -115.2999036, 36.1840472998 ], [ -115.2999036, 36.184049999799996 ], [ -115.2999009, 36.184049999799996 ], [ -115.2999009, 36.184055399800002 ], [ -115.2998982, 36.184055399800002 ], [ -115.2998982, 36.184058099799998 ], [ -115.2998955, 36.184058099799998 ], [ -115.2998955, 36.184063499799997 ], [ -115.2998928, 36.184063499799997 ], [ -115.2998928, 36.1840661998 ], [ -115.2998901, 36.1840661998 ], [ -115.2998901, 36.184068899799996 ], [ -115.2998874, 36.184068899799996 ], [ -115.2998874, 36.184071599799999 ], [ -115.2998847, 36.184071599799999 ], [ -115.2998847, 36.184074299799995 ], [ -115.299882, 36.184074299799995 ], [ -115.299882, 36.184076999799998 ], [ -115.2998793, 36.184076999799998 ], [ -115.2998793, 36.184079699800002 ], [ -115.2998766, 36.184079699800002 ], [ -115.2998766, 36.184082399799998 ], [ -115.2998739, 36.184082399799998 ], [ -115.2998739, 36.184085099800001 ], [ -115.2998658, 36.184085099800001 ], [ -115.2998658, 36.184087799799997 ], [ -115.2998631, 36.184087799799997 ], [ -115.2998631, 36.1840904998 ], [ -115.2998604, 36.1840904998 ], [ -115.2998604, 36.184093199799996 ], [ -115.2998577, 36.184093199799996 ], [ -115.2998577, 36.184095899799999 ], [ -115.299855, 36.184095899799999 ], [ -115.299855, 36.184098599800002 ], [ -115.2998523, 36.184098599800002 ], [ -115.2998523, 36.184101299799998 ], [ -115.2998496, 36.184101299799998 ], [ -115.2998496, 36.184103999800001 ], [ -115.2998469, 36.184103999800001 ], [ -115.2998469, 36.184106699799997 ], [ -115.2998442, 36.184106699799997 ], [ -115.2998442, 36.184109399800001 ], [ -115.2998415, 36.184109399800001 ], [ -115.2998415, 36.184112099799997 ], [ -115.2998361, 36.184112099799997 ], [ -115.2998361, 36.1841147998 ], [ -115.2998334, 36.1841147998 ], [ -115.2998334, 36.184120199799999 ], [ -115.2998307, 36.184120199799999 ], [ -115.2998307, 36.184122899800002 ], [ -115.299828, 36.184122899800002 ], [ -115.299828, 36.184125599799998 ], [ -115.2998226, 36.184125599799998 ], [ -115.2998226, 36.184128299800001 ] ] ] } },
{ "type": "Feature", "properties": { "value": 255.0 }, "geometry": { "type": "Polygon", "coordinates": [ [ [ -115.2997362, 36.184060799800001 ], [ -115.2997254, 36.184060799800001 ], [ -115.2997254, 36.184058099799998 ], [ -115.2997173, 36.184058099799998 ], [ -115.2997173, 36.184055399800002 ], [ -115.2997146, 36.184055399800002 ], [ -115.2997146, 36.184052699799999 ], [ -115.2997092, 36.184052699799999 ], [ -115.2997092, 36.184049999799996 ], [ -115.2997065, 36.184049999799996 ], [ -115.2997065, 36.1840472998 ], [ -115.2997011, 36.1840472998 ], [ -115.2997011, 36.184044599799996 ], [ -115.2996957, 36.184044599799996 ], [ -115.2996957, 36.1840418998 ], [ -115.2996903, 36.1840418998 ], [ -115.2996903, 36.184039199799997 ], [ -115.2996876, 36.184039199799997 ], [ -115.2996876, 36.184036499800001 ], [ -115.2996849, 36.184036499800001 ], [ -115.2996849, 36.184033799799998 ], [ -115.2996795, 36.184033799799998 ], [ -115.2996795, 36.184031099800002 ], [ -115.2996768, 36.184031099800002 ], [ -115.2996768, 36.184028399799999 ], [ -115.2996741, 36.184028399799999 ], [ -115.2996741, 36.184025699799996 ], [ -115.2996687, 36.184025699799996 ], [ -115.2996687, 36.1840229998 ], [ -115.299666, 36.1840229998 ], [ -115.299666, 36.184017599800001 ], [ -115.2996633, 36.184017599800001 ], [ -115.2996633, 36.184009499799998 ], [ -115.299666, 36.184009499799998 ], [ -115.299666, 36.184004099799999 ], [ -115.2996687, 36.184004099799999 ], [ -115.2996687, 36.184001399799996 ], [ -115.2996714, 36.184001399799996 ], [ -115.2996714, 36.1839986998 ], [ -115.2996741, 36.1839986998 ], [ -115.2996741, 36.183993299800001 ], [ -115.2996795, 36.183993299800001 ], [ -115.2996795, 36.183990599799998 ], [ -115.2996849, 36.183990599799998 ], [ -115.2996849, 36.183987899800002 ], [ -115.2996903, 36.183987899800002 ], [ -115.2996903, 36.183985199799999 ], [ -115.299693, 36.183985199799999 ], [ -115.299693, 36.183982499799995 ], [ -115.2996957, 36.183982499799995 ], [ -115.2996957, 36.183979799799999 ], [ -115.2996984, 36.183979799799999 ], [ -115.2996984, 36.1839743998 ], [ -115.2997011, 36.1839743998 ], [ -115.2997011, 36.183971699799997 ], [ -115.2997038, 36.183971699799997 ], [ -115.2997038, 36.183968999800001 ], [ -115.2997065, 36.183968999800001 ], [ -115.2997065, 36.183966299799998 ], [ -115.2997119, 36.183966299799998 ], [ -115.2997119, 36.183963599800002 ], [ -115.2997146, 36.183963599800002 ], [ -115.2997146, 36.183960899799999 ], [ -115.2997173, 36.183960899799999 ], [ -115.2997173, 36.1839554998 ], [ -115.29972, 36.1839554998 ], [ -115.29972, 36.183952799799997 ], [ -115.2997227, 36.183952799799997 ], [ -115.2997227, 36.183947399799997 ], [ -115.2997254, 36.183947399799997 ], [ -115.2997254, 36.183944699800001 ], [ -115.2997308, 36.183944699800001 ], [ -115.2997308, 36.183941999799998 ], [ -115.2997362, 36.183941999799998 ], [ -115.2997362, 36.183939299799995 ], [ -115.2997416, 36.183939299799995 ], [ -115.2997416, 36.183936599799999 ], [ -115.2997443, 36.183936599799999 ], [ -115.2997443, 36.183933899799996 ], [ -115.299747, 36.183933899799996 ], [ -115.299747, 36.1839311998 ], [ -115.2997497, 36.1839311998 ], [ -115.2997497, 36.183928499799997 ], [ -115.2997524, 36.183928499799997 ], [ -115.2997524, 36.183925799800001 ], [ -115.2997551, 36.183925799800001 ], [ -115.2997551, 36.183923099799998 ], [ -115.2997605, 36.183923099799998 ], [ -115.2997605, 36.183920399800002 ], [ -115.2997713, 36.183920399800002 ], [ -115.2997713, 36.183917699799999 ], [ -115.2997929, 36.183917699799999 ], [ -115.2997929, 36.183920399800002 ], [ -115.2998064, 36.183920399800002 ], [ -115.2998064, 36.183923099799998 ], [ -115.2998145, 36.183923099799998 ], [ -115.2998145, 36.183925799800001 ], [ -115.2998253, 36.183925799800001 ], [ -115.2998253, 36.183928499799997 ], [ -115.2998361, 36.183928499799997 ], [ -115.2998361, 36.1839311998 ], [ -115.2998388, 36.1839311998 ], [ -115.2998388, 36.183933899799996 ], [ -115.2998415, 36.183933899799996 ], [ -115.2998415, 36.183936599799999 ], [ -115.2998442, 36.183936599799999 ], [ -115.2998442, 36.183939299799995 ], [ -115.2998469, 36.183939299799995 ], [ -115.2998469, 36.183958199799996 ], [ -115.2998442, 36.183958199799996 ], [ -115.2998442, 36.183963599800002 ], [ -115.2998415, 36.183963599800002 ], [ -115.2998415, 36.183968999800001 ], [ -115.2998388, 36.183968999800001 ], [ -115.2998388, 36.183971699799997 ], [ -115.2998361, 36.183971699799997 ], [ -115.2998361, 36.1839743998 ], [ -115.2998334, 36.1839743998 ], [ -115.2998334, 36.183977099799996 ], [ -115.2998307, 36.183977099799996 ], [ -115.2998307, 36.183979799799999 ], [ -115.299828, 36.183979799799999 ], [ -115.299828, 36.183982499799995 ], [ -115.2998253, 36.183982499799995 ], [ -115.2998253, 36.183987899800002 ], [ -115.2998226, 36.183987899800002 ], [ -115.2998226, 36.183990599799998 ], [ -115.2998199, 36.183990599799998 ], [ -115.2998199, 36.183993299800001 ], [ -115.2998145, 36.183993299800001 ], [ -115.2998145, 36.183995999799997 ], [ -115.2998091, 36.183995999799997 ], [ -115.2998091, 36.1839986998 ], [ -115.2998064, 36.1839986998 ], [ -115.2998064, 36.184001399799996 ], [ -115.299801, 36.184001399799996 ], [ -115.299801, 36.184004099799999 ], [ -115.2997983, 36.184004099799999 ], [ -115.2997983, 36.184006799799995 ], [ -115.2997956, 36.184006799799995 ], [ -115.2997956, 36.184012199800001 ], [ -115.2997929, 36.184012199800001 ], [ -115.2997929, 36.184014899799998 ], [ -115.2997902, 36.184014899799998 ], [ -115.2997902, 36.184017599800001 ], [ -115.2997848, 36.184017599800001 ], [ -115.2997848, 36.184020299799997 ], [ -115.2997821, 36.184020299799997 ], [ -115.2997821, 36.1840229998 ], [ -115.2997794, 36.1840229998 ], [ -115.2997794, 36.184025699799996 ], [ -115.299774, 36.184025699799996 ], [ -115.299774, 36.184028399799999 ], [ -115.2997713, 36.184028399799999 ], [ -115.2997713, 36.184031099800002 ], [ -115.2997686, 36.184031099800002 ], [ -115.2997686, 36.184033799799998 ], [ -115.2997659, 36.184033799799998 ], [ -115.2997659, 36.184036499800001 ], [ -115.2997632, 36.184036499800001 ], [ -115.2997632, 36.184039199799997 ], [ -115.2997605, 36.184039199799997 ], [ -115.2997605, 36.1840418998 ], [ -115.2997551, 36.1840418998 ], [ -115.2997551, 36.184044599799996 ], [ -115.2997524, 36.184044599799996 ], [ -115.2997524, 36.1840472998 ], [ -115.2997497, 36.1840472998 ], [ -115.2997497, 36.184049999799996 ], [ -115.299747, 36.184049999799996 ], [ -115.299747, 36.184052699799999 ], [ -115.2997443, 36.184052699799999 ], [ -115.2997443, 36.184055399800002 ], [ -115.2997416, 36.184055399800002 ], [ -115.2997416, 36.184058099799998 ], [ -115.2997362, 36.184058099799998 ], [ -115.2997362, 36.184060799800001 ] ] ] } },
{ "type": "Feature", "properties": { "value": 255.0 }, "geometry": { "type": "Polygon", "coordinates": [ [ [ -115.2989559, 36.184058099799998 ], [ -115.2989532, 36.184058099799998 ], [ -115.2989532, 36.184055399800002 ], [ -115.2989451, 36.184055399800002 ], [ -115.2989451, 36.184052699799999 ], [ -115.2989397, 36.184052699799999 ], [ -115.2989397, 36.184049999799996 ], [ -115.298937, 36.184049999799996 ], [ -115.298937, 36.1840472998 ], [ -115.2989343, 36.1840472998 ], [ -115.2989343, 36.184044599799996 ], [ -115.2989316, 36.184044599799996 ], [ -115.2989316, 36.184031099800002 ], [ -115.2989289, 36.184031099800002 ], [ -115.2989289, 36.184020299799997 ], [ -115.2989316, 36.184020299799997 ], [ -115.2989316, 36.184012199800001 ], [ -115.2989343, 36.184012199800001 ], [ -115.2989343, 36.184006799799995 ], [ -115.2989316, 36.184006799799995 ], [ -115.2989316, 36.183993299800001 ], [ -115.2989289, 36.183993299800001 ], [ -115.2989289, 36.183979799799999 ], [ -115.2989316, 36.183979799799999 ], [ -115.2989316, 36.1839743998 ], [ -115.2989343, 36.1839743998 ], [ -115.2989343, 36.183971699799997 ], [ -115.2989397, 36.183971699799997 ], [ -115.2989397, 36.183968999800001 ], [ -115.2989505, 36.183968999800001 ], [ -115.2989505, 36.183966299799998 ], [ -115.2989586, 36.183966299799998 ], [ -115.2989586, 36.183963599800002 ], [ -115.2989613, 36.183963599800002 ], [ -115.2989613, 36.183960899799999 ], [ -115.298964, 36.183960899799999 ], [ -115.298964, 36.1839554998 ], [ -115.2989667, 36.1839554998 ], [ -115.2989667, 36.183950099800001 ], [ -115.2989694, 36.183950099800001 ], [ -115.2989694, 36.183947399799997 ], [ -115.2989721, 36.183947399799997 ], [ -115.2989721, 36.183944699800001 ], [ -115.2989775, 36.183944699800001 ], [ -115.2989775, 36.183941999799998 ], [ -115.2989802, 36.183941999799998 ], [ -115.2989802, 36.183939299799995 ], [ -115.2989883, 36.183939299799995 ], [ -115.2989883, 36.183936599799999 ], [ -115.2989964, 36.183936599799999 ], [ -115.2989964, 36.183933899799996 ], [ -115.2990045, 36.183933899799996 ], [ -115.2990045, 36.1839311998 ], [ -115.2990234, 36.1839311998 ], [ -115.2990234, 36.183928499799997 ], [ -115.2990288, 36.183928499799997 ], [ -115.2990288, 36.183925799800001 ], [ -115.2990315, 36.183925799800001 ], [ -115.2990315, 36.183923099799998 ], [ -115.2990342, 36.183923099799998 ], [ -115.2990342, 36.183917699799999 ], [ -115.2990369, 36.183917699799999 ], [ -115.2990369, 36.183914999799995 ], [ -115.2990396, 36.183914999799995 ], [ -115.2990396, 36.183912299799999 ], [ -115.2990477, 36.183912299799999 ], [ -115.2990477, 36.183909599799996 ], [ -115.2990612, 36.183909599799996 ], [ -115.2990612, 36.1839068998 ], [ -115.2990666, 36.1839068998 ], [ -115.2990666, 36.183909599799996 ], [ -115.2990747, 36.183909599799996 ], [ -115.2990747, 36.183912299799999 ], [ -115.2990774, 36.183912299799999 ], [ -115.2990774, 36.183920399800002 ], [ -115.2990747, 36.183920399800002 ], [ -115.2990747, 36.183923099799998 ], [ -115.299072, 36.183923099799998 ], [ -115.299072, 36.183928499799997 ], [ -115.2990693, 36.183928499799997 ], [ -115.2990693, 36.1839311998 ], [ -115.299072, 36.1839311998 ], [ -115.299072, 36.183933899799996 ], [ -115.2990774, 36.183933899799996 ], [ -115.2990774, 36.183936599799999 ], [ -115.2990855, 36.183936599799999 ], [ -115.2990855, 36.183939299799995 ], [ -115.2990963, 36.183939299799995 ], [ -115.2990963, 36.183941999799998 ], [ -115.2991044, 36.183941999799998 ], [ -115.2991044, 36.183944699800001 ], [ -115.2991098, 36.183944699800001 ], [ -115.2991098, 36.183947399799997 ], [ -115.2991125, 36.183947399799997 ], [ -115.2991125, 36.183950099800001 ], [ -115.2991152, 36.183950099800001 ], [ -115.2991152, 36.183968999800001 ], [ -115.2991179, 36.183968999800001 ], [ -115.2991179, 36.1839743998 ], [ -115.2991152, 36.1839743998 ], [ -115.2991152, 36.183982499799995 ], [ -115.2991125, 36.183982499799995 ], [ -115.2991125, 36.183985199799999 ], [ -115.2991071, 36.183985199799999 ], [ -115.2991071, 36.183987899800002 ], [ -115.2991017, 36.183987899800002 ], [ -115.2991017, 36.183990599799998 ], [ -115.2990963, 36.183990599799998 ], [ -115.2990963, 36.183993299800001 ], [ -115.2990936, 36.183993299800001 ], [ -115.2990936, 36.183995999799997 ], [ -115.2990882, 36.183995999799997 ], [ -115.2990882, 36.1839986998 ], [ -115.2990828, 36.1839986998 ], [ -115.2990828, 36.184001399799996 ], [ -115.2990801, 36.184001399799996 ], [ -115.2990801, 36.184004099799999 ], [ -115.2990747, 36.184004099799999 ], [ -115.2990747, 36.184006799799995 ], [ -115.299072, 36.184006799799995 ], [ -115.299072, 36.184009499799998 ], [ -115.2990666, 36.184009499799998 ], [ -115.2990666, 36.184012199800001 ], [ -115.2990612, 36.184012199800001 ], [ -115.2990612, 36.184014899799998 ], [ -115.2990558, 36.184014899799998 ], [ -115.2990558, 36.184017599800001 ], [ -115.2990504, 36.184017599800001 ], [ -115.2990504, 36.184020299799997 ], [ -115.299045, 36.184020299799997 ], [ -115.299045, 36.1840229998 ], [ -115.2990423, 36.1840229998 ], [ -115.2990423, 36.184025699799996 ], [ -115.2990369, 36.184025699799996 ], [ -115.2990369, 36.184028399799999 ], [ -115.2990342, 36.184028399799999 ], [ -115.2990342, 36.184031099800002 ], [ -115.2990288, 36.184031099800002 ], [ -115.2990288, 36.184033799799998 ], [ -115.2990261, 36.184033799799998 ], [ -115.2990261, 36.184036499800001 ], [ -115.2990207, 36.184036499800001 ], [ -115.2990207, 36.184039199799997 ], [ -115.299018, 36.184039199799997 ], [ -115.299018, 36.1840418998 ], [ -115.2990126, 36.1840418998 ], [ -115.2990126, 36.184044599799996 ], [ -115.2990072, 36.184044599799996 ], [ -115.2990072, 36.1840472998 ], [ -115.2989991, 36.1840472998 ], [ -115.2989991, 36.184049999799996 ], [ -115.2989721, 36.184049999799996 ], [ -115.2989721, 36.184052699799999 ], [ -115.298964, 36.184052699799999 ], [ -115.298964, 36.184055399800002 ], [ -115.2989559, 36.184055399800002 ], [ -115.2989559, 36.184058099799998 ] ] ] } },
{ "type": "Feature", "properties": { "value": 255.0 }, "geometry": { "type": "Polygon", "coordinates": [ [ [ -115.3004355, 36.183982499799995 ], [ -115.3004139, 36.183982499799995 ], [ -115.3004139, 36.183979799799999 ], [ -115.3004058, 36.183979799799999 ], [ -115.3004058, 36.183977099799996 ], [ -115.3003923, 36.183977099799996 ], [ -115.3003923, 36.1839743998 ], [ -115.3003842, 36.1839743998 ], [ -115.3003842, 36.183971699799997 ], [ -115.3003788, 36.183971699799997 ], [ -115.3003788, 36.183968999800001 ], [ -115.3003734, 36.183968999800001 ], [ -115.3003734, 36.183966299799998 ], [ -115.300368, 36.183966299799998 ], [ -115.300368, 36.183963599800002 ], [ -115.3003653, 36.183963599800002 ], [ -115.3003653, 36.183960899799999 ], [ -115.3003599, 36.183960899799999 ], [ -115.3003599, 36.183958199799996 ], [ -115.3003572, 36.183958199799996 ], [ -115.3003572, 36.1839554998 ], [ -115.3003518, 36.1839554998 ], [ -115.3003518, 36.183952799799997 ], [ -115.3003491, 36.183952799799997 ], [ -115.3003491, 36.183950099800001 ], [ -115.3003464, 36.183950099800001 ], [ -115.3003464, 36.183947399799997 ], [ -115.300341, 36.183947399799997 ], [ -115.300341, 36.183944699800001 ], [ -115.3003356, 36.183944699800001 ], [ -115.3003356, 36.183941999799998 ], [ -115.3003302, 36.183941999799998 ], [ -115.3003302, 36.183939299799995 ], [ -115.3003275, 36.183939299799995 ], [ -115.3003275, 36.183936599799999 ], [ -115.3003248, 36.183936599799999 ], [ -115.3003248, 36.183933899799996 ], [ -115.3003221, 36.183933899799996 ], [ -115.3003221, 36.1839311998 ], [ -115.3003194, 36.1839311998 ], [ -115.3003194, 36.183917699799999 ], [ -115.3003221, 36.183917699799999 ], [ -115.3003221, 36.183912299799999 ], [ -115.3003275, 36.183912299799999 ], [ -115.3003275, 36.183909599799996 ], [ -115.3003302, 36.183909599799996 ], [ -115.3003302, 36.1839068998 ], [ -115.3003329, 36.1839068998 ], [ -115.3003329, 36.183904199799997 ], [ -115.3003383, 36.183904199799997 ], [ -115.3003383, 36.183901499800001 ], [ -115.3003437, 36.183901499800001 ], [ -115.3003437, 36.183898799799998 ], [ -115.3003464, 36.183898799799998 ], [ -115.3003464, 36.183896099800002 ], [ -115.3003518, 36.183896099800002 ], [ -115.3003518, 36.183893399799999 ], [ -115.3003545, 36.183893399799999 ], [ -115.3003545, 36.183890699799996 ], [ -115.3003572, 36.183890699799996 ], [ -115.3003572, 36.1838879998 ], [ -115.3003599, 36.1838879998 ], [ -115.3003599, 36.183885299799996 ], [ -115.3003626, 36.183885299799996 ], [ -115.3003626, 36.1838825998 ], [ -115.3003653, 36.1838825998 ], [ -115.3003653, 36.183879899799997 ], [ -115.300368, 36.183879899799997 ], [ -115.300368, 36.183877199800001 ], [ -115.3003842, 36.183877199800001 ], [ -115.3003842, 36.183879899799997 ], [ -115.300395, 36.183879899799997 ], [ -115.300395, 36.1838825998 ], [ -115.3004031, 36.1838825998 ], [ -115.3004031, 36.183885299799996 ], [ -115.3004085, 36.183885299799996 ], [ -115.3004085, 36.1838879998 ], [ -115.3004139, 36.1838879998 ], [ -115.3004139, 36.183890699799996 ], [ -115.3004193, 36.183890699799996 ], [ -115.3004193, 36.183893399799999 ], [ -115.300422, 36.183893399799999 ], [ -115.300422, 36.183896099800002 ], [ -115.3004247, 36.183896099800002 ], [ -115.3004247, 36.183898799799998 ], [ -115.3004274, 36.183898799799998 ], [ -115.3004274, 36.183901499800001 ], [ -115.3004301, 36.183901499800001 ], [ -115.3004301, 36.1839068998 ], [ -115.3004328, 36.1839068998 ], [ -115.3004328, 36.183909599799996 ], [ -115.3004382, 36.183909599799996 ], [ -115.3004382, 36.183912299799999 ], [ -115.3004409, 36.183912299799999 ], [ -115.3004409, 36.183914999799995 ], [ -115.3004463, 36.183914999799995 ], [ -115.3004463, 36.183917699799999 ], [ -115.300449, 36.183917699799999 ], [ -115.300449, 36.183920399800002 ], [ -115.3004517, 36.183920399800002 ], [ -115.3004517, 36.183923099799998 ], [ -115.3004544, 36.183923099799998 ], [ -115.3004544, 36.183925799800001 ], [ -115.3004571, 36.183925799800001 ], [ -115.3004571, 36.183928499799997 ], [ -115.3004598, 36.183928499799997 ], [ -115.3004598, 36.1839311998 ], [ -115.3004652, 36.1839311998 ], [ -115.3004652, 36.183933899799996 ], [ -115.3004706, 36.183933899799996 ], [ -115.3004706, 36.183939299799995 ], [ -115.3004733, 36.183939299799995 ], [ -115.3004733, 36.183947399799997 ], [ -115.3004706, 36.183947399799997 ], [ -115.3004706, 36.183952799799997 ], [ -115.3004679, 36.183952799799997 ], [ -115.3004679, 36.1839554998 ], [ -115.3004652, 36.1839554998 ], [ -115.3004652, 36.183958199799996 ], [ -115.3004625, 36.183958199799996 ], [ -115.3004625, 36.183960899799999 ], [ -115.3004598, 36.183960899799999 ], [ -115.3004598, 36.183966299799998 ], [ -115.3004571, 36.183966299799998 ], [ -115.3004571, 36.183968999800001 ], [ -115.3004544, 36.183968999800001 ], [ -115.3004544, 36.183971699799997 ], [ -115.3004517, 36.183971699799997 ], [ -115.3004517, 36.1839743998 ], [ -115.3004463, 36.1839743998 ], [ -115.3004463, 36.183977099799996 ], [ -115.3004436, 36.183977099799996 ], [ -115.3004436, 36.183979799799999 ], [ -115.3004355, 36.183979799799999 ], [ -115.3004355, 36.183982499799995 ] ] ] } },
{ "type": "Feature", "properties": { "value": 255.0 }, "geometry": { "type": "Polygon", "coordinates": [ [ [ -115.2996282, 36.1839743998 ], [ -115.299612, 36.1839743998 ], [ -115.299612, 36.183971699799997 ], [ -115.2996066, 36.183971699799997 ], [ -115.2996066, 36.183968999800001 ], [ -115.2996039, 36.183968999800001 ], [ -115.2996039, 36.183966299799998 ], [ -115.2995985, 36.183966299799998 ], [ -115.2995985, 36.183960899799999 ], [ -115.2995958, 36.183960899799999 ], [ -115.2995958, 36.183958199799996 ], [ -115.2995904, 36.183958199799996 ], [ -115.2995904, 36.1839554998 ], [ -115.2995877, 36.1839554998 ], [ -115.2995877, 36.183952799799997 ], [ -115.299585, 36.183952799799997 ], [ -115.299585, 36.183950099800001 ], [ -115.2995823, 36.183950099800001 ], [ -115.2995823, 36.183947399799997 ], [ -115.2995769, 36.183947399799997 ], [ -115.2995769, 36.183944699800001 ], [ -115.2995742, 36.183944699800001 ], [ -115.2995742, 36.183941999799998 ], [ -115.2995688, 36.183941999799998 ], [ -115.2995688, 36.183936599799999 ], [ -115.2995661, 36.183936599799999 ], [ -115.2995661, 36.183933899799996 ], [ -115.2995634, 36.183933899799996 ], [ -115.2995634, 36.183914999799995 ], [ -115.2995661, 36.183914999799995 ], [ -115.2995661, 36.183912299799999 ], [ -115.2995688, 36.183912299799999 ], [ -115.2995688, 36.183909599799996 ], [ -115.2995715, 36.183909599799996 ], [ -115.2995715, 36.1839068998 ], [ -115.2995769, 36.1839068998 ], [ -115.2995769, 36.183904199799997 ], [ -115.2995823, 36.183904199799997 ], [ -115.2995823, 36.183901499800001 ], [ -115.2995877, 36.183901499800001 ], [ -115.2995877, 36.183898799799998 ], [ -115.2995931, 36.183898799799998 ], [ -115.2995931, 36.183896099800002 ], [ -115.2995958, 36.183896099800002 ], [ -115.2995958, 36.183893399799999 ], [ -115.2995985, 36.183893399799999 ], [ -115.2995985, 36.183890699799996 ], [ -115.2996039, 36.183890699799996 ], [ -115.2996039, 36.1838879998 ], [ -115.2996066, 36.1838879998 ], [ -115.2996066, 36.183885299799996 ], [ -115.2996093, 36.183885299799996 ], [ -115.2996093, 36.1838825998 ], [ -115.2996147, 36.1838825998 ], [ -115.2996147, 36.183879899799997 ], [ -115.2996174, 36.183879899799997 ], [ -115.2996174, 36.183877199800001 ], [ -115.2996228, 36.183877199800001 ], [ -115.2996228, 36.183874499799998 ], [ -115.2996255, 36.183874499799998 ], [ -115.2996255, 36.183871799799995 ], [ -115.2996309, 36.183871799799995 ], [ -115.2996309, 36.183869099799999 ], [ -115.2996336, 36.183869099799999 ], [ -115.2996336, 36.183866399799996 ], [ -115.2996363, 36.183866399799996 ], [ -115.2996363, 36.183860999799997 ], [ -115.299639, 36.183860999799997 ], [ -115.299639, 36.183858299800001 ], [ -115.2996417, 36.183858299800001 ], [ -115.2996417, 36.183855599799998 ], [ -115.2996471, 36.183855599799998 ], [ -115.2996471, 36.183852899800002 ], [ -115.299666, 36.183852899800002 ], [ -115.299666, 36.183850199799998 ], [ -115.2996795, 36.183850199799998 ], [ -115.2996795, 36.183847499799995 ], [ -115.299693, 36.183847499799995 ], [ -115.299693, 36.183844799799999 ], [ -115.2996984, 36.183844799799999 ], [ -115.2996984, 36.183847499799995 ], [ -115.2997254, 36.183847499799995 ], [ -115.2997254, 36.183850199799998 ], [ -115.2997281, 36.183850199799998 ], [ -115.2997281, 36.183852899800002 ], [ -115.2997308, 36.183852899800002 ], [ -115.2997308, 36.183855599799998 ], [ -115.2997335, 36.183855599799998 ], [ -115.2997335, 36.183879899799997 ], [ -115.2997308, 36.183879899799997 ], [ -115.2997308, 36.183885299799996 ], [ -115.2997254, 36.183885299799996 ], [ -115.2997254, 36.1838879998 ], [ -115.2997227, 36.1838879998 ], [ -115.2997227, 36.183890699799996 ], [ -115.29972, 36.183890699799996 ], [ -115.29972, 36.183893399799999 ], [ -115.2997146, 36.183893399799999 ], [ -115.2997146, 36.183896099800002 ], [ -115.2997119, 36.183896099800002 ], [ -115.2997119, 36.183898799799998 ], [ -115.2997092, 36.183898799799998 ], [ -115.2997092, 36.183901499800001 ], [ -115.2997065, 36.183901499800001 ], [ -115.2997065, 36.183904199799997 ], [ -115.2997038, 36.183904199799997 ], [ -115.2997038, 36.183917699799999 ], [ -115.2997011, 36.183917699799999 ], [ -115.2997011, 36.183920399800002 ], [ -115.2996984, 36.183920399800002 ], [ -115.2996984, 36.183923099799998 ], [ -115.2996957, 36.183923099799998 ], [ -115.2996957, 36.183925799800001 ], [ -115.299693, 36.183925799800001 ], [ -115.299693, 36.183928499799997 ], [ -115.2996876, 36.183928499799997 ], [ -115.2996876, 36.1839311998 ], [ -115.2996849, 36.1839311998 ], [ -115.2996849, 36.183933899799996 ], [ -115.2996795, 36.183933899799996 ], [ -115.2996795, 36.183936599799999 ], [ -115.2996768, 36.183936599799999 ], [ -115.2996768, 36.183939299799995 ], [ -115.2996741, 36.183939299799995 ], [ -115.2996741, 36.183941999799998 ], [ -115.2996687, 36.183941999799998 ], [ -115.2996687, 36.183944699800001 ], [ -115.299666, 36.183944699800001 ], [ -115.299666, 36.183947399799997 ], [ -115.2996633, 36.183947399799997 ], [ -115.2996633, 36.183950099800001 ], [ -115.2996579, 36.183950099800001 ], [ -115.2996579, 36.183952799799997 ], [ -115.2996552, 36.183952799799997 ], [ -115.2996552, 36.1839554998 ], [ -115.2996525, 36.1839554998 ], [ -115.2996525, 36.183958199799996 ], [ -115.2996471, 36.183958199799996 ], [ -115.2996471, 36.183960899799999 ], [ -115.2996444, 36.183960899799999 ], [ -115.2996444, 36.183963599800002 ], [ -115.2996417, 36.183963599800002 ], [ -115.2996417, 36.183966299799998 ], [ -115.2996363, 36.183966299799998 ], [ -115.2996363, 36.183968999800001 ], [ -115.2996336, 36.183968999800001 ], [ -115.2996336, 36.183971699799997 ], [ -115.2996282, 36.183971699799997 ], [ -115.2996282, 36.1839743998 ] ] ] } },
{ "type": "Feature", "properties": { "value": 255.0 }, "geometry": { "type": "Polygon", "coordinates": [ [ [ -115.2988317, 36.183968999800001 ], [ -115.2988182, 36.183968999800001 ], [ -115.2988182, 36.183966299799998 ], [ -115.2988155, 36.183966299799998 ], [ -115.2988155, 36.183963599800002 ], [ -115.2988128, 36.183963599800002 ], [ -115.2988128, 36.183960899799999 ], [ -115.2988101, 36.183960899799999 ], [ -115.2988101, 36.183958199799996 ], [ -115.2988074, 36.183958199799996 ], [ -115.2988074, 36.1839554998 ], [ -115.2987993, 36.1839554998 ], [ -115.2987993, 36.183952799799997 ], [ -115.2987939, 36.183952799799997 ], [ -115.2987939, 36.183950099800001 ], [ -115.2987912, 36.183950099800001 ], [ -115.2987912, 36.183944699800001 ], [ -115.2987885, 36.183944699800001 ], [ -115.2987885, 36.183933899799996 ], [ -115.2987858, 36.183933899799996 ], [ -115.2987858, 36.183917699799999 ], [ -115.2987885, 36.183917699799999 ], [ -115.2987885, 36.183912299799999 ], [ -115.2987912, 36.183912299799999 ], [ -115.2987912, 36.183909599799996 ], [ -115.2987939, 36.183909599799996 ], [ -115.2987939, 36.1839068998 ], [ -115.2987966, 36.1839068998 ], [ -115.2987966, 36.183904199799997 ], [ -115.298802, 36.183904199799997 ], [ -115.298802, 36.183901499800001 ], [ -115.2988128, 36.183901499800001 ], [ -115.2988128, 36.183898799799998 ], [ -115.2988182, 36.183898799799998 ], [ -115.2988182, 36.183896099800002 ], [ -115.2988209, 36.183896099800002 ], [ -115.2988209, 36.183893399799999 ], [ -115.2988236, 36.183893399799999 ], [ -115.2988236, 36.183890699799996 ], [ -115.2988263, 36.183890699799996 ], [ -115.2988263, 36.183869099799999 ], [ -115.298829, 36.183869099799999 ], [ -115.298829, 36.183866399799996 ], [ -115.2988344, 36.183866399799996 ], [ -115.2988344, 36.1838636998 ], [ -115.2988452, 36.1838636998 ], [ -115.2988452, 36.183860999799997 ], [ -115.2988533, 36.183860999799997 ], [ -115.2988533, 36.183858299800001 ], [ -115.2988587, 36.183858299800001 ], [ -115.2988587, 36.183855599799998 ], [ -115.2988641, 36.183855599799998 ], [ -115.2988641, 36.183852899800002 ], [ -115.2988668, 36.183852899800002 ], [ -115.2988668, 36.183847499799995 ], [ -115.2988695, 36.183847499799995 ], [ -115.2988695, 36.183844799799999 ], [ -115.2988722, 36.183844799799999 ], [ -115.2988722, 36.183842099799996 ], [ -115.2988749, 36.183842099799996 ], [ -115.2988749, 36.1838393998 ], [ -115.298883, 36.1838393998 ], [ -115.298883, 36.183836699799997 ], [ -115.2988938, 36.183836699799997 ], [ -115.2988938, 36.183833999800001 ], [ -115.2988992, 36.183833999800001 ], [ -115.2988992, 36.183831299799998 ], [ -115.2989019, 36.183831299799998 ], [ -115.2989019, 36.183828599800002 ], [ -115.2989046, 36.183828599800002 ], [ -115.2989046, 36.183825899799999 ], [ -115.2989073, 36.183825899799999 ], [ -115.2989073, 36.183823199799996 ], [ -115.2989127, 36.183823199799996 ], [ -115.2989127, 36.183820499799999 ], [ -115.2989181, 36.183820499799999 ], [ -115.2989181, 36.183817799799996 ], [ -115.2989316, 36.183817799799996 ], [ -115.2989316, 36.1838150998 ], [ -115.2989451, 36.1838150998 ], [ -115.2989451, 36.183812399799997 ], [ -115.2989532, 36.183812399799997 ], [ -115.2989532, 36.183809699800001 ], [ -115.2989613, 36.183809699800001 ], [ -115.2989613, 36.183806999799998 ], [ -115.2989667, 36.183806999799998 ], [ -115.2989667, 36.183804299799995 ], [ -115.2989748, 36.183804299799995 ], [ -115.2989748, 36.183806999799998 ], [ -115.2989775, 36.183806999799998 ], [ -115.2989775, 36.183809699800001 ], [ -115.2989802, 36.183809699800001 ], [ -115.2989802, 36.183812399799997 ], [ -115.2989829, 36.183812399799997 ], [ -115.2989829, 36.183831299799998 ], [ -115.2989856, 36.183831299799998 ], [ -115.2989856, 36.183836699799997 ], [ -115.2989964, 36.183836699799997 ], [ -115.2989964, 36.1838393998 ], [ -115.2990099, 36.1838393998 ], [ -115.2990099, 36.183842099799996 ], [ -115.299018, 36.183842099799996 ], [ -115.299018, 36.183844799799999 ], [ -115.2990261, 36.183844799799999 ], [ -115.2990261, 36.183847499799995 ], [ -115.2990342, 36.183847499799995 ], [ -115.2990342, 36.183850199799998 ], [ -115.2990369, 36.183850199799998 ], [ -115.2990369, 36.183860999799997 ], [ -115.2990342, 36.183860999799997 ], [ -115.2990342, 36.1838636998 ], [ -115.2990315, 36.1838636998 ], [ -115.2990315, 36.183874499799998 ], [ -115.2990288, 36.183874499799998 ], [ -115.2990288, 36.183877199800001 ], [ -115.2990261, 36.183877199800001 ], [ -115.2990261, 36.183879899799997 ], [ -115.2990234, 36.183879899799997 ], [ -115.2990234, 36.1838825998 ], [ -115.299018, 36.1838825998 ], [ -115.299018, 36.183885299799996 ], [ -115.2990153, 36.183885299799996 ], [ -115.2990153, 36.1838879998 ], [ -115.2990099, 36.1838879998 ], [ -115.2990099, 36.183890699799996 ], [ -115.2990045, 36.183890699799996 ], [ -115.2990045, 36.183893399799999 ], [ -115.2989991, 36.183893399799999 ], [ -115.2989991, 36.183896099800002 ], [ -115.2989937, 36.183896099800002 ], [ -115.2989937, 36.183898799799998 ], [ -115.2989883, 36.183898799799998 ], [ -115.2989883, 36.183901499800001 ], [ -115.2989829, 36.183901499800001 ], [ -115.2989829, 36.183904199799997 ], [ -115.2989802, 36.183904199799997 ], [ -115.2989802, 36.1839068998 ], [ -115.2989748, 36.1839068998 ], [ -115.2989748, 36.183909599799996 ], [ -115.2989694, 36.183909599799996 ], [ -115.2989694, 36.183912299799999 ], [ -115.298964, 36.183912299799999 ], [ -115.298964, 36.183914999799995 ], [ -115.2989586, 36.183914999799995 ], [ -115.2989586, 36.183917699799999 ], [ -115.2989532, 36.183917699799999 ], [ -115.2989532, 36.183920399800002 ], [ -115.2989478, 36.183920399800002 ], [ -115.2989478, 36.183923099799998 ], [ -115.2989451, 36.183923099799998 ], [ -115.2989451, 36.183925799800001 ], [ -115.2989397, 36.183925799800001 ], [ -115.2989397, 36.183928499799997 ], [ -115.2989343, 36.183928499799997 ], [ -115.2989343, 36.1839311998 ], [ -115.2989289, 36.1839311998 ], [ -115.2989289, 36.183933899799996 ], [ -115.2989235, 36.183933899799996 ], [ -115.2989235, 36.183936599799999 ], [ -115.2989208, 36.183936599799999 ], [ -115.2989208, 36.183939299799995 ], [ -115.2989154, 36.183939299799995 ], [ -115.2989154, 36.183941999799998 ], [ -115.2989127, 36.183941999799998 ], [ -115.2989127, 36.183944699800001 ], [ -115.2989073, 36.183944699800001 ], [ -115.2989073, 36.183947399799997 ], [ -115.2989019, 36.183947399799997 ], [ -115.2989019, 36.183950099800001 ], [ -115.2988884, 36.183950099800001 ], [ -115.2988884, 36.183947399799997 ], [ -115.298883, 36.183947399799997 ], [ -115.298883, 36.183950099800001 ], [ -115.2988722, 36.183950099800001 ], [ -115.2988722, 36.183952799799997 ], [ -115.2988479, 36.183952799799997 ], [ -115.2988479, 36.1839554998 ], [ -115.2988452, 36.1839554998 ], [ -115.2988452, 36.183958199799996 ], [ -115.2988425, 36.183958199799996 ], [ -115.2988425, 36.183960899799999 ], [ -115.2988398, 36.183960899799999 ], [ -115.2988398, 36.183963599800002 ], [ -115.2988371, 36.183963599800002 ], [ -115.2988371, 36.183966299799998 ], [ -115.2988317, 36.183966299799998 ], [ -115.2988317, 36.183968999800001 ] ] ] } },
{ "type": "Feature", "properties": { "value": 255.0 }, "geometry": { "type": "Polygon", "coordinates": [ [ [ -115.299531, 36.183909599799996 ], [ -115.2995175, 36.183909599799996 ], [ -115.2995175, 36.1839068998 ], [ -115.2995121, 36.1839068998 ], [ -115.2995121, 36.183904199799997 ], [ -115.2995094, 36.183904199799997 ], [ -115.2995094, 36.183901499800001 ], [ -115.2995067, 36.183901499800001 ], [ -115.2995067, 36.183896099800002 ], [ -115.299504, 36.183896099800002 ], [ -115.299504, 36.183890699799996 ], [ -115.2995013, 36.183890699799996 ], [ -115.2995013, 36.1838879998 ], [ -115.2994986, 36.1838879998 ], [ -115.2994986, 36.183885299799996 ], [ -115.2994959, 36.183885299799996 ], [ -115.2994959, 36.1838825998 ], [ -115.2994905, 36.1838825998 ], [ -115.2994905, 36.183879899799997 ], [ -115.2994878, 36.183879899799997 ], [ -115.2994878, 36.183877199800001 ], [ -115.2994824, 36.183877199800001 ], [ -115.2994824, 36.183874499799998 ], [ -115.2994797, 36.183874499799998 ], [ -115.2994797, 36.183871799799995 ], [ -115.2994743, 36.183871799799995 ], [ -115.2994743, 36.183869099799999 ], [ -115.2994716, 36.183869099799999 ], [ -115.2994716, 36.183866399799996 ], [ -115.2994689, 36.183866399799996 ], [ -115.2994689, 36.1838636998 ], [ -115.2994662, 36.1838636998 ], [ -115.2994662, 36.183858299800001 ], [ -115.2994635, 36.183858299800001 ], [ -115.2994635, 36.183850199799998 ], [ -115.2994662, 36.183850199799998 ], [ -115.2994662, 36.183847499799995 ], [ -115.2994689, 36.183847499799995 ], [ -115.2994689, 36.183844799799999 ], [ -115.2994716, 36.183844799799999 ], [ -115.2994716, 36.183842099799996 ], [ -115.299477, 36.183842099799996 ], [ -115.299477, 36.1838393998 ], [ -115.2994824, 36.1838393998 ], [ -115.2994824, 36.183836699799997 ], [ -115.2994878, 36.183836699799997 ], [ -115.2994878, 36.183833999800001 ], [ -115.2994932, 36.183833999800001 ], [ -115.2994932, 36.183831299799998 ], [ -115.2994986, 36.183831299799998 ], [ -115.2994986, 36.183828599800002 ], [ -115.299504, 36.183828599800002 ], [ -115.299504, 36.183825899799999 ], [ -115.2995067, 36.183825899799999 ], [ -115.2995067, 36.183823199799996 ], [ -115.2995121, 36.183823199799996 ], [ -115.2995121, 36.183820499799999 ], [ -115.2995175, 36.183820499799999 ], [ -115.2995175, 36.183817799799996 ], [ -115.2995229, 36.183817799799996 ], [ -115.2995229, 36.1838150998 ], [ -115.2995256, 36.1838150998 ], [ -115.2995256, 36.183812399799997 ], [ -115.2995283, 36.183812399799997 ], [ -115.2995283, 36.183809699800001 ], [ -115.299531, 36.183809699800001 ], [ -115.299531, 36.183806999799998 ], [ -115.2995337, 36.183806999799998 ], [ -115.2995337, 36.183804299799995 ], [ -115.2995364, 36.183804299799995 ], [ -115.2995364, 36.183801599799999 ], [ -115.2995391, 36.183801599799999 ], [ -115.2995391, 36.183798899799996 ], [ -115.2995445, 36.183798899799996 ], [ -115.2995445, 36.1837961998 ], [ -115.2995526, 36.1837961998 ], [ -115.2995526, 36.183793499799997 ], [ -115.299558, 36.183793499799997 ], [ -115.299558, 36.183790799800001 ], [ -115.2995661, 36.183790799800001 ], [ -115.2995661, 36.183788099799997 ], [ -115.2995715, 36.183788099799997 ], [ -115.2995715, 36.183785399800001 ], [ -115.2995769, 36.183785399800001 ], [ -115.2995769, 36.183782699799998 ], [ -115.299585, 36.183782699799998 ], [ -115.299585, 36.183779999799995 ], [ -115.2995904, 36.183779999799995 ], [ -115.2995904, 36.183777299799999 ], [ -115.2995931, 36.183777299799999 ], [ -115.2995931, 36.183774599799996 ], [ -115.2995958, 36.183774599799996 ], [ -115.2995958, 36.1837718998 ], [ -115.2995985, 36.1837718998 ], [ -115.2995985, 36.183766499800001 ], [ -115.2996039, 36.183766499800001 ], [ -115.2996039, 36.183763799799998 ], [ -115.2996093, 36.183763799799998 ], [ -115.2996093, 36.183761099800002 ], [ -115.2996471, 36.183761099800002 ], [ -115.2996471, 36.183763799799998 ], [ -115.2996498, 36.183763799799998 ], [ -115.2996498, 36.183766499800001 ], [ -115.2996525, 36.183766499800001 ], [ -115.2996525, 36.183769199799997 ], [ -115.2996552, 36.183769199799997 ], [ -115.2996552, 36.1837718998 ], [ -115.2996579, 36.1837718998 ], [ -115.2996579, 36.183774599799996 ], [ -115.2996606, 36.183774599799996 ], [ -115.2996606, 36.183777299799999 ], [ -115.2996633, 36.183777299799999 ], [ -115.2996633, 36.183779999799995 ], [ -115.299666, 36.183779999799995 ], [ -115.299666, 36.183782699799998 ], [ -115.2996687, 36.183782699799998 ], [ -115.2996687, 36.183785399800001 ], [ -115.2996714, 36.183785399800001 ], [ -115.2996714, 36.183798899799996 ], [ -115.2996687, 36.183798899799996 ], [ -115.2996687, 36.183804299799995 ], [ -115.299666, 36.183804299799995 ], [ -115.299666, 36.183809699800001 ], [ -115.2996633, 36.183809699800001 ], [ -115.2996633, 36.183812399799997 ], [ -115.2996606, 36.183812399799997 ], [ -115.2996606, 36.1838150998 ], [ -115.2996579, 36.1838150998 ], [ -115.2996579, 36.183817799799996 ], [ -115.2996552, 36.183817799799996 ], [ -115.2996552, 36.183820499799999 ], [ -115.2996525, 36.183820499799999 ], [ -115.2996525, 36.183823199799996 ], [ -115.2996498, 36.183823199799996 ], [ -115.2996498, 36.183825899799999 ], [ -115.2996444, 36.183825899799999 ], [ -115.2996444, 36.183828599800002 ], [ -115.2996363, 36.183828599800002 ], [ -115.2996363, 36.183831299799998 ], [ -115.2996336, 36.183831299799998 ], [ -115.2996336, 36.183833999800001 ], [ -115.2996309, 36.183833999800001 ], [ -115.2996309, 36.1838393998 ], [ -115.2996282, 36.1838393998 ], [ -115.2996282, 36.183842099799996 ], [ -115.2996255, 36.183842099799996 ], [ -115.2996255, 36.183844799799999 ], [ -115.2996228, 36.183844799799999 ], [ -115.2996228, 36.183847499799995 ], [ -115.2996201, 36.183847499799995 ], [ -115.2996201, 36.183850199799998 ], [ -115.2996174, 36.183850199799998 ], [ -115.2996174, 36.183852899800002 ], [ -115.2996147, 36.183852899800002 ], [ -115.2996147, 36.183855599799998 ], [ -115.299612, 36.183855599799998 ], [ -115.299612, 36.183858299800001 ], [ -115.2996066, 36.183858299800001 ], [ -115.2996066, 36.183860999799997 ], [ -115.2996039, 36.183860999799997 ], [ -115.2996039, 36.1838636998 ], [ -115.2996012, 36.1838636998 ], [ -115.2996012, 36.183866399799996 ], [ -115.2995958, 36.183866399799996 ], [ -115.2995958, 36.183869099799999 ], [ -115.2995931, 36.183869099799999 ], [ -115.2995931, 36.183871799799995 ], [ -115.2995877, 36.183871799799995 ], [ -115.2995877, 36.183874499799998 ], [ -115.299585, 36.183874499799998 ], [ -115.299585, 36.183877199800001 ], [ -115.2995796, 36.183877199800001 ], [ -115.2995796, 36.183879899799997 ], [ -115.2995769, 36.183879899799997 ], [ -115.2995769, 36.1838825998 ], [ -115.2995715, 36.1838825998 ], [ -115.2995715, 36.183885299799996 ], [ -115.2995661, 36.183885299799996 ], [ -115.2995661, 36.1838879998 ], [ -115.2995418, 36.1838879998 ], [ -115.2995418, 36.183890699799996 ], [ -115.2995391, 36.183890699799996 ], [ -115.2995391, 36.183901499800001 ], [ -115.2995364, 36.183901499800001 ], [ -115.2995364, 36.1839068998 ], [ -115.299531, 36.1839068998 ], [ -115.299531, 36.183909599799996 ] ] ] } },
{ "type": "Feature", "properties": { "value": 255.0 }, "geometry": { "type": "Polygon", "coordinates": [ [ [ -115.3004976, 36.183917699799999 ], [ -115.3004922, 36.183917699799999 ], [ -115.3004922, 36.183914999799995 ], [ -115.3004868, 36.183914999799995 ], [ -115.3004868, 36.183912299799999 ], [ -115.3004814, 36.183912299799999 ], [ -115.3004814, 36.183909599799996 ], [ -115.300476, 36.183909599799996 ], [ -115.300476, 36.1839068998 ], [ -115.3004733, 36.1839068998 ], [ -115.3004733, 36.183904199799997 ], [ -115.3004706, 36.183904199799997 ], [ -115.3004706, 36.183901499800001 ], [ -115.3004652, 36.183901499800001 ], [ -115.3004652, 36.183898799799998 ], [ -115.3004625, 36.183898799799998 ], [ -115.3004625, 36.183896099800002 ], [ -115.3004598, 36.183896099800002 ], [ -115.3004598, 36.183893399799999 ], [ -115.3004544, 36.183893399799999 ], [ -115.3004544, 36.183890699799996 ], [ -115.3004517, 36.183890699799996 ], [ -115.3004517, 36.1838879998 ], [ -115.3004463, 36.1838879998 ], [ -115.3004463, 36.183885299799996 ], [ -115.3004436, 36.183885299799996 ], [ -115.3004436, 36.1838825998 ], [ -115.3004409, 36.1838825998 ], [ -115.3004409, 36.183879899799997 ], [ -115.3004355, 36.183879899799997 ], [ -115.3004355, 36.183874499799998 ], [ -115.3004328, 36.183874499799998 ], [ -115.3004328, 36.183860999799997 ], [ -115.3004301, 36.183860999799997 ], [ -115.3004301, 36.183858299800001 ], [ -115.3004274, 36.183858299800001 ], [ -115.3004274, 36.183855599799998 ], [ -115.3004247, 36.183855599799998 ], [ -115.3004247, 36.183852899800002 ], [ -115.3004193, 36.183852899800002 ], [ -115.3004193, 36.183850199799998 ], [ -115.3004166, 36.183850199799998 ], [ -115.3004166, 36.183847499799995 ], [ -115.3004139, 36.183847499799995 ], [ -115.3004139, 36.183844799799999 ], [ -115.3004112, 36.183844799799999 ], [ -115.3004112, 36.183842099799996 ], [ -115.3004085, 36.183842099799996 ], [ -115.3004085, 36.1838393998 ], [ -115.3004058, 36.1838393998 ], [ -115.3004058, 36.183836699799997 ], [ -115.3004031, 36.183836699799997 ], [ -115.3004031, 36.183833999800001 ], [ -115.3003977, 36.183833999800001 ], [ -115.3003977, 36.183831299799998 ], [ -115.300395, 36.183831299799998 ], [ -115.300395, 36.183825899799999 ], [ -115.3003923, 36.183825899799999 ], [ -115.3003923, 36.1838150998 ], [ -115.300395, 36.1838150998 ], [ -115.300395, 36.183812399799997 ], [ -115.3003977, 36.183812399799997 ], [ -115.3003977, 36.183809699800001 ], [ -115.3004004, 36.183809699800001 ], [ -115.3004004, 36.183806999799998 ], [ -115.3004031, 36.183806999799998 ], [ -115.3004031, 36.183804299799995 ], [ -115.3004085, 36.183804299799995 ], [ -115.3004085, 36.183801599799999 ], [ -115.3004382, 36.183801599799999 ], [ -115.3004382, 36.183798899799996 ], [ -115.3004517, 36.183798899799996 ], [ -115.3004517, 36.1837961998 ], [ -115.300476, 36.1837961998 ], [ -115.300476, 36.183798899799996 ], [ -115.3004841, 36.183798899799996 ], [ -115.3004841, 36.183793499799997 ], [ -115.3004814, 36.183793499799997 ], [ -115.3004814, 36.183788099799997 ], [ -115.300476, 36.183788099799997 ], [ -115.300476, 36.183785399800001 ], [ -115.3004733, 36.183785399800001 ], [ -115.3004733, 36.183782699799998 ], [ -115.3004706, 36.183782699799998 ], [ -115.3004706, 36.183779999799995 ], [ -115.3004679, 36.183779999799995 ], [ -115.3004679, 36.183774599799996 ], [ -115.3004652, 36.183774599799996 ], [ -115.3004652, 36.1837718998 ], [ -115.3004625, 36.1837718998 ], [ -115.3004625, 36.183766499800001 ], [ -115.3004598, 36.183766499800001 ], [ -115.3004598, 36.183752999799999 ], [ -115.3004625, 36.183752999799999 ], [ -115.3004625, 36.183750299799996 ], [ -115.3004652, 36.183750299799996 ], [ -115.3004652, 36.1837475998 ], [ -115.3004706, 36.1837475998 ], [ -115.3004706, 36.183744899799997 ], [ -115.300476, 36.183744899799997 ], [ -115.300476, 36.183742199800001 ], [ -115.3004814, 36.183742199800001 ], [ -115.3004814, 36.183739499799998 ], [ -115.3004895, 36.183739499799998 ], [ -115.3004895, 36.183736799799995 ], [ -115.3004976, 36.183736799799995 ], [ -115.3004976, 36.183917699799999 ] ] ] } },
{ "type": "Feature", "properties": { "value": 255.0 }, "geometry": { "type": "Polygon", "coordinates": [ [ [ -115.3000629, 36.183842099799996 ], [ -115.3000494, 36.183842099799996 ], [ -115.3000494, 36.1838393998 ], [ -115.300044, 36.1838393998 ], [ -115.300044, 36.183836699799997 ], [ -115.3000413, 36.183836699799997 ], [ -115.3000413, 36.183831299799998 ], [ -115.3000386, 36.183831299799998 ], [ -115.3000386, 36.183825899799999 ], [ -115.3000359, 36.183825899799999 ], [ -115.3000359, 36.183823199799996 ], [ -115.3000332, 36.183823199799996 ], [ -115.3000332, 36.183820499799999 ], [ -115.3000143, 36.183820499799999 ], [ -115.3000143, 36.183823199799996 ], [ -115.3000035, 36.183823199799996 ], [ -115.3000035, 36.183820499799999 ], [ -115.2999981, 36.183820499799999 ], [ -115.2999981, 36.183817799799996 ], [ -115.2999927, 36.183817799799996 ], [ -115.2999927, 36.1838150998 ], [ -115.29999, 36.1838150998 ], [ -115.29999, 36.183812399799997 ], [ -115.2999873, 36.183812399799997 ], [ -115.2999873, 36.183809699800001 ], [ -115.2999846, 36.183809699800001 ], [ -115.2999846, 36.183806999799998 ], [ -115.2999792, 36.183806999799998 ], [ -115.2999792, 36.183804299799995 ], [ -115.2999765, 36.183804299799995 ], [ -115.2999765, 36.183801599799999 ], [ -115.2999738, 36.183801599799999 ], [ -115.2999738, 36.183798899799996 ], [ -115.2999684, 36.183798899799996 ], [ -115.2999684, 36.1837961998 ], [ -115.299963, 36.1837961998 ], [ -115.299963, 36.183793499799997 ], [ -115.2999576, 36.183793499799997 ], [ -115.2999576, 36.183790799800001 ], [ -115.2999522, 36.183790799800001 ], [ -115.2999522, 36.183788099799997 ], [ -115.2999495, 36.183788099799997 ], [ -115.2999495, 36.183785399800001 ], [ -115.2999468, 36.183785399800001 ], [ -115.2999468, 36.183782699799998 ], [ -115.2999441, 36.183782699799998 ], [ -115.2999441, 36.183779999799995 ], [ -115.2999414, 36.183779999799995 ], [ -115.2999414, 36.183777299799999 ], [ -115.2999387, 36.183777299799999 ], [ -115.2999387, 36.183774599799996 ], [ -115.299936, 36.183774599799996 ], [ -115.299936, 36.1837718998 ], [ -115.2999306, 36.1837718998 ], [ -115.2999306, 36.183769199799997 ], [ -115.2999225, 36.183769199799997 ], [ -115.2999225, 36.183766499800001 ], [ -115.2999171, 36.183766499800001 ], [ -115.2999171, 36.183763799799998 ], [ -115.2999144, 36.183763799799998 ], [ -115.2999144, 36.183761099800002 ], [ -115.2999117, 36.183761099800002 ], [ -115.2999117, 36.183758399799999 ], [ -115.299909, 36.183758399799999 ], [ -115.299909, 36.183755699799995 ], [ -115.2999063, 36.183755699799995 ], [ -115.2999063, 36.183752999799999 ], [ -115.2999036, 36.183752999799999 ], [ -115.2999036, 36.183750299799996 ], [ -115.2999009, 36.183750299799996 ], [ -115.2999009, 36.1837475998 ], [ -115.2998982, 36.1837475998 ], [ -115.2998982, 36.183742199800001 ], [ -115.2998955, 36.183742199800001 ], [ -115.2998955, 36.183736799799995 ], [ -115.2998982, 36.183736799799995 ], [ -115.2998982, 36.183731399799996 ], [ -115.2999009, 36.183731399799996 ], [ -115.2999009, 36.1837286998 ], [ -115.2999036, 36.1837286998 ], [ -115.2999036, 36.183725999799996 ], [ -115.299909, 36.183725999799996 ], [ -115.299909, 36.1837232998 ], [ -115.2999117, 36.1837232998 ], [ -115.2999117, 36.183720599799997 ], [ -115.2999171, 36.183720599799997 ], [ -115.2999171, 36.183717899800001 ], [ -115.2999198, 36.183717899800001 ], [ -115.2999198, 36.183715199799998 ], [ -115.2999252, 36.183715199799998 ], [ -115.2999252, 36.183712499799995 ], [ -115.2999279, 36.183712499799995 ], [ -115.2999279, 36.183709799799999 ], [ -115.2999306, 36.183709799799999 ], [ -115.2999306, 36.183707099799996 ], [ -115.2999333, 36.183707099799996 ], [ -115.2999333, 36.1837043998 ], [ -115.299936, 36.1837043998 ], [ -115.299936, 36.183698999800001 ], [ -115.2999387, 36.183698999800001 ], [ -115.2999387, 36.183696299799998 ], [ -115.2999414, 36.183696299799998 ], [ -115.2999414, 36.183693599800002 ], [ -115.2999468, 36.183693599800002 ], [ -115.2999468, 36.183690899799998 ], [ -115.2999684, 36.183690899799998 ], [ -115.2999684, 36.183693599800002 ], [ -115.2999738, 36.183693599800002 ], [ -115.2999738, 36.183696299799998 ], [ -115.2999792, 36.183696299799998 ], [ -115.2999792, 36.183698999800001 ], [ -115.2999819, 36.183698999800001 ], [ -115.2999819, 36.1837043998 ], [ -115.2999846, 36.1837043998 ], [ -115.2999846, 36.183707099799996 ], [ -115.2999873, 36.183707099799996 ], [ -115.2999873, 36.183712499799995 ], [ -115.29999, 36.183712499799995 ], [ -115.29999, 36.183715199799998 ], [ -115.2999927, 36.183715199799998 ], [ -115.2999927, 36.183717899800001 ], [ -115.3000035, 36.183717899800001 ], [ -115.3000035, 36.183720599799997 ], [ -115.3000089, 36.183720599799997 ], [ -115.3000089, 36.183725999799996 ], [ -115.3000116, 36.183725999799996 ], [ -115.3000116, 36.1837286998 ], [ -115.3000143, 36.1837286998 ], [ -115.3000143, 36.183731399799996 ], [ -115.300017, 36.183731399799996 ], [ -115.300017, 36.183734099799999 ], [ -115.3000197, 36.183734099799999 ], [ -115.3000197, 36.183736799799995 ], [ -115.3000224, 36.183736799799995 ], [ -115.3000224, 36.183739499799998 ], [ -115.3000251, 36.183739499799998 ], [ -115.3000251, 36.183742199800001 ], [ -115.3000278, 36.183742199800001 ], [ -115.3000278, 36.183744899799997 ], [ -115.3000332, 36.183744899799997 ], [ -115.3000332, 36.1837475998 ], [ -115.3000359, 36.1837475998 ], [ -115.3000359, 36.183750299799996 ], [ -115.3000386, 36.183750299799996 ], [ -115.3000386, 36.183752999799999 ], [ -115.300044, 36.183752999799999 ], [ -115.300044, 36.183755699799995 ], [ -115.3000467, 36.183755699799995 ], [ -115.3000467, 36.183758399799999 ], [ -115.3000521, 36.183758399799999 ], [ -115.3000521, 36.183761099800002 ], [ -115.3000548, 36.183761099800002 ], [ -115.3000548, 36.183763799799998 ], [ -115.3000602, 36.183763799799998 ], [ -115.3000602, 36.183766499800001 ], [ -115.3000629, 36.183766499800001 ], [ -115.3000629, 36.183769199799997 ], [ -115.3000656, 36.183769199799997 ], [ -115.3000656, 36.1837718998 ], [ -115.300071, 36.1837718998 ], [ -115.300071, 36.183774599799996 ], [ -115.3000737, 36.183774599799996 ], [ -115.3000737, 36.183777299799999 ], [ -115.3000791, 36.183777299799999 ], [ -115.3000791, 36.183779999799995 ], [ -115.3000818, 36.183779999799995 ], [ -115.3000818, 36.183782699799998 ], [ -115.3000845, 36.183782699799998 ], [ -115.3000845, 36.183785399800001 ], [ -115.3000872, 36.183785399800001 ], [ -115.3000872, 36.183788099799997 ], [ -115.3000899, 36.183788099799997 ], [ -115.3000899, 36.183793499799997 ], [ -115.3000926, 36.183793499799997 ], [ -115.3000926, 36.183812399799997 ], [ -115.3000899, 36.183812399799997 ], [ -115.3000899, 36.183820499799999 ], [ -115.3000872, 36.183820499799999 ], [ -115.3000872, 36.183823199799996 ], [ -115.3000845, 36.183823199799996 ], [ -115.3000845, 36.183825899799999 ], [ -115.3000818, 36.183825899799999 ], [ -115.3000818, 36.183828599800002 ], [ -115.3000791, 36.183828599800002 ], [ -115.3000791, 36.183831299799998 ], [ -115.3000764, 36.183831299799998 ], [ -115.3000764, 36.183833999800001 ], [ -115.3000737, 36.183833999800001 ], [ -115.3000737, 36.183836699799997 ], [ -115.3000683, 36.183836699799997 ], [ -115.3000683, 36.1838393998 ], [ -115.3000629, 36.1838393998 ], [ -115.3000629, 36.183842099799996 ] ] ] } },
{ "type": "Feature", "properties": { "value": 255.0 }, "geometry": { "type": "Polygon", "coordinates": [ [ [ -115.2987534, 36.183860999799997 ], [ -115.2987426, 36.183860999799997 ], [ -115.2987426, 36.183752999799999 ], [ -115.298748, 36.183752999799999 ], [ -115.298748, 36.183750299799996 ], [ -115.2987507, 36.183750299799996 ], [ -115.2987507, 36.1837475998 ], [ -115.2987534, 36.1837475998 ], [ -115.2987534, 36.183744899799997 ], [ -115.2987588, 36.183744899799997 ], [ -115.2987588, 36.183742199800001 ], [ -115.2987615, 36.183742199800001 ], [ -115.2987615, 36.183739499799998 ], [ -115.2987642, 36.183739499799998 ], [ -115.2987642, 36.183736799799995 ], [ -115.2987669, 36.183736799799995 ], [ -115.2987669, 36.183734099799999 ], [ -115.2987723, 36.183734099799999 ], [ -115.2987723, 36.183731399799996 ], [ -115.2987777, 36.183731399799996 ], [ -115.2987777, 36.1837286998 ], [ -115.2987831, 36.1837286998 ], [ -115.2987831, 36.183725999799996 ], [ -115.2987885, 36.183725999799996 ], [ -115.2987885, 36.1837232998 ], [ -115.2987912, 36.1837232998 ], [ -115.2987912, 36.183720599799997 ], [ -115.2987939, 36.183720599799997 ], [ -115.2987939, 36.183717899800001 ], [ -115.2987993, 36.183717899800001 ], [ -115.2987993, 36.183715199799998 ], [ -115.2988047, 36.183715199799998 ], [ -115.2988047, 36.183712499799995 ], [ -115.2988128, 36.183712499799995 ], [ -115.2988128, 36.183709799799999 ], [ -115.2988236, 36.183709799799999 ], [ -115.2988236, 36.183707099799996 ], [ -115.2988371, 36.183707099799996 ], [ -115.2988371, 36.1837043998 ], [ -115.2988452, 36.1837043998 ], [ -115.2988452, 36.183701699799997 ], [ -115.2988506, 36.183701699799997 ], [ -115.2988506, 36.183698999800001 ], [ -115.2988614, 36.183698999800001 ], [ -115.2988614, 36.183696299799998 ], [ -115.2988668, 36.183696299799998 ], [ -115.2988668, 36.183693599800002 ], [ -115.2988722, 36.183693599800002 ], [ -115.2988722, 36.183690899799998 ], [ -115.2988749, 36.183690899799998 ], [ -115.2988749, 36.183688199799995 ], [ -115.2988803, 36.183688199799995 ], [ -115.2988803, 36.183685499799999 ], [ -115.298883, 36.183685499799999 ], [ -115.298883, 36.1836800998 ], [ -115.2988857, 36.1836800998 ], [ -115.2988857, 36.183677399799997 ], [ -115.2988884, 36.183677399799997 ], [ -115.2988884, 36.183674699800001 ], [ -115.2988911, 36.183674699800001 ], [ -115.2988911, 36.183671999799998 ], [ -115.2988965, 36.183671999799998 ], [ -115.2988965, 36.183669299799995 ], [ -115.2989262, 36.183669299799995 ], [ -115.2989262, 36.183671999799998 ], [ -115.2989289, 36.183671999799998 ], [ -115.2989289, 36.183674699800001 ], [ -115.2989316, 36.183674699800001 ], [ -115.2989316, 36.183677399799997 ], [ -115.2989343, 36.183677399799997 ], [ -115.2989343, 36.183682799799996 ], [ -115.298937, 36.183682799799996 ], [ -115.298937, 36.183685499799999 ], [ -115.2989397, 36.183685499799999 ], [ -115.2989397, 36.183690899799998 ], [ -115.2989424, 36.183690899799998 ], [ -115.2989424, 36.183696299799998 ], [ -115.2989451, 36.183696299799998 ], [ -115.2989451, 36.183698999800001 ], [ -115.2989478, 36.183698999800001 ], [ -115.2989478, 36.183701699799997 ], [ -115.2989505, 36.183701699799997 ], [ -115.2989505, 36.1837043998 ], [ -115.2989532, 36.1837043998 ], [ -115.2989532, 36.183709799799999 ], [ -115.2989559, 36.183709799799999 ], [ -115.2989559, 36.183715199799998 ], [ -115.2989586, 36.183715199799998 ], [ -115.2989586, 36.183717899800001 ], [ -115.2989559, 36.183717899800001 ], [ -115.2989559, 36.1837232998 ], [ -115.2989532, 36.1837232998 ], [ -115.2989532, 36.183725999799996 ], [ -115.2989505, 36.183725999799996 ], [ -115.2989505, 36.1837286998 ], [ -115.2989451, 36.1837286998 ], [ -115.2989451, 36.183731399799996 ], [ -115.2989397, 36.183731399799996 ], [ -115.2989397, 36.183734099799999 ], [ -115.2989343, 36.183734099799999 ], [ -115.2989343, 36.183736799799995 ], [ -115.2989316, 36.183736799799995 ], [ -115.2989316, 36.183739499799998 ], [ -115.2989289, 36.183739499799998 ], [ -115.2989289, 36.183742199800001 ], [ -115.2989262, 36.183742199800001 ], [ -115.2989262, 36.1837718998 ], [ -115.2989235, 36.1837718998 ], [ -115.2989235, 36.183774599799996 ], [ -115.2989208, 36.183774599799996 ], [ -115.2989208, 36.183777299799999 ], [ -115.2989181, 36.183777299799999 ], [ -115.2989181, 36.183779999799995 ], [ -115.29891, 36.183779999799995 ], [ -115.29891, 36.183782699799998 ], [ -115.2989046, 36.183782699799998 ], [ -115.2989046, 36.183785399800001 ], [ -115.2988992, 36.183785399800001 ], [ -115.2988992, 36.183788099799997 ], [ -115.2988965, 36.183788099799997 ], [ -115.2988965, 36.183790799800001 ], [ -115.2988911, 36.183790799800001 ], [ -115.2988911, 36.183793499799997 ], [ -115.2988884, 36.183793499799997 ], [ -115.2988884, 36.1837961998 ], [ -115.298883, 36.1837961998 ], [ -115.298883, 36.183798899799996 ], [ -115.2988749, 36.183798899799996 ], [ -115.2988749, 36.183801599799999 ], [ -115.2988695, 36.183801599799999 ], [ -115.2988695, 36.183804299799995 ], [ -115.2988614, 36.183804299799995 ], [ -115.2988614, 36.183806999799998 ], [ -115.298856, 36.183806999799998 ], [ -115.298856, 36.183809699800001 ], [ -115.2988506, 36.183809699800001 ], [ -115.2988506, 36.183812399799997 ], [ -115.2988452, 36.183812399799997 ], [ -115.2988452, 36.1838150998 ], [ -115.2988398, 36.1838150998 ], [ -115.2988398, 36.183817799799996 ], [ -115.2988317, 36.183817799799996 ], [ -115.2988317, 36.183820499799999 ], [ -115.2988263, 36.183820499799999 ], [ -115.2988263, 36.183823199799996 ], [ -115.2988209, 36.183823199799996 ], [ -115.2988209, 36.183825899799999 ], [ -115.2988182, 36.183825899799999 ], [ -115.2988182, 36.183828599800002 ], [ -115.2988128, 36.183828599800002 ], [ -115.2988128, 36.183831299799998 ], [ -115.2988101, 36.183831299799998 ], [ -115.2988101, 36.183833999800001 ], [ -115.2988074, 36.183833999800001 ], [ -115.2988074, 36.183836699799997 ], [ -115.2987993, 36.183836699799997 ], [ -115.2987993, 36.1838393998 ], [ -115.2987939, 36.1838393998 ], [ -115.2987939, 36.183842099799996 ], [ -115.2987885, 36.183842099799996 ], [ -115.2987885, 36.183844799799999 ], [ -115.2987831, 36.183844799799999 ], [ -115.2987831, 36.183847499799995 ], [ -115.2987777, 36.183847499799995 ], [ -115.2987777, 36.183850199799998 ], [ -115.2987723, 36.183850199799998 ], [ -115.2987723, 36.183852899800002 ], [ -115.2987669, 36.183852899800002 ], [ -115.2987669, 36.183855599799998 ], [ -115.2987615, 36.183855599799998 ], [ -115.2987615, 36.183858299800001 ], [ -115.2987534, 36.183858299800001 ], [ -115.2987534, 36.183860999799997 ] ] ] } },
{ "type": "Feature", "properties": { "value": 255.0 }, "geometry": { "type": "Polygon", "coordinates": [ [ [ -115.3001277, 36.183774599799996 ], [ -115.3001115, 36.183774599799996 ], [ -115.3001115, 36.1837718998 ], [ -115.3001061, 36.1837718998 ], [ -115.3001061, 36.183769199799997 ], [ -115.3001007, 36.183769199799997 ], [ -115.3001007, 36.183766499800001 ], [ -115.3000953, 36.183766499800001 ], [ -115.3000953, 36.183763799799998 ], [ -115.3000926, 36.183763799799998 ], [ -115.3000926, 36.183761099800002 ], [ -115.3000899, 36.183761099800002 ], [ -115.3000899, 36.183758399799999 ], [ -115.3000872, 36.183758399799999 ], [ -115.3000872, 36.183755699799995 ], [ -115.3000845, 36.183755699799995 ], [ -115.3000845, 36.183752999799999 ], [ -115.3000791, 36.183752999799999 ], [ -115.3000791, 36.183750299799996 ], [ -115.3000764, 36.183750299799996 ], [ -115.3000764, 36.1837475998 ], [ -115.300071, 36.1837475998 ], [ -115.300071, 36.183744899799997 ], [ -115.3000683, 36.183744899799997 ], [ -115.3000683, 36.183742199800001 ], [ -115.3000629, 36.183742199800001 ], [ -115.3000629, 36.183739499799998 ], [ -115.3000602, 36.183739499799998 ], [ -115.3000602, 36.183736799799995 ], [ -115.3000575, 36.183736799799995 ], [ -115.3000575, 36.183734099799999 ], [ -115.3000521, 36.183734099799999 ], [ -115.3000521, 36.183731399799996 ], [ -115.3000494, 36.183731399799996 ], [ -115.3000494, 36.1837286998 ], [ -115.300044, 36.1837286998 ], [ -115.300044, 36.183725999799996 ], [ -115.3000386, 36.183725999799996 ], [ -115.3000386, 36.1837232998 ], [ -115.3000332, 36.1837232998 ], [ -115.3000332, 36.183720599799997 ], [ -115.3000278, 36.183720599799997 ], [ -115.3000278, 36.183717899800001 ], [ -115.3000251, 36.183717899800001 ], [ -115.3000251, 36.183715199799998 ], [ -115.3000197, 36.183715199799998 ], [ -115.3000197, 36.183712499799995 ], [ -115.3000143, 36.183712499799995 ], [ -115.3000143, 36.183709799799999 ], [ -115.3000116, 36.183709799799999 ], [ -115.3000116, 36.1837043998 ], [ -115.3000089, 36.1837043998 ], [ -115.3000089, 36.183701699799997 ], [ -115.3000062, 36.183701699799997 ], [ -115.3000062, 36.183698999800001 ], [ -115.3000035, 36.183698999800001 ], [ -115.3000035, 36.183693599800002 ], [ -115.3000008, 36.183693599800002 ], [ -115.3000008, 36.183685499799999 ], [ -115.2999981, 36.183685499799999 ], [ -115.2999981, 36.183682799799996 ], [ -115.3000008, 36.183682799799996 ], [ -115.3000008, 36.183677399799997 ], [ -115.3000035, 36.183677399799997 ], [ -115.3000035, 36.183674699800001 ], [ -115.3000089, 36.183674699800001 ], [ -115.3000089, 36.183671999799998 ], [ -115.3000143, 36.183671999799998 ], [ -115.3000143, 36.183669299799995 ], [ -115.3000197, 36.183669299799995 ], [ -115.3000197, 36.183666599799999 ], [ -115.3000278, 36.183666599799999 ], [ -115.3000278, 36.183663899799996 ], [ -115.3000359, 36.183663899799996 ], [ -115.3000359, 36.1836611998 ], [ -115.300044, 36.1836611998 ], [ -115.300044, 36.183658499799996 ], [ -115.3000548, 36.183658499799996 ], [ -115.3000548, 36.1836557998 ], [ -115.3000629, 36.1836557998 ], [ -115.3000629, 36.183653099799997 ], [ -115.3000683, 36.183653099799997 ], [ -115.3000683, 36.183650399800001 ], [ -115.3000818, 36.183650399800001 ], [ -115.3000818, 36.183653099799997 ], [ -115.3000845, 36.183653099799997 ], [ -115.3000845, 36.1836557998 ], [ -115.3000872, 36.1836557998 ], [ -115.3000872, 36.183658499799996 ], [ -115.3000899, 36.183658499799996 ], [ -115.3000899, 36.1836611998 ], [ -115.3000926, 36.1836611998 ], [ -115.3000926, 36.183663899799996 ], [ -115.300098, 36.183663899799996 ], [ -115.300098, 36.183666599799999 ], [ -115.3001007, 36.183666599799999 ], [ -115.3001007, 36.183669299799995 ], [ -115.3001034, 36.183669299799995 ], [ -115.3001034, 36.183671999799998 ], [ -115.3001088, 36.183671999799998 ], [ -115.3001088, 36.183674699800001 ], [ -115.3001142, 36.183674699800001 ], [ -115.3001142, 36.183677399799997 ], [ -115.3001169, 36.183677399799997 ], [ -115.3001169, 36.1836800998 ], [ -115.300125, 36.1836800998 ], [ -115.300125, 36.183688199799995 ], [ -115.3001304, 36.183688199799995 ], [ -115.3001304, 36.183690899799998 ], [ -115.3001331, 36.183690899799998 ], [ -115.3001331, 36.183693599800002 ], [ -115.3001385, 36.183693599800002 ], [ -115.3001385, 36.183696299799998 ], [ -115.3001412, 36.183696299799998 ], [ -115.3001412, 36.183701699799997 ], [ -115.3001439, 36.183701699799997 ], [ -115.3001439, 36.183707099799996 ], [ -115.3001466, 36.183707099799996 ], [ -115.3001466, 36.183715199799998 ], [ -115.3001493, 36.183715199799998 ], [ -115.3001493, 36.183717899800001 ], [ -115.300152, 36.183717899800001 ], [ -115.300152, 36.183720599799997 ], [ -115.3001547, 36.183720599799997 ], [ -115.3001547, 36.1837232998 ], [ -115.3001601, 36.1837232998 ], [ -115.3001601, 36.183725999799996 ], [ -115.3001655, 36.183725999799996 ], [ -115.3001655, 36.1837286998 ], [ -115.3001682, 36.1837286998 ], [ -115.3001682, 36.183731399799996 ], [ -115.3001736, 36.183731399799996 ], [ -115.3001736, 36.183736799799995 ], [ -115.3001763, 36.183736799799995 ], [ -115.3001763, 36.183744899799997 ], [ -115.3001736, 36.183744899799997 ], [ -115.3001736, 36.1837475998 ], [ -115.3001709, 36.1837475998 ], [ -115.3001709, 36.183750299799996 ], [ -115.3001682, 36.183750299799996 ], [ -115.3001682, 36.183752999799999 ], [ -115.3001655, 36.183752999799999 ], [ -115.3001655, 36.183755699799995 ], [ -115.3001601, 36.183755699799995 ], [ -115.3001601, 36.183758399799999 ], [ -115.3001574, 36.183758399799999 ], [ -115.3001574, 36.183761099800002 ], [ -115.300152, 36.183761099800002 ], [ -115.300152, 36.183763799799998 ], [ -115.3001466, 36.183763799799998 ], [ -115.3001466, 36.183766499800001 ], [ -115.3001385, 36.183766499800001 ], [ -115.3001385, 36.183769199799997 ], [ -115.3001331, 36.183769199799997 ], [ -115.3001331, 36.1837718998 ], [ -115.3001277, 36.1837718998 ], [ -115.3001277, 36.183774599799996 ] ] ] } },
{ "type": "Feature", "properties": { "value": 255.0 }, "geometry": { "type": "Polygon", "coordinates": [ [ [ -115.2994554, 36.183817799799996 ], [ -115.2994473, 36.183817799799996 ], [ -115.2994473, 36.1838150998 ], [ -115.2994419, 36.1838150998 ], [ -115.2994419, 36.183812399799997 ], [ -115.2994365, 36.183812399799997 ], [ -115.2994365, 36.183809699800001 ], [ -115.2994338, 36.183809699800001 ], [ -115.2994338, 36.183806999799998 ], [ -115.2994311, 36.183806999799998 ], [ -115.2994311, 36.183804299799995 ], [ -115.2994284, 36.183804299799995 ], [ -115.2994284, 36.183801599799999 ], [ -115.2994257, 36.183801599799999 ], [ -115.2994257, 36.183798899799996 ], [ -115.299423, 36.183798899799996 ], [ -115.299423, 36.1837961998 ], [ -115.2994203, 36.1837961998 ], [ -115.2994203, 36.183793499799997 ], [ -115.2994176, 36.183793499799997 ], [ -115.2994176, 36.183790799800001 ], [ -115.2994149, 36.183790799800001 ], [ -115.2994149, 36.183788099799997 ], [ -115.2994122, 36.183788099799997 ], [ -115.2994122, 36.183785399800001 ], [ -115.2994095, 36.183785399800001 ], [ -115.2994095, 36.183782699799998 ], [ -115.2994068, 36.183782699799998 ], [ -115.2994068, 36.183779999799995 ], [ -115.2994041, 36.183779999799995 ], [ -115.2994041, 36.183777299799999 ], [ -115.2994014, 36.183777299799999 ], [ -115.2994014, 36.183774599799996 ], [ -115.2993987, 36.183774599799996 ], [ -115.2993987, 36.1837718998 ], [ -115.299396, 36.1837718998 ], [ -115.299396, 36.183766499800001 ], [ -115.2993933, 36.183766499800001 ], [ -115.2993933, 36.183758399799999 ], [ -115.299396, 36.183758399799999 ], [ -115.299396, 36.183755699799995 ], [ -115.2993987, 36.183755699799995 ], [ -115.2993987, 36.183752999799999 ], [ -115.2994014, 36.183752999799999 ], [ -115.2994014, 36.183750299799996 ], [ -115.2994095, 36.183750299799996 ], [ -115.2994095, 36.1837475998 ], [ -115.2994176, 36.1837475998 ], [ -115.2994176, 36.183744899799997 ], [ -115.2994257, 36.183744899799997 ], [ -115.2994257, 36.183742199800001 ], [ -115.2994284, 36.183742199800001 ], [ -115.2994284, 36.183739499799998 ], [ -115.2994311, 36.183739499799998 ], [ -115.2994311, 36.183734099799999 ], [ -115.2994338, 36.183734099799999 ], [ -115.2994338, 36.183731399799996 ], [ -115.2994392, 36.183731399799996 ], [ -115.2994392, 36.1837286998 ], [ -115.2994419, 36.1837286998 ], [ -115.2994419, 36.183725999799996 ], [ -115.2994473, 36.183725999799996 ], [ -115.2994473, 36.1837232998 ], [ -115.2994527, 36.1837232998 ], [ -115.2994527, 36.183720599799997 ], [ -115.2994581, 36.183720599799997 ], [ -115.2994581, 36.183717899800001 ], [ -115.2994608, 36.183717899800001 ], [ -115.2994608, 36.183715199799998 ], [ -115.2994662, 36.183715199799998 ], [ -115.2994662, 36.183712499799995 ], [ -115.2994716, 36.183712499799995 ], [ -115.2994716, 36.183709799799999 ], [ -115.2994743, 36.183709799799999 ], [ -115.2994743, 36.183707099799996 ], [ -115.2994797, 36.183707099799996 ], [ -115.2994797, 36.1837043998 ], [ -115.2994824, 36.1837043998 ], [ -115.2994824, 36.183701699799997 ], [ -115.2994878, 36.183701699799997 ], [ -115.2994878, 36.183698999800001 ], [ -115.2994905, 36.183698999800001 ], [ -115.2994905, 36.183696299799998 ], [ -115.2994959, 36.183696299799998 ], [ -115.2994959, 36.183693599800002 ], [ -115.2995013, 36.183693599800002 ], [ -115.2995013, 36.183690899799998 ], [ -115.2995067, 36.183690899799998 ], [ -115.2995067, 36.183688199799995 ], [ -115.2995121, 36.183688199799995 ], [ -115.2995121, 36.183685499799999 ], [ -115.2995148, 36.183685499799999 ], [ -115.2995148, 36.183682799799996 ], [ -115.2995202, 36.183682799799996 ], [ -115.2995202, 36.1836800998 ], [ -115.2995256, 36.1836800998 ], [ -115.2995256, 36.183677399799997 ], [ -115.2995283, 36.183677399799997 ], [ -115.2995283, 36.183674699800001 ], [ -115.2995337, 36.183674699800001 ], [ -115.2995337, 36.183671999799998 ], [ -115.2995364, 36.183671999799998 ], [ -115.2995364, 36.183669299799995 ], [ -115.2995391, 36.183669299799995 ], [ -115.2995391, 36.183666599799999 ], [ -115.2995445, 36.183666599799999 ], [ -115.2995445, 36.183663899799996 ], [ -115.2995499, 36.183663899799996 ], [ -115.2995499, 36.1836611998 ], [ -115.2995553, 36.1836611998 ], [ -115.2995553, 36.183658499799996 ], [ -115.2995607, 36.183658499799996 ], [ -115.2995607, 36.1836557998 ], [ -115.2995661, 36.1836557998 ], [ -115.2995661, 36.183653099799997 ], [ -115.2995715, 36.183653099799997 ], [ -115.2995715, 36.183650399800001 ], [ -115.2995769, 36.183650399800001 ], [ -115.2995769, 36.183647699799998 ], [ -115.2995985, 36.183647699799998 ], [ -115.2995985, 36.183650399800001 ], [ -115.2996039, 36.183650399800001 ], [ -115.2996039, 36.183653099799997 ], [ -115.2996066, 36.183653099799997 ], [ -115.2996066, 36.183658499799996 ], [ -115.2996093, 36.183658499799996 ], [ -115.2996093, 36.183666599799999 ], [ -115.299612, 36.183666599799999 ], [ -115.299612, 36.183671999799998 ], [ -115.2996147, 36.183671999799998 ], [ -115.2996147, 36.183677399799997 ], [ -115.2996201, 36.183677399799997 ], [ -115.2996201, 36.1836800998 ], [ -115.2996228, 36.1836800998 ], [ -115.2996228, 36.183682799799996 ], [ -115.2996255, 36.183682799799996 ], [ -115.2996255, 36.183685499799999 ], [ -115.2996282, 36.183685499799999 ], [ -115.2996282, 36.183701699799997 ], [ -115.2996255, 36.183701699799997 ], [ -115.2996255, 36.1837043998 ], [ -115.2996228, 36.1837043998 ], [ -115.2996228, 36.183707099799996 ], [ -115.299612, 36.183707099799996 ], [ -115.299612, 36.183709799799999 ], [ -115.2996066, 36.183709799799999 ], [ -115.2996066, 36.183712499799995 ], [ -115.2996012, 36.183712499799995 ], [ -115.2996012, 36.183715199799998 ], [ -115.2995985, 36.183715199799998 ], [ -115.2995985, 36.183717899800001 ], [ -115.2995931, 36.183717899800001 ], [ -115.2995931, 36.183720599799997 ], [ -115.2995904, 36.183720599799997 ], [ -115.2995904, 36.183725999799996 ], [ -115.2995877, 36.183725999799996 ], [ -115.2995877, 36.1837286998 ], [ -115.299585, 36.1837286998 ], [ -115.299585, 36.183731399799996 ], [ -115.2995823, 36.183731399799996 ], [ -115.2995823, 36.183734099799999 ], [ -115.2995769, 36.183734099799999 ], [ -115.2995769, 36.183736799799995 ], [ -115.2995742, 36.183736799799995 ], [ -115.2995742, 36.183739499799998 ], [ -115.2995715, 36.183739499799998 ], [ -115.2995715, 36.183742199800001 ], [ -115.2995688, 36.183742199800001 ], [ -115.2995688, 36.183744899799997 ], [ -115.2995661, 36.183744899799997 ], [ -115.2995661, 36.1837475998 ], [ -115.2995634, 36.1837475998 ], [ -115.2995634, 36.183750299799996 ], [ -115.2995607, 36.183750299799996 ], [ -115.2995607, 36.183752999799999 ], [ -115.2995553, 36.183752999799999 ], [ -115.2995553, 36.183755699799995 ], [ -115.2995526, 36.183755699799995 ], [ -115.2995526, 36.183758399799999 ], [ -115.2995472, 36.183758399799999 ], [ -115.2995472, 36.183761099800002 ], [ -115.2995418, 36.183761099800002 ], [ -115.2995418, 36.183763799799998 ], [ -115.2995391, 36.183763799799998 ], [ -115.2995391, 36.183766499800001 ], [ -115.2995337, 36.183766499800001 ], [ -115.2995337, 36.183769199799997 ], [ -115.2995283, 36.183769199799997 ], [ -115.2995283, 36.1837718998 ], [ -115.2995256, 36.1837718998 ], [ -115.2995256, 36.183774599799996 ], [ -115.2995202, 36.183774599799996 ], [ -115.2995202, 36.183777299799999 ], [ -115.2995175, 36.183777299799999 ], [ -115.2995175, 36.183779999799995 ], [ -115.2995148, 36.183779999799995 ], [ -115.2995148, 36.183782699799998 ], [ -115.2995121, 36.183782699799998 ], [ -115.2995121, 36.183785399800001 ], [ -115.2995094, 36.183785399800001 ], [ -115.2995094, 36.183788099799997 ], [ -115.2995067, 36.183788099799997 ], [ -115.2995067, 36.183790799800001 ], [ -115.2995013, 36.183790799800001 ], [ -115.2995013, 36.183793499799997 ], [ -115.2994959, 36.183793499799997 ], [ -115.2994959, 36.1837961998 ], [ -115.2994905, 36.1837961998 ], [ -115.2994905, 36.183798899799996 ], [ -115.2994851, 36.183798899799996 ], [ -115.2994851, 36.183801599799999 ], [ -115.2994797, 36.183801599799999 ], [ -115.2994797, 36.183804299799995 ], [ -115.299477, 36.183804299799995 ], [ -115.299477, 36.183806999799998 ], [ -115.2994743, 36.183806999799998 ], [ -115.2994743, 36.183809699800001 ], [ -115.2994689, 36.183809699800001 ], [ -115.2994689, 36.183812399799997 ], [ -115.2994662, 36.183812399799997 ], [ -115.2994662, 36.1838150998 ], [ -115.2994554, 36.1838150998 ], [ -115.2994554, 36.183817799799996 ] ] ] } },
{ "type": "Feature", "properties": { "value": 255.0 }, "geometry": { "type": "Polygon", "coordinates": [ [ [ -115.2993798, 36.183739499799998 ], [ -115.2993663, 36.183739499799998 ], [ -115.2993663, 36.183736799799995 ], [ -115.2993636, 36.183736799799995 ], [ -115.2993636, 36.183734099799999 ], [ -115.2993609, 36.183734099799999 ], [ -115.2993609, 36.183731399799996 ], [ -115.2993582, 36.183731399799996 ], [ -115.2993582, 36.1837286998 ], [ -115.2993555, 36.1837286998 ], [ -115.2993555, 36.183725999799996 ], [ -115.2993528, 36.183725999799996 ], [ -115.2993528, 36.1837232998 ], [ -115.2993501, 36.1837232998 ], [ -115.2993501, 36.183720599799997 ], [ -115.2993474, 36.183720599799997 ], [ -115.2993474, 36.183717899800001 ], [ -115.2993447, 36.183717899800001 ], [ -115.2993447, 36.183715199799998 ], [ -115.299342, 36.183715199799998 ], [ -115.299342, 36.183712499799995 ], [ -115.2993393, 36.183712499799995 ], [ -115.2993393, 36.183709799799999 ], [ -115.2993366, 36.183709799799999 ], [ -115.2993366, 36.1837043998 ], [ -115.2993339, 36.1837043998 ], [ -115.2993339, 36.183698999800001 ], [ -115.2993312, 36.183698999800001 ], [ -115.2993312, 36.183696299799998 ], [ -115.2993285, 36.183696299799998 ], [ -115.2993285, 36.183690899799998 ], [ -115.2993258, 36.183690899799998 ], [ -115.2993258, 36.1836800998 ], [ -115.2993285, 36.1836800998 ], [ -115.2993285, 36.183677399799997 ], [ -115.2993366, 36.183677399799997 ], [ -115.2993366, 36.183674699800001 ], [ -115.2993447, 36.183674699800001 ], [ -115.2993447, 36.183671999799998 ], [ -115.2993528, 36.183671999799998 ], [ -115.2993528, 36.183669299799995 ], [ -115.2993582, 36.183669299799995 ], [ -115.2993582, 36.183666599799999 ], [ -115.2993609, 36.183666599799999 ], [ -115.2993609, 36.1836611998 ], [ -115.2993636, 36.1836611998 ], [ -115.2993636, 36.1836557998 ], [ -115.2993663, 36.1836557998 ], [ -115.2993663, 36.183653099799997 ], [ -115.299369, 36.183653099799997 ], [ -115.299369, 36.183650399800001 ], [ -115.2993717, 36.183650399800001 ], [ -115.2993717, 36.183647699799998 ], [ -115.2993744, 36.183647699799998 ], [ -115.2993744, 36.183644999799995 ], [ -115.2993798, 36.183644999799995 ], [ -115.2993798, 36.183642299799999 ], [ -115.2993852, 36.183642299799999 ], [ -115.2993852, 36.183639599799996 ], [ -115.2993906, 36.183639599799996 ], [ -115.2993906, 36.1836368998 ], [ -115.299396, 36.1836368998 ], [ -115.299396, 36.183634199799997 ], [ -115.2993987, 36.183634199799997 ], [ -115.2993987, 36.183631499800001 ], [ -115.2994041, 36.183631499800001 ], [ -115.2994041, 36.183628799799997 ], [ -115.2994095, 36.183628799799997 ], [ -115.2994095, 36.183626099800001 ], [ -115.2994122, 36.183626099800001 ], [ -115.2994122, 36.183623399799998 ], [ -115.2994149, 36.183623399799998 ], [ -115.2994149, 36.183620699799995 ], [ -115.2994176, 36.183620699799995 ], [ -115.2994176, 36.183617999799999 ], [ -115.299423, 36.183617999799999 ], [ -115.299423, 36.183615299799996 ], [ -115.2994311, 36.183615299799996 ], [ -115.2994311, 36.1836125998 ], [ -115.2994338, 36.1836125998 ], [ -115.2994338, 36.183609899799997 ], [ -115.2994392, 36.183609899799997 ], [ -115.2994392, 36.183607199800001 ], [ -115.2994446, 36.183607199800001 ], [ -115.2994446, 36.183604499799998 ], [ -115.2994527, 36.183604499799998 ], [ -115.2994527, 36.183601799799995 ], [ -115.2994608, 36.183601799799995 ], [ -115.2994608, 36.183599099799999 ], [ -115.299477, 36.183599099799999 ], [ -115.299477, 36.183596399799995 ], [ -115.2994824, 36.183596399799995 ], [ -115.2994824, 36.183593699799999 ], [ -115.2994905, 36.183593699799999 ], [ -115.2994905, 36.183590999799996 ], [ -115.2994959, 36.183590999799996 ], [ -115.2994959, 36.1835882998 ], [ -115.2995067, 36.1835882998 ], [ -115.2995067, 36.183585599799997 ], [ -115.2995175, 36.183585599799997 ], [ -115.2995175, 36.183582899800001 ], [ -115.299531, 36.183582899800001 ], [ -115.299531, 36.183585599799997 ], [ -115.2995445, 36.183585599799997 ], [ -115.2995445, 36.1835882998 ], [ -115.2995472, 36.1835882998 ], [ -115.2995472, 36.183590999799996 ], [ -115.2995499, 36.183590999799996 ], [ -115.2995499, 36.183596399799995 ], [ -115.2995526, 36.183596399799995 ], [ -115.2995526, 36.183601799799995 ], [ -115.2995553, 36.183601799799995 ], [ -115.2995553, 36.183607199800001 ], [ -115.299558, 36.183607199800001 ], [ -115.299558, 36.183609899799997 ], [ -115.2995607, 36.183609899799997 ], [ -115.2995607, 36.1836125998 ], [ -115.2995634, 36.1836125998 ], [ -115.2995634, 36.183617999799999 ], [ -115.2995661, 36.183617999799999 ], [ -115.2995661, 36.183628799799997 ], [ -115.2995634, 36.183628799799997 ], [ -115.2995634, 36.183631499800001 ], [ -115.2995607, 36.183631499800001 ], [ -115.2995607, 36.183634199799997 ], [ -115.2995553, 36.183634199799997 ], [ -115.2995553, 36.1836368998 ], [ -115.2995499, 36.1836368998 ], [ -115.2995499, 36.183639599799996 ], [ -115.2995445, 36.183639599799996 ], [ -115.2995445, 36.183642299799999 ], [ -115.2995391, 36.183642299799999 ], [ -115.2995391, 36.183644999799995 ], [ -115.2995337, 36.183644999799995 ], [ -115.2995337, 36.183647699799998 ], [ -115.299531, 36.183647699799998 ], [ -115.299531, 36.183650399800001 ], [ -115.2995256, 36.183650399800001 ], [ -115.2995256, 36.183653099799997 ], [ -115.2995202, 36.183653099799997 ], [ -115.2995202, 36.1836557998 ], [ -115.2995148, 36.1836557998 ], [ -115.2995148, 36.183658499799996 ], [ -115.2995094, 36.183658499799996 ], [ -115.2995094, 36.1836611998 ], [ -115.299504, 36.1836611998 ], [ -115.299504, 36.183663899799996 ], [ -115.2995013, 36.183663899799996 ], [ -115.2995013, 36.183666599799999 ], [ -115.2994959, 36.183666599799999 ], [ -115.2994959, 36.183669299799995 ], [ -115.2994932, 36.183669299799995 ], [ -115.2994932, 36.183671999799998 ], [ -115.2994878, 36.183671999799998 ], [ -115.2994878, 36.183674699800001 ], [ -115.2994824, 36.183674699800001 ], [ -115.2994824, 36.183677399799997 ], [ -115.2994797, 36.183677399799997 ], [ -115.2994797, 36.1836800998 ], [ -115.2994743, 36.1836800998 ], [ -115.2994743, 36.183682799799996 ], [ -115.2994689, 36.183682799799996 ], [ -115.2994689, 36.183685499799999 ], [ -115.2994662, 36.183685499799999 ], [ -115.2994662, 36.183688199799995 ], [ -115.2994608, 36.183688199799995 ], [ -115.2994608, 36.183690899799998 ], [ -115.2994554, 36.183690899799998 ], [ -115.2994554, 36.183693599800002 ], [ -115.2994527, 36.183693599800002 ], [ -115.2994527, 36.183696299799998 ], [ -115.2994473, 36.183696299799998 ], [ -115.2994473, 36.183698999800001 ], [ -115.2994419, 36.183698999800001 ], [ -115.2994419, 36.183701699799997 ], [ -115.2994365, 36.183701699799997 ], [ -115.2994365, 36.1837043998 ], [ -115.2994338, 36.1837043998 ], [ -115.2994338, 36.183707099799996 ], [ -115.2994311, 36.183707099799996 ], [ -115.2994311, 36.183709799799999 ], [ -115.2994257, 36.183709799799999 ], [ -115.2994257, 36.183712499799995 ], [ -115.299423, 36.183712499799995 ], [ -115.299423, 36.183715199799998 ], [ -115.2994176, 36.183715199799998 ], [ -115.2994176, 36.183717899800001 ], [ -115.2994149, 36.183717899800001 ], [ -115.2994149, 36.183720599799997 ], [ -115.2994095, 36.183720599799997 ], [ -115.2994095, 36.1837232998 ], [ -115.2994068, 36.1837232998 ], [ -115.2994068, 36.183725999799996 ], [ -115.2994014, 36.183725999799996 ], [ -115.2994014, 36.1837286998 ], [ -115.299396, 36.1837286998 ], [ -115.299396, 36.183731399799996 ], [ -115.2993933, 36.183731399799996 ], [ -115.2993933, 36.183734099799999 ], [ -115.2993879, 36.183734099799999 ], [ -115.2993879, 36.183736799799995 ], [ -115.2993798, 36.183736799799995 ], [ -115.2993798, 36.183739499799998 ] ] ] } },
{ "type": "Feature", "properties": { "value": 255.0 }, "geometry": { "type": "Polygon", "coordinates": [ [ [ -115.3001925, 36.183690899799998 ], [ -115.3001736, 36.183690899799998 ], [ -115.3001736, 36.183688199799995 ], [ -115.3001682, 36.183688199799995 ], [ -115.3001682, 36.183685499799999 ], [ -115.3001655, 36.183685499799999 ], [ -115.3001655, 36.183682799799996 ], [ -115.3001628, 36.183682799799996 ], [ -115.3001628, 36.1836800998 ], [ -115.3001574, 36.1836800998 ], [ -115.3001574, 36.183677399799997 ], [ -115.3001547, 36.183677399799997 ], [ -115.3001547, 36.183674699800001 ], [ -115.3001493, 36.183674699800001 ], [ -115.3001493, 36.183671999799998 ], [ -115.3001466, 36.183671999799998 ], [ -115.3001466, 36.183669299799995 ], [ -115.3001439, 36.183669299799995 ], [ -115.3001439, 36.183666599799999 ], [ -115.3001385, 36.183666599799999 ], [ -115.3001385, 36.183663899799996 ], [ -115.3001358, 36.183663899799996 ], [ -115.3001358, 36.1836611998 ], [ -115.3001331, 36.1836611998 ], [ -115.3001331, 36.183658499799996 ], [ -115.3001277, 36.183658499799996 ], [ -115.3001277, 36.1836557998 ], [ -115.3001223, 36.1836557998 ], [ -115.3001223, 36.183653099799997 ], [ -115.3001196, 36.183653099799997 ], [ -115.3001196, 36.183650399800001 ], [ -115.3001142, 36.183650399800001 ], [ -115.3001142, 36.183647699799998 ], [ -115.3001115, 36.183647699799998 ], [ -115.3001115, 36.183644999799995 ], [ -115.3001088, 36.183644999799995 ], [ -115.3001088, 36.183642299799999 ], [ -115.3001034, 36.183642299799999 ], [ -115.3001034, 36.183639599799996 ], [ -115.3001007, 36.183639599799996 ], [ -115.3001007, 36.1836368998 ], [ -115.3000953, 36.1836368998 ], [ -115.3000953, 36.183634199799997 ], [ -115.3000926, 36.183634199799997 ], [ -115.3000926, 36.183631499800001 ], [ -115.3000872, 36.183631499800001 ], [ -115.3000872, 36.183628799799997 ], [ -115.3000845, 36.183628799799997 ], [ -115.3000845, 36.183626099800001 ], [ -115.3000818, 36.183626099800001 ], [ -115.3000818, 36.183623399799998 ], [ -115.3000791, 36.183623399799998 ], [ -115.3000791, 36.183620699799995 ], [ -115.3000764, 36.183620699799995 ], [ -115.3000764, 36.183607199800001 ], [ -115.3000791, 36.183607199800001 ], [ -115.3000791, 36.183604499799998 ], [ -115.3000818, 36.183604499799998 ], [ -115.3000818, 36.183601799799995 ], [ -115.3000872, 36.183601799799995 ], [ -115.3000872, 36.183599099799999 ], [ -115.3000926, 36.183599099799999 ], [ -115.3000926, 36.183596399799995 ], [ -115.300098, 36.183596399799995 ], [ -115.300098, 36.183593699799999 ], [ -115.3001034, 36.183593699799999 ], [ -115.3001034, 36.183590999799996 ], [ -115.3001088, 36.183590999799996 ], [ -115.3001088, 36.1835882998 ], [ -115.3001142, 36.1835882998 ], [ -115.3001142, 36.183585599799997 ], [ -115.3001196, 36.183585599799997 ], [ -115.3001196, 36.183582899800001 ], [ -115.3001223, 36.183582899800001 ], [ -115.3001223, 36.183580199799998 ], [ -115.300125, 36.183580199799998 ], [ -115.300125, 36.1835693998 ], [ -115.3001277, 36.1835693998 ], [ -115.3001277, 36.183566699799997 ], [ -115.3001304, 36.183566699799997 ], [ -115.3001304, 36.1835639998 ], [ -115.3001358, 36.1835639998 ], [ -115.3001358, 36.183566699799997 ], [ -115.3001466, 36.183566699799997 ], [ -115.3001466, 36.1835693998 ], [ -115.300152, 36.1835693998 ], [ -115.300152, 36.183572099799996 ], [ -115.3001547, 36.183572099799996 ], [ -115.3001547, 36.183574799799999 ], [ -115.3001574, 36.183574799799999 ], [ -115.3001574, 36.183577499799995 ], [ -115.3001601, 36.183577499799995 ], [ -115.3001601, 36.183580199799998 ], [ -115.3001628, 36.183580199799998 ], [ -115.3001628, 36.183585599799997 ], [ -115.3001655, 36.183585599799997 ], [ -115.3001655, 36.1835882998 ], [ -115.3001682, 36.1835882998 ], [ -115.3001682, 36.183590999799996 ], [ -115.3001709, 36.183590999799996 ], [ -115.3001709, 36.183593699799999 ], [ -115.3001736, 36.183593699799999 ], [ -115.3001736, 36.183596399799995 ], [ -115.300179, 36.183596399799995 ], [ -115.300179, 36.183599099799999 ], [ -115.3001844, 36.183599099799999 ], [ -115.3001844, 36.183601799799995 ], [ -115.3001898, 36.183601799799995 ], [ -115.3001898, 36.183604499799998 ], [ -115.3001952, 36.183604499799998 ], [ -115.3001952, 36.183607199800001 ], [ -115.3001979, 36.183607199800001 ], [ -115.3001979, 36.183609899799997 ], [ -115.3002033, 36.183609899799997 ], [ -115.3002033, 36.1836125998 ], [ -115.300206, 36.1836125998 ], [ -115.300206, 36.183615299799996 ], [ -115.3002087, 36.183615299799996 ], [ -115.3002087, 36.183617999799999 ], [ -115.3002141, 36.183617999799999 ], [ -115.3002141, 36.183620699799995 ], [ -115.3002168, 36.183620699799995 ], [ -115.3002168, 36.183623399799998 ], [ -115.3002222, 36.183623399799998 ], [ -115.3002222, 36.183626099800001 ], [ -115.3002249, 36.183626099800001 ], [ -115.3002249, 36.183628799799997 ], [ -115.3002303, 36.183628799799997 ], [ -115.3002303, 36.183631499800001 ], [ -115.3002357, 36.183631499800001 ], [ -115.3002357, 36.183634199799997 ], [ -115.3002384, 36.183634199799997 ], [ -115.3002384, 36.1836368998 ], [ -115.3002411, 36.1836368998 ], [ -115.3002411, 36.183639599799996 ], [ -115.3002438, 36.183639599799996 ], [ -115.3002438, 36.183653099799997 ], [ -115.3002411, 36.183653099799997 ], [ -115.3002411, 36.1836557998 ], [ -115.3002357, 36.1836557998 ], [ -115.3002357, 36.183658499799996 ], [ -115.300233, 36.183658499799996 ], [ -115.300233, 36.1836611998 ], [ -115.3002276, 36.1836611998 ], [ -115.3002276, 36.183663899799996 ], [ -115.3002222, 36.183663899799996 ], [ -115.3002222, 36.183666599799999 ], [ -115.3002168, 36.183666599799999 ], [ -115.3002168, 36.183669299799995 ], [ -115.3002114, 36.183669299799995 ], [ -115.3002114, 36.183671999799998 ], [ -115.3002087, 36.183671999799998 ], [ -115.3002087, 36.183674699800001 ], [ -115.300206, 36.183674699800001 ], [ -115.300206, 36.183677399799997 ], [ -115.3002033, 36.183677399799997 ], [ -115.3002033, 36.1836800998 ], [ -115.3002006, 36.1836800998 ], [ -115.3002006, 36.183682799799996 ], [ -115.3001979, 36.183682799799996 ], [ -115.3001979, 36.183685499799999 ], [ -115.3001952, 36.183685499799999 ], [ -115.3001952, 36.183688199799995 ], [ -115.3001925, 36.183688199799995 ], [ -115.3001925, 36.183690899799998 ] ] ] } },
{ "type": "Feature", "properties": { "value": 255.0 }, "geometry": { "type": "Polygon", "coordinates": [ [ [ -115.3002978, 36.183623399799998 ], [ -115.3002816, 36.183623399799998 ], [ -115.3002816, 36.183620699799995 ], [ -115.3002762, 36.183620699799995 ], [ -115.3002762, 36.183617999799999 ], [ -115.3002681, 36.183617999799999 ], [ -115.3002681, 36.183615299799996 ], [ -115.30026, 36.183615299799996 ], [ -115.30026, 36.1836125998 ], [ -115.3002519, 36.1836125998 ], [ -115.3002519, 36.183609899799997 ], [ -115.3002438, 36.183609899799997 ], [ -115.3002438, 36.183607199800001 ], [ -115.3002384, 36.183607199800001 ], [ -115.3002384, 36.183604499799998 ], [ -115.300233, 36.183604499799998 ], [ -115.300233, 36.183601799799995 ], [ -115.3002303, 36.183601799799995 ], [ -115.3002303, 36.183599099799999 ], [ -115.3002249, 36.183599099799999 ], [ -115.3002249, 36.183596399799995 ], [ -115.3002222, 36.183596399799995 ], [ -115.3002222, 36.183593699799999 ], [ -115.3002195, 36.183593699799999 ], [ -115.3002195, 36.183590999799996 ], [ -115.3002141, 36.183590999799996 ], [ -115.3002141, 36.1835882998 ], [ -115.3002087, 36.1835882998 ], [ -115.3002087, 36.183585599799997 ], [ -115.300206, 36.183585599799997 ], [ -115.300206, 36.183582899800001 ], [ -115.3002033, 36.183582899800001 ], [ -115.3002033, 36.183580199799998 ], [ -115.3002006, 36.183580199799998 ], [ -115.3002006, 36.183577499799995 ], [ -115.3001952, 36.183577499799995 ], [ -115.3001952, 36.183574799799999 ], [ -115.3001925, 36.183574799799999 ], [ -115.3001925, 36.183572099799996 ], [ -115.3001898, 36.183572099799996 ], [ -115.3001898, 36.1835693998 ], [ -115.3001844, 36.1835693998 ], [ -115.3001844, 36.183566699799997 ], [ -115.3001817, 36.183566699799997 ], [ -115.3001817, 36.1835639998 ], [ -115.3001763, 36.1835639998 ], [ -115.3001763, 36.183561299799997 ], [ -115.3001709, 36.183561299799997 ], [ -115.3001709, 36.183558599800001 ], [ -115.3001682, 36.183558599800001 ], [ -115.3001682, 36.183555899799998 ], [ -115.3001655, 36.183555899799998 ], [ -115.3001655, 36.183553199799995 ], [ -115.3001628, 36.183553199799995 ], [ -115.3001628, 36.183550499799999 ], [ -115.3001601, 36.183550499799999 ], [ -115.3001601, 36.1835450998 ], [ -115.3001574, 36.1835450998 ], [ -115.3001574, 36.183542399799997 ], [ -115.3001601, 36.183542399799997 ], [ -115.3001601, 36.183539699800001 ], [ -115.3001628, 36.183539699800001 ], [ -115.3001628, 36.183536999799998 ], [ -115.3001655, 36.183536999799998 ], [ -115.3001655, 36.183534299799994 ], [ -115.3001709, 36.183534299799994 ], [ -115.3001709, 36.183531599799998 ], [ -115.3001736, 36.183531599799998 ], [ -115.3001736, 36.183528899799995 ], [ -115.3001763, 36.183528899799995 ], [ -115.3001763, 36.183526199799999 ], [ -115.300179, 36.183526199799999 ], [ -115.300179, 36.183523499799996 ], [ -115.3001817, 36.183523499799996 ], [ -115.3001817, 36.1835207998 ], [ -115.3001844, 36.1835207998 ], [ -115.3001844, 36.183518099799997 ], [ -115.3001871, 36.183518099799997 ], [ -115.3001871, 36.183515399800001 ], [ -115.3001898, 36.183515399800001 ], [ -115.3001898, 36.183512699799998 ], [ -115.3001952, 36.183512699799998 ], [ -115.3001952, 36.183509999799995 ], [ -115.3001979, 36.183509999799995 ], [ -115.3001979, 36.183507299799999 ], [ -115.3002006, 36.183507299799999 ], [ -115.3002006, 36.183504599799996 ], [ -115.3002033, 36.183504599799996 ], [ -115.3002033, 36.1835018998 ], [ -115.300206, 36.1835018998 ], [ -115.300206, 36.183499199799996 ], [ -115.3002087, 36.183499199799996 ], [ -115.3002087, 36.1834964998 ], [ -115.3002249, 36.1834964998 ], [ -115.3002249, 36.183499199799996 ], [ -115.300233, 36.183499199799996 ], [ -115.300233, 36.1835018998 ], [ -115.3002357, 36.1835018998 ], [ -115.3002357, 36.183504599799996 ], [ -115.3002384, 36.183504599799996 ], [ -115.3002384, 36.183507299799999 ], [ -115.3002411, 36.183507299799999 ], [ -115.3002411, 36.183509999799995 ], [ -115.3002438, 36.183509999799995 ], [ -115.3002438, 36.183512699799998 ], [ -115.3002465, 36.183512699799998 ], [ -115.3002465, 36.183515399800001 ], [ -115.3002492, 36.183515399800001 ], [ -115.3002492, 36.1835207998 ], [ -115.3002519, 36.1835207998 ], [ -115.3002519, 36.183523499799996 ], [ -115.3002546, 36.183523499799996 ], [ -115.3002546, 36.183526199799999 ], [ -115.3002573, 36.183526199799999 ], [ -115.3002573, 36.183528899799995 ], [ -115.3002627, 36.183528899799995 ], [ -115.3002627, 36.183531599799998 ], [ -115.3002708, 36.183531599799998 ], [ -115.3002708, 36.183534299799994 ], [ -115.3002789, 36.183534299799994 ], [ -115.3002789, 36.183536999799998 ], [ -115.3002843, 36.183536999799998 ], [ -115.3002843, 36.183539699800001 ], [ -115.300287, 36.183539699800001 ], [ -115.300287, 36.183542399799997 ], [ -115.3002897, 36.183542399799997 ], [ -115.3002897, 36.1835450998 ], [ -115.3002924, 36.1835450998 ], [ -115.3002924, 36.183547799799996 ], [ -115.3002951, 36.183547799799996 ], [ -115.3002951, 36.183550499799999 ], [ -115.3002978, 36.183550499799999 ], [ -115.3002978, 36.183553199799995 ], [ -115.3003005, 36.183553199799995 ], [ -115.3003005, 36.183555899799998 ], [ -115.3003059, 36.183555899799998 ], [ -115.3003059, 36.183558599800001 ], [ -115.3003113, 36.183558599800001 ], [ -115.3003113, 36.183561299799997 ], [ -115.3003167, 36.183561299799997 ], [ -115.3003167, 36.1835639998 ], [ -115.3003221, 36.1835639998 ], [ -115.3003221, 36.183566699799997 ], [ -115.3003248, 36.183566699799997 ], [ -115.3003248, 36.1835693998 ], [ -115.3003302, 36.1835693998 ], [ -115.3003302, 36.183572099799996 ], [ -115.3003329, 36.183572099799996 ], [ -115.3003329, 36.183574799799999 ], [ -115.3003356, 36.183574799799999 ], [ -115.3003356, 36.183580199799998 ], [ -115.3003383, 36.183580199799998 ], [ -115.3003383, 36.1835882998 ], [ -115.3003356, 36.1835882998 ], [ -115.3003356, 36.183593699799999 ], [ -115.3003329, 36.183593699799999 ], [ -115.3003329, 36.183599099799999 ], [ -115.3003302, 36.183599099799999 ], [ -115.3003302, 36.183601799799995 ], [ -115.3003275, 36.183601799799995 ], [ -115.3003275, 36.183604499799998 ], [ -115.3003248, 36.183604499799998 ], [ -115.3003248, 36.183607199800001 ], [ -115.3003221, 36.183607199800001 ], [ -115.3003221, 36.183609899799997 ], [ -115.3003194, 36.183609899799997 ], [ -115.3003194, 36.1836125998 ], [ -115.300314, 36.1836125998 ], [ -115.300314, 36.183615299799996 ], [ -115.3003086, 36.183615299799996 ], [ -115.3003086, 36.183617999799999 ], [ -115.3003032, 36.183617999799999 ], [ -115.3003032, 36.183620699799995 ], [ -115.3002978, 36.183620699799995 ], [ -115.3002978, 36.183623399799998 ] ] ] } },
{ "type": "Feature", "properties": { "value": 255.0 }, "geometry": { "type": "Polygon", "coordinates": [ [ [ -115.2993042, 36.183653099799997 ], [ -115.2992853, 36.183653099799997 ], [ -115.2992853, 36.183650399800001 ], [ -115.2992826, 36.183650399800001 ], [ -115.2992826, 36.183647699799998 ], [ -115.2992799, 36.183647699799998 ], [ -115.2992799, 36.183644999799995 ], [ -115.2992772, 36.183644999799995 ], [ -115.2992772, 36.183639599799996 ], [ -115.2992745, 36.183639599799996 ], [ -115.2992745, 36.183634199799997 ], [ -115.2992718, 36.183634199799997 ], [ -115.2992718, 36.183631499800001 ], [ -115.2992691, 36.183631499800001 ], [ -115.2992691, 36.183628799799997 ], [ -115.2992664, 36.183628799799997 ], [ -115.2992664, 36.183626099800001 ], [ -115.2992637, 36.183626099800001 ], [ -115.2992637, 36.183623399799998 ], [ -115.299261, 36.183623399799998 ], [ -115.299261, 36.183620699799995 ], [ -115.2992583, 36.183620699799995 ], [ -115.2992583, 36.183617999799999 ], [ -115.2992556, 36.183617999799999 ], [ -115.2992556, 36.1836125998 ], [ -115.2992529, 36.1836125998 ], [ -115.2992529, 36.183609899799997 ], [ -115.2992502, 36.183609899799997 ], [ -115.2992502, 36.183607199800001 ], [ -115.2992475, 36.183607199800001 ], [ -115.2992475, 36.183593699799999 ], [ -115.2992529, 36.183593699799999 ], [ -115.2992529, 36.183590999799996 ], [ -115.2992583, 36.183590999799996 ], [ -115.2992583, 36.1835882998 ], [ -115.2992664, 36.1835882998 ], [ -115.2992664, 36.183585599799997 ], [ -115.2992745, 36.183585599799997 ], [ -115.2992745, 36.183582899800001 ], [ -115.2992799, 36.183582899800001 ], [ -115.2992799, 36.183580199799998 ], [ -115.2992826, 36.183580199799998 ], [ -115.2992826, 36.183577499799995 ], [ -115.299288, 36.183577499799995 ], [ -115.299288, 36.183574799799999 ], [ -115.2992934, 36.183574799799999 ], [ -115.2992934, 36.183572099799996 ], [ -115.2992988, 36.183572099799996 ], [ -115.2992988, 36.1835693998 ], [ -115.2993042, 36.1835693998 ], [ -115.2993042, 36.183566699799997 ], [ -115.2993123, 36.183566699799997 ], [ -115.2993123, 36.1835639998 ], [ -115.2993177, 36.1835639998 ], [ -115.2993177, 36.183561299799997 ], [ -115.2993231, 36.183561299799997 ], [ -115.2993231, 36.183558599800001 ], [ -115.2993285, 36.183558599800001 ], [ -115.2993285, 36.183555899799998 ], [ -115.2993339, 36.183555899799998 ], [ -115.2993339, 36.183553199799995 ], [ -115.2993393, 36.183553199799995 ], [ -115.2993393, 36.183550499799999 ], [ -115.2993447, 36.183550499799999 ], [ -115.2993447, 36.183547799799996 ], [ -115.2993501, 36.183547799799996 ], [ -115.2993501, 36.1835450998 ], [ -115.2993555, 36.1835450998 ], [ -115.2993555, 36.183542399799997 ], [ -115.2993636, 36.183542399799997 ], [ -115.2993636, 36.183539699800001 ], [ -115.2993663, 36.183539699800001 ], [ -115.2993663, 36.183536999799998 ], [ -115.299369, 36.183536999799998 ], [ -115.299369, 36.183534299799994 ], [ -115.2993717, 36.183534299799994 ], [ -115.2993717, 36.183531599799998 ], [ -115.2993744, 36.183531599799998 ], [ -115.2993744, 36.183526199799999 ], [ -115.2993771, 36.183526199799999 ], [ -115.2993771, 36.1835207998 ], [ -115.2993825, 36.1835207998 ], [ -115.2993825, 36.183518099799997 ], [ -115.2993852, 36.183518099799997 ], [ -115.2993852, 36.183515399800001 ], [ -115.2993906, 36.183515399800001 ], [ -115.2993906, 36.183512699799998 ], [ -115.2993987, 36.183512699799998 ], [ -115.2993987, 36.183509999799995 ], [ -115.2994257, 36.183509999799995 ], [ -115.2994257, 36.183512699799998 ], [ -115.2994284, 36.183512699799998 ], [ -115.2994284, 36.183515399800001 ], [ -115.2994311, 36.183515399800001 ], [ -115.2994311, 36.183518099799997 ], [ -115.2994338, 36.183518099799997 ], [ -115.2994338, 36.1835207998 ], [ -115.2994365, 36.1835207998 ], [ -115.2994365, 36.183523499799996 ], [ -115.2994392, 36.183523499799996 ], [ -115.2994392, 36.183526199799999 ], [ -115.2994419, 36.183526199799999 ], [ -115.2994419, 36.183528899799995 ], [ -115.2994446, 36.183528899799995 ], [ -115.2994446, 36.183531599799998 ], [ -115.2994473, 36.183531599799998 ], [ -115.2994473, 36.183534299799994 ], [ -115.29945, 36.183534299799994 ], [ -115.29945, 36.183539699800001 ], [ -115.2994527, 36.183539699800001 ], [ -115.2994527, 36.183547799799996 ], [ -115.2994554, 36.183547799799996 ], [ -115.2994554, 36.183553199799995 ], [ -115.2994527, 36.183553199799995 ], [ -115.2994527, 36.183558599800001 ], [ -115.29945, 36.183558599800001 ], [ -115.29945, 36.183561299799997 ], [ -115.2994473, 36.183561299799997 ], [ -115.2994473, 36.1835639998 ], [ -115.2994419, 36.1835639998 ], [ -115.2994419, 36.183566699799997 ], [ -115.2994365, 36.183566699799997 ], [ -115.2994365, 36.1835693998 ], [ -115.2994284, 36.1835693998 ], [ -115.2994284, 36.183572099799996 ], [ -115.2994203, 36.183572099799996 ], [ -115.2994203, 36.183574799799999 ], [ -115.2994149, 36.183574799799999 ], [ -115.2994149, 36.183577499799995 ], [ -115.2994122, 36.183577499799995 ], [ -115.2994122, 36.183580199799998 ], [ -115.2994095, 36.183580199799998 ], [ -115.2994095, 36.183604499799998 ], [ -115.2994068, 36.183604499799998 ], [ -115.2994068, 36.183607199800001 ], [ -115.2994041, 36.183607199800001 ], [ -115.2994041, 36.183609899799997 ], [ -115.2993987, 36.183609899799997 ], [ -115.2993987, 36.1836125998 ], [ -115.2993933, 36.1836125998 ], [ -115.2993933, 36.183615299799996 ], [ -115.2993879, 36.183615299799996 ], [ -115.2993879, 36.183617999799999 ], [ -115.2993825, 36.183617999799999 ], [ -115.2993825, 36.183620699799995 ], [ -115.2993771, 36.183620699799995 ], [ -115.2993771, 36.183623399799998 ], [ -115.2993717, 36.183623399799998 ], [ -115.2993717, 36.183626099800001 ], [ -115.2993663, 36.183626099800001 ], [ -115.2993663, 36.183628799799997 ], [ -115.2993609, 36.183628799799997 ], [ -115.2993609, 36.183631499800001 ], [ -115.2993582, 36.183631499800001 ], [ -115.2993582, 36.183634199799997 ], [ -115.2993528, 36.183634199799997 ], [ -115.2993528, 36.1836368998 ], [ -115.2993447, 36.1836368998 ], [ -115.2993447, 36.183639599799996 ], [ -115.2993366, 36.183639599799996 ], [ -115.2993366, 36.183642299799999 ], [ -115.2993204, 36.183642299799999 ], [ -115.2993204, 36.183644999799995 ], [ -115.299315, 36.183644999799995 ], [ -115.299315, 36.183647699799998 ], [ -115.2993123, 36.183647699799998 ], [ -115.2993123, 36.183650399800001 ], [ -115.2993042, 36.183650399800001 ], [ -115.2993042, 36.183653099799997 ] ] ] } },
{ "type": "Feature", "properties": { "value": 255.0 }, "geometry": { "type": "Polygon", "coordinates": [ [ [ -115.2998766, 36.183626099800001 ], [ -115.2998631, 36.183626099800001 ], [ -115.2998631, 36.183623399799998 ], [ -115.2998577, 36.183623399799998 ], [ -115.2998577, 36.183620699799995 ], [ -115.2998523, 36.183620699799995 ], [ -115.2998523, 36.183617999799999 ], [ -115.2998496, 36.183617999799999 ], [ -115.2998496, 36.183615299799996 ], [ -115.2998442, 36.183615299799996 ], [ -115.2998442, 36.1836125998 ], [ -115.2998415, 36.1836125998 ], [ -115.2998415, 36.183609899799997 ], [ -115.2998388, 36.183609899799997 ], [ -115.2998388, 36.183607199800001 ], [ -115.2998334, 36.183607199800001 ], [ -115.2998334, 36.183604499799998 ], [ -115.2998307, 36.183604499799998 ], [ -115.2998307, 36.183601799799995 ], [ -115.2998253, 36.183601799799995 ], [ -115.2998253, 36.183599099799999 ], [ -115.2998226, 36.183599099799999 ], [ -115.2998226, 36.183596399799995 ], [ -115.2998172, 36.183596399799995 ], [ -115.2998172, 36.183593699799999 ], [ -115.2998118, 36.183593699799999 ], [ -115.2998118, 36.183590999799996 ], [ -115.2998064, 36.183590999799996 ], [ -115.2998064, 36.1835882998 ], [ -115.2998037, 36.1835882998 ], [ -115.2998037, 36.183585599799997 ], [ -115.299801, 36.183585599799997 ], [ -115.299801, 36.183582899800001 ], [ -115.2997956, 36.183582899800001 ], [ -115.2997956, 36.183580199799998 ], [ -115.2997902, 36.183580199799998 ], [ -115.2997902, 36.183577499799995 ], [ -115.2997875, 36.183577499799995 ], [ -115.2997875, 36.183574799799999 ], [ -115.2997848, 36.183574799799999 ], [ -115.2997848, 36.183572099799996 ], [ -115.2997821, 36.183572099799996 ], [ -115.2997821, 36.1835693998 ], [ -115.2997794, 36.1835693998 ], [ -115.2997794, 36.183566699799997 ], [ -115.299774, 36.183566699799997 ], [ -115.299774, 36.1835639998 ], [ -115.2997686, 36.1835639998 ], [ -115.2997686, 36.183561299799997 ], [ -115.2997659, 36.183561299799997 ], [ -115.2997659, 36.183558599800001 ], [ -115.2997632, 36.183558599800001 ], [ -115.2997632, 36.183555899799998 ], [ -115.2997605, 36.183555899799998 ], [ -115.2997605, 36.183553199799995 ], [ -115.2997578, 36.183553199799995 ], [ -115.2997578, 36.183542399799997 ], [ -115.2997605, 36.183542399799997 ], [ -115.2997605, 36.183539699800001 ], [ -115.2997632, 36.183539699800001 ], [ -115.2997632, 36.183531599799998 ], [ -115.2997605, 36.183531599799998 ], [ -115.2997605, 36.183528899799995 ], [ -115.2997551, 36.183528899799995 ], [ -115.2997551, 36.183526199799999 ], [ -115.2997524, 36.183526199799999 ], [ -115.2997524, 36.183523499799996 ], [ -115.2997497, 36.183523499799996 ], [ -115.2997497, 36.1835207998 ], [ -115.299747, 36.1835207998 ], [ -115.299747, 36.183518099799997 ], [ -115.2997443, 36.183518099799997 ], [ -115.2997443, 36.183512699799998 ], [ -115.2997416, 36.183512699799998 ], [ -115.2997416, 36.183509999799995 ], [ -115.2997443, 36.183509999799995 ], [ -115.2997443, 36.183504599799996 ], [ -115.299747, 36.183504599799996 ], [ -115.299747, 36.183499199799996 ], [ -115.2997497, 36.183499199799996 ], [ -115.2997497, 36.183493799799997 ], [ -115.2997524, 36.183493799799997 ], [ -115.2997524, 36.183491099800001 ], [ -115.2997551, 36.183491099800001 ], [ -115.2997551, 36.183488399799998 ], [ -115.2997578, 36.183488399799998 ], [ -115.2997578, 36.183485699799995 ], [ -115.2997605, 36.183485699799995 ], [ -115.2997605, 36.183482999799999 ], [ -115.2997632, 36.183482999799999 ], [ -115.2997632, 36.183480299799996 ], [ -115.2997659, 36.183480299799996 ], [ -115.2997659, 36.1834775998 ], [ -115.2997713, 36.1834775998 ], [ -115.2997713, 36.183474899799997 ], [ -115.299774, 36.183474899799997 ], [ -115.299774, 36.183472199800001 ], [ -115.2997794, 36.183472199800001 ], [ -115.2997794, 36.183469499799997 ], [ -115.2997875, 36.183469499799997 ], [ -115.2997875, 36.183472199800001 ], [ -115.2997956, 36.183472199800001 ], [ -115.2997956, 36.183474899799997 ], [ -115.299801, 36.183474899799997 ], [ -115.299801, 36.1834775998 ], [ -115.2998064, 36.1834775998 ], [ -115.2998064, 36.183480299799996 ], [ -115.2998091, 36.183480299799996 ], [ -115.2998091, 36.183485699799995 ], [ -115.2998118, 36.183485699799995 ], [ -115.2998118, 36.183491099800001 ], [ -115.2998145, 36.183491099800001 ], [ -115.2998145, 36.183499199799996 ], [ -115.2998172, 36.183499199799996 ], [ -115.2998172, 36.1835018998 ], [ -115.2998253, 36.1835018998 ], [ -115.2998253, 36.183504599799996 ], [ -115.2998307, 36.183504599799996 ], [ -115.2998307, 36.183507299799999 ], [ -115.2998361, 36.183507299799999 ], [ -115.2998361, 36.183509999799995 ], [ -115.2998415, 36.183509999799995 ], [ -115.2998415, 36.183512699799998 ], [ -115.2998442, 36.183512699799998 ], [ -115.2998442, 36.183515399800001 ], [ -115.2998469, 36.183515399800001 ], [ -115.2998469, 36.183518099799997 ], [ -115.2998523, 36.183518099799997 ], [ -115.2998523, 36.1835207998 ], [ -115.2998577, 36.1835207998 ], [ -115.2998577, 36.183523499799996 ], [ -115.2998604, 36.183523499799996 ], [ -115.2998604, 36.183526199799999 ], [ -115.2998658, 36.183526199799999 ], [ -115.2998658, 36.183528899799995 ], [ -115.2998685, 36.183528899799995 ], [ -115.2998685, 36.183531599799998 ], [ -115.2998712, 36.183531599799998 ], [ -115.2998712, 36.183534299799994 ], [ -115.2998739, 36.183534299799994 ], [ -115.2998739, 36.183536999799998 ], [ -115.2998793, 36.183536999799998 ], [ -115.2998793, 36.183539699800001 ], [ -115.299882, 36.183539699800001 ], [ -115.299882, 36.183542399799997 ], [ -115.2998847, 36.183542399799997 ], [ -115.2998847, 36.1835450998 ], [ -115.2998901, 36.1835450998 ], [ -115.2998901, 36.183547799799996 ], [ -115.2998928, 36.183547799799996 ], [ -115.2998928, 36.183550499799999 ], [ -115.2998955, 36.183550499799999 ], [ -115.2998955, 36.183553199799995 ], [ -115.2999009, 36.183553199799995 ], [ -115.2999009, 36.183555899799998 ], [ -115.2999036, 36.183555899799998 ], [ -115.2999036, 36.183558599800001 ], [ -115.299909, 36.183558599800001 ], [ -115.299909, 36.183561299799997 ], [ -115.2999117, 36.183561299799997 ], [ -115.2999117, 36.1835639998 ], [ -115.2999144, 36.1835639998 ], [ -115.2999144, 36.183566699799997 ], [ -115.2999198, 36.183566699799997 ], [ -115.2999198, 36.1835693998 ], [ -115.2999225, 36.1835693998 ], [ -115.2999225, 36.183572099799996 ], [ -115.2999252, 36.183572099799996 ], [ -115.2999252, 36.183574799799999 ], [ -115.2999279, 36.183574799799999 ], [ -115.2999279, 36.183590999799996 ], [ -115.2999252, 36.183590999799996 ], [ -115.2999252, 36.183593699799999 ], [ -115.2999198, 36.183593699799999 ], [ -115.2999198, 36.183596399799995 ], [ -115.2999171, 36.183596399799995 ], [ -115.2999171, 36.183599099799999 ], [ -115.2999144, 36.183599099799999 ], [ -115.2999144, 36.183601799799995 ], [ -115.2999117, 36.183601799799995 ], [ -115.2999117, 36.183604499799998 ], [ -115.299909, 36.183604499799998 ], [ -115.299909, 36.183607199800001 ], [ -115.2999036, 36.183607199800001 ], [ -115.2999036, 36.183609899799997 ], [ -115.2999009, 36.183609899799997 ], [ -115.2999009, 36.1836125998 ], [ -115.2998955, 36.1836125998 ], [ -115.2998955, 36.183615299799996 ], [ -115.2998928, 36.183615299799996 ], [ -115.2998928, 36.183617999799999 ], [ -115.2998874, 36.183617999799999 ], [ -115.2998874, 36.183620699799995 ], [ -115.299882, 36.183620699799995 ], [ -115.299882, 36.183623399799998 ], [ -115.2998766, 36.183623399799998 ], [ -115.2998766, 36.183626099800001 ] ] ] } },
{ "type": "Feature", "properties": { "value": 255.0 }, "geometry": { "type": "Polygon", "coordinates": [ [ [ -115.2992583, 36.1835693998 ], [ -115.2992448, 36.1835693998 ], [ -115.2992448, 36.183566699799997 ], [ -115.2992394, 36.183566699799997 ], [ -115.2992394, 36.1835639998 ], [ -115.2992367, 36.1835639998 ], [ -115.2992367, 36.183561299799997 ], [ -115.299234, 36.183561299799997 ], [ -115.299234, 36.183555899799998 ], [ -115.2992313, 36.183555899799998 ], [ -115.2992313, 36.183553199799995 ], [ -115.2992286, 36.183553199799995 ], [ -115.2992286, 36.183550499799999 ], [ -115.2992259, 36.183550499799999 ], [ -115.2992259, 36.183547799799996 ], [ -115.2992232, 36.183547799799996 ], [ -115.2992232, 36.1835450998 ], [ -115.2992205, 36.1835450998 ], [ -115.2992205, 36.183542399799997 ], [ -115.2992178, 36.183542399799997 ], [ -115.2992178, 36.183539699800001 ], [ -115.2992151, 36.183539699800001 ], [ -115.2992151, 36.183534299799994 ], [ -115.2992124, 36.183534299799994 ], [ -115.2992124, 36.183531599799998 ], [ -115.2992097, 36.183531599799998 ], [ -115.2992097, 36.183526199799999 ], [ -115.299207, 36.183526199799999 ], [ -115.299207, 36.1835207998 ], [ -115.2992043, 36.1835207998 ], [ -115.2992043, 36.1835018998 ], [ -115.299207, 36.1835018998 ], [ -115.299207, 36.183499199799996 ], [ -115.2992097, 36.183499199799996 ], [ -115.2992097, 36.1834964998 ], [ -115.2992151, 36.1834964998 ], [ -115.2992151, 36.183493799799997 ], [ -115.2992286, 36.183493799799997 ], [ -115.2992286, 36.183491099800001 ], [ -115.2992367, 36.183491099800001 ], [ -115.2992367, 36.183488399799998 ], [ -115.2992394, 36.183488399799998 ], [ -115.2992394, 36.183485699799995 ], [ -115.2992448, 36.183485699799995 ], [ -115.2992448, 36.183482999799999 ], [ -115.2992475, 36.183482999799999 ], [ -115.2992475, 36.183480299799996 ], [ -115.2992502, 36.183480299799996 ], [ -115.2992502, 36.1834775998 ], [ -115.2992556, 36.1834775998 ], [ -115.2992556, 36.183474899799997 ], [ -115.299261, 36.183474899799997 ], [ -115.299261, 36.183472199800001 ], [ -115.2992691, 36.183472199800001 ], [ -115.2992691, 36.183469499799997 ], [ -115.2992745, 36.183469499799997 ], [ -115.2992745, 36.183466799799994 ], [ -115.2992799, 36.183466799799994 ], [ -115.2992799, 36.183464099799998 ], [ -115.2992853, 36.183464099799998 ], [ -115.2992853, 36.183461399799995 ], [ -115.299288, 36.183461399799995 ], [ -115.299288, 36.183458699799999 ], [ -115.2992934, 36.183458699799999 ], [ -115.2992934, 36.183455999799996 ], [ -115.2992988, 36.183455999799996 ], [ -115.2992988, 36.1834532998 ], [ -115.2993069, 36.1834532998 ], [ -115.2993069, 36.183450599799997 ], [ -115.2993177, 36.183450599799997 ], [ -115.2993177, 36.183447899800001 ], [ -115.2993204, 36.183447899800001 ], [ -115.2993204, 36.183450599799997 ], [ -115.2993339, 36.183450599799997 ], [ -115.2993339, 36.1834532998 ], [ -115.2993393, 36.1834532998 ], [ -115.2993393, 36.183455999799996 ], [ -115.2993447, 36.183455999799996 ], [ -115.2993447, 36.183458699799999 ], [ -115.2993582, 36.183458699799999 ], [ -115.2993582, 36.183461399799995 ], [ -115.2993744, 36.183461399799995 ], [ -115.2993744, 36.183464099799998 ], [ -115.2993825, 36.183464099799998 ], [ -115.2993825, 36.183466799799994 ], [ -115.2993879, 36.183466799799994 ], [ -115.2993879, 36.183469499799997 ], [ -115.2993933, 36.183469499799997 ], [ -115.2993933, 36.183472199800001 ], [ -115.299396, 36.183472199800001 ], [ -115.299396, 36.1834775998 ], [ -115.2993987, 36.1834775998 ], [ -115.2993987, 36.183485699799995 ], [ -115.299396, 36.183485699799995 ], [ -115.299396, 36.183491099800001 ], [ -115.2993906, 36.183491099800001 ], [ -115.2993906, 36.183493799799997 ], [ -115.2993825, 36.183493799799997 ], [ -115.2993825, 36.1834964998 ], [ -115.2993744, 36.1834964998 ], [ -115.2993744, 36.183499199799996 ], [ -115.2993717, 36.183499199799996 ], [ -115.2993717, 36.183504599799996 ], [ -115.299369, 36.183504599799996 ], [ -115.299369, 36.183509999799995 ], [ -115.2993663, 36.183509999799995 ], [ -115.2993663, 36.183512699799998 ], [ -115.2993609, 36.183512699799998 ], [ -115.2993609, 36.183515399800001 ], [ -115.2993582, 36.183515399800001 ], [ -115.2993582, 36.183518099799997 ], [ -115.2993528, 36.183518099799997 ], [ -115.2993528, 36.1835207998 ], [ -115.2993474, 36.1835207998 ], [ -115.2993474, 36.183523499799996 ], [ -115.299342, 36.183523499799996 ], [ -115.299342, 36.183526199799999 ], [ -115.2993366, 36.183526199799999 ], [ -115.2993366, 36.183528899799995 ], [ -115.2993312, 36.183528899799995 ], [ -115.2993312, 36.183531599799998 ], [ -115.2993258, 36.183531599799998 ], [ -115.2993258, 36.183534299799994 ], [ -115.2993204, 36.183534299799994 ], [ -115.2993204, 36.183536999799998 ], [ -115.299315, 36.183536999799998 ], [ -115.299315, 36.183539699800001 ], [ -115.2993123, 36.183539699800001 ], [ -115.2993123, 36.183542399799997 ], [ -115.2993069, 36.183542399799997 ], [ -115.2993069, 36.1835450998 ], [ -115.2993015, 36.1835450998 ], [ -115.2993015, 36.183547799799996 ], [ -115.2992961, 36.183547799799996 ], [ -115.2992961, 36.183550499799999 ], [ -115.2992907, 36.183550499799999 ], [ -115.2992907, 36.183553199799995 ], [ -115.2992853, 36.183553199799995 ], [ -115.2992853, 36.183555899799998 ], [ -115.2992799, 36.183555899799998 ], [ -115.2992799, 36.183558599800001 ], [ -115.2992745, 36.183558599800001 ], [ -115.2992745, 36.183561299799997 ], [ -115.2992691, 36.183561299799997 ], [ -115.2992691, 36.1835639998 ], [ -115.2992637, 36.1835639998 ], [ -115.2992637, 36.183566699799997 ], [ -115.2992583, 36.183566699799997 ], [ -115.2992583, 36.1835693998 ] ] ] } },
{ "type": "Feature", "properties": { "value": 255.0 }, "geometry": { "type": "Polygon", "coordinates": [ [ [ -115.3004085, 36.1835882998 ], [ -115.3003977, 36.1835882998 ], [ -115.3003977, 36.183585599799997 ], [ -115.3003869, 36.183585599799997 ], [ -115.3003869, 36.183582899800001 ], [ -115.3003815, 36.183582899800001 ], [ -115.3003815, 36.183580199799998 ], [ -115.3003788, 36.183580199799998 ], [ -115.3003788, 36.183577499799995 ], [ -115.3003734, 36.183577499799995 ], [ -115.3003734, 36.183574799799999 ], [ -115.3003707, 36.183574799799999 ], [ -115.3003707, 36.183572099799996 ], [ -115.300368, 36.183572099799996 ], [ -115.300368, 36.1835693998 ], [ -115.3003626, 36.1835693998 ], [ -115.3003626, 36.183566699799997 ], [ -115.3003599, 36.183566699799997 ], [ -115.3003599, 36.1835639998 ], [ -115.3003518, 36.1835639998 ], [ -115.3003518, 36.183561299799997 ], [ -115.3003464, 36.183561299799997 ], [ -115.3003464, 36.183558599800001 ], [ -115.300341, 36.183558599800001 ], [ -115.300341, 36.183555899799998 ], [ -115.3003383, 36.183555899799998 ], [ -115.3003383, 36.183553199799995 ], [ -115.3003356, 36.183553199799995 ], [ -115.3003356, 36.183550499799999 ], [ -115.3003329, 36.183550499799999 ], [ -115.3003329, 36.183547799799996 ], [ -115.3003302, 36.183547799799996 ], [ -115.3003302, 36.1835450998 ], [ -115.3003275, 36.1835450998 ], [ -115.3003275, 36.183542399799997 ], [ -115.3003248, 36.183542399799997 ], [ -115.3003248, 36.183539699800001 ], [ -115.3003194, 36.183539699800001 ], [ -115.3003194, 36.183536999799998 ], [ -115.3003167, 36.183536999799998 ], [ -115.3003167, 36.183534299799994 ], [ -115.300314, 36.183534299799994 ], [ -115.300314, 36.183531599799998 ], [ -115.3003086, 36.183531599799998 ], [ -115.3003086, 36.183528899799995 ], [ -115.3003059, 36.183528899799995 ], [ -115.3003059, 36.183526199799999 ], [ -115.3003005, 36.183526199799999 ], [ -115.3003005, 36.183523499799996 ], [ -115.3002978, 36.183523499799996 ], [ -115.3002978, 36.1835207998 ], [ -115.3002924, 36.1835207998 ], [ -115.3002924, 36.183518099799997 ], [ -115.3002897, 36.183518099799997 ], [ -115.3002897, 36.183515399800001 ], [ -115.300287, 36.183515399800001 ], [ -115.300287, 36.183512699799998 ], [ -115.3002843, 36.183512699799998 ], [ -115.3002843, 36.183509999799995 ], [ -115.3002816, 36.183509999799995 ], [ -115.3002816, 36.183507299799999 ], [ -115.3002789, 36.183507299799999 ], [ -115.3002789, 36.183504599799996 ], [ -115.3002735, 36.183504599799996 ], [ -115.3002735, 36.1835018998 ], [ -115.3002681, 36.1835018998 ], [ -115.3002681, 36.183499199799996 ], [ -115.3002654, 36.183499199799996 ], [ -115.3002654, 36.1834964998 ], [ -115.3002627, 36.1834964998 ], [ -115.3002627, 36.183493799799997 ], [ -115.30026, 36.183493799799997 ], [ -115.30026, 36.183491099800001 ], [ -115.3002573, 36.183491099800001 ], [ -115.3002573, 36.183488399799998 ], [ -115.3002546, 36.183488399799998 ], [ -115.3002546, 36.183485699799995 ], [ -115.3002519, 36.183485699799995 ], [ -115.3002519, 36.183482999799999 ], [ -115.3002465, 36.183482999799999 ], [ -115.3002465, 36.183480299799996 ], [ -115.3002438, 36.183480299799996 ], [ -115.3002438, 36.1834775998 ], [ -115.3002384, 36.1834775998 ], [ -115.3002384, 36.183474899799997 ], [ -115.300233, 36.183474899799997 ], [ -115.300233, 36.183472199800001 ], [ -115.3002276, 36.183472199800001 ], [ -115.3002276, 36.183469499799997 ], [ -115.3002249, 36.183469499799997 ], [ -115.3002249, 36.183464099799998 ], [ -115.3002222, 36.183464099799998 ], [ -115.3002222, 36.183458699799999 ], [ -115.3002249, 36.183458699799999 ], [ -115.3002249, 36.183455999799996 ], [ -115.3002276, 36.183455999799996 ], [ -115.3002276, 36.183450599799997 ], [ -115.3002303, 36.183450599799997 ], [ -115.3002303, 36.183447899800001 ], [ -115.300233, 36.183447899800001 ], [ -115.300233, 36.183445199799998 ], [ -115.3002357, 36.183445199799998 ], [ -115.3002357, 36.183442499799995 ], [ -115.3002411, 36.183442499799995 ], [ -115.3002411, 36.183439799799999 ], [ -115.3002438, 36.183439799799999 ], [ -115.3002438, 36.183437099799995 ], [ -115.3002465, 36.183437099799995 ], [ -115.3002465, 36.183434399799999 ], [ -115.3002519, 36.183434399799999 ], [ -115.3002519, 36.183431699799996 ], [ -115.3002546, 36.183431699799996 ], [ -115.3002546, 36.1834289998 ], [ -115.30026, 36.1834289998 ], [ -115.30026, 36.183426299799997 ], [ -115.3002654, 36.183426299799997 ], [ -115.3002654, 36.183423599800001 ], [ -115.3002681, 36.183423599800001 ], [ -115.3002681, 36.183420899799998 ], [ -115.3002735, 36.183420899799998 ], [ -115.3002735, 36.183418199799995 ], [ -115.3002978, 36.183418199799995 ], [ -115.3002978, 36.183420899799998 ], [ -115.3003032, 36.183420899799998 ], [ -115.3003032, 36.183423599800001 ], [ -115.3003059, 36.183423599800001 ], [ -115.3003059, 36.183426299799997 ], [ -115.3003086, 36.183426299799997 ], [ -115.3003086, 36.183431699799996 ], [ -115.3003113, 36.183431699799996 ], [ -115.3003113, 36.183439799799999 ], [ -115.300314, 36.183439799799999 ], [ -115.300314, 36.183445199799998 ], [ -115.3003167, 36.183445199799998 ], [ -115.3003167, 36.183447899800001 ], [ -115.3003194, 36.183447899800001 ], [ -115.3003194, 36.183450599799997 ], [ -115.3003248, 36.183450599799997 ], [ -115.3003248, 36.1834532998 ], [ -115.3003437, 36.1834532998 ], [ -115.3003437, 36.183455999799996 ], [ -115.3003491, 36.183455999799996 ], [ -115.3003491, 36.183458699799999 ], [ -115.3003518, 36.183458699799999 ], [ -115.3003518, 36.183461399799995 ], [ -115.3003572, 36.183461399799995 ], [ -115.3003572, 36.183464099799998 ], [ -115.3003599, 36.183464099799998 ], [ -115.3003599, 36.183466799799994 ], [ -115.3003626, 36.183466799799994 ], [ -115.3003626, 36.183469499799997 ], [ -115.300368, 36.183469499799997 ], [ -115.300368, 36.183472199800001 ], [ -115.3003707, 36.183472199800001 ], [ -115.3003707, 36.183474899799997 ], [ -115.3003761, 36.183474899799997 ], [ -115.3003761, 36.1834775998 ], [ -115.3003788, 36.1834775998 ], [ -115.3003788, 36.183480299799996 ], [ -115.3003815, 36.183480299799996 ], [ -115.3003815, 36.183482999799999 ], [ -115.3003869, 36.183482999799999 ], [ -115.3003869, 36.183485699799995 ], [ -115.3003896, 36.183485699799995 ], [ -115.3003896, 36.183488399799998 ], [ -115.300395, 36.183488399799998 ], [ -115.300395, 36.183491099800001 ], [ -115.3003977, 36.183491099800001 ], [ -115.3003977, 36.183493799799997 ], [ -115.3004004, 36.183493799799997 ], [ -115.3004004, 36.1834964998 ], [ -115.3004058, 36.1834964998 ], [ -115.3004058, 36.1835018998 ], [ -115.3004085, 36.1835018998 ], [ -115.3004085, 36.183504599799996 ], [ -115.3004112, 36.183504599799996 ], [ -115.3004112, 36.183507299799999 ], [ -115.3004139, 36.183507299799999 ], [ -115.3004139, 36.183509999799995 ], [ -115.3004166, 36.183509999799995 ], [ -115.3004166, 36.183512699799998 ], [ -115.3004193, 36.183512699799998 ], [ -115.3004193, 36.183515399800001 ], [ -115.3004247, 36.183515399800001 ], [ -115.3004247, 36.183518099799997 ], [ -115.3004328, 36.183518099799997 ], [ -115.3004328, 36.1835207998 ], [ -115.3004355, 36.1835207998 ], [ -115.3004355, 36.183523499799996 ], [ -115.3004382, 36.183523499799996 ], [ -115.3004382, 36.183526199799999 ], [ -115.3004409, 36.183526199799999 ], [ -115.3004409, 36.183528899799995 ], [ -115.3004436, 36.183528899799995 ], [ -115.3004436, 36.183539699800001 ], [ -115.3004463, 36.183539699800001 ], [ -115.3004463, 36.183561299799997 ], [ -115.3004436, 36.183561299799997 ], [ -115.3004436, 36.183566699799997 ], [ -115.3004409, 36.183566699799997 ], [ -115.3004409, 36.1835693998 ], [ -115.3004355, 36.1835693998 ], [ -115.3004355, 36.183572099799996 ], [ -115.3004328, 36.183572099799996 ], [ -115.3004328, 36.183574799799999 ], [ -115.3004301, 36.183574799799999 ], [ -115.3004301, 36.183577499799995 ], [ -115.3004274, 36.183577499799995 ], [ -115.3004274, 36.183580199799998 ], [ -115.300422, 36.183580199799998 ], [ -115.300422, 36.183582899800001 ], [ -115.3004166, 36.183582899800001 ], [ -115.3004166, 36.183585599799997 ], [ -115.3004085, 36.183585599799997 ], [ -115.3004085, 36.1835882998 ] ] ] } },
{ "type": "Feature", "properties": { "value": 255.0 }, "geometry": { "type": "Polygon", "coordinates": [ [ [ -115.2999711, 36.183553199799995 ], [ -115.2999657, 36.183553199799995 ], [ -115.2999657, 36.183550499799999 ], [ -115.2999603, 36.183550499799999 ], [ -115.2999603, 36.183547799799996 ], [ -115.2999549, 36.183547799799996 ], [ -115.2999549, 36.1835450998 ], [ -115.2999495, 36.1835450998 ], [ -115.2999495, 36.183542399799997 ], [ -115.2999225, 36.183542399799997 ], [ -115.2999225, 36.183539699800001 ], [ -115.2999171, 36.183539699800001 ], [ -115.2999171, 36.183536999799998 ], [ -115.2999144, 36.183536999799998 ], [ -115.2999144, 36.183534299799994 ], [ -115.299909, 36.183534299799994 ], [ -115.299909, 36.183531599799998 ], [ -115.2999063, 36.183531599799998 ], [ -115.2999063, 36.183528899799995 ], [ -115.2999036, 36.183528899799995 ], [ -115.2999036, 36.183526199799999 ], [ -115.2998982, 36.183526199799999 ], [ -115.2998982, 36.183523499799996 ], [ -115.2998955, 36.183523499799996 ], [ -115.2998955, 36.1835207998 ], [ -115.2998928, 36.1835207998 ], [ -115.2998928, 36.183518099799997 ], [ -115.2998874, 36.183518099799997 ], [ -115.2998874, 36.183515399800001 ], [ -115.2998847, 36.183515399800001 ], [ -115.2998847, 36.183512699799998 ], [ -115.2998793, 36.183512699799998 ], [ -115.2998793, 36.183509999799995 ], [ -115.2998766, 36.183509999799995 ], [ -115.2998766, 36.183507299799999 ], [ -115.2998712, 36.183507299799999 ], [ -115.2998712, 36.183504599799996 ], [ -115.2998685, 36.183504599799996 ], [ -115.2998685, 36.1835018998 ], [ -115.2998631, 36.1835018998 ], [ -115.2998631, 36.183499199799996 ], [ -115.2998604, 36.183499199799996 ], [ -115.2998604, 36.1834964998 ], [ -115.299855, 36.1834964998 ], [ -115.299855, 36.183491099800001 ], [ -115.2998523, 36.183491099800001 ], [ -115.2998523, 36.183485699799995 ], [ -115.299855, 36.183485699799995 ], [ -115.299855, 36.183474899799997 ], [ -115.2998523, 36.183474899799997 ], [ -115.2998523, 36.183472199800001 ], [ -115.2998496, 36.183472199800001 ], [ -115.2998496, 36.183469499799997 ], [ -115.2998442, 36.183469499799997 ], [ -115.2998442, 36.183466799799994 ], [ -115.2998415, 36.183466799799994 ], [ -115.2998415, 36.183464099799998 ], [ -115.2998388, 36.183464099799998 ], [ -115.2998388, 36.183461399799995 ], [ -115.2998334, 36.183461399799995 ], [ -115.2998334, 36.183458699799999 ], [ -115.2998307, 36.183458699799999 ], [ -115.2998307, 36.183455999799996 ], [ -115.299828, 36.183455999799996 ], [ -115.299828, 36.1834532998 ], [ -115.2998253, 36.1834532998 ], [ -115.2998253, 36.183450599799997 ], [ -115.2998226, 36.183450599799997 ], [ -115.2998226, 36.183445199799998 ], [ -115.2998199, 36.183445199799998 ], [ -115.2998199, 36.183434399799999 ], [ -115.2998226, 36.183434399799999 ], [ -115.2998226, 36.183431699799996 ], [ -115.2998253, 36.183431699799996 ], [ -115.2998253, 36.183426299799997 ], [ -115.299828, 36.183426299799997 ], [ -115.299828, 36.183423599800001 ], [ -115.2998307, 36.183423599800001 ], [ -115.2998307, 36.183420899799998 ], [ -115.2998334, 36.183420899799998 ], [ -115.2998334, 36.183418199799995 ], [ -115.2998361, 36.183418199799995 ], [ -115.2998361, 36.183415499799999 ], [ -115.2998442, 36.183415499799999 ], [ -115.2998442, 36.183412799799996 ], [ -115.299855, 36.183412799799996 ], [ -115.299855, 36.1834100998 ], [ -115.299882, 36.1834100998 ], [ -115.299882, 36.183412799799996 ], [ -115.2998928, 36.183412799799996 ], [ -115.2998928, 36.183415499799999 ], [ -115.2998982, 36.183415499799999 ], [ -115.2998982, 36.183418199799995 ], [ -115.2999009, 36.183418199799995 ], [ -115.2999009, 36.183420899799998 ], [ -115.2999036, 36.183420899799998 ], [ -115.2999036, 36.183423599800001 ], [ -115.2999063, 36.183423599800001 ], [ -115.2999063, 36.1834289998 ], [ -115.299909, 36.1834289998 ], [ -115.299909, 36.183437099799995 ], [ -115.2999117, 36.183437099799995 ], [ -115.2999117, 36.183439799799999 ], [ -115.2999171, 36.183439799799999 ], [ -115.2999171, 36.183442499799995 ], [ -115.2999225, 36.183442499799995 ], [ -115.2999225, 36.183445199799998 ], [ -115.2999306, 36.183445199799998 ], [ -115.2999306, 36.183447899800001 ], [ -115.2999333, 36.183447899800001 ], [ -115.2999333, 36.183450599799997 ], [ -115.2999387, 36.183450599799997 ], [ -115.2999387, 36.1834532998 ], [ -115.2999414, 36.1834532998 ], [ -115.2999414, 36.183455999799996 ], [ -115.2999441, 36.183455999799996 ], [ -115.2999441, 36.183458699799999 ], [ -115.2999468, 36.183458699799999 ], [ -115.2999468, 36.183461399799995 ], [ -115.2999495, 36.183461399799995 ], [ -115.2999495, 36.183464099799998 ], [ -115.2999522, 36.183464099799998 ], [ -115.2999522, 36.183466799799994 ], [ -115.2999576, 36.183466799799994 ], [ -115.2999576, 36.183469499799997 ], [ -115.2999603, 36.183469499799997 ], [ -115.2999603, 36.183472199800001 ], [ -115.2999657, 36.183472199800001 ], [ -115.2999657, 36.183474899799997 ], [ -115.2999684, 36.183474899799997 ], [ -115.2999684, 36.1834775998 ], [ -115.2999738, 36.1834775998 ], [ -115.2999738, 36.183480299799996 ], [ -115.2999792, 36.183480299799996 ], [ -115.2999792, 36.183482999799999 ], [ -115.2999873, 36.183482999799999 ], [ -115.2999873, 36.183485699799995 ], [ -115.2999927, 36.183485699799995 ], [ -115.2999927, 36.183488399799998 ], [ -115.2999954, 36.183488399799998 ], [ -115.2999954, 36.183491099800001 ], [ -115.2999981, 36.183491099800001 ], [ -115.2999981, 36.183493799799997 ], [ -115.3000035, 36.183493799799997 ], [ -115.3000035, 36.1834964998 ], [ -115.3000062, 36.1834964998 ], [ -115.3000062, 36.183499199799996 ], [ -115.3000089, 36.183499199799996 ], [ -115.3000089, 36.1835018998 ], [ -115.3000116, 36.1835018998 ], [ -115.3000116, 36.183504599799996 ], [ -115.3000143, 36.183504599799996 ], [ -115.3000143, 36.183509999799995 ], [ -115.300017, 36.183509999799995 ], [ -115.300017, 36.183515399800001 ], [ -115.3000143, 36.183515399800001 ], [ -115.3000143, 36.183523499799996 ], [ -115.3000116, 36.183523499799996 ], [ -115.3000116, 36.183526199799999 ], [ -115.3000062, 36.183526199799999 ], [ -115.3000062, 36.183528899799995 ], [ -115.3000035, 36.183528899799995 ], [ -115.3000035, 36.183531599799998 ], [ -115.2999981, 36.183531599799998 ], [ -115.2999981, 36.183534299799994 ], [ -115.2999954, 36.183534299799994 ], [ -115.2999954, 36.183536999799998 ], [ -115.2999927, 36.183536999799998 ], [ -115.2999927, 36.183539699800001 ], [ -115.29999, 36.183539699800001 ], [ -115.29999, 36.183542399799997 ], [ -115.2999873, 36.183542399799997 ], [ -115.2999873, 36.1835450998 ], [ -115.2999846, 36.1835450998 ], [ -115.2999846, 36.183547799799996 ], [ -115.2999792, 36.183547799799996 ], [ -115.2999792, 36.183550499799999 ], [ -115.2999711, 36.183550499799999 ], [ -115.2999711, 36.183553199799995 ] ] ] } },
{ "type": "Feature", "properties": { "value": 255.0 }, "geometry": { "type": "Polygon", "coordinates": [ [ [ -115.3000683, 36.183469499799997 ], [ -115.3000548, 36.183469499799997 ], [ -115.3000548, 36.183466799799994 ], [ -115.3000467, 36.183466799799994 ], [ -115.3000467, 36.183464099799998 ], [ -115.3000413, 36.183464099799998 ], [ -115.3000413, 36.183461399799995 ], [ -115.3000305, 36.183461399799995 ], [ -115.3000305, 36.183464099799998 ], [ -115.3000251, 36.183464099799998 ], [ -115.3000251, 36.183466799799994 ], [ -115.300017, 36.183466799799994 ], [ -115.300017, 36.183469499799997 ], [ -115.3000035, 36.183469499799997 ], [ -115.3000035, 36.183466799799994 ], [ -115.2999981, 36.183466799799994 ], [ -115.2999981, 36.183464099799998 ], [ -115.2999927, 36.183464099799998 ], [ -115.2999927, 36.183461399799995 ], [ -115.29999, 36.183461399799995 ], [ -115.29999, 36.183458699799999 ], [ -115.2999873, 36.183458699799999 ], [ -115.2999873, 36.183455999799996 ], [ -115.2999819, 36.183455999799996 ], [ -115.2999819, 36.1834532998 ], [ -115.2999792, 36.1834532998 ], [ -115.2999792, 36.183450599799997 ], [ -115.2999738, 36.183450599799997 ], [ -115.2999738, 36.183447899800001 ], [ -115.2999711, 36.183447899800001 ], [ -115.2999711, 36.183445199799998 ], [ -115.2999684, 36.183445199799998 ], [ -115.2999684, 36.183442499799995 ], [ -115.2999657, 36.183442499799995 ], [ -115.2999657, 36.183439799799999 ], [ -115.2999603, 36.183439799799999 ], [ -115.2999603, 36.183437099799995 ], [ -115.2999576, 36.183437099799995 ], [ -115.2999576, 36.183434399799999 ], [ -115.2999522, 36.183434399799999 ], [ -115.2999522, 36.183431699799996 ], [ -115.2999468, 36.183431699799996 ], [ -115.2999468, 36.1834289998 ], [ -115.2999441, 36.1834289998 ], [ -115.2999441, 36.183426299799997 ], [ -115.2999414, 36.183426299799997 ], [ -115.2999414, 36.183423599800001 ], [ -115.2999387, 36.183423599800001 ], [ -115.2999387, 36.183420899799998 ], [ -115.299936, 36.183420899799998 ], [ -115.299936, 36.183404699800001 ], [ -115.2999333, 36.183404699800001 ], [ -115.2999333, 36.183401999799997 ], [ -115.2999306, 36.183401999799997 ], [ -115.2999306, 36.183399299799994 ], [ -115.2999279, 36.183399299799994 ], [ -115.2999279, 36.183396599799998 ], [ -115.2999252, 36.183396599799998 ], [ -115.2999252, 36.183393899799995 ], [ -115.2999198, 36.183393899799995 ], [ -115.2999198, 36.183391199799999 ], [ -115.2999171, 36.183391199799999 ], [ -115.2999171, 36.183388499799996 ], [ -115.2999144, 36.183388499799996 ], [ -115.2999144, 36.1833857998 ], [ -115.299909, 36.1833857998 ], [ -115.299909, 36.183383099799997 ], [ -115.2999063, 36.183383099799997 ], [ -115.2999063, 36.183380399800001 ], [ -115.2999036, 36.183380399800001 ], [ -115.2999036, 36.183377699799998 ], [ -115.2999009, 36.183377699799998 ], [ -115.2999009, 36.183372299799998 ], [ -115.2998982, 36.183372299799998 ], [ -115.2998982, 36.183358799799997 ], [ -115.2999009, 36.183358799799997 ], [ -115.2999009, 36.183350699799995 ], [ -115.2999036, 36.183350699799995 ], [ -115.2999036, 36.183345299799996 ], [ -115.2999063, 36.183345299799996 ], [ -115.2999063, 36.1833425998 ], [ -115.2999117, 36.1833425998 ], [ -115.2999117, 36.183339899799996 ], [ -115.2999144, 36.183339899799996 ], [ -115.2999144, 36.1833371998 ], [ -115.2999198, 36.1833371998 ], [ -115.2999198, 36.183334499799997 ], [ -115.2999252, 36.183334499799997 ], [ -115.2999252, 36.183331799799994 ], [ -115.2999333, 36.183331799799994 ], [ -115.2999333, 36.183329099799998 ], [ -115.2999603, 36.183329099799998 ], [ -115.2999603, 36.183331799799994 ], [ -115.2999684, 36.183331799799994 ], [ -115.2999684, 36.183334499799997 ], [ -115.2999738, 36.183334499799997 ], [ -115.2999738, 36.1833371998 ], [ -115.2999792, 36.1833371998 ], [ -115.2999792, 36.183339899799996 ], [ -115.2999819, 36.183339899799996 ], [ -115.2999819, 36.1833425998 ], [ -115.2999846, 36.1833425998 ], [ -115.2999846, 36.183347999799999 ], [ -115.2999873, 36.183347999799999 ], [ -115.2999873, 36.183356099800001 ], [ -115.29999, 36.183356099800001 ], [ -115.29999, 36.183364199799996 ], [ -115.2999927, 36.183364199799996 ], [ -115.2999927, 36.183369599799995 ], [ -115.2999954, 36.183369599799995 ], [ -115.2999954, 36.183372299799998 ], [ -115.3000035, 36.183372299799998 ], [ -115.3000035, 36.183374999799994 ], [ -115.3000143, 36.183374999799994 ], [ -115.3000143, 36.183377699799998 ], [ -115.3000197, 36.183377699799998 ], [ -115.3000197, 36.183380399800001 ], [ -115.3000224, 36.183380399800001 ], [ -115.3000224, 36.183383099799997 ], [ -115.3000251, 36.183383099799997 ], [ -115.3000251, 36.1833857998 ], [ -115.3000278, 36.1833857998 ], [ -115.3000278, 36.183388499799996 ], [ -115.3000305, 36.183388499799996 ], [ -115.3000305, 36.183391199799999 ], [ -115.3000332, 36.183391199799999 ], [ -115.3000332, 36.183393899799995 ], [ -115.3000359, 36.183393899799995 ], [ -115.3000359, 36.183396599799998 ], [ -115.3000413, 36.183396599799998 ], [ -115.3000413, 36.183399299799994 ], [ -115.300044, 36.183399299799994 ], [ -115.300044, 36.183401999799997 ], [ -115.3000494, 36.183401999799997 ], [ -115.3000494, 36.183404699800001 ], [ -115.3000548, 36.183404699800001 ], [ -115.3000548, 36.183407399799997 ], [ -115.3000602, 36.183407399799997 ], [ -115.3000602, 36.1834100998 ], [ -115.3000656, 36.1834100998 ], [ -115.3000656, 36.183412799799996 ], [ -115.300071, 36.183412799799996 ], [ -115.300071, 36.183415499799999 ], [ -115.3000764, 36.183415499799999 ], [ -115.3000764, 36.183418199799995 ], [ -115.3000791, 36.183418199799995 ], [ -115.3000791, 36.183420899799998 ], [ -115.3000818, 36.183420899799998 ], [ -115.3000818, 36.183426299799997 ], [ -115.3000845, 36.183426299799997 ], [ -115.3000845, 36.1834289998 ], [ -115.3000872, 36.1834289998 ], [ -115.3000872, 36.183434399799999 ], [ -115.3000899, 36.183434399799999 ], [ -115.3000899, 36.183445199799998 ], [ -115.3000872, 36.183445199799998 ], [ -115.3000872, 36.183450599799997 ], [ -115.3000845, 36.183450599799997 ], [ -115.3000845, 36.1834532998 ], [ -115.3000818, 36.1834532998 ], [ -115.3000818, 36.183455999799996 ], [ -115.3000791, 36.183455999799996 ], [ -115.3000791, 36.183458699799999 ], [ -115.3000764, 36.183458699799999 ], [ -115.3000764, 36.183461399799995 ], [ -115.3000737, 36.183461399799995 ], [ -115.3000737, 36.183464099799998 ], [ -115.300071, 36.183464099799998 ], [ -115.300071, 36.183466799799994 ], [ -115.3000683, 36.183466799799994 ], [ -115.3000683, 36.183469499799997 ] ] ] } },
{ "type": "Feature", "properties": { "value": 255.0 }, "geometry": { "type": "Polygon", "coordinates": [ [ [ -115.3004193, 36.183466799799994 ], [ -115.3004004, 36.183466799799994 ], [ -115.3004004, 36.183464099799998 ], [ -115.300395, 36.183464099799998 ], [ -115.300395, 36.183461399799995 ], [ -115.3003896, 36.183461399799995 ], [ -115.3003896, 36.183458699799999 ], [ -115.3003869, 36.183458699799999 ], [ -115.3003869, 36.183455999799996 ], [ -115.3003815, 36.183455999799996 ], [ -115.3003815, 36.1834532998 ], [ -115.3003788, 36.1834532998 ], [ -115.3003788, 36.183450599799997 ], [ -115.3003761, 36.183450599799997 ], [ -115.3003761, 36.183447899800001 ], [ -115.3003707, 36.183447899800001 ], [ -115.3003707, 36.183445199799998 ], [ -115.300368, 36.183445199799998 ], [ -115.300368, 36.183442499799995 ], [ -115.3003653, 36.183442499799995 ], [ -115.3003653, 36.183439799799999 ], [ -115.3003599, 36.183439799799999 ], [ -115.3003599, 36.183437099799995 ], [ -115.3003572, 36.183437099799995 ], [ -115.3003572, 36.183434399799999 ], [ -115.3003518, 36.183434399799999 ], [ -115.3003518, 36.183431699799996 ], [ -115.3003464, 36.183431699799996 ], [ -115.3003464, 36.1834289998 ], [ -115.3003437, 36.1834289998 ], [ -115.3003437, 36.183426299799997 ], [ -115.300341, 36.183426299799997 ], [ -115.300341, 36.183423599800001 ], [ -115.3003383, 36.183423599800001 ], [ -115.3003383, 36.183420899799998 ], [ -115.3003329, 36.183420899799998 ], [ -115.3003329, 36.183418199799995 ], [ -115.3003302, 36.183418199799995 ], [ -115.3003302, 36.183415499799999 ], [ -115.3003275, 36.183415499799999 ], [ -115.3003275, 36.183412799799996 ], [ -115.3003221, 36.183412799799996 ], [ -115.3003221, 36.1834100998 ], [ -115.3003194, 36.1834100998 ], [ -115.3003194, 36.183407399799997 ], [ -115.3003167, 36.183407399799997 ], [ -115.3003167, 36.183404699800001 ], [ -115.300314, 36.183404699800001 ], [ -115.300314, 36.183401999799997 ], [ -115.3003113, 36.183401999799997 ], [ -115.3003113, 36.183399299799994 ], [ -115.3003086, 36.183399299799994 ], [ -115.3003086, 36.183391199799999 ], [ -115.3003059, 36.183391199799999 ], [ -115.3003059, 36.183388499799996 ], [ -115.3003032, 36.183388499799996 ], [ -115.3003032, 36.183383099799997 ], [ -115.3003005, 36.183383099799997 ], [ -115.3003005, 36.183380399800001 ], [ -115.3003032, 36.183380399800001 ], [ -115.3003032, 36.183377699799998 ], [ -115.3003059, 36.183377699799998 ], [ -115.3003059, 36.183374999799994 ], [ -115.3003086, 36.183374999799994 ], [ -115.3003086, 36.183372299799998 ], [ -115.300314, 36.183372299799998 ], [ -115.300314, 36.183369599799995 ], [ -115.3003167, 36.183369599799995 ], [ -115.3003167, 36.183366899799999 ], [ -115.3003221, 36.183366899799999 ], [ -115.3003221, 36.183364199799996 ], [ -115.3003248, 36.183364199799996 ], [ -115.3003248, 36.1833614998 ], [ -115.3003302, 36.1833614998 ], [ -115.3003302, 36.183358799799997 ], [ -115.3003329, 36.183358799799997 ], [ -115.3003329, 36.183356099800001 ], [ -115.3003356, 36.183356099800001 ], [ -115.3003356, 36.183353399799998 ], [ -115.3003383, 36.183353399799998 ], [ -115.3003383, 36.183347999799999 ], [ -115.300341, 36.183347999799999 ], [ -115.300341, 36.183345299799996 ], [ -115.3003437, 36.183345299799996 ], [ -115.3003437, 36.183339899799996 ], [ -115.3003491, 36.183339899799996 ], [ -115.3003491, 36.1833371998 ], [ -115.3003599, 36.1833371998 ], [ -115.3003599, 36.183339899799996 ], [ -115.300368, 36.183339899799996 ], [ -115.300368, 36.1833425998 ], [ -115.3003707, 36.1833425998 ], [ -115.3003707, 36.183345299799996 ], [ -115.3003734, 36.183345299799996 ], [ -115.3003734, 36.183347999799999 ], [ -115.3003761, 36.183347999799999 ], [ -115.3003761, 36.183350699799995 ], [ -115.3003788, 36.183350699799995 ], [ -115.3003788, 36.183356099800001 ], [ -115.3003815, 36.183356099800001 ], [ -115.3003815, 36.1833614998 ], [ -115.3003923, 36.1833614998 ], [ -115.3003923, 36.183364199799996 ], [ -115.3004004, 36.183364199799996 ], [ -115.3004004, 36.183366899799999 ], [ -115.3004031, 36.183366899799999 ], [ -115.3004031, 36.183369599799995 ], [ -115.3004058, 36.183369599799995 ], [ -115.3004058, 36.183372299799998 ], [ -115.3004085, 36.183372299799998 ], [ -115.3004085, 36.183374999799994 ], [ -115.3004112, 36.183374999799994 ], [ -115.3004112, 36.183377699799998 ], [ -115.3004166, 36.183377699799998 ], [ -115.3004166, 36.183380399800001 ], [ -115.3004193, 36.183380399800001 ], [ -115.3004193, 36.183383099799997 ], [ -115.3004247, 36.183383099799997 ], [ -115.3004247, 36.1833857998 ], [ -115.3004274, 36.1833857998 ], [ -115.3004274, 36.183388499799996 ], [ -115.3004328, 36.183388499799996 ], [ -115.3004328, 36.183391199799999 ], [ -115.3004355, 36.183391199799999 ], [ -115.3004355, 36.183393899799995 ], [ -115.3004382, 36.183393899799995 ], [ -115.3004382, 36.183396599799998 ], [ -115.3004436, 36.183396599799998 ], [ -115.3004436, 36.183399299799994 ], [ -115.3004463, 36.183399299799994 ], [ -115.3004463, 36.183401999799997 ], [ -115.3004544, 36.183401999799997 ], [ -115.3004544, 36.183404699800001 ], [ -115.3004598, 36.183404699800001 ], [ -115.3004598, 36.183407399799997 ], [ -115.3004625, 36.183407399799997 ], [ -115.3004625, 36.1834100998 ], [ -115.3004652, 36.1834100998 ], [ -115.3004652, 36.183418199799995 ], [ -115.3004625, 36.183418199799995 ], [ -115.3004625, 36.183423599800001 ], [ -115.3004598, 36.183423599800001 ], [ -115.3004598, 36.183426299799997 ], [ -115.3004571, 36.183426299799997 ], [ -115.3004571, 36.1834289998 ], [ -115.3004544, 36.1834289998 ], [ -115.3004544, 36.183439799799999 ], [ -115.3004517, 36.183439799799999 ], [ -115.3004517, 36.183450599799997 ], [ -115.300449, 36.183450599799997 ], [ -115.300449, 36.1834532998 ], [ -115.3004409, 36.1834532998 ], [ -115.3004409, 36.183455999799996 ], [ -115.3004328, 36.183455999799996 ], [ -115.3004328, 36.183458699799999 ], [ -115.3004301, 36.183458699799999 ], [ -115.3004301, 36.183461399799995 ], [ -115.3004247, 36.183461399799995 ], [ -115.3004247, 36.183464099799998 ], [ -115.3004193, 36.183464099799998 ], [ -115.3004193, 36.183466799799994 ] ] ] } },
{ "type": "Feature", "properties": { "value": 255.0 }, "geometry": { "type": "Polygon", "coordinates": [ [ [ -115.3004976, 36.183396599799998 ], [ -115.3004814, 36.183396599799998 ], [ -115.3004814, 36.183393899799995 ], [ -115.300476, 36.183393899799995 ], [ -115.300476, 36.183391199799999 ], [ -115.3004706, 36.183391199799999 ], [ -115.3004706, 36.183388499799996 ], [ -115.3004679, 36.183388499799996 ], [ -115.3004679, 36.1833857998 ], [ -115.3004625, 36.1833857998 ], [ -115.3004625, 36.183383099799997 ], [ -115.3004571, 36.183383099799997 ], [ -115.3004571, 36.183380399800001 ], [ -115.3004544, 36.183380399800001 ], [ -115.3004544, 36.183377699799998 ], [ -115.3004517, 36.183377699799998 ], [ -115.3004517, 36.183374999799994 ], [ -115.3004463, 36.183374999799994 ], [ -115.3004463, 36.183372299799998 ], [ -115.3004436, 36.183372299799998 ], [ -115.3004436, 36.183369599799995 ], [ -115.3004382, 36.183369599799995 ], [ -115.3004382, 36.183366899799999 ], [ -115.3004355, 36.183366899799999 ], [ -115.3004355, 36.183364199799996 ], [ -115.3004301, 36.183364199799996 ], [ -115.3004301, 36.1833614998 ], [ -115.3004274, 36.1833614998 ], [ -115.3004274, 36.183358799799997 ], [ -115.300422, 36.183358799799997 ], [ -115.300422, 36.183356099800001 ], [ -115.3004193, 36.183356099800001 ], [ -115.3004193, 36.183353399799998 ], [ -115.3004166, 36.183353399799998 ], [ -115.3004166, 36.183347999799999 ], [ -115.3004139, 36.183347999799999 ], [ -115.3004139, 36.183345299799996 ], [ -115.3004112, 36.183345299799996 ], [ -115.3004112, 36.1833425998 ], [ -115.3004085, 36.1833425998 ], [ -115.3004085, 36.183339899799996 ], [ -115.3004031, 36.183339899799996 ], [ -115.3004031, 36.1833371998 ], [ -115.3003977, 36.1833371998 ], [ -115.3003977, 36.183334499799997 ], [ -115.3003923, 36.183334499799997 ], [ -115.3003923, 36.183331799799994 ], [ -115.3003896, 36.183331799799994 ], [ -115.3003896, 36.183329099799998 ], [ -115.3003869, 36.183329099799998 ], [ -115.3003869, 36.183326399799995 ], [ -115.3003815, 36.183326399799995 ], [ -115.3003815, 36.183320999799996 ], [ -115.3003788, 36.183320999799996 ], [ -115.3003788, 36.183315599799997 ], [ -115.3003761, 36.183315599799997 ], [ -115.3003761, 36.183310199799998 ], [ -115.3003788, 36.183310199799998 ], [ -115.3003788, 36.183304799799998 ], [ -115.3003815, 36.183304799799998 ], [ -115.3003815, 36.183299399799999 ], [ -115.3003842, 36.183299399799999 ], [ -115.3003842, 36.183296699799996 ], [ -115.3003869, 36.183296699799996 ], [ -115.3003869, 36.1832939998 ], [ -115.3003896, 36.1832939998 ], [ -115.3003896, 36.183291299799997 ], [ -115.300395, 36.183291299799997 ], [ -115.300395, 36.183288599800001 ], [ -115.3004004, 36.183288599800001 ], [ -115.3004004, 36.183285899799998 ], [ -115.3004058, 36.183285899799998 ], [ -115.3004058, 36.183283199799995 ], [ -115.3004112, 36.183283199799995 ], [ -115.3004112, 36.183280499799999 ], [ -115.3004166, 36.183280499799999 ], [ -115.3004166, 36.183277799799995 ], [ -115.3004193, 36.183277799799995 ], [ -115.3004193, 36.183275099799999 ], [ -115.300422, 36.183275099799999 ], [ -115.300422, 36.183272399799996 ], [ -115.3004247, 36.183272399799996 ], [ -115.3004247, 36.1832696998 ], [ -115.3004463, 36.1832696998 ], [ -115.3004463, 36.183272399799996 ], [ -115.3004517, 36.183272399799996 ], [ -115.3004517, 36.183275099799999 ], [ -115.3004544, 36.183275099799999 ], [ -115.3004544, 36.183277799799995 ], [ -115.3004571, 36.183277799799995 ], [ -115.3004571, 36.183283199799995 ], [ -115.3004598, 36.183283199799995 ], [ -115.3004598, 36.183285899799998 ], [ -115.3004625, 36.183285899799998 ], [ -115.3004625, 36.183291299799997 ], [ -115.3004679, 36.183291299799997 ], [ -115.3004679, 36.1832939998 ], [ -115.3004706, 36.1832939998 ], [ -115.3004706, 36.183296699799996 ], [ -115.3004814, 36.183296699799996 ], [ -115.3004814, 36.183299399799999 ], [ -115.3004895, 36.183299399799999 ], [ -115.3004895, 36.183302099799995 ], [ -115.3004976, 36.183302099799995 ], [ -115.3004976, 36.183396599799998 ] ] ] } },
{ "type": "Feature", "properties": { "value": 255.0 }, "geometry": { "type": "Polygon", "coordinates": [ [ [ -115.3001412, 36.183404699800001 ], [ -115.3001358, 36.183404699800001 ], [ -115.3001358, 36.183401999799997 ], [ -115.3001277, 36.183401999799997 ], [ -115.3001277, 36.183399299799994 ], [ -115.300125, 36.183399299799994 ], [ -115.300125, 36.183393899799995 ], [ -115.3001223, 36.183393899799995 ], [ -115.3001223, 36.183391199799999 ], [ -115.3001115, 36.183391199799999 ], [ -115.3001115, 36.183393899799995 ], [ -115.3001034, 36.183393899799995 ], [ -115.3001034, 36.183396599799998 ], [ -115.3000953, 36.183396599799998 ], [ -115.3000953, 36.183399299799994 ], [ -115.3000818, 36.183399299799994 ], [ -115.3000818, 36.183396599799998 ], [ -115.3000764, 36.183396599799998 ], [ -115.3000764, 36.183393899799995 ], [ -115.3000737, 36.183393899799995 ], [ -115.3000737, 36.183391199799999 ], [ -115.3000683, 36.183391199799999 ], [ -115.3000683, 36.183388499799996 ], [ -115.3000656, 36.183388499799996 ], [ -115.3000656, 36.1833857998 ], [ -115.3000602, 36.1833857998 ], [ -115.3000602, 36.183383099799997 ], [ -115.3000575, 36.183383099799997 ], [ -115.3000575, 36.183380399800001 ], [ -115.3000548, 36.183380399800001 ], [ -115.3000548, 36.183377699799998 ], [ -115.3000494, 36.183377699799998 ], [ -115.3000494, 36.183374999799994 ], [ -115.3000467, 36.183374999799994 ], [ -115.3000467, 36.183372299799998 ], [ -115.3000413, 36.183372299799998 ], [ -115.3000413, 36.183369599799995 ], [ -115.3000386, 36.183369599799995 ], [ -115.3000386, 36.183366899799999 ], [ -115.3000332, 36.183366899799999 ], [ -115.3000332, 36.183364199799996 ], [ -115.3000278, 36.183364199799996 ], [ -115.3000278, 36.1833614998 ], [ -115.3000251, 36.1833614998 ], [ -115.3000251, 36.183358799799997 ], [ -115.3000224, 36.183358799799997 ], [ -115.3000224, 36.183356099800001 ], [ -115.3000197, 36.183356099800001 ], [ -115.3000197, 36.183353399799998 ], [ -115.300017, 36.183353399799998 ], [ -115.300017, 36.183347999799999 ], [ -115.3000143, 36.183347999799999 ], [ -115.3000143, 36.1833425998 ], [ -115.300017, 36.1833425998 ], [ -115.300017, 36.183334499799997 ], [ -115.3000143, 36.183334499799997 ], [ -115.3000143, 36.183331799799994 ], [ -115.3000116, 36.183331799799994 ], [ -115.3000116, 36.183329099799998 ], [ -115.3000089, 36.183329099799998 ], [ -115.3000089, 36.183326399799995 ], [ -115.3000035, 36.183326399799995 ], [ -115.3000035, 36.183323699799999 ], [ -115.3000008, 36.183323699799999 ], [ -115.3000008, 36.183320999799996 ], [ -115.2999981, 36.183320999799996 ], [ -115.2999981, 36.1833182998 ], [ -115.2999954, 36.1833182998 ], [ -115.2999954, 36.183315599799997 ], [ -115.2999927, 36.183315599799997 ], [ -115.2999927, 36.183312899800001 ], [ -115.2999873, 36.183312899800001 ], [ -115.2999873, 36.183310199799998 ], [ -115.2999846, 36.183310199799998 ], [ -115.2999846, 36.183307499799994 ], [ -115.2999819, 36.183307499799994 ], [ -115.2999819, 36.183304799799998 ], [ -115.2999792, 36.183304799799998 ], [ -115.2999792, 36.183288599800001 ], [ -115.2999819, 36.183288599800001 ], [ -115.2999819, 36.183283199799995 ], [ -115.2999846, 36.183283199799995 ], [ -115.2999846, 36.183280499799999 ], [ -115.2999873, 36.183280499799999 ], [ -115.2999873, 36.183275099799999 ], [ -115.29999, 36.183275099799999 ], [ -115.29999, 36.183272399799996 ], [ -115.2999954, 36.183272399799996 ], [ -115.2999954, 36.1832696998 ], [ -115.3000008, 36.1832696998 ], [ -115.3000008, 36.183266999799997 ], [ -115.3000116, 36.183266999799997 ], [ -115.3000116, 36.183264299799994 ], [ -115.3000332, 36.183264299799994 ], [ -115.3000332, 36.183266999799997 ], [ -115.3000467, 36.183266999799997 ], [ -115.3000467, 36.1832696998 ], [ -115.3000521, 36.1832696998 ], [ -115.3000521, 36.183272399799996 ], [ -115.3000548, 36.183272399799996 ], [ -115.3000548, 36.183275099799999 ], [ -115.3000575, 36.183275099799999 ], [ -115.3000575, 36.183277799799995 ], [ -115.3000602, 36.183277799799995 ], [ -115.3000602, 36.183283199799995 ], [ -115.3000629, 36.183283199799995 ], [ -115.3000629, 36.183285899799998 ], [ -115.3000656, 36.183285899799998 ], [ -115.3000656, 36.183291299799997 ], [ -115.3000683, 36.183291299799997 ], [ -115.3000683, 36.183296699799996 ], [ -115.300071, 36.183296699799996 ], [ -115.300071, 36.183299399799999 ], [ -115.3000791, 36.183299399799999 ], [ -115.3000791, 36.183302099799995 ], [ -115.3000845, 36.183302099799995 ], [ -115.3000845, 36.183304799799998 ], [ -115.3000899, 36.183304799799998 ], [ -115.3000899, 36.183307499799994 ], [ -115.3000953, 36.183307499799994 ], [ -115.3000953, 36.183310199799998 ], [ -115.3001007, 36.183310199799998 ], [ -115.3001007, 36.183312899800001 ], [ -115.3001034, 36.183312899800001 ], [ -115.3001034, 36.183315599799997 ], [ -115.3001088, 36.183315599799997 ], [ -115.3001088, 36.1833182998 ], [ -115.3001142, 36.1833182998 ], [ -115.3001142, 36.183320999799996 ], [ -115.3001169, 36.183320999799996 ], [ -115.3001169, 36.183323699799999 ], [ -115.3001223, 36.183323699799999 ], [ -115.3001223, 36.183326399799995 ], [ -115.300125, 36.183326399799995 ], [ -115.300125, 36.183331799799994 ], [ -115.3001277, 36.183331799799994 ], [ -115.3001277, 36.183334499799997 ], [ -115.3001304, 36.183334499799997 ], [ -115.3001304, 36.1833371998 ], [ -115.3001358, 36.1833371998 ], [ -115.3001358, 36.183339899799996 ], [ -115.3001412, 36.183339899799996 ], [ -115.3001412, 36.1833425998 ], [ -115.3001466, 36.1833425998 ], [ -115.3001466, 36.183345299799996 ], [ -115.300152, 36.183345299799996 ], [ -115.300152, 36.183347999799999 ], [ -115.3001574, 36.183347999799999 ], [ -115.3001574, 36.183350699799995 ], [ -115.3001601, 36.183350699799995 ], [ -115.3001601, 36.183356099800001 ], [ -115.3001628, 36.183356099800001 ], [ -115.3001628, 36.183364199799996 ], [ -115.3001655, 36.183364199799996 ], [ -115.3001655, 36.183383099799997 ], [ -115.3001628, 36.183383099799997 ], [ -115.3001628, 36.1833857998 ], [ -115.3001601, 36.1833857998 ], [ -115.3001601, 36.183391199799999 ], [ -115.3001574, 36.183391199799999 ], [ -115.3001574, 36.183393899799995 ], [ -115.3001547, 36.183393899799995 ], [ -115.3001547, 36.183396599799998 ], [ -115.300152, 36.183396599799998 ], [ -115.300152, 36.183399299799994 ], [ -115.3001466, 36.183399299799994 ], [ -115.3001466, 36.183401999799997 ], [ -115.3001412, 36.183401999799997 ], [ -115.3001412, 36.183404699800001 ] ] ] } },
{ "type": "Feature", "properties": { "value": 255.0 }, "geometry": { "type": "Polygon", "coordinates": [ [ [ -115.3002006, 36.183339899799996 ], [ -115.3001763, 36.183339899799996 ], [ -115.3001763, 36.1833371998 ], [ -115.3001709, 36.1833371998 ], [ -115.3001709, 36.183334499799997 ], [ -115.3001682, 36.183334499799997 ], [ -115.3001682, 36.183331799799994 ], [ -115.3001655, 36.183331799799994 ], [ -115.3001655, 36.183329099799998 ], [ -115.3001628, 36.183329099799998 ], [ -115.3001628, 36.183326399799995 ], [ -115.3001601, 36.183326399799995 ], [ -115.3001601, 36.183323699799999 ], [ -115.3001574, 36.183323699799999 ], [ -115.3001574, 36.183320999799996 ], [ -115.300152, 36.183320999799996 ], [ -115.300152, 36.1833182998 ], [ -115.3001466, 36.1833182998 ], [ -115.3001466, 36.183315599799997 ], [ -115.3001439, 36.183315599799997 ], [ -115.3001439, 36.183312899800001 ], [ -115.3001385, 36.183312899800001 ], [ -115.3001385, 36.183310199799998 ], [ -115.3001358, 36.183310199799998 ], [ -115.3001358, 36.183307499799994 ], [ -115.3001331, 36.183307499799994 ], [ -115.3001331, 36.183304799799998 ], [ -115.3001277, 36.183304799799998 ], [ -115.3001277, 36.183302099799995 ], [ -115.300125, 36.183302099799995 ], [ -115.300125, 36.183296699799996 ], [ -115.3001196, 36.183296699799996 ], [ -115.3001196, 36.1832939998 ], [ -115.3001169, 36.1832939998 ], [ -115.3001169, 36.183291299799997 ], [ -115.3001115, 36.183291299799997 ], [ -115.3001115, 36.183288599800001 ], [ -115.3001088, 36.183288599800001 ], [ -115.3001088, 36.183285899799998 ], [ -115.3001034, 36.183285899799998 ], [ -115.3001034, 36.183283199799995 ], [ -115.300098, 36.183283199799995 ], [ -115.300098, 36.183280499799999 ], [ -115.3000953, 36.183280499799999 ], [ -115.3000953, 36.183277799799995 ], [ -115.3000899, 36.183277799799995 ], [ -115.3000899, 36.183275099799999 ], [ -115.3000872, 36.183275099799999 ], [ -115.3000872, 36.1832696998 ], [ -115.3000845, 36.1832696998 ], [ -115.3000845, 36.183266999799997 ], [ -115.3000818, 36.183266999799997 ], [ -115.3000818, 36.183261599799998 ], [ -115.3000791, 36.183261599799998 ], [ -115.3000791, 36.183256199799999 ], [ -115.3000818, 36.183256199799999 ], [ -115.3000818, 36.1832507998 ], [ -115.3000791, 36.1832507998 ], [ -115.3000791, 36.183248099799997 ], [ -115.3000764, 36.183248099799997 ], [ -115.3000764, 36.183245399800001 ], [ -115.300071, 36.183245399800001 ], [ -115.300071, 36.183242699799997 ], [ -115.3000683, 36.183242699799997 ], [ -115.3000683, 36.183239999799994 ], [ -115.3000656, 36.183239999799994 ], [ -115.3000656, 36.183237299799998 ], [ -115.3000629, 36.183237299799998 ], [ -115.3000629, 36.183231899799999 ], [ -115.3000602, 36.183231899799999 ], [ -115.3000602, 36.183218399799998 ], [ -115.3000629, 36.183218399799998 ], [ -115.3000629, 36.183215699799995 ], [ -115.3000656, 36.183215699799995 ], [ -115.3000656, 36.183212999799998 ], [ -115.300071, 36.183212999799998 ], [ -115.300071, 36.183210299799995 ], [ -115.3000737, 36.183210299799995 ], [ -115.3000737, 36.183207599799999 ], [ -115.3000791, 36.183207599799999 ], [ -115.3000791, 36.183204899799996 ], [ -115.3000818, 36.183204899799996 ], [ -115.3000818, 36.1832021998 ], [ -115.3000845, 36.1832021998 ], [ -115.3000845, 36.183199499799997 ], [ -115.3000872, 36.183199499799997 ], [ -115.3000872, 36.183194099799998 ], [ -115.3000899, 36.183194099799998 ], [ -115.3000899, 36.183191399799995 ], [ -115.3000926, 36.183191399799995 ], [ -115.3000926, 36.183188699799999 ], [ -115.300098, 36.183188699799999 ], [ -115.300098, 36.183185999799996 ], [ -115.3001088, 36.183185999799996 ], [ -115.3001088, 36.183188699799999 ], [ -115.3001169, 36.183188699799999 ], [ -115.3001169, 36.183191399799995 ], [ -115.3001223, 36.183191399799995 ], [ -115.3001223, 36.183194099799998 ], [ -115.300125, 36.183194099799998 ], [ -115.300125, 36.183199499799997 ], [ -115.3001277, 36.183199499799997 ], [ -115.3001277, 36.183204899799996 ], [ -115.3001304, 36.183204899799996 ], [ -115.3001304, 36.183210299799995 ], [ -115.3001331, 36.183210299799995 ], [ -115.3001331, 36.183212999799998 ], [ -115.3001358, 36.183212999799998 ], [ -115.3001358, 36.183215699799995 ], [ -115.3001412, 36.183215699799995 ], [ -115.3001412, 36.183218399799998 ], [ -115.3001493, 36.183218399799998 ], [ -115.3001493, 36.183221099800001 ], [ -115.3001547, 36.183221099800001 ], [ -115.3001547, 36.183223799799997 ], [ -115.3001601, 36.183223799799997 ], [ -115.3001601, 36.1832264998 ], [ -115.3001655, 36.1832264998 ], [ -115.3001655, 36.183229199799996 ], [ -115.3001682, 36.183229199799996 ], [ -115.3001682, 36.183231899799999 ], [ -115.3001709, 36.183231899799999 ], [ -115.3001709, 36.183234599799995 ], [ -115.3001736, 36.183234599799995 ], [ -115.3001736, 36.183237299799998 ], [ -115.3001763, 36.183237299799998 ], [ -115.3001763, 36.183239999799994 ], [ -115.300179, 36.183239999799994 ], [ -115.300179, 36.183242699799997 ], [ -115.3001817, 36.183242699799997 ], [ -115.3001817, 36.183245399800001 ], [ -115.3001844, 36.183245399800001 ], [ -115.3001844, 36.183248099799997 ], [ -115.3001898, 36.183248099799997 ], [ -115.3001898, 36.1832507998 ], [ -115.3001925, 36.1832507998 ], [ -115.3001925, 36.183253499799996 ], [ -115.3001979, 36.183253499799996 ], [ -115.3001979, 36.183256199799999 ], [ -115.3002006, 36.183256199799999 ], [ -115.3002006, 36.183258899799995 ], [ -115.300206, 36.183258899799995 ], [ -115.300206, 36.183261599799998 ], [ -115.3002087, 36.183261599799998 ], [ -115.3002087, 36.183264299799994 ], [ -115.3002141, 36.183264299799994 ], [ -115.3002141, 36.183266999799997 ], [ -115.3002168, 36.183266999799997 ], [ -115.3002168, 36.1832696998 ], [ -115.3002222, 36.1832696998 ], [ -115.3002222, 36.183272399799996 ], [ -115.3002249, 36.183272399799996 ], [ -115.3002249, 36.183275099799999 ], [ -115.3002276, 36.183275099799999 ], [ -115.3002276, 36.183277799799995 ], [ -115.300233, 36.183277799799995 ], [ -115.300233, 36.183280499799999 ], [ -115.3002357, 36.183280499799999 ], [ -115.3002357, 36.183283199799995 ], [ -115.3002384, 36.183283199799995 ], [ -115.3002384, 36.183285899799998 ], [ -115.3002411, 36.183285899799998 ], [ -115.3002411, 36.183291299799997 ], [ -115.3002438, 36.183291299799997 ], [ -115.3002438, 36.183296699799996 ], [ -115.3002411, 36.183296699799996 ], [ -115.3002411, 36.183302099799995 ], [ -115.3002384, 36.183302099799995 ], [ -115.3002384, 36.183307499799994 ], [ -115.3002357, 36.183307499799994 ], [ -115.3002357, 36.183310199799998 ], [ -115.300233, 36.183310199799998 ], [ -115.300233, 36.183312899800001 ], [ -115.3002303, 36.183312899800001 ], [ -115.3002303, 36.1833182998 ], [ -115.3002276, 36.1833182998 ], [ -115.3002276, 36.183320999799996 ], [ -115.3002249, 36.183320999799996 ], [ -115.3002249, 36.183323699799999 ], [ -115.3002222, 36.183323699799999 ], [ -115.3002222, 36.183326399799995 ], [ -115.3002195, 36.183326399799995 ], [ -115.3002195, 36.183329099799998 ], [ -115.3002168, 36.183329099799998 ], [ -115.3002168, 36.183331799799994 ], [ -115.3002114, 36.183331799799994 ], [ -115.3002114, 36.183334499799997 ], [ -115.300206, 36.183334499799997 ], [ -115.300206, 36.1833371998 ], [ -115.3002006, 36.1833371998 ], [ -115.3002006, 36.183339899799996 ] ] ] } },
{ "type": "Feature", "properties": { "value": 255.0 }, "geometry": { "type": "Polygon", "coordinates": [ [ [ -115.2996525, 36.183323699799999 ], [ -115.2996444, 36.183323699799999 ], [ -115.2996444, 36.183320999799996 ], [ -115.299639, 36.183320999799996 ], [ -115.299639, 36.1833182998 ], [ -115.2996336, 36.1833182998 ], [ -115.2996336, 36.183315599799997 ], [ -115.2996039, 36.183315599799997 ], [ -115.2996039, 36.183312899800001 ], [ -115.2995985, 36.183312899800001 ], [ -115.2995985, 36.183310199799998 ], [ -115.2995958, 36.183310199799998 ], [ -115.2995958, 36.183307499799994 ], [ -115.2995931, 36.183307499799994 ], [ -115.2995931, 36.183304799799998 ], [ -115.2995904, 36.183304799799998 ], [ -115.2995904, 36.183302099799995 ], [ -115.299585, 36.183302099799995 ], [ -115.299585, 36.183299399799999 ], [ -115.2995823, 36.183299399799999 ], [ -115.2995823, 36.183296699799996 ], [ -115.2995769, 36.183296699799996 ], [ -115.2995769, 36.1832939998 ], [ -115.2995742, 36.1832939998 ], [ -115.2995742, 36.183291299799997 ], [ -115.2995715, 36.183291299799997 ], [ -115.2995715, 36.183288599800001 ], [ -115.2995661, 36.183288599800001 ], [ -115.2995661, 36.183285899799998 ], [ -115.2995634, 36.183285899799998 ], [ -115.2995634, 36.183283199799995 ], [ -115.2995607, 36.183283199799995 ], [ -115.2995607, 36.183280499799999 ], [ -115.2995553, 36.183280499799999 ], [ -115.2995553, 36.183277799799995 ], [ -115.2995526, 36.183277799799995 ], [ -115.2995526, 36.183275099799999 ], [ -115.2995472, 36.183275099799999 ], [ -115.2995472, 36.183272399799996 ], [ -115.2995445, 36.183272399799996 ], [ -115.2995445, 36.1832696998 ], [ -115.2995418, 36.1832696998 ], [ -115.2995418, 36.183266999799997 ], [ -115.2995364, 36.183266999799997 ], [ -115.2995364, 36.183264299799994 ], [ -115.2995337, 36.183264299799994 ], [ -115.2995337, 36.183261599799998 ], [ -115.2995283, 36.183261599799998 ], [ -115.2995283, 36.183258899799995 ], [ -115.2995229, 36.183258899799995 ], [ -115.2995229, 36.183256199799999 ], [ -115.2995202, 36.183256199799999 ], [ -115.2995202, 36.183253499799996 ], [ -115.2995148, 36.183253499799996 ], [ -115.2995148, 36.1832507998 ], [ -115.2995094, 36.1832507998 ], [ -115.2995094, 36.183248099799997 ], [ -115.2995067, 36.183248099799997 ], [ -115.2995067, 36.183242699799997 ], [ -115.299504, 36.183242699799997 ], [ -115.299504, 36.183231899799999 ], [ -115.2995067, 36.183231899799999 ], [ -115.2995067, 36.183229199799996 ], [ -115.2995094, 36.183229199799996 ], [ -115.2995094, 36.1832264998 ], [ -115.2995121, 36.1832264998 ], [ -115.2995121, 36.183223799799997 ], [ -115.2995148, 36.183223799799997 ], [ -115.2995148, 36.183221099800001 ], [ -115.2995202, 36.183221099800001 ], [ -115.2995202, 36.183218399799998 ], [ -115.2995256, 36.183218399799998 ], [ -115.2995256, 36.183215699799995 ], [ -115.299531, 36.183215699799995 ], [ -115.299531, 36.183212999799998 ], [ -115.2995337, 36.183212999799998 ], [ -115.2995337, 36.183210299799995 ], [ -115.2995391, 36.183210299799995 ], [ -115.2995391, 36.183207599799999 ], [ -115.2995418, 36.183207599799999 ], [ -115.2995418, 36.1832021998 ], [ -115.2995445, 36.1832021998 ], [ -115.2995445, 36.183199499799997 ], [ -115.2995472, 36.183199499799997 ], [ -115.2995472, 36.183196799799994 ], [ -115.2995499, 36.183196799799994 ], [ -115.2995499, 36.183194099799998 ], [ -115.2995553, 36.183194099799998 ], [ -115.2995553, 36.183191399799995 ], [ -115.2995634, 36.183191399799995 ], [ -115.2995634, 36.183188699799999 ], [ -115.2995661, 36.183188699799999 ], [ -115.2995661, 36.183191399799995 ], [ -115.2995742, 36.183191399799995 ], [ -115.2995742, 36.183194099799998 ], [ -115.2995796, 36.183194099799998 ], [ -115.2995796, 36.183196799799994 ], [ -115.2995823, 36.183196799799994 ], [ -115.2995823, 36.183199499799997 ], [ -115.299585, 36.183199499799997 ], [ -115.299585, 36.1832021998 ], [ -115.2995904, 36.1832021998 ], [ -115.2995904, 36.183204899799996 ], [ -115.2995931, 36.183204899799996 ], [ -115.2995931, 36.183207599799999 ], [ -115.2995958, 36.183207599799999 ], [ -115.2995958, 36.183210299799995 ], [ -115.2995985, 36.183210299799995 ], [ -115.2995985, 36.183212999799998 ], [ -115.2996039, 36.183212999799998 ], [ -115.2996039, 36.183215699799995 ], [ -115.2996066, 36.183215699799995 ], [ -115.2996066, 36.183218399799998 ], [ -115.2996093, 36.183218399799998 ], [ -115.2996093, 36.183221099800001 ], [ -115.2996147, 36.183221099800001 ], [ -115.2996147, 36.183223799799997 ], [ -115.2996174, 36.183223799799997 ], [ -115.2996174, 36.1832264998 ], [ -115.2996228, 36.1832264998 ], [ -115.2996228, 36.183229199799996 ], [ -115.2996255, 36.183229199799996 ], [ -115.2996255, 36.183231899799999 ], [ -115.2996282, 36.183231899799999 ], [ -115.2996282, 36.183234599799995 ], [ -115.2996309, 36.183234599799995 ], [ -115.2996309, 36.183237299799998 ], [ -115.2996363, 36.183237299799998 ], [ -115.2996363, 36.183239999799994 ], [ -115.299639, 36.183239999799994 ], [ -115.299639, 36.183242699799997 ], [ -115.2996417, 36.183242699799997 ], [ -115.2996417, 36.183245399800001 ], [ -115.2996444, 36.183245399800001 ], [ -115.2996444, 36.183248099799997 ], [ -115.2996471, 36.183248099799997 ], [ -115.2996471, 36.1832507998 ], [ -115.2996525, 36.1832507998 ], [ -115.2996525, 36.183253499799996 ], [ -115.2996552, 36.183253499799996 ], [ -115.2996552, 36.183256199799999 ], [ -115.2996633, 36.183256199799999 ], [ -115.2996633, 36.183258899799995 ], [ -115.299666, 36.183258899799995 ], [ -115.299666, 36.183261599799998 ], [ -115.2996687, 36.183261599799998 ], [ -115.2996687, 36.183264299799994 ], [ -115.2996714, 36.183264299799994 ], [ -115.2996714, 36.183272399799996 ], [ -115.2996687, 36.183272399799996 ], [ -115.2996687, 36.183275099799999 ], [ -115.2996714, 36.183275099799999 ], [ -115.2996714, 36.183280499799999 ], [ -115.2996741, 36.183280499799999 ], [ -115.2996741, 36.183283199799995 ], [ -115.2996795, 36.183283199799995 ], [ -115.2996795, 36.183285899799998 ], [ -115.2996822, 36.183285899799998 ], [ -115.2996822, 36.183291299799997 ], [ -115.2996849, 36.183291299799997 ], [ -115.2996849, 36.183296699799996 ], [ -115.2996822, 36.183296699799996 ], [ -115.2996822, 36.183302099799995 ], [ -115.2996795, 36.183302099799995 ], [ -115.2996795, 36.183304799799998 ], [ -115.2996741, 36.183304799799998 ], [ -115.2996741, 36.183307499799994 ], [ -115.2996714, 36.183307499799994 ], [ -115.2996714, 36.183310199799998 ], [ -115.2996687, 36.183310199799998 ], [ -115.2996687, 36.183312899800001 ], [ -115.299666, 36.183312899800001 ], [ -115.299666, 36.183315599799997 ], [ -115.2996606, 36.183315599799997 ], [ -115.2996606, 36.1833182998 ], [ -115.2996579, 36.1833182998 ], [ -115.2996579, 36.183320999799996 ], [ -115.2996525, 36.183320999799996 ], [ -115.2996525, 36.183323699799999 ] ] ] } },
{ "type": "Feature", "properties": { "value": 255.0 }, "geometry": { "type": "Polygon", "coordinates": [ [ [ -115.2990207, 36.183296699799996 ], [ -115.2990126, 36.183296699799996 ], [ -115.2990126, 36.1832939998 ], [ -115.2990072, 36.1832939998 ], [ -115.2990072, 36.183291299799997 ], [ -115.2990018, 36.183291299799997 ], [ -115.2990018, 36.183288599800001 ], [ -115.2989991, 36.183288599800001 ], [ -115.2989991, 36.183285899799998 ], [ -115.2989964, 36.183285899799998 ], [ -115.2989964, 36.183280499799999 ], [ -115.2989937, 36.183280499799999 ], [ -115.2989937, 36.183272399799996 ], [ -115.298991, 36.183272399799996 ], [ -115.298991, 36.1832696998 ], [ -115.2989883, 36.1832696998 ], [ -115.2989883, 36.183266999799997 ], [ -115.2989856, 36.183266999799997 ], [ -115.2989856, 36.183264299799994 ], [ -115.2989829, 36.183264299799994 ], [ -115.2989829, 36.183258899799995 ], [ -115.2989802, 36.183258899799995 ], [ -115.2989802, 36.183256199799999 ], [ -115.2989775, 36.183256199799999 ], [ -115.2989775, 36.1832507998 ], [ -115.2989748, 36.1832507998 ], [ -115.2989748, 36.183248099799997 ], [ -115.2989721, 36.183248099799997 ], [ -115.2989721, 36.183242699799997 ], [ -115.2989694, 36.183242699799997 ], [ -115.2989694, 36.183231899799999 ], [ -115.2989721, 36.183231899799999 ], [ -115.2989721, 36.183229199799996 ], [ -115.2989748, 36.183229199799996 ], [ -115.2989748, 36.1832264998 ], [ -115.2989802, 36.1832264998 ], [ -115.2989802, 36.183223799799997 ], [ -115.2989856, 36.183223799799997 ], [ -115.2989856, 36.183221099800001 ], [ -115.2989964, 36.183221099800001 ], [ -115.2989964, 36.183218399799998 ], [ -115.2990072, 36.183218399799998 ], [ -115.2990072, 36.183215699799995 ], [ -115.2990153, 36.183215699799995 ], [ -115.2990153, 36.183212999799998 ], [ -115.2990207, 36.183212999799998 ], [ -115.2990207, 36.183210299799995 ], [ -115.2990261, 36.183210299799995 ], [ -115.2990261, 36.183207599799999 ], [ -115.2990315, 36.183207599799999 ], [ -115.2990315, 36.183204899799996 ], [ -115.2990369, 36.183204899799996 ], [ -115.2990369, 36.1832021998 ], [ -115.2990423, 36.1832021998 ], [ -115.2990423, 36.183199499799997 ], [ -115.2990477, 36.183199499799997 ], [ -115.2990477, 36.183196799799994 ], [ -115.2990531, 36.183196799799994 ], [ -115.2990531, 36.183194099799998 ], [ -115.2990585, 36.183194099799998 ], [ -115.2990585, 36.183191399799995 ], [ -115.2990639, 36.183191399799995 ], [ -115.2990639, 36.183188699799999 ], [ -115.2990693, 36.183188699799999 ], [ -115.2990693, 36.183185999799996 ], [ -115.2990747, 36.183185999799996 ], [ -115.2990747, 36.1831832998 ], [ -115.2990801, 36.1831832998 ], [ -115.2990801, 36.1831778998 ], [ -115.2990828, 36.1831778998 ], [ -115.2990828, 36.183175199799997 ], [ -115.2990855, 36.183175199799997 ], [ -115.2990855, 36.183172499799994 ], [ -115.2990909, 36.183172499799994 ], [ -115.2990909, 36.183169799799998 ], [ -115.2990936, 36.183169799799998 ], [ -115.2990936, 36.183167099799995 ], [ -115.299099, 36.183167099799995 ], [ -115.299099, 36.183164399799999 ], [ -115.2991044, 36.183164399799999 ], [ -115.2991044, 36.183161699799996 ], [ -115.2991125, 36.183161699799996 ], [ -115.2991125, 36.1831589998 ], [ -115.2991152, 36.1831589998 ], [ -115.2991152, 36.183156299799997 ], [ -115.2991179, 36.183156299799997 ], [ -115.2991179, 36.183153599800001 ], [ -115.2991287, 36.183153599800001 ], [ -115.2991287, 36.183150899799998 ], [ -115.2991341, 36.183150899799998 ], [ -115.2991341, 36.183148199799994 ], [ -115.2991395, 36.183148199799994 ], [ -115.2991395, 36.183145499799998 ], [ -115.2991449, 36.183145499799998 ], [ -115.2991449, 36.183142799799995 ], [ -115.2991503, 36.183142799799995 ], [ -115.2991503, 36.183140099799999 ], [ -115.2991584, 36.183140099799999 ], [ -115.2991584, 36.183137399799996 ], [ -115.2991827, 36.183137399799996 ], [ -115.2991827, 36.183140099799999 ], [ -115.2991854, 36.183140099799999 ], [ -115.2991854, 36.183142799799995 ], [ -115.2991881, 36.183142799799995 ], [ -115.2991881, 36.183148199799994 ], [ -115.2991908, 36.183148199799994 ], [ -115.2991908, 36.183153599800001 ], [ -115.2991935, 36.183153599800001 ], [ -115.2991935, 36.1831589998 ], [ -115.2991962, 36.1831589998 ], [ -115.2991962, 36.183164399799999 ], [ -115.2991989, 36.183164399799999 ], [ -115.2991989, 36.183167099799995 ], [ -115.2992016, 36.183167099799995 ], [ -115.2992016, 36.183169799799998 ], [ -115.2992043, 36.183169799799998 ], [ -115.2992043, 36.183175199799997 ], [ -115.299207, 36.183175199799997 ], [ -115.299207, 36.183180599799996 ], [ -115.2992097, 36.183180599799996 ], [ -115.2992097, 36.183185999799996 ], [ -115.299207, 36.183185999799996 ], [ -115.299207, 36.183191399799995 ], [ -115.2992016, 36.183191399799995 ], [ -115.2992016, 36.183194099799998 ], [ -115.2991962, 36.183194099799998 ], [ -115.2991962, 36.183196799799994 ], [ -115.2991935, 36.183196799799994 ], [ -115.2991935, 36.183199499799997 ], [ -115.2991881, 36.183199499799997 ], [ -115.2991881, 36.1832021998 ], [ -115.2991827, 36.1832021998 ], [ -115.2991827, 36.183204899799996 ], [ -115.2991773, 36.183204899799996 ], [ -115.2991773, 36.183207599799999 ], [ -115.2991719, 36.183207599799999 ], [ -115.2991719, 36.183212999799998 ], [ -115.2991692, 36.183212999799998 ], [ -115.2991692, 36.183221099800001 ], [ -115.2991665, 36.183221099800001 ], [ -115.2991665, 36.183223799799997 ], [ -115.2991638, 36.183223799799997 ], [ -115.2991638, 36.1832264998 ], [ -115.2991611, 36.1832264998 ], [ -115.2991611, 36.183229199799996 ], [ -115.2991557, 36.183229199799996 ], [ -115.2991557, 36.183231899799999 ], [ -115.2991503, 36.183231899799999 ], [ -115.2991503, 36.183234599799995 ], [ -115.2991422, 36.183234599799995 ], [ -115.2991422, 36.183237299799998 ], [ -115.2991368, 36.183237299799998 ], [ -115.2991368, 36.183239999799994 ], [ -115.2991314, 36.183239999799994 ], [ -115.2991314, 36.183242699799997 ], [ -115.299126, 36.183242699799997 ], [ -115.299126, 36.183245399800001 ], [ -115.2991179, 36.183245399800001 ], [ -115.2991179, 36.183248099799997 ], [ -115.2991152, 36.183248099799997 ], [ -115.2991152, 36.1832507998 ], [ -115.2991125, 36.1832507998 ], [ -115.2991125, 36.183253499799996 ], [ -115.2991044, 36.183253499799996 ], [ -115.2991044, 36.183256199799999 ], [ -115.299099, 36.183256199799999 ], [ -115.299099, 36.183258899799995 ], [ -115.2990936, 36.183258899799995 ], [ -115.2990936, 36.183261599799998 ], [ -115.2990909, 36.183261599799998 ], [ -115.2990909, 36.183264299799994 ], [ -115.2990882, 36.183264299799994 ], [ -115.2990882, 36.183266999799997 ], [ -115.2990855, 36.183266999799997 ], [ -115.2990855, 36.1832696998 ], [ -115.2990801, 36.1832696998 ], [ -115.2990801, 36.183272399799996 ], [ -115.2990747, 36.183272399799996 ], [ -115.2990747, 36.183275099799999 ], [ -115.2990666, 36.183275099799999 ], [ -115.2990666, 36.183277799799995 ], [ -115.2990558, 36.183277799799995 ], [ -115.2990558, 36.183280499799999 ], [ -115.2990477, 36.183280499799999 ], [ -115.2990477, 36.183283199799995 ], [ -115.2990423, 36.183283199799995 ], [ -115.2990423, 36.183285899799998 ], [ -115.2990369, 36.183285899799998 ], [ -115.2990369, 36.183288599800001 ], [ -115.2990342, 36.183288599800001 ], [ -115.2990342, 36.183291299799997 ], [ -115.2990288, 36.183291299799997 ], [ -115.2990288, 36.1832939998 ], [ -115.2990207, 36.1832939998 ], [ -115.2990207, 36.183296699799996 ] ] ] } },
{ "type": "Feature", "properties": { "value": 255.0 }, "geometry": { "type": "Polygon", "coordinates": [ [ [ -115.3003059, 36.183258899799995 ], [ -115.300287, 36.183258899799995 ], [ -115.300287, 36.183256199799999 ], [ -115.3002762, 36.183256199799999 ], [ -115.3002762, 36.183253499799996 ], [ -115.3002654, 36.183253499799996 ], [ -115.3002654, 36.183256199799999 ], [ -115.3002573, 36.183256199799999 ], [ -115.3002573, 36.183258899799995 ], [ -115.3002438, 36.183258899799995 ], [ -115.3002438, 36.183256199799999 ], [ -115.3002384, 36.183256199799999 ], [ -115.3002384, 36.183253499799996 ], [ -115.3002357, 36.183253499799996 ], [ -115.3002357, 36.1832507998 ], [ -115.3002303, 36.1832507998 ], [ -115.3002303, 36.183248099799997 ], [ -115.3002276, 36.183248099799997 ], [ -115.3002276, 36.183245399800001 ], [ -115.3002249, 36.183245399800001 ], [ -115.3002249, 36.183242699799997 ], [ -115.3002195, 36.183242699799997 ], [ -115.3002195, 36.183239999799994 ], [ -115.3002168, 36.183239999799994 ], [ -115.3002168, 36.183237299799998 ], [ -115.3002114, 36.183237299799998 ], [ -115.3002114, 36.183234599799995 ], [ -115.3002087, 36.183234599799995 ], [ -115.3002087, 36.183231899799999 ], [ -115.3002033, 36.183231899799999 ], [ -115.3002033, 36.183229199799996 ], [ -115.3002006, 36.183229199799996 ], [ -115.3002006, 36.1832264998 ], [ -115.3001952, 36.1832264998 ], [ -115.3001952, 36.183223799799997 ], [ -115.3001925, 36.183223799799997 ], [ -115.3001925, 36.183221099800001 ], [ -115.3001898, 36.183221099800001 ], [ -115.3001898, 36.183218399799998 ], [ -115.3001844, 36.183218399799998 ], [ -115.3001844, 36.183215699799995 ], [ -115.3001817, 36.183215699799995 ], [ -115.3001817, 36.183212999799998 ], [ -115.300179, 36.183212999799998 ], [ -115.300179, 36.183210299799995 ], [ -115.3001763, 36.183210299799995 ], [ -115.3001763, 36.183204899799996 ], [ -115.3001736, 36.183204899799996 ], [ -115.3001736, 36.1832021998 ], [ -115.3001763, 36.1832021998 ], [ -115.3001763, 36.183191399799995 ], [ -115.3001736, 36.183191399799995 ], [ -115.3001736, 36.183188699799999 ], [ -115.3001709, 36.183188699799999 ], [ -115.3001709, 36.183185999799996 ], [ -115.3001655, 36.183185999799996 ], [ -115.3001655, 36.1831832998 ], [ -115.3001628, 36.1831832998 ], [ -115.3001628, 36.183180599799996 ], [ -115.3001601, 36.183180599799996 ], [ -115.3001601, 36.1831778998 ], [ -115.3001574, 36.1831778998 ], [ -115.3001574, 36.183175199799997 ], [ -115.3001547, 36.183175199799997 ], [ -115.3001547, 36.183169799799998 ], [ -115.300152, 36.183169799799998 ], [ -115.300152, 36.183140099799999 ], [ -115.3001547, 36.183140099799999 ], [ -115.3001547, 36.1831346998 ], [ -115.3001574, 36.1831346998 ], [ -115.3001574, 36.183131999799997 ], [ -115.3001601, 36.183131999799997 ], [ -115.3001601, 36.183129299799994 ], [ -115.3001628, 36.183129299799994 ], [ -115.3001628, 36.183126599799998 ], [ -115.3001682, 36.183126599799998 ], [ -115.3001682, 36.183123899799995 ], [ -115.3001709, 36.183123899799995 ], [ -115.3001709, 36.183121199799999 ], [ -115.3001736, 36.183121199799999 ], [ -115.3001736, 36.183118499799996 ], [ -115.3001763, 36.183118499799996 ], [ -115.3001763, 36.183115799799999 ], [ -115.3002006, 36.183115799799999 ], [ -115.3002006, 36.183118499799996 ], [ -115.3002087, 36.183118499799996 ], [ -115.3002087, 36.183121199799999 ], [ -115.3002141, 36.183121199799999 ], [ -115.3002141, 36.183123899799995 ], [ -115.3002168, 36.183123899799995 ], [ -115.3002168, 36.183126599799998 ], [ -115.3002195, 36.183126599799998 ], [ -115.3002195, 36.183129299799994 ], [ -115.3002222, 36.183129299799994 ], [ -115.3002222, 36.1831346998 ], [ -115.3002249, 36.1831346998 ], [ -115.3002249, 36.183140099799999 ], [ -115.3002276, 36.183140099799999 ], [ -115.3002276, 36.183150899799998 ], [ -115.3002303, 36.183150899799998 ], [ -115.3002303, 36.183156299799997 ], [ -115.3002384, 36.183156299799997 ], [ -115.3002384, 36.1831589998 ], [ -115.3002465, 36.1831589998 ], [ -115.3002465, 36.183161699799996 ], [ -115.3002519, 36.183161699799996 ], [ -115.3002519, 36.183164399799999 ], [ -115.3002546, 36.183164399799999 ], [ -115.3002546, 36.183167099799995 ], [ -115.30026, 36.183167099799995 ], [ -115.30026, 36.183169799799998 ], [ -115.3002627, 36.183169799799998 ], [ -115.3002627, 36.183172499799994 ], [ -115.3002654, 36.183172499799994 ], [ -115.3002654, 36.183175199799997 ], [ -115.3002681, 36.183175199799997 ], [ -115.3002681, 36.1831778998 ], [ -115.3002708, 36.1831778998 ], [ -115.3002708, 36.183180599799996 ], [ -115.3002762, 36.183180599799996 ], [ -115.3002762, 36.1831832998 ], [ -115.3002789, 36.1831832998 ], [ -115.3002789, 36.183185999799996 ], [ -115.3002816, 36.183185999799996 ], [ -115.3002816, 36.183188699799999 ], [ -115.300287, 36.183188699799999 ], [ -115.300287, 36.183191399799995 ], [ -115.3002897, 36.183191399799995 ], [ -115.3002897, 36.183194099799998 ], [ -115.3002924, 36.183194099799998 ], [ -115.3002924, 36.183196799799994 ], [ -115.3002978, 36.183196799799994 ], [ -115.3002978, 36.183199499799997 ], [ -115.3003059, 36.183199499799997 ], [ -115.3003059, 36.1832021998 ], [ -115.3003113, 36.1832021998 ], [ -115.3003113, 36.183204899799996 ], [ -115.3003167, 36.183204899799996 ], [ -115.3003167, 36.183207599799999 ], [ -115.3003194, 36.183207599799999 ], [ -115.3003194, 36.183210299799995 ], [ -115.3003248, 36.183210299799995 ], [ -115.3003248, 36.183212999799998 ], [ -115.3003275, 36.183212999799998 ], [ -115.3003275, 36.183215699799995 ], [ -115.3003302, 36.183215699799995 ], [ -115.3003302, 36.183231899799999 ], [ -115.3003275, 36.183231899799999 ], [ -115.3003275, 36.183239999799994 ], [ -115.3003248, 36.183239999799994 ], [ -115.3003248, 36.183245399800001 ], [ -115.3003221, 36.183245399800001 ], [ -115.3003221, 36.183248099799997 ], [ -115.3003194, 36.183248099799997 ], [ -115.3003194, 36.1832507998 ], [ -115.3003167, 36.1832507998 ], [ -115.3003167, 36.183253499799996 ], [ -115.3003113, 36.183253499799996 ], [ -115.3003113, 36.183256199799999 ], [ -115.3003059, 36.183256199799999 ], [ -115.3003059, 36.183258899799995 ] ] ] } },
{ "type": "Feature", "properties": { "value": 255.0 }, "geometry": { "type": "Polygon", "coordinates": [ [ [ -115.2997362, 36.183248099799997 ], [ -115.2997065, 36.183248099799997 ], [ -115.2997065, 36.183245399800001 ], [ -115.2997011, 36.183245399800001 ], [ -115.2997011, 36.183242699799997 ], [ -115.2996984, 36.183242699799997 ], [ -115.2996984, 36.183239999799994 ], [ -115.299693, 36.183239999799994 ], [ -115.299693, 36.183237299799998 ], [ -115.2996903, 36.183237299799998 ], [ -115.2996903, 36.183234599799995 ], [ -115.2996714, 36.183234599799995 ], [ -115.2996714, 36.183231899799999 ], [ -115.299666, 36.183231899799999 ], [ -115.299666, 36.183229199799996 ], [ -115.2996606, 36.183229199799996 ], [ -115.2996606, 36.1832264998 ], [ -115.2996579, 36.1832264998 ], [ -115.2996579, 36.183223799799997 ], [ -115.2996525, 36.183223799799997 ], [ -115.2996525, 36.183221099800001 ], [ -115.2996498, 36.183221099800001 ], [ -115.2996498, 36.183218399799998 ], [ -115.2996471, 36.183218399799998 ], [ -115.2996471, 36.183215699799995 ], [ -115.2996417, 36.183215699799995 ], [ -115.2996417, 36.183212999799998 ], [ -115.299639, 36.183212999799998 ], [ -115.299639, 36.183210299799995 ], [ -115.2996336, 36.183210299799995 ], [ -115.2996336, 36.183207599799999 ], [ -115.2996309, 36.183207599799999 ], [ -115.2996309, 36.183204899799996 ], [ -115.2996282, 36.183204899799996 ], [ -115.2996282, 36.1832021998 ], [ -115.2996255, 36.1832021998 ], [ -115.2996255, 36.183199499799997 ], [ -115.2996228, 36.183199499799997 ], [ -115.2996228, 36.183196799799994 ], [ -115.2996174, 36.183196799799994 ], [ -115.2996174, 36.183194099799998 ], [ -115.299612, 36.183194099799998 ], [ -115.299612, 36.183191399799995 ], [ -115.2996093, 36.183191399799995 ], [ -115.2996093, 36.183188699799999 ], [ -115.2996039, 36.183188699799999 ], [ -115.2996039, 36.183185999799996 ], [ -115.2995985, 36.183185999799996 ], [ -115.2995985, 36.1831832998 ], [ -115.2995958, 36.1831832998 ], [ -115.2995958, 36.183180599799996 ], [ -115.2995931, 36.183180599799996 ], [ -115.2995931, 36.1831778998 ], [ -115.2995904, 36.1831778998 ], [ -115.2995904, 36.183172499799994 ], [ -115.2995877, 36.183172499799994 ], [ -115.2995877, 36.183169799799998 ], [ -115.2995904, 36.183169799799998 ], [ -115.2995904, 36.183164399799999 ], [ -115.2995931, 36.183164399799999 ], [ -115.2995931, 36.183161699799996 ], [ -115.2995958, 36.183161699799996 ], [ -115.2995958, 36.1831589998 ], [ -115.2995985, 36.1831589998 ], [ -115.2995985, 36.183156299799997 ], [ -115.2996012, 36.183156299799997 ], [ -115.2996012, 36.183153599800001 ], [ -115.2996066, 36.183153599800001 ], [ -115.2996066, 36.183150899799998 ], [ -115.2996093, 36.183150899799998 ], [ -115.2996093, 36.183148199799994 ], [ -115.2996147, 36.183148199799994 ], [ -115.2996147, 36.183145499799998 ], [ -115.2996201, 36.183145499799998 ], [ -115.2996201, 36.183142799799995 ], [ -115.2996228, 36.183142799799995 ], [ -115.2996228, 36.183140099799999 ], [ -115.2996255, 36.183140099799999 ], [ -115.2996255, 36.183137399799996 ], [ -115.2996282, 36.183137399799996 ], [ -115.2996282, 36.183131999799997 ], [ -115.2996309, 36.183131999799997 ], [ -115.2996309, 36.183129299799994 ], [ -115.2996336, 36.183129299799994 ], [ -115.2996336, 36.183126599799998 ], [ -115.2996363, 36.183126599799998 ], [ -115.2996363, 36.183123899799995 ], [ -115.299639, 36.183123899799995 ], [ -115.299639, 36.183121199799999 ], [ -115.2996498, 36.183121199799999 ], [ -115.2996498, 36.183123899799995 ], [ -115.2996606, 36.183123899799995 ], [ -115.2996606, 36.183126599799998 ], [ -115.2996633, 36.183126599799998 ], [ -115.2996633, 36.183129299799994 ], [ -115.299666, 36.183129299799994 ], [ -115.299666, 36.183131999799997 ], [ -115.2996714, 36.183131999799997 ], [ -115.2996714, 36.1831346998 ], [ -115.2996741, 36.1831346998 ], [ -115.2996741, 36.183140099799999 ], [ -115.2996768, 36.183140099799999 ], [ -115.2996768, 36.183142799799995 ], [ -115.2996795, 36.183142799799995 ], [ -115.2996795, 36.183148199799994 ], [ -115.2996849, 36.183148199799994 ], [ -115.2996849, 36.183150899799998 ], [ -115.2996903, 36.183150899799998 ], [ -115.2996903, 36.183153599800001 ], [ -115.2996957, 36.183153599800001 ], [ -115.2996957, 36.183156299799997 ], [ -115.2997011, 36.183156299799997 ], [ -115.2997011, 36.1831589998 ], [ -115.2997038, 36.1831589998 ], [ -115.2997038, 36.183161699799996 ], [ -115.2997065, 36.183161699799996 ], [ -115.2997065, 36.183164399799999 ], [ -115.2997092, 36.183164399799999 ], [ -115.2997092, 36.183167099799995 ], [ -115.2997119, 36.183167099799995 ], [ -115.2997119, 36.183169799799998 ], [ -115.2997146, 36.183169799799998 ], [ -115.2997146, 36.183172499799994 ], [ -115.2997173, 36.183172499799994 ], [ -115.2997173, 36.183175199799997 ], [ -115.2997227, 36.183175199799997 ], [ -115.2997227, 36.1831778998 ], [ -115.2997281, 36.1831778998 ], [ -115.2997281, 36.183180599799996 ], [ -115.2997335, 36.183180599799996 ], [ -115.2997335, 36.1831832998 ], [ -115.2997389, 36.1831832998 ], [ -115.2997389, 36.183185999799996 ], [ -115.2997416, 36.183185999799996 ], [ -115.2997416, 36.183188699799999 ], [ -115.299747, 36.183188699799999 ], [ -115.299747, 36.183191399799995 ], [ -115.2997497, 36.183191399799995 ], [ -115.2997497, 36.183194099799998 ], [ -115.2997524, 36.183194099799998 ], [ -115.2997524, 36.183196799799994 ], [ -115.2997578, 36.183196799799994 ], [ -115.2997578, 36.183199499799997 ], [ -115.2997632, 36.183199499799997 ], [ -115.2997632, 36.1832021998 ], [ -115.2997659, 36.1832021998 ], [ -115.2997659, 36.183204899799996 ], [ -115.2997686, 36.183204899799996 ], [ -115.2997686, 36.183207599799999 ], [ -115.2997713, 36.183207599799999 ], [ -115.2997713, 36.183212999799998 ], [ -115.2997686, 36.183212999799998 ], [ -115.2997686, 36.183215699799995 ], [ -115.2997632, 36.183215699799995 ], [ -115.2997632, 36.183218399799998 ], [ -115.2997605, 36.183218399799998 ], [ -115.2997605, 36.183223799799997 ], [ -115.2997578, 36.183223799799997 ], [ -115.2997578, 36.183229199799996 ], [ -115.2997551, 36.183229199799996 ], [ -115.2997551, 36.183234599799995 ], [ -115.2997524, 36.183234599799995 ], [ -115.2997524, 36.183237299799998 ], [ -115.2997497, 36.183237299799998 ], [ -115.2997497, 36.183239999799994 ], [ -115.299747, 36.183239999799994 ], [ -115.299747, 36.183242699799997 ], [ -115.2997416, 36.183242699799997 ], [ -115.2997416, 36.183245399800001 ], [ -115.2997362, 36.183245399800001 ], [ -115.2997362, 36.183248099799997 ] ] ] } },
{ "type": "Feature", "properties": { "value": 255.0 }, "geometry": { "type": "Polygon", "coordinates": [ [ [ -115.2989721, 36.183207599799999 ], [ -115.2989559, 36.183207599799999 ], [ -115.2989559, 36.183204899799996 ], [ -115.2989532, 36.183204899799996 ], [ -115.2989532, 36.1832021998 ], [ -115.2989505, 36.1832021998 ], [ -115.2989505, 36.183199499799997 ], [ -115.2989478, 36.183199499799997 ], [ -115.2989478, 36.183194099799998 ], [ -115.2989451, 36.183194099799998 ], [ -115.2989451, 36.183188699799999 ], [ -115.2989424, 36.183188699799999 ], [ -115.2989424, 36.183185999799996 ], [ -115.2989397, 36.183185999799996 ], [ -115.2989397, 36.1831832998 ], [ -115.298937, 36.1831832998 ], [ -115.298937, 36.183180599799996 ], [ -115.2989343, 36.183180599799996 ], [ -115.2989343, 36.1831778998 ], [ -115.2989316, 36.1831778998 ], [ -115.2989316, 36.183175199799997 ], [ -115.2989289, 36.183175199799997 ], [ -115.2989289, 36.183172499799994 ], [ -115.2989262, 36.183172499799994 ], [ -115.2989262, 36.183167099799995 ], [ -115.2989235, 36.183167099799995 ], [ -115.2989235, 36.183164399799999 ], [ -115.2989208, 36.183164399799999 ], [ -115.2989208, 36.1831589998 ], [ -115.2989181, 36.1831589998 ], [ -115.2989181, 36.183145499799998 ], [ -115.2989208, 36.183145499799998 ], [ -115.2989208, 36.183142799799995 ], [ -115.2989235, 36.183142799799995 ], [ -115.2989235, 36.183140099799999 ], [ -115.298937, 36.183140099799999 ], [ -115.298937, 36.183137399799996 ], [ -115.2989478, 36.183137399799996 ], [ -115.2989478, 36.1831346998 ], [ -115.2989532, 36.1831346998 ], [ -115.2989532, 36.183131999799997 ], [ -115.2989586, 36.183131999799997 ], [ -115.2989586, 36.183129299799994 ], [ -115.298964, 36.183129299799994 ], [ -115.298964, 36.183126599799998 ], [ -115.2989694, 36.183126599799998 ], [ -115.2989694, 36.183123899799995 ], [ -115.2989748, 36.183123899799995 ], [ -115.2989748, 36.183121199799999 ], [ -115.2989802, 36.183121199799999 ], [ -115.2989802, 36.183118499799996 ], [ -115.2989856, 36.183118499799996 ], [ -115.2989856, 36.183115799799999 ], [ -115.298991, 36.183115799799999 ], [ -115.298991, 36.183113099799996 ], [ -115.2989964, 36.183113099799996 ], [ -115.2989964, 36.1831103998 ], [ -115.2990018, 36.1831103998 ], [ -115.2990018, 36.183107699799997 ], [ -115.2990072, 36.183107699799997 ], [ -115.2990072, 36.183104999799994 ], [ -115.2990126, 36.183104999799994 ], [ -115.2990126, 36.183102299799998 ], [ -115.299018, 36.183102299799998 ], [ -115.299018, 36.183099599799995 ], [ -115.2990261, 36.183099599799995 ], [ -115.2990261, 36.183096899799999 ], [ -115.2990342, 36.183096899799999 ], [ -115.2990342, 36.183094199799996 ], [ -115.299045, 36.183094199799996 ], [ -115.299045, 36.1830914998 ], [ -115.2990531, 36.1830914998 ], [ -115.2990531, 36.183088799799997 ], [ -115.2990585, 36.183088799799997 ], [ -115.2990585, 36.183086099800001 ], [ -115.2990639, 36.183086099800001 ], [ -115.2990639, 36.183083399799997 ], [ -115.299072, 36.183083399799997 ], [ -115.299072, 36.183080699799994 ], [ -115.2990828, 36.183080699799994 ], [ -115.2990828, 36.183077999799998 ], [ -115.2990963, 36.183077999799998 ], [ -115.2990963, 36.183075299799995 ], [ -115.299099, 36.183075299799995 ], [ -115.299099, 36.183077999799998 ], [ -115.2991098, 36.183077999799998 ], [ -115.2991098, 36.183080699799994 ], [ -115.2991125, 36.183080699799994 ], [ -115.2991125, 36.183083399799997 ], [ -115.2991152, 36.183083399799997 ], [ -115.2991152, 36.183102299799998 ], [ -115.2991179, 36.183102299799998 ], [ -115.2991179, 36.1831103998 ], [ -115.2991206, 36.1831103998 ], [ -115.2991206, 36.183107699799997 ], [ -115.2991233, 36.183107699799997 ], [ -115.2991233, 36.183113099799996 ], [ -115.299126, 36.183113099799996 ], [ -115.299126, 36.183118499799996 ], [ -115.2991233, 36.183118499799996 ], [ -115.2991233, 36.183121199799999 ], [ -115.2991179, 36.183121199799999 ], [ -115.2991179, 36.183126599799998 ], [ -115.2991152, 36.183126599799998 ], [ -115.2991152, 36.183137399799996 ], [ -115.2991125, 36.183137399799996 ], [ -115.2991125, 36.183140099799999 ], [ -115.2991044, 36.183140099799999 ], [ -115.2991044, 36.183142799799995 ], [ -115.299099, 36.183142799799995 ], [ -115.299099, 36.183145499799998 ], [ -115.2990909, 36.183145499799998 ], [ -115.2990909, 36.183148199799994 ], [ -115.2990855, 36.183148199799994 ], [ -115.2990855, 36.183150899799998 ], [ -115.2990828, 36.183150899799998 ], [ -115.2990828, 36.1831589998 ], [ -115.2990801, 36.1831589998 ], [ -115.2990801, 36.183161699799996 ], [ -115.2990774, 36.183161699799996 ], [ -115.2990774, 36.183164399799999 ], [ -115.2990747, 36.183164399799999 ], [ -115.2990747, 36.183167099799995 ], [ -115.299072, 36.183167099799995 ], [ -115.299072, 36.183169799799998 ], [ -115.2990666, 36.183169799799998 ], [ -115.2990666, 36.183172499799994 ], [ -115.2990612, 36.183172499799994 ], [ -115.2990612, 36.183175199799997 ], [ -115.2990558, 36.183175199799997 ], [ -115.2990558, 36.1831778998 ], [ -115.2990504, 36.1831778998 ], [ -115.2990504, 36.183180599799996 ], [ -115.299045, 36.183180599799996 ], [ -115.299045, 36.1831832998 ], [ -115.2990369, 36.1831832998 ], [ -115.2990369, 36.183185999799996 ], [ -115.2990315, 36.183185999799996 ], [ -115.2990315, 36.183188699799999 ], [ -115.2990261, 36.183188699799999 ], [ -115.2990261, 36.183191399799995 ], [ -115.299018, 36.183191399799995 ], [ -115.299018, 36.183194099799998 ], [ -115.2990099, 36.183194099799998 ], [ -115.2990099, 36.183196799799994 ], [ -115.2989991, 36.183196799799994 ], [ -115.2989991, 36.183194099799998 ], [ -115.2989964, 36.183194099799998 ], [ -115.2989964, 36.183196799799994 ], [ -115.2989883, 36.183196799799994 ], [ -115.2989883, 36.183199499799997 ], [ -115.2989829, 36.183199499799997 ], [ -115.2989829, 36.1832021998 ], [ -115.2989802, 36.1832021998 ], [ -115.2989802, 36.183204899799996 ], [ -115.2989721, 36.183204899799996 ], [ -115.2989721, 36.183207599799999 ] ] ] } },
{ "type": "Feature", "properties": { "value": 255.0 }, "geometry": { "type": "Polygon", "coordinates": [ [ [ -115.3003491, 36.1832021998 ], [ -115.3003464, 36.1832021998 ], [ -115.3003464, 36.183199499799997 ], [ -115.3003383, 36.183199499799997 ], [ -115.3003383, 36.183196799799994 ], [ -115.3003329, 36.183196799799994 ], [ -115.3003329, 36.183194099799998 ], [ -115.3003302, 36.183194099799998 ], [ -115.3003302, 36.183191399799995 ], [ -115.3003275, 36.183191399799995 ], [ -115.3003275, 36.183188699799999 ], [ -115.3003248, 36.183188699799999 ], [ -115.3003248, 36.183185999799996 ], [ -115.3003194, 36.183185999799996 ], [ -115.3003194, 36.1831832998 ], [ -115.3003167, 36.1831832998 ], [ -115.3003167, 36.183180599799996 ], [ -115.3003113, 36.183180599799996 ], [ -115.3003113, 36.1831778998 ], [ -115.3003086, 36.1831778998 ], [ -115.3003086, 36.183175199799997 ], [ -115.3003059, 36.183175199799997 ], [ -115.3003059, 36.183172499799994 ], [ -115.3003005, 36.183172499799994 ], [ -115.3003005, 36.183169799799998 ], [ -115.3002978, 36.183169799799998 ], [ -115.3002978, 36.183167099799995 ], [ -115.3002924, 36.183167099799995 ], [ -115.3002924, 36.183164399799999 ], [ -115.3002897, 36.183164399799999 ], [ -115.3002897, 36.183161699799996 ], [ -115.300287, 36.183161699799996 ], [ -115.300287, 36.1831589998 ], [ -115.3002816, 36.1831589998 ], [ -115.3002816, 36.183156299799997 ], [ -115.3002789, 36.183156299799997 ], [ -115.3002789, 36.183153599800001 ], [ -115.3002762, 36.183153599800001 ], [ -115.3002762, 36.183150899799998 ], [ -115.3002735, 36.183150899799998 ], [ -115.3002735, 36.183148199799994 ], [ -115.3002681, 36.183148199799994 ], [ -115.3002681, 36.183145499799998 ], [ -115.3002654, 36.183145499799998 ], [ -115.3002654, 36.183142799799995 ], [ -115.3002627, 36.183142799799995 ], [ -115.3002627, 36.183140099799999 ], [ -115.3002573, 36.183140099799999 ], [ -115.3002573, 36.183137399799996 ], [ -115.3002519, 36.183137399799996 ], [ -115.3002519, 36.1831346998 ], [ -115.3002492, 36.1831346998 ], [ -115.3002492, 36.183131999799997 ], [ -115.3002438, 36.183131999799997 ], [ -115.3002438, 36.183129299799994 ], [ -115.3002411, 36.183129299799994 ], [ -115.3002411, 36.183126599799998 ], [ -115.3002384, 36.183126599799998 ], [ -115.3002384, 36.183113099799996 ], [ -115.3002411, 36.183113099799996 ], [ -115.3002411, 36.1831103998 ], [ -115.3002438, 36.1831103998 ], [ -115.3002438, 36.183102299799998 ], [ -115.3002384, 36.183102299799998 ], [ -115.3002384, 36.183099599799995 ], [ -115.300233, 36.183099599799995 ], [ -115.300233, 36.183096899799999 ], [ -115.3002276, 36.183096899799999 ], [ -115.3002276, 36.183094199799996 ], [ -115.3002249, 36.183094199799996 ], [ -115.3002249, 36.1830914998 ], [ -115.3002195, 36.1830914998 ], [ -115.3002195, 36.183086099800001 ], [ -115.3002168, 36.183086099800001 ], [ -115.3002168, 36.183072599799999 ], [ -115.3002222, 36.183072599799999 ], [ -115.3002222, 36.183069899799996 ], [ -115.3002276, 36.183069899799996 ], [ -115.3002276, 36.1830671998 ], [ -115.300233, 36.1830671998 ], [ -115.300233, 36.183064499799997 ], [ -115.3002384, 36.183064499799997 ], [ -115.3002384, 36.183061799799994 ], [ -115.3002465, 36.183061799799994 ], [ -115.3002465, 36.183059099799998 ], [ -115.3002546, 36.183059099799998 ], [ -115.3002546, 36.183056399799995 ], [ -115.3002654, 36.183056399799995 ], [ -115.3002654, 36.183059099799998 ], [ -115.3002708, 36.183059099799998 ], [ -115.3002708, 36.183061799799994 ], [ -115.3002762, 36.183061799799994 ], [ -115.3002762, 36.183064499799997 ], [ -115.3002789, 36.183064499799997 ], [ -115.3002789, 36.1830671998 ], [ -115.3002816, 36.1830671998 ], [ -115.3002816, 36.183069899799996 ], [ -115.300287, 36.183069899799996 ], [ -115.300287, 36.183072599799999 ], [ -115.3002978, 36.183072599799999 ], [ -115.3002978, 36.183075299799995 ], [ -115.3003059, 36.183075299799995 ], [ -115.3003059, 36.183077999799998 ], [ -115.3003113, 36.183077999799998 ], [ -115.3003113, 36.183080699799994 ], [ -115.3003167, 36.183080699799994 ], [ -115.3003167, 36.183083399799997 ], [ -115.3003194, 36.183083399799997 ], [ -115.3003194, 36.183086099800001 ], [ -115.3003221, 36.183086099800001 ], [ -115.3003221, 36.183088799799997 ], [ -115.3003248, 36.183088799799997 ], [ -115.3003248, 36.1830914998 ], [ -115.3003302, 36.1830914998 ], [ -115.3003302, 36.183094199799996 ], [ -115.3003329, 36.183094199799996 ], [ -115.3003329, 36.183096899799999 ], [ -115.3003356, 36.183096899799999 ], [ -115.3003356, 36.183099599799995 ], [ -115.300341, 36.183099599799995 ], [ -115.300341, 36.183102299799998 ], [ -115.3003437, 36.183102299799998 ], [ -115.3003437, 36.183104999799994 ], [ -115.3003464, 36.183104999799994 ], [ -115.3003464, 36.183107699799997 ], [ -115.3003518, 36.183107699799997 ], [ -115.3003518, 36.1831103998 ], [ -115.3003545, 36.1831103998 ], [ -115.3003545, 36.183113099799996 ], [ -115.3003599, 36.183113099799996 ], [ -115.3003599, 36.183115799799999 ], [ -115.3003626, 36.183115799799999 ], [ -115.3003626, 36.183118499799996 ], [ -115.3003653, 36.183118499799996 ], [ -115.3003653, 36.183121199799999 ], [ -115.300368, 36.183121199799999 ], [ -115.300368, 36.183123899799995 ], [ -115.3003707, 36.183123899799995 ], [ -115.3003707, 36.183126599799998 ], [ -115.3003761, 36.183126599799998 ], [ -115.3003761, 36.183129299799994 ], [ -115.3003788, 36.183129299799994 ], [ -115.3003788, 36.183131999799997 ], [ -115.3003842, 36.183131999799997 ], [ -115.3003842, 36.1831346998 ], [ -115.3003896, 36.1831346998 ], [ -115.3003896, 36.183137399799996 ], [ -115.3003923, 36.183137399799996 ], [ -115.3003923, 36.183140099799999 ], [ -115.3003977, 36.183140099799999 ], [ -115.3003977, 36.183142799799995 ], [ -115.3004031, 36.183142799799995 ], [ -115.3004031, 36.183145499799998 ], [ -115.3004058, 36.183145499799998 ], [ -115.3004058, 36.183148199799994 ], [ -115.3004112, 36.183148199799994 ], [ -115.3004112, 36.183153599800001 ], [ -115.3004139, 36.183153599800001 ], [ -115.3004139, 36.1831589998 ], [ -115.3004058, 36.1831589998 ], [ -115.3004058, 36.183161699799996 ], [ -115.3004004, 36.183161699799996 ], [ -115.3004004, 36.183164399799999 ], [ -115.300395, 36.183164399799999 ], [ -115.300395, 36.183167099799995 ], [ -115.3003923, 36.183167099799995 ], [ -115.3003923, 36.183172499799994 ], [ -115.3003896, 36.183172499799994 ], [ -115.3003896, 36.183175199799997 ], [ -115.3003869, 36.183175199799997 ], [ -115.3003869, 36.1831778998 ], [ -115.3003842, 36.1831778998 ], [ -115.3003842, 36.183180599799996 ], [ -115.3003815, 36.183180599799996 ], [ -115.3003815, 36.1831832998 ], [ -115.3003788, 36.1831832998 ], [ -115.3003788, 36.183185999799996 ], [ -115.3003761, 36.183185999799996 ], [ -115.3003761, 36.183188699799999 ], [ -115.3003707, 36.183188699799999 ], [ -115.3003707, 36.183191399799995 ], [ -115.300368, 36.183191399799995 ], [ -115.300368, 36.183194099799998 ], [ -115.3003626, 36.183194099799998 ], [ -115.3003626, 36.183196799799994 ], [ -115.3003572, 36.183196799799994 ], [ -115.3003572, 36.183199499799997 ], [ -115.3003491, 36.183199499799997 ], [ -115.3003491, 36.1832021998 ] ] ] } },
{ "type": "Feature", "properties": { "value": 255.0 }, "geometry": { "type": "Polygon", "coordinates": [ [ [ -115.2998388, 36.183199499799997 ], [ -115.299828, 36.183199499799997 ], [ -115.299828, 36.183196799799994 ], [ -115.2998253, 36.183196799799994 ], [ -115.2998253, 36.183188699799999 ], [ -115.2998226, 36.183188699799999 ], [ -115.2998226, 36.1831832998 ], [ -115.2998199, 36.1831832998 ], [ -115.2998199, 36.183180599799996 ], [ -115.2998118, 36.183180599799996 ], [ -115.2998118, 36.1831832998 ], [ -115.299801, 36.1831832998 ], [ -115.299801, 36.183185999799996 ], [ -115.2997794, 36.183185999799996 ], [ -115.2997794, 36.1831832998 ], [ -115.299774, 36.1831832998 ], [ -115.299774, 36.183180599799996 ], [ -115.2997713, 36.183180599799996 ], [ -115.2997713, 36.1831778998 ], [ -115.2997659, 36.1831778998 ], [ -115.2997659, 36.183175199799997 ], [ -115.2997632, 36.183175199799997 ], [ -115.2997632, 36.183172499799994 ], [ -115.2997578, 36.183172499799994 ], [ -115.2997578, 36.183169799799998 ], [ -115.2997551, 36.183169799799998 ], [ -115.2997551, 36.183167099799995 ], [ -115.2997497, 36.183167099799995 ], [ -115.2997497, 36.183164399799999 ], [ -115.299747, 36.183164399799999 ], [ -115.299747, 36.183161699799996 ], [ -115.2997443, 36.183161699799996 ], [ -115.2997443, 36.1831589998 ], [ -115.2997389, 36.1831589998 ], [ -115.2997389, 36.183156299799997 ], [ -115.2997362, 36.183156299799997 ], [ -115.2997362, 36.183153599800001 ], [ -115.2997308, 36.183153599800001 ], [ -115.2997308, 36.183150899799998 ], [ -115.2997254, 36.183150899799998 ], [ -115.2997254, 36.183148199799994 ], [ -115.29972, 36.183148199799994 ], [ -115.29972, 36.183145499799998 ], [ -115.2997173, 36.183145499799998 ], [ -115.2997173, 36.183142799799995 ], [ -115.2997146, 36.183142799799995 ], [ -115.2997146, 36.183137399799996 ], [ -115.2997119, 36.183137399799996 ], [ -115.2997119, 36.183131999799997 ], [ -115.2997092, 36.183131999799997 ], [ -115.2997092, 36.183129299799994 ], [ -115.2997065, 36.183129299799994 ], [ -115.2997065, 36.183126599799998 ], [ -115.2997011, 36.183126599799998 ], [ -115.2997011, 36.183123899799995 ], [ -115.2996984, 36.183123899799995 ], [ -115.2996984, 36.183121199799999 ], [ -115.299693, 36.183121199799999 ], [ -115.299693, 36.183118499799996 ], [ -115.2996876, 36.183118499799996 ], [ -115.2996876, 36.183115799799999 ], [ -115.2996849, 36.183115799799999 ], [ -115.2996849, 36.183113099799996 ], [ -115.2996795, 36.183113099799996 ], [ -115.2996795, 36.183104999799994 ], [ -115.2996768, 36.183104999799994 ], [ -115.2996768, 36.183102299799998 ], [ -115.2996795, 36.183102299799998 ], [ -115.2996795, 36.183096899799999 ], [ -115.2996822, 36.183096899799999 ], [ -115.2996822, 36.183094199799996 ], [ -115.2996849, 36.183094199799996 ], [ -115.2996849, 36.1830914998 ], [ -115.2996876, 36.1830914998 ], [ -115.2996876, 36.183088799799997 ], [ -115.2996903, 36.183088799799997 ], [ -115.2996903, 36.183086099800001 ], [ -115.2996957, 36.183086099800001 ], [ -115.2996957, 36.183083399799997 ], [ -115.2996984, 36.183083399799997 ], [ -115.2996984, 36.183080699799994 ], [ -115.2997011, 36.183080699799994 ], [ -115.2997011, 36.183077999799998 ], [ -115.2997038, 36.183077999799998 ], [ -115.2997038, 36.183075299799995 ], [ -115.2997065, 36.183075299799995 ], [ -115.2997065, 36.183072599799999 ], [ -115.2997092, 36.183072599799999 ], [ -115.2997092, 36.183069899799996 ], [ -115.2997119, 36.183069899799996 ], [ -115.2997119, 36.1830671998 ], [ -115.2997146, 36.1830671998 ], [ -115.2997146, 36.183064499799997 ], [ -115.2997173, 36.183064499799997 ], [ -115.2997173, 36.183061799799994 ], [ -115.29972, 36.183061799799994 ], [ -115.29972, 36.183059099799998 ], [ -115.2997227, 36.183059099799998 ], [ -115.2997227, 36.183056399799995 ], [ -115.2997308, 36.183056399799995 ], [ -115.2997308, 36.183053699799999 ], [ -115.2997335, 36.183053699799999 ], [ -115.2997335, 36.183056399799995 ], [ -115.2997443, 36.183056399799995 ], [ -115.2997443, 36.183059099799998 ], [ -115.2997497, 36.183059099799998 ], [ -115.2997497, 36.183061799799994 ], [ -115.2997524, 36.183061799799994 ], [ -115.2997524, 36.183064499799997 ], [ -115.2997551, 36.183064499799997 ], [ -115.2997551, 36.1830671998 ], [ -115.2997578, 36.1830671998 ], [ -115.2997578, 36.183072599799999 ], [ -115.2997605, 36.183072599799999 ], [ -115.2997605, 36.183075299799995 ], [ -115.2997551, 36.183075299799995 ], [ -115.2997551, 36.183080699799994 ], [ -115.2997578, 36.183080699799994 ], [ -115.2997578, 36.183083399799997 ], [ -115.2997605, 36.183083399799997 ], [ -115.2997605, 36.183086099800001 ], [ -115.2997821, 36.183086099800001 ], [ -115.2997821, 36.183088799799997 ], [ -115.2997848, 36.183088799799997 ], [ -115.2997848, 36.1830914998 ], [ -115.2997902, 36.1830914998 ], [ -115.2997902, 36.183094199799996 ], [ -115.2997929, 36.183094199799996 ], [ -115.2997929, 36.183096899799999 ], [ -115.2997956, 36.183096899799999 ], [ -115.2997956, 36.183099599799995 ], [ -115.2997983, 36.183099599799995 ], [ -115.2997983, 36.183102299799998 ], [ -115.299801, 36.183102299799998 ], [ -115.299801, 36.183104999799994 ], [ -115.2998037, 36.183104999799994 ], [ -115.2998037, 36.183107699799997 ], [ -115.2998091, 36.183107699799997 ], [ -115.2998091, 36.1831103998 ], [ -115.2998145, 36.1831103998 ], [ -115.2998145, 36.183113099799996 ], [ -115.2998172, 36.183113099799996 ], [ -115.2998172, 36.183115799799999 ], [ -115.2998226, 36.183115799799999 ], [ -115.2998226, 36.183118499799996 ], [ -115.2998253, 36.183118499799996 ], [ -115.2998253, 36.183121199799999 ], [ -115.2998307, 36.183121199799999 ], [ -115.2998307, 36.183123899799995 ], [ -115.2998361, 36.183123899799995 ], [ -115.2998361, 36.183126599799998 ], [ -115.2998388, 36.183126599799998 ], [ -115.2998388, 36.183129299799994 ], [ -115.2998415, 36.183129299799994 ], [ -115.2998415, 36.183131999799997 ], [ -115.2998442, 36.183131999799997 ], [ -115.2998442, 36.183137399799996 ], [ -115.2998415, 36.183137399799996 ], [ -115.2998415, 36.183142799799995 ], [ -115.2998388, 36.183142799799995 ], [ -115.2998388, 36.183153599800001 ], [ -115.2998415, 36.183153599800001 ], [ -115.2998415, 36.183156299799997 ], [ -115.2998442, 36.183156299799997 ], [ -115.2998442, 36.1831589998 ], [ -115.2998523, 36.1831589998 ], [ -115.2998523, 36.183161699799996 ], [ -115.2998604, 36.183161699799996 ], [ -115.2998604, 36.1831589998 ], [ -115.2998658, 36.1831589998 ], [ -115.2998658, 36.183161699799996 ], [ -115.2998685, 36.183161699799996 ], [ -115.2998685, 36.183164399799999 ], [ -115.2998712, 36.183164399799999 ], [ -115.2998712, 36.183169799799998 ], [ -115.2998739, 36.183169799799998 ], [ -115.2998739, 36.1831778998 ], [ -115.2998712, 36.1831778998 ], [ -115.2998712, 36.1831832998 ], [ -115.2998685, 36.1831832998 ], [ -115.2998685, 36.183185999799996 ], [ -115.2998631, 36.183185999799996 ], [ -115.2998631, 36.183188699799999 ], [ -115.2998604, 36.183188699799999 ], [ -115.2998604, 36.183191399799995 ], [ -115.299855, 36.183191399799995 ], [ -115.299855, 36.183194099799998 ], [ -115.2998496, 36.183194099799998 ], [ -115.2998496, 36.183196799799994 ], [ -115.2998388, 36.183196799799994 ], [ -115.2998388, 36.183199499799997 ] ] ] } },
{ "type": "Feature", "properties": { "value": 255.0 }, "geometry": { "type": "Polygon", "coordinates": [ [ [ -115.2994689, 36.1831589998 ], [ -115.2994581, 36.1831589998 ], [ -115.2994581, 36.183156299799997 ], [ -115.2994527, 36.183156299799997 ], [ -115.2994527, 36.183153599800001 ], [ -115.2994473, 36.183153599800001 ], [ -115.2994473, 36.183150899799998 ], [ -115.2994446, 36.183150899799998 ], [ -115.2994446, 36.183148199799994 ], [ -115.2994392, 36.183148199799994 ], [ -115.2994392, 36.183145499799998 ], [ -115.2994365, 36.183145499799998 ], [ -115.2994365, 36.183142799799995 ], [ -115.2994311, 36.183142799799995 ], [ -115.2994311, 36.183140099799999 ], [ -115.2994284, 36.183140099799999 ], [ -115.2994284, 36.183137399799996 ], [ -115.2994257, 36.183137399799996 ], [ -115.2994257, 36.1831346998 ], [ -115.2994203, 36.1831346998 ], [ -115.2994203, 36.183131999799997 ], [ -115.2994176, 36.183131999799997 ], [ -115.2994176, 36.183129299799994 ], [ -115.2994149, 36.183129299799994 ], [ -115.2994149, 36.183126599799998 ], [ -115.2994122, 36.183126599799998 ], [ -115.2994122, 36.183123899799995 ], [ -115.2994068, 36.183123899799995 ], [ -115.2994068, 36.183121199799999 ], [ -115.2994041, 36.183121199799999 ], [ -115.2994041, 36.183118499799996 ], [ -115.2993987, 36.183118499799996 ], [ -115.2993987, 36.183115799799999 ], [ -115.2993933, 36.183115799799999 ], [ -115.2993933, 36.183113099799996 ], [ -115.2993906, 36.183113099799996 ], [ -115.2993906, 36.1831103998 ], [ -115.2993879, 36.1831103998 ], [ -115.2993879, 36.183107699799997 ], [ -115.2993825, 36.183107699799997 ], [ -115.2993825, 36.183104999799994 ], [ -115.2993798, 36.183104999799994 ], [ -115.2993798, 36.1830914998 ], [ -115.2993771, 36.1830914998 ], [ -115.2993771, 36.183083399799997 ], [ -115.2993744, 36.183083399799997 ], [ -115.2993744, 36.183080699799994 ], [ -115.2993717, 36.183080699799994 ], [ -115.2993717, 36.183075299799995 ], [ -115.2993636, 36.183075299799995 ], [ -115.2993636, 36.183072599799999 ], [ -115.2993609, 36.183072599799999 ], [ -115.2993609, 36.183069899799996 ], [ -115.2993582, 36.183069899799996 ], [ -115.2993582, 36.1830671998 ], [ -115.2993555, 36.1830671998 ], [ -115.2993555, 36.183064499799997 ], [ -115.2993528, 36.183064499799997 ], [ -115.2993528, 36.183061799799994 ], [ -115.2993501, 36.183061799799994 ], [ -115.2993501, 36.183059099799998 ], [ -115.2993474, 36.183059099799998 ], [ -115.2993474, 36.183056399799995 ], [ -115.2993447, 36.183056399799995 ], [ -115.2993447, 36.183053699799999 ], [ -115.299342, 36.183053699799999 ], [ -115.299342, 36.183050999799995 ], [ -115.2993393, 36.183050999799995 ], [ -115.2993393, 36.183037499799994 ], [ -115.299342, 36.183037499799994 ], [ -115.299342, 36.183032099799995 ], [ -115.2993447, 36.183032099799995 ], [ -115.2993447, 36.183029399799999 ], [ -115.2993474, 36.183029399799999 ], [ -115.2993474, 36.183026699799996 ], [ -115.2993528, 36.183026699799996 ], [ -115.2993528, 36.1830239998 ], [ -115.2993555, 36.1830239998 ], [ -115.2993555, 36.183015899799997 ], [ -115.2993582, 36.183015899799997 ], [ -115.2993582, 36.183013199799994 ], [ -115.2993636, 36.183013199799994 ], [ -115.2993636, 36.183010499799998 ], [ -115.299369, 36.183010499799998 ], [ -115.299369, 36.183007799799995 ], [ -115.2993825, 36.183007799799995 ], [ -115.2993825, 36.183010499799998 ], [ -115.2993879, 36.183010499799998 ], [ -115.2993879, 36.183013199799994 ], [ -115.2993906, 36.183013199799994 ], [ -115.2993906, 36.1830185998 ], [ -115.2993933, 36.1830185998 ], [ -115.2993933, 36.183021299799996 ], [ -115.2993987, 36.183021299799996 ], [ -115.2993987, 36.1830239998 ], [ -115.2994041, 36.1830239998 ], [ -115.2994041, 36.183026699799996 ], [ -115.2994095, 36.183026699799996 ], [ -115.2994095, 36.183029399799999 ], [ -115.2994122, 36.183029399799999 ], [ -115.2994122, 36.183032099799995 ], [ -115.2994149, 36.183032099799995 ], [ -115.2994149, 36.183034799799998 ], [ -115.2994203, 36.183034799799998 ], [ -115.2994203, 36.183037499799994 ], [ -115.299423, 36.183037499799994 ], [ -115.299423, 36.183040199799997 ], [ -115.2994284, 36.183040199799997 ], [ -115.2994284, 36.1830428998 ], [ -115.2994311, 36.1830428998 ], [ -115.2994311, 36.183045599799996 ], [ -115.2994392, 36.183045599799996 ], [ -115.2994392, 36.183048299799999 ], [ -115.2994446, 36.183048299799999 ], [ -115.2994446, 36.183050999799995 ], [ -115.2994473, 36.183050999799995 ], [ -115.2994473, 36.183053699799999 ], [ -115.29945, 36.183053699799999 ], [ -115.29945, 36.183056399799995 ], [ -115.2994554, 36.183056399799995 ], [ -115.2994554, 36.183059099799998 ], [ -115.2994581, 36.183059099799998 ], [ -115.2994581, 36.183061799799994 ], [ -115.2994635, 36.183061799799994 ], [ -115.2994635, 36.183064499799997 ], [ -115.2994662, 36.183064499799997 ], [ -115.2994662, 36.1830671998 ], [ -115.2994689, 36.1830671998 ], [ -115.2994689, 36.183069899799996 ], [ -115.2994743, 36.183069899799996 ], [ -115.2994743, 36.183072599799999 ], [ -115.299477, 36.183072599799999 ], [ -115.299477, 36.183075299799995 ], [ -115.2994851, 36.183075299799995 ], [ -115.2994851, 36.183077999799998 ], [ -115.2994878, 36.183077999799998 ], [ -115.2994878, 36.183080699799994 ], [ -115.2994905, 36.183080699799994 ], [ -115.2994905, 36.183083399799997 ], [ -115.2994932, 36.183083399799997 ], [ -115.2994932, 36.183086099800001 ], [ -115.2994959, 36.183086099800001 ], [ -115.2994959, 36.183088799799997 ], [ -115.2994986, 36.183088799799997 ], [ -115.2994986, 36.1830914998 ], [ -115.2995013, 36.1830914998 ], [ -115.2995013, 36.183094199799996 ], [ -115.299504, 36.183094199799996 ], [ -115.299504, 36.183096899799999 ], [ -115.2995067, 36.183096899799999 ], [ -115.2995067, 36.183099599799995 ], [ -115.2995094, 36.183099599799995 ], [ -115.2995094, 36.183102299799998 ], [ -115.2995121, 36.183102299799998 ], [ -115.2995121, 36.183107699799997 ], [ -115.2995148, 36.183107699799997 ], [ -115.2995148, 36.183123899799995 ], [ -115.2995121, 36.183123899799995 ], [ -115.2995121, 36.183129299799994 ], [ -115.2995094, 36.183129299799994 ], [ -115.2995094, 36.183131999799997 ], [ -115.2995067, 36.183131999799997 ], [ -115.2995067, 36.1831346998 ], [ -115.299504, 36.1831346998 ], [ -115.299504, 36.183137399799996 ], [ -115.2995013, 36.183137399799996 ], [ -115.2995013, 36.183140099799999 ], [ -115.2994959, 36.183140099799999 ], [ -115.2994959, 36.183142799799995 ], [ -115.2994932, 36.183142799799995 ], [ -115.2994932, 36.183145499799998 ], [ -115.2994905, 36.183145499799998 ], [ -115.2994905, 36.183148199799994 ], [ -115.2994851, 36.183148199799994 ], [ -115.2994851, 36.183150899799998 ], [ -115.2994797, 36.183150899799998 ], [ -115.2994797, 36.183153599800001 ], [ -115.299477, 36.183153599800001 ], [ -115.299477, 36.183156299799997 ], [ -115.2994689, 36.183156299799997 ], [ -115.2994689, 36.1831589998 ] ] ] } },
{ "type": "Feature", "properties": { "value": 255.0 }, "geometry": { "type": "Polygon", "coordinates": [ [ [ -115.2998928, 36.1831103998 ], [ -115.2998847, 36.1831103998 ], [ -115.2998847, 36.183107699799997 ], [ -115.2998793, 36.183107699799997 ], [ -115.2998793, 36.183104999799994 ], [ -115.2998739, 36.183104999799994 ], [ -115.2998739, 36.183102299799998 ], [ -115.2998442, 36.183102299799998 ], [ -115.2998442, 36.183099599799995 ], [ -115.2998388, 36.183099599799995 ], [ -115.2998388, 36.183096899799999 ], [ -115.2998334, 36.183096899799999 ], [ -115.2998334, 36.183094199799996 ], [ -115.2998307, 36.183094199799996 ], [ -115.2998307, 36.1830914998 ], [ -115.299828, 36.1830914998 ], [ -115.299828, 36.183088799799997 ], [ -115.2998253, 36.183088799799997 ], [ -115.2998253, 36.183086099800001 ], [ -115.2998199, 36.183086099800001 ], [ -115.2998199, 36.183083399799997 ], [ -115.2998172, 36.183083399799997 ], [ -115.2998172, 36.183080699799994 ], [ -115.2998145, 36.183080699799994 ], [ -115.2998145, 36.183077999799998 ], [ -115.2998118, 36.183077999799998 ], [ -115.2998118, 36.183075299799995 ], [ -115.2998064, 36.183075299799995 ], [ -115.2998064, 36.183072599799999 ], [ -115.2998037, 36.183072599799999 ], [ -115.2998037, 36.183069899799996 ], [ -115.2997983, 36.183069899799996 ], [ -115.2997983, 36.1830671998 ], [ -115.2997929, 36.1830671998 ], [ -115.2997929, 36.183064499799997 ], [ -115.2997902, 36.183064499799997 ], [ -115.2997902, 36.183061799799994 ], [ -115.2997848, 36.183061799799994 ], [ -115.2997848, 36.183059099799998 ], [ -115.2997821, 36.183059099799998 ], [ -115.2997821, 36.183056399799995 ], [ -115.2997767, 36.183056399799995 ], [ -115.2997767, 36.183053699799999 ], [ -115.2997713, 36.183053699799999 ], [ -115.2997713, 36.183050999799995 ], [ -115.2997659, 36.183050999799995 ], [ -115.2997659, 36.183048299799999 ], [ -115.2997605, 36.183048299799999 ], [ -115.2997605, 36.183045599799996 ], [ -115.2997578, 36.183045599799996 ], [ -115.2997578, 36.1830428998 ], [ -115.2997551, 36.1830428998 ], [ -115.2997551, 36.183040199799997 ], [ -115.2997524, 36.183040199799997 ], [ -115.2997524, 36.183037499799994 ], [ -115.2997497, 36.183037499799994 ], [ -115.2997497, 36.183034799799998 ], [ -115.299747, 36.183034799799998 ], [ -115.299747, 36.183032099799995 ], [ -115.2997443, 36.183032099799995 ], [ -115.2997443, 36.183029399799999 ], [ -115.2997416, 36.183029399799999 ], [ -115.2997416, 36.1830185998 ], [ -115.2997443, 36.1830185998 ], [ -115.2997443, 36.183015899799997 ], [ -115.299747, 36.183015899799997 ], [ -115.299747, 36.183013199799994 ], [ -115.2997497, 36.183013199799994 ], [ -115.2997497, 36.183010499799998 ], [ -115.2997551, 36.183010499799998 ], [ -115.2997551, 36.183007799799995 ], [ -115.2997605, 36.183007799799995 ], [ -115.2997605, 36.183005099799999 ], [ -115.2997659, 36.183005099799999 ], [ -115.2997659, 36.183002399799996 ], [ -115.2997713, 36.183002399799996 ], [ -115.2997713, 36.1829996998 ], [ -115.299774, 36.1829996998 ], [ -115.299774, 36.182996999799997 ], [ -115.2997767, 36.182996999799997 ], [ -115.2997767, 36.182994299799994 ], [ -115.2997794, 36.182994299799994 ], [ -115.2997794, 36.182991599799998 ], [ -115.2997821, 36.182991599799998 ], [ -115.2997821, 36.182988899799994 ], [ -115.2997848, 36.182988899799994 ], [ -115.2997848, 36.182983499799995 ], [ -115.2997875, 36.182983499799995 ], [ -115.2997875, 36.182980799799999 ], [ -115.2997929, 36.182980799799999 ], [ -115.2997929, 36.182978099799996 ], [ -115.2998118, 36.182978099799996 ], [ -115.2998118, 36.182980799799999 ], [ -115.2998172, 36.182980799799999 ], [ -115.2998172, 36.182983499799995 ], [ -115.2998226, 36.182983499799995 ], [ -115.2998226, 36.182986199799998 ], [ -115.2998253, 36.182986199799998 ], [ -115.2998253, 36.182988899799994 ], [ -115.299828, 36.182988899799994 ], [ -115.299828, 36.182991599799998 ], [ -115.2998307, 36.182991599799998 ], [ -115.2998307, 36.182994299799994 ], [ -115.2998334, 36.182994299799994 ], [ -115.2998334, 36.182996999799997 ], [ -115.2998361, 36.182996999799997 ], [ -115.2998361, 36.1829996998 ], [ -115.2998415, 36.1829996998 ], [ -115.2998415, 36.183002399799996 ], [ -115.2998442, 36.183002399799996 ], [ -115.2998442, 36.183005099799999 ], [ -115.2998496, 36.183005099799999 ], [ -115.2998496, 36.183007799799995 ], [ -115.2998523, 36.183007799799995 ], [ -115.2998523, 36.183010499799998 ], [ -115.299855, 36.183010499799998 ], [ -115.299855, 36.183013199799994 ], [ -115.2998604, 36.183013199799994 ], [ -115.2998604, 36.183015899799997 ], [ -115.2998631, 36.183015899799997 ], [ -115.2998631, 36.1830185998 ], [ -115.2998658, 36.1830185998 ], [ -115.2998658, 36.183021299799996 ], [ -115.2998685, 36.183021299799996 ], [ -115.2998685, 36.1830239998 ], [ -115.2998739, 36.1830239998 ], [ -115.2998739, 36.183026699799996 ], [ -115.2998766, 36.183026699799996 ], [ -115.2998766, 36.183029399799999 ], [ -115.2998793, 36.183029399799999 ], [ -115.2998793, 36.183032099799995 ], [ -115.299882, 36.183032099799995 ], [ -115.299882, 36.183034799799998 ], [ -115.2998874, 36.183034799799998 ], [ -115.2998874, 36.183037499799994 ], [ -115.2998901, 36.183037499799994 ], [ -115.2998901, 36.183040199799997 ], [ -115.2998928, 36.183040199799997 ], [ -115.2998928, 36.1830428998 ], [ -115.2998982, 36.1830428998 ], [ -115.2998982, 36.183045599799996 ], [ -115.2999036, 36.183045599799996 ], [ -115.2999036, 36.183048299799999 ], [ -115.299909, 36.183048299799999 ], [ -115.299909, 36.183050999799995 ], [ -115.2999171, 36.183050999799995 ], [ -115.2999171, 36.183053699799999 ], [ -115.2999225, 36.183053699799999 ], [ -115.2999225, 36.183056399799995 ], [ -115.2999279, 36.183056399799995 ], [ -115.2999279, 36.183059099799998 ], [ -115.2999306, 36.183059099799998 ], [ -115.2999306, 36.183061799799994 ], [ -115.2999333, 36.183061799799994 ], [ -115.2999333, 36.183064499799997 ], [ -115.299936, 36.183064499799997 ], [ -115.299936, 36.183075299799995 ], [ -115.2999306, 36.183075299799995 ], [ -115.2999306, 36.183077999799998 ], [ -115.2999279, 36.183077999799998 ], [ -115.2999279, 36.183083399799997 ], [ -115.2999252, 36.183083399799997 ], [ -115.2999252, 36.183086099800001 ], [ -115.2999225, 36.183086099800001 ], [ -115.2999225, 36.183088799799997 ], [ -115.2999171, 36.183088799799997 ], [ -115.2999171, 36.1830914998 ], [ -115.2999144, 36.1830914998 ], [ -115.2999144, 36.183094199799996 ], [ -115.2999117, 36.183094199799996 ], [ -115.2999117, 36.183096899799999 ], [ -115.299909, 36.183096899799999 ], [ -115.299909, 36.183099599799995 ], [ -115.2999063, 36.183099599799995 ], [ -115.2999063, 36.183102299799998 ], [ -115.2999009, 36.183102299799998 ], [ -115.2999009, 36.183104999799994 ], [ -115.2998982, 36.183104999799994 ], [ -115.2998982, 36.183107699799997 ], [ -115.2998928, 36.183107699799997 ], [ -115.2998928, 36.1831103998 ] ] ] } },
{ "type": "Feature", "properties": { "value": 255.0 }, "geometry": { "type": "Polygon", "coordinates": [ [ [ -115.3004328, 36.183129299799994 ], [ -115.300422, 36.183129299799994 ], [ -115.300422, 36.183126599799998 ], [ -115.3004166, 36.183126599799998 ], [ -115.3004166, 36.183123899799995 ], [ -115.3004139, 36.183123899799995 ], [ -115.3004139, 36.183121199799999 ], [ -115.3004085, 36.183121199799999 ], [ -115.3004085, 36.183118499799996 ], [ -115.3004058, 36.183118499799996 ], [ -115.3004058, 36.183115799799999 ], [ -115.3004031, 36.183115799799999 ], [ -115.3004031, 36.183113099799996 ], [ -115.3003977, 36.183113099799996 ], [ -115.3003977, 36.1831103998 ], [ -115.300395, 36.1831103998 ], [ -115.300395, 36.183107699799997 ], [ -115.3003896, 36.183107699799997 ], [ -115.3003896, 36.183104999799994 ], [ -115.3003869, 36.183104999799994 ], [ -115.3003869, 36.183102299799998 ], [ -115.3003815, 36.183102299799998 ], [ -115.3003815, 36.183099599799995 ], [ -115.3003788, 36.183099599799995 ], [ -115.3003788, 36.183096899799999 ], [ -115.3003761, 36.183096899799999 ], [ -115.3003761, 36.183094199799996 ], [ -115.3003734, 36.183094199799996 ], [ -115.3003734, 36.1830914998 ], [ -115.300368, 36.1830914998 ], [ -115.300368, 36.183088799799997 ], [ -115.3003653, 36.183088799799997 ], [ -115.3003653, 36.183086099800001 ], [ -115.3003626, 36.183086099800001 ], [ -115.3003626, 36.183083399799997 ], [ -115.3003572, 36.183083399799997 ], [ -115.3003572, 36.183080699799994 ], [ -115.3003545, 36.183080699799994 ], [ -115.3003545, 36.183077999799998 ], [ -115.3003518, 36.183077999799998 ], [ -115.3003518, 36.183075299799995 ], [ -115.3003464, 36.183075299799995 ], [ -115.3003464, 36.183072599799999 ], [ -115.300341, 36.183072599799999 ], [ -115.300341, 36.183069899799996 ], [ -115.3003383, 36.183069899799996 ], [ -115.3003383, 36.1830671998 ], [ -115.3003329, 36.1830671998 ], [ -115.3003329, 36.183064499799997 ], [ -115.3003302, 36.183064499799997 ], [ -115.3003302, 36.183061799799994 ], [ -115.3003248, 36.183061799799994 ], [ -115.3003248, 36.183059099799998 ], [ -115.3003221, 36.183059099799998 ], [ -115.3003221, 36.183056399799995 ], [ -115.3003194, 36.183056399799995 ], [ -115.3003194, 36.183053699799999 ], [ -115.3003167, 36.183053699799999 ], [ -115.3003167, 36.183050999799995 ], [ -115.300314, 36.183050999799995 ], [ -115.300314, 36.183048299799999 ], [ -115.3003113, 36.183048299799999 ], [ -115.3003113, 36.183045599799996 ], [ -115.3003086, 36.183045599799996 ], [ -115.3003086, 36.1830428998 ], [ -115.3003032, 36.1830428998 ], [ -115.3003032, 36.183040199799997 ], [ -115.3003005, 36.183040199799997 ], [ -115.3003005, 36.183037499799994 ], [ -115.3002951, 36.183037499799994 ], [ -115.3002951, 36.183034799799998 ], [ -115.3002924, 36.183034799799998 ], [ -115.3002924, 36.183032099799995 ], [ -115.3002897, 36.183032099799995 ], [ -115.3002897, 36.183029399799999 ], [ -115.300287, 36.183029399799999 ], [ -115.300287, 36.1830239998 ], [ -115.3002843, 36.1830239998 ], [ -115.3002843, 36.183015899799997 ], [ -115.300287, 36.183015899799997 ], [ -115.300287, 36.183013199799994 ], [ -115.3002897, 36.183013199799994 ], [ -115.3002897, 36.183010499799998 ], [ -115.3002924, 36.183010499799998 ], [ -115.3002924, 36.183007799799995 ], [ -115.3002978, 36.183007799799995 ], [ -115.3002978, 36.183005099799999 ], [ -115.3003059, 36.183005099799999 ], [ -115.3003059, 36.183002399799996 ], [ -115.3003086, 36.183002399799996 ], [ -115.3003086, 36.1829996998 ], [ -115.300314, 36.1829996998 ], [ -115.300314, 36.182996999799997 ], [ -115.3003167, 36.182996999799997 ], [ -115.3003167, 36.182991599799998 ], [ -115.3003194, 36.182991599799998 ], [ -115.3003194, 36.182988899799994 ], [ -115.3003221, 36.182988899799994 ], [ -115.3003221, 36.182983499799995 ], [ -115.3003248, 36.182983499799995 ], [ -115.3003248, 36.182980799799999 ], [ -115.300341, 36.182980799799999 ], [ -115.300341, 36.182983499799995 ], [ -115.3003491, 36.182983499799995 ], [ -115.3003491, 36.182986199799998 ], [ -115.3003545, 36.182986199799998 ], [ -115.3003545, 36.182988899799994 ], [ -115.3003572, 36.182988899799994 ], [ -115.3003572, 36.182991599799998 ], [ -115.3003626, 36.182991599799998 ], [ -115.3003626, 36.182994299799994 ], [ -115.3003707, 36.182994299799994 ], [ -115.3003707, 36.182996999799997 ], [ -115.3003869, 36.182996999799997 ], [ -115.3003869, 36.1829996998 ], [ -115.3003923, 36.1829996998 ], [ -115.3003923, 36.183002399799996 ], [ -115.3003977, 36.183002399799996 ], [ -115.3003977, 36.183005099799999 ], [ -115.3004031, 36.183005099799999 ], [ -115.3004031, 36.183007799799995 ], [ -115.3004085, 36.183007799799995 ], [ -115.3004085, 36.183010499799998 ], [ -115.3004112, 36.183010499799998 ], [ -115.3004112, 36.183013199799994 ], [ -115.300422, 36.183013199799994 ], [ -115.300422, 36.183010499799998 ], [ -115.3004274, 36.183010499799998 ], [ -115.3004274, 36.183007799799995 ], [ -115.3004436, 36.183007799799995 ], [ -115.3004436, 36.183010499799998 ], [ -115.300449, 36.183010499799998 ], [ -115.300449, 36.183015899799997 ], [ -115.3004517, 36.183015899799997 ], [ -115.3004517, 36.1830185998 ], [ -115.3004544, 36.1830185998 ], [ -115.3004544, 36.1830239998 ], [ -115.3004571, 36.1830239998 ], [ -115.3004571, 36.183026699799996 ], [ -115.3004598, 36.183026699799996 ], [ -115.3004598, 36.183029399799999 ], [ -115.3004625, 36.183029399799999 ], [ -115.3004625, 36.183032099799995 ], [ -115.3004652, 36.183032099799995 ], [ -115.3004652, 36.183034799799998 ], [ -115.3004706, 36.183034799799998 ], [ -115.3004706, 36.183037499799994 ], [ -115.3004733, 36.183037499799994 ], [ -115.3004733, 36.183040199799997 ], [ -115.300476, 36.183040199799997 ], [ -115.300476, 36.1830428998 ], [ -115.3004787, 36.1830428998 ], [ -115.3004787, 36.183045599799996 ], [ -115.3004814, 36.183045599799996 ], [ -115.3004814, 36.183048299799999 ], [ -115.3004841, 36.183048299799999 ], [ -115.3004841, 36.183056399799995 ], [ -115.3004814, 36.183056399799995 ], [ -115.3004814, 36.183061799799994 ], [ -115.3004841, 36.183061799799994 ], [ -115.3004841, 36.183069899799996 ], [ -115.3004868, 36.183069899799996 ], [ -115.3004868, 36.183086099800001 ], [ -115.3004841, 36.183086099800001 ], [ -115.3004841, 36.183088799799997 ], [ -115.3004814, 36.183088799799997 ], [ -115.3004814, 36.1830914998 ], [ -115.3004787, 36.1830914998 ], [ -115.3004787, 36.183096899799999 ], [ -115.300476, 36.183096899799999 ], [ -115.300476, 36.183099599799995 ], [ -115.3004733, 36.183099599799995 ], [ -115.3004733, 36.183102299799998 ], [ -115.3004706, 36.183102299799998 ], [ -115.3004706, 36.183104999799994 ], [ -115.3004652, 36.183104999799994 ], [ -115.3004652, 36.183107699799997 ], [ -115.3004625, 36.183107699799997 ], [ -115.3004625, 36.1831103998 ], [ -115.3004571, 36.1831103998 ], [ -115.3004571, 36.183113099799996 ], [ -115.3004544, 36.183113099799996 ], [ -115.3004544, 36.183115799799999 ], [ -115.3004517, 36.183115799799999 ], [ -115.3004517, 36.183118499799996 ], [ -115.3004463, 36.183118499799996 ], [ -115.3004463, 36.183121199799999 ], [ -115.3004436, 36.183121199799999 ], [ -115.3004436, 36.183123899799995 ], [ -115.3004382, 36.183123899799995 ], [ -115.3004382, 36.183126599799998 ], [ -115.3004328, 36.183126599799998 ], [ -115.3004328, 36.183129299799994 ] ] ] } },
{ "type": "Feature", "properties": { "value": 255.0 }, "geometry": { "type": "Polygon", "coordinates": [ [ [ -115.2989154, 36.183121199799999 ], [ -115.2989073, 36.183121199799999 ], [ -115.2989073, 36.183118499799996 ], [ -115.2989019, 36.183118499799996 ], [ -115.2989019, 36.183115799799999 ], [ -115.2988992, 36.183115799799999 ], [ -115.2988992, 36.183113099799996 ], [ -115.2988965, 36.183113099799996 ], [ -115.2988965, 36.183107699799997 ], [ -115.2988938, 36.183107699799997 ], [ -115.2988938, 36.183099599799995 ], [ -115.2988911, 36.183099599799995 ], [ -115.2988911, 36.183096899799999 ], [ -115.2988884, 36.183096899799999 ], [ -115.2988884, 36.183094199799996 ], [ -115.298883, 36.183094199799996 ], [ -115.298883, 36.1830914998 ], [ -115.2988803, 36.1830914998 ], [ -115.2988803, 36.183088799799997 ], [ -115.2988776, 36.183088799799997 ], [ -115.2988776, 36.183083399799997 ], [ -115.2988749, 36.183083399799997 ], [ -115.2988749, 36.183075299799995 ], [ -115.2988695, 36.183075299799995 ], [ -115.2988695, 36.183072599799999 ], [ -115.2988668, 36.183072599799999 ], [ -115.2988668, 36.183064499799997 ], [ -115.2988641, 36.183064499799997 ], [ -115.2988641, 36.183061799799994 ], [ -115.2988668, 36.183061799799994 ], [ -115.2988668, 36.183059099799998 ], [ -115.2988695, 36.183059099799998 ], [ -115.2988695, 36.183056399799995 ], [ -115.2988749, 36.183056399799995 ], [ -115.2988749, 36.183053699799999 ], [ -115.2988857, 36.183053699799999 ], [ -115.2988857, 36.183050999799995 ], [ -115.2988965, 36.183050999799995 ], [ -115.2988965, 36.183048299799999 ], [ -115.2989019, 36.183048299799999 ], [ -115.2989019, 36.183045599799996 ], [ -115.29891, 36.183045599799996 ], [ -115.29891, 36.1830428998 ], [ -115.2989154, 36.1830428998 ], [ -115.2989154, 36.183040199799997 ], [ -115.2989208, 36.183040199799997 ], [ -115.2989208, 36.183037499799994 ], [ -115.2989235, 36.183037499799994 ], [ -115.2989235, 36.183034799799998 ], [ -115.2989289, 36.183034799799998 ], [ -115.2989289, 36.183032099799995 ], [ -115.2989343, 36.183032099799995 ], [ -115.2989343, 36.183029399799999 ], [ -115.2989397, 36.183029399799999 ], [ -115.2989397, 36.183026699799996 ], [ -115.2989424, 36.183026699799996 ], [ -115.2989424, 36.1830239998 ], [ -115.2989478, 36.1830239998 ], [ -115.2989478, 36.183021299799996 ], [ -115.2989532, 36.183021299799996 ], [ -115.2989532, 36.1830185998 ], [ -115.2989586, 36.1830185998 ], [ -115.2989586, 36.183015899799997 ], [ -115.2989613, 36.183015899799997 ], [ -115.2989613, 36.183013199799994 ], [ -115.298964, 36.183013199799994 ], [ -115.298964, 36.183010499799998 ], [ -115.2989667, 36.183010499799998 ], [ -115.2989667, 36.183007799799995 ], [ -115.2989721, 36.183007799799995 ], [ -115.2989721, 36.183005099799999 ], [ -115.2989748, 36.183005099799999 ], [ -115.2989748, 36.183002399799996 ], [ -115.2989802, 36.183002399799996 ], [ -115.2989802, 36.1829996998 ], [ -115.2989856, 36.1829996998 ], [ -115.2989856, 36.182996999799997 ], [ -115.2989964, 36.182996999799997 ], [ -115.2989964, 36.182994299799994 ], [ -115.2990072, 36.182994299799994 ], [ -115.2990072, 36.182996999799997 ], [ -115.2990153, 36.182996999799997 ], [ -115.2990153, 36.1829996998 ], [ -115.299018, 36.1829996998 ], [ -115.299018, 36.183002399799996 ], [ -115.2990234, 36.183002399799996 ], [ -115.2990234, 36.183005099799999 ], [ -115.2990288, 36.183005099799999 ], [ -115.2990288, 36.183007799799995 ], [ -115.2990369, 36.183007799799995 ], [ -115.2990369, 36.183010499799998 ], [ -115.2990423, 36.183010499799998 ], [ -115.2990423, 36.183013199799994 ], [ -115.299045, 36.183013199799994 ], [ -115.299045, 36.183015899799997 ], [ -115.2990477, 36.183015899799997 ], [ -115.2990477, 36.183032099799995 ], [ -115.2990504, 36.183032099799995 ], [ -115.2990504, 36.183037499799994 ], [ -115.2990531, 36.183037499799994 ], [ -115.2990531, 36.1830428998 ], [ -115.2990558, 36.1830428998 ], [ -115.2990558, 36.183050999799995 ], [ -115.2990531, 36.183050999799995 ], [ -115.2990531, 36.183053699799999 ], [ -115.2990504, 36.183053699799999 ], [ -115.2990504, 36.183056399799995 ], [ -115.299045, 36.183056399799995 ], [ -115.299045, 36.183059099799998 ], [ -115.2990396, 36.183059099799998 ], [ -115.2990396, 36.183061799799994 ], [ -115.2990342, 36.183061799799994 ], [ -115.2990342, 36.183064499799997 ], [ -115.2990261, 36.183064499799997 ], [ -115.2990261, 36.1830671998 ], [ -115.2990207, 36.1830671998 ], [ -115.2990207, 36.183069899799996 ], [ -115.2990153, 36.183069899799996 ], [ -115.2990153, 36.183072599799999 ], [ -115.2990126, 36.183072599799999 ], [ -115.2990126, 36.183075299799995 ], [ -115.2990045, 36.183075299799995 ], [ -115.2990045, 36.183077999799998 ], [ -115.2990018, 36.183077999799998 ], [ -115.2990018, 36.183080699799994 ], [ -115.2989964, 36.183080699799994 ], [ -115.2989964, 36.183083399799997 ], [ -115.298991, 36.183083399799997 ], [ -115.298991, 36.183086099800001 ], [ -115.2989856, 36.183086099800001 ], [ -115.2989856, 36.183088799799997 ], [ -115.2989829, 36.183088799799997 ], [ -115.2989829, 36.1830914998 ], [ -115.2989802, 36.1830914998 ], [ -115.2989802, 36.183094199799996 ], [ -115.2989775, 36.183094199799996 ], [ -115.2989775, 36.183096899799999 ], [ -115.2989721, 36.183096899799999 ], [ -115.2989721, 36.183099599799995 ], [ -115.2989667, 36.183099599799995 ], [ -115.2989667, 36.183102299799998 ], [ -115.2989586, 36.183102299799998 ], [ -115.2989586, 36.183104999799994 ], [ -115.2989478, 36.183104999799994 ], [ -115.2989478, 36.183107699799997 ], [ -115.2989424, 36.183107699799997 ], [ -115.2989424, 36.1831103998 ], [ -115.298937, 36.1831103998 ], [ -115.298937, 36.183113099799996 ], [ -115.2989343, 36.183113099799996 ], [ -115.2989343, 36.183115799799999 ], [ -115.2989289, 36.183115799799999 ], [ -115.2989289, 36.183118499799996 ], [ -115.2989154, 36.183118499799996 ], [ -115.2989154, 36.183121199799999 ] ] ] } },
{ "type": "Feature", "properties": { "value": 255.0 }, "geometry": { "type": "Polygon", "coordinates": [ [ [ -115.2995499, 36.183094199799996 ], [ -115.2995391, 36.183094199799996 ], [ -115.2995391, 36.1830914998 ], [ -115.2995364, 36.1830914998 ], [ -115.2995364, 36.183088799799997 ], [ -115.2995337, 36.183088799799997 ], [ -115.2995337, 36.183086099800001 ], [ -115.299531, 36.183086099800001 ], [ -115.299531, 36.183083399799997 ], [ -115.2995283, 36.183083399799997 ], [ -115.2995283, 36.183080699799994 ], [ -115.2995256, 36.183080699799994 ], [ -115.2995256, 36.183077999799998 ], [ -115.2995229, 36.183077999799998 ], [ -115.2995229, 36.183075299799995 ], [ -115.2995175, 36.183075299799995 ], [ -115.2995175, 36.183072599799999 ], [ -115.2995148, 36.183072599799999 ], [ -115.2995148, 36.183069899799996 ], [ -115.2995094, 36.183069899799996 ], [ -115.2995094, 36.1830671998 ], [ -115.2995067, 36.1830671998 ], [ -115.2995067, 36.183064499799997 ], [ -115.2995013, 36.183064499799997 ], [ -115.2995013, 36.183061799799994 ], [ -115.2994986, 36.183061799799994 ], [ -115.2994986, 36.183059099799998 ], [ -115.2994959, 36.183059099799998 ], [ -115.2994959, 36.183056399799995 ], [ -115.2994905, 36.183056399799995 ], [ -115.2994905, 36.183053699799999 ], [ -115.2994878, 36.183053699799999 ], [ -115.2994878, 36.183050999799995 ], [ -115.2994824, 36.183050999799995 ], [ -115.2994824, 36.183048299799999 ], [ -115.2994797, 36.183048299799999 ], [ -115.2994797, 36.183045599799996 ], [ -115.299477, 36.183045599799996 ], [ -115.299477, 36.1830428998 ], [ -115.2994743, 36.1830428998 ], [ -115.2994743, 36.183040199799997 ], [ -115.2994689, 36.183040199799997 ], [ -115.2994689, 36.183037499799994 ], [ -115.2994662, 36.183037499799994 ], [ -115.2994662, 36.183034799799998 ], [ -115.2994608, 36.183034799799998 ], [ -115.2994608, 36.183032099799995 ], [ -115.2994554, 36.183032099799995 ], [ -115.2994554, 36.183029399799999 ], [ -115.29945, 36.183029399799999 ], [ -115.29945, 36.183026699799996 ], [ -115.2994473, 36.183026699799996 ], [ -115.2994473, 36.1830239998 ], [ -115.2994446, 36.1830239998 ], [ -115.2994446, 36.183021299799996 ], [ -115.2994419, 36.183021299799996 ], [ -115.2994419, 36.1830185998 ], [ -115.2994392, 36.1830185998 ], [ -115.2994392, 36.183015899799997 ], [ -115.2994365, 36.183015899799997 ], [ -115.2994365, 36.183010499799998 ], [ -115.2994338, 36.183010499799998 ], [ -115.2994338, 36.183005099799999 ], [ -115.2994365, 36.183005099799999 ], [ -115.2994365, 36.183002399799996 ], [ -115.2994338, 36.183002399799996 ], [ -115.2994338, 36.1829996998 ], [ -115.2994311, 36.1829996998 ], [ -115.2994311, 36.182996999799997 ], [ -115.2994284, 36.182996999799997 ], [ -115.2994284, 36.182994299799994 ], [ -115.2994257, 36.182994299799994 ], [ -115.2994257, 36.182991599799998 ], [ -115.299423, 36.182991599799998 ], [ -115.299423, 36.182986199799998 ], [ -115.2994203, 36.182986199799998 ], [ -115.2994203, 36.182967299799998 ], [ -115.299423, 36.182967299799998 ], [ -115.299423, 36.182964599799995 ], [ -115.2994257, 36.182964599799995 ], [ -115.2994257, 36.182961899799999 ], [ -115.2994284, 36.182961899799999 ], [ -115.2994284, 36.182959199799996 ], [ -115.2994311, 36.182959199799996 ], [ -115.2994311, 36.1829564998 ], [ -115.2994338, 36.1829564998 ], [ -115.2994338, 36.182953799799996 ], [ -115.2994365, 36.182953799799996 ], [ -115.2994365, 36.1829510998 ], [ -115.2994392, 36.1829510998 ], [ -115.2994392, 36.182948399799997 ], [ -115.2994419, 36.182948399799997 ], [ -115.2994419, 36.182945699799994 ], [ -115.2994446, 36.182945699799994 ], [ -115.2994446, 36.182942999799998 ], [ -115.29945, 36.182942999799998 ], [ -115.29945, 36.182940299799995 ], [ -115.2994554, 36.182940299799995 ], [ -115.2994554, 36.182937599799999 ], [ -115.2994635, 36.182937599799999 ], [ -115.2994635, 36.182940299799995 ], [ -115.2994716, 36.182940299799995 ], [ -115.2994716, 36.182942999799998 ], [ -115.299477, 36.182942999799998 ], [ -115.299477, 36.182945699799994 ], [ -115.2994797, 36.182945699799994 ], [ -115.2994797, 36.182948399799997 ], [ -115.2994824, 36.182948399799997 ], [ -115.2994824, 36.1829510998 ], [ -115.2994851, 36.1829510998 ], [ -115.2994851, 36.182953799799996 ], [ -115.2994878, 36.182953799799996 ], [ -115.2994878, 36.182959199799996 ], [ -115.2994905, 36.182959199799996 ], [ -115.2994905, 36.182961899799999 ], [ -115.2994986, 36.182961899799999 ], [ -115.2994986, 36.182964599799995 ], [ -115.2995067, 36.182964599799995 ], [ -115.2995067, 36.182967299799998 ], [ -115.2995121, 36.182967299799998 ], [ -115.2995121, 36.182969999799994 ], [ -115.2995148, 36.182969999799994 ], [ -115.2995148, 36.182972699799997 ], [ -115.2995202, 36.182972699799997 ], [ -115.2995202, 36.1829753998 ], [ -115.2995229, 36.1829753998 ], [ -115.2995229, 36.182978099799996 ], [ -115.2995256, 36.182978099799996 ], [ -115.2995256, 36.182980799799999 ], [ -115.299531, 36.182980799799999 ], [ -115.299531, 36.182983499799995 ], [ -115.2995337, 36.182983499799995 ], [ -115.2995337, 36.182986199799998 ], [ -115.2995364, 36.182986199799998 ], [ -115.2995364, 36.182988899799994 ], [ -115.2995391, 36.182988899799994 ], [ -115.2995391, 36.182991599799998 ], [ -115.2995418, 36.182991599799998 ], [ -115.2995418, 36.182994299799994 ], [ -115.2995445, 36.182994299799994 ], [ -115.2995445, 36.182996999799997 ], [ -115.2995499, 36.182996999799997 ], [ -115.2995499, 36.1829996998 ], [ -115.2995526, 36.1829996998 ], [ -115.2995526, 36.183002399799996 ], [ -115.299558, 36.183002399799996 ], [ -115.299558, 36.183005099799999 ], [ -115.2995607, 36.183005099799999 ], [ -115.2995607, 36.183007799799995 ], [ -115.2995634, 36.183007799799995 ], [ -115.2995634, 36.183010499799998 ], [ -115.2995661, 36.183010499799998 ], [ -115.2995661, 36.183013199799994 ], [ -115.2995715, 36.183013199799994 ], [ -115.2995715, 36.183015899799997 ], [ -115.2995742, 36.183015899799997 ], [ -115.2995742, 36.1830185998 ], [ -115.2995769, 36.1830185998 ], [ -115.2995769, 36.183021299799996 ], [ -115.2995796, 36.183021299799996 ], [ -115.2995796, 36.1830239998 ], [ -115.299585, 36.1830239998 ], [ -115.299585, 36.183026699799996 ], [ -115.2995904, 36.183026699799996 ], [ -115.2995904, 36.183029399799999 ], [ -115.2995958, 36.183029399799999 ], [ -115.2995958, 36.183032099799995 ], [ -115.2996012, 36.183032099799995 ], [ -115.2996012, 36.183034799799998 ], [ -115.2996066, 36.183034799799998 ], [ -115.2996066, 36.183040199799997 ], [ -115.2996093, 36.183040199799997 ], [ -115.2996093, 36.1830428998 ], [ -115.2996066, 36.1830428998 ], [ -115.2996066, 36.183048299799999 ], [ -115.2996039, 36.183048299799999 ], [ -115.2996039, 36.183053699799999 ], [ -115.2995985, 36.183053699799999 ], [ -115.2995985, 36.183056399799995 ], [ -115.2995958, 36.183056399799995 ], [ -115.2995958, 36.183059099799998 ], [ -115.2995931, 36.183059099799998 ], [ -115.2995931, 36.183064499799997 ], [ -115.2995904, 36.183064499799997 ], [ -115.2995904, 36.1830671998 ], [ -115.2995877, 36.1830671998 ], [ -115.2995877, 36.183069899799996 ], [ -115.299585, 36.183069899799996 ], [ -115.299585, 36.183072599799999 ], [ -115.2995823, 36.183072599799999 ], [ -115.2995823, 36.183075299799995 ], [ -115.2995769, 36.183075299799995 ], [ -115.2995769, 36.183077999799998 ], [ -115.2995742, 36.183077999799998 ], [ -115.2995742, 36.183080699799994 ], [ -115.2995688, 36.183080699799994 ], [ -115.2995688, 36.183083399799997 ], [ -115.2995661, 36.183083399799997 ], [ -115.2995661, 36.183086099800001 ], [ -115.2995607, 36.183086099800001 ], [ -115.2995607, 36.183088799799997 ], [ -115.2995553, 36.183088799799997 ], [ -115.2995553, 36.1830914998 ], [ -115.2995499, 36.1830914998 ], [ -115.2995499, 36.183094199799996 ] ] ] } },
{ "type": "Feature", "properties": { "value": 255.0 }, "geometry": { "type": "Polygon", "coordinates": [ [ [ -115.2999954, 36.183061799799994 ], [ -115.2999927, 36.183061799799994 ], [ -115.2999927, 36.183059099799998 ], [ -115.2999846, 36.183059099799998 ], [ -115.2999846, 36.183056399799995 ], [ -115.2999819, 36.183056399799995 ], [ -115.2999819, 36.183048299799999 ], [ -115.2999792, 36.183048299799999 ], [ -115.2999792, 36.183040199799997 ], [ -115.2999765, 36.183040199799997 ], [ -115.2999765, 36.183037499799994 ], [ -115.2999657, 36.183037499799994 ], [ -115.2999657, 36.183040199799997 ], [ -115.2999603, 36.183040199799997 ], [ -115.2999603, 36.1830428998 ], [ -115.2999495, 36.1830428998 ], [ -115.2999495, 36.183045599799996 ], [ -115.2999468, 36.183045599799996 ], [ -115.2999468, 36.1830428998 ], [ -115.2999387, 36.1830428998 ], [ -115.2999387, 36.183040199799997 ], [ -115.2999333, 36.183040199799997 ], [ -115.2999333, 36.183037499799994 ], [ -115.2999306, 36.183037499799994 ], [ -115.2999306, 36.183034799799998 ], [ -115.2999252, 36.183034799799998 ], [ -115.2999252, 36.183032099799995 ], [ -115.2999225, 36.183032099799995 ], [ -115.2999225, 36.183029399799999 ], [ -115.2999171, 36.183029399799999 ], [ -115.2999171, 36.183026699799996 ], [ -115.2999144, 36.183026699799996 ], [ -115.2999144, 36.1830239998 ], [ -115.2999117, 36.1830239998 ], [ -115.2999117, 36.183021299799996 ], [ -115.2999063, 36.183021299799996 ], [ -115.2999063, 36.1830185998 ], [ -115.2999036, 36.1830185998 ], [ -115.2999036, 36.183015899799997 ], [ -115.2998982, 36.183015899799997 ], [ -115.2998982, 36.183013199799994 ], [ -115.2998955, 36.183013199799994 ], [ -115.2998955, 36.183010499799998 ], [ -115.2998901, 36.183010499799998 ], [ -115.2998901, 36.183007799799995 ], [ -115.2998847, 36.183007799799995 ], [ -115.2998847, 36.183005099799999 ], [ -115.299882, 36.183005099799999 ], [ -115.299882, 36.183002399799996 ], [ -115.2998793, 36.183002399799996 ], [ -115.2998793, 36.1829996998 ], [ -115.2998766, 36.1829996998 ], [ -115.2998766, 36.182996999799997 ], [ -115.2998739, 36.182996999799997 ], [ -115.2998739, 36.182994299799994 ], [ -115.2998712, 36.182994299799994 ], [ -115.2998712, 36.182991599799998 ], [ -115.2998685, 36.182991599799998 ], [ -115.2998685, 36.182988899799994 ], [ -115.2998658, 36.182988899799994 ], [ -115.2998658, 36.182986199799998 ], [ -115.2998604, 36.182986199799998 ], [ -115.2998604, 36.182983499799995 ], [ -115.2998577, 36.182983499799995 ], [ -115.2998577, 36.182980799799999 ], [ -115.2998523, 36.182980799799999 ], [ -115.2998523, 36.182978099799996 ], [ -115.2998496, 36.182978099799996 ], [ -115.2998496, 36.1829753998 ], [ -115.2998442, 36.1829753998 ], [ -115.2998442, 36.182972699799997 ], [ -115.2998415, 36.182972699799997 ], [ -115.2998415, 36.182969999799994 ], [ -115.2998388, 36.182969999799994 ], [ -115.2998388, 36.182964599799995 ], [ -115.2998361, 36.182964599799995 ], [ -115.2998361, 36.182959199799996 ], [ -115.2998334, 36.182959199799996 ], [ -115.2998334, 36.182953799799996 ], [ -115.2998307, 36.182953799799996 ], [ -115.2998307, 36.1829510998 ], [ -115.299828, 36.1829510998 ], [ -115.299828, 36.182948399799997 ], [ -115.2998253, 36.182948399799997 ], [ -115.2998253, 36.182940299799995 ], [ -115.299828, 36.182940299799995 ], [ -115.299828, 36.182937599799999 ], [ -115.2998307, 36.182937599799999 ], [ -115.2998307, 36.182934899799996 ], [ -115.2998334, 36.182934899799996 ], [ -115.2998334, 36.182929499799997 ], [ -115.2998361, 36.182929499799997 ], [ -115.2998361, 36.182926799799993 ], [ -115.2998415, 36.182926799799993 ], [ -115.2998415, 36.182924099799997 ], [ -115.2998469, 36.182924099799997 ], [ -115.2998469, 36.182921399799994 ], [ -115.299855, 36.182921399799994 ], [ -115.299855, 36.182918699799998 ], [ -115.2998631, 36.182918699799998 ], [ -115.2998631, 36.182915999799995 ], [ -115.2998685, 36.182915999799995 ], [ -115.2998685, 36.182913299799999 ], [ -115.299882, 36.182913299799999 ], [ -115.299882, 36.182910599799996 ], [ -115.2998955, 36.182910599799996 ], [ -115.2998955, 36.182913299799999 ], [ -115.2999009, 36.182913299799999 ], [ -115.2999009, 36.182915999799995 ], [ -115.2999063, 36.182915999799995 ], [ -115.2999063, 36.182918699799998 ], [ -115.2999117, 36.182918699799998 ], [ -115.2999117, 36.182921399799994 ], [ -115.2999144, 36.182921399799994 ], [ -115.2999144, 36.182924099799997 ], [ -115.2999171, 36.182924099799997 ], [ -115.2999171, 36.182926799799993 ], [ -115.2999198, 36.182926799799993 ], [ -115.2999198, 36.1829321998 ], [ -115.2999225, 36.1829321998 ], [ -115.2999225, 36.182937599799999 ], [ -115.2999252, 36.182937599799999 ], [ -115.2999252, 36.182940299799995 ], [ -115.2999333, 36.182940299799995 ], [ -115.2999333, 36.182942999799998 ], [ -115.2999414, 36.182942999799998 ], [ -115.2999414, 36.182945699799994 ], [ -115.2999468, 36.182945699799994 ], [ -115.2999468, 36.182948399799997 ], [ -115.2999495, 36.182948399799997 ], [ -115.2999495, 36.1829510998 ], [ -115.2999549, 36.1829510998 ], [ -115.2999549, 36.182953799799996 ], [ -115.2999576, 36.182953799799996 ], [ -115.2999576, 36.1829564998 ], [ -115.2999603, 36.1829564998 ], [ -115.2999603, 36.182959199799996 ], [ -115.299963, 36.182959199799996 ], [ -115.299963, 36.182961899799999 ], [ -115.2999657, 36.182961899799999 ], [ -115.2999657, 36.182964599799995 ], [ -115.2999711, 36.182964599799995 ], [ -115.2999711, 36.182967299799998 ], [ -115.2999738, 36.182967299799998 ], [ -115.2999738, 36.182969999799994 ], [ -115.2999765, 36.182969999799994 ], [ -115.2999765, 36.182972699799997 ], [ -115.2999792, 36.182972699799997 ], [ -115.2999792, 36.1829753998 ], [ -115.2999846, 36.1829753998 ], [ -115.2999846, 36.182978099799996 ], [ -115.29999, 36.182978099799996 ], [ -115.29999, 36.182980799799999 ], [ -115.2999954, 36.182980799799999 ], [ -115.2999954, 36.182983499799995 ], [ -115.3000008, 36.182983499799995 ], [ -115.3000008, 36.182986199799998 ], [ -115.3000035, 36.182986199799998 ], [ -115.3000035, 36.182988899799994 ], [ -115.3000089, 36.182988899799994 ], [ -115.3000089, 36.182991599799998 ], [ -115.3000116, 36.182991599799998 ], [ -115.3000116, 36.182994299799994 ], [ -115.3000143, 36.182994299799994 ], [ -115.3000143, 36.182996999799997 ], [ -115.3000197, 36.182996999799997 ], [ -115.3000197, 36.1829996998 ], [ -115.3000224, 36.1829996998 ], [ -115.3000224, 36.183002399799996 ], [ -115.3000251, 36.183002399799996 ], [ -115.3000251, 36.183007799799995 ], [ -115.3000278, 36.183007799799995 ], [ -115.3000278, 36.183013199799994 ], [ -115.3000305, 36.183013199799994 ], [ -115.3000305, 36.1830239998 ], [ -115.3000332, 36.1830239998 ], [ -115.3000332, 36.183034799799998 ], [ -115.3000305, 36.183034799799998 ], [ -115.3000305, 36.183037499799994 ], [ -115.3000278, 36.183037499799994 ], [ -115.3000278, 36.183040199799997 ], [ -115.3000251, 36.183040199799997 ], [ -115.3000251, 36.1830428998 ], [ -115.3000224, 36.1830428998 ], [ -115.3000224, 36.183045599799996 ], [ -115.3000197, 36.183045599799996 ], [ -115.3000197, 36.183048299799999 ], [ -115.300017, 36.183048299799999 ], [ -115.300017, 36.183050999799995 ], [ -115.3000143, 36.183050999799995 ], [ -115.3000143, 36.183053699799999 ], [ -115.3000089, 36.183053699799999 ], [ -115.3000089, 36.183056399799995 ], [ -115.3000035, 36.183056399799995 ], [ -115.3000035, 36.183059099799998 ], [ -115.2999954, 36.183059099799998 ], [ -115.2999954, 36.183061799799994 ] ] ] } },
{ "type": "Feature", "properties": { "value": 255.0 }, "geometry": { "type": "Polygon", "coordinates": [ [ [ -115.2988533, 36.183040199799997 ], [ -115.2988371, 36.183040199799997 ], [ -115.2988371, 36.183037499799994 ], [ -115.2988317, 36.183037499799994 ], [ -115.2988317, 36.183034799799998 ], [ -115.298829, 36.183034799799998 ], [ -115.298829, 36.183029399799999 ], [ -115.2988263, 36.183029399799999 ], [ -115.2988263, 36.183026699799996 ], [ -115.2988236, 36.183026699799996 ], [ -115.2988236, 36.183021299799996 ], [ -115.2988209, 36.183021299799996 ], [ -115.2988209, 36.1830185998 ], [ -115.2988182, 36.1830185998 ], [ -115.2988182, 36.183015899799997 ], [ -115.2988155, 36.183015899799997 ], [ -115.2988155, 36.183013199799994 ], [ -115.2988128, 36.183013199799994 ], [ -115.2988128, 36.183010499799998 ], [ -115.2988101, 36.183010499799998 ], [ -115.2988101, 36.183005099799999 ], [ -115.2988074, 36.183005099799999 ], [ -115.2988074, 36.1829996998 ], [ -115.2988047, 36.1829996998 ], [ -115.2988047, 36.182986199799998 ], [ -115.2988074, 36.182986199799998 ], [ -115.2988074, 36.182980799799999 ], [ -115.2988101, 36.182980799799999 ], [ -115.2988101, 36.182978099799996 ], [ -115.2988182, 36.182978099799996 ], [ -115.2988182, 36.1829753998 ], [ -115.298829, 36.1829753998 ], [ -115.298829, 36.182972699799997 ], [ -115.2988344, 36.182972699799997 ], [ -115.2988344, 36.182969999799994 ], [ -115.2988371, 36.182969999799994 ], [ -115.2988371, 36.182967299799998 ], [ -115.2988398, 36.182967299799998 ], [ -115.2988398, 36.182964599799995 ], [ -115.2988452, 36.182964599799995 ], [ -115.2988452, 36.182961899799999 ], [ -115.2988479, 36.182961899799999 ], [ -115.2988479, 36.182959199799996 ], [ -115.2988533, 36.182959199799996 ], [ -115.2988533, 36.1829564998 ], [ -115.2988614, 36.1829564998 ], [ -115.2988614, 36.182953799799996 ], [ -115.2988668, 36.182953799799996 ], [ -115.2988668, 36.1829510998 ], [ -115.2988722, 36.1829510998 ], [ -115.2988722, 36.182948399799997 ], [ -115.2988776, 36.182948399799997 ], [ -115.2988776, 36.182945699799994 ], [ -115.298883, 36.182945699799994 ], [ -115.298883, 36.182942999799998 ], [ -115.2988884, 36.182942999799998 ], [ -115.2988884, 36.182940299799995 ], [ -115.2988938, 36.182940299799995 ], [ -115.2988938, 36.182937599799999 ], [ -115.2988965, 36.182937599799999 ], [ -115.2988965, 36.182934899799996 ], [ -115.2989019, 36.182934899799996 ], [ -115.2989019, 36.1829321998 ], [ -115.29891, 36.1829321998 ], [ -115.29891, 36.182929499799997 ], [ -115.2989208, 36.182929499799997 ], [ -115.2989208, 36.182926799799993 ], [ -115.2989316, 36.182926799799993 ], [ -115.2989316, 36.182924099799997 ], [ -115.2989424, 36.182924099799997 ], [ -115.2989424, 36.182921399799994 ], [ -115.2989559, 36.182921399799994 ], [ -115.2989559, 36.182918699799998 ], [ -115.298991, 36.182918699799998 ], [ -115.298991, 36.182921399799994 ], [ -115.2989964, 36.182921399799994 ], [ -115.2989964, 36.182924099799997 ], [ -115.2989991, 36.182924099799997 ], [ -115.2989991, 36.182926799799993 ], [ -115.2990018, 36.182926799799993 ], [ -115.2990018, 36.1829321998 ], [ -115.2990045, 36.1829321998 ], [ -115.2990045, 36.182940299799995 ], [ -115.2990072, 36.182940299799995 ], [ -115.2990072, 36.182953799799996 ], [ -115.2990045, 36.182953799799996 ], [ -115.2990045, 36.182959199799996 ], [ -115.2990018, 36.182959199799996 ], [ -115.2990018, 36.182967299799998 ], [ -115.2989991, 36.182967299799998 ], [ -115.2989991, 36.182969999799994 ], [ -115.2989964, 36.182969999799994 ], [ -115.2989964, 36.182972699799997 ], [ -115.298991, 36.182972699799997 ], [ -115.298991, 36.1829753998 ], [ -115.2989829, 36.1829753998 ], [ -115.2989829, 36.182978099799996 ], [ -115.2989775, 36.182978099799996 ], [ -115.2989775, 36.182980799799999 ], [ -115.2989748, 36.182980799799999 ], [ -115.2989748, 36.182983499799995 ], [ -115.2989694, 36.182983499799995 ], [ -115.2989694, 36.182986199799998 ], [ -115.298964, 36.182986199799998 ], [ -115.298964, 36.182991599799998 ], [ -115.2989613, 36.182991599799998 ], [ -115.2989613, 36.182994299799994 ], [ -115.2989586, 36.182994299799994 ], [ -115.2989586, 36.182996999799997 ], [ -115.2989559, 36.182996999799997 ], [ -115.2989559, 36.1829996998 ], [ -115.2989505, 36.1829996998 ], [ -115.2989505, 36.183002399799996 ], [ -115.2989451, 36.183002399799996 ], [ -115.2989451, 36.183005099799999 ], [ -115.2989424, 36.183005099799999 ], [ -115.2989424, 36.183007799799995 ], [ -115.298937, 36.183007799799995 ], [ -115.298937, 36.183010499799998 ], [ -115.2989289, 36.183010499799998 ], [ -115.2989289, 36.183013199799994 ], [ -115.2989235, 36.183013199799994 ], [ -115.2989235, 36.183015899799997 ], [ -115.2989181, 36.183015899799997 ], [ -115.2989181, 36.1830185998 ], [ -115.29891, 36.1830185998 ], [ -115.29891, 36.183021299799996 ], [ -115.2989046, 36.183021299799996 ], [ -115.2989046, 36.1830239998 ], [ -115.2988992, 36.1830239998 ], [ -115.2988992, 36.183026699799996 ], [ -115.2988911, 36.183026699799996 ], [ -115.2988911, 36.183029399799999 ], [ -115.2988668, 36.183029399799999 ], [ -115.2988668, 36.183032099799995 ], [ -115.2988641, 36.183032099799995 ], [ -115.2988641, 36.183034799799998 ], [ -115.2988587, 36.183034799799998 ], [ -115.2988587, 36.183037499799994 ], [ -115.2988533, 36.183037499799994 ], [ -115.2988533, 36.183040199799997 ] ] ] } },
{ "type": "Feature", "properties": { "value": 255.0 }, "geometry": { "type": "Polygon", "coordinates": [ [ [ -115.2996336, 36.183013199799994 ], [ -115.2996174, 36.183013199799994 ], [ -115.2996174, 36.183010499799998 ], [ -115.2996093, 36.183010499799998 ], [ -115.2996093, 36.183007799799995 ], [ -115.2996039, 36.183007799799995 ], [ -115.2996039, 36.183005099799999 ], [ -115.2995985, 36.183005099799999 ], [ -115.2995985, 36.183002399799996 ], [ -115.2995958, 36.183002399799996 ], [ -115.2995958, 36.1829996998 ], [ -115.2995904, 36.1829996998 ], [ -115.2995904, 36.182996999799997 ], [ -115.2995877, 36.182996999799997 ], [ -115.2995877, 36.182994299799994 ], [ -115.2995823, 36.182994299799994 ], [ -115.2995823, 36.182991599799998 ], [ -115.2995796, 36.182991599799998 ], [ -115.2995796, 36.182988899799994 ], [ -115.2995769, 36.182988899799994 ], [ -115.2995769, 36.182986199799998 ], [ -115.2995742, 36.182986199799998 ], [ -115.2995742, 36.182983499799995 ], [ -115.2995688, 36.182983499799995 ], [ -115.2995688, 36.182980799799999 ], [ -115.2995661, 36.182980799799999 ], [ -115.2995661, 36.182978099799996 ], [ -115.2995634, 36.182978099799996 ], [ -115.2995634, 36.1829753998 ], [ -115.2995607, 36.1829753998 ], [ -115.2995607, 36.182972699799997 ], [ -115.2995553, 36.182972699799997 ], [ -115.2995553, 36.182969999799994 ], [ -115.2995526, 36.182969999799994 ], [ -115.2995526, 36.182967299799998 ], [ -115.2995472, 36.182967299799998 ], [ -115.2995472, 36.182964599799995 ], [ -115.2995445, 36.182964599799995 ], [ -115.2995445, 36.182961899799999 ], [ -115.2995418, 36.182961899799999 ], [ -115.2995418, 36.182959199799996 ], [ -115.2995391, 36.182959199799996 ], [ -115.2995391, 36.1829564998 ], [ -115.2995337, 36.1829564998 ], [ -115.2995337, 36.182953799799996 ], [ -115.299531, 36.182953799799996 ], [ -115.299531, 36.1829510998 ], [ -115.2995256, 36.1829510998 ], [ -115.2995256, 36.182948399799997 ], [ -115.2995229, 36.182948399799997 ], [ -115.2995229, 36.182945699799994 ], [ -115.2995202, 36.182945699799994 ], [ -115.2995202, 36.182942999799998 ], [ -115.2995175, 36.182942999799998 ], [ -115.2995175, 36.182940299799995 ], [ -115.2995148, 36.182940299799995 ], [ -115.2995148, 36.182937599799999 ], [ -115.2995121, 36.182937599799999 ], [ -115.2995121, 36.182934899799996 ], [ -115.2995094, 36.182934899799996 ], [ -115.2995094, 36.1829321998 ], [ -115.299504, 36.1829321998 ], [ -115.299504, 36.182929499799997 ], [ -115.2995013, 36.182929499799997 ], [ -115.2995013, 36.182926799799993 ], [ -115.2994986, 36.182926799799993 ], [ -115.2994986, 36.182924099799997 ], [ -115.2994959, 36.182924099799997 ], [ -115.2994959, 36.182921399799994 ], [ -115.2994932, 36.182921399799994 ], [ -115.2994932, 36.182913299799999 ], [ -115.2994959, 36.182913299799999 ], [ -115.2994959, 36.182910599799996 ], [ -115.2995067, 36.182910599799996 ], [ -115.2995067, 36.1829078998 ], [ -115.2995148, 36.1829078998 ], [ -115.2995148, 36.182905199799997 ], [ -115.2995202, 36.182905199799997 ], [ -115.2995202, 36.182902499799994 ], [ -115.2995229, 36.182902499799994 ], [ -115.2995229, 36.182899799799998 ], [ -115.2995256, 36.182899799799998 ], [ -115.2995256, 36.182897099799995 ], [ -115.2995283, 36.182897099799995 ], [ -115.2995283, 36.182894399799999 ], [ -115.299531, 36.182894399799999 ], [ -115.299531, 36.182891699799995 ], [ -115.2995337, 36.182891699799995 ], [ -115.2995337, 36.182888999799999 ], [ -115.2995634, 36.182888999799999 ], [ -115.2995634, 36.182891699799995 ], [ -115.2995715, 36.182891699799995 ], [ -115.2995715, 36.182894399799999 ], [ -115.2995769, 36.182894399799999 ], [ -115.2995769, 36.182897099799995 ], [ -115.299585, 36.182897099799995 ], [ -115.299585, 36.182899799799998 ], [ -115.2995985, 36.182899799799998 ], [ -115.2995985, 36.182902499799994 ], [ -115.2996039, 36.182902499799994 ], [ -115.2996039, 36.182905199799997 ], [ -115.2996066, 36.182905199799997 ], [ -115.2996066, 36.1829078998 ], [ -115.2996093, 36.1829078998 ], [ -115.2996093, 36.182913299799999 ], [ -115.299612, 36.182913299799999 ], [ -115.299612, 36.182915999799995 ], [ -115.2996147, 36.182915999799995 ], [ -115.2996147, 36.182918699799998 ], [ -115.2996174, 36.182918699799998 ], [ -115.2996174, 36.182921399799994 ], [ -115.2996228, 36.182921399799994 ], [ -115.2996228, 36.182924099799997 ], [ -115.2996255, 36.182924099799997 ], [ -115.2996255, 36.182926799799993 ], [ -115.2996309, 36.182926799799993 ], [ -115.2996309, 36.182929499799997 ], [ -115.2996363, 36.182929499799997 ], [ -115.2996363, 36.1829321998 ], [ -115.2996417, 36.1829321998 ], [ -115.2996417, 36.182934899799996 ], [ -115.2996444, 36.182934899799996 ], [ -115.2996444, 36.182937599799999 ], [ -115.2996471, 36.182937599799999 ], [ -115.2996471, 36.182940299799995 ], [ -115.2996498, 36.182940299799995 ], [ -115.2996498, 36.182942999799998 ], [ -115.2996525, 36.182942999799998 ], [ -115.2996525, 36.182945699799994 ], [ -115.2996552, 36.182945699799994 ], [ -115.2996552, 36.182948399799997 ], [ -115.2996579, 36.182948399799997 ], [ -115.2996579, 36.1829510998 ], [ -115.2996633, 36.1829510998 ], [ -115.2996633, 36.182953799799996 ], [ -115.2996687, 36.182953799799996 ], [ -115.2996687, 36.1829564998 ], [ -115.2996768, 36.1829564998 ], [ -115.2996768, 36.182959199799996 ], [ -115.2996795, 36.182959199799996 ], [ -115.2996795, 36.182964599799995 ], [ -115.2996822, 36.182964599799995 ], [ -115.2996822, 36.182969999799994 ], [ -115.2996795, 36.182969999799994 ], [ -115.2996795, 36.1829753998 ], [ -115.2996768, 36.1829753998 ], [ -115.2996768, 36.182978099799996 ], [ -115.2996741, 36.182978099799996 ], [ -115.2996741, 36.182980799799999 ], [ -115.2996714, 36.182980799799999 ], [ -115.2996714, 36.182983499799995 ], [ -115.2996687, 36.182983499799995 ], [ -115.2996687, 36.182986199799998 ], [ -115.299666, 36.182986199799998 ], [ -115.299666, 36.182988899799994 ], [ -115.2996633, 36.182988899799994 ], [ -115.2996633, 36.182991599799998 ], [ -115.2996606, 36.182991599799998 ], [ -115.2996606, 36.182994299799994 ], [ -115.2996579, 36.182994299799994 ], [ -115.2996579, 36.182996999799997 ], [ -115.2996552, 36.182996999799997 ], [ -115.2996552, 36.1829996998 ], [ -115.2996525, 36.1829996998 ], [ -115.2996525, 36.183002399799996 ], [ -115.2996471, 36.183002399799996 ], [ -115.2996471, 36.183005099799999 ], [ -115.2996444, 36.183005099799999 ], [ -115.2996444, 36.183007799799995 ], [ -115.299639, 36.183007799799995 ], [ -115.299639, 36.183010499799998 ], [ -115.2996336, 36.183010499799998 ], [ -115.2996336, 36.183013199799994 ] ] ] } },
{ "type": "Feature", "properties": { "value": 255.0 }, "geometry": { "type": "Polygon", "coordinates": [ [ [ -115.3001763, 36.182905199799997 ], [ -115.3001736, 36.182905199799997 ], [ -115.3001736, 36.182902499799994 ], [ -115.3001655, 36.182902499799994 ], [ -115.3001655, 36.182899799799998 ], [ -115.3001574, 36.182899799799998 ], [ -115.3001574, 36.182897099799995 ], [ -115.3001547, 36.182897099799995 ], [ -115.3001547, 36.182891699799995 ], [ -115.300152, 36.182891699799995 ], [ -115.300152, 36.182880899799997 ], [ -115.3001601, 36.182880899799997 ], [ -115.3001601, 36.1828835998 ], [ -115.3001682, 36.1828835998 ], [ -115.3001682, 36.182880899799997 ], [ -115.3001844, 36.182880899799997 ], [ -115.3001844, 36.182878199799994 ], [ -115.3001898, 36.182878199799994 ], [ -115.3001898, 36.182880899799997 ], [ -115.3001952, 36.182880899799997 ], [ -115.3001952, 36.182891699799995 ], [ -115.3001925, 36.182891699799995 ], [ -115.3001925, 36.182894399799999 ], [ -115.3001898, 36.182894399799999 ], [ -115.3001898, 36.182897099799995 ], [ -115.3001871, 36.182897099799995 ], [ -115.3001871, 36.182899799799998 ], [ -115.3001817, 36.182899799799998 ], [ -115.3001817, 36.182902499799994 ], [ -115.3001763, 36.182902499799994 ], [ -115.3001763, 36.182905199799997 ] ] ] } },
{ "type": "Feature", "properties": { "value": 255.0 }, "geometry": { "type": "Polygon", "coordinates": [ [ [ -115.3000521, 36.182969999799994 ], [ -115.300044, 36.182969999799994 ], [ -115.300044, 36.182967299799998 ], [ -115.3000359, 36.182967299799998 ], [ -115.3000359, 36.182964599799995 ], [ -115.3000278, 36.182964599799995 ], [ -115.3000278, 36.182961899799999 ], [ -115.3000062, 36.182961899799999 ], [ -115.3000062, 36.182959199799996 ], [ -115.3000008, 36.182959199799996 ], [ -115.3000008, 36.1829564998 ], [ -115.2999954, 36.1829564998 ], [ -115.2999954, 36.182953799799996 ], [ -115.2999927, 36.182953799799996 ], [ -115.2999927, 36.1829510998 ], [ -115.2999873, 36.1829510998 ], [ -115.2999873, 36.182948399799997 ], [ -115.2999846, 36.182948399799997 ], [ -115.2999846, 36.182945699799994 ], [ -115.2999819, 36.182945699799994 ], [ -115.2999819, 36.182942999799998 ], [ -115.2999765, 36.182942999799998 ], [ -115.2999765, 36.182940299799995 ], [ -115.2999738, 36.182940299799995 ], [ -115.2999738, 36.182937599799999 ], [ -115.2999711, 36.182937599799999 ], [ -115.2999711, 36.182934899799996 ], [ -115.2999684, 36.182934899799996 ], [ -115.2999684, 36.1829321998 ], [ -115.299963, 36.1829321998 ], [ -115.299963, 36.182929499799997 ], [ -115.2999603, 36.182929499799997 ], [ -115.2999603, 36.182926799799993 ], [ -115.2999576, 36.182926799799993 ], [ -115.2999576, 36.182924099799997 ], [ -115.2999522, 36.182924099799997 ], [ -115.2999522, 36.182921399799994 ], [ -115.2999495, 36.182921399799994 ], [ -115.2999495, 36.182918699799998 ], [ -115.2999441, 36.182918699799998 ], [ -115.2999441, 36.182915999799995 ], [ -115.2999387, 36.182915999799995 ], [ -115.2999387, 36.182913299799999 ], [ -115.2999333, 36.182913299799999 ], [ -115.2999333, 36.182910599799996 ], [ -115.2999279, 36.182910599799996 ], [ -115.2999279, 36.1829078998 ], [ -115.2999225, 36.1829078998 ], [ -115.2999225, 36.182905199799997 ], [ -115.2999198, 36.182905199799997 ], [ -115.2999198, 36.182902499799994 ], [ -115.2999171, 36.182902499799994 ], [ -115.2999171, 36.182899799799998 ], [ -115.2999144, 36.182899799799998 ], [ -115.2999144, 36.182897099799995 ], [ -115.299909, 36.182897099799995 ], [ -115.299909, 36.182894399799999 ], [ -115.2999036, 36.182894399799999 ], [ -115.2999036, 36.182888999799999 ], [ -115.2999009, 36.182888999799999 ], [ -115.2999009, 36.182875499799998 ], [ -115.2999036, 36.182875499799998 ], [ -115.2999036, 36.182872799799995 ], [ -115.299909, 36.182872799799995 ], [ -115.299909, 36.182870099799999 ], [ -115.2999117, 36.182870099799999 ], [ -115.2999117, 36.182867399799996 ], [ -115.2999171, 36.182867399799996 ], [ -115.2999171, 36.1828646998 ], [ -115.2999225, 36.1828646998 ], [ -115.2999225, 36.182861999799997 ], [ -115.2999252, 36.182861999799997 ], [ -115.2999252, 36.182859299799993 ], [ -115.2999306, 36.182859299799993 ], [ -115.2999306, 36.182856599799997 ], [ -115.2999333, 36.182856599799997 ], [ -115.2999333, 36.182853899799994 ], [ -115.299936, 36.182853899799994 ], [ -115.299936, 36.182851199799998 ], [ -115.2999387, 36.182851199799998 ], [ -115.2999387, 36.182848499799995 ], [ -115.2999414, 36.182848499799995 ], [ -115.2999414, 36.182845799799999 ], [ -115.2999441, 36.182845799799999 ], [ -115.2999441, 36.182843099799996 ], [ -115.2999468, 36.182843099799996 ], [ -115.2999468, 36.182837699799997 ], [ -115.2999522, 36.182837699799997 ], [ -115.2999522, 36.182834999799994 ], [ -115.2999576, 36.182834999799994 ], [ -115.2999576, 36.182832299799998 ], [ -115.2999603, 36.182832299799998 ], [ -115.2999603, 36.182834999799994 ], [ -115.2999684, 36.182834999799994 ], [ -115.2999684, 36.182837699799997 ], [ -115.2999738, 36.182837699799997 ], [ -115.2999738, 36.1828403998 ], [ -115.2999765, 36.1828403998 ], [ -115.2999765, 36.182843099799996 ], [ -115.2999792, 36.182843099799996 ], [ -115.2999792, 36.182845799799999 ], [ -115.2999819, 36.182845799799999 ], [ -115.2999819, 36.182848499799995 ], [ -115.2999846, 36.182848499799995 ], [ -115.2999846, 36.182851199799998 ], [ -115.2999873, 36.182851199799998 ], [ -115.2999873, 36.182853899799994 ], [ -115.2999927, 36.182853899799994 ], [ -115.2999927, 36.182856599799997 ], [ -115.2999954, 36.182856599799997 ], [ -115.2999954, 36.182859299799993 ], [ -115.3000008, 36.182859299799993 ], [ -115.3000008, 36.182861999799997 ], [ -115.3000062, 36.182861999799997 ], [ -115.3000062, 36.1828646998 ], [ -115.3000089, 36.1828646998 ], [ -115.3000089, 36.182867399799996 ], [ -115.3000116, 36.182867399799996 ], [ -115.3000116, 36.182870099799999 ], [ -115.3000143, 36.182870099799999 ], [ -115.3000143, 36.182872799799995 ], [ -115.300017, 36.182872799799995 ], [ -115.300017, 36.182875499799998 ], [ -115.3000224, 36.182875499799998 ], [ -115.3000224, 36.182878199799994 ], [ -115.3000251, 36.182878199799994 ], [ -115.3000251, 36.182880899799997 ], [ -115.3000305, 36.182880899799997 ], [ -115.3000305, 36.1828835998 ], [ -115.3000332, 36.1828835998 ], [ -115.3000332, 36.182886299799996 ], [ -115.3000359, 36.182886299799996 ], [ -115.3000359, 36.182888999799999 ], [ -115.3000386, 36.182888999799999 ], [ -115.3000386, 36.182891699799995 ], [ -115.300044, 36.182891699799995 ], [ -115.300044, 36.182894399799999 ], [ -115.3000467, 36.182894399799999 ], [ -115.3000467, 36.182897099799995 ], [ -115.3000494, 36.182897099799995 ], [ -115.3000494, 36.182899799799998 ], [ -115.3000548, 36.182899799799998 ], [ -115.3000548, 36.182902499799994 ], [ -115.3000575, 36.182902499799994 ], [ -115.3000575, 36.182905199799997 ], [ -115.3000629, 36.182905199799997 ], [ -115.3000629, 36.1829078998 ], [ -115.3000683, 36.1829078998 ], [ -115.3000683, 36.182910599799996 ], [ -115.3000737, 36.182910599799996 ], [ -115.3000737, 36.182913299799999 ], [ -115.3000764, 36.182913299799999 ], [ -115.3000764, 36.182915999799995 ], [ -115.3000818, 36.182915999799995 ], [ -115.3000818, 36.182918699799998 ], [ -115.3000872, 36.182918699799998 ], [ -115.3000872, 36.182924099799997 ], [ -115.3000899, 36.182924099799997 ], [ -115.3000899, 36.182940299799995 ], [ -115.3000872, 36.182940299799995 ], [ -115.3000872, 36.182942999799998 ], [ -115.3000845, 36.182942999799998 ], [ -115.3000845, 36.182945699799994 ], [ -115.3000818, 36.182945699799994 ], [ -115.3000818, 36.182948399799997 ], [ -115.3000791, 36.182948399799997 ], [ -115.3000791, 36.1829510998 ], [ -115.3000737, 36.1829510998 ], [ -115.3000737, 36.182953799799996 ], [ -115.300071, 36.182953799799996 ], [ -115.300071, 36.1829564998 ], [ -115.3000683, 36.1829564998 ], [ -115.3000683, 36.182959199799996 ], [ -115.3000629, 36.182959199799996 ], [ -115.3000629, 36.182961899799999 ], [ -115.3000602, 36.182961899799999 ], [ -115.3000602, 36.182964599799995 ], [ -115.3000575, 36.182964599799995 ], [ -115.3000575, 36.182967299799998 ], [ -115.3000521, 36.182967299799998 ], [ -115.3000521, 36.182969999799994 ] ] ] } },
{ "type": "Feature", "properties": { "value": 255.0 }, "geometry": { "type": "Polygon", "coordinates": [ [ [ -115.2997119, 36.182948399799997 ], [ -115.2997011, 36.182948399799997 ], [ -115.2997011, 36.182945699799994 ], [ -115.2996957, 36.182945699799994 ], [ -115.2996957, 36.182942999799998 ], [ -115.2996903, 36.182942999799998 ], [ -115.2996903, 36.182940299799995 ], [ -115.2996876, 36.182940299799995 ], [ -115.2996876, 36.182937599799999 ], [ -115.2996849, 36.182937599799999 ], [ -115.2996849, 36.182934899799996 ], [ -115.2996795, 36.182934899799996 ], [ -115.2996795, 36.1829321998 ], [ -115.2996768, 36.1829321998 ], [ -115.2996768, 36.182929499799997 ], [ -115.2996741, 36.182929499799997 ], [ -115.2996741, 36.182926799799993 ], [ -115.2996687, 36.182926799799993 ], [ -115.2996687, 36.182924099799997 ], [ -115.299666, 36.182924099799997 ], [ -115.299666, 36.182921399799994 ], [ -115.2996606, 36.182921399799994 ], [ -115.2996606, 36.182918699799998 ], [ -115.2996579, 36.182918699799998 ], [ -115.2996579, 36.182915999799995 ], [ -115.2996552, 36.182915999799995 ], [ -115.2996552, 36.182913299799999 ], [ -115.2996525, 36.182913299799999 ], [ -115.2996525, 36.182910599799996 ], [ -115.2996471, 36.182910599799996 ], [ -115.2996471, 36.1829078998 ], [ -115.2996444, 36.1829078998 ], [ -115.2996444, 36.182905199799997 ], [ -115.299639, 36.182905199799997 ], [ -115.299639, 36.182902499799994 ], [ -115.2996363, 36.182902499799994 ], [ -115.2996363, 36.182899799799998 ], [ -115.2996336, 36.182899799799998 ], [ -115.2996336, 36.182897099799995 ], [ -115.2996282, 36.182897099799995 ], [ -115.2996282, 36.182894399799999 ], [ -115.2996255, 36.182894399799999 ], [ -115.2996255, 36.182891699799995 ], [ -115.2996201, 36.182891699799995 ], [ -115.2996201, 36.182888999799999 ], [ -115.2996174, 36.182888999799999 ], [ -115.2996174, 36.182886299799996 ], [ -115.2996147, 36.182886299799996 ], [ -115.2996147, 36.1828835998 ], [ -115.299612, 36.1828835998 ], [ -115.299612, 36.182880899799997 ], [ -115.2996093, 36.182880899799997 ], [ -115.2996093, 36.182878199799994 ], [ -115.2996066, 36.182878199799994 ], [ -115.2996066, 36.182875499799998 ], [ -115.2996039, 36.182875499799998 ], [ -115.2996039, 36.182872799799995 ], [ -115.2996012, 36.182872799799995 ], [ -115.2996012, 36.182870099799999 ], [ -115.2995985, 36.182870099799999 ], [ -115.2995985, 36.182867399799996 ], [ -115.2995931, 36.182867399799996 ], [ -115.2995931, 36.1828646998 ], [ -115.2995877, 36.1828646998 ], [ -115.2995877, 36.182861999799997 ], [ -115.2995823, 36.182861999799997 ], [ -115.2995823, 36.182859299799993 ], [ -115.2995769, 36.182859299799993 ], [ -115.2995769, 36.182856599799997 ], [ -115.2995742, 36.182856599799997 ], [ -115.2995742, 36.182853899799994 ], [ -115.2995715, 36.182853899799994 ], [ -115.2995715, 36.182851199799998 ], [ -115.2995688, 36.182851199799998 ], [ -115.2995688, 36.182848499799995 ], [ -115.2995661, 36.182848499799995 ], [ -115.2995661, 36.182837699799997 ], [ -115.2995688, 36.182837699799997 ], [ -115.2995688, 36.182834999799994 ], [ -115.2995715, 36.182834999799994 ], [ -115.2995715, 36.182832299799998 ], [ -115.2995742, 36.182832299799998 ], [ -115.2995742, 36.182829599799994 ], [ -115.2995796, 36.182829599799994 ], [ -115.2995796, 36.182826899799998 ], [ -115.2995823, 36.182826899799998 ], [ -115.2995823, 36.182824199799995 ], [ -115.2995877, 36.182824199799995 ], [ -115.2995877, 36.182821499799999 ], [ -115.2995904, 36.182821499799999 ], [ -115.2995904, 36.182818799799996 ], [ -115.2995931, 36.182818799799996 ], [ -115.2995931, 36.1828160998 ], [ -115.2995958, 36.1828160998 ], [ -115.2995958, 36.182813399799997 ], [ -115.2995985, 36.182813399799997 ], [ -115.2995985, 36.182807999799998 ], [ -115.2996012, 36.182807999799998 ], [ -115.2996012, 36.182805299799995 ], [ -115.2996039, 36.182805299799995 ], [ -115.2996039, 36.182802599799999 ], [ -115.2996066, 36.182802599799999 ], [ -115.2996066, 36.182799899799996 ], [ -115.2996228, 36.182799899799996 ], [ -115.2996228, 36.182802599799999 ], [ -115.2996309, 36.182802599799999 ], [ -115.2996309, 36.182805299799995 ], [ -115.299639, 36.182805299799995 ], [ -115.299639, 36.182807999799998 ], [ -115.2996417, 36.182807999799998 ], [ -115.2996417, 36.182810699799994 ], [ -115.2996444, 36.182810699799994 ], [ -115.2996444, 36.182813399799997 ], [ -115.2996498, 36.182813399799997 ], [ -115.2996498, 36.1828160998 ], [ -115.2996552, 36.1828160998 ], [ -115.2996552, 36.182818799799996 ], [ -115.2996606, 36.182818799799996 ], [ -115.2996606, 36.182821499799999 ], [ -115.299666, 36.182821499799999 ], [ -115.299666, 36.182824199799995 ], [ -115.2996714, 36.182824199799995 ], [ -115.2996714, 36.182826899799998 ], [ -115.2996741, 36.182826899799998 ], [ -115.2996741, 36.182829599799994 ], [ -115.2996768, 36.182829599799994 ], [ -115.2996768, 36.182832299799998 ], [ -115.2996795, 36.182832299799998 ], [ -115.2996795, 36.182834999799994 ], [ -115.2996822, 36.182834999799994 ], [ -115.2996822, 36.182837699799997 ], [ -115.2996849, 36.182837699799997 ], [ -115.2996849, 36.1828403998 ], [ -115.2996903, 36.1828403998 ], [ -115.2996903, 36.182843099799996 ], [ -115.299693, 36.182843099799996 ], [ -115.299693, 36.182845799799999 ], [ -115.2996984, 36.182845799799999 ], [ -115.2996984, 36.182848499799995 ], [ -115.2997038, 36.182848499799995 ], [ -115.2997038, 36.182851199799998 ], [ -115.2997065, 36.182851199799998 ], [ -115.2997065, 36.182853899799994 ], [ -115.2997092, 36.182853899799994 ], [ -115.2997092, 36.182856599799997 ], [ -115.2997146, 36.182856599799997 ], [ -115.2997146, 36.182859299799993 ], [ -115.2997173, 36.182859299799993 ], [ -115.2997173, 36.182861999799997 ], [ -115.29972, 36.182861999799997 ], [ -115.29972, 36.1828646998 ], [ -115.2997254, 36.1828646998 ], [ -115.2997254, 36.182867399799996 ], [ -115.2997281, 36.182867399799996 ], [ -115.2997281, 36.182870099799999 ], [ -115.2997335, 36.182870099799999 ], [ -115.2997335, 36.182872799799995 ], [ -115.2997362, 36.182872799799995 ], [ -115.2997362, 36.182875499799998 ], [ -115.2997416, 36.182875499799998 ], [ -115.2997416, 36.182878199799994 ], [ -115.2997443, 36.182878199799994 ], [ -115.2997443, 36.182880899799997 ], [ -115.299747, 36.182880899799997 ], [ -115.299747, 36.1828835998 ], [ -115.2997497, 36.1828835998 ], [ -115.2997497, 36.182886299799996 ], [ -115.2997524, 36.182886299799996 ], [ -115.2997524, 36.182888999799999 ], [ -115.2997551, 36.182888999799999 ], [ -115.2997551, 36.182891699799995 ], [ -115.2997578, 36.182891699799995 ], [ -115.2997578, 36.182897099799995 ], [ -115.2997605, 36.182897099799995 ], [ -115.2997605, 36.182902499799994 ], [ -115.2997632, 36.182902499799994 ], [ -115.2997632, 36.182910599799996 ], [ -115.2997605, 36.182910599799996 ], [ -115.2997605, 36.182913299799999 ], [ -115.2997578, 36.182913299799999 ], [ -115.2997578, 36.182915999799995 ], [ -115.2997551, 36.182915999799995 ], [ -115.2997551, 36.182918699799998 ], [ -115.2997524, 36.182918699799998 ], [ -115.2997524, 36.182921399799994 ], [ -115.2997497, 36.182921399799994 ], [ -115.2997497, 36.182924099799997 ], [ -115.299747, 36.182924099799997 ], [ -115.299747, 36.182926799799993 ], [ -115.2997443, 36.182926799799993 ], [ -115.2997443, 36.182929499799997 ], [ -115.2997416, 36.182929499799997 ], [ -115.2997416, 36.1829321998 ], [ -115.2997389, 36.1829321998 ], [ -115.2997389, 36.182934899799996 ], [ -115.2997362, 36.182934899799996 ], [ -115.2997362, 36.182937599799999 ], [ -115.2997308, 36.182937599799999 ], [ -115.2997308, 36.182940299799995 ], [ -115.2997281, 36.182940299799995 ], [ -115.2997281, 36.182942999799998 ], [ -115.2997227, 36.182942999799998 ], [ -115.2997227, 36.182945699799994 ], [ -115.2997119, 36.182945699799994 ], [ -115.2997119, 36.182948399799997 ] ] ] } },
{ "type": "Feature", "properties": { "value": 255.0 }, "geometry": { "type": "Polygon", "coordinates": [ [ [ -115.2987966, 36.1829564998 ], [ -115.2987885, 36.1829564998 ], [ -115.2987885, 36.182953799799996 ], [ -115.2987831, 36.182953799799996 ], [ -115.2987831, 36.1829510998 ], [ -115.2987777, 36.1829510998 ], [ -115.2987777, 36.182945699799994 ], [ -115.298775, 36.182945699799994 ], [ -115.298775, 36.182940299799995 ], [ -115.2987723, 36.182940299799995 ], [ -115.2987723, 36.182934899799996 ], [ -115.2987696, 36.182934899799996 ], [ -115.2987696, 36.1829321998 ], [ -115.2987669, 36.1829321998 ], [ -115.2987669, 36.182929499799997 ], [ -115.2987642, 36.182929499799997 ], [ -115.2987642, 36.182926799799993 ], [ -115.2987615, 36.182926799799993 ], [ -115.2987615, 36.182921399799994 ], [ -115.2987588, 36.182921399799994 ], [ -115.2987588, 36.182918699799998 ], [ -115.2987561, 36.182918699799998 ], [ -115.2987561, 36.182913299799999 ], [ -115.2987534, 36.182913299799999 ], [ -115.2987534, 36.182905199799997 ], [ -115.2987507, 36.182905199799997 ], [ -115.2987507, 36.182888999799999 ], [ -115.2987534, 36.182888999799999 ], [ -115.2987534, 36.182886299799996 ], [ -115.2987588, 36.182886299799996 ], [ -115.2987588, 36.1828835998 ], [ -115.2987696, 36.1828835998 ], [ -115.2987696, 36.182880899799997 ], [ -115.2987804, 36.182880899799997 ], [ -115.2987804, 36.182878199799994 ], [ -115.2987885, 36.182878199799994 ], [ -115.2987885, 36.182875499799998 ], [ -115.2987939, 36.182875499799998 ], [ -115.2987939, 36.182872799799995 ], [ -115.2987993, 36.182872799799995 ], [ -115.2987993, 36.182870099799999 ], [ -115.2988074, 36.182870099799999 ], [ -115.2988074, 36.182867399799996 ], [ -115.2988128, 36.182867399799996 ], [ -115.2988128, 36.1828646998 ], [ -115.2988155, 36.1828646998 ], [ -115.2988155, 36.182861999799997 ], [ -115.2988209, 36.182861999799997 ], [ -115.2988209, 36.182859299799993 ], [ -115.2988263, 36.182859299799993 ], [ -115.2988263, 36.182856599799997 ], [ -115.2988317, 36.182856599799997 ], [ -115.2988317, 36.182853899799994 ], [ -115.2988371, 36.182853899799994 ], [ -115.2988371, 36.182851199799998 ], [ -115.2988398, 36.182851199799998 ], [ -115.2988398, 36.182848499799995 ], [ -115.2988425, 36.182848499799995 ], [ -115.2988425, 36.182843099799996 ], [ -115.2988452, 36.182843099799996 ], [ -115.2988452, 36.1828403998 ], [ -115.2988506, 36.1828403998 ], [ -115.2988506, 36.182837699799997 ], [ -115.298856, 36.182837699799997 ], [ -115.298856, 36.182834999799994 ], [ -115.2988614, 36.182834999799994 ], [ -115.2988614, 36.182832299799998 ], [ -115.2988668, 36.182832299799998 ], [ -115.2988668, 36.182829599799994 ], [ -115.2988749, 36.182829599799994 ], [ -115.2988749, 36.182826899799998 ], [ -115.2988803, 36.182826899799998 ], [ -115.2988803, 36.182824199799995 ], [ -115.298883, 36.182824199799995 ], [ -115.298883, 36.182821499799999 ], [ -115.2988857, 36.182821499799999 ], [ -115.2988857, 36.182818799799996 ], [ -115.2988884, 36.182818799799996 ], [ -115.2988884, 36.1828160998 ], [ -115.2988938, 36.1828160998 ], [ -115.2988938, 36.182813399799997 ], [ -115.2988965, 36.182813399799997 ], [ -115.2988965, 36.182810699799994 ], [ -115.2989046, 36.182810699799994 ], [ -115.2989046, 36.182807999799998 ], [ -115.2989127, 36.182807999799998 ], [ -115.2989127, 36.182805299799995 ], [ -115.2989181, 36.182805299799995 ], [ -115.2989181, 36.182802599799999 ], [ -115.2989262, 36.182802599799999 ], [ -115.2989262, 36.182799899799996 ], [ -115.2989343, 36.182799899799996 ], [ -115.2989343, 36.1827971998 ], [ -115.2989559, 36.1827971998 ], [ -115.2989559, 36.182799899799996 ], [ -115.2989613, 36.182799899799996 ], [ -115.2989613, 36.182802599799999 ], [ -115.2989667, 36.182802599799999 ], [ -115.2989667, 36.182805299799995 ], [ -115.2989694, 36.182805299799995 ], [ -115.2989694, 36.182807999799998 ], [ -115.2989721, 36.182807999799998 ], [ -115.2989721, 36.182813399799997 ], [ -115.2989748, 36.182813399799997 ], [ -115.2989748, 36.1828160998 ], [ -115.2989775, 36.1828160998 ], [ -115.2989775, 36.182821499799999 ], [ -115.2989802, 36.182821499799999 ], [ -115.2989802, 36.182824199799995 ], [ -115.2989829, 36.182824199799995 ], [ -115.2989829, 36.182832299799998 ], [ -115.2989856, 36.182832299799998 ], [ -115.2989856, 36.182843099799996 ], [ -115.2989829, 36.182843099799996 ], [ -115.2989829, 36.182848499799995 ], [ -115.2989802, 36.182848499799995 ], [ -115.2989802, 36.182853899799994 ], [ -115.2989775, 36.182853899799994 ], [ -115.2989775, 36.182856599799997 ], [ -115.2989721, 36.182856599799997 ], [ -115.2989721, 36.182859299799993 ], [ -115.2989667, 36.182859299799993 ], [ -115.2989667, 36.182861999799997 ], [ -115.2989586, 36.182861999799997 ], [ -115.2989586, 36.1828646998 ], [ -115.2989505, 36.1828646998 ], [ -115.2989505, 36.182867399799996 ], [ -115.2989451, 36.182867399799996 ], [ -115.2989451, 36.182870099799999 ], [ -115.2989424, 36.182870099799999 ], [ -115.2989424, 36.182872799799995 ], [ -115.2989397, 36.182872799799995 ], [ -115.2989397, 36.1828835998 ], [ -115.298937, 36.1828835998 ], [ -115.298937, 36.182886299799996 ], [ -115.2989343, 36.182886299799996 ], [ -115.2989343, 36.182888999799999 ], [ -115.2989316, 36.182888999799999 ], [ -115.2989316, 36.182894399799999 ], [ -115.2989262, 36.182894399799999 ], [ -115.2989262, 36.182897099799995 ], [ -115.2989208, 36.182897099799995 ], [ -115.2989208, 36.182899799799998 ], [ -115.29891, 36.182899799799998 ], [ -115.29891, 36.182902499799994 ], [ -115.2988992, 36.182902499799994 ], [ -115.2988992, 36.182905199799997 ], [ -115.2988911, 36.182905199799997 ], [ -115.2988911, 36.1829078998 ], [ -115.2988857, 36.1829078998 ], [ -115.2988857, 36.182910599799996 ], [ -115.2988803, 36.182910599799996 ], [ -115.2988803, 36.182913299799999 ], [ -115.2988749, 36.182913299799999 ], [ -115.2988749, 36.182915999799995 ], [ -115.2988695, 36.182915999799995 ], [ -115.2988695, 36.182918699799998 ], [ -115.2988668, 36.182918699799998 ], [ -115.2988668, 36.182921399799994 ], [ -115.2988614, 36.182921399799994 ], [ -115.2988614, 36.182924099799997 ], [ -115.2988587, 36.182924099799997 ], [ -115.2988587, 36.182926799799993 ], [ -115.298856, 36.182926799799993 ], [ -115.298856, 36.182929499799997 ], [ -115.2988506, 36.182929499799997 ], [ -115.2988506, 36.1829321998 ], [ -115.2988479, 36.1829321998 ], [ -115.2988479, 36.182934899799996 ], [ -115.2988398, 36.182934899799996 ], [ -115.2988398, 36.182937599799999 ], [ -115.2988317, 36.182937599799999 ], [ -115.2988317, 36.182940299799995 ], [ -115.2988236, 36.182940299799995 ], [ -115.2988236, 36.182942999799998 ], [ -115.2988155, 36.182942999799998 ], [ -115.2988155, 36.182945699799994 ], [ -115.2988101, 36.182945699799994 ], [ -115.2988101, 36.182948399799997 ], [ -115.2988047, 36.182948399799997 ], [ -115.2988047, 36.1829510998 ], [ -115.298802, 36.1829510998 ], [ -115.298802, 36.182953799799996 ], [ -115.2987966, 36.182953799799996 ], [ -115.2987966, 36.1829564998 ] ] ] } },
{ "type": "Feature", "properties": { "value": 255.0 }, "geometry": { "type": "Polygon", "coordinates": [ [ [ -115.3001142, 36.182899799799998 ], [ -115.3001034, 36.182899799799998 ], [ -115.3001034, 36.182897099799995 ], [ -115.300098, 36.182897099799995 ], [ -115.300098, 36.182894399799999 ], [ -115.3000926, 36.182894399799999 ], [ -115.3000926, 36.182891699799995 ], [ -115.3000899, 36.182891699799995 ], [ -115.3000899, 36.182888999799999 ], [ -115.3000845, 36.182888999799999 ], [ -115.3000845, 36.182886299799996 ], [ -115.3000818, 36.182886299799996 ], [ -115.3000818, 36.1828835998 ], [ -115.3000791, 36.1828835998 ], [ -115.3000791, 36.182880899799997 ], [ -115.3000737, 36.182880899799997 ], [ -115.3000737, 36.182878199799994 ], [ -115.3000683, 36.182878199799994 ], [ -115.3000683, 36.182875499799998 ], [ -115.3000656, 36.182875499799998 ], [ -115.3000656, 36.182872799799995 ], [ -115.3000629, 36.182872799799995 ], [ -115.3000629, 36.182870099799999 ], [ -115.3000575, 36.182870099799999 ], [ -115.3000575, 36.182867399799996 ], [ -115.3000548, 36.182867399799996 ], [ -115.3000548, 36.1828646998 ], [ -115.3000494, 36.1828646998 ], [ -115.3000494, 36.182861999799997 ], [ -115.3000467, 36.182861999799997 ], [ -115.3000467, 36.182859299799993 ], [ -115.300044, 36.182859299799993 ], [ -115.300044, 36.182856599799997 ], [ -115.3000413, 36.182856599799997 ], [ -115.3000413, 36.182853899799994 ], [ -115.3000386, 36.182853899799994 ], [ -115.3000386, 36.182851199799998 ], [ -115.3000359, 36.182851199799998 ], [ -115.3000359, 36.182848499799995 ], [ -115.3000332, 36.182848499799995 ], [ -115.3000332, 36.182845799799999 ], [ -115.3000278, 36.182845799799999 ], [ -115.3000278, 36.182843099799996 ], [ -115.3000251, 36.182843099799996 ], [ -115.3000251, 36.1828403998 ], [ -115.3000197, 36.1828403998 ], [ -115.3000197, 36.182837699799997 ], [ -115.300017, 36.182837699799997 ], [ -115.300017, 36.182834999799994 ], [ -115.3000143, 36.182834999799994 ], [ -115.3000143, 36.182832299799998 ], [ -115.3000116, 36.182832299799998 ], [ -115.3000116, 36.182826899799998 ], [ -115.3000089, 36.182826899799998 ], [ -115.3000089, 36.182821499799999 ], [ -115.3000062, 36.182821499799999 ], [ -115.3000062, 36.182813399799997 ], [ -115.3000089, 36.182813399799997 ], [ -115.3000089, 36.182810699799994 ], [ -115.3000116, 36.182810699799994 ], [ -115.3000116, 36.182805299799995 ], [ -115.3000143, 36.182805299799995 ], [ -115.3000143, 36.182802599799999 ], [ -115.300017, 36.182802599799999 ], [ -115.300017, 36.182799899799996 ], [ -115.3000197, 36.182799899799996 ], [ -115.3000197, 36.1827971998 ], [ -115.3000224, 36.1827971998 ], [ -115.3000224, 36.182794499799996 ], [ -115.3000251, 36.182794499799996 ], [ -115.3000251, 36.182791799799993 ], [ -115.3000278, 36.182791799799993 ], [ -115.3000278, 36.182789099799997 ], [ -115.3000305, 36.182789099799997 ], [ -115.3000305, 36.182786399799994 ], [ -115.3000332, 36.182786399799994 ], [ -115.3000332, 36.182783699799998 ], [ -115.3000386, 36.182783699799998 ], [ -115.3000386, 36.182780999799995 ], [ -115.3000413, 36.182780999799995 ], [ -115.3000413, 36.182778299799999 ], [ -115.300044, 36.182778299799999 ], [ -115.300044, 36.182775599799996 ], [ -115.3000656, 36.182775599799996 ], [ -115.3000656, 36.182778299799999 ], [ -115.300071, 36.182778299799999 ], [ -115.300071, 36.182780999799995 ], [ -115.3000764, 36.182780999799995 ], [ -115.3000764, 36.182783699799998 ], [ -115.3000791, 36.182783699799998 ], [ -115.3000791, 36.182786399799994 ], [ -115.3000818, 36.182786399799994 ], [ -115.3000818, 36.182789099799997 ], [ -115.3000845, 36.182789099799997 ], [ -115.3000845, 36.182791799799993 ], [ -115.3000872, 36.182791799799993 ], [ -115.3000872, 36.182794499799996 ], [ -115.3000953, 36.182794499799996 ], [ -115.3000953, 36.1827971998 ], [ -115.3001034, 36.1827971998 ], [ -115.3001034, 36.182799899799996 ], [ -115.3001088, 36.182799899799996 ], [ -115.3001088, 36.182802599799999 ], [ -115.3001115, 36.182802599799999 ], [ -115.3001115, 36.182805299799995 ], [ -115.3001169, 36.182805299799995 ], [ -115.3001169, 36.182807999799998 ], [ -115.3001223, 36.182807999799998 ], [ -115.3001223, 36.182810699799994 ], [ -115.300125, 36.182810699799994 ], [ -115.300125, 36.182818799799996 ], [ -115.3001304, 36.182818799799996 ], [ -115.3001304, 36.182821499799999 ], [ -115.3001331, 36.182821499799999 ], [ -115.3001331, 36.182824199799995 ], [ -115.3001385, 36.182824199799995 ], [ -115.3001385, 36.182826899799998 ], [ -115.3001412, 36.182826899799998 ], [ -115.3001412, 36.182829599799994 ], [ -115.3001493, 36.182829599799994 ], [ -115.3001493, 36.182832299799998 ], [ -115.3001547, 36.182832299799998 ], [ -115.3001547, 36.182834999799994 ], [ -115.3001601, 36.182834999799994 ], [ -115.3001601, 36.182837699799997 ], [ -115.3001628, 36.182837699799997 ], [ -115.3001628, 36.182845799799999 ], [ -115.3001655, 36.182845799799999 ], [ -115.3001655, 36.182848499799995 ], [ -115.3001628, 36.182848499799995 ], [ -115.3001628, 36.182851199799998 ], [ -115.3001601, 36.182851199799998 ], [ -115.3001601, 36.182853899799994 ], [ -115.3001574, 36.182853899799994 ], [ -115.3001574, 36.182859299799993 ], [ -115.3001547, 36.182859299799993 ], [ -115.3001547, 36.182861999799997 ], [ -115.300152, 36.182861999799997 ], [ -115.300152, 36.182867399799996 ], [ -115.3001493, 36.182867399799996 ], [ -115.3001493, 36.182878199799994 ], [ -115.3001466, 36.182878199799994 ], [ -115.3001466, 36.182880899799997 ], [ -115.3001439, 36.182880899799997 ], [ -115.3001439, 36.1828835998 ], [ -115.3001385, 36.1828835998 ], [ -115.3001385, 36.182886299799996 ], [ -115.3001358, 36.182886299799996 ], [ -115.3001358, 36.182888999799999 ], [ -115.3001304, 36.182888999799999 ], [ -115.3001304, 36.182891699799995 ], [ -115.3001277, 36.182891699799995 ], [ -115.3001277, 36.182894399799999 ], [ -115.300125, 36.182894399799999 ], [ -115.300125, 36.182897099799995 ], [ -115.3001142, 36.182897099799995 ], [ -115.3001142, 36.182899799799998 ] ] ] } },
{ "type": "Feature", "properties": { "value": 255.0 }, "geometry": { "type": "Polygon", "coordinates": [ [ [ -115.2997929, 36.182878199799994 ], [ -115.2997794, 36.182878199799994 ], [ -115.2997794, 36.182875499799998 ], [ -115.299774, 36.182875499799998 ], [ -115.299774, 36.182872799799995 ], [ -115.2997713, 36.182872799799995 ], [ -115.2997713, 36.182870099799999 ], [ -115.2997659, 36.182870099799999 ], [ -115.2997659, 36.182867399799996 ], [ -115.2997632, 36.182867399799996 ], [ -115.2997632, 36.1828646998 ], [ -115.2997605, 36.1828646998 ], [ -115.2997605, 36.182861999799997 ], [ -115.2997578, 36.182861999799997 ], [ -115.2997578, 36.182859299799993 ], [ -115.2997524, 36.182859299799993 ], [ -115.2997524, 36.182856599799997 ], [ -115.2997497, 36.182856599799997 ], [ -115.2997497, 36.182853899799994 ], [ -115.299747, 36.182853899799994 ], [ -115.299747, 36.182851199799998 ], [ -115.2997416, 36.182851199799998 ], [ -115.2997416, 36.182848499799995 ], [ -115.2997389, 36.182848499799995 ], [ -115.2997389, 36.182845799799999 ], [ -115.2997362, 36.182845799799999 ], [ -115.2997362, 36.182843099799996 ], [ -115.2997308, 36.182843099799996 ], [ -115.2997308, 36.1828403998 ], [ -115.2997281, 36.1828403998 ], [ -115.2997281, 36.182837699799997 ], [ -115.2997254, 36.182837699799997 ], [ -115.2997254, 36.182834999799994 ], [ -115.29972, 36.182834999799994 ], [ -115.29972, 36.182832299799998 ], [ -115.2997173, 36.182832299799998 ], [ -115.2997173, 36.182829599799994 ], [ -115.2997146, 36.182829599799994 ], [ -115.2997146, 36.182826899799998 ], [ -115.2997092, 36.182826899799998 ], [ -115.2997092, 36.182824199799995 ], [ -115.2997065, 36.182824199799995 ], [ -115.2997065, 36.182821499799999 ], [ -115.2997011, 36.182821499799999 ], [ -115.2997011, 36.182818799799996 ], [ -115.2996984, 36.182818799799996 ], [ -115.2996984, 36.1828160998 ], [ -115.299693, 36.1828160998 ], [ -115.299693, 36.182813399799997 ], [ -115.2996903, 36.182813399799997 ], [ -115.2996903, 36.182810699799994 ], [ -115.2996876, 36.182810699799994 ], [ -115.2996876, 36.182807999799998 ], [ -115.2996849, 36.182807999799998 ], [ -115.2996849, 36.182805299799995 ], [ -115.2996822, 36.182805299799995 ], [ -115.2996822, 36.182802599799999 ], [ -115.2996795, 36.182802599799999 ], [ -115.2996795, 36.1827971998 ], [ -115.2996768, 36.1827971998 ], [ -115.2996768, 36.182791799799993 ], [ -115.2996795, 36.182791799799993 ], [ -115.2996795, 36.182786399799994 ], [ -115.2996768, 36.182786399799994 ], [ -115.2996768, 36.182783699799998 ], [ -115.2996741, 36.182783699799998 ], [ -115.2996741, 36.182780999799995 ], [ -115.2996714, 36.182780999799995 ], [ -115.2996714, 36.182778299799999 ], [ -115.2996687, 36.182778299799999 ], [ -115.2996687, 36.182775599799996 ], [ -115.299666, 36.182775599799996 ], [ -115.299666, 36.1827728998 ], [ -115.2996633, 36.1827728998 ], [ -115.2996633, 36.182767499799994 ], [ -115.2996606, 36.182767499799994 ], [ -115.2996606, 36.182762099799994 ], [ -115.2996579, 36.182762099799994 ], [ -115.2996579, 36.182759399799998 ], [ -115.2996606, 36.182759399799998 ], [ -115.2996606, 36.182753999799999 ], [ -115.2996633, 36.182753999799999 ], [ -115.2996633, 36.182751299799996 ], [ -115.299666, 36.182751299799996 ], [ -115.299666, 36.1827485998 ], [ -115.2996687, 36.1827485998 ], [ -115.2996687, 36.182745899799997 ], [ -115.2996714, 36.182745899799997 ], [ -115.2996714, 36.182743199799994 ], [ -115.2996795, 36.182743199799994 ], [ -115.2996795, 36.182740499799998 ], [ -115.2997038, 36.182740499799998 ], [ -115.2997038, 36.182743199799994 ], [ -115.29972, 36.182743199799994 ], [ -115.29972, 36.182745899799997 ], [ -115.2997254, 36.182745899799997 ], [ -115.2997254, 36.1827485998 ], [ -115.2997389, 36.1827485998 ], [ -115.2997389, 36.182751299799996 ], [ -115.299747, 36.182751299799996 ], [ -115.299747, 36.182753999799999 ], [ -115.2997551, 36.182753999799999 ], [ -115.2997551, 36.182756699799995 ], [ -115.2997578, 36.182756699799995 ], [ -115.2997578, 36.182759399799998 ], [ -115.2997605, 36.182759399799998 ], [ -115.2997605, 36.182762099799994 ], [ -115.2997632, 36.182762099799994 ], [ -115.2997632, 36.182764799799997 ], [ -115.2997659, 36.182764799799997 ], [ -115.2997659, 36.182767499799994 ], [ -115.2997686, 36.182767499799994 ], [ -115.2997686, 36.182770199799997 ], [ -115.299774, 36.182770199799997 ], [ -115.299774, 36.1827728998 ], [ -115.2997794, 36.1827728998 ], [ -115.2997794, 36.182775599799996 ], [ -115.2997821, 36.182775599799996 ], [ -115.2997821, 36.182778299799999 ], [ -115.2997848, 36.182778299799999 ], [ -115.2997848, 36.182780999799995 ], [ -115.2997875, 36.182780999799995 ], [ -115.2997875, 36.182786399799994 ], [ -115.2997902, 36.182786399799994 ], [ -115.2997902, 36.182789099799997 ], [ -115.2997929, 36.182789099799997 ], [ -115.2997929, 36.182791799799993 ], [ -115.2997956, 36.182791799799993 ], [ -115.2997956, 36.182794499799996 ], [ -115.299801, 36.182794499799996 ], [ -115.299801, 36.1827971998 ], [ -115.2998037, 36.1827971998 ], [ -115.2998037, 36.182799899799996 ], [ -115.2998091, 36.182799899799996 ], [ -115.2998091, 36.182802599799999 ], [ -115.2998118, 36.182802599799999 ], [ -115.2998118, 36.182805299799995 ], [ -115.2998145, 36.182805299799995 ], [ -115.2998145, 36.182807999799998 ], [ -115.2998172, 36.182807999799998 ], [ -115.2998172, 36.182810699799994 ], [ -115.2998199, 36.182810699799994 ], [ -115.2998199, 36.182813399799997 ], [ -115.2998226, 36.182813399799997 ], [ -115.2998226, 36.1828160998 ], [ -115.299828, 36.1828160998 ], [ -115.299828, 36.182818799799996 ], [ -115.2998334, 36.182818799799996 ], [ -115.2998334, 36.182821499799999 ], [ -115.2998388, 36.182821499799999 ], [ -115.2998388, 36.182824199799995 ], [ -115.2998442, 36.182824199799995 ], [ -115.2998442, 36.182834999799994 ], [ -115.2998415, 36.182834999799994 ], [ -115.2998415, 36.182837699799997 ], [ -115.2998388, 36.182837699799997 ], [ -115.2998388, 36.182843099799996 ], [ -115.2998361, 36.182843099799996 ], [ -115.2998361, 36.182845799799999 ], [ -115.2998334, 36.182845799799999 ], [ -115.2998334, 36.182848499799995 ], [ -115.2998307, 36.182848499799995 ], [ -115.2998307, 36.182851199799998 ], [ -115.299828, 36.182851199799998 ], [ -115.299828, 36.182856599799997 ], [ -115.2998253, 36.182856599799997 ], [ -115.2998253, 36.182859299799993 ], [ -115.2998199, 36.182859299799993 ], [ -115.2998199, 36.182861999799997 ], [ -115.2998172, 36.182861999799997 ], [ -115.2998172, 36.1828646998 ], [ -115.2998145, 36.1828646998 ], [ -115.2998145, 36.182867399799996 ], [ -115.2998091, 36.182867399799996 ], [ -115.2998091, 36.182870099799999 ], [ -115.2998037, 36.182870099799999 ], [ -115.2998037, 36.182872799799995 ], [ -115.2997983, 36.182872799799995 ], [ -115.2997983, 36.182875499799998 ], [ -115.2997929, 36.182875499799998 ], [ -115.2997929, 36.182878199799994 ] ] ] } },
{ "type": "Feature", "properties": { "value": 255.0 }, "geometry": { "type": "Polygon", "coordinates": [ [ [ -115.2987669, 36.1828646998 ], [ -115.2987615, 36.1828646998 ], [ -115.2987615, 36.182861999799997 ], [ -115.2987561, 36.182861999799997 ], [ -115.2987561, 36.182859299799993 ], [ -115.2987507, 36.182859299799993 ], [ -115.2987507, 36.182856599799997 ], [ -115.2987426, 36.182856599799997 ], [ -115.2987426, 36.182775599799996 ], [ -115.2987507, 36.182775599799996 ], [ -115.2987507, 36.1827728998 ], [ -115.2987615, 36.1827728998 ], [ -115.2987615, 36.182770199799997 ], [ -115.2987669, 36.182770199799997 ], [ -115.2987669, 36.182767499799994 ], [ -115.298775, 36.182767499799994 ], [ -115.298775, 36.182764799799997 ], [ -115.2987831, 36.182764799799997 ], [ -115.2987831, 36.182762099799994 ], [ -115.2988047, 36.182762099799994 ], [ -115.2988047, 36.182759399799998 ], [ -115.2988155, 36.182759399799998 ], [ -115.2988155, 36.182756699799995 ], [ -115.2988236, 36.182756699799995 ], [ -115.2988236, 36.182753999799999 ], [ -115.298829, 36.182753999799999 ], [ -115.298829, 36.182751299799996 ], [ -115.2988344, 36.182751299799996 ], [ -115.2988344, 36.1827485998 ], [ -115.2988371, 36.1827485998 ], [ -115.2988371, 36.182745899799997 ], [ -115.2988452, 36.182745899799997 ], [ -115.2988452, 36.182743199799994 ], [ -115.298856, 36.182743199799994 ], [ -115.298856, 36.182745899799997 ], [ -115.2988614, 36.182745899799997 ], [ -115.2988614, 36.1827485998 ], [ -115.2988668, 36.1827485998 ], [ -115.2988668, 36.182751299799996 ], [ -115.2988722, 36.182751299799996 ], [ -115.2988722, 36.182753999799999 ], [ -115.2988749, 36.182753999799999 ], [ -115.2988749, 36.182756699799995 ], [ -115.2988776, 36.182756699799995 ], [ -115.2988776, 36.182759399799998 ], [ -115.2988803, 36.182759399799998 ], [ -115.2988803, 36.182762099799994 ], [ -115.298883, 36.182762099799994 ], [ -115.298883, 36.182767499799994 ], [ -115.2988857, 36.182767499799994 ], [ -115.2988857, 36.182770199799997 ], [ -115.2988884, 36.182770199799997 ], [ -115.2988884, 36.182775599799996 ], [ -115.2988911, 36.182775599799996 ], [ -115.2988911, 36.182789099799997 ], [ -115.2988884, 36.182789099799997 ], [ -115.2988884, 36.182794499799996 ], [ -115.298883, 36.182794499799996 ], [ -115.298883, 36.1827971998 ], [ -115.2988803, 36.1827971998 ], [ -115.2988803, 36.182799899799996 ], [ -115.2988776, 36.182799899799996 ], [ -115.2988776, 36.182802599799999 ], [ -115.2988749, 36.182802599799999 ], [ -115.2988749, 36.182807999799998 ], [ -115.2988695, 36.182807999799998 ], [ -115.2988695, 36.182810699799994 ], [ -115.2988587, 36.182810699799994 ], [ -115.2988587, 36.182813399799997 ], [ -115.2988506, 36.182813399799997 ], [ -115.2988506, 36.1828160998 ], [ -115.2988452, 36.1828160998 ], [ -115.2988452, 36.182818799799996 ], [ -115.2988425, 36.182818799799996 ], [ -115.2988425, 36.182824199799995 ], [ -115.2988398, 36.182824199799995 ], [ -115.2988398, 36.182829599799994 ], [ -115.2988371, 36.182829599799994 ], [ -115.2988371, 36.182832299799998 ], [ -115.2988344, 36.182832299799998 ], [ -115.2988344, 36.182834999799994 ], [ -115.298829, 36.182834999799994 ], [ -115.298829, 36.182837699799997 ], [ -115.2988263, 36.182837699799997 ], [ -115.2988263, 36.1828403998 ], [ -115.2988209, 36.1828403998 ], [ -115.2988209, 36.182843099799996 ], [ -115.2988155, 36.182843099799996 ], [ -115.2988155, 36.182845799799999 ], [ -115.2988074, 36.182845799799999 ], [ -115.2988074, 36.182848499799995 ], [ -115.298802, 36.182848499799995 ], [ -115.298802, 36.182851199799998 ], [ -115.2987966, 36.182851199799998 ], [ -115.2987966, 36.182853899799994 ], [ -115.2987885, 36.182853899799994 ], [ -115.2987885, 36.182856599799997 ], [ -115.2987831, 36.182856599799997 ], [ -115.2987831, 36.182859299799993 ], [ -115.2987777, 36.182859299799993 ], [ -115.2987777, 36.182861999799997 ], [ -115.2987669, 36.182861999799997 ], [ -115.2987669, 36.1828646998 ] ] ] } },
{ "type": "Feature", "properties": { "value": 255.0 }, "geometry": { "type": "Polygon", "coordinates": [ [ [ -115.3002654, 36.182775599799996 ], [ -115.3002546, 36.182775599799996 ], [ -115.3002546, 36.1827728998 ], [ -115.3002492, 36.1827728998 ], [ -115.3002492, 36.182770199799997 ], [ -115.3002357, 36.182770199799997 ], [ -115.3002357, 36.1827728998 ], [ -115.3002168, 36.1827728998 ], [ -115.3002168, 36.182770199799997 ], [ -115.3002087, 36.182770199799997 ], [ -115.3002087, 36.182767499799994 ], [ -115.300206, 36.182767499799994 ], [ -115.300206, 36.182764799799997 ], [ -115.3002006, 36.182764799799997 ], [ -115.3002006, 36.182762099799994 ], [ -115.3001979, 36.182762099799994 ], [ -115.3001979, 36.182759399799998 ], [ -115.3001925, 36.182759399799998 ], [ -115.3001925, 36.182756699799995 ], [ -115.3001898, 36.182756699799995 ], [ -115.3001898, 36.182753999799999 ], [ -115.3001871, 36.182753999799999 ], [ -115.3001871, 36.182751299799996 ], [ -115.3001817, 36.182751299799996 ], [ -115.3001817, 36.1827485998 ], [ -115.300179, 36.1827485998 ], [ -115.300179, 36.182745899799997 ], [ -115.3001763, 36.182745899799997 ], [ -115.3001763, 36.182743199799994 ], [ -115.3001709, 36.182743199799994 ], [ -115.3001709, 36.182740499799998 ], [ -115.3001682, 36.182740499799998 ], [ -115.3001682, 36.182737799799995 ], [ -115.3001628, 36.182737799799995 ], [ -115.3001628, 36.182735099799999 ], [ -115.3001601, 36.182735099799999 ], [ -115.3001601, 36.182732399799995 ], [ -115.3001574, 36.182732399799995 ], [ -115.3001574, 36.182729699799999 ], [ -115.300152, 36.182729699799999 ], [ -115.300152, 36.182726999799996 ], [ -115.3001493, 36.182726999799996 ], [ -115.3001493, 36.182724299799993 ], [ -115.3001439, 36.182724299799993 ], [ -115.3001439, 36.182721599799997 ], [ -115.3001412, 36.182721599799997 ], [ -115.3001412, 36.182718899799994 ], [ -115.3001385, 36.182718899799994 ], [ -115.3001385, 36.182716199799998 ], [ -115.3001358, 36.182716199799998 ], [ -115.3001358, 36.182702699799997 ], [ -115.3002654, 36.182702699799997 ], [ -115.3002654, 36.182708099799996 ], [ -115.3002681, 36.182708099799996 ], [ -115.3002681, 36.182713499799995 ], [ -115.3002708, 36.182713499799995 ], [ -115.3002708, 36.182718899799994 ], [ -115.3002735, 36.182718899799994 ], [ -115.3002735, 36.182726999799996 ], [ -115.3002762, 36.182726999799996 ], [ -115.3002762, 36.182735099799999 ], [ -115.3002789, 36.182735099799999 ], [ -115.3002789, 36.182740499799998 ], [ -115.3002816, 36.182740499799998 ], [ -115.3002816, 36.182743199799994 ], [ -115.3002843, 36.182743199799994 ], [ -115.3002843, 36.182745899799997 ], [ -115.300287, 36.182745899799997 ], [ -115.300287, 36.1827485998 ], [ -115.3002897, 36.1827485998 ], [ -115.3002897, 36.182753999799999 ], [ -115.300287, 36.182753999799999 ], [ -115.300287, 36.182759399799998 ], [ -115.3002843, 36.182759399799998 ], [ -115.3002843, 36.182762099799994 ], [ -115.3002816, 36.182762099799994 ], [ -115.3002816, 36.182764799799997 ], [ -115.3002789, 36.182764799799997 ], [ -115.3002789, 36.182767499799994 ], [ -115.3002735, 36.182767499799994 ], [ -115.3002735, 36.182770199799997 ], [ -115.3002708, 36.182770199799997 ], [ -115.3002708, 36.1827728998 ], [ -115.3002654, 36.1827728998 ], [ -115.3002654, 36.182775599799996 ] ] ] } },
{ "type": "Feature", "properties": { "value": 255.0 }, "geometry": { "type": "Polygon", "coordinates": [ [ [ -115.2998685, 36.182802599799999 ], [ -115.299855, 36.182802599799999 ], [ -115.299855, 36.182799899799996 ], [ -115.2998496, 36.182799899799996 ], [ -115.2998496, 36.1827971998 ], [ -115.2998442, 36.1827971998 ], [ -115.2998442, 36.182794499799996 ], [ -115.2998415, 36.182794499799996 ], [ -115.2998415, 36.182791799799993 ], [ -115.2998388, 36.182791799799993 ], [ -115.2998388, 36.182789099799997 ], [ -115.2998361, 36.182789099799997 ], [ -115.2998361, 36.182786399799994 ], [ -115.2998307, 36.182786399799994 ], [ -115.2998307, 36.182783699799998 ], [ -115.299828, 36.182783699799998 ], [ -115.299828, 36.182780999799995 ], [ -115.2998226, 36.182780999799995 ], [ -115.2998226, 36.182778299799999 ], [ -115.2998199, 36.182778299799999 ], [ -115.2998199, 36.182775599799996 ], [ -115.2998172, 36.182775599799996 ], [ -115.2998172, 36.1827728998 ], [ -115.2998118, 36.1827728998 ], [ -115.2998118, 36.182770199799997 ], [ -115.2998091, 36.182770199799997 ], [ -115.2998091, 36.182767499799994 ], [ -115.2998064, 36.182767499799994 ], [ -115.2998064, 36.182764799799997 ], [ -115.299801, 36.182764799799997 ], [ -115.299801, 36.182762099799994 ], [ -115.2997983, 36.182762099799994 ], [ -115.2997983, 36.182759399799998 ], [ -115.2997956, 36.182759399799998 ], [ -115.2997956, 36.182756699799995 ], [ -115.2997902, 36.182756699799995 ], [ -115.2997902, 36.182753999799999 ], [ -115.2997875, 36.182753999799999 ], [ -115.2997875, 36.182751299799996 ], [ -115.2997821, 36.182751299799996 ], [ -115.2997821, 36.1827485998 ], [ -115.2997794, 36.1827485998 ], [ -115.2997794, 36.182737799799995 ], [ -115.2997767, 36.182737799799995 ], [ -115.2997767, 36.182729699799999 ], [ -115.299774, 36.182729699799999 ], [ -115.299774, 36.182726999799996 ], [ -115.2997713, 36.182726999799996 ], [ -115.2997713, 36.182724299799993 ], [ -115.2997686, 36.182724299799993 ], [ -115.2997686, 36.182721599799997 ], [ -115.2997659, 36.182721599799997 ], [ -115.2997659, 36.182718899799994 ], [ -115.2997632, 36.182718899799994 ], [ -115.2997632, 36.182716199799998 ], [ -115.2997605, 36.182716199799998 ], [ -115.2997605, 36.182713499799995 ], [ -115.2997578, 36.182713499799995 ], [ -115.2997578, 36.182710799799999 ], [ -115.2997551, 36.182710799799999 ], [ -115.2997551, 36.182708099799996 ], [ -115.2997524, 36.182708099799996 ], [ -115.2997524, 36.182702699799997 ], [ -115.2998631, 36.182702699799997 ], [ -115.2998631, 36.1827053998 ], [ -115.2998658, 36.1827053998 ], [ -115.2998658, 36.182710799799999 ], [ -115.2998685, 36.182710799799999 ], [ -115.2998685, 36.182713499799995 ], [ -115.2998712, 36.182713499799995 ], [ -115.2998712, 36.182716199799998 ], [ -115.2998739, 36.182716199799998 ], [ -115.2998739, 36.182718899799994 ], [ -115.2998766, 36.182718899799994 ], [ -115.2998766, 36.182721599799997 ], [ -115.2998793, 36.182721599799997 ], [ -115.2998793, 36.182724299799993 ], [ -115.299882, 36.182724299799993 ], [ -115.299882, 36.182726999799996 ], [ -115.2998847, 36.182726999799996 ], [ -115.2998847, 36.182729699799999 ], [ -115.2998901, 36.182729699799999 ], [ -115.2998901, 36.182732399799995 ], [ -115.2998928, 36.182732399799995 ], [ -115.2998928, 36.182735099799999 ], [ -115.2999009, 36.182735099799999 ], [ -115.2999009, 36.182737799799995 ], [ -115.2999063, 36.182737799799995 ], [ -115.2999063, 36.182740499799998 ], [ -115.2999117, 36.182740499799998 ], [ -115.2999117, 36.182743199799994 ], [ -115.2999144, 36.182743199799994 ], [ -115.2999144, 36.182751299799996 ], [ -115.2999171, 36.182751299799996 ], [ -115.2999171, 36.182753999799999 ], [ -115.2999144, 36.182753999799999 ], [ -115.2999144, 36.182764799799997 ], [ -115.2999117, 36.182764799799997 ], [ -115.2999117, 36.182767499799994 ], [ -115.299909, 36.182767499799994 ], [ -115.299909, 36.1827728998 ], [ -115.2999063, 36.1827728998 ], [ -115.2999063, 36.182775599799996 ], [ -115.2999036, 36.182775599799996 ], [ -115.2999036, 36.182778299799999 ], [ -115.2999009, 36.182778299799999 ], [ -115.2999009, 36.182780999799995 ], [ -115.2998982, 36.182780999799995 ], [ -115.2998982, 36.182783699799998 ], [ -115.2998955, 36.182783699799998 ], [ -115.2998955, 36.182786399799994 ], [ -115.2998901, 36.182786399799994 ], [ -115.2998901, 36.182789099799997 ], [ -115.2998874, 36.182789099799997 ], [ -115.2998874, 36.182791799799993 ], [ -115.2998847, 36.182791799799993 ], [ -115.2998847, 36.182794499799996 ], [ -115.2998793, 36.182794499799996 ], [ -115.2998793, 36.1827971998 ], [ -115.2998766, 36.1827971998 ], [ -115.2998766, 36.182799899799996 ], [ -115.2998685, 36.182799899799996 ], [ -115.2998685, 36.182802599799999 ] ] ] } },
{ "type": "Feature", "properties": { "value": 255.0 }, "geometry": { "type": "Polygon", "coordinates": [ [ [ -115.2992718, 36.182848499799995 ], [ -115.299261, 36.182848499799995 ], [ -115.299261, 36.182845799799999 ], [ -115.2992475, 36.182845799799999 ], [ -115.2992475, 36.182843099799996 ], [ -115.2992097, 36.182843099799996 ], [ -115.2992097, 36.1828403998 ], [ -115.299207, 36.1828403998 ], [ -115.299207, 36.182837699799997 ], [ -115.2992016, 36.182837699799997 ], [ -115.2992016, 36.182834999799994 ], [ -115.2991989, 36.182834999799994 ], [ -115.2991989, 36.182832299799998 ], [ -115.2991935, 36.182832299799998 ], [ -115.2991935, 36.182829599799994 ], [ -115.2991908, 36.182829599799994 ], [ -115.2991908, 36.182826899799998 ], [ -115.2991881, 36.182826899799998 ], [ -115.2991881, 36.182824199799995 ], [ -115.2991827, 36.182824199799995 ], [ -115.2991827, 36.182821499799999 ], [ -115.29918, 36.182821499799999 ], [ -115.29918, 36.182818799799996 ], [ -115.2991773, 36.182818799799996 ], [ -115.2991773, 36.1828160998 ], [ -115.2991719, 36.1828160998 ], [ -115.2991719, 36.182813399799997 ], [ -115.2991692, 36.182813399799997 ], [ -115.2991692, 36.182810699799994 ], [ -115.2991638, 36.182810699799994 ], [ -115.2991638, 36.182807999799998 ], [ -115.2991584, 36.182807999799998 ], [ -115.2991584, 36.182805299799995 ], [ -115.2991557, 36.182805299799995 ], [ -115.2991557, 36.182802599799999 ], [ -115.299153, 36.182802599799999 ], [ -115.299153, 36.182799899799996 ], [ -115.2991503, 36.182799899799996 ], [ -115.2991503, 36.182794499799996 ], [ -115.2991476, 36.182794499799996 ], [ -115.2991476, 36.182789099799997 ], [ -115.2991449, 36.182789099799997 ], [ -115.2991449, 36.182786399799994 ], [ -115.2991476, 36.182786399799994 ], [ -115.2991476, 36.182778299799999 ], [ -115.2991449, 36.182778299799999 ], [ -115.2991449, 36.182775599799996 ], [ -115.2991422, 36.182775599799996 ], [ -115.2991422, 36.1827728998 ], [ -115.2991368, 36.1827728998 ], [ -115.2991368, 36.182770199799997 ], [ -115.2991341, 36.182770199799997 ], [ -115.2991341, 36.182767499799994 ], [ -115.2991314, 36.182767499799994 ], [ -115.2991314, 36.182764799799997 ], [ -115.299126, 36.182764799799997 ], [ -115.299126, 36.182762099799994 ], [ -115.2991233, 36.182762099799994 ], [ -115.2991233, 36.182759399799998 ], [ -115.2991179, 36.182759399799998 ], [ -115.2991179, 36.182756699799995 ], [ -115.2991152, 36.182756699799995 ], [ -115.2991152, 36.182751299799996 ], [ -115.2991125, 36.182751299799996 ], [ -115.2991125, 36.1827485998 ], [ -115.2991098, 36.1827485998 ], [ -115.2991098, 36.182740499799998 ], [ -115.2991071, 36.182740499799998 ], [ -115.2991071, 36.182735099799999 ], [ -115.2991098, 36.182735099799999 ], [ -115.2991098, 36.182726999799996 ], [ -115.2991125, 36.182726999799996 ], [ -115.2991125, 36.182721599799997 ], [ -115.2991152, 36.182721599799997 ], [ -115.2991152, 36.182713499799995 ], [ -115.2991179, 36.182713499799995 ], [ -115.2991179, 36.182710799799999 ], [ -115.2991206, 36.182710799799999 ], [ -115.2991206, 36.182708099799996 ], [ -115.2991233, 36.182708099799996 ], [ -115.2991233, 36.1827053998 ], [ -115.299126, 36.1827053998 ], [ -115.299126, 36.182702699799997 ], [ -115.2991935, 36.182702699799997 ], [ -115.2991935, 36.182716199799998 ], [ -115.2991962, 36.182716199799998 ], [ -115.2991962, 36.182718899799994 ], [ -115.2991989, 36.182718899799994 ], [ -115.2991989, 36.182724299799993 ], [ -115.2992043, 36.182724299799993 ], [ -115.2992043, 36.182726999799996 ], [ -115.299207, 36.182726999799996 ], [ -115.299207, 36.182729699799999 ], [ -115.2992151, 36.182729699799999 ], [ -115.2992151, 36.182726999799996 ], [ -115.2992178, 36.182726999799996 ], [ -115.2992178, 36.182708099799996 ], [ -115.2992151, 36.182708099799996 ], [ -115.2992151, 36.182702699799997 ], [ -115.299342, 36.182702699799997 ], [ -115.299342, 36.182708099799996 ], [ -115.2993447, 36.182708099799996 ], [ -115.2993447, 36.182710799799999 ], [ -115.2993474, 36.182710799799999 ], [ -115.2993474, 36.182713499799995 ], [ -115.2993501, 36.182713499799995 ], [ -115.2993501, 36.182716199799998 ], [ -115.2993528, 36.182716199799998 ], [ -115.2993528, 36.182718899799994 ], [ -115.2993555, 36.182718899799994 ], [ -115.2993555, 36.182721599799997 ], [ -115.2993582, 36.182721599799997 ], [ -115.2993582, 36.182726999799996 ], [ -115.2993609, 36.182726999799996 ], [ -115.2993609, 36.182745899799997 ], [ -115.2993582, 36.182745899799997 ], [ -115.2993582, 36.182751299799996 ], [ -115.2993555, 36.182751299799996 ], [ -115.2993555, 36.182753999799999 ], [ -115.2993528, 36.182753999799999 ], [ -115.2993528, 36.182756699799995 ], [ -115.2993501, 36.182756699799995 ], [ -115.2993501, 36.182759399799998 ], [ -115.2993474, 36.182759399799998 ], [ -115.2993474, 36.182762099799994 ], [ -115.2993447, 36.182762099799994 ], [ -115.2993447, 36.182764799799997 ], [ -115.299342, 36.182764799799997 ], [ -115.299342, 36.182767499799994 ], [ -115.2993366, 36.182767499799994 ], [ -115.2993366, 36.182770199799997 ], [ -115.2993339, 36.182770199799997 ], [ -115.2993339, 36.1827728998 ], [ -115.2993312, 36.1827728998 ], [ -115.2993312, 36.182775599799996 ], [ -115.2993258, 36.182775599799996 ], [ -115.2993258, 36.182778299799999 ], [ -115.2993204, 36.182778299799999 ], [ -115.2993204, 36.182780999799995 ], [ -115.2993015, 36.182780999799995 ], [ -115.2993015, 36.182778299799999 ], [ -115.2992961, 36.182778299799999 ], [ -115.2992961, 36.182775599799996 ], [ -115.2992934, 36.182775599799996 ], [ -115.2992934, 36.1827728998 ], [ -115.2992907, 36.1827728998 ], [ -115.2992907, 36.182770199799997 ], [ -115.2992853, 36.182770199799997 ], [ -115.2992853, 36.182767499799994 ], [ -115.2992826, 36.182767499799994 ], [ -115.2992826, 36.182764799799997 ], [ -115.2992772, 36.182764799799997 ], [ -115.2992772, 36.182762099799994 ], [ -115.2992745, 36.182762099799994 ], [ -115.2992745, 36.182759399799998 ], [ -115.2992691, 36.182759399799998 ], [ -115.2992691, 36.182756699799995 ], [ -115.2992664, 36.182756699799995 ], [ -115.2992664, 36.182753999799999 ], [ -115.299261, 36.182753999799999 ], [ -115.299261, 36.182751299799996 ], [ -115.2992556, 36.182751299799996 ], [ -115.2992556, 36.1827485998 ], [ -115.2992502, 36.1827485998 ], [ -115.2992502, 36.182745899799997 ], [ -115.2992448, 36.182745899799997 ], [ -115.2992448, 36.182743199799994 ], [ -115.2992367, 36.182743199799994 ], [ -115.2992367, 36.182740499799998 ], [ -115.2992313, 36.182740499799998 ], [ -115.2992313, 36.182737799799995 ], [ -115.2992259, 36.182737799799995 ], [ -115.2992259, 36.182740499799998 ], [ -115.2992286, 36.182740499799998 ], [ -115.2992286, 36.182743199799994 ], [ -115.299234, 36.182743199799994 ], [ -115.299234, 36.182745899799997 ], [ -115.2992367, 36.182745899799997 ], [ -115.2992367, 36.182753999799999 ], [ -115.2992394, 36.182753999799999 ], [ -115.2992394, 36.182759399799998 ], [ -115.2992421, 36.182759399799998 ], [ -115.2992421, 36.182762099799994 ], [ -115.2992448, 36.182762099799994 ], [ -115.2992448, 36.182767499799994 ], [ -115.2992475, 36.182767499799994 ], [ -115.2992475, 36.182770199799997 ], [ -115.2992502, 36.182770199799997 ], [ -115.2992502, 36.1827728998 ], [ -115.2992529, 36.1827728998 ], [ -115.2992529, 36.182775599799996 ], [ -115.2992556, 36.182775599799996 ], [ -115.2992556, 36.182778299799999 ], [ -115.299261, 36.182778299799999 ], [ -115.299261, 36.182780999799995 ], [ -115.2992637, 36.182780999799995 ], [ -115.2992637, 36.182783699799998 ], [ -115.2992718, 36.182783699799998 ], [ -115.2992718, 36.182786399799994 ], [ -115.2992772, 36.182786399799994 ], [ -115.2992772, 36.182789099799997 ], [ -115.2992799, 36.182789099799997 ], [ -115.2992799, 36.182791799799993 ], [ -115.2992853, 36.182791799799993 ], [ -115.2992853, 36.182794499799996 ], [ -115.299288, 36.182794499799996 ], [ -115.299288, 36.1827971998 ], [ -115.2992934, 36.1827971998 ], [ -115.2992934, 36.182799899799996 ], [ -115.2992961, 36.182799899799996 ], [ -115.2992961, 36.182802599799999 ], [ -115.2992988, 36.182802599799999 ], [ -115.2992988, 36.182805299799995 ], [ -115.2993015, 36.182805299799995 ], [ -115.2993015, 36.182807999799998 ], [ -115.2993042, 36.182807999799998 ], [ -115.2993042, 36.1828160998 ], [ -115.2993015, 36.1828160998 ], [ -115.2993015, 36.182821499799999 ], [ -115.2992988, 36.182821499799999 ], [ -115.2992988, 36.182824199799995 ], [ -115.2992961, 36.182824199799995 ], [ -115.2992961, 36.182826899799998 ], [ -115.2992934, 36.182826899799998 ], [ -115.2992934, 36.182829599799994 ], [ -115.2992907, 36.182829599799994 ], [ -115.2992907, 36.182832299799998 ], [ -115.299288, 36.182832299799998 ], [ -115.299288, 36.182834999799994 ], [ -115.2992853, 36.182834999799994 ], [ -115.2992853, 36.182837699799997 ], [ -115.2992826, 36.182837699799997 ], [ -115.2992826, 36.1828403998 ], [ -115.2992799, 36.1828403998 ], [ -115.2992799, 36.182843099799996 ], [ -115.2992772, 36.182843099799996 ], [ -115.2992772, 36.182845799799999 ], [ -115.2992718, 36.182845799799999 ], [ -115.2992718, 36.182848499799995 ] ] ] } },
{ "type": "Feature", "properties": { "value": 255.0 }, "geometry": { "type": "Polygon", "coordinates": [ [ [ -115.2987534, 36.182740499799998 ], [ -115.2987426, 36.182740499799998 ], [ -115.2987426, 36.182702699799997 ], [ -115.2988074, 36.182702699799997 ], [ -115.2988074, 36.182710799799999 ], [ -115.2988047, 36.182710799799999 ], [ -115.2988047, 36.182713499799995 ], [ -115.298802, 36.182713499799995 ], [ -115.298802, 36.182716199799998 ], [ -115.2987993, 36.182716199799998 ], [ -115.2987993, 36.182718899799994 ], [ -115.2987966, 36.182718899799994 ], [ -115.2987966, 36.182721599799997 ], [ -115.2987912, 36.182721599799997 ], [ -115.2987912, 36.182724299799993 ], [ -115.2987858, 36.182724299799993 ], [ -115.2987858, 36.182726999799996 ], [ -115.2987804, 36.182726999799996 ], [ -115.2987804, 36.182729699799999 ], [ -115.2987723, 36.182729699799999 ], [ -115.2987723, 36.182732399799995 ], [ -115.2987669, 36.182732399799995 ], [ -115.2987669, 36.182735099799999 ], [ -115.2987615, 36.182735099799999 ], [ -115.2987615, 36.182737799799995 ], [ -115.2987534, 36.182737799799995 ], [ -115.2987534, 36.182740499799998 ] ] ] } },
{ "type": "Feature", "properties": { "value": 255.0 }, "geometry": { "type": "Polygon", "coordinates": [ [ [ -115.2999603, 36.182732399799995 ], [ -115.299936, 36.182732399799995 ], [ -115.299936, 36.182729699799999 ], [ -115.2999306, 36.182729699799999 ], [ -115.2999306, 36.182726999799996 ], [ -115.2999279, 36.182726999799996 ], [ -115.2999279, 36.182724299799993 ], [ -115.2999225, 36.182724299799993 ], [ -115.2999225, 36.182721599799997 ], [ -115.2999198, 36.182721599799997 ], [ -115.2999198, 36.182718899799994 ], [ -115.2999171, 36.182718899799994 ], [ -115.2999171, 36.182716199799998 ], [ -115.2999117, 36.182716199799998 ], [ -115.2999117, 36.182713499799995 ], [ -115.299909, 36.182713499799995 ], [ -115.299909, 36.182710799799999 ], [ -115.2999063, 36.182710799799999 ], [ -115.2999063, 36.182708099799996 ], [ -115.2999036, 36.182708099799996 ], [ -115.2999036, 36.1827053998 ], [ -115.2999009, 36.1827053998 ], [ -115.2999009, 36.182702699799997 ], [ -115.2999927, 36.182702699799997 ], [ -115.2999927, 36.1827053998 ], [ -115.29999, 36.1827053998 ], [ -115.29999, 36.182710799799999 ], [ -115.2999873, 36.182710799799999 ], [ -115.2999873, 36.182713499799995 ], [ -115.2999846, 36.182713499799995 ], [ -115.2999846, 36.182716199799998 ], [ -115.2999819, 36.182716199799998 ], [ -115.2999819, 36.182718899799994 ], [ -115.2999792, 36.182718899799994 ], [ -115.2999792, 36.182721599799997 ], [ -115.2999738, 36.182721599799997 ], [ -115.2999738, 36.182724299799993 ], [ -115.2999711, 36.182724299799993 ], [ -115.2999711, 36.182726999799996 ], [ -115.2999657, 36.182726999799996 ], [ -115.2999657, 36.182729699799999 ], [ -115.2999603, 36.182729699799999 ], [ -115.2999603, 36.182732399799995 ] ] ] } }
]
}
