{
"type": "FeatureCollection",
"crs": { "type": "name", "properties": { "name": "urn:ogc:def:crs:OGC:1.3:CRS84" } },
"features": [
{ "type": "Feature", "properties": { "value": 255.0 }, "geometry": { "type": "Polygon", "coordinates": [ [ [ -115.2361404, 36.147602699799997 ], [ -115.2359487, 36.147602699799997 ], [ -115.2359487, 36.147599999799993 ], [ -115.2359514, 36.147599999799993 ], [ -115.2359514, 36.147594599799994 ], [ -115.2359541, 36.147594599799994 ], [ -115.2359541, 36.147591899799998 ], [ -115.235973, 36.147591899799998 ], [ -115.235973, 36.147594599799994 ], [ -115.2359892, 36.147594599799994 ], [ -115.2359892, 36.147597299799997 ], [ -115.2360189, 36.147597299799997 ], [ -115.2360189, 36.147594599799994 ], [ -115.2360432, 36.147594599799994 ], [ -115.2360432, 36.147591899799998 ], [ -115.2361269, 36.147591899799998 ], [ -115.2361269, 36.147594599799994 ], [ -115.236135, 36.147594599799994 ], [ -115.236135, 36.147597299799997 ], [ -115.2361377, 36.147597299799997 ], [ -115.2361377, 36.147599999799993 ], [ -115.2361404, 36.147599999799993 ], [ -115.2361404, 36.147602699799997 ] ] ] } },
{ "type": "Feature", "properties": { "value": 255.0 }, "geometry": { "type": "Polygon", "coordinates": [ [ [ -115.2370287, 36.147602699799997 ], [ -115.2369423, 36.147602699799997 ], [ -115.2369423, 36.147597299799997 ], [ -115.236945, 36.147597299799997 ], [ -115.236945, 36.147589199799995 ], [ -115.2369477, 36.147589199799995 ], [ -115.2369477, 36.147586499799999 ], [ -115.2369666, 36.147586499799999 ], [ -115.2369666, 36.147583799799996 ], [ -115.2369936, 36.147583799799996 ], [ -115.2369936, 36.147586499799999 ], [ -115.2370098, 36.147586499799999 ], [ -115.2370098, 36.147589199799995 ], [ -115.2370152, 36.147589199799995 ], [ -115.2370152, 36.147591899799998 ], [ -115.2370206, 36.147591899799998 ], [ -115.2370206, 36.147594599799994 ], [ -115.2370233, 36.147594599799994 ], [ -115.2370233, 36.147597299799997 ], [ -115.237026, 36.147597299799997 ], [ -115.237026, 36.147599999799993 ], [ -115.2370287, 36.147599999799993 ], [ -115.2370287, 36.147602699799997 ] ] ] } },
{ "type": "Feature", "properties": { "value": 255.0 }, "geometry": { "type": "Polygon", "coordinates": [ [ [ -115.2356706, 36.147602699799997 ], [ -115.2355923, 36.147602699799997 ], [ -115.2355923, 36.147594599799994 ], [ -115.235595, 36.147594599799994 ], [ -115.235595, 36.147591899799998 ], [ -115.2355977, 36.147591899799998 ], [ -115.2355977, 36.147589199799995 ], [ -115.2356004, 36.147589199799995 ], [ -115.2356004, 36.147586499799999 ], [ -115.235605799999988, 36.147586499799999 ], [ -115.235605799999988, 36.147583799799996 ], [ -115.2356112, 36.147583799799996 ], [ -115.2356112, 36.1475810998 ], [ -115.2356301, 36.1475810998 ], [ -115.2356301, 36.147578399799997 ], [ -115.2356571, 36.147578399799997 ], [ -115.2356571, 36.147575699799994 ], [ -115.2356598, 36.147575699799994 ], [ -115.2356598, 36.147578399799997 ], [ -115.2356679, 36.147578399799997 ], [ -115.2356679, 36.147583799799996 ], [ -115.2356706, 36.147583799799996 ], [ -115.2356706, 36.147602699799997 ] ] ] } },
{ "type": "Feature", "properties": { "value": 255.0 }, "geometry": { "type": "Polygon", "coordinates": [ [ [ -115.2373176, 36.147602699799997 ], [ -115.2371124, 36.147602699799997 ], [ -115.2371124, 36.147594599799994 ], [ -115.2371151, 36.147594599799994 ], [ -115.2371151, 36.147589199799995 ], [ -115.2371178, 36.147589199799995 ], [ -115.2371178, 36.147583799799996 ], [ -115.2371205, 36.147583799799996 ], [ -115.2371205, 36.1475810998 ], [ -115.2371232, 36.1475810998 ], [ -115.2371232, 36.147575699799994 ], [ -115.2371259, 36.147575699799994 ], [ -115.2371259, 36.147572999799998 ], [ -115.2371286, 36.147572999799998 ], [ -115.2371286, 36.147570299799995 ], [ -115.237134, 36.147570299799995 ], [ -115.237134, 36.147567599799999 ], [ -115.2371367, 36.147567599799999 ], [ -115.2371367, 36.147564899799995 ], [ -115.2371448, 36.147564899799995 ], [ -115.2371448, 36.147562199799999 ], [ -115.237161, 36.147562199799999 ], [ -115.237161, 36.147559499799996 ], [ -115.2372258, 36.147559499799996 ], [ -115.2372258, 36.147562199799999 ], [ -115.2372366, 36.147562199799999 ], [ -115.2372366, 36.147564899799995 ], [ -115.2372447, 36.147564899799995 ], [ -115.2372447, 36.147567599799999 ], [ -115.2372528, 36.147567599799999 ], [ -115.2372528, 36.147570299799995 ], [ -115.2372609, 36.147570299799995 ], [ -115.2372609, 36.147572999799998 ], [ -115.2372825, 36.147572999799998 ], [ -115.2372825, 36.147570299799995 ], [ -115.2373068, 36.147570299799995 ], [ -115.2373068, 36.147572999799998 ], [ -115.2373095, 36.147572999799998 ], [ -115.2373095, 36.147575699799994 ], [ -115.2373176, 36.147575699799994 ], [ -115.2373176, 36.147602699799997 ] ] ] } },
{ "type": "Feature", "properties": { "value": 255.0 }, "geometry": { "type": "Polygon", "coordinates": [ [ [ -115.2365778, 36.147602699799997 ], [ -115.2364536, 36.147602699799997 ], [ -115.2364536, 36.147599999799993 ], [ -115.2364563, 36.147599999799993 ], [ -115.2364563, 36.147567599799999 ], [ -115.236459, 36.147567599799999 ], [ -115.236459, 36.147564899799995 ], [ -115.2365319, 36.147564899799995 ], [ -115.2365319, 36.147562199799999 ], [ -115.2365697, 36.147562199799999 ], [ -115.2365697, 36.147564899799995 ], [ -115.2365724, 36.147564899799995 ], [ -115.2365724, 36.147591899799998 ], [ -115.2365751, 36.147591899799998 ], [ -115.2365751, 36.147599999799993 ], [ -115.2365778, 36.147599999799993 ], [ -115.2365778, 36.147602699799997 ] ] ] } },
{ "type": "Feature", "properties": { "value": 255.0 }, "geometry": { "type": "Polygon", "coordinates": [ [ [ -115.2358866, 36.147602699799997 ], [ -115.2357246, 36.147602699799997 ], [ -115.2357246, 36.147591899799998 ], [ -115.2357273, 36.147591899799998 ], [ -115.2357273, 36.147589199799995 ], [ -115.2357327, 36.147589199799995 ], [ -115.2357327, 36.147586499799999 ], [ -115.2357381, 36.147586499799999 ], [ -115.2357381, 36.147583799799996 ], [ -115.2357435, 36.147583799799996 ], [ -115.2357435, 36.1475810998 ], [ -115.2357624, 36.1475810998 ], [ -115.2357624, 36.147583799799996 ], [ -115.2357732, 36.147583799799996 ], [ -115.2357732, 36.1475810998 ], [ -115.2357759, 36.1475810998 ], [ -115.2357759, 36.147578399799997 ], [ -115.235778599999989, 36.147578399799997 ], [ -115.235778599999989, 36.147575699799994 ], [ -115.2357813, 36.147575699799994 ], [ -115.2357813, 36.147572999799998 ], [ -115.2358137, 36.147572999799998 ], [ -115.2358137, 36.147570299799995 ], [ -115.2358218, 36.147570299799995 ], [ -115.2358218, 36.147567599799999 ], [ -115.235827199999989, 36.147567599799999 ], [ -115.235827199999989, 36.147564899799995 ], [ -115.2358326, 36.147564899799995 ], [ -115.2358326, 36.147562199799999 ], [ -115.235846099999989, 36.147562199799999 ], [ -115.235846099999989, 36.147564899799995 ], [ -115.2358785, 36.147564899799995 ], [ -115.2358785, 36.147567599799999 ], [ -115.2358866, 36.147567599799999 ], [ -115.2358866, 36.147602699799997 ] ] ] } },
{ "type": "Feature", "properties": { "value": 255.0 }, "geometry": { "type": "Polygon", "coordinates": [ [ [ -115.236351, 36.147602699799997 ], [ -115.2361755, 36.147602699799997 ], [ -115.2361755, 36.147567599799999 ], [ -115.2361782, 36.147567599799999 ], [ -115.2361782, 36.147564899799995 ], [ -115.236189, 36.147564899799995 ], [ -115.236189, 36.147562199799999 ], [ -115.2362025, 36.147562199799999 ], [ -115.2362025, 36.147564899799995 ], [ -115.2362079, 36.147564899799995 ], [ -115.2362079, 36.147562199799999 ], [ -115.236213299999989, 36.147562199799999 ], [ -115.236213299999989, 36.147564899799995 ], [ -115.236232199999989, 36.147564899799995 ], [ -115.236232199999989, 36.147567599799999 ], [ -115.2362727, 36.147567599799999 ], [ -115.2362727, 36.147564899799995 ], [ -115.2362943, 36.147564899799995 ], [ -115.2362943, 36.147562199799999 ], [ -115.2363078, 36.147562199799999 ], [ -115.2363078, 36.147559499799996 ], [ -115.2363294, 36.147559499799996 ], [ -115.2363294, 36.1475567998 ], [ -115.2363402, 36.1475567998 ], [ -115.2363402, 36.147559499799996 ], [ -115.236348299999989, 36.147559499799996 ], [ -115.236348299999989, 36.147562199799999 ], [ -115.2363537, 36.147562199799999 ], [ -115.2363537, 36.147589199799995 ], [ -115.236351, 36.147589199799995 ], [ -115.236351, 36.147602699799997 ] ] ] } },
{ "type": "Feature", "properties": { "value": 255.0 }, "geometry": { "type": "Polygon", "coordinates": [ [ [ -115.236864, 36.147602699799997 ], [ -115.2366777, 36.147602699799997 ], [ -115.2366777, 36.147599999799993 ], [ -115.2366804, 36.147599999799993 ], [ -115.2366804, 36.147591899799998 ], [ -115.2366831, 36.147591899799998 ], [ -115.2366831, 36.147575699799994 ], [ -115.236685799999989, 36.147575699799994 ], [ -115.236685799999989, 36.1475567998 ], [ -115.2366885, 36.1475567998 ], [ -115.2366885, 36.147554099799997 ], [ -115.236729, 36.147554099799997 ], [ -115.236729, 36.147551399799994 ], [ -115.2367479, 36.147551399799994 ], [ -115.2367479, 36.147548699799998 ], [ -115.2367803, 36.147548699799998 ], [ -115.2367803, 36.147551399799994 ], [ -115.2367857, 36.147551399799994 ], [ -115.2367857, 36.147554099799997 ], [ -115.2367911, 36.147554099799997 ], [ -115.2367911, 36.1475567998 ], [ -115.2367965, 36.1475567998 ], [ -115.2367965, 36.147559499799996 ], [ -115.2367992, 36.147559499799996 ], [ -115.2367992, 36.147562199799999 ], [ -115.2368073, 36.147562199799999 ], [ -115.2368073, 36.147564899799995 ], [ -115.2368343, 36.147564899799995 ], [ -115.2368343, 36.147567599799999 ], [ -115.2368397, 36.147567599799999 ], [ -115.2368397, 36.147572999799998 ], [ -115.2368424, 36.147572999799998 ], [ -115.2368424, 36.147575699799994 ], [ -115.2368397, 36.147575699799994 ], [ -115.2368397, 36.147589199799995 ], [ -115.2368424, 36.147589199799995 ], [ -115.2368424, 36.147591899799998 ], [ -115.2368559, 36.147591899799998 ], [ -115.2368559, 36.147594599799994 ], [ -115.2368613, 36.147594599799994 ], [ -115.2368613, 36.147597299799997 ], [ -115.236864, 36.147597299799997 ], [ -115.236864, 36.147602699799997 ] ] ] } },
{ "type": "Feature", "properties": { "value": 255.0 }, "geometry": { "type": "Polygon", "coordinates": [ [ [ -115.2364347, 36.147486599799997 ], [ -115.236415799999989, 36.147486599799997 ], [ -115.236415799999989, 36.147483899799994 ], [ -115.2364131, 36.147483899799994 ], [ -115.2364131, 36.147481199799998 ], [ -115.2364104, 36.147481199799998 ], [ -115.2364104, 36.147467699799996 ], [ -115.2364131, 36.147467699799996 ], [ -115.2364131, 36.1474649998 ], [ -115.2364185, 36.1474649998 ], [ -115.2364185, 36.147462299799997 ], [ -115.2364293, 36.147462299799997 ], [ -115.2364293, 36.1474649998 ], [ -115.2364401, 36.1474649998 ], [ -115.2364401, 36.1474703998 ], [ -115.2364428, 36.1474703998 ], [ -115.2364428, 36.147475799799999 ], [ -115.2364401, 36.147475799799999 ], [ -115.2364401, 36.147483899799994 ], [ -115.2364347, 36.147483899799994 ], [ -115.2364347, 36.147486599799997 ] ] ] } },
{ "type": "Feature", "properties": { "value": 255.0 }, "geometry": { "type": "Polygon", "coordinates": [ [ [ -115.2364239, 36.147359699799999 ], [ -115.236415799999989, 36.147359699799999 ], [ -115.236415799999989, 36.147356999799996 ], [ -115.2364131, 36.147356999799996 ], [ -115.2364131, 36.147340799799998 ], [ -115.2364104, 36.147340799799998 ], [ -115.2364104, 36.1473056998 ], [ -115.2364131, 36.1473056998 ], [ -115.2364131, 36.147300299799994 ], [ -115.236415799999989, 36.147300299799994 ], [ -115.236415799999989, 36.147297599799998 ], [ -115.2364239, 36.147297599799998 ], [ -115.2364239, 36.147300299799994 ], [ -115.2364266, 36.147300299799994 ], [ -115.2364266, 36.147302999799997 ], [ -115.2364293, 36.147302999799997 ], [ -115.2364293, 36.1473056998 ], [ -115.236432, 36.1473056998 ], [ -115.236432, 36.1473110998 ], [ -115.2364347, 36.1473110998 ], [ -115.2364347, 36.147327299799997 ], [ -115.2364374, 36.147327299799997 ], [ -115.2364374, 36.147343499799995 ], [ -115.2364347, 36.147343499799995 ], [ -115.2364347, 36.147356999799996 ], [ -115.2364239, 36.147356999799996 ], [ -115.2364239, 36.147359699799999 ] ] ] } },
{ "type": "Feature", "properties": { "value": 255.0 }, "geometry": { "type": "Polygon", "coordinates": [ [ [ -115.2355869, 36.147440699799994 ], [ -115.2355788, 36.147440699799994 ], [ -115.2355788, 36.147437999799997 ], [ -115.2355734, 36.147437999799997 ], [ -115.2355734, 36.147429899799995 ], [ -115.2355707, 36.147429899799995 ], [ -115.2355707, 36.147416399799994 ], [ -115.235568, 36.147416399799994 ], [ -115.235568, 36.147410999799995 ], [ -115.2355626, 36.147410999799995 ], [ -115.2355626, 36.147270599799995 ], [ -115.2356085, 36.147270599799995 ], [ -115.2356085, 36.147273299799998 ], [ -115.2356328, 36.147273299799998 ], [ -115.2356328, 36.147275999799994 ], [ -115.2356409, 36.147275999799994 ], [ -115.2356409, 36.147278699799998 ], [ -115.2356463, 36.147278699799998 ], [ -115.2356463, 36.1472867998 ], [ -115.235649, 36.1472867998 ], [ -115.235649, 36.147338099799995 ], [ -115.2356463, 36.147338099799995 ], [ -115.2356463, 36.147351599799997 ], [ -115.235643599999989, 36.147351599799997 ], [ -115.235643599999989, 36.147356999799996 ], [ -115.2356409, 36.147356999799996 ], [ -115.2356409, 36.147394799799997 ], [ -115.2356382, 36.147394799799997 ], [ -115.2356382, 36.1473974998 ], [ -115.2356355, 36.1473974998 ], [ -115.2356355, 36.147400199799996 ], [ -115.2356301, 36.147400199799996 ], [ -115.2356301, 36.147402899799999 ], [ -115.2356274, 36.147402899799999 ], [ -115.2356274, 36.147405599799995 ], [ -115.235624699999988, 36.147405599799995 ], [ -115.235624699999988, 36.147413699799998 ], [ -115.2356274, 36.147413699799998 ], [ -115.2356274, 36.147424499799996 ], [ -115.2356301, 36.147424499799996 ], [ -115.2356301, 36.147435299799994 ], [ -115.2356274, 36.147435299799994 ], [ -115.2356274, 36.147437999799997 ], [ -115.2355869, 36.147437999799997 ], [ -115.2355869, 36.147440699799994 ] ] ] } },
{ "type": "Feature", "properties": { "value": 255.0 }, "geometry": { "type": "Polygon", "coordinates": [ [ [ -115.2364995, 36.147392099799994 ], [ -115.236486, 36.147392099799994 ], [ -115.236486, 36.147389399799998 ], [ -115.236483299999989, 36.147389399799998 ], [ -115.236483299999989, 36.147386699799995 ], [ -115.2364779, 36.147386699799995 ], [ -115.2364779, 36.147381299799996 ], [ -115.2364752, 36.147381299799996 ], [ -115.2364752, 36.147375899799997 ], [ -115.2364725, 36.147375899799997 ], [ -115.2364725, 36.147370499799997 ], [ -115.2364698, 36.147370499799997 ], [ -115.2364698, 36.147365099799998 ], [ -115.2364671, 36.147365099799998 ], [ -115.2364671, 36.147359699799999 ], [ -115.2364644, 36.147359699799999 ], [ -115.2364644, 36.147316499799999 ], [ -115.2364617, 36.147316499799999 ], [ -115.2364617, 36.147313799799996 ], [ -115.236459, 36.147313799799996 ], [ -115.236459, 36.1473110998 ], [ -115.2364455, 36.1473110998 ], [ -115.2364455, 36.147308399799996 ], [ -115.2364428, 36.147308399799996 ], [ -115.2364428, 36.1472867998 ], [ -115.2364455, 36.1472867998 ], [ -115.2364455, 36.147259799799997 ], [ -115.2364482, 36.147259799799997 ], [ -115.2364482, 36.147248999799999 ], [ -115.2364509, 36.147248999799999 ], [ -115.2364509, 36.147246299799995 ], [ -115.2364563, 36.147246299799995 ], [ -115.2364563, 36.147243599799999 ], [ -115.2365373, 36.147243599799999 ], [ -115.2365373, 36.147246299799995 ], [ -115.2365535, 36.147246299799995 ], [ -115.2365535, 36.147248999799999 ], [ -115.2365589, 36.147248999799999 ], [ -115.2365589, 36.147251699799995 ], [ -115.2365643, 36.147251699799995 ], [ -115.2365643, 36.147254399799998 ], [ -115.236567, 36.147254399799998 ], [ -115.236567, 36.147257099800001 ], [ -115.2365697, 36.147257099800001 ], [ -115.2365697, 36.147259799799997 ], [ -115.2365751, 36.147259799799997 ], [ -115.2365751, 36.1472624998 ], [ -115.2365886, 36.1472624998 ], [ -115.2365886, 36.147265199799996 ], [ -115.2366102, 36.147265199799996 ], [ -115.2366102, 36.147267899799999 ], [ -115.2366129, 36.147267899799999 ], [ -115.2366129, 36.147275999799994 ], [ -115.2366156, 36.147275999799994 ], [ -115.2366156, 36.1473056998 ], [ -115.236618299999989, 36.1473056998 ], [ -115.236618299999989, 36.147365099799998 ], [ -115.2366156, 36.147365099799998 ], [ -115.2366156, 36.147367799799994 ], [ -115.2365859, 36.147367799799994 ], [ -115.2365859, 36.147365099799998 ], [ -115.236567, 36.147365099799998 ], [ -115.236567, 36.147367799799994 ], [ -115.2365562, 36.147367799799994 ], [ -115.2365562, 36.147370499799997 ], [ -115.2365481, 36.147370499799997 ], [ -115.2365481, 36.147373199800001 ], [ -115.2365454, 36.147373199800001 ], [ -115.2365454, 36.147375899799997 ], [ -115.2365346, 36.147375899799997 ], [ -115.2365346, 36.1473785998 ], [ -115.2365292, 36.1473785998 ], [ -115.2365292, 36.147381299799996 ], [ -115.2365265, 36.147381299799996 ], [ -115.2365265, 36.147383999799999 ], [ -115.2365238, 36.147383999799999 ], [ -115.2365238, 36.147386699799995 ], [ -115.2365157, 36.147386699799995 ], [ -115.2365157, 36.147389399799998 ], [ -115.2364995, 36.147389399799998 ], [ -115.2364995, 36.147392099799994 ] ] ] } },
{ "type": "Feature", "properties": { "value": 255.0 }, "geometry": { "type": "Polygon", "coordinates": [ [ [ -115.2361404, 36.147427199799999 ], [ -115.2360351, 36.147427199799999 ], [ -115.2360351, 36.147424499799996 ], [ -115.236029699999989, 36.147424499799996 ], [ -115.236029699999989, 36.1474217998 ], [ -115.2360216, 36.1474217998 ], [ -115.2360216, 36.147419099799997 ], [ -115.2359838, 36.147419099799997 ], [ -115.2359838, 36.1474217998 ], [ -115.2359649, 36.1474217998 ], [ -115.2359649, 36.147424499799996 ], [ -115.2359568, 36.147424499799996 ], [ -115.2359568, 36.1474217998 ], [ -115.2359487, 36.1474217998 ], [ -115.2359487, 36.147416399799994 ], [ -115.235946, 36.147416399799994 ], [ -115.235946, 36.1473110998 ], [ -115.2359487, 36.1473110998 ], [ -115.2359487, 36.147302999799997 ], [ -115.2359514, 36.147302999799997 ], [ -115.2359514, 36.147297599799998 ], [ -115.2359541, 36.147297599799998 ], [ -115.2359541, 36.147294899799995 ], [ -115.2359568, 36.147294899799995 ], [ -115.2359568, 36.147292199799999 ], [ -115.235962199999989, 36.147292199799999 ], [ -115.235962199999989, 36.1472867998 ], [ -115.2359649, 36.1472867998 ], [ -115.2359649, 36.147281399800001 ], [ -115.235962199999989, 36.147281399800001 ], [ -115.235962199999989, 36.147273299799998 ], [ -115.2359595, 36.147273299799998 ], [ -115.2359595, 36.1472624998 ], [ -115.235962199999989, 36.1472624998 ], [ -115.235962199999989, 36.147259799799997 ], [ -115.2359703, 36.147259799799997 ], [ -115.2359703, 36.147257099800001 ], [ -115.236010799999988, 36.147257099800001 ], [ -115.236010799999988, 36.147254399799998 ], [ -115.236027, 36.147254399799998 ], [ -115.236027, 36.147251699799995 ], [ -115.2360432, 36.147251699799995 ], [ -115.2360432, 36.147254399799998 ], [ -115.2360486, 36.147254399799998 ], [ -115.2360486, 36.1472624998 ], [ -115.2360513, 36.1472624998 ], [ -115.2360513, 36.147278699799998 ], [ -115.236054, 36.147278699799998 ], [ -115.236054, 36.147281399800001 ], [ -115.2360567, 36.147281399800001 ], [ -115.2360567, 36.147284099799997 ], [ -115.2360675, 36.147284099799997 ], [ -115.2360675, 36.1472867998 ], [ -115.2360729, 36.1472867998 ], [ -115.2360729, 36.147289499799996 ], [ -115.2360756, 36.147289499799996 ], [ -115.2360756, 36.147292199799999 ], [ -115.236078299999988, 36.147292199799999 ], [ -115.236078299999988, 36.147294899799995 ], [ -115.2360837, 36.147294899799995 ], [ -115.2360837, 36.147297599799998 ], [ -115.2360891, 36.147297599799998 ], [ -115.2360891, 36.147294899799995 ], [ -115.236097199999989, 36.147294899799995 ], [ -115.236097199999989, 36.147292199799999 ], [ -115.2361296, 36.147292199799999 ], [ -115.2361296, 36.147294899799995 ], [ -115.236135, 36.147294899799995 ], [ -115.236135, 36.147297599799998 ], [ -115.2361404, 36.147297599799998 ], [ -115.2361404, 36.147300299799994 ], [ -115.2361431, 36.147300299799994 ], [ -115.2361431, 36.147302999799997 ], [ -115.236145799999989, 36.147302999799997 ], [ -115.236145799999989, 36.147308399799996 ], [ -115.2361485, 36.147308399799996 ], [ -115.2361485, 36.147313799799996 ], [ -115.2361512, 36.147313799799996 ], [ -115.2361512, 36.147324599799994 ], [ -115.2361485, 36.147324599799994 ], [ -115.2361485, 36.147351599799997 ], [ -115.236145799999989, 36.147351599799997 ], [ -115.236145799999989, 36.147375899799997 ], [ -115.2361485, 36.147375899799997 ], [ -115.2361485, 36.147389399799998 ], [ -115.236145799999989, 36.147389399799998 ], [ -115.236145799999989, 36.147424499799996 ], [ -115.2361404, 36.147424499799996 ], [ -115.2361404, 36.147427199799999 ] ] ] } },
{ "type": "Feature", "properties": { "value": 255.0 }, "geometry": { "type": "Polygon", "coordinates": [ [ [ -115.2357921, 36.147427199799999 ], [ -115.2357219, 36.147427199799999 ], [ -115.2357219, 36.147424499799996 ], [ -115.2357192, 36.147424499799996 ], [ -115.2357192, 36.1474217998 ], [ -115.2357165, 36.1474217998 ], [ -115.2357165, 36.147419099799997 ], [ -115.2357138, 36.147419099799997 ], [ -115.2357138, 36.147416399799994 ], [ -115.235711099999989, 36.147416399799994 ], [ -115.235711099999989, 36.147413699799998 ], [ -115.2357084, 36.147413699799998 ], [ -115.2357084, 36.147408299799999 ], [ -115.2357057, 36.147408299799999 ], [ -115.2357057, 36.147402899799999 ], [ -115.235703, 36.147402899799999 ], [ -115.235703, 36.147400199799996 ], [ -115.2357003, 36.147400199799996 ], [ -115.2357003, 36.1473974998 ], [ -115.2356976, 36.1473974998 ], [ -115.2356976, 36.147392099799994 ], [ -115.2356949, 36.147392099799994 ], [ -115.2356949, 36.147381299799996 ], [ -115.235692199999988, 36.147381299799996 ], [ -115.235692199999988, 36.147370499799997 ], [ -115.2356949, 36.147370499799997 ], [ -115.2356949, 36.147294899799995 ], [ -115.2356976, 36.147294899799995 ], [ -115.2356976, 36.1472867998 ], [ -115.2357003, 36.1472867998 ], [ -115.2357003, 36.147284099799997 ], [ -115.235703, 36.147284099799997 ], [ -115.235703, 36.147281399800001 ], [ -115.235711099999989, 36.147281399800001 ], [ -115.235711099999989, 36.147278699799998 ], [ -115.2357219, 36.147278699799998 ], [ -115.2357219, 36.147281399800001 ], [ -115.2357273, 36.147281399800001 ], [ -115.2357273, 36.147284099799997 ], [ -115.2357327, 36.147284099799997 ], [ -115.2357327, 36.1472867998 ], [ -115.2357381, 36.1472867998 ], [ -115.2357381, 36.147289499799996 ], [ -115.2357462, 36.147289499799996 ], [ -115.2357462, 36.147292199799999 ], [ -115.2357543, 36.147292199799999 ], [ -115.2357543, 36.147294899799995 ], [ -115.235759699999988, 36.147294899799995 ], [ -115.235759699999988, 36.147297599799998 ], [ -115.2357759, 36.147297599799998 ], [ -115.2357759, 36.147294899799995 ], [ -115.235778599999989, 36.147294899799995 ], [ -115.235778599999989, 36.147281399800001 ], [ -115.2357813, 36.147281399800001 ], [ -115.2357813, 36.147248999799999 ], [ -115.235784, 36.147248999799999 ], [ -115.235784, 36.147243599799999 ], [ -115.2358299, 36.147243599799999 ], [ -115.2358299, 36.147246299799995 ], [ -115.2358839, 36.147246299799995 ], [ -115.2358839, 36.147248999799999 ], [ -115.2358866, 36.147248999799999 ], [ -115.2358866, 36.147251699799995 ], [ -115.2358893, 36.147251699799995 ], [ -115.2358893, 36.147300299799994 ], [ -115.2358866, 36.147300299799994 ], [ -115.2358866, 36.147302999799997 ], [ -115.2358785, 36.147302999799997 ], [ -115.2358785, 36.1473056998 ], [ -115.2358704, 36.1473056998 ], [ -115.2358704, 36.1473110998 ], [ -115.2358677, 36.1473110998 ], [ -115.2358677, 36.147343499799995 ], [ -115.2358704, 36.147343499799995 ], [ -115.2358704, 36.147383999799999 ], [ -115.2358677, 36.147383999799999 ], [ -115.2358677, 36.147386699799995 ], [ -115.235865, 36.147386699799995 ], [ -115.235865, 36.147389399799998 ], [ -115.2358326, 36.147389399799998 ], [ -115.2358326, 36.147392099799994 ], [ -115.2358245, 36.147392099799994 ], [ -115.2358245, 36.147394799799997 ], [ -115.2358218, 36.147394799799997 ], [ -115.2358218, 36.147402899799999 ], [ -115.2358245, 36.147402899799999 ], [ -115.2358245, 36.147408299799999 ], [ -115.2358218, 36.147408299799999 ], [ -115.2358218, 36.147416399799994 ], [ -115.2358164, 36.147416399799994 ], [ -115.2358164, 36.147419099799997 ], [ -115.235811, 36.147419099799997 ], [ -115.235811, 36.1474217998 ], [ -115.2357975, 36.1474217998 ], [ -115.2357975, 36.147424499799996 ], [ -115.2357921, 36.147424499799996 ], [ -115.2357921, 36.147427199799999 ] ] ] } },
{ "type": "Feature", "properties": { "value": 255.0 }, "geometry": { "type": "Polygon", "coordinates": [ [ [ -115.2367506, 36.147419099799997 ], [ -115.2366966, 36.147419099799997 ], [ -115.2366966, 36.147416399799994 ], [ -115.2366912, 36.147416399799994 ], [ -115.2366912, 36.147413699799998 ], [ -115.2366885, 36.147413699799998 ], [ -115.2366885, 36.147410999799995 ], [ -115.236685799999989, 36.147410999799995 ], [ -115.236685799999989, 36.147400199799996 ], [ -115.2366831, 36.147400199799996 ], [ -115.2366831, 36.1473974998 ], [ -115.2366642, 36.1473974998 ], [ -115.2366642, 36.147394799799997 ], [ -115.2366588, 36.147394799799997 ], [ -115.2366588, 36.147392099799994 ], [ -115.2366561, 36.147392099799994 ], [ -115.2366561, 36.147389399799998 ], [ -115.2366534, 36.147389399799998 ], [ -115.2366534, 36.147381299799996 ], [ -115.2366507, 36.147381299799996 ], [ -115.2366507, 36.147367799799994 ], [ -115.2366534, 36.147367799799994 ], [ -115.2366534, 36.147332699799996 ], [ -115.2366561, 36.147332699799996 ], [ -115.2366561, 36.147292199799999 ], [ -115.2366588, 36.147292199799999 ], [ -115.2366588, 36.147289499799996 ], [ -115.2366615, 36.147289499799996 ], [ -115.2366615, 36.1472867998 ], [ -115.236702, 36.1472867998 ], [ -115.236702, 36.147289499799996 ], [ -115.2367101, 36.147289499799996 ], [ -115.2367101, 36.147292199799999 ], [ -115.2367155, 36.147292199799999 ], [ -115.2367155, 36.147294899799995 ], [ -115.2367182, 36.147294899799995 ], [ -115.2367182, 36.147297599799998 ], [ -115.236729, 36.147297599799998 ], [ -115.236729, 36.147300299799994 ], [ -115.2367398, 36.147300299799994 ], [ -115.2367398, 36.147294899799995 ], [ -115.2367425, 36.147294899799995 ], [ -115.2367425, 36.147278699799998 ], [ -115.2367398, 36.147278699799998 ], [ -115.2367398, 36.147251699799995 ], [ -115.2367425, 36.147251699799995 ], [ -115.2367425, 36.147246299799995 ], [ -115.2367479, 36.147246299799995 ], [ -115.2367479, 36.147243599799999 ], [ -115.2368181, 36.147243599799999 ], [ -115.2368181, 36.147246299799995 ], [ -115.2368289, 36.147246299799995 ], [ -115.2368289, 36.147248999799999 ], [ -115.2368316, 36.147248999799999 ], [ -115.2368316, 36.147254399799998 ], [ -115.2368343, 36.147254399799998 ], [ -115.2368343, 36.147294899799995 ], [ -115.2368316, 36.147294899799995 ], [ -115.2368316, 36.1473056998 ], [ -115.2368289, 36.1473056998 ], [ -115.2368289, 36.1473110998 ], [ -115.2368262, 36.1473110998 ], [ -115.2368262, 36.147394799799997 ], [ -115.2367749, 36.147394799799997 ], [ -115.2367749, 36.1473974998 ], [ -115.2367614, 36.1473974998 ], [ -115.2367614, 36.147400199799996 ], [ -115.2367587, 36.147400199799996 ], [ -115.2367587, 36.147402899799999 ], [ -115.2367641, 36.147402899799999 ], [ -115.2367641, 36.147410999799995 ], [ -115.2367614, 36.147410999799995 ], [ -115.2367614, 36.147413699799998 ], [ -115.236756, 36.147413699799998 ], [ -115.236756, 36.147416399799994 ], [ -115.2367506, 36.147416399799994 ], [ -115.2367506, 36.147419099799997 ] ] ] } },
{ "type": "Feature", "properties": { "value": 255.0 }, "geometry": { "type": "Polygon", "coordinates": [ [ [ -115.2362106, 36.1474460998 ], [ -115.2361998, 36.1474460998 ], [ -115.2361998, 36.147443399799997 ], [ -115.2361944, 36.147443399799997 ], [ -115.2361944, 36.147440699799994 ], [ -115.2361917, 36.147440699799994 ], [ -115.2361917, 36.147437999799997 ], [ -115.236189, 36.147437999799997 ], [ -115.236189, 36.147370499799997 ], [ -115.2361917, 36.147370499799997 ], [ -115.2361917, 36.147332699799996 ], [ -115.236189, 36.147332699799996 ], [ -115.236189, 36.147302999799997 ], [ -115.2361917, 36.147302999799997 ], [ -115.2361917, 36.147294899799995 ], [ -115.2361944, 36.147294899799995 ], [ -115.2361944, 36.147292199799999 ], [ -115.2361971, 36.147292199799999 ], [ -115.2361971, 36.1472867998 ], [ -115.2361998, 36.1472867998 ], [ -115.2361998, 36.147284099799997 ], [ -115.2362025, 36.147284099799997 ], [ -115.2362025, 36.147281399800001 ], [ -115.2362052, 36.147281399800001 ], [ -115.2362052, 36.147278699799998 ], [ -115.2362106, 36.147278699799998 ], [ -115.2362106, 36.147275999799994 ], [ -115.2362187, 36.147275999799994 ], [ -115.2362187, 36.147273299799998 ], [ -115.2362241, 36.147273299799998 ], [ -115.2362241, 36.147270599799995 ], [ -115.2362376, 36.147270599799995 ], [ -115.2362376, 36.147267899799999 ], [ -115.2362511, 36.147267899799999 ], [ -115.2362511, 36.147265199799996 ], [ -115.2362673, 36.147265199799996 ], [ -115.2362673, 36.1472624998 ], [ -115.2362754, 36.1472624998 ], [ -115.2362754, 36.147259799799997 ], [ -115.236280799999989, 36.147259799799997 ], [ -115.236280799999989, 36.147257099800001 ], [ -115.2362889, 36.147257099800001 ], [ -115.2362889, 36.147254399799998 ], [ -115.2362943, 36.147254399799998 ], [ -115.2362943, 36.147251699799995 ], [ -115.236299699999989, 36.147251699799995 ], [ -115.236299699999989, 36.147248999799999 ], [ -115.2363105, 36.147248999799999 ], [ -115.2363105, 36.147246299799995 ], [ -115.2363591, 36.147246299799995 ], [ -115.2363591, 36.147248999799999 ], [ -115.2363645, 36.147248999799999 ], [ -115.2363645, 36.147259799799997 ], [ -115.236367199999989, 36.147259799799997 ], [ -115.236367199999989, 36.147270599799995 ], [ -115.2363645, 36.147270599799995 ], [ -115.2363645, 36.147324599799994 ], [ -115.236367199999989, 36.147324599799994 ], [ -115.236367199999989, 36.147373199800001 ], [ -115.2363645, 36.147373199800001 ], [ -115.2363645, 36.147408299799999 ], [ -115.2363618, 36.147408299799999 ], [ -115.2363618, 36.147416399799994 ], [ -115.2363591, 36.147416399799994 ], [ -115.2363591, 36.147419099799997 ], [ -115.2363537, 36.147419099799997 ], [ -115.2363537, 36.1474217998 ], [ -115.2363456, 36.1474217998 ], [ -115.2363456, 36.147424499799996 ], [ -115.2363186, 36.147424499799996 ], [ -115.2363186, 36.147427199799999 ], [ -115.2363078, 36.147427199799999 ], [ -115.2363078, 36.147429899799995 ], [ -115.2363051, 36.147429899799995 ], [ -115.2363051, 36.147435299799994 ], [ -115.2363024, 36.147435299799994 ], [ -115.2363024, 36.147437999799997 ], [ -115.236299699999989, 36.147437999799997 ], [ -115.236299699999989, 36.147440699799994 ], [ -115.2362565, 36.147440699799994 ], [ -115.2362565, 36.147443399799997 ], [ -115.2362106, 36.147443399799997 ], [ -115.2362106, 36.1474460998 ] ] ] } },
{ "type": "Feature", "properties": { "value": 255.0 }, "geometry": { "type": "Polygon", "coordinates": [ [ [ -115.2372582, 36.147408299799999 ], [ -115.2372366, 36.147408299799999 ], [ -115.2372366, 36.147405599799995 ], [ -115.2372096, 36.147405599799995 ], [ -115.2372096, 36.147402899799999 ], [ -115.2371664, 36.147402899799999 ], [ -115.2371664, 36.147400199799996 ], [ -115.237161, 36.147400199799996 ], [ -115.237161, 36.1473974998 ], [ -115.2371583, 36.1473974998 ], [ -115.2371583, 36.147381299799996 ], [ -115.237161, 36.147381299799996 ], [ -115.237161, 36.147367799799994 ], [ -115.2371583, 36.147367799799994 ], [ -115.2371583, 36.147362399799995 ], [ -115.2371556, 36.147362399799995 ], [ -115.2371556, 36.147359699799999 ], [ -115.2371448, 36.147359699799999 ], [ -115.2371448, 36.1473542998 ], [ -115.2371421, 36.1473542998 ], [ -115.2371421, 36.147313799799996 ], [ -115.2371448, 36.147313799799996 ], [ -115.2371448, 36.147270599799995 ], [ -115.2371475, 36.147270599799995 ], [ -115.2371475, 36.147267899799999 ], [ -115.2371502, 36.147267899799999 ], [ -115.2371502, 36.147265199799996 ], [ -115.2371556, 36.147265199799996 ], [ -115.2371556, 36.1472624998 ], [ -115.2371799, 36.1472624998 ], [ -115.2371799, 36.147265199799996 ], [ -115.2371907, 36.147265199799996 ], [ -115.2371907, 36.147267899799999 ], [ -115.2372042, 36.147267899799999 ], [ -115.2372042, 36.147265199799996 ], [ -115.2372096, 36.147265199799996 ], [ -115.2372096, 36.147246299799995 ], [ -115.2372123, 36.147246299799995 ], [ -115.2372123, 36.147243599799999 ], [ -115.2372906, 36.147243599799999 ], [ -115.2372906, 36.147246299799995 ], [ -115.2372933, 36.147246299799995 ], [ -115.2372933, 36.147248999799999 ], [ -115.237296, 36.147248999799999 ], [ -115.237296, 36.147259799799997 ], [ -115.2372933, 36.147259799799997 ], [ -115.2372933, 36.147375899799997 ], [ -115.237296, 36.147375899799997 ], [ -115.237296, 36.147392099799994 ], [ -115.2372933, 36.147392099799994 ], [ -115.2372933, 36.1473974998 ], [ -115.2372906, 36.1473974998 ], [ -115.2372906, 36.147402899799999 ], [ -115.2372879, 36.147402899799999 ], [ -115.2372879, 36.147405599799995 ], [ -115.2372582, 36.147405599799995 ], [ -115.2372582, 36.147408299799999 ] ] ] } },
{ "type": "Feature", "properties": { "value": 255.0 }, "geometry": { "type": "Polygon", "coordinates": [ [ [ -115.2370989, 36.147424499799996 ], [ -115.23708, 36.147424499799996 ], [ -115.23708, 36.1474217998 ], [ -115.2369855, 36.1474217998 ], [ -115.2369855, 36.147419099799997 ], [ -115.2369477, 36.147419099799997 ], [ -115.2369477, 36.1474217998 ], [ -115.2369207, 36.1474217998 ], [ -115.2369207, 36.147424499799996 ], [ -115.2369126, 36.147424499799996 ], [ -115.2369126, 36.1474217998 ], [ -115.2369018, 36.1474217998 ], [ -115.2369018, 36.147419099799997 ], [ -115.2368991, 36.147419099799997 ], [ -115.2368991, 36.1473785998 ], [ -115.2368964, 36.1473785998 ], [ -115.2368964, 36.147359699799999 ], [ -115.2368991, 36.147359699799999 ], [ -115.2368991, 36.147313799799996 ], [ -115.2368964, 36.147313799799996 ], [ -115.2368964, 36.147297599799998 ], [ -115.2368937, 36.147297599799998 ], [ -115.2368937, 36.147273299799998 ], [ -115.236891, 36.147273299799998 ], [ -115.236891, 36.147251699799995 ], [ -115.2368937, 36.147251699799995 ], [ -115.2368937, 36.147246299799995 ], [ -115.2368964, 36.147246299799995 ], [ -115.2368964, 36.147243599799999 ], [ -115.2369045, 36.147243599799999 ], [ -115.2369045, 36.147240899799996 ], [ -115.2369774, 36.147240899799996 ], [ -115.2369774, 36.1472381998 ], [ -115.2369882, 36.1472381998 ], [ -115.2369882, 36.147240899799996 ], [ -115.2370017, 36.147240899799996 ], [ -115.2370017, 36.147243599799999 ], [ -115.2370071, 36.147243599799999 ], [ -115.2370071, 36.147246299799995 ], [ -115.2370098, 36.147246299799995 ], [ -115.2370098, 36.147270599799995 ], [ -115.2370125, 36.147270599799995 ], [ -115.2370125, 36.147278699799998 ], [ -115.2370179, 36.147278699799998 ], [ -115.2370179, 36.147281399800001 ], [ -115.2370935, 36.147281399800001 ], [ -115.2370935, 36.147284099799997 ], [ -115.2370962, 36.147284099799997 ], [ -115.2370962, 36.1472867998 ], [ -115.2370989, 36.1472867998 ], [ -115.2370989, 36.147292199799999 ], [ -115.2371016, 36.147292199799999 ], [ -115.2371016, 36.147308399799996 ], [ -115.2371043, 36.147308399799996 ], [ -115.2371043, 36.147327299799997 ], [ -115.237107, 36.147327299799997 ], [ -115.237107, 36.147351599799997 ], [ -115.2371043, 36.147351599799997 ], [ -115.2371043, 36.147413699799998 ], [ -115.2371016, 36.147413699799998 ], [ -115.2371016, 36.1474217998 ], [ -115.2370989, 36.1474217998 ], [ -115.2370989, 36.147424499799996 ] ] ] } },
{ "type": "Feature", "properties": { "value": 255.0 }, "geometry": { "type": "Polygon", "coordinates": [ [ [ -115.236081, 36.147000599799995 ], [ -115.2359784, 36.147000599799995 ], [ -115.2359784, 36.146997899799999 ], [ -115.235973, 36.146997899799999 ], [ -115.235973, 36.146995199799996 ], [ -115.235962199999989, 36.146995199799996 ], [ -115.235962199999989, 36.1469924998 ], [ -115.2359487, 36.1469924998 ], [ -115.2359487, 36.146989799799996 ], [ -115.2359352, 36.146989799799996 ], [ -115.2359352, 36.146984399799997 ], [ -115.2359271, 36.146984399799997 ], [ -115.2359271, 36.146981699800001 ], [ -115.235919, 36.146981699800001 ], [ -115.235919, 36.146978999799998 ], [ -115.235913599999989, 36.146978999799998 ], [ -115.235913599999989, 36.146976299799995 ], [ -115.2359109, 36.146976299799995 ], [ -115.2359109, 36.146970899799996 ], [ -115.2359082, 36.146970899799996 ], [ -115.2359082, 36.146960099799998 ], [ -115.2359055, 36.146960099799998 ], [ -115.2359055, 36.146930399799999 ], [ -115.2359082, 36.146930399799999 ], [ -115.2359082, 36.146895299800001 ], [ -115.2359109, 36.146895299800001 ], [ -115.2359109, 36.146889899800001 ], [ -115.235913599999989, 36.146889899800001 ], [ -115.235913599999989, 36.146887199799998 ], [ -115.2359163, 36.146887199799998 ], [ -115.2359163, 36.146884499799995 ], [ -115.2359244, 36.146884499799995 ], [ -115.2359244, 36.146881799799999 ], [ -115.2359352, 36.146881799799999 ], [ -115.2359352, 36.146884499799995 ], [ -115.2359514, 36.146884499799995 ], [ -115.2359514, 36.146881799799999 ], [ -115.2359865, 36.146881799799999 ], [ -115.2359865, 36.146884499799995 ], [ -115.2360432, 36.146884499799995 ], [ -115.2360432, 36.146887199799998 ], [ -115.2360513, 36.146887199799998 ], [ -115.2360513, 36.146889899800001 ], [ -115.236054, 36.146889899800001 ], [ -115.236054, 36.146895299800001 ], [ -115.2360567, 36.146895299800001 ], [ -115.2360567, 36.146908799799995 ], [ -115.2360594, 36.146908799799995 ], [ -115.2360594, 36.146914199800001 ], [ -115.2360621, 36.146914199800001 ], [ -115.2360621, 36.146916899799997 ], [ -115.2360675, 36.146916899799997 ], [ -115.2360675, 36.1469195998 ], [ -115.2360702, 36.1469195998 ], [ -115.2360702, 36.146922299799996 ], [ -115.2360729, 36.146922299799996 ], [ -115.2360729, 36.146935799799998 ], [ -115.2360756, 36.146935799799998 ], [ -115.2360756, 36.146938499800001 ], [ -115.236078299999988, 36.146938499800001 ], [ -115.236078299999988, 36.146941199799997 ], [ -115.236081, 36.146941199799997 ], [ -115.236081, 36.146946599799996 ], [ -115.2360837, 36.146946599799996 ], [ -115.2360837, 36.146997899799999 ], [ -115.236081, 36.146997899799999 ], [ -115.236081, 36.147000599799995 ] ] ] } },
{ "type": "Feature", "properties": { "value": 255.0 }, "geometry": { "type": "Polygon", "coordinates": [ [ [ -115.2365805, 36.147003299799998 ], [ -115.236550799999989, 36.147003299799998 ], [ -115.236550799999989, 36.147000599799995 ], [ -115.2365103, 36.147000599799995 ], [ -115.2365103, 36.147003299799998 ], [ -115.236486, 36.147003299799998 ], [ -115.236486, 36.147000599799995 ], [ -115.2364806, 36.147000599799995 ], [ -115.2364806, 36.146997899799999 ], [ -115.2364779, 36.146997899799999 ], [ -115.2364779, 36.146973599799999 ], [ -115.2364806, 36.146973599799999 ], [ -115.2364806, 36.146965499799997 ], [ -115.236483299999989, 36.146965499799997 ], [ -115.236483299999989, 36.146960099799998 ], [ -115.236486, 36.146960099799998 ], [ -115.236486, 36.146951999799995 ], [ -115.236483299999989, 36.146951999799995 ], [ -115.236483299999989, 36.146949299799999 ], [ -115.2364806, 36.146949299799999 ], [ -115.2364806, 36.146946599799996 ], [ -115.2364698, 36.146946599799996 ], [ -115.2364698, 36.1469438998 ], [ -115.2364617, 36.1469438998 ], [ -115.2364617, 36.146946599799996 ], [ -115.2364455, 36.146946599799996 ], [ -115.2364455, 36.146949299799999 ], [ -115.2364347, 36.146949299799999 ], [ -115.2364347, 36.146951999799995 ], [ -115.2364239, 36.146951999799995 ], [ -115.2364239, 36.146954699799998 ], [ -115.2363942, 36.146954699799998 ], [ -115.2363942, 36.146951999799995 ], [ -115.2363915, 36.146951999799995 ], [ -115.2363915, 36.146946599799996 ], [ -115.2363888, 36.146946599799996 ], [ -115.2363888, 36.1468763998 ], [ -115.2363915, 36.1468763998 ], [ -115.2363915, 36.146865599800002 ], [ -115.2363942, 36.146865599800002 ], [ -115.2363942, 36.146862899799999 ], [ -115.236486, 36.146862899799999 ], [ -115.236486, 36.146860199799995 ], [ -115.2365589, 36.146860199799995 ], [ -115.2365589, 36.146862899799999 ], [ -115.2365643, 36.146862899799999 ], [ -115.2365643, 36.146914199800001 ], [ -115.236567, 36.146914199800001 ], [ -115.236567, 36.146938499800001 ], [ -115.2365697, 36.146938499800001 ], [ -115.2365697, 36.146941199799997 ], [ -115.2365751, 36.146941199799997 ], [ -115.2365751, 36.1469438998 ], [ -115.2365805, 36.1469438998 ], [ -115.2365805, 36.146949299799999 ], [ -115.2365832, 36.146949299799999 ], [ -115.2365832, 36.146997899799999 ], [ -115.2365805, 36.146997899799999 ], [ -115.2365805, 36.147003299799998 ] ] ] } },
{ "type": "Feature", "properties": { "value": 255.0 }, "geometry": { "type": "Polygon", "coordinates": [ [ [ -115.2356085, 36.147000599799995 ], [ -115.235595, 36.147000599799995 ], [ -115.235595, 36.146997899799999 ], [ -115.2355896, 36.146997899799999 ], [ -115.2355896, 36.146995199799996 ], [ -115.2355869, 36.146995199799996 ], [ -115.2355869, 36.1469924998 ], [ -115.235568, 36.1469924998 ], [ -115.235568, 36.146995199799996 ], [ -115.2355626, 36.146995199799996 ], [ -115.2355626, 36.1468520998 ], [ -115.2355653, 36.1468520998 ], [ -115.2355653, 36.146854799799996 ], [ -115.2355788, 36.146854799799996 ], [ -115.2355788, 36.146857499799999 ], [ -115.2355815, 36.146857499799999 ], [ -115.2355815, 36.146860199799995 ], [ -115.2355842, 36.146860199799995 ], [ -115.2355842, 36.146865599800002 ], [ -115.2355869, 36.146865599800002 ], [ -115.2355869, 36.1469006998 ], [ -115.2355842, 36.1469006998 ], [ -115.2355842, 36.146927699799996 ], [ -115.2355815, 36.146927699799996 ], [ -115.2355815, 36.146935799799998 ], [ -115.2355842, 36.146935799799998 ], [ -115.2355842, 36.146938499800001 ], [ -115.2355896, 36.146938499800001 ], [ -115.2355896, 36.146941199799997 ], [ -115.2356085, 36.146941199799997 ], [ -115.2356085, 36.1469438998 ], [ -115.2356112, 36.1469438998 ], [ -115.2356112, 36.146960099799998 ], [ -115.2356139, 36.146960099799998 ], [ -115.2356139, 36.146976299799995 ], [ -115.2356112, 36.146976299799995 ], [ -115.2356112, 36.146984399799997 ], [ -115.2356139, 36.146984399799997 ], [ -115.2356139, 36.1469870998 ], [ -115.2356112, 36.1469870998 ], [ -115.2356112, 36.146997899799999 ], [ -115.2356085, 36.146997899799999 ], [ -115.2356085, 36.147000599799995 ] ] ] } },
{ "type": "Feature", "properties": { "value": 255.0 }, "geometry": { "type": "Polygon", "coordinates": [ [ [ -115.2371475, 36.147003299799998 ], [ -115.2371232, 36.147003299799998 ], [ -115.2371232, 36.147000599799995 ], [ -115.2371205, 36.147000599799995 ], [ -115.2371205, 36.146997899799999 ], [ -115.2371178, 36.146997899799999 ], [ -115.2371178, 36.146941199799997 ], [ -115.2371205, 36.146941199799997 ], [ -115.2371205, 36.146938499800001 ], [ -115.2371448, 36.146938499800001 ], [ -115.2371448, 36.146935799799998 ], [ -115.2371529, 36.146935799799998 ], [ -115.2371529, 36.146933099800002 ], [ -115.2371556, 36.146933099800002 ], [ -115.2371556, 36.146930399799999 ], [ -115.2371583, 36.146930399799999 ], [ -115.2371583, 36.1469249998 ], [ -115.237161, 36.1469249998 ], [ -115.237161, 36.1469195998 ], [ -115.2371637, 36.1469195998 ], [ -115.2371637, 36.146903399799996 ], [ -115.237161, 36.146903399799996 ], [ -115.237161, 36.146897999799997 ], [ -115.2371556, 36.146897999799997 ], [ -115.2371556, 36.146895299800001 ], [ -115.2371313, 36.146895299800001 ], [ -115.2371313, 36.146889899800001 ], [ -115.2371286, 36.146889899800001 ], [ -115.2371286, 36.146860199799995 ], [ -115.2371313, 36.146860199799995 ], [ -115.2371313, 36.146843999799998 ], [ -115.2371745, 36.146843999799998 ], [ -115.2371745, 36.146846699800001 ], [ -115.2371961, 36.146846699800001 ], [ -115.2371961, 36.146849399799997 ], [ -115.2372177, 36.146849399799997 ], [ -115.2372177, 36.146846699800001 ], [ -115.2372555, 36.146846699800001 ], [ -115.2372555, 36.146843999799998 ], [ -115.2373014, 36.146843999799998 ], [ -115.2373014, 36.146860199799995 ], [ -115.2372987, 36.146860199799995 ], [ -115.2372987, 36.146862899799999 ], [ -115.237296, 36.146862899799999 ], [ -115.237296, 36.146865599800002 ], [ -115.2372879, 36.146865599800002 ], [ -115.2372879, 36.146868299799998 ], [ -115.2372852, 36.146868299799998 ], [ -115.2372852, 36.146908799799995 ], [ -115.2372879, 36.146908799799995 ], [ -115.2372879, 36.146914199800001 ], [ -115.2372906, 36.146914199800001 ], [ -115.2372906, 36.1469195998 ], [ -115.2372933, 36.1469195998 ], [ -115.2372933, 36.146976299799995 ], [ -115.2372906, 36.146976299799995 ], [ -115.2372906, 36.146978999799998 ], [ -115.2372852, 36.146978999799998 ], [ -115.2372852, 36.146981699800001 ], [ -115.2372663, 36.146981699800001 ], [ -115.2372663, 36.146978999799998 ], [ -115.2372393, 36.146978999799998 ], [ -115.2372393, 36.146981699800001 ], [ -115.2372312, 36.146981699800001 ], [ -115.2372312, 36.146984399799997 ], [ -115.237215, 36.146984399799997 ], [ -115.237215, 36.1469870998 ], [ -115.2371799, 36.1469870998 ], [ -115.2371799, 36.146989799799996 ], [ -115.237161, 36.146989799799996 ], [ -115.237161, 36.1469924998 ], [ -115.2371556, 36.1469924998 ], [ -115.2371556, 36.146995199799996 ], [ -115.2371529, 36.146995199799996 ], [ -115.2371529, 36.147000599799995 ], [ -115.2371475, 36.147000599799995 ], [ -115.2371475, 36.147003299799998 ] ] ] } },
{ "type": "Feature", "properties": { "value": 255.0 }, "geometry": { "type": "Polygon", "coordinates": [ [ [ -115.2367074, 36.147005999800001 ], [ -115.2366912, 36.147005999800001 ], [ -115.2366912, 36.147003299799998 ], [ -115.2366534, 36.147003299799998 ], [ -115.2366534, 36.147000599799995 ], [ -115.2366507, 36.147000599799995 ], [ -115.2366507, 36.146965499799997 ], [ -115.2366534, 36.146965499799997 ], [ -115.2366534, 36.146873699799997 ], [ -115.2366561, 36.146873699799997 ], [ -115.2366561, 36.146868299799998 ], [ -115.2366588, 36.146868299799998 ], [ -115.2366588, 36.146865599800002 ], [ -115.2366615, 36.146865599800002 ], [ -115.2366615, 36.146862899799999 ], [ -115.2366669, 36.146862899799999 ], [ -115.2366669, 36.146860199799995 ], [ -115.2366696, 36.146860199799995 ], [ -115.2366696, 36.146857499799999 ], [ -115.2366723, 36.146857499799999 ], [ -115.2366723, 36.146854799799996 ], [ -115.236675, 36.146854799799996 ], [ -115.236675, 36.1468520998 ], [ -115.2366777, 36.1468520998 ], [ -115.2366777, 36.146849399799997 ], [ -115.2366804, 36.146849399799997 ], [ -115.2366804, 36.146846699800001 ], [ -115.2366831, 36.146846699800001 ], [ -115.2366831, 36.146841299800002 ], [ -115.236685799999989, 36.146841299800002 ], [ -115.236685799999989, 36.146835899799996 ], [ -115.2366885, 36.146835899799996 ], [ -115.2366885, 36.146830499799997 ], [ -115.2366912, 36.146830499799997 ], [ -115.2366912, 36.1468277998 ], [ -115.2366939, 36.1468277998 ], [ -115.2366939, 36.146825099799997 ], [ -115.2367074, 36.146825099799997 ], [ -115.2367074, 36.146822399800001 ], [ -115.2367128, 36.146822399800001 ], [ -115.2367128, 36.146816999799995 ], [ -115.2367155, 36.146816999799995 ], [ -115.2367155, 36.146814299799999 ], [ -115.2367182, 36.146814299799999 ], [ -115.2367182, 36.146811599799996 ], [ -115.2367452, 36.146811599799996 ], [ -115.2367452, 36.146814299799999 ], [ -115.2367479, 36.146814299799999 ], [ -115.2367479, 36.146816999799995 ], [ -115.2367506, 36.146816999799995 ], [ -115.2367506, 36.146822399800001 ], [ -115.2367533, 36.146822399800001 ], [ -115.2367533, 36.1468277998 ], [ -115.2367587, 36.1468277998 ], [ -115.2367587, 36.146830499799997 ], [ -115.236783, 36.146830499799997 ], [ -115.236783, 36.1468277998 ], [ -115.2367857, 36.1468277998 ], [ -115.2367857, 36.146825099799997 ], [ -115.2367884, 36.146825099799997 ], [ -115.2367884, 36.146814299799999 ], [ -115.2367911, 36.146814299799999 ], [ -115.2367911, 36.146811599799996 ], [ -115.2368181, 36.146811599799996 ], [ -115.2368181, 36.146814299799999 ], [ -115.2368208, 36.146814299799999 ], [ -115.2368208, 36.146816999799995 ], [ -115.2368235, 36.146816999799995 ], [ -115.2368235, 36.146830499799997 ], [ -115.2368262, 36.146830499799997 ], [ -115.2368262, 36.146914199800001 ], [ -115.2368289, 36.146914199800001 ], [ -115.2368289, 36.146916899799997 ], [ -115.2368262, 36.146916899799997 ], [ -115.2368262, 36.146962799800001 ], [ -115.2368235, 36.146962799800001 ], [ -115.2368235, 36.146965499799997 ], [ -115.2368154, 36.146965499799997 ], [ -115.2368154, 36.1469681998 ], [ -115.236783, 36.1469681998 ], [ -115.236783, 36.146965499799997 ], [ -115.2367452, 36.146965499799997 ], [ -115.2367452, 36.1469681998 ], [ -115.2367425, 36.1469681998 ], [ -115.2367425, 36.146997899799999 ], [ -115.2367398, 36.146997899799999 ], [ -115.2367398, 36.147003299799998 ], [ -115.2367074, 36.147003299799998 ], [ -115.2367074, 36.147005999800001 ] ] ] } },
{ "type": "Feature", "properties": { "value": 255.0 }, "geometry": { "type": "Polygon", "coordinates": [ [ [ -115.2357705, 36.147000599799995 ], [ -115.2356814, 36.147000599799995 ], [ -115.2356814, 36.146997899799999 ], [ -115.235676, 36.146997899799999 ], [ -115.235676, 36.146995199799996 ], [ -115.2356706, 36.146995199799996 ], [ -115.2356706, 36.146962799800001 ], [ -115.235673299999988, 36.146962799800001 ], [ -115.235673299999988, 36.146951999799995 ], [ -115.235676, 36.146951999799995 ], [ -115.235676, 36.1469438998 ], [ -115.2356787, 36.1469438998 ], [ -115.2356787, 36.146941199799997 ], [ -115.2356814, 36.146941199799997 ], [ -115.2356814, 36.146938499800001 ], [ -115.2356841, 36.146938499800001 ], [ -115.2356841, 36.146935799799998 ], [ -115.2356895, 36.146935799799998 ], [ -115.2356895, 36.146930399799999 ], [ -115.235692199999988, 36.146930399799999 ], [ -115.235692199999988, 36.146916899799997 ], [ -115.2356949, 36.146916899799997 ], [ -115.2356949, 36.1468763998 ], [ -115.235692199999988, 36.1468763998 ], [ -115.235692199999988, 36.146849399799997 ], [ -115.2356895, 36.146849399799997 ], [ -115.2356895, 36.1468277998 ], [ -115.235692199999988, 36.1468277998 ], [ -115.235692199999988, 36.146825099799997 ], [ -115.2356949, 36.146825099799997 ], [ -115.2356949, 36.146822399800001 ], [ -115.235703, 36.146822399800001 ], [ -115.235703, 36.146819699799998 ], [ -115.23573, 36.146819699799998 ], [ -115.23573, 36.146822399800001 ], [ -115.2357489, 36.146822399800001 ], [ -115.2357489, 36.146825099799997 ], [ -115.235757, 36.146825099799997 ], [ -115.235757, 36.1468277998 ], [ -115.2357624, 36.1468277998 ], [ -115.2357624, 36.146830499799997 ], [ -115.2357678, 36.146830499799997 ], [ -115.2357678, 36.1468331998 ], [ -115.2357759, 36.1468331998 ], [ -115.2357759, 36.146835899799996 ], [ -115.2358299, 36.146835899799996 ], [ -115.2358299, 36.1468331998 ], [ -115.2358434, 36.1468331998 ], [ -115.2358434, 36.146830499799997 ], [ -115.2358596, 36.146830499799997 ], [ -115.2358596, 36.1468331998 ], [ -115.2358623, 36.1468331998 ], [ -115.2358623, 36.146835899799996 ], [ -115.235865, 36.146835899799996 ], [ -115.235865, 36.146868299799998 ], [ -115.2358677, 36.146868299799998 ], [ -115.2358677, 36.146916899799997 ], [ -115.235865, 36.146916899799997 ], [ -115.235865, 36.146949299799999 ], [ -115.2358623, 36.146949299799999 ], [ -115.2358623, 36.146962799800001 ], [ -115.2358596, 36.146962799800001 ], [ -115.2358596, 36.146965499799997 ], [ -115.2358542, 36.146965499799997 ], [ -115.2358542, 36.1469681998 ], [ -115.235846099999989, 36.1469681998 ], [ -115.235846099999989, 36.146965499799997 ], [ -115.235811, 36.146965499799997 ], [ -115.235811, 36.146962799800001 ], [ -115.235784, 36.146962799800001 ], [ -115.235784, 36.1469870998 ], [ -115.2357813, 36.1469870998 ], [ -115.2357813, 36.146995199799996 ], [ -115.235778599999989, 36.146995199799996 ], [ -115.235778599999989, 36.146997899799999 ], [ -115.2357705, 36.146997899799999 ], [ -115.2357705, 36.147000599799995 ] ] ] } },
{ "type": "Feature", "properties": { "value": 255.0 }, "geometry": { "type": "Polygon", "coordinates": [ [ [ -115.236232199999989, 36.147005999800001 ], [ -115.2362295, 36.147005999800001 ], [ -115.2362295, 36.147003299799998 ], [ -115.2361863, 36.147003299799998 ], [ -115.2361863, 36.147005999800001 ], [ -115.2361728, 36.147005999800001 ], [ -115.2361728, 36.147003299799998 ], [ -115.2361404, 36.147003299799998 ], [ -115.2361404, 36.147000599799995 ], [ -115.2361377, 36.147000599799995 ], [ -115.2361377, 36.146938499800001 ], [ -115.2361404, 36.146938499800001 ], [ -115.2361404, 36.146927699799996 ], [ -115.2361431, 36.146927699799996 ], [ -115.2361431, 36.146914199800001 ], [ -115.236145799999989, 36.146914199800001 ], [ -115.236145799999989, 36.146892599799997 ], [ -115.2361485, 36.146892599799997 ], [ -115.2361485, 36.146843999799998 ], [ -115.2361512, 36.146843999799998 ], [ -115.2361512, 36.146838599799999 ], [ -115.2361539, 36.146838599799999 ], [ -115.2361539, 36.146835899799996 ], [ -115.2361593, 36.146835899799996 ], [ -115.2361593, 36.1468331998 ], [ -115.2361782, 36.1468331998 ], [ -115.2361782, 36.146830499799997 ], [ -115.2361971, 36.146830499799997 ], [ -115.2361971, 36.1468277998 ], [ -115.2362106, 36.1468277998 ], [ -115.2362106, 36.146830499799997 ], [ -115.2362268, 36.146830499799997 ], [ -115.2362268, 36.1468277998 ], [ -115.2362349, 36.1468277998 ], [ -115.2362349, 36.146825099799997 ], [ -115.2362376, 36.146825099799997 ], [ -115.2362376, 36.146822399800001 ], [ -115.2362403, 36.146822399800001 ], [ -115.2362403, 36.146819699799998 ], [ -115.2362457, 36.146819699799998 ], [ -115.2362457, 36.146816999799995 ], [ -115.2362592, 36.146816999799995 ], [ -115.2362592, 36.146814299799999 ], [ -115.2363375, 36.146814299799999 ], [ -115.2363375, 36.146816999799995 ], [ -115.2363429, 36.146816999799995 ], [ -115.2363429, 36.146822399800001 ], [ -115.2363456, 36.146822399800001 ], [ -115.2363456, 36.1468331998 ], [ -115.236348299999989, 36.1468331998 ], [ -115.236348299999989, 36.146846699800001 ], [ -115.236351, 36.146846699800001 ], [ -115.236351, 36.146879099799996 ], [ -115.2363537, 36.146879099799996 ], [ -115.2363537, 36.146892599799997 ], [ -115.236351, 36.146892599799997 ], [ -115.236351, 36.1469438998 ], [ -115.236348299999989, 36.1469438998 ], [ -115.236348299999989, 36.146960099799998 ], [ -115.2363456, 36.146960099799998 ], [ -115.2363456, 36.146962799800001 ], [ -115.236297, 36.146962799800001 ], [ -115.236297, 36.146965499799997 ], [ -115.2362592, 36.146965499799997 ], [ -115.2362592, 36.1469681998 ], [ -115.2362565, 36.1469681998 ], [ -115.2362565, 36.147000599799995 ], [ -115.2362538, 36.147000599799995 ], [ -115.2362538, 36.147003299799998 ], [ -115.236232199999989, 36.147003299799998 ], [ -115.236232199999989, 36.147005999800001 ] ] ] } },
{ "type": "Feature", "properties": { "value": 255.0 }, "geometry": { "type": "Polygon", "coordinates": [ [ [ -115.2370098, 36.147003299799998 ], [ -115.2369747, 36.147003299799998 ], [ -115.2369747, 36.147000599799995 ], [ -115.2369558, 36.147000599799995 ], [ -115.2369558, 36.146997899799999 ], [ -115.2369531, 36.146997899799999 ], [ -115.2369531, 36.146995199799996 ], [ -115.2369504, 36.146995199799996 ], [ -115.2369504, 36.1469924998 ], [ -115.2369477, 36.1469924998 ], [ -115.2369477, 36.146989799799996 ], [ -115.236945, 36.146989799799996 ], [ -115.236945, 36.146978999799998 ], [ -115.2369423, 36.146978999799998 ], [ -115.2369423, 36.146976299799995 ], [ -115.2369315, 36.146976299799995 ], [ -115.2369315, 36.146973599799999 ], [ -115.2369153, 36.146973599799999 ], [ -115.2369153, 36.146970899799996 ], [ -115.2368721, 36.146970899799996 ], [ -115.2368721, 36.1469681998 ], [ -115.2368694, 36.1469681998 ], [ -115.2368694, 36.146965499799997 ], [ -115.2368667, 36.146965499799997 ], [ -115.2368667, 36.146933099800002 ], [ -115.236864, 36.146933099800002 ], [ -115.236864, 36.146846699800001 ], [ -115.2368667, 36.146846699800001 ], [ -115.2368667, 36.146841299800002 ], [ -115.2368694, 36.146841299800002 ], [ -115.2368694, 36.146835899799996 ], [ -115.2368748, 36.146835899799996 ], [ -115.2368748, 36.1468331998 ], [ -115.2368802, 36.1468331998 ], [ -115.2368802, 36.146830499799997 ], [ -115.2368829, 36.146830499799997 ], [ -115.2368829, 36.1468277998 ], [ -115.236891, 36.1468277998 ], [ -115.236891, 36.146825099799997 ], [ -115.2369099, 36.146825099799997 ], [ -115.2369099, 36.1468277998 ], [ -115.2369153, 36.1468277998 ], [ -115.2369153, 36.146830499799997 ], [ -115.2369207, 36.146830499799997 ], [ -115.2369207, 36.1468331998 ], [ -115.2369261, 36.1468331998 ], [ -115.2369261, 36.146835899799996 ], [ -115.2369342, 36.146835899799996 ], [ -115.2369342, 36.1468331998 ], [ -115.2369396, 36.1468331998 ], [ -115.2369396, 36.146830499799997 ], [ -115.2369423, 36.146830499799997 ], [ -115.2369423, 36.146825099799997 ], [ -115.236945, 36.146825099799997 ], [ -115.236945, 36.1468088998 ], [ -115.2369558, 36.1468088998 ], [ -115.2369558, 36.146811599799996 ], [ -115.2369801, 36.146811599799996 ], [ -115.2369801, 36.146814299799999 ], [ -115.2369936, 36.146814299799999 ], [ -115.2369936, 36.146816999799995 ], [ -115.2370287, 36.146816999799995 ], [ -115.2370287, 36.146819699799998 ], [ -115.2370314, 36.146819699799998 ], [ -115.2370314, 36.1468277998 ], [ -115.2370341, 36.1468277998 ], [ -115.2370341, 36.146841299800002 ], [ -115.2370368, 36.146841299800002 ], [ -115.2370368, 36.1468520998 ], [ -115.2370341, 36.1468520998 ], [ -115.2370341, 36.146873699799997 ], [ -115.2370368, 36.146873699799997 ], [ -115.2370368, 36.146906099799999 ], [ -115.2370395, 36.146906099799999 ], [ -115.2370395, 36.146914199800001 ], [ -115.2370422, 36.146914199800001 ], [ -115.2370422, 36.146933099800002 ], [ -115.2370449, 36.146933099800002 ], [ -115.2370449, 36.1469438998 ], [ -115.2370476, 36.1469438998 ], [ -115.2370476, 36.146954699799998 ], [ -115.2370503, 36.146954699799998 ], [ -115.2370503, 36.146997899799999 ], [ -115.2370476, 36.146997899799999 ], [ -115.2370476, 36.147000599799995 ], [ -115.2370098, 36.147000599799995 ], [ -115.2370098, 36.147003299799998 ] ] ] } },
{ "type": "Feature", "properties": { "value": 255.0 }, "geometry": { "type": "Polygon", "coordinates": [ [ [ -115.2371205, 36.146800799799998 ], [ -115.2370854, 36.146800799799998 ], [ -115.2370854, 36.146798099800002 ], [ -115.2370827, 36.146798099800002 ], [ -115.2370827, 36.146757599799997 ], [ -115.2370881, 36.146757599799997 ], [ -115.2370881, 36.146754899800001 ], [ -115.2371259, 36.146754899800001 ], [ -115.2371259, 36.146757599799997 ], [ -115.2371313, 36.146757599799997 ], [ -115.2371313, 36.1467602998 ], [ -115.237134, 36.1467602998 ], [ -115.237134, 36.1467845998 ], [ -115.2371313, 36.1467845998 ], [ -115.2371313, 36.146789999799999 ], [ -115.2371286, 36.146789999799999 ], [ -115.2371286, 36.146795399799998 ], [ -115.2371259, 36.146795399799998 ], [ -115.2371259, 36.146798099800002 ], [ -115.2371205, 36.146798099800002 ], [ -115.2371205, 36.146800799799998 ] ] ] } },
{ "type": "Feature", "properties": { "value": 255.0 }, "geometry": { "type": "Polygon", "coordinates": [ [ [ -115.2372798, 36.146676599799996 ], [ -115.2372582, 36.146676599799996 ], [ -115.2372582, 36.1466738998 ], [ -115.2372501, 36.1466738998 ], [ -115.2372501, 36.146671199799997 ], [ -115.237242, 36.146671199799997 ], [ -115.237242, 36.146668499800001 ], [ -115.2372366, 36.146668499800001 ], [ -115.2372366, 36.146665799799997 ], [ -115.2372312, 36.146665799799997 ], [ -115.2372312, 36.146663099800001 ], [ -115.2372231, 36.146663099800001 ], [ -115.2372231, 36.146660399799998 ], [ -115.2371664, 36.146660399799998 ], [ -115.2371664, 36.146657699800002 ], [ -115.2371448, 36.146657699800002 ], [ -115.2371448, 36.146660399799998 ], [ -115.2371286, 36.146660399799998 ], [ -115.2371286, 36.146663099800001 ], [ -115.2371205, 36.146663099800001 ], [ -115.2371205, 36.146660399799998 ], [ -115.2371151, 36.146660399799998 ], [ -115.2371151, 36.146654999799999 ], [ -115.2371124, 36.146654999799999 ], [ -115.2371124, 36.146646899799997 ], [ -115.2371097, 36.146646899799997 ], [ -115.2371097, 36.146627999799996 ], [ -115.2371124, 36.146627999799996 ], [ -115.2371124, 36.146611799799999 ], [ -115.2371097, 36.146611799799999 ], [ -115.2371097, 36.146603699799996 ], [ -115.237107, 36.146603699799996 ], [ -115.237107, 36.146598299799997 ], [ -115.2371043, 36.146598299799997 ], [ -115.2371043, 36.146595599800001 ], [ -115.2371016, 36.146595599800001 ], [ -115.2371016, 36.146592899799998 ], [ -115.2370962, 36.146592899799998 ], [ -115.2370962, 36.146587499799999 ], [ -115.2370935, 36.146587499799999 ], [ -115.2370935, 36.146541599800003 ], [ -115.2370908, 36.146541599800003 ], [ -115.2370908, 36.1465334998 ], [ -115.2370935, 36.1465334998 ], [ -115.2370935, 36.146528099800001 ], [ -115.2370989, 36.146528099800001 ], [ -115.2370989, 36.146525399799998 ], [ -115.2371178, 36.146525399799998 ], [ -115.2371178, 36.146528099800001 ], [ -115.2371367, 36.146528099800001 ], [ -115.2371367, 36.146530799799997 ], [ -115.237161, 36.146530799799997 ], [ -115.237161, 36.146528099800001 ], [ -115.2372258, 36.146528099800001 ], [ -115.2372258, 36.146530799799997 ], [ -115.2372366, 36.146530799799997 ], [ -115.2372366, 36.1465334998 ], [ -115.2372474, 36.1465334998 ], [ -115.2372474, 36.146536199799996 ], [ -115.237269, 36.146536199799996 ], [ -115.237269, 36.146538899799999 ], [ -115.237296, 36.146538899799999 ], [ -115.237296, 36.146541599800003 ], [ -115.2372987, 36.146541599800003 ], [ -115.2372987, 36.146546999800002 ], [ -115.2373122, 36.146546999800002 ], [ -115.2373122, 36.146544299799999 ], [ -115.2373176, 36.146544299799999 ], [ -115.2373176, 36.146671199799997 ], [ -115.2373014, 36.146671199799997 ], [ -115.2373014, 36.1466738998 ], [ -115.237296, 36.1466738998 ], [ -115.237296, 36.146671199799997 ], [ -115.2372852, 36.146671199799997 ], [ -115.2372852, 36.1466738998 ], [ -115.2372798, 36.1466738998 ], [ -115.2372798, 36.146676599799996 ] ], [ [ -115.2373068, 36.146630699799999 ], [ -115.2373068, 36.146627999799996 ], [ -115.2373122, 36.146627999799996 ], [ -115.2373122, 36.1466252998 ], [ -115.2373149, 36.1466252998 ], [ -115.2373149, 36.146617199799998 ], [ -115.2373122, 36.146617199799998 ], [ -115.2373122, 36.146614499800002 ], [ -115.2373068, 36.146614499800002 ], [ -115.2373068, 36.146611799799999 ], [ -115.2372933, 36.146611799799999 ], [ -115.2372933, 36.146609099799996 ], [ -115.2372906, 36.146609099799996 ], [ -115.2372906, 36.146603699799996 ], [ -115.2372879, 36.146603699799996 ], [ -115.2372879, 36.1466009998 ], [ -115.2372852, 36.1466009998 ], [ -115.2372852, 36.146598299799997 ], [ -115.2372798, 36.146598299799997 ], [ -115.2372798, 36.146595599800001 ], [ -115.2372744, 36.146595599800001 ], [ -115.2372744, 36.146611799799999 ], [ -115.2372825, 36.146611799799999 ], [ -115.2372825, 36.146619899800001 ], [ -115.2372852, 36.146619899800001 ], [ -115.2372852, 36.146622599799997 ], [ -115.2372879, 36.146622599799997 ], [ -115.2372879, 36.1466252998 ], [ -115.2372906, 36.1466252998 ], [ -115.2372906, 36.146627999799996 ], [ -115.237296, 36.146627999799996 ], [ -115.237296, 36.146630699799999 ], [ -115.2373068, 36.146630699799999 ] ] ] } },
{ "type": "Feature", "properties": { "value": 255.0 }, "geometry": { "type": "Polygon", "coordinates": [ [ [ -115.235576099999989, 36.1466252998 ], [ -115.2355626, 36.1466252998 ], [ -115.2355626, 36.146522699800002 ], [ -115.2355842, 36.146522699800002 ], [ -115.2355842, 36.146525399799998 ], [ -115.2356085, 36.146525399799998 ], [ -115.2356085, 36.146528099800001 ], [ -115.2356139, 36.146528099800001 ], [ -115.2356139, 36.1465820998 ], [ -115.2356166, 36.1465820998 ], [ -115.2356166, 36.146614499800002 ], [ -115.2356139, 36.146614499800002 ], [ -115.2356139, 36.146619899800001 ], [ -115.2355815, 36.146619899800001 ], [ -115.2355815, 36.146622599799997 ], [ -115.235576099999989, 36.146622599799997 ], [ -115.235576099999989, 36.1466252998 ] ] ] } },
{ "type": "Feature", "properties": { "value": 255.0 }, "geometry": { "type": "Polygon", "coordinates": [ [ [ -115.2364671, 36.146660399799998 ], [ -115.2364455, 36.146660399799998 ], [ -115.2364455, 36.146657699800002 ], [ -115.2364401, 36.146657699800002 ], [ -115.2364401, 36.146654999799999 ], [ -115.2364374, 36.146654999799999 ], [ -115.2364374, 36.146652299799996 ], [ -115.236432, 36.146652299799996 ], [ -115.236432, 36.1466495998 ], [ -115.2364293, 36.1466495998 ], [ -115.2364293, 36.146644199800001 ], [ -115.2364266, 36.146644199800001 ], [ -115.2364266, 36.146636099799998 ], [ -115.2364239, 36.146636099799998 ], [ -115.2364239, 36.1466063998 ], [ -115.2364266, 36.1466063998 ], [ -115.2364266, 36.146565899800002 ], [ -115.2364239, 36.146565899800002 ], [ -115.2364239, 36.146563199799999 ], [ -115.236405, 36.146563199799999 ], [ -115.236405, 36.146560499799996 ], [ -115.2363996, 36.146560499799996 ], [ -115.2363996, 36.1465577998 ], [ -115.2363969, 36.1465577998 ], [ -115.2363969, 36.146555099799997 ], [ -115.2363942, 36.146555099799997 ], [ -115.2363942, 36.146501099799998 ], [ -115.2364104, 36.146501099799998 ], [ -115.2364104, 36.146498399800002 ], [ -115.236486, 36.146498399800002 ], [ -115.236486, 36.146501099799998 ], [ -115.2364995, 36.146501099799998 ], [ -115.2364995, 36.146503799800001 ], [ -115.2365022, 36.146503799800001 ], [ -115.2365022, 36.146522699800002 ], [ -115.2365049, 36.146522699800002 ], [ -115.2365049, 36.146525399799998 ], [ -115.2365319, 36.146525399799998 ], [ -115.2365319, 36.146522699800002 ], [ -115.2365454, 36.146522699800002 ], [ -115.2365454, 36.146519999799999 ], [ -115.2365481, 36.146519999799999 ], [ -115.2365481, 36.146522699800002 ], [ -115.2365562, 36.146522699800002 ], [ -115.2365562, 36.146525399799998 ], [ -115.2365589, 36.146525399799998 ], [ -115.2365589, 36.146528099800001 ], [ -115.2365616, 36.146528099800001 ], [ -115.2365616, 36.1465334998 ], [ -115.2365643, 36.1465334998 ], [ -115.2365643, 36.146603699799996 ], [ -115.2365616, 36.146603699799996 ], [ -115.2365616, 36.146611799799999 ], [ -115.2365589, 36.146611799799999 ], [ -115.2365589, 36.146619899800001 ], [ -115.2365562, 36.146619899800001 ], [ -115.2365562, 36.146630699799999 ], [ -115.2365589, 36.146630699799999 ], [ -115.2365589, 36.1466495998 ], [ -115.2365562, 36.1466495998 ], [ -115.2365562, 36.146654999799999 ], [ -115.2365535, 36.146654999799999 ], [ -115.2365535, 36.146657699800002 ], [ -115.2364671, 36.146657699800002 ], [ -115.2364671, 36.146660399799998 ] ] ] } },
{ "type": "Feature", "properties": { "value": 255.0 }, "geometry": { "type": "Polygon", "coordinates": [ [ [ -115.2360054, 36.146627999799996 ], [ -115.2359568, 36.146627999799996 ], [ -115.2359568, 36.1466252998 ], [ -115.2359541, 36.1466252998 ], [ -115.2359541, 36.146622599799997 ], [ -115.2359514, 36.146622599799997 ], [ -115.2359514, 36.146619899800001 ], [ -115.2359487, 36.146619899800001 ], [ -115.2359487, 36.146595599800001 ], [ -115.235946, 36.146595599800001 ], [ -115.235946, 36.146584799799996 ], [ -115.2359487, 36.146584799799996 ], [ -115.2359487, 36.146565899800002 ], [ -115.235946, 36.146565899800002 ], [ -115.235946, 36.146563199799999 ], [ -115.2359217, 36.146563199799999 ], [ -115.2359217, 36.146560499799996 ], [ -115.2359163, 36.146560499799996 ], [ -115.2359163, 36.1465577998 ], [ -115.235913599999989, 36.1465577998 ], [ -115.235913599999989, 36.146552399800001 ], [ -115.2359109, 36.146552399800001 ], [ -115.2359109, 36.1465334998 ], [ -115.235913599999989, 36.1465334998 ], [ -115.235913599999989, 36.146517299799996 ], [ -115.2359109, 36.146517299799996 ], [ -115.2359109, 36.146509199800001 ], [ -115.235913599999989, 36.146509199800001 ], [ -115.235913599999989, 36.146503799800001 ], [ -115.2359163, 36.146503799800001 ], [ -115.2359163, 36.146501099799998 ], [ -115.236027, 36.146501099799998 ], [ -115.236027, 36.146503799800001 ], [ -115.2360432, 36.146503799800001 ], [ -115.2360432, 36.146506499799997 ], [ -115.2360486, 36.146506499799997 ], [ -115.2360486, 36.146503799800001 ], [ -115.2360729, 36.146503799800001 ], [ -115.2360729, 36.146506499799997 ], [ -115.2360837, 36.146506499799997 ], [ -115.2360837, 36.146509199800001 ], [ -115.2360891, 36.146509199800001 ], [ -115.2360891, 36.146511899799997 ], [ -115.2360918, 36.146511899799997 ], [ -115.2360918, 36.146517299799996 ], [ -115.2360945, 36.146517299799996 ], [ -115.2360945, 36.146603699799996 ], [ -115.2360918, 36.146603699799996 ], [ -115.2360918, 36.146609099799996 ], [ -115.2360891, 36.146609099799996 ], [ -115.2360891, 36.146611799799999 ], [ -115.2360864, 36.146611799799999 ], [ -115.2360864, 36.146614499800002 ], [ -115.236078299999988, 36.146614499800002 ], [ -115.236078299999988, 36.146617199799998 ], [ -115.2360594, 36.146617199799998 ], [ -115.2360594, 36.146614499800002 ], [ -115.2360486, 36.146614499800002 ], [ -115.2360486, 36.146617199799998 ], [ -115.2360324, 36.146617199799998 ], [ -115.2360324, 36.146619899800001 ], [ -115.2360162, 36.146619899800001 ], [ -115.2360162, 36.146622599799997 ], [ -115.2360135, 36.146622599799997 ], [ -115.2360135, 36.1466252998 ], [ -115.2360054, 36.1466252998 ], [ -115.2360054, 36.146627999799996 ] ] ] } },
{ "type": "Feature", "properties": { "value": 255.0 }, "geometry": { "type": "Polygon", "coordinates": [ [ [ -115.2367452, 36.146652299799996 ], [ -115.2367155, 36.146652299799996 ], [ -115.2367155, 36.1466495998 ], [ -115.2367101, 36.1466495998 ], [ -115.2367101, 36.146646899799997 ], [ -115.2367074, 36.146646899799997 ], [ -115.2367074, 36.146644199800001 ], [ -115.2367047, 36.146644199800001 ], [ -115.2367047, 36.146641499799998 ], [ -115.236702, 36.146641499799998 ], [ -115.236702, 36.146638799800002 ], [ -115.2366939, 36.146638799800002 ], [ -115.2366939, 36.146641499799998 ], [ -115.2366912, 36.146641499799998 ], [ -115.2366912, 36.146644199800001 ], [ -115.2366831, 36.146644199800001 ], [ -115.2366831, 36.146646899799997 ], [ -115.2366642, 36.146646899799997 ], [ -115.2366642, 36.1466495998 ], [ -115.236648, 36.1466495998 ], [ -115.236648, 36.146646899799997 ], [ -115.2366237, 36.146646899799997 ], [ -115.2366237, 36.146644199800001 ], [ -115.236618299999989, 36.146644199800001 ], [ -115.236618299999989, 36.146641499799998 ], [ -115.2366156, 36.146641499799998 ], [ -115.2366156, 36.146633399800002 ], [ -115.2366129, 36.146633399800002 ], [ -115.2366129, 36.146617199799998 ], [ -115.2366102, 36.146617199799998 ], [ -115.2366102, 36.146598299799997 ], [ -115.2366129, 36.146598299799997 ], [ -115.2366129, 36.146544299799999 ], [ -115.2366102, 36.146544299799999 ], [ -115.2366102, 36.1465334998 ], [ -115.2366129, 36.1465334998 ], [ -115.2366129, 36.146528099800001 ], [ -115.2366156, 36.146528099800001 ], [ -115.2366156, 36.146525399799998 ], [ -115.236618299999989, 36.146525399799998 ], [ -115.236618299999989, 36.146522699800002 ], [ -115.236621, 36.146522699800002 ], [ -115.236621, 36.146519999799999 ], [ -115.2366399, 36.146519999799999 ], [ -115.2366399, 36.146517299799996 ], [ -115.2366534, 36.146517299799996 ], [ -115.2366534, 36.146519999799999 ], [ -115.2366615, 36.146519999799999 ], [ -115.2366615, 36.146517299799996 ], [ -115.2366723, 36.146517299799996 ], [ -115.2366723, 36.1465145998 ], [ -115.236675, 36.1465145998 ], [ -115.236675, 36.146511899799997 ], [ -115.2366804, 36.146511899799997 ], [ -115.2366804, 36.146509199800001 ], [ -115.2366831, 36.146509199800001 ], [ -115.2366831, 36.146506499799997 ], [ -115.2366885, 36.146506499799997 ], [ -115.2366885, 36.146503799800001 ], [ -115.2366939, 36.146503799800001 ], [ -115.2366939, 36.146501099799998 ], [ -115.2367857, 36.146501099799998 ], [ -115.2367857, 36.146503799800001 ], [ -115.2367884, 36.146503799800001 ], [ -115.2367884, 36.146506499799997 ], [ -115.2367911, 36.146506499799997 ], [ -115.2367911, 36.146555099799997 ], [ -115.2367884, 36.146555099799997 ], [ -115.2367884, 36.146560499799996 ], [ -115.2367749, 36.146560499799996 ], [ -115.2367749, 36.146563199799999 ], [ -115.2367641, 36.146563199799999 ], [ -115.2367641, 36.146568599799998 ], [ -115.2367614, 36.146568599799998 ], [ -115.2367614, 36.1465820998 ], [ -115.2367641, 36.1465820998 ], [ -115.2367641, 36.146622599799997 ], [ -115.2367614, 36.146622599799997 ], [ -115.2367614, 36.146627999799996 ], [ -115.2367587, 36.146627999799996 ], [ -115.2367587, 36.146633399800002 ], [ -115.236756, 36.146633399800002 ], [ -115.236756, 36.146641499799998 ], [ -115.2367533, 36.146641499799998 ], [ -115.2367533, 36.146646899799997 ], [ -115.2367506, 36.146646899799997 ], [ -115.2367506, 36.1466495998 ], [ -115.2367452, 36.1466495998 ], [ -115.2367452, 36.146652299799996 ] ] ] } },
{ "type": "Feature", "properties": { "value": 255.0 }, "geometry": { "type": "Polygon", "coordinates": [ [ [ -115.2370476, 36.146654999799999 ], [ -115.2370341, 36.146654999799999 ], [ -115.2370341, 36.146652299799996 ], [ -115.2370017, 36.146652299799996 ], [ -115.2370017, 36.146654999799999 ], [ -115.2369666, 36.146654999799999 ], [ -115.2369666, 36.146652299799996 ], [ -115.2369558, 36.146652299799996 ], [ -115.2369558, 36.1466495998 ], [ -115.2369261, 36.1466495998 ], [ -115.2369261, 36.146652299799996 ], [ -115.2368991, 36.146652299799996 ], [ -115.2368991, 36.1466495998 ], [ -115.236891, 36.1466495998 ], [ -115.236891, 36.146646899799997 ], [ -115.2368883, 36.146646899799997 ], [ -115.2368883, 36.146644199800001 ], [ -115.2368856, 36.146644199800001 ], [ -115.2368856, 36.146595599800001 ], [ -115.2368829, 36.146595599800001 ], [ -115.2368829, 36.146584799799996 ], [ -115.2368856, 36.146584799799996 ], [ -115.2368856, 36.146568599799998 ], [ -115.2368829, 36.146568599799998 ], [ -115.2368829, 36.146565899800002 ], [ -115.2368802, 36.146565899800002 ], [ -115.2368802, 36.146563199799999 ], [ -115.236864, 36.146563199799999 ], [ -115.236864, 36.146560499799996 ], [ -115.2368613, 36.146560499799996 ], [ -115.2368613, 36.1465577998 ], [ -115.2368586, 36.1465577998 ], [ -115.2368586, 36.146506499799997 ], [ -115.2368613, 36.146506499799997 ], [ -115.2368613, 36.146503799800001 ], [ -115.236864, 36.146503799800001 ], [ -115.236864, 36.146501099799998 ], [ -115.236945, 36.146501099799998 ], [ -115.236945, 36.146503799800001 ], [ -115.2369585, 36.146503799800001 ], [ -115.2369585, 36.146509199800001 ], [ -115.2369612, 36.146509199800001 ], [ -115.2369612, 36.146522699800002 ], [ -115.2369639, 36.146522699800002 ], [ -115.2369639, 36.146546999800002 ], [ -115.2369612, 36.146546999800002 ], [ -115.2369612, 36.146565899800002 ], [ -115.2369666, 36.146565899800002 ], [ -115.2369666, 36.146568599799998 ], [ -115.2369909, 36.146568599799998 ], [ -115.2369909, 36.146565899800002 ], [ -115.236999, 36.146565899800002 ], [ -115.236999, 36.146560499799996 ], [ -115.2370017, 36.146560499799996 ], [ -115.2370017, 36.146555099799997 ], [ -115.2370044, 36.146555099799997 ], [ -115.2370044, 36.146552399800001 ], [ -115.2370071, 36.146552399800001 ], [ -115.2370071, 36.146549699799998 ], [ -115.2370125, 36.146549699799998 ], [ -115.2370125, 36.146546999800002 ], [ -115.2370314, 36.146546999800002 ], [ -115.2370314, 36.146544299799999 ], [ -115.2370422, 36.146544299799999 ], [ -115.2370422, 36.146546999800002 ], [ -115.2370503, 36.146546999800002 ], [ -115.2370503, 36.146549699799998 ], [ -115.237053, 36.146549699799998 ], [ -115.237053, 36.146552399800001 ], [ -115.2370557, 36.146552399800001 ], [ -115.2370557, 36.146555099799997 ], [ -115.2370584, 36.146555099799997 ], [ -115.2370584, 36.1466495998 ], [ -115.2370557, 36.1466495998 ], [ -115.2370557, 36.146652299799996 ], [ -115.2370476, 36.146652299799996 ], [ -115.2370476, 36.146654999799999 ] ] ] } },
{ "type": "Feature", "properties": { "value": 255.0 }, "geometry": { "type": "Polygon", "coordinates": [ [ [ -115.2362457, 36.146698199799999 ], [ -115.236216, 36.146698199799999 ], [ -115.236216, 36.146695499799996 ], [ -115.2361998, 36.146695499799996 ], [ -115.2361998, 36.146698199799999 ], [ -115.2361485, 36.146698199799999 ], [ -115.2361485, 36.146695499799996 ], [ -115.2361404, 36.146695499799996 ], [ -115.2361404, 36.146690099799997 ], [ -115.2361377, 36.146690099799997 ], [ -115.2361377, 36.146668499800001 ], [ -115.2361404, 36.146668499800001 ], [ -115.2361404, 36.146590199800002 ], [ -115.2361377, 36.146590199800002 ], [ -115.2361377, 36.1465577998 ], [ -115.236135, 36.1465577998 ], [ -115.236135, 36.146544299799999 ], [ -115.2361377, 36.146544299799999 ], [ -115.2361377, 36.146538899799999 ], [ -115.2361431, 36.146538899799999 ], [ -115.2361431, 36.146536199799996 ], [ -115.2361701, 36.146536199799996 ], [ -115.2361701, 36.146538899799999 ], [ -115.2362214, 36.146538899799999 ], [ -115.2362214, 36.1465334998 ], [ -115.2362241, 36.1465334998 ], [ -115.2362241, 36.146503799800001 ], [ -115.2362268, 36.146503799800001 ], [ -115.2362268, 36.146501099799998 ], [ -115.236243, 36.146501099799998 ], [ -115.236243, 36.146498399800002 ], [ -115.2362943, 36.146498399800002 ], [ -115.2362943, 36.146501099799998 ], [ -115.2363186, 36.146501099799998 ], [ -115.2363186, 36.146503799800001 ], [ -115.2363213, 36.146503799800001 ], [ -115.2363213, 36.146506499799997 ], [ -115.236324, 36.146506499799997 ], [ -115.236324, 36.146541599800003 ], [ -115.2363213, 36.146541599800003 ], [ -115.2363213, 36.146544299799999 ], [ -115.2363186, 36.146544299799999 ], [ -115.2363186, 36.146549699799998 ], [ -115.2363159, 36.146549699799998 ], [ -115.2363159, 36.146555099799997 ], [ -115.2363132, 36.146555099799997 ], [ -115.2363132, 36.146563199799999 ], [ -115.2363105, 36.146563199799999 ], [ -115.2363105, 36.1466738998 ], [ -115.2363078, 36.1466738998 ], [ -115.2363078, 36.146676599799996 ], [ -115.2363051, 36.146676599799996 ], [ -115.2363051, 36.146679299799999 ], [ -115.2362646, 36.146679299799999 ], [ -115.2362646, 36.146681999800002 ], [ -115.2362565, 36.146681999800002 ], [ -115.2362565, 36.146684699799998 ], [ -115.2362538, 36.146684699799998 ], [ -115.2362538, 36.146690099799997 ], [ -115.2362511, 36.146690099799997 ], [ -115.2362511, 36.146695499799996 ], [ -115.2362457, 36.146695499799996 ], [ -115.2362457, 36.146698199799999 ] ] ] } },
{ "type": "Feature", "properties": { "value": 255.0 }, "geometry": { "type": "Polygon", "coordinates": [ [ [ -115.2357705, 36.146695499799996 ], [ -115.235662499999989, 36.146695499799996 ], [ -115.235662499999989, 36.1466927998 ], [ -115.2356571, 36.1466927998 ], [ -115.2356571, 36.146687399800001 ], [ -115.2356544, 36.146687399800001 ], [ -115.2356544, 36.146614499800002 ], [ -115.2356517, 36.146614499800002 ], [ -115.2356517, 36.146592899799998 ], [ -115.235649, 36.146592899799998 ], [ -115.235649, 36.146541599800003 ], [ -115.2356517, 36.146541599800003 ], [ -115.2356517, 36.146536199799996 ], [ -115.2356544, 36.146536199799996 ], [ -115.2356544, 36.1465334998 ], [ -115.2356598, 36.1465334998 ], [ -115.2356598, 36.146530799799997 ], [ -115.235692199999988, 36.146530799799997 ], [ -115.235692199999988, 36.1465334998 ], [ -115.2356976, 36.1465334998 ], [ -115.2356976, 36.146536199799996 ], [ -115.23573, 36.146536199799996 ], [ -115.23573, 36.1465334998 ], [ -115.2357327, 36.1465334998 ], [ -115.2357327, 36.146530799799997 ], [ -115.2357354, 36.146530799799997 ], [ -115.2357354, 36.146509199800001 ], [ -115.2357381, 36.146509199800001 ], [ -115.2357381, 36.146501099799998 ], [ -115.2357435, 36.146501099799998 ], [ -115.2357435, 36.146498399800002 ], [ -115.2358299, 36.146498399800002 ], [ -115.2358299, 36.146501099799998 ], [ -115.2358326, 36.146501099799998 ], [ -115.2358326, 36.146503799800001 ], [ -115.2358353, 36.146503799800001 ], [ -115.2358353, 36.1465145998 ], [ -115.2358326, 36.1465145998 ], [ -115.2358326, 36.146541599800003 ], [ -115.2358299, 36.146541599800003 ], [ -115.2358299, 36.146654999799999 ], [ -115.235827199999989, 36.146654999799999 ], [ -115.235827199999989, 36.1466738998 ], [ -115.2358245, 36.1466738998 ], [ -115.2358245, 36.146676599799996 ], [ -115.2358137, 36.146676599799996 ], [ -115.2358137, 36.146679299799999 ], [ -115.2357867, 36.146679299799999 ], [ -115.2357867, 36.146681999800002 ], [ -115.2357813, 36.146681999800002 ], [ -115.2357813, 36.146687399800001 ], [ -115.235778599999989, 36.146687399800001 ], [ -115.235778599999989, 36.146690099799997 ], [ -115.2357759, 36.146690099799997 ], [ -115.2357759, 36.1466927998 ], [ -115.2357705, 36.1466927998 ], [ -115.2357705, 36.146695499799996 ] ] ] } },
{ "type": "Feature", "properties": { "value": 255.0 }, "geometry": { "type": "Polygon", "coordinates": [ [ [ -115.2355707, 36.146260799799997 ], [ -115.2355626, 36.146260799799997 ], [ -115.2355626, 36.146141999800001 ], [ -115.2355653, 36.146141999800001 ], [ -115.2355653, 36.146144699799997 ], [ -115.235568, 36.146144699799997 ], [ -115.235568, 36.146150099800003 ], [ -115.2355707, 36.146150099800003 ], [ -115.2355707, 36.146158199799999 ], [ -115.2355734, 36.146158199799999 ], [ -115.2355734, 36.146182499799998 ], [ -115.2355707, 36.146182499799998 ], [ -115.2355707, 36.1461959998 ], [ -115.2355734, 36.1461959998 ], [ -115.2355734, 36.146198699800003 ], [ -115.2355842, 36.146198699800003 ], [ -115.2355842, 36.146201399799999 ], [ -115.2355869, 36.146201399799999 ], [ -115.2355869, 36.146206799799998 ], [ -115.2355896, 36.146206799799998 ], [ -115.2355896, 36.1462202998 ], [ -115.2355923, 36.1462202998 ], [ -115.2355923, 36.146249999799998 ], [ -115.2355896, 36.146249999799998 ], [ -115.2355896, 36.146255399799998 ], [ -115.2355869, 36.146255399799998 ], [ -115.2355869, 36.146258099800001 ], [ -115.2355707, 36.146258099800001 ], [ -115.2355707, 36.146260799799997 ] ] ] } },
{ "type": "Feature", "properties": { "value": 255.0 }, "geometry": { "type": "Polygon", "coordinates": [ [ [ -115.2371556, 36.146260799799997 ], [ -115.23708, 36.146260799799997 ], [ -115.23708, 36.146258099800001 ], [ -115.2370746, 36.146258099800001 ], [ -115.2370746, 36.146255399799998 ], [ -115.2370719, 36.146255399799998 ], [ -115.2370719, 36.146249999799998 ], [ -115.2370692, 36.146249999799998 ], [ -115.2370692, 36.146204099800002 ], [ -115.2370719, 36.146204099800002 ], [ -115.2370719, 36.146198699800003 ], [ -115.23708, 36.146198699800003 ], [ -115.23708, 36.1461959998 ], [ -115.2370854, 36.1461959998 ], [ -115.2370854, 36.146198699800003 ], [ -115.2371016, 36.146198699800003 ], [ -115.2371016, 36.1461959998 ], [ -115.2371097, 36.1461959998 ], [ -115.2371097, 36.146193299799997 ], [ -115.2371124, 36.146193299799997 ], [ -115.2371124, 36.146185199800001 ], [ -115.2371151, 36.146185199800001 ], [ -115.2371151, 36.146150099800003 ], [ -115.2371178, 36.146150099800003 ], [ -115.2371178, 36.146141999800001 ], [ -115.2371205, 36.146141999800001 ], [ -115.2371205, 36.146139299799998 ], [ -115.2371259, 36.146139299799998 ], [ -115.2371259, 36.146136599800002 ], [ -115.2371583, 36.146136599800002 ], [ -115.2371583, 36.146139299799998 ], [ -115.2371691, 36.146139299799998 ], [ -115.2371691, 36.146141999800001 ], [ -115.2371799, 36.146141999800001 ], [ -115.2371799, 36.146139299799998 ], [ -115.2371853, 36.146139299799998 ], [ -115.2371853, 36.146136599800002 ], [ -115.237188, 36.146136599800002 ], [ -115.237188, 36.146133899799999 ], [ -115.2371907, 36.146133899799999 ], [ -115.2371907, 36.146125799800004 ], [ -115.2371934, 36.146125799800004 ], [ -115.2371934, 36.1461230998 ], [ -115.2372096, 36.1461230998 ], [ -115.2372096, 36.146125799800004 ], [ -115.2372258, 36.146125799800004 ], [ -115.2372258, 36.1461284998 ], [ -115.2372339, 36.1461284998 ], [ -115.2372339, 36.1461230998 ], [ -115.2372393, 36.1461230998 ], [ -115.2372393, 36.1461284998 ], [ -115.2372366, 36.1461284998 ], [ -115.2372366, 36.146131199800003 ], [ -115.2372393, 36.146131199800003 ], [ -115.2372393, 36.146133899799999 ], [ -115.237242, 36.146133899799999 ], [ -115.237242, 36.146136599800002 ], [ -115.2372447, 36.146136599800002 ], [ -115.2372447, 36.146139299799998 ], [ -115.2372474, 36.146139299799998 ], [ -115.2372474, 36.146141999800001 ], [ -115.2372582, 36.146141999800001 ], [ -115.2372582, 36.146144699799997 ], [ -115.2372636, 36.146144699799997 ], [ -115.2372636, 36.1461473998 ], [ -115.2372663, 36.1461473998 ], [ -115.2372663, 36.146150099800003 ], [ -115.237269, 36.146150099800003 ], [ -115.237269, 36.146152799799999 ], [ -115.2372717, 36.146152799799999 ], [ -115.2372717, 36.146182499799998 ], [ -115.237269, 36.146182499799998 ], [ -115.237269, 36.146185199800001 ], [ -115.2372663, 36.146185199800001 ], [ -115.2372663, 36.146193299799997 ], [ -115.2372636, 36.146193299799997 ], [ -115.2372636, 36.146198699800003 ], [ -115.2372609, 36.146198699800003 ], [ -115.2372609, 36.146206799799998 ], [ -115.2372582, 36.146206799799998 ], [ -115.2372582, 36.146228399800002 ], [ -115.2372555, 36.146228399800002 ], [ -115.2372555, 36.146236499799997 ], [ -115.2372528, 36.146236499799997 ], [ -115.2372528, 36.146241899800003 ], [ -115.2372447, 36.146241899800003 ], [ -115.2372447, 36.146244599799999 ], [ -115.237215, 36.146244599799999 ], [ -115.237215, 36.146241899800003 ], [ -115.2372069, 36.146241899800003 ], [ -115.2372069, 36.146244599799999 ], [ -115.237188, 36.146244599799999 ], [ -115.237188, 36.146241899800003 ], [ -115.2371799, 36.146241899800003 ], [ -115.2371799, 36.146244599799999 ], [ -115.2371772, 36.146244599799999 ], [ -115.2371772, 36.146247299800002 ], [ -115.2371745, 36.146247299800002 ], [ -115.2371745, 36.146252699800002 ], [ -115.2371691, 36.146252699800002 ], [ -115.2371691, 36.146255399799998 ], [ -115.2371637, 36.146255399799998 ], [ -115.2371637, 36.146258099800001 ], [ -115.2371556, 36.146258099800001 ], [ -115.2371556, 36.146260799799997 ] ] ] } },
{ "type": "Feature", "properties": { "value": 255.0 }, "geometry": { "type": "Polygon", "coordinates": [ [ [ -115.2365238, 36.146260799799997 ], [ -115.2364806, 36.146260799799997 ], [ -115.2364806, 36.146258099800001 ], [ -115.2364509, 36.146258099800001 ], [ -115.2364509, 36.146255399799998 ], [ -115.2364482, 36.146255399799998 ], [ -115.2364482, 36.146252699800002 ], [ -115.2364455, 36.146252699800002 ], [ -115.2364455, 36.146233799800001 ], [ -115.2364482, 36.146233799800001 ], [ -115.2364482, 36.1462202998 ], [ -115.2364509, 36.1462202998 ], [ -115.2364509, 36.146209499800001 ], [ -115.2364482, 36.146209499800001 ], [ -115.2364482, 36.146206799799998 ], [ -115.2364455, 36.146206799799998 ], [ -115.2364455, 36.146204099800002 ], [ -115.236432, 36.146204099800002 ], [ -115.236432, 36.146201399799999 ], [ -115.236415799999989, 36.146201399799999 ], [ -115.236415799999989, 36.146204099800002 ], [ -115.236405, 36.146204099800002 ], [ -115.236405, 36.146206799799998 ], [ -115.2363969, 36.146206799799998 ], [ -115.2363969, 36.146209499800001 ], [ -115.2363834, 36.146209499800001 ], [ -115.2363834, 36.146212199799997 ], [ -115.2363726, 36.146212199799997 ], [ -115.2363726, 36.146209499800001 ], [ -115.2363618, 36.146209499800001 ], [ -115.2363618, 36.146206799799998 ], [ -115.2363591, 36.146206799799998 ], [ -115.2363591, 36.146201399799999 ], [ -115.2363564, 36.146201399799999 ], [ -115.2363564, 36.146131199800003 ], [ -115.2363591, 36.146131199800003 ], [ -115.2363591, 36.1461230998 ], [ -115.2363618, 36.1461230998 ], [ -115.2363618, 36.146120399799997 ], [ -115.236378, 36.146120399799997 ], [ -115.236378, 36.146117699800001 ], [ -115.2365211, 36.146117699800001 ], [ -115.2365211, 36.146120399799997 ], [ -115.2365292, 36.146120399799997 ], [ -115.2365292, 36.1461230998 ], [ -115.2365319, 36.1461230998 ], [ -115.2365319, 36.1461284998 ], [ -115.2365346, 36.1461284998 ], [ -115.2365346, 36.1461473998 ], [ -115.2365373, 36.1461473998 ], [ -115.2365373, 36.146182499799998 ], [ -115.23654, 36.146182499799998 ], [ -115.23654, 36.146193299799997 ], [ -115.2365427, 36.146193299799997 ], [ -115.2365427, 36.1461959998 ], [ -115.2365454, 36.1461959998 ], [ -115.2365454, 36.146198699800003 ], [ -115.2365481, 36.146198699800003 ], [ -115.2365481, 36.146206799799998 ], [ -115.236550799999989, 36.146206799799998 ], [ -115.236550799999989, 36.1462202998 ], [ -115.2365535, 36.1462202998 ], [ -115.2365535, 36.146255399799998 ], [ -115.236550799999989, 36.146255399799998 ], [ -115.236550799999989, 36.146258099800001 ], [ -115.2365238, 36.146258099800001 ], [ -115.2365238, 36.146260799799997 ] ] ] } },
{ "type": "Feature", "properties": { "value": 255.0 }, "geometry": { "type": "Polygon", "coordinates": [ [ [ -115.235676, 36.146258099800001 ], [ -115.2356598, 36.146258099800001 ], [ -115.2356598, 36.146255399799998 ], [ -115.2356544, 36.146255399799998 ], [ -115.2356544, 36.146252699800002 ], [ -115.2356517, 36.146252699800002 ], [ -115.2356517, 36.146249999799998 ], [ -115.235649, 36.146249999799998 ], [ -115.235649, 36.146198699800003 ], [ -115.2356517, 36.146198699800003 ], [ -115.2356517, 36.146185199800001 ], [ -115.2356544, 36.146185199800001 ], [ -115.2356544, 36.146182499799998 ], [ -115.2356571, 36.146182499799998 ], [ -115.2356571, 36.146179799800002 ], [ -115.235662499999989, 36.146179799800002 ], [ -115.235662499999989, 36.146182499799998 ], [ -115.2356652, 36.146182499799998 ], [ -115.2356652, 36.146187899799997 ], [ -115.235673299999988, 36.146187899799997 ], [ -115.235673299999988, 36.146177099799999 ], [ -115.2356706, 36.146177099799999 ], [ -115.2356706, 36.146166299800001 ], [ -115.235673299999988, 36.146166299800001 ], [ -115.235673299999988, 36.146158199799999 ], [ -115.235676, 36.146158199799999 ], [ -115.235676, 36.146155499800003 ], [ -115.2356787, 36.146155499800003 ], [ -115.2356787, 36.146150099800003 ], [ -115.2356814, 36.146150099800003 ], [ -115.2356814, 36.146141999800001 ], [ -115.2356841, 36.146141999800001 ], [ -115.2356841, 36.146131199800003 ], [ -115.2356814, 36.146131199800003 ], [ -115.2356814, 36.1461284998 ], [ -115.2356787, 36.1461284998 ], [ -115.2356787, 36.1461230998 ], [ -115.2356814, 36.1461230998 ], [ -115.2356814, 36.146120399799997 ], [ -115.2356841, 36.146120399799997 ], [ -115.2356841, 36.146117699800001 ], [ -115.2356868, 36.146117699800001 ], [ -115.2356868, 36.146114999799998 ], [ -115.2357219, 36.146114999799998 ], [ -115.2357219, 36.146117699800001 ], [ -115.23573, 36.146117699800001 ], [ -115.23573, 36.146120399799997 ], [ -115.2357327, 36.146120399799997 ], [ -115.2357327, 36.1461230998 ], [ -115.2357354, 36.1461230998 ], [ -115.2357354, 36.146131199800003 ], [ -115.2357381, 36.146131199800003 ], [ -115.2357381, 36.146136599800002 ], [ -115.2357462, 36.146136599800002 ], [ -115.2357462, 36.146139299799998 ], [ -115.235784, 36.146139299799998 ], [ -115.235784, 36.146136599800002 ], [ -115.2358002, 36.146136599800002 ], [ -115.2358002, 36.146139299799998 ], [ -115.235808299999988, 36.146139299799998 ], [ -115.235808299999988, 36.146141999800001 ], [ -115.2358137, 36.146141999800001 ], [ -115.2358137, 36.146144699799997 ], [ -115.2358164, 36.146144699799997 ], [ -115.2358164, 36.146150099800003 ], [ -115.2358191, 36.146150099800003 ], [ -115.2358191, 36.146160899800002 ], [ -115.2358218, 36.146160899800002 ], [ -115.2358218, 36.146185199800001 ], [ -115.2358245, 36.146185199800001 ], [ -115.2358245, 36.146217599800003 ], [ -115.2358218, 36.146217599800003 ], [ -115.2358218, 36.1462202998 ], [ -115.2358245, 36.1462202998 ], [ -115.2358245, 36.146225699799999 ], [ -115.2358218, 36.146225699799999 ], [ -115.2358218, 36.146236499799997 ], [ -115.2358191, 36.146236499799997 ], [ -115.2358191, 36.1462391998 ], [ -115.2357948, 36.1462391998 ], [ -115.2357948, 36.146236499799997 ], [ -115.235778599999989, 36.146236499799997 ], [ -115.235778599999989, 36.1462391998 ], [ -115.2357624, 36.1462391998 ], [ -115.2357624, 36.146241899800003 ], [ -115.2357516, 36.146241899800003 ], [ -115.2357516, 36.146244599799999 ], [ -115.2357219, 36.146244599799999 ], [ -115.2357219, 36.146247299800002 ], [ -115.2356976, 36.146247299800002 ], [ -115.2356976, 36.146249999799998 ], [ -115.235692199999988, 36.146249999799998 ], [ -115.235692199999988, 36.146252699800002 ], [ -115.2356868, 36.146252699800002 ], [ -115.2356868, 36.146255399799998 ], [ -115.235676, 36.146255399799998 ], [ -115.235676, 36.146258099800001 ] ] ] } },
{ "type": "Feature", "properties": { "value": 255.0 }, "geometry": { "type": "Polygon", "coordinates": [ [ [ -115.236162, 36.146260799799997 ], [ -115.236145799999989, 36.146260799799997 ], [ -115.236145799999989, 36.146258099800001 ], [ -115.236135, 36.146258099800001 ], [ -115.236135, 36.146217599800003 ], [ -115.2361377, 36.146217599800003 ], [ -115.2361377, 36.146206799799998 ], [ -115.2361404, 36.146206799799998 ], [ -115.2361404, 36.146193299799997 ], [ -115.2361431, 36.146193299799997 ], [ -115.2361431, 36.146168999799997 ], [ -115.236145799999989, 36.146168999799997 ], [ -115.236145799999989, 36.146163599799998 ], [ -115.2361431, 36.146163599799998 ], [ -115.2361431, 36.146155499800003 ], [ -115.236145799999989, 36.146155499800003 ], [ -115.236145799999989, 36.146150099800003 ], [ -115.2361485, 36.146150099800003 ], [ -115.2361485, 36.1461473998 ], [ -115.2361512, 36.1461473998 ], [ -115.2361512, 36.146144699799997 ], [ -115.2361566, 36.146144699799997 ], [ -115.2361566, 36.146141999800001 ], [ -115.236213299999989, 36.146141999800001 ], [ -115.236213299999989, 36.146139299799998 ], [ -115.2362214, 36.146139299799998 ], [ -115.2362214, 36.146133899799999 ], [ -115.2362187, 36.146133899799999 ], [ -115.2362187, 36.146109599799999 ], [ -115.2362214, 36.146109599799999 ], [ -115.2362214, 36.1461041998 ], [ -115.2362268, 36.1461041998 ], [ -115.2362268, 36.146101499799997 ], [ -115.2362673, 36.146101499799997 ], [ -115.2362673, 36.146098799800001 ], [ -115.236297, 36.146098799800001 ], [ -115.236297, 36.1461041998 ], [ -115.236299699999989, 36.1461041998 ], [ -115.236299699999989, 36.146131199800003 ], [ -115.2363024, 36.146131199800003 ], [ -115.2363024, 36.1461473998 ], [ -115.2363051, 36.1461473998 ], [ -115.2363051, 36.146152799799999 ], [ -115.2363078, 36.146152799799999 ], [ -115.2363078, 36.146160899800002 ], [ -115.2363105, 36.146160899800002 ], [ -115.2363105, 36.146206799799998 ], [ -115.2363078, 36.146206799799998 ], [ -115.2363078, 36.146233799800001 ], [ -115.2363051, 36.146233799800001 ], [ -115.2363051, 36.1462391998 ], [ -115.2362835, 36.1462391998 ], [ -115.2362835, 36.146241899800003 ], [ -115.2362538, 36.146241899800003 ], [ -115.2362538, 36.146244599799999 ], [ -115.2362484, 36.146244599799999 ], [ -115.2362484, 36.146247299800002 ], [ -115.236243, 36.146247299800002 ], [ -115.236243, 36.146249999799998 ], [ -115.2362376, 36.146249999799998 ], [ -115.2362376, 36.146252699800002 ], [ -115.236232199999989, 36.146252699800002 ], [ -115.236232199999989, 36.146255399799998 ], [ -115.2362268, 36.146255399799998 ], [ -115.2362268, 36.146258099800001 ], [ -115.236162, 36.146258099800001 ], [ -115.236162, 36.146260799799997 ] ] ] } },
{ "type": "Feature", "properties": { "value": 255.0 }, "geometry": { "type": "Polygon", "coordinates": [ [ [ -115.2366426, 36.146258099800001 ], [ -115.236618299999989, 36.146258099800001 ], [ -115.236618299999989, 36.146255399799998 ], [ -115.2366156, 36.146255399799998 ], [ -115.2366156, 36.146252699800002 ], [ -115.2366129, 36.146252699800002 ], [ -115.2366129, 36.146247299800002 ], [ -115.2366102, 36.146247299800002 ], [ -115.2366102, 36.146228399800002 ], [ -115.2366075, 36.146228399800002 ], [ -115.2366075, 36.1462202998 ], [ -115.2366102, 36.1462202998 ], [ -115.2366102, 36.146206799799998 ], [ -115.2366129, 36.146206799799998 ], [ -115.2366129, 36.146201399799999 ], [ -115.2366156, 36.146201399799999 ], [ -115.2366156, 36.1461959998 ], [ -115.2366237, 36.1461959998 ], [ -115.2366237, 36.146193299799997 ], [ -115.2366453, 36.146193299799997 ], [ -115.2366453, 36.146190599800001 ], [ -115.236648, 36.146190599800001 ], [ -115.236648, 36.146187899799997 ], [ -115.2366507, 36.146187899799997 ], [ -115.2366507, 36.146158199799999 ], [ -115.236648, 36.146158199799999 ], [ -115.236648, 36.146141999800001 ], [ -115.2366453, 36.146141999800001 ], [ -115.2366453, 36.146125799800004 ], [ -115.236648, 36.146125799800004 ], [ -115.236648, 36.146114999799998 ], [ -115.2366507, 36.146114999799998 ], [ -115.2366507, 36.146112299800002 ], [ -115.2366534, 36.146112299800002 ], [ -115.2366534, 36.146109599799999 ], [ -115.2366588, 36.146109599799999 ], [ -115.2366588, 36.146106899800003 ], [ -115.2366723, 36.146106899800003 ], [ -115.2366723, 36.1461041998 ], [ -115.236702, 36.1461041998 ], [ -115.236702, 36.146106899800003 ], [ -115.2367236, 36.146106899800003 ], [ -115.2367236, 36.146109599799999 ], [ -115.2367722, 36.146109599799999 ], [ -115.2367722, 36.146112299800002 ], [ -115.2367776, 36.146112299800002 ], [ -115.2367776, 36.146120399799997 ], [ -115.2367803, 36.146120399799997 ], [ -115.2367803, 36.146155499800003 ], [ -115.2367776, 36.146155499800003 ], [ -115.2367776, 36.146163599799998 ], [ -115.2367803, 36.146163599799998 ], [ -115.2367803, 36.146174399800003 ], [ -115.236783, 36.146174399800003 ], [ -115.236783, 36.146179799800002 ], [ -115.2367857, 36.146179799800002 ], [ -115.2367857, 36.146233799800001 ], [ -115.236783, 36.146233799800001 ], [ -115.236783, 36.146236499799997 ], [ -115.2367803, 36.146236499799997 ], [ -115.2367803, 36.1462391998 ], [ -115.2367614, 36.1462391998 ], [ -115.2367614, 36.146236499799997 ], [ -115.2367371, 36.146236499799997 ], [ -115.2367371, 36.1462391998 ], [ -115.2367263, 36.1462391998 ], [ -115.2367263, 36.146241899800003 ], [ -115.2367182, 36.146241899800003 ], [ -115.2367182, 36.146244599799999 ], [ -115.2366993, 36.146244599799999 ], [ -115.2366993, 36.146247299800002 ], [ -115.2366966, 36.146247299800002 ], [ -115.2366966, 36.146244599799999 ], [ -115.2366912, 36.146244599799999 ], [ -115.2366912, 36.146247299800002 ], [ -115.2366561, 36.146247299800002 ], [ -115.2366561, 36.146249999799998 ], [ -115.2366507, 36.146249999799998 ], [ -115.2366507, 36.146252699800002 ], [ -115.236648, 36.146252699800002 ], [ -115.236648, 36.146255399799998 ], [ -115.2366426, 36.146255399799998 ], [ -115.2366426, 36.146258099800001 ] ] ] } },
{ "type": "Feature", "properties": { "value": 255.0 }, "geometry": { "type": "Polygon", "coordinates": [ [ [ -115.235981099999989, 36.146260799799997 ], [ -115.235973, 36.146260799799997 ], [ -115.235973, 36.146258099800001 ], [ -115.235962199999989, 36.146258099800001 ], [ -115.235962199999989, 36.146252699800002 ], [ -115.2359595, 36.146252699800002 ], [ -115.2359595, 36.146233799800001 ], [ -115.235962199999989, 36.146233799800001 ], [ -115.235962199999989, 36.146222999800003 ], [ -115.2359649, 36.146222999800003 ], [ -115.2359649, 36.146217599800003 ], [ -115.2359676, 36.146217599800003 ], [ -115.2359676, 36.146206799799998 ], [ -115.2359649, 36.146206799799998 ], [ -115.2359649, 36.146204099800002 ], [ -115.2359595, 36.146204099800002 ], [ -115.2359595, 36.146201399799999 ], [ -115.2359325, 36.146201399799999 ], [ -115.2359325, 36.146204099800002 ], [ -115.2359217, 36.146204099800002 ], [ -115.2359217, 36.146206799799998 ], [ -115.2359109, 36.146206799799998 ], [ -115.2359109, 36.146209499800001 ], [ -115.235875799999988, 36.146209499800001 ], [ -115.235875799999988, 36.146206799799998 ], [ -115.2358704, 36.146206799799998 ], [ -115.2358704, 36.146201399799999 ], [ -115.2358677, 36.146201399799999 ], [ -115.2358677, 36.146144699799997 ], [ -115.235865, 36.146144699799997 ], [ -115.235865, 36.146133899799999 ], [ -115.2358623, 36.146133899799999 ], [ -115.2358623, 36.146117699800001 ], [ -115.235865, 36.146117699800001 ], [ -115.235865, 36.146098799800001 ], [ -115.2358677, 36.146098799800001 ], [ -115.2358677, 36.146096099799998 ], [ -115.2358704, 36.146096099799998 ], [ -115.2358704, 36.146093399800002 ], [ -115.2358731, 36.146093399800002 ], [ -115.2358731, 36.146090699799998 ], [ -115.2358812, 36.146090699799998 ], [ -115.2358812, 36.146087999800002 ], [ -115.2358866, 36.146087999800002 ], [ -115.2358866, 36.146085299799999 ], [ -115.235892, 36.146085299799999 ], [ -115.235892, 36.146082599800003 ], [ -115.2359028, 36.146082599800003 ], [ -115.2359028, 36.1460798998 ], [ -115.2359352, 36.1460798998 ], [ -115.2359352, 36.146082599800003 ], [ -115.2359595, 36.146082599800003 ], [ -115.2359595, 36.146085299799999 ], [ -115.235973, 36.146085299799999 ], [ -115.235973, 36.146087999800002 ], [ -115.2359757, 36.146087999800002 ], [ -115.2359757, 36.146090699799998 ], [ -115.2359784, 36.146090699799998 ], [ -115.2359784, 36.146096099799998 ], [ -115.235981099999989, 36.146096099799998 ], [ -115.235981099999989, 36.1461041998 ], [ -115.2359838, 36.1461041998 ], [ -115.2359838, 36.146106899800003 ], [ -115.2359865, 36.146106899800003 ], [ -115.2359865, 36.146109599799999 ], [ -115.2359919, 36.146109599799999 ], [ -115.2359919, 36.146112299800002 ], [ -115.2360135, 36.146112299800002 ], [ -115.2360135, 36.146114999799998 ], [ -115.236027, 36.146114999799998 ], [ -115.236027, 36.146117699800001 ], [ -115.2360432, 36.146117699800001 ], [ -115.2360432, 36.146120399799997 ], [ -115.2360459, 36.146120399799997 ], [ -115.2360459, 36.146193299799997 ], [ -115.2360486, 36.146193299799997 ], [ -115.2360486, 36.1461959998 ], [ -115.2360594, 36.1461959998 ], [ -115.2360594, 36.146198699800003 ], [ -115.2360648, 36.146198699800003 ], [ -115.2360648, 36.146201399799999 ], [ -115.2360675, 36.146201399799999 ], [ -115.2360675, 36.1462202998 ], [ -115.2360702, 36.1462202998 ], [ -115.2360702, 36.146225699799999 ], [ -115.2360675, 36.146225699799999 ], [ -115.2360675, 36.146233799800001 ], [ -115.2360702, 36.146233799800001 ], [ -115.2360702, 36.146252699800002 ], [ -115.2360675, 36.146252699800002 ], [ -115.2360675, 36.146255399799998 ], [ -115.2360648, 36.146255399799998 ], [ -115.2360648, 36.146258099800001 ], [ -115.235981099999989, 36.146258099800001 ], [ -115.235981099999989, 36.146260799799997 ] ] ] } },
{ "type": "Feature", "properties": { "value": 255.0 }, "geometry": { "type": "Polygon", "coordinates": [ [ [ -115.2369774, 36.1462634998 ], [ -115.2369423, 36.1462634998 ], [ -115.2369423, 36.146260799799997 ], [ -115.2369126, 36.146260799799997 ], [ -115.2369126, 36.146258099800001 ], [ -115.2369099, 36.146258099800001 ], [ -115.2369099, 36.146231099799998 ], [ -115.2369072, 36.146231099799998 ], [ -115.2369072, 36.146222999800003 ], [ -115.2369018, 36.146222999800003 ], [ -115.2369018, 36.1462202998 ], [ -115.2368937, 36.1462202998 ], [ -115.2368937, 36.146222999800003 ], [ -115.2368775, 36.146222999800003 ], [ -115.2368775, 36.146225699799999 ], [ -115.2368343, 36.146225699799999 ], [ -115.2368343, 36.146222999800003 ], [ -115.2368316, 36.146222999800003 ], [ -115.2368316, 36.1462202998 ], [ -115.2368289, 36.1462202998 ], [ -115.2368289, 36.146204099800002 ], [ -115.2368262, 36.146204099800002 ], [ -115.2368262, 36.1461959998 ], [ -115.2368289, 36.1461959998 ], [ -115.2368289, 36.146096099799998 ], [ -115.2368343, 36.146096099799998 ], [ -115.2368343, 36.146093399800002 ], [ -115.2368397, 36.146093399800002 ], [ -115.2368397, 36.146090699799998 ], [ -115.2368802, 36.146090699799998 ], [ -115.2368802, 36.146093399800002 ], [ -115.2368856, 36.146093399800002 ], [ -115.2368856, 36.146090699799998 ], [ -115.2369072, 36.146090699799998 ], [ -115.2369072, 36.146087999800002 ], [ -115.2369099, 36.146087999800002 ], [ -115.2369099, 36.146090699799998 ], [ -115.2369342, 36.146090699799998 ], [ -115.2369342, 36.146093399800002 ], [ -115.236945, 36.146093399800002 ], [ -115.236945, 36.146090699799998 ], [ -115.2369531, 36.146090699799998 ], [ -115.2369531, 36.146087999800002 ], [ -115.2369693, 36.146087999800002 ], [ -115.2369693, 36.146090699799998 ], [ -115.2369963, 36.146090699799998 ], [ -115.2369963, 36.146093399800002 ], [ -115.2370017, 36.146093399800002 ], [ -115.2370017, 36.146096099799998 ], [ -115.2370044, 36.146096099799998 ], [ -115.2370044, 36.146131199800003 ], [ -115.2370071, 36.146131199800003 ], [ -115.2370071, 36.1461473998 ], [ -115.2370044, 36.1461473998 ], [ -115.2370044, 36.146158199799999 ], [ -115.2370071, 36.146158199799999 ], [ -115.2370071, 36.146193299799997 ], [ -115.2370098, 36.146193299799997 ], [ -115.2370098, 36.146206799799998 ], [ -115.2370125, 36.146206799799998 ], [ -115.2370125, 36.1462148998 ], [ -115.2370152, 36.1462148998 ], [ -115.2370152, 36.1462202998 ], [ -115.2370179, 36.1462202998 ], [ -115.2370179, 36.146258099800001 ], [ -115.2370152, 36.146258099800001 ], [ -115.2370152, 36.146260799799997 ], [ -115.2369774, 36.146260799799997 ], [ -115.2369774, 36.1462634998 ] ] ] } },
{ "type": "Feature", "properties": { "value": 255.0 }, "geometry": { "type": "Polygon", "coordinates": [ [ [ -115.2360999, 36.145925999799999 ], [ -115.2360945, 36.145925999799999 ], [ -115.2360945, 36.145923299800003 ], [ -115.2360837, 36.145923299800003 ], [ -115.2360837, 36.145890899800001 ], [ -115.2361053, 36.145890899800001 ], [ -115.2361053, 36.145893599799997 ], [ -115.236108, 36.145893599799997 ], [ -115.236108, 36.145923299800003 ], [ -115.2360999, 36.145923299800003 ], [ -115.2360999, 36.145925999799999 ] ] ] } },
{ "type": "Feature", "properties": { "value": 255.0 }, "geometry": { "type": "Polygon", "coordinates": [ [ [ -115.235943299999988, 36.1459205998 ], [ -115.235919, 36.1459205998 ], [ -115.235919, 36.145917899800004 ], [ -115.2359082, 36.145917899800004 ], [ -115.2359082, 36.145915199800001 ], [ -115.2359001, 36.145915199800001 ], [ -115.2359001, 36.145912499799998 ], [ -115.235892, 36.145912499799998 ], [ -115.235892, 36.145909799800002 ], [ -115.2358407, 36.145909799800002 ], [ -115.2358407, 36.145912499799998 ], [ -115.2358299, 36.145912499799998 ], [ -115.2358299, 36.145915199800001 ], [ -115.2358245, 36.145915199800001 ], [ -115.2358245, 36.145917899800004 ], [ -115.2358164, 36.145917899800004 ], [ -115.2358164, 36.1459205998 ], [ -115.2357732, 36.1459205998 ], [ -115.2357732, 36.145917899800004 ], [ -115.2357705, 36.145917899800004 ], [ -115.2357705, 36.145915199800001 ], [ -115.2357678, 36.145915199800001 ], [ -115.2357678, 36.145907099799999 ], [ -115.2357705, 36.145907099799999 ], [ -115.2357705, 36.145893599799997 ], [ -115.2357732, 36.145893599799997 ], [ -115.2357732, 36.145847699800001 ], [ -115.235943299999988, 36.145847699800001 ], [ -115.235943299999988, 36.145850399800004 ], [ -115.235946, 36.145850399800004 ], [ -115.235946, 36.145917899800004 ], [ -115.235943299999988, 36.145917899800004 ], [ -115.235943299999988, 36.1459205998 ] ] ] } },
{ "type": "Feature", "properties": { "value": 255.0 }, "geometry": { "type": "Polygon", "coordinates": [ [ [ -115.2367857, 36.1459205998 ], [ -115.236756, 36.1459205998 ], [ -115.236756, 36.145917899800004 ], [ -115.2366507, 36.145917899800004 ], [ -115.2366507, 36.1459205998 ], [ -115.2365886, 36.1459205998 ], [ -115.2365886, 36.145917899800004 ], [ -115.2365751, 36.145917899800004 ], [ -115.2365751, 36.1459205998 ], [ -115.2365589, 36.1459205998 ], [ -115.2365589, 36.145917899800004 ], [ -115.2365535, 36.145917899800004 ], [ -115.2365535, 36.145915199800001 ], [ -115.236550799999989, 36.145915199800001 ], [ -115.236550799999989, 36.145912499799998 ], [ -115.2365481, 36.145912499799998 ], [ -115.2365481, 36.145890899800001 ], [ -115.2365454, 36.145890899800001 ], [ -115.2365454, 36.145863899799998 ], [ -115.2365481, 36.145863899799998 ], [ -115.2365481, 36.145858499799999 ], [ -115.236550799999989, 36.145858499799999 ], [ -115.236550799999989, 36.145855799800003 ], [ -115.2365886, 36.145855799800003 ], [ -115.2365886, 36.1458530998 ], [ -115.2365913, 36.1458530998 ], [ -115.2365913, 36.145850399800004 ], [ -115.236594, 36.145850399800004 ], [ -115.236594, 36.145847699800001 ], [ -115.2368019, 36.145847699800001 ], [ -115.2368019, 36.1458530998 ], [ -115.2368046, 36.1458530998 ], [ -115.2368046, 36.145855799800003 ], [ -115.2368262, 36.145855799800003 ], [ -115.2368262, 36.145858499799999 ], [ -115.236837, 36.145858499799999 ], [ -115.236837, 36.145863899799998 ], [ -115.2368397, 36.145863899799998 ], [ -115.2368397, 36.145912499799998 ], [ -115.236837, 36.145912499799998 ], [ -115.236837, 36.145915199800001 ], [ -115.2368343, 36.145915199800001 ], [ -115.2368343, 36.145917899800004 ], [ -115.2367857, 36.145917899800004 ], [ -115.2367857, 36.1459205998 ] ] ] } },
{ "type": "Feature", "properties": { "value": 255.0 }, "geometry": { "type": "Polygon", "coordinates": [ [ [ -115.2369612, 36.145917899800004 ], [ -115.236945, 36.145917899800004 ], [ -115.236945, 36.145909799800002 ], [ -115.2369396, 36.145909799800002 ], [ -115.2369396, 36.145904399800003 ], [ -115.2369369, 36.145904399800003 ], [ -115.2369369, 36.145885499800002 ], [ -115.2369396, 36.145885499800002 ], [ -115.2369396, 36.145880099800003 ], [ -115.2369423, 36.145880099800003 ], [ -115.2369423, 36.1458773998 ], [ -115.236945, 36.1458773998 ], [ -115.236945, 36.145858499799999 ], [ -115.2369477, 36.145858499799999 ], [ -115.2369477, 36.145855799800003 ], [ -115.236945, 36.145855799800003 ], [ -115.236945, 36.145847699800001 ], [ -115.2371448, 36.145847699800001 ], [ -115.2371448, 36.145855799800003 ], [ -115.2371475, 36.145855799800003 ], [ -115.2371475, 36.145861199800002 ], [ -115.2371502, 36.145861199800002 ], [ -115.2371502, 36.145863899799998 ], [ -115.2371529, 36.145863899799998 ], [ -115.2371529, 36.145874699800004 ], [ -115.2371556, 36.145874699800004 ], [ -115.2371556, 36.145893599799997 ], [ -115.2371583, 36.145893599799997 ], [ -115.2371583, 36.145909799800002 ], [ -115.2371556, 36.145909799800002 ], [ -115.2371556, 36.145912499799998 ], [ -115.2371529, 36.145912499799998 ], [ -115.2371529, 36.145915199800001 ], [ -115.2369612, 36.145915199800001 ], [ -115.2369612, 36.145917899800004 ] ] ] } },
{ "type": "Feature", "properties": { "value": 255.0 }, "geometry": { "type": "Polygon", "coordinates": [ [ [ -115.2372906, 36.145907099799999 ], [ -115.2372582, 36.145907099799999 ], [ -115.2372582, 36.145904399800003 ], [ -115.2372555, 36.145904399800003 ], [ -115.2372555, 36.145898999800004 ], [ -115.2372528, 36.145898999800004 ], [ -115.2372528, 36.145847699800001 ], [ -115.2373176, 36.145847699800001 ], [ -115.2373176, 36.1459016998 ], [ -115.2373014, 36.1459016998 ], [ -115.2373014, 36.145904399800003 ], [ -115.2372906, 36.145904399800003 ], [ -115.2372906, 36.145907099799999 ] ] ] } },
{ "type": "Feature", "properties": { "value": 255.0 }, "geometry": { "type": "Polygon", "coordinates": [ [ [ -115.2360567, 36.145888199799998 ], [ -115.2359919, 36.145888199799998 ], [ -115.2359919, 36.145885499800002 ], [ -115.2359892, 36.145885499800002 ], [ -115.2359892, 36.145882799799999 ], [ -115.2359865, 36.145882799799999 ], [ -115.2359865, 36.145880099800003 ], [ -115.2359838, 36.145880099800003 ], [ -115.2359838, 36.145874699800004 ], [ -115.235981099999989, 36.145874699800004 ], [ -115.235981099999989, 36.145847699800001 ], [ -115.2360675, 36.145847699800001 ], [ -115.2360675, 36.145882799799999 ], [ -115.2360648, 36.145882799799999 ], [ -115.2360648, 36.145885499800002 ], [ -115.2360567, 36.145885499800002 ], [ -115.2360567, 36.145888199799998 ] ] ] } },
{ "type": "Feature", "properties": { "value": 255.0 }, "geometry": { "type": "Polygon", "coordinates": [ [ [ -115.2355653, 36.145912499799998 ], [ -115.2355626, 36.145912499799998 ], [ -115.2355626, 36.145847699800001 ], [ -115.2356868, 36.145847699800001 ], [ -115.2356868, 36.145882799799999 ], [ -115.2356841, 36.145882799799999 ], [ -115.2356841, 36.145904399800003 ], [ -115.2356814, 36.145904399800003 ], [ -115.2356814, 36.145907099799999 ], [ -115.2356787, 36.145907099799999 ], [ -115.2356787, 36.145909799800002 ], [ -115.235643599999989, 36.145909799800002 ], [ -115.235643599999989, 36.145907099799999 ], [ -115.2356166, 36.145907099799999 ], [ -115.2356166, 36.145909799800002 ], [ -115.2356139, 36.145909799800002 ], [ -115.2356139, 36.145907099799999 ], [ -115.2356004, 36.145907099799999 ], [ -115.2356004, 36.145904399800003 ], [ -115.2355896, 36.145904399800003 ], [ -115.2355896, 36.145907099799999 ], [ -115.235576099999989, 36.145907099799999 ], [ -115.235576099999989, 36.145909799800002 ], [ -115.2355653, 36.145909799800002 ], [ -115.2355653, 36.145912499799998 ] ] ] } }
]
}
