{
"type": "FeatureCollection",
"crs": { "type": "name", "properties": { "name": "urn:ogc:def:crs:OGC:1.3:CRS84" } },
"features": [
{ "type": "Feature", "properties": { "value": 255.0 }, "geometry": { "type": "Polygon", "coordinates": [ [ [ -115.1602623, 36.147602699799997 ], [ -115.1600976, 36.147602699799997 ], [ -115.1600976, 36.147532499799993 ], [ -115.1601624, 36.147532499799993 ], [ -115.1601624, 36.147535199799997 ], [ -115.1602299, 36.147535199799997 ], [ -115.1602299, 36.1475378998 ], [ -115.1602488, 36.1475378998 ], [ -115.1602488, 36.147540599799996 ], [ -115.1602569, 36.147540599799996 ], [ -115.1602569, 36.147543299799999 ], [ -115.1602623, 36.147543299799999 ], [ -115.1602623, 36.147545999799995 ], [ -115.160265, 36.147545999799995 ], [ -115.160265, 36.147548699799998 ], [ -115.1602677, 36.147548699799998 ], [ -115.1602677, 36.147578399799997 ], [ -115.160265, 36.147578399799997 ], [ -115.160265, 36.147597299799997 ], [ -115.1602623, 36.147597299799997 ], [ -115.1602623, 36.147602699799997 ] ] ] } },
{ "type": "Feature", "properties": { "value": 255.0 }, "geometry": { "type": "Polygon", "coordinates": [ [ [ -115.1614557, 36.1473785998 ], [ -115.1614368, 36.1473785998 ], [ -115.1614368, 36.147375899799997 ], [ -115.1614152, 36.147375899799997 ], [ -115.1614152, 36.147373199800001 ], [ -115.1613396, 36.147373199800001 ], [ -115.1613396, 36.147370499799997 ], [ -115.1613342, 36.147370499799997 ], [ -115.1613342, 36.147367799799994 ], [ -115.1613315, 36.147367799799994 ], [ -115.1613315, 36.147332699799996 ], [ -115.1613342, 36.147332699799996 ], [ -115.1613342, 36.147294899799995 ], [ -115.1613369, 36.147294899799995 ], [ -115.1613369, 36.147289499799996 ], [ -115.1613423, 36.147289499799996 ], [ -115.1613423, 36.1472867998 ], [ -115.1613585, 36.1472867998 ], [ -115.1613585, 36.147284099799997 ], [ -115.1613612, 36.147284099799997 ], [ -115.1613612, 36.1472867998 ], [ -115.1614044, 36.1472867998 ], [ -115.1614044, 36.147289499799996 ], [ -115.1614098, 36.147289499799996 ], [ -115.1614098, 36.147292199799999 ], [ -115.1614179, 36.147292199799999 ], [ -115.1614179, 36.147294899799995 ], [ -115.161426, 36.147294899799995 ], [ -115.161426, 36.147297599799998 ], [ -115.1614287, 36.147297599799998 ], [ -115.1614287, 36.1473056998 ], [ -115.1614314, 36.1473056998 ], [ -115.1614314, 36.147308399799996 ], [ -115.1614341, 36.147308399799996 ], [ -115.1614341, 36.1473110998 ], [ -115.1614368, 36.1473110998 ], [ -115.1614368, 36.147313799799996 ], [ -115.1614422, 36.147313799799996 ], [ -115.1614422, 36.147316499799999 ], [ -115.1614557, 36.147316499799999 ], [ -115.1614557, 36.147319199799995 ], [ -115.1614584, 36.147319199799995 ], [ -115.1614584, 36.147321899799998 ], [ -115.1614611, 36.147321899799998 ], [ -115.1614611, 36.147338099799995 ], [ -115.1614584, 36.147338099799995 ], [ -115.1614584, 36.147373199800001 ], [ -115.1614557, 36.147373199800001 ], [ -115.1614557, 36.1473785998 ] ] ] } },
{ "type": "Feature", "properties": { "value": 255.0 }, "geometry": { "type": "Polygon", "coordinates": [ [ [ -115.1610858, 36.147367799799994 ], [ -115.1610804, 36.147367799799994 ], [ -115.1610804, 36.147365099799998 ], [ -115.1610588, 36.147365099799998 ], [ -115.1610588, 36.147362399799995 ], [ -115.1610237, 36.147362399799995 ], [ -115.1610237, 36.147359699799999 ], [ -115.1609454, 36.147359699799999 ], [ -115.1609454, 36.147356999799996 ], [ -115.16094, 36.147356999799996 ], [ -115.16094, 36.147348899800001 ], [ -115.1609373, 36.147348899800001 ], [ -115.1609373, 36.147338099799995 ], [ -115.16094, 36.147338099799995 ], [ -115.16094, 36.147332699799996 ], [ -115.1609373, 36.147332699799996 ], [ -115.1609373, 36.147313799799996 ], [ -115.16094, 36.147313799799996 ], [ -115.16094, 36.147289499799996 ], [ -115.1609427, 36.147289499799996 ], [ -115.1609427, 36.147251699799995 ], [ -115.16094, 36.147251699799995 ], [ -115.16094, 36.147243599799999 ], [ -115.1609373, 36.147243599799999 ], [ -115.1609373, 36.1472381998 ], [ -115.1609346, 36.1472381998 ], [ -115.1609346, 36.147230099799998 ], [ -115.1609535, 36.147230099799998 ], [ -115.1609535, 36.147227399799995 ], [ -115.1609589, 36.147227399799995 ], [ -115.1609589, 36.147224699799999 ], [ -115.1609562, 36.147224699799999 ], [ -115.1609562, 36.147211199799997 ], [ -115.1609589, 36.147211199799997 ], [ -115.1609589, 36.147203099799995 ], [ -115.1609616, 36.147203099799995 ], [ -115.1609616, 36.1471949998 ], [ -115.1609589, 36.1471949998 ], [ -115.1609589, 36.147184199799995 ], [ -115.1609562, 36.147184199799995 ], [ -115.1609562, 36.147181499799999 ], [ -115.1609589, 36.147181499799999 ], [ -115.1609589, 36.1471706998 ], [ -115.1609616, 36.1471706998 ], [ -115.1609616, 36.147165299800001 ], [ -115.1609643, 36.147165299800001 ], [ -115.1609643, 36.147162599799998 ], [ -115.1609697, 36.147162599799998 ], [ -115.1609697, 36.147159899799995 ], [ -115.1610183, 36.147159899799995 ], [ -115.1610183, 36.147162599799998 ], [ -115.1610237, 36.147162599799998 ], [ -115.1610237, 36.147165299800001 ], [ -115.1610291, 36.147165299800001 ], [ -115.1610291, 36.147167999799997 ], [ -115.1610318, 36.147167999799997 ], [ -115.1610318, 36.1471706998 ], [ -115.1610372, 36.1471706998 ], [ -115.1610372, 36.147173399799996 ], [ -115.1610642, 36.147173399799996 ], [ -115.1610642, 36.1471706998 ], [ -115.1610966, 36.1471706998 ], [ -115.1610966, 36.147173399799996 ], [ -115.1610993, 36.147173399799996 ], [ -115.1610993, 36.147178799799995 ], [ -115.161102, 36.147178799799995 ], [ -115.161102, 36.147216599799997 ], [ -115.1610993, 36.147216599799997 ], [ -115.1610993, 36.1472624998 ], [ -115.1610966, 36.1472624998 ], [ -115.1610966, 36.147289499799996 ], [ -115.1610939, 36.147289499799996 ], [ -115.1610939, 36.1473299998 ], [ -115.1610912, 36.1473299998 ], [ -115.1610912, 36.147362399799995 ], [ -115.1610885, 36.147362399799995 ], [ -115.1610885, 36.147365099799998 ], [ -115.1610858, 36.147365099799998 ], [ -115.1610858, 36.147367799799994 ] ], [ [ -115.1609805, 36.147205799799998 ], [ -115.1609805, 36.147200399799999 ], [ -115.1609832, 36.147200399799999 ], [ -115.1609832, 36.147197699799996 ], [ -115.160967, 36.147197699799996 ], [ -115.160967, 36.147203099799995 ], [ -115.1609778, 36.147203099799995 ], [ -115.1609778, 36.147205799799998 ], [ -115.1609805, 36.147205799799998 ] ], [ [ -115.1609859, 36.147213899800001 ], [ -115.1609859, 36.147208499799994 ], [ -115.1609805, 36.147208499799994 ], [ -115.1609805, 36.147211199799997 ], [ -115.1609832, 36.147211199799997 ], [ -115.1609832, 36.147213899800001 ], [ -115.1609859, 36.147213899800001 ] ] ] } },
{ "type": "Feature", "properties": { "value": 255.0 }, "geometry": { "type": "Polygon", "coordinates": [ [ [ -115.1616123, 36.147338099799995 ], [ -115.1615961, 36.147338099799995 ], [ -115.1615961, 36.147335399799999 ], [ -115.161588, 36.147335399799999 ], [ -115.161588, 36.147332699799996 ], [ -115.1615799, 36.147332699799996 ], [ -115.1615799, 36.1473299998 ], [ -115.1615745, 36.1473299998 ], [ -115.1615745, 36.147327299799997 ], [ -115.1615664, 36.147327299799997 ], [ -115.1615664, 36.147324599799994 ], [ -115.161561, 36.147324599799994 ], [ -115.161561, 36.147321899799998 ], [ -115.1615529, 36.147321899799998 ], [ -115.1615529, 36.147319199799995 ], [ -115.1615475, 36.147319199799995 ], [ -115.1615475, 36.147316499799999 ], [ -115.1615394, 36.147316499799999 ], [ -115.1615394, 36.147313799799996 ], [ -115.161534, 36.147313799799996 ], [ -115.161534, 36.1473110998 ], [ -115.1615259, 36.1473110998 ], [ -115.1615259, 36.147308399799996 ], [ -115.1615205, 36.147308399799996 ], [ -115.1615205, 36.1473056998 ], [ -115.1615124, 36.1473056998 ], [ -115.1615124, 36.147302999799997 ], [ -115.161507, 36.147302999799997 ], [ -115.161507, 36.147300299799994 ], [ -115.1614989, 36.147300299799994 ], [ -115.1614989, 36.147297599799998 ], [ -115.1614935, 36.147297599799998 ], [ -115.1614935, 36.147294899799995 ], [ -115.1614854, 36.147294899799995 ], [ -115.1614854, 36.147292199799999 ], [ -115.16148, 36.147292199799999 ], [ -115.16148, 36.147289499799996 ], [ -115.1614773, 36.147289499799996 ], [ -115.1614773, 36.1472867998 ], [ -115.1614638, 36.1472867998 ], [ -115.1614638, 36.147284099799997 ], [ -115.1614503, 36.147284099799997 ], [ -115.1614503, 36.147281399800001 ], [ -115.1614368, 36.147281399800001 ], [ -115.1614368, 36.147278699799998 ], [ -115.1614314, 36.147278699799998 ], [ -115.1614314, 36.147275999799994 ], [ -115.161426, 36.147275999799994 ], [ -115.161426, 36.147273299799998 ], [ -115.1614233, 36.147273299799998 ], [ -115.1614233, 36.147270599799995 ], [ -115.1614179, 36.147270599799995 ], [ -115.1614179, 36.147267899799999 ], [ -115.1614125, 36.147267899799999 ], [ -115.1614125, 36.147265199799996 ], [ -115.1614071, 36.147265199799996 ], [ -115.1614071, 36.1472624998 ], [ -115.1614017, 36.1472624998 ], [ -115.1614017, 36.147259799799997 ], [ -115.1613936, 36.147259799799997 ], [ -115.1613936, 36.147257099800001 ], [ -115.1613882, 36.147257099800001 ], [ -115.1613882, 36.147254399799998 ], [ -115.1613828, 36.147254399799998 ], [ -115.1613828, 36.147251699799995 ], [ -115.1613774, 36.147251699799995 ], [ -115.1613774, 36.147248999799999 ], [ -115.161372, 36.147248999799999 ], [ -115.161372, 36.147246299799995 ], [ -115.1613693, 36.147246299799995 ], [ -115.1613693, 36.147243599799999 ], [ -115.1613639, 36.147243599799999 ], [ -115.1613639, 36.147240899799996 ], [ -115.1613612, 36.147240899799996 ], [ -115.1613612, 36.147235499799997 ], [ -115.1613585, 36.147235499799997 ], [ -115.1613585, 36.147230099799998 ], [ -115.161372, 36.147230099799998 ], [ -115.161372, 36.147205799799998 ], [ -115.1613693, 36.147205799799998 ], [ -115.1613693, 36.147203099799995 ], [ -115.161372, 36.147203099799995 ], [ -115.161372, 36.147197699799996 ], [ -115.1613747, 36.147197699799996 ], [ -115.1613747, 36.1471949998 ], [ -115.1613774, 36.1471949998 ], [ -115.1613774, 36.147192299799997 ], [ -115.1613801, 36.147192299799997 ], [ -115.1613801, 36.147189599800001 ], [ -115.1613855, 36.147189599800001 ], [ -115.1613855, 36.147186899799998 ], [ -115.1613882, 36.147186899799998 ], [ -115.1613882, 36.147184199799995 ], [ -115.1613909, 36.147184199799995 ], [ -115.1613909, 36.147181499799999 ], [ -115.1613936, 36.147181499799999 ], [ -115.1613936, 36.147176099799999 ], [ -115.1613963, 36.147176099799999 ], [ -115.1613963, 36.1471706998 ], [ -115.161399, 36.1471706998 ], [ -115.161399, 36.147165299800001 ], [ -115.1614017, 36.147165299800001 ], [ -115.1614017, 36.147162599799998 ], [ -115.1614044, 36.147162599799998 ], [ -115.1614044, 36.147159899799995 ], [ -115.1614071, 36.147159899799995 ], [ -115.1614071, 36.147157199799999 ], [ -115.1614098, 36.147157199799999 ], [ -115.1614098, 36.1471517998 ], [ -115.1614125, 36.1471517998 ], [ -115.1614125, 36.147149099799996 ], [ -115.1614152, 36.147149099799996 ], [ -115.1614152, 36.1471463998 ], [ -115.1614179, 36.1471463998 ], [ -115.1614179, 36.147143699799997 ], [ -115.1614206, 36.147143699799997 ], [ -115.1614206, 36.147140999800001 ], [ -115.1614341, 36.147140999800001 ], [ -115.1614341, 36.147138299799998 ], [ -115.1614422, 36.147138299799998 ], [ -115.1614422, 36.147135599799995 ], [ -115.1614476, 36.147135599799995 ], [ -115.1614476, 36.147132899799999 ], [ -115.16148, 36.147132899799999 ], [ -115.16148, 36.147124799799997 ], [ -115.1614935, 36.147124799799997 ], [ -115.1614935, 36.1471274998 ], [ -115.1615016, 36.1471274998 ], [ -115.1615016, 36.147130199799996 ], [ -115.161507, 36.147130199799996 ], [ -115.161507, 36.147132899799999 ], [ -115.1615097, 36.147132899799999 ], [ -115.1615097, 36.147135599799995 ], [ -115.1615151, 36.147135599799995 ], [ -115.1615151, 36.147138299799998 ], [ -115.1615178, 36.147138299799998 ], [ -115.1615178, 36.147140999800001 ], [ -115.1615232, 36.147140999800001 ], [ -115.1615232, 36.147143699799997 ], [ -115.1615259, 36.147143699799997 ], [ -115.1615259, 36.1471463998 ], [ -115.1615286, 36.1471463998 ], [ -115.1615286, 36.147149099799996 ], [ -115.161534, 36.147149099799996 ], [ -115.161534, 36.1471517998 ], [ -115.1615367, 36.1471517998 ], [ -115.1615367, 36.147154499799996 ], [ -115.1615421, 36.147154499799996 ], [ -115.1615421, 36.147157199799999 ], [ -115.1615448, 36.147157199799999 ], [ -115.1615448, 36.147159899799995 ], [ -115.1615475, 36.147159899799995 ], [ -115.1615475, 36.147165299800001 ], [ -115.1615502, 36.147165299800001 ], [ -115.1615502, 36.1471706998 ], [ -115.1615529, 36.1471706998 ], [ -115.1615529, 36.147173399799996 ], [ -115.161561, 36.147173399799996 ], [ -115.161561, 36.147176099799999 ], [ -115.1615664, 36.147176099799999 ], [ -115.1615664, 36.147181499799999 ], [ -115.1615691, 36.147181499799999 ], [ -115.1615691, 36.147184199799995 ], [ -115.1615718, 36.147184199799995 ], [ -115.1615718, 36.147186899799998 ], [ -115.1615772, 36.147186899799998 ], [ -115.1615772, 36.147189599800001 ], [ -115.1615799, 36.147189599800001 ], [ -115.1615799, 36.147192299799997 ], [ -115.1615826, 36.147192299799997 ], [ -115.1615826, 36.1471949998 ], [ -115.1615853, 36.1471949998 ], [ -115.1615853, 36.147197699799996 ], [ -115.161588, 36.147197699799996 ], [ -115.161588, 36.147200399799999 ], [ -115.1615907, 36.147200399799999 ], [ -115.1615907, 36.147203099799995 ], [ -115.1615934, 36.147203099799995 ], [ -115.1615934, 36.147208499799994 ], [ -115.1615961, 36.147208499799994 ], [ -115.1615961, 36.147211199799997 ], [ -115.1615988, 36.147211199799997 ], [ -115.1615988, 36.147213899800001 ], [ -115.1616015, 36.147213899800001 ], [ -115.1616015, 36.147216599799997 ], [ -115.16160690000001, 36.147216599799997 ], [ -115.16160690000001, 36.1472192998 ], [ -115.161615, 36.1472192998 ], [ -115.161615, 36.147221999799996 ], [ -115.1616204, 36.147221999799996 ], [ -115.1616204, 36.147224699799999 ], [ -115.1616285, 36.147224699799999 ], [ -115.1616285, 36.147227399799995 ], [ -115.1616339, 36.147227399799995 ], [ -115.1616339, 36.147230099799998 ], [ -115.1616474, 36.147230099799998 ], [ -115.1616474, 36.147232799799994 ], [ -115.1616501, 36.147232799799994 ], [ -115.1616501, 36.147235499799997 ], [ -115.1616555, 36.147235499799997 ], [ -115.1616555, 36.1472381998 ], [ -115.1616609, 36.1472381998 ], [ -115.1616609, 36.147240899799996 ], [ -115.1616663, 36.147240899799996 ], [ -115.1616663, 36.147246299799995 ], [ -115.161669, 36.147246299799995 ], [ -115.161669, 36.147251699799995 ], [ -115.1616663, 36.147251699799995 ], [ -115.1616663, 36.147257099800001 ], [ -115.1616636, 36.147257099800001 ], [ -115.1616636, 36.147259799799997 ], [ -115.1616609, 36.147259799799997 ], [ -115.1616609, 36.1472624998 ], [ -115.1616582, 36.1472624998 ], [ -115.1616582, 36.147267899799999 ], [ -115.1616555, 36.147267899799999 ], [ -115.1616555, 36.147270599799995 ], [ -115.1616528, 36.147270599799995 ], [ -115.1616528, 36.147275999799994 ], [ -115.1616501, 36.147275999799994 ], [ -115.1616501, 36.147281399800001 ], [ -115.1616474, 36.147281399800001 ], [ -115.1616474, 36.147284099799997 ], [ -115.1616447, 36.147284099799997 ], [ -115.1616447, 36.147289499799996 ], [ -115.161642, 36.147289499799996 ], [ -115.161642, 36.147292199799999 ], [ -115.1616393, 36.147292199799999 ], [ -115.1616393, 36.147294899799995 ], [ -115.1616366, 36.147294899799995 ], [ -115.1616366, 36.147300299799994 ], [ -115.1616339, 36.147300299799994 ], [ -115.1616339, 36.1473056998 ], [ -115.1616312, 36.1473056998 ], [ -115.1616312, 36.147308399799996 ], [ -115.1616285, 36.147308399799996 ], [ -115.1616285, 36.147313799799996 ], [ -115.1616258, 36.147313799799996 ], [ -115.1616258, 36.147319199799995 ], [ -115.1616231, 36.147319199799995 ], [ -115.1616231, 36.147324599799994 ], [ -115.1616204, 36.147324599799994 ], [ -115.1616204, 36.1473299998 ], [ -115.1616177, 36.1473299998 ], [ -115.1616177, 36.147332699799996 ], [ -115.161615, 36.147332699799996 ], [ -115.161615, 36.147335399799999 ], [ -115.1616123, 36.147335399799999 ], [ -115.1616123, 36.147338099799995 ] ] ] } },
{ "type": "Feature", "properties": { "value": 255.0 }, "geometry": { "type": "Polygon", "coordinates": [ [ [ -115.160859, 36.147259799799997 ], [ -115.1608482, 36.147259799799997 ], [ -115.1608482, 36.147257099800001 ], [ -115.1608239, 36.147257099800001 ], [ -115.1608239, 36.147254399799998 ], [ -115.1607591, 36.147254399799998 ], [ -115.1607591, 36.147251699799995 ], [ -115.1607159, 36.147251699799995 ], [ -115.1607159, 36.147248999799999 ], [ -115.1606835, 36.147248999799999 ], [ -115.1606835, 36.147246299799995 ], [ -115.1606349, 36.147246299799995 ], [ -115.1606349, 36.147243599799999 ], [ -115.1605944, 36.147243599799999 ], [ -115.1605944, 36.147240899799996 ], [ -115.1605674, 36.147240899799996 ], [ -115.1605674, 36.147243599799999 ], [ -115.1605296, 36.147243599799999 ], [ -115.1605296, 36.147240899799996 ], [ -115.1605242, 36.147240899799996 ], [ -115.1605242, 36.1472381998 ], [ -115.1605215, 36.1472381998 ], [ -115.1605215, 36.147232799799994 ], [ -115.1605188, 36.147232799799994 ], [ -115.1605188, 36.147230099799998 ], [ -115.1605944, 36.147230099799998 ], [ -115.1605944, 36.147227399799995 ], [ -115.1605971, 36.147227399799995 ], [ -115.1605971, 36.147224699799999 ], [ -115.160589, 36.147224699799999 ], [ -115.160589, 36.147221999799996 ], [ -115.1605836, 36.147221999799996 ], [ -115.1605836, 36.1472192998 ], [ -115.1605782, 36.1472192998 ], [ -115.1605782, 36.147216599799997 ], [ -115.1605755, 36.147216599799997 ], [ -115.1605755, 36.147213899800001 ], [ -115.1605728, 36.147213899800001 ], [ -115.1605728, 36.147211199799997 ], [ -115.1605674, 36.147211199799997 ], [ -115.1605674, 36.147208499799994 ], [ -115.160562, 36.147208499799994 ], [ -115.160562, 36.147205799799998 ], [ -115.1605593, 36.147205799799998 ], [ -115.1605593, 36.147200399799999 ], [ -115.1605566, 36.147200399799999 ], [ -115.1605566, 36.1471949998 ], [ -115.1605539, 36.1471949998 ], [ -115.1605539, 36.147192299799997 ], [ -115.1605512, 36.147192299799997 ], [ -115.1605512, 36.147189599800001 ], [ -115.1605485, 36.147189599800001 ], [ -115.1605485, 36.147186899799998 ], [ -115.1605431, 36.147186899799998 ], [ -115.1605431, 36.147184199799995 ], [ -115.1605404, 36.147184199799995 ], [ -115.1605404, 36.147181499799999 ], [ -115.1605377, 36.147181499799999 ], [ -115.1605377, 36.147178799799995 ], [ -115.160535, 36.147178799799995 ], [ -115.160535, 36.1471706998 ], [ -115.1605323, 36.1471706998 ], [ -115.1605323, 36.147159899799995 ], [ -115.160535, 36.147159899799995 ], [ -115.160535, 36.1471517998 ], [ -115.1605377, 36.1471517998 ], [ -115.1605377, 36.147149099799996 ], [ -115.1605404, 36.147149099799996 ], [ -115.1605404, 36.1471463998 ], [ -115.1605431, 36.1471463998 ], [ -115.1605431, 36.147143699799997 ], [ -115.1605512, 36.147143699799997 ], [ -115.1605512, 36.147140999800001 ], [ -115.1605566, 36.147140999800001 ], [ -115.1605566, 36.147138299799998 ], [ -115.160562, 36.147138299799998 ], [ -115.160562, 36.147135599799995 ], [ -115.1605701, 36.147135599799995 ], [ -115.1605701, 36.147132899799999 ], [ -115.1605809, 36.147132899799999 ], [ -115.1605809, 36.147130199799996 ], [ -115.1605917, 36.147130199799996 ], [ -115.1605917, 36.1471274998 ], [ -115.1606349, 36.1471274998 ], [ -115.1606349, 36.147130199799996 ], [ -115.1606673, 36.147130199799996 ], [ -115.1606673, 36.147132899799999 ], [ -115.1606781, 36.147132899799999 ], [ -115.1606781, 36.147135599799995 ], [ -115.1606889, 36.147135599799995 ], [ -115.1606889, 36.147138299799998 ], [ -115.160697, 36.147138299799998 ], [ -115.160697, 36.147140999800001 ], [ -115.1607294, 36.147140999800001 ], [ -115.1607294, 36.147143699799997 ], [ -115.1607591, 36.147143699799997 ], [ -115.1607591, 36.147140999800001 ], [ -115.1607834, 36.147140999800001 ], [ -115.1607834, 36.147143699799997 ], [ -115.1608131, 36.147143699799997 ], [ -115.1608131, 36.1471463998 ], [ -115.1608374, 36.1471463998 ], [ -115.1608374, 36.147149099799996 ], [ -115.1608563, 36.147149099799996 ], [ -115.1608563, 36.1471517998 ], [ -115.160859, 36.1471517998 ], [ -115.160859, 36.147154499799996 ], [ -115.1608617, 36.147154499799996 ], [ -115.1608617, 36.147165299800001 ], [ -115.160859, 36.147165299800001 ], [ -115.160859, 36.147186899799998 ], [ -115.1608563, 36.147186899799998 ], [ -115.1608563, 36.147230099799998 ], [ -115.1608617, 36.147230099799998 ], [ -115.1608617, 36.147257099800001 ], [ -115.160859, 36.147257099800001 ], [ -115.160859, 36.147259799799997 ] ] ] } },
{ "type": "Feature", "properties": { "value": 255.0 }, "geometry": { "type": "Polygon", "coordinates": [ [ [ -115.1604702, 36.147346199799998 ], [ -115.1604675, 36.147346199799998 ], [ -115.1604675, 36.147343499799995 ], [ -115.1604459, 36.147343499799995 ], [ -115.1604459, 36.147340799799998 ], [ -115.1604054, 36.147340799799998 ], [ -115.1604054, 36.147338099799995 ], [ -115.1603892, 36.147338099799995 ], [ -115.1603892, 36.147340799799998 ], [ -115.1603406, 36.147340799799998 ], [ -115.1603406, 36.147338099799995 ], [ -115.1603379, 36.147338099799995 ], [ -115.1603379, 36.147335399799999 ], [ -115.1603352, 36.147335399799999 ], [ -115.1603352, 36.147332699799996 ], [ -115.1603325, 36.147332699799996 ], [ -115.1603325, 36.1473299998 ], [ -115.1603028, 36.1473299998 ], [ -115.1603028, 36.147327299799997 ], [ -115.1603001, 36.147327299799997 ], [ -115.1603001, 36.147300299799994 ], [ -115.1603028, 36.147300299799994 ], [ -115.1603028, 36.147267899799999 ], [ -115.1603055, 36.147267899799999 ], [ -115.1603055, 36.147257099800001 ], [ -115.1603082, 36.147257099800001 ], [ -115.1603082, 36.147240899799996 ], [ -115.1603109, 36.147240899799996 ], [ -115.1603109, 36.147230099799998 ], [ -115.1603163, 36.147230099799998 ], [ -115.1603163, 36.147227399799995 ], [ -115.160319, 36.147227399799995 ], [ -115.160319, 36.147224699799999 ], [ -115.1603163, 36.147224699799999 ], [ -115.1603163, 36.147221999799996 ], [ -115.160319, 36.147221999799996 ], [ -115.160319, 36.147213899800001 ], [ -115.1603217, 36.147213899800001 ], [ -115.1603217, 36.147208499799994 ], [ -115.1603244, 36.147208499799994 ], [ -115.1603244, 36.147203099799995 ], [ -115.1603325, 36.147203099799995 ], [ -115.1603325, 36.147200399799999 ], [ -115.1603433, 36.147200399799999 ], [ -115.1603433, 36.147197699799996 ], [ -115.160346, 36.147197699799996 ], [ -115.160346, 36.147184199799995 ], [ -115.1603487, 36.147184199799995 ], [ -115.1603487, 36.147173399799996 ], [ -115.1603514, 36.147173399799996 ], [ -115.1603514, 36.147167999799997 ], [ -115.1603541, 36.147167999799997 ], [ -115.1603541, 36.147149099799996 ], [ -115.1603568, 36.147149099799996 ], [ -115.1603568, 36.147138299799998 ], [ -115.1603595, 36.147138299799998 ], [ -115.1603595, 36.1471274998 ], [ -115.1603622, 36.1471274998 ], [ -115.1603622, 36.147116699799994 ], [ -115.1603649, 36.147116699799994 ], [ -115.1603649, 36.147108599799999 ], [ -115.1603676, 36.147108599799999 ], [ -115.1603676, 36.147105899799996 ], [ -115.1603703, 36.147105899799996 ], [ -115.1603703, 36.1471031998 ], [ -115.1604027, 36.1471031998 ], [ -115.1604027, 36.147100499799997 ], [ -115.1604081, 36.147100499799997 ], [ -115.1604081, 36.147097799800001 ], [ -115.1604162, 36.147097799800001 ], [ -115.1604162, 36.147095099799998 ], [ -115.1604243, 36.147095099799998 ], [ -115.1604243, 36.147092399799995 ], [ -115.1604432, 36.147092399799995 ], [ -115.1604432, 36.147095099799998 ], [ -115.1604702, 36.147095099799998 ], [ -115.1604702, 36.1471031998 ], [ -115.1604864, 36.1471031998 ], [ -115.1604864, 36.147105899799996 ], [ -115.1604891, 36.147105899799996 ], [ -115.1604891, 36.147108599799999 ], [ -115.1604918, 36.147108599799999 ], [ -115.1604918, 36.147113999799998 ], [ -115.1604945, 36.147113999799998 ], [ -115.1604945, 36.147143699799997 ], [ -115.1604918, 36.147143699799997 ], [ -115.1604918, 36.147176099799999 ], [ -115.1604891, 36.147176099799999 ], [ -115.1604891, 36.147203099799995 ], [ -115.1604864, 36.147203099799995 ], [ -115.1604864, 36.147221999799996 ], [ -115.1604837, 36.147221999799996 ], [ -115.1604837, 36.147224699799999 ], [ -115.160481, 36.147224699799999 ], [ -115.160481, 36.147230099799998 ], [ -115.1604837, 36.147230099799998 ], [ -115.1604837, 36.147232799799994 ], [ -115.160481, 36.147232799799994 ], [ -115.160481, 36.147251699799995 ], [ -115.1604783, 36.147251699799995 ], [ -115.1604783, 36.147275999799994 ], [ -115.1604756, 36.147275999799994 ], [ -115.1604756, 36.147300299799994 ], [ -115.1604729, 36.147300299799994 ], [ -115.1604729, 36.147324599799994 ], [ -115.1604702, 36.147324599799994 ], [ -115.1604702, 36.147346199799998 ] ] ] } },
{ "type": "Feature", "properties": { "value": 255.0 }, "geometry": { "type": "Polygon", "coordinates": [ [ [ -115.1603973, 36.147054599800001 ], [ -115.1603811, 36.147054599800001 ], [ -115.1603811, 36.147051899799997 ], [ -115.1603784, 36.147051899799997 ], [ -115.1603784, 36.147046499799998 ], [ -115.1603757, 36.147046499799998 ], [ -115.1603757, 36.147024899799995 ], [ -115.1603811, 36.147024899799995 ], [ -115.1603811, 36.147022199799999 ], [ -115.1603946, 36.147022199799999 ], [ -115.1603946, 36.147024899799995 ], [ -115.1603973, 36.147024899799995 ], [ -115.1603973, 36.147054599800001 ] ] ] } },
{ "type": "Feature", "properties": { "value": 255.0 }, "geometry": { "type": "Polygon", "coordinates": [ [ [ -115.1617257, 36.147203099799995 ], [ -115.1617122, 36.147203099799995 ], [ -115.1617122, 36.147200399799999 ], [ -115.1617014, 36.147200399799999 ], [ -115.1617014, 36.147197699799996 ], [ -115.1616933, 36.147197699799996 ], [ -115.1616933, 36.1471949998 ], [ -115.1616852, 36.1471949998 ], [ -115.1616852, 36.147192299799997 ], [ -115.16167440000001, 36.147192299799997 ], [ -115.16167440000001, 36.147189599800001 ], [ -115.1616609, 36.147189599800001 ], [ -115.1616609, 36.147186899799998 ], [ -115.1616501, 36.147186899799998 ], [ -115.1616501, 36.147184199799995 ], [ -115.1616474, 36.147184199799995 ], [ -115.1616474, 36.147162599799998 ], [ -115.1616501, 36.147162599799998 ], [ -115.1616501, 36.147157199799999 ], [ -115.1616528, 36.147157199799999 ], [ -115.1616528, 36.1471463998 ], [ -115.1616555, 36.1471463998 ], [ -115.1616555, 36.147140999800001 ], [ -115.1616582, 36.147140999800001 ], [ -115.1616582, 36.147138299799998 ], [ -115.1616555, 36.147138299799998 ], [ -115.1616555, 36.147135599799995 ], [ -115.1616528, 36.147135599799995 ], [ -115.1616528, 36.147132899799999 ], [ -115.1616501, 36.147132899799999 ], [ -115.1616501, 36.147130199799996 ], [ -115.1616474, 36.147130199799996 ], [ -115.1616474, 36.1471274998 ], [ -115.161642, 36.1471274998 ], [ -115.161642, 36.147124799799997 ], [ -115.1616366, 36.147124799799997 ], [ -115.1616366, 36.147122099800001 ], [ -115.1616312, 36.147122099800001 ], [ -115.1616312, 36.147119399799998 ], [ -115.1616258, 36.147119399799998 ], [ -115.1616258, 36.147116699799994 ], [ -115.1616204, 36.147116699799994 ], [ -115.1616204, 36.147113999799998 ], [ -115.1616123, 36.147113999799998 ], [ -115.1616123, 36.147111299799995 ], [ -115.1616096, 36.147111299799995 ], [ -115.1616096, 36.147108599799999 ], [ -115.1616015, 36.147108599799999 ], [ -115.1616015, 36.147105899799996 ], [ -115.1615961, 36.147105899799996 ], [ -115.1615961, 36.1471031998 ], [ -115.1615853, 36.1471031998 ], [ -115.1615853, 36.147100499799997 ], [ -115.1615718, 36.147100499799997 ], [ -115.1615718, 36.147097799800001 ], [ -115.1615556, 36.147097799800001 ], [ -115.1615556, 36.147100499799997 ], [ -115.1615529, 36.147100499799997 ], [ -115.1615529, 36.1471031998 ], [ -115.1615502, 36.1471031998 ], [ -115.1615502, 36.147105899799996 ], [ -115.1615448, 36.147105899799996 ], [ -115.1615448, 36.147108599799999 ], [ -115.1615232, 36.147108599799999 ], [ -115.1615232, 36.147105899799996 ], [ -115.1615151, 36.147105899799996 ], [ -115.1615151, 36.1471031998 ], [ -115.161507, 36.1471031998 ], [ -115.161507, 36.147100499799997 ], [ -115.1614908, 36.147100499799997 ], [ -115.1614908, 36.147097799800001 ], [ -115.16148, 36.147097799800001 ], [ -115.16148, 36.147041099799999 ], [ -115.1614827, 36.147041099799999 ], [ -115.1614827, 36.1470356998 ], [ -115.1614854, 36.1470356998 ], [ -115.1614854, 36.147032999799997 ], [ -115.1614881, 36.147032999799997 ], [ -115.1614881, 36.147024899799995 ], [ -115.1614908, 36.147024899799995 ], [ -115.1614908, 36.147016799799999 ], [ -115.1614935, 36.147016799799999 ], [ -115.1614935, 36.147008699799997 ], [ -115.1614962, 36.147008699799997 ], [ -115.1614962, 36.147003299799998 ], [ -115.1614989, 36.147003299799998 ], [ -115.1614989, 36.146997899799999 ], [ -115.1615016, 36.146997899799999 ], [ -115.1615016, 36.1469924998 ], [ -115.1615043, 36.1469924998 ], [ -115.1615043, 36.1469870998 ], [ -115.161507, 36.1469870998 ], [ -115.161507, 36.146981699800001 ], [ -115.1615097, 36.146981699800001 ], [ -115.1615097, 36.146978999799998 ], [ -115.1615124, 36.146978999799998 ], [ -115.1615124, 36.146976299799995 ], [ -115.1615151, 36.146976299799995 ], [ -115.1615151, 36.146973599799999 ], [ -115.1615205, 36.146973599799999 ], [ -115.1615205, 36.146970899799996 ], [ -115.1615259, 36.146970899799996 ], [ -115.1615259, 36.1469681998 ], [ -115.1615286, 36.1469681998 ], [ -115.1615286, 36.146965499799997 ], [ -115.1615313, 36.146965499799997 ], [ -115.1615313, 36.146962799800001 ], [ -115.161534, 36.146962799800001 ], [ -115.161534, 36.146960099799998 ], [ -115.1615367, 36.146960099799998 ], [ -115.1615367, 36.146957399800002 ], [ -115.1615394, 36.146957399800002 ], [ -115.1615394, 36.146954699799998 ], [ -115.1615421, 36.146954699799998 ], [ -115.1615421, 36.146949299799999 ], [ -115.1615448, 36.146949299799999 ], [ -115.1615448, 36.146941199799997 ], [ -115.1615475, 36.146941199799997 ], [ -115.1615475, 36.146930399799999 ], [ -115.1615502, 36.146930399799999 ], [ -115.1615502, 36.1469249998 ], [ -115.1615529, 36.1469249998 ], [ -115.1615529, 36.146922299799996 ], [ -115.1615556, 36.146922299799996 ], [ -115.1615556, 36.1469195998 ], [ -115.1615583, 36.1469195998 ], [ -115.1615583, 36.146914199800001 ], [ -115.161561, 36.146914199800001 ], [ -115.161561, 36.146911499799998 ], [ -115.1615637, 36.146911499799998 ], [ -115.1615637, 36.146908799799995 ], [ -115.1615664, 36.146908799799995 ], [ -115.1615664, 36.146906099799999 ], [ -115.1615691, 36.146906099799999 ], [ -115.1615691, 36.146903399799996 ], [ -115.1615718, 36.146903399799996 ], [ -115.1615718, 36.1469006998 ], [ -115.1615772, 36.1469006998 ], [ -115.1615772, 36.146897999799997 ], [ -115.1615799, 36.146897999799997 ], [ -115.1615799, 36.146895299800001 ], [ -115.1615826, 36.146895299800001 ], [ -115.1615826, 36.146889899800001 ], [ -115.1615853, 36.146889899800001 ], [ -115.1615853, 36.146887199799998 ], [ -115.161588, 36.146887199799998 ], [ -115.161588, 36.146879099799996 ], [ -115.1615907, 36.146879099799996 ], [ -115.1615907, 36.146873699799997 ], [ -115.1615934, 36.146873699799997 ], [ -115.1615934, 36.146868299799998 ], [ -115.1615961, 36.146868299799998 ], [ -115.1615961, 36.146862899799999 ], [ -115.1615988, 36.146862899799999 ], [ -115.1615988, 36.146857499799999 ], [ -115.1616015, 36.146857499799999 ], [ -115.1616015, 36.146854799799996 ], [ -115.1616042, 36.146854799799996 ], [ -115.1616042, 36.1468520998 ], [ -115.16160690000001, 36.1468520998 ], [ -115.16160690000001, 36.146849399799997 ], [ -115.1616096, 36.146849399799997 ], [ -115.1616096, 36.146846699800001 ], [ -115.161615, 36.146846699800001 ], [ -115.161615, 36.146843999799998 ], [ -115.1616285, 36.146843999799998 ], [ -115.1616285, 36.146846699800001 ], [ -115.1616366, 36.146846699800001 ], [ -115.1616366, 36.146849399799997 ], [ -115.1616474, 36.146849399799997 ], [ -115.1616474, 36.1468520998 ], [ -115.1616582, 36.1468520998 ], [ -115.1616582, 36.146854799799996 ], [ -115.161669, 36.146854799799996 ], [ -115.161669, 36.146857499799999 ], [ -115.1616798, 36.146857499799999 ], [ -115.1616798, 36.146860199799995 ], [ -115.1616825, 36.146860199799995 ], [ -115.1616825, 36.146862899799999 ], [ -115.1616879, 36.146862899799999 ], [ -115.1616879, 36.146865599800002 ], [ -115.1616906, 36.146865599800002 ], [ -115.1616906, 36.146868299799998 ], [ -115.161696, 36.146868299799998 ], [ -115.161696, 36.146870999800001 ], [ -115.1616987, 36.146870999800001 ], [ -115.1616987, 36.146873699799997 ], [ -115.1617014, 36.146873699799997 ], [ -115.1617014, 36.1468763998 ], [ -115.1617041, 36.1468763998 ], [ -115.1617041, 36.146881799799999 ], [ -115.1617068, 36.146881799799999 ], [ -115.1617068, 36.146884499799995 ], [ -115.1617095, 36.146884499799995 ], [ -115.1617095, 36.146887199799998 ], [ -115.1617122, 36.146887199799998 ], [ -115.1617122, 36.146889899800001 ], [ -115.161723, 36.146889899800001 ], [ -115.161723, 36.146887199799998 ], [ -115.1617311, 36.146887199799998 ], [ -115.1617311, 36.146884499799995 ], [ -115.1617365, 36.146884499799995 ], [ -115.1617365, 36.146881799799999 ], [ -115.1617392, 36.146881799799999 ], [ -115.1617392, 36.146879099799996 ], [ -115.16174190000001, 36.146879099799996 ], [ -115.16174190000001, 36.146873699799997 ], [ -115.1617446, 36.146873699799997 ], [ -115.1617446, 36.146868299799998 ], [ -115.1617473, 36.146868299799998 ], [ -115.1617473, 36.146860199799995 ], [ -115.16175, 36.146860199799995 ], [ -115.16175, 36.146854799799996 ], [ -115.1617662, 36.146854799799996 ], [ -115.1617662, 36.146857499799999 ], [ -115.161777, 36.146857499799999 ], [ -115.161777, 36.146860199799995 ], [ -115.1617797, 36.146860199799995 ], [ -115.1617797, 36.146865599800002 ], [ -115.161777, 36.146865599800002 ], [ -115.161777, 36.146870999800001 ], [ -115.1617743, 36.146870999800001 ], [ -115.1617743, 36.146873699799997 ], [ -115.1617716, 36.146873699799997 ], [ -115.1617716, 36.1468763998 ], [ -115.1617689, 36.1468763998 ], [ -115.1617689, 36.146881799799999 ], [ -115.1617662, 36.146881799799999 ], [ -115.1617662, 36.146887199799998 ], [ -115.1617689, 36.146887199799998 ], [ -115.1617689, 36.146895299800001 ], [ -115.1617716, 36.146895299800001 ], [ -115.1617716, 36.146897999799997 ], [ -115.1617743, 36.146897999799997 ], [ -115.1617743, 36.1469006998 ], [ -115.161777, 36.1469006998 ], [ -115.161777, 36.146903399799996 ], [ -115.1617797, 36.146903399799996 ], [ -115.1617797, 36.146906099799999 ], [ -115.1617824, 36.146906099799999 ], [ -115.1617824, 36.146908799799995 ], [ -115.1618013, 36.146908799799995 ], [ -115.1618013, 36.146906099799999 ], [ -115.1618067, 36.146906099799999 ], [ -115.1618067, 36.146903399799996 ], [ -115.1618202, 36.146903399799996 ], [ -115.1618202, 36.1469006998 ], [ -115.1618283, 36.1469006998 ], [ -115.1618283, 36.146897999799997 ], [ -115.1618337, 36.146897999799997 ], [ -115.1618337, 36.146895299800001 ], [ -115.1618364, 36.146895299800001 ], [ -115.1618364, 36.146892599799997 ], [ -115.1618391, 36.146892599799997 ], [ -115.1618391, 36.146889899800001 ], [ -115.1618418, 36.146889899800001 ], [ -115.1618418, 36.146887199799998 ], [ -115.1618445, 36.146887199799998 ], [ -115.1618445, 36.146884499799995 ], [ -115.1618472, 36.146884499799995 ], [ -115.1618472, 36.146879099799996 ], [ -115.1618499, 36.146879099799996 ], [ -115.1618499, 36.1468763998 ], [ -115.1618526, 36.1468763998 ], [ -115.1618526, 36.147024899799995 ], [ -115.1618472, 36.147024899799995 ], [ -115.1618472, 36.147027599799998 ], [ -115.1618445, 36.147027599799998 ], [ -115.1618445, 36.147030299800001 ], [ -115.1618418, 36.147030299800001 ], [ -115.1618418, 36.147032999799997 ], [ -115.1618391, 36.147032999799997 ], [ -115.1618391, 36.147038399799996 ], [ -115.1618364, 36.147038399799996 ], [ -115.1618364, 36.147041099799999 ], [ -115.1618337, 36.147041099799999 ], [ -115.1618337, 36.147046499799998 ], [ -115.161831, 36.147046499799998 ], [ -115.161831, 36.147049199800001 ], [ -115.1618283, 36.147049199800001 ], [ -115.1618283, 36.147054599800001 ], [ -115.1618256, 36.147054599800001 ], [ -115.1618256, 36.147057299799997 ], [ -115.1618229, 36.147057299799997 ], [ -115.1618229, 36.1470599998 ], [ -115.1618148, 36.1470599998 ], [ -115.1618148, 36.147062699799996 ], [ -115.16180940000001, 36.147062699799996 ], [ -115.16180940000001, 36.1470599998 ], [ -115.1617932, 36.1470599998 ], [ -115.1617932, 36.147062699799996 ], [ -115.1617851, 36.147062699799996 ], [ -115.1617851, 36.147070799799998 ], [ -115.1617878, 36.147070799799998 ], [ -115.1617878, 36.1470788998 ], [ -115.1617905, 36.1470788998 ], [ -115.1617905, 36.147081599799996 ], [ -115.1617932, 36.147081599799996 ], [ -115.1617932, 36.147084299799999 ], [ -115.1617959, 36.147084299799999 ], [ -115.1617959, 36.147086999799996 ], [ -115.1617986, 36.147086999799996 ], [ -115.1617986, 36.147100499799997 ], [ -115.1617959, 36.147100499799997 ], [ -115.1617959, 36.147105899799996 ], [ -115.1617932, 36.147105899799996 ], [ -115.1617932, 36.147108599799999 ], [ -115.1617905, 36.147108599799999 ], [ -115.1617905, 36.147111299799995 ], [ -115.1617878, 36.147111299799995 ], [ -115.1617878, 36.147113999799998 ], [ -115.1617851, 36.147113999799998 ], [ -115.1617851, 36.147116699799994 ], [ -115.1617824, 36.147116699799994 ], [ -115.1617824, 36.147122099800001 ], [ -115.1617797, 36.147122099800001 ], [ -115.1617797, 36.147124799799997 ], [ -115.161777, 36.147124799799997 ], [ -115.161777, 36.147130199799996 ], [ -115.1617743, 36.147130199799996 ], [ -115.1617743, 36.147132899799999 ], [ -115.1617716, 36.147132899799999 ], [ -115.1617716, 36.147138299799998 ], [ -115.1617689, 36.147138299799998 ], [ -115.1617689, 36.147140999800001 ], [ -115.1617662, 36.147140999800001 ], [ -115.1617662, 36.1471463998 ], [ -115.1617635, 36.1471463998 ], [ -115.1617635, 36.147149099799996 ], [ -115.1617608, 36.147149099799996 ], [ -115.1617608, 36.147154499799996 ], [ -115.1617581, 36.147154499799996 ], [ -115.1617581, 36.147159899799995 ], [ -115.1617554, 36.147159899799995 ], [ -115.1617554, 36.147162599799998 ], [ -115.1617527, 36.147162599799998 ], [ -115.1617527, 36.147167999799997 ], [ -115.16175, 36.147167999799997 ], [ -115.16175, 36.1471706998 ], [ -115.1617473, 36.1471706998 ], [ -115.1617473, 36.147173399799996 ], [ -115.1617446, 36.147173399799996 ], [ -115.1617446, 36.147178799799995 ], [ -115.16174190000001, 36.147178799799995 ], [ -115.16174190000001, 36.147181499799999 ], [ -115.1617392, 36.147181499799999 ], [ -115.1617392, 36.147184199799995 ], [ -115.1617365, 36.147184199799995 ], [ -115.1617365, 36.147189599800001 ], [ -115.1617338, 36.147189599800001 ], [ -115.1617338, 36.1471949998 ], [ -115.1617311, 36.1471949998 ], [ -115.1617311, 36.147197699799996 ], [ -115.1617284, 36.147197699799996 ], [ -115.1617284, 36.147200399799999 ], [ -115.1617257, 36.147200399799999 ], [ -115.1617257, 36.147203099799995 ] ] ] } },
{ "type": "Feature", "properties": { "value": 255.0 }, "geometry": { "type": "Polygon", "coordinates": [ [ [ -115.161237, 36.147027599799998 ], [ -115.1612181, 36.147027599799998 ], [ -115.1612181, 36.147024899799995 ], [ -115.1612073, 36.147024899799995 ], [ -115.1612073, 36.147022199799999 ], [ -115.1611992, 36.147022199799999 ], [ -115.1611992, 36.147019499799995 ], [ -115.1611938, 36.147019499799995 ], [ -115.1611938, 36.147016799799999 ], [ -115.1611857, 36.147016799799999 ], [ -115.1611857, 36.147014099799996 ], [ -115.1611749, 36.147014099799996 ], [ -115.1611749, 36.1470113998 ], [ -115.1611668, 36.1470113998 ], [ -115.1611668, 36.147008699799997 ], [ -115.1611614, 36.147008699799997 ], [ -115.1611614, 36.147005999800001 ], [ -115.161156, 36.147005999800001 ], [ -115.161156, 36.147003299799998 ], [ -115.1611479, 36.147003299799998 ], [ -115.1611479, 36.147000599799995 ], [ -115.1611398, 36.147000599799995 ], [ -115.1611398, 36.146997899799999 ], [ -115.1611317, 36.146997899799999 ], [ -115.1611317, 36.146995199799996 ], [ -115.1611236, 36.146995199799996 ], [ -115.1611236, 36.1469924998 ], [ -115.1611182, 36.1469924998 ], [ -115.1611182, 36.146989799799996 ], [ -115.1611128, 36.146989799799996 ], [ -115.1611128, 36.1469870998 ], [ -115.1611074, 36.1469870998 ], [ -115.1611074, 36.146984399799997 ], [ -115.161102, 36.146984399799997 ], [ -115.161102, 36.146981699800001 ], [ -115.1610912, 36.146981699800001 ], [ -115.1610912, 36.146978999799998 ], [ -115.1610831, 36.146978999799998 ], [ -115.1610831, 36.146976299799995 ], [ -115.1610777, 36.146976299799995 ], [ -115.1610777, 36.146973599799999 ], [ -115.1610696, 36.146973599799999 ], [ -115.1610696, 36.146970899799996 ], [ -115.1610642, 36.146970899799996 ], [ -115.1610642, 36.1469681998 ], [ -115.1610588, 36.1469681998 ], [ -115.1610588, 36.146965499799997 ], [ -115.1610507, 36.146965499799997 ], [ -115.1610507, 36.146962799800001 ], [ -115.1610426, 36.146962799800001 ], [ -115.1610426, 36.146960099799998 ], [ -115.1610372, 36.146960099799998 ], [ -115.1610372, 36.146957399800002 ], [ -115.1610291, 36.146957399800002 ], [ -115.1610291, 36.146954699799998 ], [ -115.161021, 36.146954699799998 ], [ -115.161021, 36.146951999799995 ], [ -115.1610102, 36.146951999799995 ], [ -115.1610102, 36.146949299799999 ], [ -115.1610021, 36.146949299799999 ], [ -115.1610021, 36.146946599799996 ], [ -115.1609967, 36.146946599799996 ], [ -115.1609967, 36.1469438998 ], [ -115.160994, 36.1469438998 ], [ -115.160994, 36.146922299799996 ], [ -115.1609967, 36.146922299799996 ], [ -115.1609967, 36.146914199800001 ], [ -115.1609994, 36.146914199800001 ], [ -115.1609994, 36.146892599799997 ], [ -115.160994, 36.146892599799997 ], [ -115.160994, 36.146895299800001 ], [ -115.1609886, 36.146895299800001 ], [ -115.1609886, 36.146897999799997 ], [ -115.1609805, 36.146897999799997 ], [ -115.1609805, 36.146895299800001 ], [ -115.1609778, 36.146895299800001 ], [ -115.1609778, 36.146884499799995 ], [ -115.1609751, 36.146884499799995 ], [ -115.1609751, 36.146879099799996 ], [ -115.1609778, 36.146879099799996 ], [ -115.1609778, 36.1468763998 ], [ -115.1609859, 36.1468763998 ], [ -115.1609859, 36.146873699799997 ], [ -115.1609994, 36.146873699799997 ], [ -115.1609994, 36.146870999800001 ], [ -115.1610075, 36.146870999800001 ], [ -115.1610075, 36.146868299799998 ], [ -115.1610183, 36.146868299799998 ], [ -115.1610183, 36.146870999800001 ], [ -115.1610291, 36.146870999800001 ], [ -115.1610291, 36.146868299799998 ], [ -115.161048, 36.146868299799998 ], [ -115.161048, 36.146865599800002 ], [ -115.161075, 36.146865599800002 ], [ -115.161075, 36.146868299799998 ], [ -115.1610858, 36.146868299799998 ], [ -115.1610858, 36.146870999800001 ], [ -115.1610993, 36.146870999800001 ], [ -115.1610993, 36.146868299799998 ], [ -115.1611074, 36.146868299799998 ], [ -115.1611074, 36.146865599800002 ], [ -115.1611155, 36.146865599800002 ], [ -115.1611155, 36.146862899799999 ], [ -115.1611182, 36.146862899799999 ], [ -115.1611182, 36.146860199799995 ], [ -115.1611236, 36.146860199799995 ], [ -115.1611236, 36.146857499799999 ], [ -115.1611263, 36.146857499799999 ], [ -115.1611263, 36.146854799799996 ], [ -115.161129, 36.146854799799996 ], [ -115.161129, 36.1468520998 ], [ -115.1611317, 36.1468520998 ], [ -115.1611317, 36.146849399799997 ], [ -115.1611344, 36.146849399799997 ], [ -115.1611344, 36.146846699800001 ], [ -115.1611371, 36.146846699800001 ], [ -115.1611371, 36.146843999799998 ], [ -115.1611398, 36.146843999799998 ], [ -115.1611398, 36.146841299800002 ], [ -115.1611452, 36.146841299800002 ], [ -115.1611452, 36.146838599799999 ], [ -115.1611479, 36.146838599799999 ], [ -115.1611479, 36.1468331998 ], [ -115.1611506, 36.1468331998 ], [ -115.1611506, 36.146814299799999 ], [ -115.1611533, 36.146814299799999 ], [ -115.1611533, 36.146811599799996 ], [ -115.161156, 36.146811599799996 ], [ -115.161156, 36.1468088998 ], [ -115.1611614, 36.1468088998 ], [ -115.1611614, 36.146806199799997 ], [ -115.1611722, 36.146806199799997 ], [ -115.1611722, 36.146803499800001 ], [ -115.1611857, 36.146803499800001 ], [ -115.1611857, 36.146800799799998 ], [ -115.1611938, 36.146800799799998 ], [ -115.1611938, 36.146798099800002 ], [ -115.1611965, 36.146798099800002 ], [ -115.1611965, 36.146792699799995 ], [ -115.1611992, 36.146792699799995 ], [ -115.1611992, 36.146781899799997 ], [ -115.1611938, 36.146781899799997 ], [ -115.1611938, 36.146779199800001 ], [ -115.1611884, 36.146779199800001 ], [ -115.1611884, 36.146776499799998 ], [ -115.1611803, 36.146776499799998 ], [ -115.1611803, 36.146773799800002 ], [ -115.1611749, 36.146773799800002 ], [ -115.1611749, 36.146771099799999 ], [ -115.1611587, 36.146771099799999 ], [ -115.1611587, 36.146768399799996 ], [ -115.1611182, 36.146768399799996 ], [ -115.1611182, 36.1467656998 ], [ -115.161048, 36.1467656998 ], [ -115.161048, 36.146762999799996 ], [ -115.1609832, 36.146762999799996 ], [ -115.1609832, 36.1467602998 ], [ -115.1609562, 36.1467602998 ], [ -115.1609562, 36.146762999799996 ], [ -115.1609346, 36.146762999799996 ], [ -115.1609346, 36.1467656998 ], [ -115.1609292, 36.1467656998 ], [ -115.1609292, 36.146768399799996 ], [ -115.1609265, 36.146768399799996 ], [ -115.1609265, 36.146771099799999 ], [ -115.1609238, 36.146771099799999 ], [ -115.1609238, 36.146781899799997 ], [ -115.1609211, 36.146781899799997 ], [ -115.1609211, 36.1467845998 ], [ -115.1609184, 36.1467845998 ], [ -115.1609184, 36.146787299799996 ], [ -115.1609157, 36.146787299799996 ], [ -115.1609157, 36.146789999799999 ], [ -115.160913, 36.146789999799999 ], [ -115.160913, 36.146795399799998 ], [ -115.1609103, 36.146795399799998 ], [ -115.1609103, 36.146811599799996 ], [ -115.160913, 36.146811599799996 ], [ -115.160913, 36.1468331998 ], [ -115.1609103, 36.1468331998 ], [ -115.1609103, 36.146857499799999 ], [ -115.160913, 36.146857499799999 ], [ -115.160913, 36.146862899799999 ], [ -115.1609157, 36.146862899799999 ], [ -115.1609157, 36.146865599800002 ], [ -115.1609184, 36.146865599800002 ], [ -115.1609184, 36.146868299799998 ], [ -115.1609211, 36.146868299799998 ], [ -115.1609211, 36.146870999800001 ], [ -115.1609265, 36.146870999800001 ], [ -115.1609265, 36.146873699799997 ], [ -115.1609346, 36.146873699799997 ], [ -115.1609346, 36.1468763998 ], [ -115.16094, 36.1468763998 ], [ -115.16094, 36.146879099799996 ], [ -115.1609454, 36.146879099799996 ], [ -115.1609454, 36.146884499799995 ], [ -115.1609481, 36.146884499799995 ], [ -115.1609481, 36.1469195998 ], [ -115.1609454, 36.1469195998 ], [ -115.1609454, 36.146930399799999 ], [ -115.1609427, 36.146930399799999 ], [ -115.1609427, 36.146938499800001 ], [ -115.16094, 36.146938499800001 ], [ -115.16094, 36.1469438998 ], [ -115.1609373, 36.1469438998 ], [ -115.1609373, 36.146946599799996 ], [ -115.1609157, 36.146946599799996 ], [ -115.1609157, 36.1469438998 ], [ -115.1608671, 36.1469438998 ], [ -115.1608671, 36.146941199799997 ], [ -115.1608212, 36.146941199799997 ], [ -115.1608212, 36.146938499800001 ], [ -115.1607726, 36.146938499800001 ], [ -115.1607726, 36.146935799799998 ], [ -115.1607699, 36.146935799799998 ], [ -115.1607699, 36.146933099800002 ], [ -115.1607645, 36.146933099800002 ], [ -115.1607645, 36.146927699799996 ], [ -115.1607618, 36.146927699799996 ], [ -115.1607618, 36.146884499799995 ], [ -115.1607645, 36.146884499799995 ], [ -115.1607645, 36.146841299800002 ], [ -115.1607672, 36.146841299800002 ], [ -115.1607672, 36.146806199799997 ], [ -115.1607699, 36.146806199799997 ], [ -115.1607699, 36.146738699799997 ], [ -115.1607672, 36.146738699799997 ], [ -115.1607672, 36.146735999800001 ], [ -115.1607645, 36.146735999800001 ], [ -115.1607645, 36.146738699799997 ], [ -115.1607618, 36.146738699799997 ], [ -115.1607618, 36.1467413998 ], [ -115.1607591, 36.1467413998 ], [ -115.1607591, 36.146754899800001 ], [ -115.1607564, 36.146754899800001 ], [ -115.1607564, 36.146779199800001 ], [ -115.1607537, 36.146779199800001 ], [ -115.1607537, 36.146838599799999 ], [ -115.160751, 36.146838599799999 ], [ -115.160751, 36.146881799799999 ], [ -115.1607483, 36.146881799799999 ], [ -115.1607483, 36.146922299799996 ], [ -115.1607456, 36.146922299799996 ], [ -115.1607456, 36.146927699799996 ], [ -115.1607429, 36.146927699799996 ], [ -115.1607429, 36.146930399799999 ], [ -115.1607402, 36.146930399799999 ], [ -115.1607402, 36.146933099800002 ], [ -115.1606943, 36.146933099800002 ], [ -115.1606943, 36.146930399799999 ], [ -115.1605971, 36.146930399799999 ], [ -115.1605971, 36.146933099800002 ], [ -115.1605836, 36.146933099800002 ], [ -115.1605836, 36.146930399799999 ], [ -115.1605782, 36.146930399799999 ], [ -115.1605782, 36.1469195998 ], [ -115.1605755, 36.1469195998 ], [ -115.1605755, 36.146895299800001 ], [ -115.1605782, 36.146895299800001 ], [ -115.1605782, 36.146873699799997 ], [ -115.1605809, 36.146873699799997 ], [ -115.1605809, 36.146870999800001 ], [ -115.160589, 36.146870999800001 ], [ -115.160589, 36.146868299799998 ], [ -115.1606025, 36.146868299799998 ], [ -115.1606025, 36.146865599800002 ], [ -115.1606133, 36.146865599800002 ], [ -115.1606133, 36.146862899799999 ], [ -115.1606187, 36.146862899799999 ], [ -115.1606187, 36.146860199799995 ], [ -115.1606241, 36.146860199799995 ], [ -115.1606241, 36.146854799799996 ], [ -115.1606268, 36.146854799799996 ], [ -115.1606268, 36.146849399799997 ], [ -115.1606295, 36.146849399799997 ], [ -115.1606295, 36.146838599799999 ], [ -115.1606322, 36.146838599799999 ], [ -115.1606322, 36.146795399799998 ], [ -115.1606349, 36.146795399799998 ], [ -115.1606349, 36.146781899799997 ], [ -115.1606322, 36.146781899799997 ], [ -115.1606322, 36.146746799799999 ], [ -115.1606295, 36.146746799799999 ], [ -115.1606295, 36.1467413998 ], [ -115.1606268, 36.1467413998 ], [ -115.1606268, 36.146738699799997 ], [ -115.1606214, 36.146738699799997 ], [ -115.1606214, 36.146735999800001 ], [ -115.160616, 36.146735999800001 ], [ -115.160616, 36.146733299799997 ], [ -115.1606106, 36.146733299799997 ], [ -115.1606106, 36.146730599800001 ], [ -115.1606079, 36.146730599800001 ], [ -115.1606079, 36.146711699800001 ], [ -115.1606052, 36.146711699800001 ], [ -115.1606052, 36.146700899799995 ], [ -115.1606079, 36.146700899799995 ], [ -115.1606079, 36.146665799799997 ], [ -115.1606106, 36.146665799799997 ], [ -115.1606106, 36.146660399799998 ], [ -115.1606133, 36.146660399799998 ], [ -115.1606133, 36.146657699800002 ], [ -115.160643, 36.146657699800002 ], [ -115.160643, 36.146654999799999 ], [ -115.1607294, 36.146654999799999 ], [ -115.1607294, 36.146657699800002 ], [ -115.1607591, 36.146657699800002 ], [ -115.1607591, 36.146660399799998 ], [ -115.1607861, 36.146660399799998 ], [ -115.1607861, 36.146657699800002 ], [ -115.1608185, 36.146657699800002 ], [ -115.1608185, 36.146660399799998 ], [ -115.1608698, 36.146660399799998 ], [ -115.1608698, 36.146657699800002 ], [ -115.1609022, 36.146657699800002 ], [ -115.1609022, 36.146660399799998 ], [ -115.1609211, 36.146660399799998 ], [ -115.1609211, 36.146663099800001 ], [ -115.1609292, 36.146663099800001 ], [ -115.1609292, 36.146665799799997 ], [ -115.16094, 36.146665799799997 ], [ -115.16094, 36.146668499800001 ], [ -115.1609616, 36.146668499800001 ], [ -115.1609616, 36.146671199799997 ], [ -115.1609751, 36.146671199799997 ], [ -115.1609751, 36.146668499800001 ], [ -115.1609832, 36.146668499800001 ], [ -115.1609832, 36.146671199799997 ], [ -115.1609913, 36.146671199799997 ], [ -115.1609913, 36.146668499800001 ], [ -115.161048, 36.146668499800001 ], [ -115.161048, 36.146671199799997 ], [ -115.1610966, 36.146671199799997 ], [ -115.1610966, 36.1466738998 ], [ -115.1611722, 36.1466738998 ], [ -115.1611722, 36.146676599799996 ], [ -115.1611992, 36.146676599799996 ], [ -115.1611992, 36.146679299799999 ], [ -115.1612181, 36.146679299799999 ], [ -115.1612181, 36.146681999800002 ], [ -115.1612316, 36.146681999800002 ], [ -115.1612316, 36.146684699799998 ], [ -115.1612424, 36.146684699799998 ], [ -115.1612424, 36.146687399800001 ], [ -115.1612478, 36.146687399800001 ], [ -115.1612478, 36.146690099799997 ], [ -115.1612586, 36.146690099799997 ], [ -115.1612586, 36.1466927998 ], [ -115.1612937, 36.1466927998 ], [ -115.1612937, 36.146695499799996 ], [ -115.1613045, 36.146695499799996 ], [ -115.1613045, 36.146698199799999 ], [ -115.1613099, 36.146698199799999 ], [ -115.1613099, 36.146700899799995 ], [ -115.1613153, 36.146700899799995 ], [ -115.1613153, 36.146703599799999 ], [ -115.1613207, 36.146703599799999 ], [ -115.1613207, 36.146706299800002 ], [ -115.1613234, 36.146706299800002 ], [ -115.1613234, 36.146708999799998 ], [ -115.1613288, 36.146708999799998 ], [ -115.1613288, 36.146711699800001 ], [ -115.1613342, 36.146711699800001 ], [ -115.1613342, 36.146714399799997 ], [ -115.1613396, 36.146714399799997 ], [ -115.1613396, 36.1467170998 ], [ -115.1613423, 36.1467170998 ], [ -115.1613423, 36.146719799799996 ], [ -115.1613477, 36.146719799799996 ], [ -115.1613477, 36.146722499799999 ], [ -115.1613504, 36.146722499799999 ], [ -115.1613504, 36.146725199800002 ], [ -115.1613558, 36.146725199800002 ], [ -115.1613558, 36.146727899799998 ], [ -115.1613639, 36.146727899799998 ], [ -115.1613639, 36.146730599800001 ], [ -115.1613693, 36.146730599800001 ], [ -115.1613693, 36.146733299799997 ], [ -115.1613747, 36.146733299799997 ], [ -115.1613747, 36.146735999800001 ], [ -115.1613774, 36.146735999800001 ], [ -115.1613774, 36.146738699799997 ], [ -115.1613801, 36.146738699799997 ], [ -115.1613801, 36.1467413998 ], [ -115.1613828, 36.1467413998 ], [ -115.1613828, 36.146744099799996 ], [ -115.1613855, 36.146744099799996 ], [ -115.1613855, 36.146752199799998 ], [ -115.1613882, 36.146752199799998 ], [ -115.1613882, 36.146757599799997 ], [ -115.1613909, 36.146757599799997 ], [ -115.1613909, 36.146768399799996 ], [ -115.1613882, 36.146768399799996 ], [ -115.1613882, 36.146773799800002 ], [ -115.1613855, 36.146773799800002 ], [ -115.1613855, 36.146779199800001 ], [ -115.1613828, 36.146779199800001 ], [ -115.1613828, 36.146781899799997 ], [ -115.1613801, 36.146781899799997 ], [ -115.1613801, 36.146787299799996 ], [ -115.1613774, 36.146787299799996 ], [ -115.1613774, 36.146789999799999 ], [ -115.1613747, 36.146789999799999 ], [ -115.1613747, 36.146795399799998 ], [ -115.161372, 36.146795399799998 ], [ -115.161372, 36.146800799799998 ], [ -115.1613693, 36.146800799799998 ], [ -115.1613693, 36.146803499800001 ], [ -115.1613666, 36.146803499800001 ], [ -115.1613666, 36.1468088998 ], [ -115.1613639, 36.1468088998 ], [ -115.1613639, 36.146811599799996 ], [ -115.1613612, 36.146811599799996 ], [ -115.1613612, 36.146816999799995 ], [ -115.1613585, 36.146816999799995 ], [ -115.1613585, 36.146822399800001 ], [ -115.1613558, 36.146822399800001 ], [ -115.1613558, 36.146825099799997 ], [ -115.1613531, 36.146825099799997 ], [ -115.1613531, 36.146830499799997 ], [ -115.1613504, 36.146830499799997 ], [ -115.1613504, 36.146835899799996 ], [ -115.1613477, 36.146835899799996 ], [ -115.1613477, 36.146838599799999 ], [ -115.161345, 36.146838599799999 ], [ -115.161345, 36.146843999799998 ], [ -115.1613423, 36.146843999799998 ], [ -115.1613423, 36.146849399799997 ], [ -115.1613396, 36.146849399799997 ], [ -115.1613396, 36.1468520998 ], [ -115.1613369, 36.1468520998 ], [ -115.1613369, 36.146857499799999 ], [ -115.1613342, 36.146857499799999 ], [ -115.1613342, 36.146862899799999 ], [ -115.1613315, 36.146862899799999 ], [ -115.1613315, 36.146868299799998 ], [ -115.1613288, 36.146868299799998 ], [ -115.1613288, 36.146873699799997 ], [ -115.1613261, 36.146873699799997 ], [ -115.1613261, 36.146879099799996 ], [ -115.1613234, 36.146879099799996 ], [ -115.1613234, 36.146884499799995 ], [ -115.1613207, 36.146884499799995 ], [ -115.1613207, 36.146887199799998 ], [ -115.161318, 36.146887199799998 ], [ -115.161318, 36.146889899800001 ], [ -115.1613153, 36.146889899800001 ], [ -115.1613153, 36.146892599799997 ], [ -115.1613099, 36.146892599799997 ], [ -115.1613099, 36.146895299800001 ], [ -115.1613045, 36.146895299800001 ], [ -115.1613045, 36.146897999799997 ], [ -115.1613018, 36.146897999799997 ], [ -115.1613018, 36.146903399799996 ], [ -115.1612991, 36.146903399799996 ], [ -115.1612991, 36.146911499799998 ], [ -115.1612964, 36.146911499799998 ], [ -115.1612964, 36.146916899799997 ], [ -115.1612937, 36.146916899799997 ], [ -115.1612937, 36.146922299799996 ], [ -115.161291, 36.146922299799996 ], [ -115.161291, 36.146930399799999 ], [ -115.1612883, 36.146930399799999 ], [ -115.1612883, 36.146938499800001 ], [ -115.1612856, 36.146938499800001 ], [ -115.1612856, 36.1469438998 ], [ -115.1612829, 36.1469438998 ], [ -115.1612829, 36.146949299799999 ], [ -115.1612802, 36.146949299799999 ], [ -115.1612802, 36.146951999799995 ], [ -115.1612775, 36.146951999799995 ], [ -115.1612775, 36.146957399800002 ], [ -115.1612748, 36.146957399800002 ], [ -115.1612748, 36.146960099799998 ], [ -115.1612721, 36.146960099799998 ], [ -115.1612721, 36.146965499799997 ], [ -115.1612694, 36.146965499799997 ], [ -115.1612694, 36.146970899799996 ], [ -115.1612667, 36.146970899799996 ], [ -115.1612667, 36.146976299799995 ], [ -115.161264, 36.146976299799995 ], [ -115.161264, 36.146981699800001 ], [ -115.1612613, 36.146981699800001 ], [ -115.1612613, 36.1469870998 ], [ -115.1612586, 36.1469870998 ], [ -115.1612586, 36.146989799799996 ], [ -115.1612559, 36.146989799799996 ], [ -115.1612559, 36.146995199799996 ], [ -115.1612532, 36.146995199799996 ], [ -115.1612532, 36.147000599799995 ], [ -115.1612505, 36.147000599799995 ], [ -115.1612505, 36.147003299799998 ], [ -115.1612478, 36.147003299799998 ], [ -115.1612478, 36.147008699799997 ], [ -115.1612451, 36.147008699799997 ], [ -115.1612451, 36.147014099799996 ], [ -115.1612424, 36.147014099799996 ], [ -115.1612424, 36.147019499799995 ], [ -115.1612397, 36.147019499799995 ], [ -115.1612397, 36.147024899799995 ], [ -115.161237, 36.147024899799995 ], [ -115.161237, 36.147027599799998 ] ] ] } },
{ "type": "Feature", "properties": { "value": 255.0 }, "geometry": { "type": "Polygon", "coordinates": [ [ [ -115.1605323, 36.146930399799999 ], [ -115.1605134, 36.146930399799999 ], [ -115.1605134, 36.146927699799996 ], [ -115.1604702, 36.146927699799996 ], [ -115.1604702, 36.1469249998 ], [ -115.1603892, 36.1469249998 ], [ -115.1603892, 36.146927699799996 ], [ -115.1603757, 36.146927699799996 ], [ -115.1603757, 36.1469249998 ], [ -115.160373, 36.1469249998 ], [ -115.160373, 36.146922299799996 ], [ -115.1603703, 36.146922299799996 ], [ -115.1603703, 36.1468331998 ], [ -115.160373, 36.1468331998 ], [ -115.160373, 36.146798099800002 ], [ -115.1603757, 36.146798099800002 ], [ -115.1603757, 36.146773799800002 ], [ -115.1603784, 36.146773799800002 ], [ -115.1603784, 36.146738699799997 ], [ -115.1603811, 36.146738699799997 ], [ -115.1603811, 36.146687399800001 ], [ -115.1603784, 36.146687399800001 ], [ -115.1603784, 36.1466738998 ], [ -115.1603757, 36.1466738998 ], [ -115.1603757, 36.1466495998 ], [ -115.1603811, 36.1466495998 ], [ -115.1603811, 36.146646899799997 ], [ -115.1603838, 36.146646899799997 ], [ -115.1603838, 36.1466495998 ], [ -115.1603946, 36.1466495998 ], [ -115.1603946, 36.146652299799996 ], [ -115.1604027, 36.146652299799996 ], [ -115.1604027, 36.146654999799999 ], [ -115.1604135, 36.146654999799999 ], [ -115.1604135, 36.146657699800002 ], [ -115.1604324, 36.146657699800002 ], [ -115.1604324, 36.146660399799998 ], [ -115.1604486, 36.146660399799998 ], [ -115.1604486, 36.146663099800001 ], [ -115.1604702, 36.146663099800001 ], [ -115.1604702, 36.146676599799996 ], [ -115.1604837, 36.146676599799996 ], [ -115.1604837, 36.1466738998 ], [ -115.1604891, 36.1466738998 ], [ -115.1604891, 36.146676599799996 ], [ -115.1604999, 36.146676599799996 ], [ -115.1604999, 36.146679299799999 ], [ -115.1605053, 36.146679299799999 ], [ -115.1605053, 36.146681999800002 ], [ -115.1605134, 36.146681999800002 ], [ -115.1605134, 36.146684699799998 ], [ -115.1605188, 36.146684699799998 ], [ -115.1605188, 36.146687399800001 ], [ -115.1605215, 36.146687399800001 ], [ -115.1605215, 36.146690099799997 ], [ -115.1605242, 36.146690099799997 ], [ -115.1605242, 36.1466927998 ], [ -115.1605269, 36.1466927998 ], [ -115.1605269, 36.146698199799999 ], [ -115.1605296, 36.146698199799999 ], [ -115.1605296, 36.146719799799996 ], [ -115.1605269, 36.146719799799996 ], [ -115.1605269, 36.146722499799999 ], [ -115.1605242, 36.146722499799999 ], [ -115.1605242, 36.146725199800002 ], [ -115.1605161, 36.146725199800002 ], [ -115.1605161, 36.146727899799998 ], [ -115.160508, 36.146727899799998 ], [ -115.160508, 36.146730599800001 ], [ -115.1605026, 36.146730599800001 ], [ -115.1605026, 36.146733299799997 ], [ -115.1604999, 36.146733299799997 ], [ -115.1604999, 36.146738699799997 ], [ -115.1604972, 36.146738699799997 ], [ -115.1604972, 36.1467602998 ], [ -115.1604945, 36.1467602998 ], [ -115.1604945, 36.146776499799998 ], [ -115.1604972, 36.146776499799998 ], [ -115.1604972, 36.146814299799999 ], [ -115.1604945, 36.146814299799999 ], [ -115.1604945, 36.146830499799997 ], [ -115.1604918, 36.146830499799997 ], [ -115.1604918, 36.146857499799999 ], [ -115.1604945, 36.146857499799999 ], [ -115.1604945, 36.146860199799995 ], [ -115.1605053, 36.146860199799995 ], [ -115.1605053, 36.146862899799999 ], [ -115.1605296, 36.146862899799999 ], [ -115.1605296, 36.146865599800002 ], [ -115.160535, 36.146865599800002 ], [ -115.160535, 36.146868299799998 ], [ -115.1605377, 36.146868299799998 ], [ -115.1605377, 36.146870999800001 ], [ -115.1605404, 36.146870999800001 ], [ -115.1605404, 36.146895299800001 ], [ -115.1605377, 36.146895299800001 ], [ -115.1605377, 36.146922299799996 ], [ -115.160535, 36.146922299799996 ], [ -115.160535, 36.146927699799996 ], [ -115.1605323, 36.146927699799996 ], [ -115.1605323, 36.146930399799999 ] ] ] } },
{ "type": "Feature", "properties": { "value": 255.0 }, "geometry": { "type": "Polygon", "coordinates": [ [ [ -115.1602245, 36.147351599799997 ], [ -115.1601894, 36.147351599799997 ], [ -115.1601894, 36.147348899800001 ], [ -115.1601786, 36.147348899800001 ], [ -115.1601786, 36.147351599799997 ], [ -115.1601462, 36.147351599799997 ], [ -115.1601462, 36.147348899800001 ], [ -115.1601408, 36.147348899800001 ], [ -115.1601408, 36.147346199799998 ], [ -115.1601192, 36.147346199799998 ], [ -115.1601192, 36.147348899800001 ], [ -115.160103, 36.147348899800001 ], [ -115.160103, 36.147351599799997 ], [ -115.1600976, 36.147351599799997 ], [ -115.1600976, 36.146627999799996 ], [ -115.1601057, 36.146627999799996 ], [ -115.1601057, 36.146630699799999 ], [ -115.1601597, 36.146630699799999 ], [ -115.1601597, 36.146633399800002 ], [ -115.1602056, 36.146633399800002 ], [ -115.1602056, 36.146636099799998 ], [ -115.1602515, 36.146636099799998 ], [ -115.1602515, 36.146638799800002 ], [ -115.1602704, 36.146638799800002 ], [ -115.1602704, 36.146641499799998 ], [ -115.1602812, 36.146641499799998 ], [ -115.1602812, 36.146644199800001 ], [ -115.1602839, 36.146644199800001 ], [ -115.1602839, 36.1466495998 ], [ -115.1602866, 36.1466495998 ], [ -115.1602866, 36.146690099799997 ], [ -115.1602893, 36.146690099799997 ], [ -115.1602893, 36.146768399799996 ], [ -115.1602866, 36.146768399799996 ], [ -115.1602866, 36.146803499800001 ], [ -115.1602839, 36.146803499800001 ], [ -115.1602839, 36.146835899799996 ], [ -115.1602812, 36.146835899799996 ], [ -115.1602812, 36.146854799799996 ], [ -115.1602785, 36.146854799799996 ], [ -115.1602785, 36.146870999800001 ], [ -115.1602758, 36.146870999800001 ], [ -115.1602758, 36.146881799799999 ], [ -115.1602731, 36.146881799799999 ], [ -115.1602731, 36.146895299800001 ], [ -115.1602704, 36.146895299800001 ], [ -115.1602704, 36.146916899799997 ], [ -115.1602677, 36.146916899799997 ], [ -115.1602677, 36.146954699799998 ], [ -115.1602704, 36.146954699799998 ], [ -115.1602704, 36.146965499799997 ], [ -115.1602677, 36.146965499799997 ], [ -115.1602677, 36.146970899799996 ], [ -115.160265, 36.146970899799996 ], [ -115.160265, 36.146978999799998 ], [ -115.1602623, 36.146978999799998 ], [ -115.1602623, 36.1469870998 ], [ -115.1602596, 36.1469870998 ], [ -115.1602596, 36.146995199799996 ], [ -115.1602569, 36.146995199799996 ], [ -115.1602569, 36.147000599799995 ], [ -115.1602542, 36.147000599799995 ], [ -115.1602542, 36.147016799799999 ], [ -115.1602515, 36.147016799799999 ], [ -115.1602515, 36.1470599998 ], [ -115.1602542, 36.1470599998 ], [ -115.1602542, 36.147070799799998 ], [ -115.1602569, 36.147070799799998 ], [ -115.1602569, 36.147073499800001 ], [ -115.1602596, 36.147073499800001 ], [ -115.1602596, 36.1470788998 ], [ -115.1602704, 36.1470788998 ], [ -115.1602704, 36.147081599799996 ], [ -115.1602731, 36.147081599799996 ], [ -115.1602731, 36.147084299799999 ], [ -115.1602758, 36.147084299799999 ], [ -115.1602758, 36.147086999799996 ], [ -115.1602812, 36.147086999799996 ], [ -115.1602812, 36.147089699799999 ], [ -115.1602893, 36.147089699799999 ], [ -115.1602893, 36.147092399799995 ], [ -115.160292, 36.147092399799995 ], [ -115.160292, 36.147100499799997 ], [ -115.1602893, 36.147100499799997 ], [ -115.1602893, 36.147122099800001 ], [ -115.160292, 36.147122099800001 ], [ -115.160292, 36.147124799799997 ], [ -115.1602947, 36.147124799799997 ], [ -115.1602947, 36.1471274998 ], [ -115.1602974, 36.1471274998 ], [ -115.1602974, 36.147130199799996 ], [ -115.1603001, 36.147130199799996 ], [ -115.1603001, 36.147135599799995 ], [ -115.1603028, 36.147135599799995 ], [ -115.1603028, 36.147167999799997 ], [ -115.1603001, 36.147167999799997 ], [ -115.1603001, 36.147192299799997 ], [ -115.1602974, 36.147192299799997 ], [ -115.1602974, 36.147221999799996 ], [ -115.1602947, 36.147221999799996 ], [ -115.1602947, 36.147227399799995 ], [ -115.160292, 36.147227399799995 ], [ -115.160292, 36.147230099799998 ], [ -115.1602785, 36.147230099799998 ], [ -115.1602785, 36.147221999799996 ], [ -115.1602758, 36.147221999799996 ], [ -115.1602758, 36.147213899800001 ], [ -115.1602731, 36.147213899800001 ], [ -115.1602731, 36.147200399799999 ], [ -115.1602704, 36.147200399799999 ], [ -115.1602704, 36.147186899799998 ], [ -115.1602677, 36.147186899799998 ], [ -115.1602677, 36.147184199799995 ], [ -115.160265, 36.147184199799995 ], [ -115.160265, 36.147181499799999 ], [ -115.1602623, 36.147181499799999 ], [ -115.1602623, 36.147197699799996 ], [ -115.1602596, 36.147197699799996 ], [ -115.1602596, 36.1472192998 ], [ -115.1602569, 36.1472192998 ], [ -115.1602569, 36.147224699799999 ], [ -115.1602542, 36.147224699799999 ], [ -115.1602542, 36.147230099799998 ], [ -115.1602596, 36.147230099799998 ], [ -115.1602596, 36.147251699799995 ], [ -115.1602569, 36.147251699799995 ], [ -115.1602569, 36.147267899799999 ], [ -115.1602542, 36.147267899799999 ], [ -115.1602542, 36.147278699799998 ], [ -115.1602515, 36.147278699799998 ], [ -115.1602515, 36.1472867998 ], [ -115.1602488, 36.1472867998 ], [ -115.1602488, 36.147292199799999 ], [ -115.1602461, 36.147292199799999 ], [ -115.1602461, 36.147302999799997 ], [ -115.1602434, 36.147302999799997 ], [ -115.1602434, 36.147316499799999 ], [ -115.1602407, 36.147316499799999 ], [ -115.1602407, 36.147332699799996 ], [ -115.160238, 36.147332699799996 ], [ -115.160238, 36.147338099799995 ], [ -115.1602353, 36.147338099799995 ], [ -115.1602353, 36.147343499799995 ], [ -115.1602326, 36.147343499799995 ], [ -115.1602326, 36.147348899800001 ], [ -115.1602245, 36.147348899800001 ], [ -115.1602245, 36.147351599799997 ] ] ] } },
{ "type": "Feature", "properties": { "value": 255.0 }, "geometry": { "type": "Polygon", "coordinates": [ [ [ -115.1618526, 36.146838599799999 ], [ -115.1618499, 36.146838599799999 ], [ -115.1618499, 36.146835899799996 ], [ -115.1618472, 36.146835899799996 ], [ -115.1618472, 36.1468331998 ], [ -115.1618445, 36.1468331998 ], [ -115.1618445, 36.146830499799997 ], [ -115.1618391, 36.146830499799997 ], [ -115.1618391, 36.1468277998 ], [ -115.161831, 36.1468277998 ], [ -115.161831, 36.146825099799997 ], [ -115.1618256, 36.146825099799997 ], [ -115.1618256, 36.146822399800001 ], [ -115.1618175, 36.146822399800001 ], [ -115.1618175, 36.146819699799998 ], [ -115.1618121, 36.146819699799998 ], [ -115.1618121, 36.146816999799995 ], [ -115.1618067, 36.146816999799995 ], [ -115.1618067, 36.146814299799999 ], [ -115.1618013, 36.146814299799999 ], [ -115.1618013, 36.146811599799996 ], [ -115.1617932, 36.146811599799996 ], [ -115.1617932, 36.1468088998 ], [ -115.1617878, 36.1468088998 ], [ -115.1617878, 36.146806199799997 ], [ -115.1617797, 36.146806199799997 ], [ -115.1617797, 36.146803499800001 ], [ -115.1617662, 36.146803499800001 ], [ -115.1617662, 36.146800799799998 ], [ -115.16175, 36.146800799799998 ], [ -115.16175, 36.146803499800001 ], [ -115.1617446, 36.146803499800001 ], [ -115.1617446, 36.146806199799997 ], [ -115.1617392, 36.146806199799997 ], [ -115.1617392, 36.1468088998 ], [ -115.1617365, 36.1468088998 ], [ -115.1617365, 36.146811599799996 ], [ -115.1617095, 36.146811599799996 ], [ -115.1617095, 36.1468088998 ], [ -115.1616987, 36.1468088998 ], [ -115.1616987, 36.146806199799997 ], [ -115.1616906, 36.146806199799997 ], [ -115.1616906, 36.146803499800001 ], [ -115.1616852, 36.146803499800001 ], [ -115.1616852, 36.146800799799998 ], [ -115.1616771, 36.146800799799998 ], [ -115.1616771, 36.146798099800002 ], [ -115.16167440000001, 36.146798099800002 ], [ -115.16167440000001, 36.146795399799998 ], [ -115.1616717, 36.146795399799998 ], [ -115.1616717, 36.146792699799995 ], [ -115.161669, 36.146792699799995 ], [ -115.161669, 36.146789999799999 ], [ -115.1616663, 36.146789999799999 ], [ -115.1616663, 36.1467845998 ], [ -115.1616636, 36.1467845998 ], [ -115.1616636, 36.146773799800002 ], [ -115.1616663, 36.146773799800002 ], [ -115.1616663, 36.146762999799996 ], [ -115.161669, 36.146762999799996 ], [ -115.161669, 36.146754899800001 ], [ -115.1616717, 36.146754899800001 ], [ -115.1616717, 36.146749499800002 ], [ -115.16167440000001, 36.146749499800002 ], [ -115.16167440000001, 36.146746799799999 ], [ -115.1616771, 36.146746799799999 ], [ -115.1616771, 36.146744099799996 ], [ -115.1616798, 36.146744099799996 ], [ -115.1616798, 36.1467413998 ], [ -115.1616852, 36.1467413998 ], [ -115.1616852, 36.146738699799997 ], [ -115.1616879, 36.146738699799997 ], [ -115.1616879, 36.146735999800001 ], [ -115.1616906, 36.146735999800001 ], [ -115.1616906, 36.146730599800001 ], [ -115.1616933, 36.146730599800001 ], [ -115.1616933, 36.146727899799998 ], [ -115.161696, 36.146727899799998 ], [ -115.161696, 36.146722499799999 ], [ -115.1616987, 36.146722499799999 ], [ -115.1616987, 36.1467170998 ], [ -115.1617014, 36.1467170998 ], [ -115.1617014, 36.146708999799998 ], [ -115.1617041, 36.146708999799998 ], [ -115.1617041, 36.146700899799995 ], [ -115.1617068, 36.146700899799995 ], [ -115.1617068, 36.146695499799996 ], [ -115.1617095, 36.146695499799996 ], [ -115.1617095, 36.1466927998 ], [ -115.1617122, 36.1466927998 ], [ -115.1617122, 36.146690099799997 ], [ -115.1617149, 36.146690099799997 ], [ -115.1617149, 36.146687399800001 ], [ -115.1617203, 36.146687399800001 ], [ -115.1617203, 36.146684699799998 ], [ -115.1617284, 36.146684699799998 ], [ -115.1617284, 36.146681999800002 ], [ -115.1617365, 36.146681999800002 ], [ -115.1617365, 36.146679299799999 ], [ -115.1617392, 36.146679299799999 ], [ -115.1617392, 36.146676599799996 ], [ -115.16174190000001, 36.146676599799996 ], [ -115.16174190000001, 36.146671199799997 ], [ -115.1617446, 36.146671199799997 ], [ -115.1617446, 36.146665799799997 ], [ -115.1617473, 36.146665799799997 ], [ -115.1617473, 36.146660399799998 ], [ -115.16175, 36.146660399799998 ], [ -115.16175, 36.146652299799996 ], [ -115.1617527, 36.146652299799996 ], [ -115.1617527, 36.146646899799997 ], [ -115.1617554, 36.146646899799997 ], [ -115.1617554, 36.146641499799998 ], [ -115.1617581, 36.146641499799998 ], [ -115.1617581, 36.146638799800002 ], [ -115.1617608, 36.146638799800002 ], [ -115.1617608, 36.146633399800002 ], [ -115.1617635, 36.146633399800002 ], [ -115.1617635, 36.146627999799996 ], [ -115.1617662, 36.146627999799996 ], [ -115.1617662, 36.146619899800001 ], [ -115.1617689, 36.146619899800001 ], [ -115.1617689, 36.146611799799999 ], [ -115.1617716, 36.146611799799999 ], [ -115.1617716, 36.1466063998 ], [ -115.1617743, 36.1466063998 ], [ -115.1617743, 36.1466009998 ], [ -115.161777, 36.1466009998 ], [ -115.161777, 36.146595599800001 ], [ -115.1617797, 36.146595599800001 ], [ -115.1617797, 36.146590199800002 ], [ -115.1617824, 36.146590199800002 ], [ -115.1617824, 36.146587499799999 ], [ -115.1617851, 36.146587499799999 ], [ -115.1617851, 36.146579399799997 ], [ -115.1617878, 36.146579399799997 ], [ -115.1617878, 36.146571299800001 ], [ -115.1617905, 36.146571299800001 ], [ -115.1617905, 36.146565899800002 ], [ -115.1617932, 36.146565899800002 ], [ -115.1617932, 36.146563199799999 ], [ -115.1617959, 36.146563199799999 ], [ -115.1617959, 36.146560499799996 ], [ -115.1617986, 36.146560499799996 ], [ -115.1617986, 36.1465577998 ], [ -115.161804, 36.1465577998 ], [ -115.161804, 36.146555099799997 ], [ -115.16180940000001, 36.146555099799997 ], [ -115.16180940000001, 36.146552399800001 ], [ -115.1618256, 36.146552399800001 ], [ -115.1618256, 36.146555099799997 ], [ -115.1618337, 36.146555099799997 ], [ -115.1618337, 36.1465577998 ], [ -115.1618364, 36.1465577998 ], [ -115.1618364, 36.146560499799996 ], [ -115.1618418, 36.146560499799996 ], [ -115.1618418, 36.146563199799999 ], [ -115.1618499, 36.146563199799999 ], [ -115.1618499, 36.146560499799996 ], [ -115.1618526, 36.146560499799996 ], [ -115.1618526, 36.146838599799999 ] ] ] } },
{ "type": "Feature", "properties": { "value": 255.0 }, "geometry": { "type": "Polygon", "coordinates": [ [ [ -115.1615313, 36.146573999799998 ], [ -115.1615124, 36.146573999799998 ], [ -115.1615124, 36.146571299800001 ], [ -115.1615043, 36.146571299800001 ], [ -115.1615043, 36.146573999799998 ], [ -115.16148, 36.146573999799998 ], [ -115.16148, 36.146549699799998 ], [ -115.1614773, 36.146549699799998 ], [ -115.1614773, 36.146546999800002 ], [ -115.1614746, 36.146546999800002 ], [ -115.1614746, 36.146549699799998 ], [ -115.1614611, 36.146549699799998 ], [ -115.1614611, 36.146552399800001 ], [ -115.1614584, 36.146552399800001 ], [ -115.1614584, 36.146549699799998 ], [ -115.1614449, 36.146549699799998 ], [ -115.1614449, 36.146546999800002 ], [ -115.1614287, 36.146546999800002 ], [ -115.1614287, 36.146544299799999 ], [ -115.1614125, 36.146544299799999 ], [ -115.1614125, 36.146541599800003 ], [ -115.1614098, 36.146541599800003 ], [ -115.1614098, 36.146538899799999 ], [ -115.1614044, 36.146538899799999 ], [ -115.1614044, 36.146536199799996 ], [ -115.161399, 36.146536199799996 ], [ -115.161399, 36.1465334998 ], [ -115.1613909, 36.1465334998 ], [ -115.1613909, 36.146530799799997 ], [ -115.1613774, 36.146530799799997 ], [ -115.1613774, 36.146528099800001 ], [ -115.1613693, 36.146528099800001 ], [ -115.1613693, 36.146525399799998 ], [ -115.1613612, 36.146525399799998 ], [ -115.1613612, 36.146522699800002 ], [ -115.1613531, 36.146522699800002 ], [ -115.1613531, 36.146519999799999 ], [ -115.1613477, 36.146519999799999 ], [ -115.1613477, 36.146517299799996 ], [ -115.1613423, 36.146517299799996 ], [ -115.1613423, 36.1465145998 ], [ -115.1613315, 36.1465145998 ], [ -115.1613315, 36.146511899799997 ], [ -115.1613234, 36.146511899799997 ], [ -115.1613234, 36.146509199800001 ], [ -115.1613072, 36.146509199800001 ], [ -115.1613072, 36.146506499799997 ], [ -115.1612991, 36.146506499799997 ], [ -115.1612991, 36.146503799800001 ], [ -115.1612802, 36.146503799800001 ], [ -115.1612802, 36.146501099799998 ], [ -115.1612694, 36.146501099799998 ], [ -115.1612694, 36.146503799800001 ], [ -115.1612613, 36.146503799800001 ], [ -115.1612613, 36.146501099799998 ], [ -115.1612181, 36.146501099799998 ], [ -115.1612181, 36.146498399800002 ], [ -115.1612154, 36.146498399800002 ], [ -115.1612154, 36.146492999799996 ], [ -115.1612127, 36.146492999799996 ], [ -115.1612127, 36.146484899800001 ], [ -115.16121, 36.146484899800001 ], [ -115.16121, 36.146482199799998 ], [ -115.1612073, 36.146482199799998 ], [ -115.1612073, 36.146460599800001 ], [ -115.16121, 36.146460599800001 ], [ -115.16121, 36.146425499800003 ], [ -115.1612127, 36.146425499800003 ], [ -115.1612127, 36.146379599799999 ], [ -115.1612154, 36.146379599799999 ], [ -115.1612154, 36.146344499800001 ], [ -115.1612181, 36.146344499800001 ], [ -115.1612181, 36.146312099799999 ], [ -115.1612208, 36.146312099799999 ], [ -115.1612208, 36.146231099799998 ], [ -115.1612181, 36.146231099799998 ], [ -115.1612181, 36.146225699799999 ], [ -115.1612208, 36.146225699799999 ], [ -115.1612208, 36.1462202998 ], [ -115.1612289, 36.1462202998 ], [ -115.1612289, 36.146217599800003 ], [ -115.1612883, 36.146217599800003 ], [ -115.1612883, 36.1462202998 ], [ -115.1613585, 36.1462202998 ], [ -115.1613585, 36.146222999800003 ], [ -115.1613774, 36.146222999800003 ], [ -115.1613774, 36.146225699799999 ], [ -115.1613855, 36.146225699799999 ], [ -115.1613855, 36.146228399800002 ], [ -115.1613882, 36.146228399800002 ], [ -115.1613882, 36.146231099799998 ], [ -115.1613909, 36.146231099799998 ], [ -115.1613909, 36.146233799800001 ], [ -115.1613936, 36.146233799800001 ], [ -115.1613936, 36.146241899800003 ], [ -115.1613963, 36.146241899800003 ], [ -115.1613963, 36.146260799799997 ], [ -115.1613936, 36.146260799799997 ], [ -115.1613936, 36.146290499800003 ], [ -115.1613909, 36.146290499800003 ], [ -115.1613909, 36.146295899800002 ], [ -115.1613882, 36.146295899800002 ], [ -115.1613882, 36.146298599799998 ], [ -115.161345, 36.146298599799998 ], [ -115.161345, 36.146301299800001 ], [ -115.1613396, 36.146301299800001 ], [ -115.1613396, 36.146312099799999 ], [ -115.1613369, 36.146312099799999 ], [ -115.1613369, 36.146428199799999 ], [ -115.1613396, 36.146428199799999 ], [ -115.1613396, 36.146430899800002 ], [ -115.1613423, 36.146430899800002 ], [ -115.1613423, 36.146433599799998 ], [ -115.1613504, 36.146433599799998 ], [ -115.1613504, 36.146436299800001 ], [ -115.1613558, 36.146436299800001 ], [ -115.1613558, 36.146438999799997 ], [ -115.1613639, 36.146438999799997 ], [ -115.1613639, 36.1464416998 ], [ -115.1613747, 36.1464416998 ], [ -115.1613747, 36.146444399799996 ], [ -115.1613828, 36.146444399799996 ], [ -115.1613828, 36.1464470998 ], [ -115.1613882, 36.1464470998 ], [ -115.1613882, 36.146449799800003 ], [ -115.1613909, 36.146449799800003 ], [ -115.1613909, 36.146452499799999 ], [ -115.1613963, 36.146452499799999 ], [ -115.1613963, 36.146455199800002 ], [ -115.161399, 36.146455199800002 ], [ -115.161399, 36.146457899799998 ], [ -115.1614017, 36.146457899799998 ], [ -115.1614017, 36.146460599800001 ], [ -115.1614044, 36.146460599800001 ], [ -115.1614044, 36.146463299799997 ], [ -115.1614098, 36.146463299799997 ], [ -115.1614098, 36.1464659998 ], [ -115.1614125, 36.1464659998 ], [ -115.1614125, 36.146468699799996 ], [ -115.1614179, 36.146468699799996 ], [ -115.1614179, 36.146471399799999 ], [ -115.1614206, 36.146471399799999 ], [ -115.1614206, 36.146474099800002 ], [ -115.161426, 36.146474099800002 ], [ -115.161426, 36.146476799799999 ], [ -115.1614341, 36.146476799799999 ], [ -115.1614341, 36.146479499800002 ], [ -115.1614368, 36.146479499800002 ], [ -115.1614368, 36.146482199799998 ], [ -115.1614422, 36.146482199799998 ], [ -115.1614422, 36.146484899800001 ], [ -115.1614476, 36.146484899800001 ], [ -115.1614476, 36.146487599799997 ], [ -115.1614584, 36.146487599799997 ], [ -115.1614584, 36.146484899800001 ], [ -115.1614638, 36.146484899800001 ], [ -115.1614638, 36.146482199799998 ], [ -115.1614692, 36.146482199799998 ], [ -115.1614692, 36.146479499800002 ], [ -115.1614746, 36.146479499800002 ], [ -115.1614746, 36.146476799799999 ], [ -115.16148, 36.146476799799999 ], [ -115.16148, 36.1464659998 ], [ -115.1614935, 36.1464659998 ], [ -115.1614935, 36.146463299799997 ], [ -115.1614989, 36.146463299799997 ], [ -115.1614989, 36.146457899799998 ], [ -115.1615016, 36.146457899799998 ], [ -115.1615016, 36.146428199799999 ], [ -115.1615043, 36.146428199799999 ], [ -115.1615043, 36.146420099799997 ], [ -115.161507, 36.146420099799997 ], [ -115.161507, 36.146414699799998 ], [ -115.1615097, 36.146414699799998 ], [ -115.1615097, 36.146411999800002 ], [ -115.1615124, 36.146411999800002 ], [ -115.1615124, 36.146406599800002 ], [ -115.1615151, 36.146406599800002 ], [ -115.1615151, 36.146401199799996 ], [ -115.1615178, 36.146401199799996 ], [ -115.1615178, 36.1463984998 ], [ -115.1615205, 36.1463984998 ], [ -115.1615205, 36.146395799799997 ], [ -115.1615232, 36.146395799799997 ], [ -115.1615232, 36.146390399799998 ], [ -115.1615259, 36.146390399799998 ], [ -115.1615259, 36.146387699800002 ], [ -115.1615286, 36.146387699800002 ], [ -115.1615286, 36.146384999799999 ], [ -115.1615313, 36.146384999799999 ], [ -115.1615313, 36.146366099799998 ], [ -115.1615286, 36.146366099799998 ], [ -115.1615286, 36.146363399800002 ], [ -115.1615259, 36.146363399800002 ], [ -115.1615259, 36.146352599799997 ], [ -115.1615232, 36.146352599799997 ], [ -115.1615232, 36.146347199799997 ], [ -115.1615205, 36.146347199799997 ], [ -115.1615205, 36.146341799799998 ], [ -115.1615232, 36.146341799799998 ], [ -115.1615232, 36.146339099800002 ], [ -115.1615205, 36.146339099800002 ], [ -115.1615205, 36.146336399799999 ], [ -115.1615151, 36.146336399799999 ], [ -115.1615151, 36.146333699800003 ], [ -115.16148, 36.146333699800003 ], [ -115.16148, 36.146328299799997 ], [ -115.1614341, 36.146328299799997 ], [ -115.1614341, 36.146325599800001 ], [ -115.1614314, 36.146325599800001 ], [ -115.1614314, 36.146320199800002 ], [ -115.1614287, 36.146320199800002 ], [ -115.1614287, 36.1462823998 ], [ -115.161426, 36.1462823998 ], [ -115.161426, 36.146274299799998 ], [ -115.1614233, 36.146274299799998 ], [ -115.1614233, 36.146236499799997 ], [ -115.161426, 36.146236499799997 ], [ -115.161426, 36.146233799800001 ], [ -115.1615151, 36.146233799800001 ], [ -115.1615151, 36.146236499799997 ], [ -115.1615286, 36.146236499799997 ], [ -115.1615286, 36.1462391998 ], [ -115.161534, 36.1462391998 ], [ -115.161534, 36.146241899800003 ], [ -115.1615394, 36.146241899800003 ], [ -115.1615394, 36.146244599799999 ], [ -115.1615448, 36.146244599799999 ], [ -115.1615448, 36.146247299800002 ], [ -115.1615529, 36.146247299800002 ], [ -115.1615529, 36.146249999799998 ], [ -115.161561, 36.146249999799998 ], [ -115.161561, 36.146252699800002 ], [ -115.1615691, 36.146252699800002 ], [ -115.1615691, 36.146255399799998 ], [ -115.1615745, 36.146255399799998 ], [ -115.1615745, 36.146258099800001 ], [ -115.1615826, 36.146258099800001 ], [ -115.1615826, 36.146260799799997 ], [ -115.1615934, 36.146260799799997 ], [ -115.1615934, 36.1462634998 ], [ -115.16160690000001, 36.1462634998 ], [ -115.16160690000001, 36.146266199800003 ], [ -115.1616123, 36.146266199800003 ], [ -115.1616123, 36.146268899799999 ], [ -115.1616204, 36.146268899799999 ], [ -115.1616204, 36.146271599800002 ], [ -115.1616258, 36.146271599800002 ], [ -115.1616258, 36.146274299799998 ], [ -115.1616285, 36.146274299799998 ], [ -115.1616285, 36.146276999800001 ], [ -115.1616339, 36.146276999800001 ], [ -115.1616339, 36.146279699799997 ], [ -115.1616366, 36.146279699799997 ], [ -115.1616366, 36.1462823998 ], [ -115.161642, 36.1462823998 ], [ -115.161642, 36.146285099799996 ], [ -115.1616501, 36.146285099799996 ], [ -115.1616501, 36.1462877998 ], [ -115.1616555, 36.1462877998 ], [ -115.1616555, 36.146290499800003 ], [ -115.1616609, 36.146290499800003 ], [ -115.1616609, 36.146293199799999 ], [ -115.1616663, 36.146293199799999 ], [ -115.1616663, 36.146295899800002 ], [ -115.161669, 36.146295899800002 ], [ -115.161669, 36.146298599799998 ], [ -115.16167440000001, 36.146298599799998 ], [ -115.16167440000001, 36.146301299800001 ], [ -115.1616771, 36.146301299800001 ], [ -115.1616771, 36.146303999799997 ], [ -115.1616825, 36.146303999799997 ], [ -115.1616825, 36.1463066998 ], [ -115.1616852, 36.1463066998 ], [ -115.1616852, 36.146309399799996 ], [ -115.1616906, 36.146309399799996 ], [ -115.1616906, 36.146312099799999 ], [ -115.1616933, 36.146312099799999 ], [ -115.1616933, 36.146314799800003 ], [ -115.1616987, 36.146314799800003 ], [ -115.1616987, 36.146317499799999 ], [ -115.1617014, 36.146317499799999 ], [ -115.1617014, 36.1463309998 ], [ -115.1616987, 36.1463309998 ], [ -115.1616987, 36.146333699800003 ], [ -115.161696, 36.146333699800003 ], [ -115.161696, 36.146336399799999 ], [ -115.1616933, 36.146336399799999 ], [ -115.1616933, 36.146339099800002 ], [ -115.1616906, 36.146339099800002 ], [ -115.1616906, 36.146344499800001 ], [ -115.1616879, 36.146344499800001 ], [ -115.1616879, 36.146347199799997 ], [ -115.1616852, 36.146347199799997 ], [ -115.1616852, 36.146349899800001 ], [ -115.1616825, 36.146349899800001 ], [ -115.1616825, 36.146352599799997 ], [ -115.1616798, 36.146352599799997 ], [ -115.1616798, 36.146357999800003 ], [ -115.1616771, 36.146357999800003 ], [ -115.1616771, 36.146360699799999 ], [ -115.16167440000001, 36.146360699799999 ], [ -115.16167440000001, 36.146366099799998 ], [ -115.1616717, 36.146366099799998 ], [ -115.1616717, 36.146368799800001 ], [ -115.161669, 36.146368799800001 ], [ -115.161669, 36.1463741998 ], [ -115.1616663, 36.1463741998 ], [ -115.1616663, 36.146376899799996 ], [ -115.1616636, 36.146376899799996 ], [ -115.1616636, 36.146382299800003 ], [ -115.1616609, 36.146382299800003 ], [ -115.1616609, 36.146384999799999 ], [ -115.1616582, 36.146384999799999 ], [ -115.1616582, 36.146390399799998 ], [ -115.1616555, 36.146390399799998 ], [ -115.1616555, 36.146393099800001 ], [ -115.1616528, 36.146393099800001 ], [ -115.1616528, 36.146395799799997 ], [ -115.1616501, 36.146395799799997 ], [ -115.1616501, 36.146401199799996 ], [ -115.1616474, 36.146401199799996 ], [ -115.1616474, 36.146403899799999 ], [ -115.1616447, 36.146403899799999 ], [ -115.1616447, 36.146409299799998 ], [ -115.161642, 36.146409299799998 ], [ -115.161642, 36.146414699799998 ], [ -115.1616393, 36.146414699799998 ], [ -115.1616393, 36.1464227998 ], [ -115.1616366, 36.1464227998 ], [ -115.1616366, 36.146430899800002 ], [ -115.1616339, 36.146430899800002 ], [ -115.1616339, 36.146436299800001 ], [ -115.1616312, 36.146436299800001 ], [ -115.1616312, 36.146438999799997 ], [ -115.1616258, 36.146438999799997 ], [ -115.1616258, 36.1464416998 ], [ -115.1616231, 36.1464416998 ], [ -115.1616231, 36.146444399799996 ], [ -115.1616204, 36.146444399799996 ], [ -115.1616204, 36.1464470998 ], [ -115.1616177, 36.1464470998 ], [ -115.1616177, 36.146449799800003 ], [ -115.161615, 36.146449799800003 ], [ -115.161615, 36.146452499799999 ], [ -115.1615988, 36.146452499799999 ], [ -115.1615988, 36.146455199800002 ], [ -115.1615934, 36.146455199800002 ], [ -115.1615934, 36.146457899799998 ], [ -115.1615907, 36.146457899799998 ], [ -115.1615907, 36.146460599800001 ], [ -115.161588, 36.146460599800001 ], [ -115.161588, 36.1464659998 ], [ -115.1615853, 36.1464659998 ], [ -115.1615853, 36.146498399800002 ], [ -115.1615826, 36.146498399800002 ], [ -115.1615826, 36.146503799800001 ], [ -115.1615799, 36.146503799800001 ], [ -115.1615799, 36.146506499799997 ], [ -115.1615772, 36.146506499799997 ], [ -115.1615772, 36.146509199800001 ], [ -115.1615745, 36.146509199800001 ], [ -115.1615745, 36.146511899799997 ], [ -115.1615718, 36.146511899799997 ], [ -115.1615718, 36.1465145998 ], [ -115.1615691, 36.1465145998 ], [ -115.1615691, 36.146517299799996 ], [ -115.1615664, 36.146517299799996 ], [ -115.1615664, 36.146522699800002 ], [ -115.1615637, 36.146522699800002 ], [ -115.1615637, 36.146528099800001 ], [ -115.161561, 36.146528099800001 ], [ -115.161561, 36.146530799799997 ], [ -115.1615583, 36.146530799799997 ], [ -115.1615583, 36.146536199799996 ], [ -115.1615556, 36.146536199799996 ], [ -115.1615556, 36.146538899799999 ], [ -115.1615529, 36.146538899799999 ], [ -115.1615529, 36.146544299799999 ], [ -115.1615502, 36.146544299799999 ], [ -115.1615502, 36.146549699799998 ], [ -115.1615475, 36.146549699799998 ], [ -115.1615475, 36.146552399800001 ], [ -115.1615448, 36.146552399800001 ], [ -115.1615448, 36.1465577998 ], [ -115.1615421, 36.1465577998 ], [ -115.1615421, 36.146563199799999 ], [ -115.1615394, 36.146563199799999 ], [ -115.1615394, 36.146565899800002 ], [ -115.1615367, 36.146565899800002 ], [ -115.1615367, 36.146571299800001 ], [ -115.1615313, 36.146571299800001 ], [ -115.1615313, 36.146573999799998 ] ] ] } },
{ "type": "Feature", "properties": { "value": 255.0 }, "geometry": { "type": "Polygon", "coordinates": [ [ [ -115.161183, 36.146498399800002 ], [ -115.1611236, 36.146498399800002 ], [ -115.1611236, 36.146495699799999 ], [ -115.1610966, 36.146495699799999 ], [ -115.1610966, 36.146498399800002 ], [ -115.1610669, 36.146498399800002 ], [ -115.1610669, 36.146495699799999 ], [ -115.161048, 36.146495699799999 ], [ -115.161048, 36.146492999799996 ], [ -115.1610453, 36.146492999799996 ], [ -115.1610453, 36.1464902998 ], [ -115.1610426, 36.1464902998 ], [ -115.1610426, 36.146484899800001 ], [ -115.1610399, 36.146484899800001 ], [ -115.1610399, 36.146433599799998 ], [ -115.1610426, 36.146433599799998 ], [ -115.1610426, 36.146428199799999 ], [ -115.1610453, 36.146428199799999 ], [ -115.1610453, 36.146425499800003 ], [ -115.161048, 36.146425499800003 ], [ -115.161048, 36.1464227998 ], [ -115.1610534, 36.1464227998 ], [ -115.1610534, 36.146420099799997 ], [ -115.1610615, 36.146420099799997 ], [ -115.1610615, 36.146417399800001 ], [ -115.1610669, 36.146417399800001 ], [ -115.1610669, 36.146414699799998 ], [ -115.1610696, 36.146414699799998 ], [ -115.1610696, 36.146411999800002 ], [ -115.1610723, 36.146411999800002 ], [ -115.1610723, 36.1463984998 ], [ -115.161075, 36.1463984998 ], [ -115.161075, 36.1463741998 ], [ -115.1610777, 36.1463741998 ], [ -115.1610777, 36.146352599799997 ], [ -115.1610804, 36.146352599799997 ], [ -115.1610804, 36.146317499799999 ], [ -115.1610777, 36.146317499799999 ], [ -115.1610777, 36.146312099799999 ], [ -115.1610804, 36.146312099799999 ], [ -115.1610804, 36.146303999799997 ], [ -115.1610777, 36.146303999799997 ], [ -115.1610777, 36.146295899800002 ], [ -115.161075, 36.146295899800002 ], [ -115.161075, 36.146293199799999 ], [ -115.1610723, 36.146293199799999 ], [ -115.1610723, 36.146290499800003 ], [ -115.1610561, 36.146290499800003 ], [ -115.1610561, 36.1462877998 ], [ -115.1610426, 36.1462877998 ], [ -115.1610426, 36.146285099799996 ], [ -115.1610345, 36.146285099799996 ], [ -115.1610345, 36.146279699799997 ], [ -115.1610318, 36.146279699799997 ], [ -115.1610318, 36.146255399799998 ], [ -115.1610291, 36.146255399799998 ], [ -115.1610291, 36.146241899800003 ], [ -115.1610264, 36.146241899800003 ], [ -115.1610264, 36.146217599800003 ], [ -115.1610291, 36.146217599800003 ], [ -115.1610291, 36.1462148998 ], [ -115.1610318, 36.1462148998 ], [ -115.1610318, 36.146212199799997 ], [ -115.1610399, 36.146212199799997 ], [ -115.1610399, 36.146209499800001 ], [ -115.1610669, 36.146209499800001 ], [ -115.1610669, 36.146212199799997 ], [ -115.1611506, 36.146212199799997 ], [ -115.1611506, 36.1462148998 ], [ -115.1611749, 36.1462148998 ], [ -115.1611749, 36.146217599800003 ], [ -115.1611911, 36.146217599800003 ], [ -115.1611911, 36.1462202998 ], [ -115.1611992, 36.1462202998 ], [ -115.1611992, 36.146222999800003 ], [ -115.1612019, 36.146222999800003 ], [ -115.1612019, 36.146225699799999 ], [ -115.1612046, 36.146225699799999 ], [ -115.1612046, 36.146244599799999 ], [ -115.1612019, 36.146244599799999 ], [ -115.1612019, 36.146271599800002 ], [ -115.1611992, 36.146271599800002 ], [ -115.1611992, 36.146295899800002 ], [ -115.1611965, 36.146295899800002 ], [ -115.1611965, 36.146333699800003 ], [ -115.1611938, 36.146333699800003 ], [ -115.1611938, 36.1463552998 ], [ -115.1611911, 36.1463552998 ], [ -115.1611911, 36.146409299799998 ], [ -115.1611884, 36.146409299799998 ], [ -115.1611884, 36.146449799800003 ], [ -115.1611857, 36.146449799800003 ], [ -115.1611857, 36.146492999799996 ], [ -115.161183, 36.146492999799996 ], [ -115.161183, 36.146498399800002 ] ] ] } },
{ "type": "Feature", "properties": { "value": 255.0 }, "geometry": { "type": "Polygon", "coordinates": [ [ [ -115.1609481, 36.1464902998 ], [ -115.1609157, 36.1464902998 ], [ -115.1609157, 36.146487599799997 ], [ -115.1609076, 36.146487599799997 ], [ -115.1609076, 36.146484899800001 ], [ -115.1608887, 36.146484899800001 ], [ -115.1608887, 36.146482199799998 ], [ -115.1608671, 36.146482199799998 ], [ -115.1608671, 36.146484899800001 ], [ -115.1608158, 36.146484899800001 ], [ -115.1608158, 36.146482199799998 ], [ -115.1608104, 36.146482199799998 ], [ -115.1608104, 36.146476799799999 ], [ -115.1608077, 36.146476799799999 ], [ -115.1608077, 36.146471399799999 ], [ -115.160805, 36.146471399799999 ], [ -115.160805, 36.1464659998 ], [ -115.1608023, 36.1464659998 ], [ -115.1608023, 36.146403899799999 ], [ -115.1607996, 36.146403899799999 ], [ -115.1607996, 36.146393099800001 ], [ -115.1608023, 36.146393099800001 ], [ -115.1608023, 36.146376899799996 ], [ -115.160805, 36.146376899799996 ], [ -115.160805, 36.146357999800003 ], [ -115.1608077, 36.146357999800003 ], [ -115.1608077, 36.146347199799997 ], [ -115.160805, 36.146347199799997 ], [ -115.160805, 36.146317499799999 ], [ -115.1608077, 36.146317499799999 ], [ -115.1608077, 36.146279699799997 ], [ -115.1608104, 36.146279699799997 ], [ -115.1608104, 36.146228399800002 ], [ -115.1608077, 36.146228399800002 ], [ -115.1608077, 36.146222999800003 ], [ -115.1608104, 36.146222999800003 ], [ -115.1608104, 36.1462202998 ], [ -115.1608158, 36.1462202998 ], [ -115.1608158, 36.146212199799997 ], [ -115.1608131, 36.146212199799997 ], [ -115.1608131, 36.146206799799998 ], [ -115.1608158, 36.146206799799998 ], [ -115.1608158, 36.146204099800002 ], [ -115.1608185, 36.146204099800002 ], [ -115.1608185, 36.146201399799999 ], [ -115.1609103, 36.146201399799999 ], [ -115.1609103, 36.146204099800002 ], [ -115.1609454, 36.146204099800002 ], [ -115.1609454, 36.146206799799998 ], [ -115.1609697, 36.146206799799998 ], [ -115.1609697, 36.146209499800001 ], [ -115.1609805, 36.146209499800001 ], [ -115.1609805, 36.146212199799997 ], [ -115.1609832, 36.146212199799997 ], [ -115.1609832, 36.1462148998 ], [ -115.1609859, 36.1462148998 ], [ -115.1609859, 36.146217599800003 ], [ -115.1609886, 36.146217599800003 ], [ -115.1609886, 36.146225699799999 ], [ -115.1609913, 36.146225699799999 ], [ -115.1609913, 36.146231099799998 ], [ -115.1609886, 36.146231099799998 ], [ -115.1609886, 36.146236499799997 ], [ -115.1609913, 36.146236499799997 ], [ -115.1609913, 36.146244599799999 ], [ -115.1609886, 36.146244599799999 ], [ -115.1609886, 36.146268899799999 ], [ -115.1609859, 36.146268899799999 ], [ -115.1609859, 36.146276999800001 ], [ -115.1609832, 36.146276999800001 ], [ -115.1609832, 36.146279699799997 ], [ -115.1609697, 36.146279699799997 ], [ -115.1609697, 36.146276999800001 ], [ -115.1609535, 36.146276999800001 ], [ -115.1609535, 36.146279699799997 ], [ -115.16094, 36.146279699799997 ], [ -115.16094, 36.1462823998 ], [ -115.1609373, 36.1462823998 ], [ -115.1609373, 36.146285099799996 ], [ -115.1609346, 36.146285099799996 ], [ -115.1609346, 36.146295899800002 ], [ -115.1609319, 36.146295899800002 ], [ -115.1609319, 36.146312099799999 ], [ -115.1609292, 36.146312099799999 ], [ -115.1609292, 36.146322899799998 ], [ -115.1609319, 36.146322899799998 ], [ -115.1609319, 36.146371499799997 ], [ -115.1609292, 36.146371499799997 ], [ -115.1609292, 36.146393099800001 ], [ -115.1609265, 36.146393099800001 ], [ -115.1609265, 36.146411999800002 ], [ -115.1609292, 36.146411999800002 ], [ -115.1609292, 36.146417399800001 ], [ -115.1609319, 36.146417399800001 ], [ -115.1609319, 36.146420099799997 ], [ -115.1609346, 36.146420099799997 ], [ -115.1609346, 36.1464227998 ], [ -115.1609481, 36.1464227998 ], [ -115.1609481, 36.146425499800003 ], [ -115.1609535, 36.146425499800003 ], [ -115.1609535, 36.146428199799999 ], [ -115.1609562, 36.146428199799999 ], [ -115.1609562, 36.146444399799996 ], [ -115.1609535, 36.146444399799996 ], [ -115.1609535, 36.146484899800001 ], [ -115.1609508, 36.146484899800001 ], [ -115.1609508, 36.146487599799997 ], [ -115.1609481, 36.146487599799997 ], [ -115.1609481, 36.1464902998 ] ] ] } },
{ "type": "Feature", "properties": { "value": 255.0 }, "geometry": { "type": "Polygon", "coordinates": [ [ [ -115.1605485, 36.146479499800002 ], [ -115.1605134, 36.146479499800002 ], [ -115.1605134, 36.146476799799999 ], [ -115.1605026, 36.146476799799999 ], [ -115.1605026, 36.146474099800002 ], [ -115.1604837, 36.146474099800002 ], [ -115.1604837, 36.146471399799999 ], [ -115.1604459, 36.146471399799999 ], [ -115.1604459, 36.146468699799996 ], [ -115.1604351, 36.146468699799996 ], [ -115.1604351, 36.146471399799999 ], [ -115.1604162, 36.146471399799999 ], [ -115.1604162, 36.146468699799996 ], [ -115.1604108, 36.146468699799996 ], [ -115.1604108, 36.146352599799997 ], [ -115.1604135, 36.146352599799997 ], [ -115.1604135, 36.1463309998 ], [ -115.1604162, 36.1463309998 ], [ -115.1604162, 36.146317499799999 ], [ -115.1604189, 36.146317499799999 ], [ -115.1604189, 36.1462634998 ], [ -115.1604216, 36.1462634998 ], [ -115.1604216, 36.146247299800002 ], [ -115.1604243, 36.146247299800002 ], [ -115.1604243, 36.1461959998 ], [ -115.160427, 36.1461959998 ], [ -115.160427, 36.146193299799997 ], [ -115.1604297, 36.146193299799997 ], [ -115.1604297, 36.146190599800001 ], [ -115.1604351, 36.146190599800001 ], [ -115.1604351, 36.146187899799997 ], [ -115.1605242, 36.146187899799997 ], [ -115.1605242, 36.146190599800001 ], [ -115.1605539, 36.146190599800001 ], [ -115.1605539, 36.146193299799997 ], [ -115.1605809, 36.146193299799997 ], [ -115.1605809, 36.1461959998 ], [ -115.1605863, 36.1461959998 ], [ -115.1605863, 36.146198699800003 ], [ -115.160589, 36.146198699800003 ], [ -115.160589, 36.146201399799999 ], [ -115.1605917, 36.146201399799999 ], [ -115.1605917, 36.1462202998 ], [ -115.1605944, 36.1462202998 ], [ -115.1605944, 36.146231099799998 ], [ -115.1605917, 36.146231099799998 ], [ -115.1605917, 36.146260799799997 ], [ -115.160589, 36.146260799799997 ], [ -115.160589, 36.1462634998 ], [ -115.1605809, 36.1462634998 ], [ -115.1605809, 36.146266199800003 ], [ -115.1605404, 36.146266199800003 ], [ -115.1605404, 36.146268899799999 ], [ -115.1605377, 36.146268899799999 ], [ -115.1605377, 36.146285099799996 ], [ -115.160535, 36.146285099799996 ], [ -115.160535, 36.146360699799999 ], [ -115.1605323, 36.146360699799999 ], [ -115.1605323, 36.146384999799999 ], [ -115.1605296, 36.146384999799999 ], [ -115.1605296, 36.146395799799997 ], [ -115.1605323, 36.146395799799997 ], [ -115.1605323, 36.146401199799996 ], [ -115.160535, 36.146401199799996 ], [ -115.160535, 36.146403899799999 ], [ -115.1605377, 36.146403899799999 ], [ -115.1605377, 36.146406599800002 ], [ -115.1605485, 36.146406599800002 ], [ -115.1605485, 36.146409299799998 ], [ -115.1605566, 36.146409299799998 ], [ -115.1605566, 36.146417399800001 ], [ -115.1605593, 36.146417399800001 ], [ -115.1605593, 36.1464227998 ], [ -115.1605566, 36.1464227998 ], [ -115.1605566, 36.146474099800002 ], [ -115.1605539, 36.146474099800002 ], [ -115.1605539, 36.146476799799999 ], [ -115.1605485, 36.146476799799999 ], [ -115.1605485, 36.146479499800002 ] ] ] } },
{ "type": "Feature", "properties": { "value": 255.0 }, "geometry": { "type": "Polygon", "coordinates": [ [ [ -115.1607726, 36.1464902998 ], [ -115.1607429, 36.1464902998 ], [ -115.1607429, 36.146487599799997 ], [ -115.1607294, 36.146487599799997 ], [ -115.1607294, 36.146484899800001 ], [ -115.1607132, 36.146484899800001 ], [ -115.1607132, 36.146482199799998 ], [ -115.1606862, 36.146482199799998 ], [ -115.1606862, 36.146484899800001 ], [ -115.1606673, 36.146484899800001 ], [ -115.1606673, 36.146482199799998 ], [ -115.1606646, 36.146482199799998 ], [ -115.1606646, 36.146484899800001 ], [ -115.1606592, 36.146484899800001 ], [ -115.1606592, 36.146482199799998 ], [ -115.1606349, 36.146482199799998 ], [ -115.1606349, 36.146476799799999 ], [ -115.1606322, 36.146476799799999 ], [ -115.1606322, 36.1464416998 ], [ -115.1606349, 36.1464416998 ], [ -115.1606349, 36.146411999800002 ], [ -115.1606376, 36.146411999800002 ], [ -115.1606376, 36.146409299799998 ], [ -115.1606484, 36.146409299799998 ], [ -115.1606484, 36.146406599800002 ], [ -115.1606565, 36.146406599800002 ], [ -115.1606565, 36.146403899799999 ], [ -115.1606592, 36.146403899799999 ], [ -115.1606592, 36.146401199799996 ], [ -115.1606619, 36.146401199799996 ], [ -115.1606619, 36.1463984998 ], [ -115.1606646, 36.1463984998 ], [ -115.1606646, 36.146395799799997 ], [ -115.1606673, 36.146395799799997 ], [ -115.1606673, 36.146390399799998 ], [ -115.16067, 36.146390399799998 ], [ -115.16067, 36.146382299800003 ], [ -115.1606727, 36.146382299800003 ], [ -115.1606727, 36.146376899799996 ], [ -115.16067, 36.146376899799996 ], [ -115.16067, 36.146341799799998 ], [ -115.1606727, 36.146341799799998 ], [ -115.1606727, 36.146293199799999 ], [ -115.16067, 36.146293199799999 ], [ -115.16067, 36.1462877998 ], [ -115.1606673, 36.1462877998 ], [ -115.1606673, 36.146279699799997 ], [ -115.1606646, 36.146279699799997 ], [ -115.1606646, 36.146276999800001 ], [ -115.1606619, 36.146276999800001 ], [ -115.1606619, 36.146274299799998 ], [ -115.1606511, 36.146274299799998 ], [ -115.1606511, 36.146271599800002 ], [ -115.1606457, 36.146271599800002 ], [ -115.1606457, 36.146268899799999 ], [ -115.1606322, 36.146268899799999 ], [ -115.1606322, 36.146266199800003 ], [ -115.1606295, 36.146266199800003 ], [ -115.1606295, 36.146260799799997 ], [ -115.1606268, 36.146260799799997 ], [ -115.1606268, 36.146198699800003 ], [ -115.1606295, 36.146198699800003 ], [ -115.1606295, 36.1461959998 ], [ -115.1606322, 36.1461959998 ], [ -115.1606322, 36.146193299799997 ], [ -115.1606862, 36.146193299799997 ], [ -115.1606862, 36.1461959998 ], [ -115.160751, 36.1461959998 ], [ -115.160751, 36.146198699800003 ], [ -115.160778, 36.146198699800003 ], [ -115.160778, 36.146201399799999 ], [ -115.1607915, 36.146201399799999 ], [ -115.1607915, 36.146204099800002 ], [ -115.1607969, 36.146204099800002 ], [ -115.1607969, 36.146206799799998 ], [ -115.1607996, 36.146206799799998 ], [ -115.1607996, 36.146212199799997 ], [ -115.1607969, 36.146212199799997 ], [ -115.1607969, 36.1462202998 ], [ -115.1607996, 36.1462202998 ], [ -115.1607996, 36.146222999800003 ], [ -115.1608023, 36.146222999800003 ], [ -115.1608023, 36.146244599799999 ], [ -115.1607996, 36.146244599799999 ], [ -115.1607996, 36.146266199800003 ], [ -115.1607969, 36.146266199800003 ], [ -115.1607969, 36.1463066998 ], [ -115.1607942, 36.1463066998 ], [ -115.1607942, 36.146322899799998 ], [ -115.1607915, 36.146322899799998 ], [ -115.1607915, 36.146352599799997 ], [ -115.1607888, 36.146352599799997 ], [ -115.1607888, 36.146403899799999 ], [ -115.1607861, 36.146403899799999 ], [ -115.1607861, 36.1464227998 ], [ -115.1607834, 36.1464227998 ], [ -115.1607834, 36.1464470998 ], [ -115.1607807, 36.1464470998 ], [ -115.1607807, 36.146482199799998 ], [ -115.160778, 36.146482199799998 ], [ -115.160778, 36.146487599799997 ], [ -115.1607726, 36.146487599799997 ], [ -115.1607726, 36.1464902998 ] ] ] } },
{ "type": "Feature", "properties": { "value": 255.0 }, "geometry": { "type": "Polygon", "coordinates": [ [ [ -115.160292, 36.146409299799998 ], [ -115.1602569, 36.146409299799998 ], [ -115.1602569, 36.146406599800002 ], [ -115.1601894, 36.146406599800002 ], [ -115.1601894, 36.146403899799999 ], [ -115.1601732, 36.146403899799999 ], [ -115.1601732, 36.146401199799996 ], [ -115.1601678, 36.146401199799996 ], [ -115.1601678, 36.146387699800002 ], [ -115.1601705, 36.146387699800002 ], [ -115.1601705, 36.146376899799996 ], [ -115.1601732, 36.146376899799996 ], [ -115.1601732, 36.146371499799997 ], [ -115.1601705, 36.146371499799997 ], [ -115.1601705, 36.146314799800003 ], [ -115.1601732, 36.146314799800003 ], [ -115.1601732, 36.1463066998 ], [ -115.1601759, 36.1463066998 ], [ -115.1601759, 36.146298599799998 ], [ -115.160157, 36.146298599799998 ], [ -115.160157, 36.146295899800002 ], [ -115.1601543, 36.146295899800002 ], [ -115.1601543, 36.146293199799999 ], [ -115.1601516, 36.146293199799999 ], [ -115.1601516, 36.1462877998 ], [ -115.1601489, 36.1462877998 ], [ -115.1601489, 36.146247299800002 ], [ -115.1601516, 36.146247299800002 ], [ -115.1601516, 36.1462202998 ], [ -115.1601543, 36.1462202998 ], [ -115.1601543, 36.146204099800002 ], [ -115.160157, 36.146204099800002 ], [ -115.160157, 36.146193299799997 ], [ -115.1601597, 36.146193299799997 ], [ -115.1601597, 36.146177099799999 ], [ -115.1601624, 36.146177099799999 ], [ -115.1601624, 36.146174399800003 ], [ -115.1601678, 36.146174399800003 ], [ -115.1601678, 36.1461716998 ], [ -115.1601894, 36.1461716998 ], [ -115.1601894, 36.146174399800003 ], [ -115.160238, 36.146174399800003 ], [ -115.160238, 36.146133899799999 ], [ -115.1602407, 36.146133899799999 ], [ -115.1602407, 36.146131199800003 ], [ -115.1602974, 36.146131199800003 ], [ -115.1602974, 36.146133899799999 ], [ -115.1603055, 36.146133899799999 ], [ -115.1603055, 36.146139299799998 ], [ -115.1603082, 36.146139299799998 ], [ -115.1603082, 36.1461716998 ], [ -115.1603055, 36.1461716998 ], [ -115.1603055, 36.146177099799999 ], [ -115.1603001, 36.146177099799999 ], [ -115.1603001, 36.146179799800002 ], [ -115.1602785, 36.146179799800002 ], [ -115.1602785, 36.146177099799999 ], [ -115.1602488, 36.146177099799999 ], [ -115.1602488, 36.146179799800002 ], [ -115.1602461, 36.146179799800002 ], [ -115.1602461, 36.146209499800001 ], [ -115.1602434, 36.146209499800001 ], [ -115.1602434, 36.146231099799998 ], [ -115.1602407, 36.146231099799998 ], [ -115.1602407, 36.146268899799999 ], [ -115.160238, 36.146268899799999 ], [ -115.160238, 36.1462877998 ], [ -115.1602353, 36.1462877998 ], [ -115.1602353, 36.146290499800003 ], [ -115.1602326, 36.146290499800003 ], [ -115.1602326, 36.146293199799999 ], [ -115.1602137, 36.146293199799999 ], [ -115.1602137, 36.146295899800002 ], [ -115.1601948, 36.146295899800002 ], [ -115.1601948, 36.146298599799998 ], [ -115.1601921, 36.146298599799998 ], [ -115.1601921, 36.146301299800001 ], [ -115.1601975, 36.146301299800001 ], [ -115.1601975, 36.146303999799997 ], [ -115.1602596, 36.146303999799997 ], [ -115.1602596, 36.1463066998 ], [ -115.1602866, 36.1463066998 ], [ -115.1602866, 36.146309399799996 ], [ -115.1602947, 36.146309399799996 ], [ -115.1602947, 36.146312099799999 ], [ -115.1602974, 36.146312099799999 ], [ -115.1602974, 36.146376899799996 ], [ -115.1602947, 36.146376899799996 ], [ -115.1602947, 36.146406599800002 ], [ -115.160292, 36.146406599800002 ], [ -115.160292, 36.146409299799998 ] ] ] } },
{ "type": "Feature", "properties": { "value": 255.0 }, "geometry": { "type": "Polygon", "coordinates": [ [ [ -115.1612127, 36.146063699800003 ], [ -115.1611965, 36.146063699800003 ], [ -115.1611965, 36.1460609998 ], [ -115.1611803, 36.1460609998 ], [ -115.1611803, 36.146063699800003 ], [ -115.1611614, 36.146063699800003 ], [ -115.1611614, 36.1460609998 ], [ -115.1611533, 36.1460609998 ], [ -115.1611533, 36.146058299800004 ], [ -115.1611479, 36.146058299800004 ], [ -115.1611479, 36.1460555998 ], [ -115.1611425, 36.1460555998 ], [ -115.1611425, 36.146052899799997 ], [ -115.1611371, 36.146052899799997 ], [ -115.1611371, 36.146047499799998 ], [ -115.1611344, 36.146047499799998 ], [ -115.1611344, 36.146042099799999 ], [ -115.1611317, 36.146042099799999 ], [ -115.1611317, 36.146033999800004 ], [ -115.161129, 36.146033999800004 ], [ -115.161129, 36.146015099800003 ], [ -115.1611263, 36.146015099800003 ], [ -115.1611263, 36.145958399800001 ], [ -115.1611236, 36.145958399800001 ], [ -115.1611236, 36.145942199800004 ], [ -115.1611263, 36.145942199800004 ], [ -115.1611263, 36.145923299800003 ], [ -115.161129, 36.145923299800003 ], [ -115.161129, 36.145890899800001 ], [ -115.1611263, 36.145890899800001 ], [ -115.1611263, 36.145882799799999 ], [ -115.1611236, 36.145882799799999 ], [ -115.1611236, 36.145869299799998 ], [ -115.1611209, 36.145869299799998 ], [ -115.1611209, 36.145858499799999 ], [ -115.1611182, 36.145858499799999 ], [ -115.1611182, 36.145855799800003 ], [ -115.1611128, 36.145855799800003 ], [ -115.1611128, 36.145847699800001 ], [ -115.1612262, 36.145847699800001 ], [ -115.1612262, 36.145898999800004 ], [ -115.1612235, 36.145898999800004 ], [ -115.1612235, 36.1459448998 ], [ -115.1612208, 36.1459448998 ], [ -115.1612208, 36.145990799800003 ], [ -115.1612181, 36.145990799800003 ], [ -115.1612181, 36.1460555998 ], [ -115.1612154, 36.1460555998 ], [ -115.1612154, 36.1460609998 ], [ -115.1612127, 36.1460609998 ], [ -115.1612127, 36.146063699800003 ] ] ] } },
{ "type": "Feature", "properties": { "value": 255.0 }, "geometry": { "type": "Polygon", "coordinates": [ [ [ -115.1605755, 36.146042099799999 ], [ -115.1604999, 36.146042099799999 ], [ -115.1604999, 36.146039399800003 ], [ -115.1604594, 36.146039399800003 ], [ -115.1604594, 36.1460366998 ], [ -115.1604513, 36.1460366998 ], [ -115.1604513, 36.146033999800004 ], [ -115.1604486, 36.146033999800004 ], [ -115.1604486, 36.146028599799997 ], [ -115.1604459, 36.146028599799997 ], [ -115.1604459, 36.1460123998 ], [ -115.1604486, 36.1460123998 ], [ -115.1604486, 36.1459880998 ], [ -115.1604513, 36.1459880998 ], [ -115.1604513, 36.145934099800002 ], [ -115.160454, 36.145934099800002 ], [ -115.160454, 36.145904399800003 ], [ -115.1604567, 36.145904399800003 ], [ -115.1604567, 36.145847699800001 ], [ -115.1605647, 36.145847699800001 ], [ -115.1605647, 36.145885499800002 ], [ -115.160562, 36.145885499800002 ], [ -115.160562, 36.1459448998 ], [ -115.1605647, 36.1459448998 ], [ -115.1605647, 36.145950299799999 ], [ -115.1605674, 36.145950299799999 ], [ -115.1605674, 36.145952999800002 ], [ -115.1605701, 36.145952999800002 ], [ -115.1605701, 36.145955699799998 ], [ -115.1605728, 36.145955699799998 ], [ -115.1605728, 36.145958399800001 ], [ -115.1605782, 36.145958399800001 ], [ -115.1605782, 36.145961099799997 ], [ -115.1605809, 36.145961099799997 ], [ -115.1605809, 36.146033999800004 ], [ -115.1605782, 36.146033999800004 ], [ -115.1605782, 36.146039399800003 ], [ -115.1605755, 36.146039399800003 ], [ -115.1605755, 36.146042099799999 ] ] ] } },
{ "type": "Feature", "properties": { "value": 255.0 }, "geometry": { "type": "Polygon", "coordinates": [ [ [ -115.1603865, 36.145936799799998 ], [ -115.160373, 36.145936799799998 ], [ -115.160373, 36.145934099800002 ], [ -115.1603028, 36.145934099800002 ], [ -115.1603028, 36.145931399799998 ], [ -115.1602974, 36.145931399799998 ], [ -115.1602974, 36.145925999799999 ], [ -115.1602947, 36.145925999799999 ], [ -115.1602947, 36.145923299800003 ], [ -115.1602974, 36.145923299800003 ], [ -115.1602974, 36.145904399800003 ], [ -115.1603001, 36.145904399800003 ], [ -115.1603001, 36.145890899800001 ], [ -115.1602974, 36.145890899800001 ], [ -115.1602974, 36.145885499800002 ], [ -115.1602947, 36.145885499800002 ], [ -115.1602947, 36.145880099800003 ], [ -115.160292, 36.145880099800003 ], [ -115.160292, 36.145847699800001 ], [ -115.1603973, 36.145847699800001 ], [ -115.1603973, 36.145885499800002 ], [ -115.1603946, 36.145885499800002 ], [ -115.1603946, 36.145931399799998 ], [ -115.1603919, 36.145931399799998 ], [ -115.1603919, 36.145934099800002 ], [ -115.1603865, 36.145934099800002 ], [ -115.1603865, 36.145936799799998 ] ] ] } },
{ "type": "Feature", "properties": { "value": 255.0 }, "geometry": { "type": "Polygon", "coordinates": [ [ [ -115.1616177, 36.1460798998 ], [ -115.1616123, 36.1460798998 ], [ -115.1616123, 36.146077199799997 ], [ -115.1615799, 36.146077199799997 ], [ -115.1615799, 36.146074499800001 ], [ -115.1615394, 36.146074499800001 ], [ -115.1615394, 36.146071799799998 ], [ -115.16148, 36.146071799799998 ], [ -115.16148, 36.146063699800003 ], [ -115.1614773, 36.146063699800003 ], [ -115.1614773, 36.1460555998 ], [ -115.1614746, 36.1460555998 ], [ -115.1614746, 36.146050199800001 ], [ -115.1614719, 36.146050199800001 ], [ -115.1614719, 36.146044799800002 ], [ -115.1614692, 36.146044799800002 ], [ -115.1614692, 36.146039399800003 ], [ -115.1614665, 36.146039399800003 ], [ -115.1614665, 36.1460366998 ], [ -115.1614638, 36.1460366998 ], [ -115.1614638, 36.1460123998 ], [ -115.1614665, 36.1460123998 ], [ -115.1614665, 36.146009699800004 ], [ -115.1614746, 36.146009699800004 ], [ -115.1614746, 36.146006999800001 ], [ -115.16148, 36.146006999800001 ], [ -115.16148, 36.145998899799999 ], [ -115.1614854, 36.145998899799999 ], [ -115.1614854, 36.145996199800003 ], [ -115.1614908, 36.145996199800003 ], [ -115.1614908, 36.145993499799999 ], [ -115.1614935, 36.145993499799999 ], [ -115.1614935, 36.145990799800003 ], [ -115.1614962, 36.145990799800003 ], [ -115.1614962, 36.145974599799999 ], [ -115.1614935, 36.145974599799999 ], [ -115.1614935, 36.1459691998 ], [ -115.1614908, 36.1459691998 ], [ -115.1614908, 36.145928699800002 ], [ -115.1614935, 36.145928699800002 ], [ -115.1614935, 36.145858499799999 ], [ -115.1614908, 36.145858499799999 ], [ -115.1614908, 36.145855799800003 ], [ -115.1614881, 36.145855799800003 ], [ -115.1614881, 36.145850399800004 ], [ -115.1614854, 36.145850399800004 ], [ -115.1614854, 36.145847699800001 ], [ -115.1616339, 36.145847699800001 ], [ -115.1616339, 36.145880099800003 ], [ -115.1616312, 36.145880099800003 ], [ -115.1616312, 36.145934099800002 ], [ -115.1616285, 36.145934099800002 ], [ -115.1616285, 36.145974599799999 ], [ -115.1616258, 36.145974599799999 ], [ -115.1616258, 36.1460123998 ], [ -115.1616231, 36.1460123998 ], [ -115.1616231, 36.146074499800001 ], [ -115.1616204, 36.146074499800001 ], [ -115.1616204, 36.146077199799997 ], [ -115.1616177, 36.146077199799997 ], [ -115.1616177, 36.1460798998 ] ] ] } },
{ "type": "Feature", "properties": { "value": 255.0 }, "geometry": { "type": "Polygon", "coordinates": [ [ [ -115.1607672, 36.146044799800002 ], [ -115.1606808, 36.146044799800002 ], [ -115.1606808, 36.146042099799999 ], [ -115.160643, 36.146042099799999 ], [ -115.160643, 36.146039399800003 ], [ -115.1606403, 36.146039399800003 ], [ -115.1606403, 36.146031299800001 ], [ -115.1606376, 36.146031299800001 ], [ -115.1606376, 36.145939499800001 ], [ -115.1606403, 36.145939499800001 ], [ -115.1606403, 36.145915199800001 ], [ -115.160643, 36.145915199800001 ], [ -115.160643, 36.145869299799998 ], [ -115.1606457, 36.145869299799998 ], [ -115.1606457, 36.145847699800001 ], [ -115.1607564, 36.145847699800001 ], [ -115.1607564, 36.145874699800004 ], [ -115.1607537, 36.145874699800004 ], [ -115.1607537, 36.145958399800001 ], [ -115.1607564, 36.145958399800001 ], [ -115.1607564, 36.145961099799997 ], [ -115.1607618, 36.145961099799997 ], [ -115.1607618, 36.145963799800001 ], [ -115.1607726, 36.145963799800001 ], [ -115.1607726, 36.145966499800004 ], [ -115.1607753, 36.145966499800004 ], [ -115.1607753, 36.146001599800002 ], [ -115.1607726, 36.146001599800002 ], [ -115.1607726, 36.146028599799997 ], [ -115.1607699, 36.146028599799997 ], [ -115.1607699, 36.146042099799999 ], [ -115.1607672, 36.146042099799999 ], [ -115.1607672, 36.146044799800002 ] ] ] } },
{ "type": "Feature", "properties": { "value": 255.0 }, "geometry": { "type": "Polygon", "coordinates": [ [ [ -115.1614152, 36.146069099800002 ], [ -115.1614044, 36.146069099800002 ], [ -115.1614044, 36.146066399799999 ], [ -115.1613909, 36.146066399799999 ], [ -115.1613909, 36.146063699800003 ], [ -115.1613504, 36.146063699800003 ], [ -115.1613504, 36.1460609998 ], [ -115.1613153, 36.1460609998 ], [ -115.1613153, 36.146063699800003 ], [ -115.1612991, 36.146063699800003 ], [ -115.1612991, 36.1460609998 ], [ -115.1612775, 36.1460609998 ], [ -115.1612775, 36.146063699800003 ], [ -115.1612505, 36.146063699800003 ], [ -115.1612505, 36.146058299800004 ], [ -115.1612478, 36.146058299800004 ], [ -115.1612478, 36.145977299800002 ], [ -115.1612505, 36.145977299800002 ], [ -115.1612505, 36.1458773998 ], [ -115.1612532, 36.1458773998 ], [ -115.1612532, 36.145855799800003 ], [ -115.1612559, 36.145855799800003 ], [ -115.1612559, 36.145847699800001 ], [ -115.1613774, 36.145847699800001 ], [ -115.1613774, 36.145850399800004 ], [ -115.1613801, 36.145850399800004 ], [ -115.1613801, 36.145855799800003 ], [ -115.1613828, 36.145855799800003 ], [ -115.1613828, 36.145863899799998 ], [ -115.1613855, 36.145863899799998 ], [ -115.1613855, 36.145871999800001 ], [ -115.1613828, 36.145871999800001 ], [ -115.1613828, 36.145882799799999 ], [ -115.1613801, 36.145882799799999 ], [ -115.1613801, 36.145888199799998 ], [ -115.1613774, 36.145888199799998 ], [ -115.1613774, 36.145890899800001 ], [ -115.1613747, 36.145890899800001 ], [ -115.1613747, 36.145915199800001 ], [ -115.1613774, 36.145915199800001 ], [ -115.1613774, 36.145923299800003 ], [ -115.1613801, 36.145923299800003 ], [ -115.1613801, 36.1459448998 ], [ -115.1613828, 36.1459448998 ], [ -115.1613828, 36.145971899800003 ], [ -115.1613855, 36.145971899800003 ], [ -115.1613855, 36.145979999799998 ], [ -115.1613882, 36.145979999799998 ], [ -115.1613882, 36.145982699800001 ], [ -115.1613909, 36.145982699800001 ], [ -115.1613909, 36.145985399799997 ], [ -115.1613936, 36.145985399799997 ], [ -115.1613936, 36.1459880998 ], [ -115.161399, 36.1459880998 ], [ -115.161399, 36.145990799800003 ], [ -115.1614071, 36.145990799800003 ], [ -115.1614071, 36.145993499799999 ], [ -115.1614125, 36.145993499799999 ], [ -115.1614125, 36.145996199800003 ], [ -115.1614179, 36.145996199800003 ], [ -115.1614179, 36.145998899799999 ], [ -115.161426, 36.145998899799999 ], [ -115.161426, 36.146001599800002 ], [ -115.1614341, 36.146001599800002 ], [ -115.1614341, 36.146004299799998 ], [ -115.1614368, 36.146004299799998 ], [ -115.1614368, 36.146009699800004 ], [ -115.1614395, 36.146009699800004 ], [ -115.1614395, 36.146017799799999 ], [ -115.1614368, 36.146017799799999 ], [ -115.1614368, 36.146025899800001 ], [ -115.1614341, 36.146025899800001 ], [ -115.1614341, 36.146031299800001 ], [ -115.1614314, 36.146031299800001 ], [ -115.1614314, 36.1460366998 ], [ -115.1614287, 36.1460366998 ], [ -115.1614287, 36.146039399800003 ], [ -115.161426, 36.146039399800003 ], [ -115.161426, 36.146042099799999 ], [ -115.1614233, 36.146042099799999 ], [ -115.1614233, 36.146047499799998 ], [ -115.1614206, 36.146047499799998 ], [ -115.1614206, 36.1460555998 ], [ -115.1614179, 36.1460555998 ], [ -115.1614179, 36.146066399799999 ], [ -115.1614152, 36.146066399799999 ], [ -115.1614152, 36.146069099800002 ] ] ] } },
{ "type": "Feature", "properties": { "value": 255.0 }, "geometry": { "type": "Polygon", "coordinates": [ [ [ -115.160157, 36.146001599800002 ], [ -115.1601489, 36.146001599800002 ], [ -115.1601489, 36.145998899799999 ], [ -115.1600976, 36.145998899799999 ], [ -115.1600976, 36.145847699800001 ], [ -115.1601732, 36.145847699800001 ], [ -115.1601732, 36.145871999800001 ], [ -115.1601705, 36.145871999800001 ], [ -115.1601705, 36.145874699800004 ], [ -115.1601678, 36.145874699800004 ], [ -115.1601678, 36.1458773998 ], [ -115.1601651, 36.1458773998 ], [ -115.1601651, 36.145880099800003 ], [ -115.1601597, 36.145880099800003 ], [ -115.1601597, 36.145882799799999 ], [ -115.160157, 36.145882799799999 ], [ -115.160157, 36.145890899800001 ], [ -115.1601543, 36.145890899800001 ], [ -115.1601543, 36.145912499799998 ], [ -115.160157, 36.145912499799998 ], [ -115.160157, 36.145917899800004 ], [ -115.1601597, 36.145917899800004 ], [ -115.1601597, 36.145923299800003 ], [ -115.1601624, 36.145923299800003 ], [ -115.1601624, 36.145928699800002 ], [ -115.1601651, 36.145928699800002 ], [ -115.1601651, 36.145958399800001 ], [ -115.1601624, 36.145958399800001 ], [ -115.1601624, 36.145993499799999 ], [ -115.1601597, 36.145993499799999 ], [ -115.1601597, 36.145998899799999 ], [ -115.160157, 36.145998899799999 ], [ -115.160157, 36.146001599800002 ] ] ] } },
{ "type": "Feature", "properties": { "value": 255.0 }, "geometry": { "type": "Polygon", "coordinates": [ [ [ -115.1610156, 36.146058299800004 ], [ -115.1609913, 36.146058299800004 ], [ -115.1609913, 36.1460555998 ], [ -115.1609697, 36.1460555998 ], [ -115.1609697, 36.146058299800004 ], [ -115.1609562, 36.146058299800004 ], [ -115.1609562, 36.1460555998 ], [ -115.1609049, 36.1460555998 ], [ -115.1609049, 36.146052899799997 ], [ -115.1608887, 36.146052899799997 ], [ -115.1608887, 36.146050199800001 ], [ -115.160886, 36.146050199800001 ], [ -115.160886, 36.1460366998 ], [ -115.1608833, 36.1460366998 ], [ -115.1608833, 36.146004299799998 ], [ -115.160886, 36.146004299799998 ], [ -115.160886, 36.145971899800003 ], [ -115.1608914, 36.145971899800003 ], [ -115.1608914, 36.1459691998 ], [ -115.1609022, 36.1459691998 ], [ -115.1609022, 36.145966499800004 ], [ -115.1609049, 36.145966499800004 ], [ -115.1609049, 36.145963799800001 ], [ -115.1609076, 36.145963799800001 ], [ -115.1609076, 36.145958399800001 ], [ -115.1609103, 36.145958399800001 ], [ -115.1609103, 36.145907099799999 ], [ -115.160913, 36.145907099799999 ], [ -115.160913, 36.145890899800001 ], [ -115.1609157, 36.145890899800001 ], [ -115.1609157, 36.1458773998 ], [ -115.1609184, 36.1458773998 ], [ -115.1609184, 36.145855799800003 ], [ -115.1609211, 36.145855799800003 ], [ -115.1609211, 36.145847699800001 ], [ -115.1610264, 36.145847699800001 ], [ -115.1610264, 36.145855799800003 ], [ -115.1610237, 36.145855799800003 ], [ -115.1610237, 36.145893599799997 ], [ -115.161021, 36.145893599799997 ], [ -115.161021, 36.145931399799998 ], [ -115.1610183, 36.145931399799998 ], [ -115.1610183, 36.145996199800003 ], [ -115.161021, 36.145996199800003 ], [ -115.161021, 36.146006999800001 ], [ -115.1610237, 36.146006999800001 ], [ -115.1610237, 36.146015099800003 ], [ -115.1610264, 36.146015099800003 ], [ -115.1610264, 36.146044799800002 ], [ -115.1610237, 36.146044799800002 ], [ -115.1610237, 36.146050199800001 ], [ -115.161021, 36.146050199800001 ], [ -115.161021, 36.146052899799997 ], [ -115.1610183, 36.146052899799997 ], [ -115.1610183, 36.1460555998 ], [ -115.1610156, 36.1460555998 ], [ -115.1610156, 36.146058299800004 ] ] ] } },
{ "type": "Feature", "properties": { "value": 255.0 }, "geometry": { "type": "Polygon", "coordinates": [ [ [ -115.1617797, 36.1461041998 ], [ -115.1617662, 36.1461041998 ], [ -115.1617662, 36.146101499799997 ], [ -115.1616663, 36.146101499799997 ], [ -115.1616663, 36.146098799800001 ], [ -115.1616636, 36.146098799800001 ], [ -115.1616636, 36.146093399800002 ], [ -115.1616609, 36.146093399800002 ], [ -115.1616609, 36.146066399799999 ], [ -115.1616636, 36.146066399799999 ], [ -115.1616636, 36.145971899800003 ], [ -115.1616663, 36.145971899800003 ], [ -115.1616663, 36.145915199800001 ], [ -115.161669, 36.145915199800001 ], [ -115.161669, 36.145880099800003 ], [ -115.1616717, 36.145880099800003 ], [ -115.1616717, 36.145847699800001 ], [ -115.1617986, 36.145847699800001 ], [ -115.1617986, 36.1458530998 ], [ -115.1617959, 36.1458530998 ], [ -115.1617959, 36.145898999800004 ], [ -115.1617932, 36.145898999800004 ], [ -115.1617932, 36.145952999800002 ], [ -115.1617905, 36.145952999800002 ], [ -115.1617905, 36.145990799800003 ], [ -115.1617878, 36.145990799800003 ], [ -115.1617878, 36.146039399800003 ], [ -115.1617851, 36.146039399800003 ], [ -115.1617851, 36.146098799800001 ], [ -115.1617824, 36.146098799800001 ], [ -115.1617824, 36.146101499799997 ], [ -115.1617797, 36.146101499799997 ], [ -115.1617797, 36.1461041998 ] ] ] } }
]
}
